SYMBOL, SERIES, DATE1, PREV_CLOSE, OPEN_PRICE, HIGH_PRICE, LOW_PRICE, LAST_PRICE, CLOSE_PRICE, AVG_PRICE, TTL_TRD_QNTY, TURNOVER_LACS, NO_OF_TRADES, DELIV_QTY, DELIV_PER
1018GS2026, GS, 14-Dec-2020,90.01,94.51,94.51,94.51,94.51,94.51,94.51,15,0.01,1, 15, 100.00
20MICRONS, EQ, 14-Dec-2020,35.95,37.25,37.75,35.75,35.8,35.95,36.83,256198,94.36,1616, 165908, 64.76
21STCENMGM, EQ, 14-Dec-2020,10.45,10.65,10.65,10.25,10.3,10.5,10.43,2649,0.28,32, 1636, 61.76
396GS2022, GS, 14-Dec-2020,95.04,90.32,90.32,90.32,90.32,90.32,90.32,1,0.0,1, 1, 100.00
3IINFOTECH, EQ, 14-Dec-2020,4.7,4.9,4.9,4.9,4.9,4.9,4.9,571949,28.03,426, 571949, 100.00
3MINDIA, EQ, 14-Dec-2020,22621.9,22634.0,23000.0,22350.0,22950.0,22874.75,22603.99,3237,731.69,1958, 1678, 51.84
3PLAND, EQ, 14-Dec-2020,12.35,12.95,12.95,12.95,12.95,12.95,12.95,12050,1.56,49, 10889, 90.37
5PAISA, EQ, 14-Dec-2020,328.85,329.05,334.95,324.7,324.7,325.2,328.26,13898,45.62,491, 7838, 56.40
63MOONS, BE, 14-Dec-2020,82.9,82.9,84.45,81.05,82.0,81.85,81.98,23035,18.88,348, -, -
716GS2050, GS, 14-Dec-2020,110.98,110.9,110.9,110.0,110.0,110.0,110.09,248,0.27,9, 248, 100.00
74GS2035, GS, 14-Dec-2020,105.0,106.0,106.0,106.0,106.0,106.0,106.0,100,0.11,1, 100, 100.00
772GS2049, GS, 14-Dec-2020,114.5,114.5,114.5,114.5,114.5,114.5,114.5,200,0.23,1, 200, 100.00
772GS2055, GS, 14-Dec-2020,116.68,116.9,116.9,116.0,116.0,116.12,116.13,2863,3.32,13, 2863, 100.00
8KMILES, BE, 14-Dec-2020,75.1,75.8,77.5,72.1,75.7,74.65,74.56,30581,22.8,442, -, -
A2ZINFRA, EQ, 14-Dec-2020,4.75,4.85,4.85,4.65,4.65,4.7,4.73,366979,17.36,484, 296130, 80.69
AAATECH, SM, 14-Dec-2020,43.5,42.55,42.55,42.55,42.55,42.55,42.55,6000,2.55,2, 3000, 50.00
AAKASH, EQ, 14-Dec-2020,57.7,58.85,58.95,57.5,58.0,58.7,58.41,69014,40.31,779, 26705, 38.70
AARON, EQ, 14-Dec-2020,49.75,51.0,52.2,47.45,51.0,51.0,51.04,12218,6.24,143, 9981, 81.69
AARTIDRUGS, EQ, 14-Dec-2020,787.45,787.45,798.7,776.6,781.8,780.0,785.22,396516,3113.51,20977, 202221, 51.00
AARTIIND, EQ, 14-Dec-2020,1219.75,1218.0,1248.0,1215.05,1223.05,1226.45,1230.25,296041,3642.04,14310, 195912, 66.18
AARTISURF, EQ, 14-Dec-2020,1014.75,1065.45,1065.45,1065.45,1065.45,1065.45,1065.45,4298,45.79,246, 4298, 100.00
AARVEEDEN, EQ, 14-Dec-2020,13.75,14.15,16.5,14.0,16.5,16.5,16.14,134048,21.63,459, 95039, 70.90
AARVI, EQ, 14-Dec-2020,40.0,41.0,43.0,39.0,41.0,41.75,40.71,37438,15.24,68, 26620, 71.10
AAVAS, EQ, 14-Dec-2020,1665.75,1665.75,1725.0,1654.2,1660.05,1668.85,1692.55,74583,1262.36,12634, 32297, 43.30
ABAN, BE, 14-Dec-2020,30.5,30.4,30.85,29.0,30.05,30.25,29.77,140402,41.8,739, -, -
ABB, EQ, 14-Dec-2020,1176.2,1180.0,1180.0,1155.0,1157.9,1161.4,1167.16,119428,1393.92,7643, 79111, 66.24
ABBOTINDIA, EQ, 14-Dec-2020,16087.55,16250.0,16699.9,16201.0,16500.0,16504.9,16494.34,44723,7376.76,11209, 19088, 42.68
ABCAPITAL, EQ, 14-Dec-2020,93.4,93.5,94.35,91.5,91.9,91.85,92.26,1995363,1840.91,9895, 688313, 34.50
ABFRL, EQ, 14-Dec-2020,159.25,159.55,160.7,159.05,160.3,159.95,159.92,815567,1304.29,7345, 448200, 54.96
ABFRLPP, E1, 14-Dec-2020,99.9,100.5,101.8,99.7,100.0,100.0,100.23,15870,15.91,187, 13650, 86.01
ABMINTLTD, BE, 14-Dec-2020,24.7,24.7,25.9,24.0,24.0,24.0,24.71,467,0.12,15, -, -
ABSLBANETF, EQ, 14-Dec-2020,303.26,304.41,307.09,303.04,304.7,304.7,306.51,124,0.38,6, 101, 81.45
ABSLNN50ET, EQ, 14-Dec-2020,300.0,310.0,315.0,305.2,313.0,313.0,309.82,62,0.19,24, 45, 72.58
ACC, EQ, 14-Dec-2020,1608.75,1619.85,1630.0,1610.0,1618.0,1615.05,1618.47,980845,15874.66,33814, 167303, 17.06
ACCELYA, EQ, 14-Dec-2020,971.3,971.3,998.9,954.95,980.0,991.95,987.28,8533,84.24,828, 5822, 68.23
ACCURACY, EQ, 14-Dec-2020,31.25,32.8,32.8,32.8,32.8,32.8,32.8,250,0.08,1, 250, 100.00
ACE, EQ, 14-Dec-2020,121.7,121.7,132.0,118.5,130.45,130.45,127.03,1541000,1957.48,17538, 667705, 43.33
ADANIENT, EQ, 14-Dec-2020,449.8,451.0,462.0,447.0,454.45,455.15,454.65,3762369,17105.69,40441, 434749, 11.56
ADANIGAS, EQ, 14-Dec-2020,358.7,360.0,362.3,354.5,358.5,358.95,358.58,1274108,4568.65,13846, 660731, 51.86
ADANIGREEN, EQ, 14-Dec-2020,1041.5,1019.0,1028.1,995.1,1009.0,1010.8,1011.41,921358,9318.73,39961, 558310, 60.60
ADANIPORTS, EQ, 14-Dec-2020,466.3,468.6,472.45,463.1,466.9,467.0,467.52,5943652,27787.76,69266, 1048729, 17.64
ADANIPOWER, EQ, 14-Dec-2020,44.45,44.95,46.65,44.5,46.65,46.65,45.64,20526342,9368.41,41940, 9064166, 44.16
ADANITRANS, EQ, 14-Dec-2020,425.05,426.5,432.8,418.7,424.0,425.25,426.22,281810,1201.14,8307, 110909, 39.36
ADFFOODS, EQ, 14-Dec-2020,566.35,566.35,578.95,566.35,567.95,568.0,569.88,37205,212.03,1634, 17181, 46.18
ADHUNIKIND, EQ, 14-Dec-2020,28.45,27.4,28.5,25.65,26.05,26.05,26.25,313212,82.22,1580, 194666, 62.15
ADL, BE, 14-Dec-2020,27.15,28.5,28.5,28.0,28.5,28.5,28.38,4668,1.32,54, -, -
ADORWELD, EQ, 14-Dec-2020,261.9,262.75,284.0,258.7,280.15,281.0,275.47,250194,689.21,5739, 112101, 44.81
ADROITINFO, BE, 14-Dec-2020,8.0,8.0,8.0,7.6,7.6,7.6,7.62,2509,0.19,26, -, -
ADSL, EQ, 14-Dec-2020,28.85,30.0,30.0,28.75,29.1,29.35,29.34,119297,35.0,783, 62353, 52.27
ADVANIHOTR, BE, 14-Dec-2020,56.5,56.65,56.65,53.7,54.4,54.65,54.35,18286,9.94,183, -, -
ADVENZYMES, EQ, 14-Dec-2020,337.7,340.55,345.0,338.25,339.95,340.35,341.41,140088,478.28,5923, 49403, 35.27
AEGISCHEM, EQ, 14-Dec-2020,250.05,250.45,254.4,247.0,248.15,248.55,250.48,188706,472.67,6498, 97103, 51.46
AFFLE, EQ, 14-Dec-2020,3659.1,3694.0,3710.95,3476.15,3680.0,3693.9,3651.1,90377,3299.75,9842, 65010, 71.93
AGARIND, EQ, 14-Dec-2020,98.8,99.0,101.5,99.0,99.5,99.8,100.59,16130,16.22,299, 11579, 71.79
AGCNET, BE, 14-Dec-2020,611.15,607.0,621.0,607.0,618.0,615.85,616.58,7340,45.26,128, -, -
AGRITECH, EQ, 14-Dec-2020,41.05,39.25,41.45,39.25,40.05,40.35,40.61,13356,5.42,252, 7503, 56.18
AGROPHOS, EQ, 14-Dec-2020,17.3,18.0,18.15,17.8,18.15,18.15,18.12,251274,45.52,754, 211109, 84.02
AHLADA, SM, 14-Dec-2020,82.65,86.6,86.75,86.6,86.75,86.75,86.73,8000,6.94,7, 8000, 100.00
AHLEAST, EQ, 14-Dec-2020,156.9,156.95,160.8,156.1,159.75,158.9,158.39,1420,2.25,112, 875, 61.62
AHLUCONT, EQ, 14-Dec-2020,257.65,262.85,267.0,252.4,262.65,262.05,260.79,14388,37.52,615, 9688, 67.33
AHLWEST, EQ, 14-Dec-2020,281.85,290.0,290.0,271.2,281.95,279.4,282.46,2765,7.81,303, 1341, 48.50
AIAENG, EQ, 14-Dec-2020,1978.3,1990.0,2007.0,1929.9,1945.0,1945.95,1943.41,136481,2652.39,3482, 124822, 91.46
AIRAN, EQ, 14-Dec-2020,17.85,18.7,18.7,17.0,17.8,17.65,17.58,88413,15.54,478, 56004, 63.34
AISL, SM, 14-Dec-2020,21.15,20.15,20.15,20.15,20.15,20.15,20.15,4800,0.97,2, 4800, 100.00
AJANTPHARM, EQ, 14-Dec-2020,1682.65,1699.9,1705.0,1670.0,1670.0,1680.85,1685.96,51944,875.75,4540, 20617, 39.69
AJMERA, EQ, 14-Dec-2020,139.45,137.45,142.7,132.2,133.3,133.45,136.08,707230,962.41,12543, 189200, 26.75
AKASH, EQ, 14-Dec-2020,248.05,250.6,250.6,241.25,249.0,249.95,249.65,23408,58.44,238, 21268, 90.86
AKG, SM, 14-Dec-2020,51.7,54.4,54.4,54.4,54.4,54.4,54.4,6400,3.48,1, 6400, 100.00
AKSHARCHEM, EQ, 14-Dec-2020,236.45,238.0,249.3,236.0,245.15,246.95,245.62,89991,221.04,3917, 52985, 58.88
AKSHOPTFBR, EQ, 14-Dec-2020,8.2,8.3,8.55,7.9,8.15,8.15,8.2,553842,45.42,1055, 337669, 60.97
AKZOINDIA, EQ, 14-Dec-2020,2206.8,2240.0,2240.0,2211.15,2223.0,2223.9,2223.65,5044,112.16,1076, 2798, 55.47
ALANKIT, EQ, 14-Dec-2020,17.3,17.4,17.4,17.0,17.05,17.1,17.18,55854,9.59,336, 45335, 81.17
ALBERTDAVD, EQ, 14-Dec-2020,451.1,454.9,470.25,451.0,459.0,457.35,460.52,25891,119.23,1480, 9452, 36.51
ALCHEM, EQ, 14-Dec-2020,9.5,10.45,10.45,10.45,10.45,10.45,10.45,64386,6.73,153, 64386, 100.00
ALEMBICLTD, EQ, 14-Dec-2020,100.05,100.85,104.3,100.5,102.7,102.6,103.14,472561,487.41,4953, 210369, 44.52
ALICON, EQ, 14-Dec-2020,347.7,351.45,354.85,342.55,343.0,343.65,345.74,3026,10.46,311, 1685, 55.68
ALKALI, EQ, 14-Dec-2020,50.45,50.7,51.45,48.75,49.4,49.3,49.88,39961,19.93,403, 26937, 67.41
ALKEM, EQ, 14-Dec-2020,2896.15,2897.0,2940.0,2896.25,2936.0,2929.25,2923.6,75247,2199.92,8749, 37431, 49.74
ALKYLAMINE, EQ, 14-Dec-2020,3872.75,3880.0,3969.75,3839.65,3864.9,3867.2,3892.9,24455,952.01,5444, 11416, 46.68
ALLCARGO, EQ, 14-Dec-2020,140.9,141.85,142.85,136.55,137.9,137.9,139.17,789702,1099.03,10329, 337367, 42.72
ALLSEC, EQ, 14-Dec-2020,252.2,259.95,269.9,247.2,269.85,267.65,263.42,27354,72.06,832, 18550, 67.81
ALMONDZ, EQ, 14-Dec-2020,17.0,17.7,17.7,16.65,17.5,17.45,17.12,13070,2.24,94, 9414, 72.03
ALOKINDS, EQ, 14-Dec-2020,24.0,24.3,24.3,23.05,23.55,23.6,23.74,7332296,1741.01,14226, 4210997, 57.43
ALPA, BE, 14-Dec-2020,37.15,38.2,38.2,36.5,37.5,37.3,37.27,23492,8.76,139, -, -
ALPHAGEO, BE, 14-Dec-2020,210.9,214.4,214.4,205.15,210.9,209.45,208.56,14733,30.73,347, -, -
AMARAJABAT, EQ, 14-Dec-2020,933.7,935.0,939.75,925.0,931.35,935.6,931.74,745919,6950.02,23184, 168922, 22.65
AMBER, EQ, 14-Dec-2020,2308.8,2337.95,2350.0,2301.35,2323.25,2324.3,2324.52,107050,2488.4,13464, 35800, 33.44
AMBIKCO, EQ, 14-Dec-2020,823.45,825.0,873.0,825.0,860.0,859.8,851.79,52212,444.74,3748, 26084, 49.96
AMBUJACEM, EQ, 14-Dec-2020,245.8,247.0,249.0,245.05,246.5,246.45,246.61,4162472,10265.01,38790, 1485237, 35.68
AMDIND, EQ, 14-Dec-2020,17.15,17.3,17.9,17.0,17.1,17.25,17.36,10496,1.82,148, 6494, 61.87
AMJLAND, EQ, 14-Dec-2020,25.9,26.65,27.4,25.55,27.15,26.95,26.65,160786,42.86,855, 95075, 59.13
AMRUTANJAN, EQ, 14-Dec-2020,500.7,501.9,508.8,498.0,499.0,499.65,502.17,37639,189.01,2182, 20081, 53.35
ANANTRAJ, EQ, 14-Dec-2020,25.85,26.1,26.4,25.45,25.9,25.95,25.87,464932,120.28,3038, 331406, 71.28
ANDHRACEMT, EQ, 14-Dec-2020,6.1,6.4,6.4,6.4,6.4,6.4,6.4,157598,10.09,227, 157598, 100.00
ANDHRAPAP, EQ, 14-Dec-2020,208.6,211.9,214.9,207.3,214.4,212.9,210.83,43672,92.07,983, 33480, 76.66
ANDHRSUGAR, EQ, 14-Dec-2020,312.1,314.5,321.0,312.15,320.0,319.25,317.61,79525,252.58,2189, 51487, 64.74
ANGELBRKG, EQ, 14-Dec-2020,354.95,362.85,363.9,354.5,356.1,356.05,356.94,164219,586.16,6119, 75256, 45.83
ANIKINDS, EQ, 14-Dec-2020,18.5,19.55,20.35,19.0,20.35,20.35,20.17,139221,28.09,423, 114113, 81.97
ANKITMETAL, EQ, 14-Dec-2020,1.2,1.25,1.25,1.25,1.25,1.25,1.25,56697,0.71,20, 56697, 100.00
ANSALAPI, EQ, 14-Dec-2020,6.45,6.65,6.75,6.2,6.75,6.75,6.72,105676,7.1,147, 87841, 83.12
ANSALHSG, EQ, 14-Dec-2020,5.45,5.6,5.7,5.4,5.7,5.7,5.68,38829,2.2,71, 36571, 94.18
ANUP, EQ, 14-Dec-2020,792.2,795.0,839.2,753.55,818.05,824.0,801.73,94187,755.12,6800, 46199, 49.05
APARINDS, EQ, 14-Dec-2020,389.7,391.65,396.45,375.05,382.0,381.65,388.9,24013,93.39,1454, 12436, 51.79
APCL, EQ, 14-Dec-2020,209.05,209.0,211.45,205.75,208.15,209.1,207.96,41883,87.1,913, 20694, 49.41
APCOTEXIND, EQ, 14-Dec-2020,170.15,170.3,171.5,164.4,165.95,165.9,167.16,112367,187.83,1942, 76816, 68.36
APEX, EQ, 14-Dec-2020,309.2,315.0,327.85,314.1,323.0,322.0,322.44,933345,3009.5,18087, 310891, 33.31
APLAPOLLO, EQ, 14-Dec-2020,3674.3,3718.45,3845.0,3670.0,3840.0,3814.8,3751.68,68474,2568.92,9328, 39078, 57.07
APLLTD, EQ, 14-Dec-2020,1085.75,1096.0,1097.0,1061.25,1087.0,1087.45,1081.02,258038,2789.43,11364, 135977, 52.70
APOLLO, EQ, 14-Dec-2020,126.15,129.0,129.0,125.25,125.6,125.85,126.24,60209,76.01,1464, 34316, 56.99
APOLLOHOSP, EQ, 14-Dec-2020,2359.9,2375.8,2390.35,2347.0,2358.05,2356.8,2365.42,800654,18938.85,27170, 204354, 25.52
APOLLOPIPE, EQ, 14-Dec-2020,650.6,663.7,669.0,650.0,660.4,660.0,657.19,9901,65.07,800, 6425, 64.89
APOLLOTYRE, EQ, 14-Dec-2020,193.0,193.0,194.35,187.45,189.2,188.4,191.31,8127617,15549.1,37045, 2479551, 30.51
APOLSINHOT, EQ, 14-Dec-2020,575.95,591.0,599.6,560.0,570.0,562.6,566.17,6372,36.08,401, 4330, 67.95
APTECHT, EQ, 14-Dec-2020,131.95,133.4,133.4,129.5,129.55,130.1,131.2,343992,451.31,4204, 180932, 52.60
ARCHIDPLY, EQ, 14-Dec-2020,29.7,30.65,32.5,29.7,30.95,30.8,31.25,253782,79.31,1688, 143894, 56.70
ARCHIES, EQ, 14-Dec-2020,14.3,14.3,14.75,14.1,14.35,14.35,14.37,63279,9.09,246, 46128, 72.90
ARCOTECH, EQ, 14-Dec-2020,2.8,2.9,2.9,2.9,2.9,2.9,2.9,13808,0.4,31, 13808, 100.00
ARENTERP, EQ, 14-Dec-2020,10.9,11.3,11.35,10.55,11.25,10.65,11.01,2052,0.23,30, 1170, 57.02
ARIES, EQ, 14-Dec-2020,105.75,106.55,109.0,104.85,105.95,105.95,107.02,134085,143.5,3213, 42807, 31.93
ARIHANT, EQ, 14-Dec-2020,18.95,19.95,20.8,19.05,19.85,20.05,20.02,8749,1.75,100, 5635, 64.41
ARIHANTSUP, EQ, 14-Dec-2020,31.35,32.15,34.45,30.2,34.45,34.45,33.89,51124,17.33,405, 35436, 69.31
ARMANFIN, EQ, 14-Dec-2020,661.4,669.95,793.65,665.2,775.0,771.75,739.89,79373,587.28,5167, 38778, 48.86
AROGRANITE, EQ, 14-Dec-2020,39.2,39.5,39.95,39.45,39.7,39.65,39.73,24183,9.61,214, 18924, 78.25
ARROWGREEN, EQ, 14-Dec-2020,53.35,53.35,56.6,51.45,56.6,54.8,53.65,8984,4.82,359, 5374, 59.82
ARSHIYA, EQ, 14-Dec-2020,16.85,17.0,17.65,16.65,17.45,17.4,17.13,19024,3.26,208, 18127, 95.28
ARSSINFRA, EQ, 14-Dec-2020,19.05,19.65,20.0,19.05,19.65,19.75,19.79,44172,8.74,197, 39385, 89.16
ARTEMISMED, EQ, 14-Dec-2020,229.0,242.7,243.95,216.2,221.95,219.9,224.52,4637,10.41,233, 2320, 50.03
ARVIND, EQ, 14-Dec-2020,44.15,44.25,46.2,43.7,45.7,45.65,45.15,2286249,1032.32,8944, 792156, 34.65
ARVINDFASN, EQ, 14-Dec-2020,157.65,159.0,159.75,152.65,154.0,154.15,154.71,321778,497.81,4813, 164701, 51.18
ARVSMART, EQ, 14-Dec-2020,105.6,105.5,118.0,102.3,115.0,115.65,111.54,1534340,1711.43,15086, 615958, 40.14
ASAHIINDIA, EQ, 14-Dec-2020,267.1,270.95,275.85,264.5,272.5,272.85,270.55,48399,130.94,1608, 25022, 51.70
ASAHISONG, EQ, 14-Dec-2020,235.75,241.0,246.6,235.0,244.3,243.75,241.62,89613,216.52,1812, 41792, 46.64
ASAL, EQ, 14-Dec-2020,27.2,28.35,28.35,26.7,27.75,27.25,27.2,2789,0.76,60, 1933, 69.31
ASALCBR, EQ, 14-Dec-2020,293.55,300.0,302.4,293.1,293.1,294.7,296.48,33831,100.3,1512, 16467, 48.67
ASHAPURMIN, EQ, 14-Dec-2020,79.4,80.0,83.35,78.95,83.35,83.35,82.3,219054,180.29,1081, 153930, 70.27
ASHIANA, EQ, 14-Dec-2020,103.5,104.0,107.95,102.25,104.9,104.95,104.57,102376,107.05,1468, 54189, 52.93
ASHIMASYN, BE, 14-Dec-2020,13.5,14.15,14.15,14.1,14.15,14.15,14.15,82817,11.72,60, -, -
ASHOKA, EQ, 14-Dec-2020,96.4,98.0,98.6,94.45,94.8,94.9,95.55,1450070,1385.48,12795, 531930, 36.68
ASHOKLEY, EQ, 14-Dec-2020,94.1,95.0,95.5,93.8,95.3,95.15,94.74,16826804,15941.54,58482, 5841882, 34.72
ASIANHOTNR, EQ, 14-Dec-2020,68.3,67.05,74.95,66.9,71.0,70.65,70.18,11131,7.81,215, 7380, 66.30
ASIANPAINT, EQ, 14-Dec-2020,2520.95,2530.0,2553.9,2521.0,2541.9,2548.15,2538.98,1280339,32507.52,69794, 432932, 33.81
ASIANTILES, EQ, 14-Dec-2020,287.85,291.7,294.45,285.15,288.0,287.55,290.49,142824,414.89,3768, 62999, 44.11
ASPINWALL, EQ, 14-Dec-2020,135.75,135.75,142.5,131.1,136.0,139.05,138.76,2648,3.67,103, 1952, 73.72
ASTEC, EQ, 14-Dec-2020,1064.8,1074.95,1084.0,1052.6,1068.45,1077.05,1072.57,93055,998.08,6710, 46336, 49.79
ASTERDM, EQ, 14-Dec-2020,162.0,162.85,164.0,159.9,161.35,161.7,161.8,141433,228.84,3761, 41725, 29.50
ASTRAL, EQ, 14-Dec-2020,1468.4,1479.4,1497.2,1468.65,1479.0,1476.0,1484.68,122998,1826.12,13063, 43935, 35.72
ASTRAMICRO, EQ, 14-Dec-2020,126.25,124.25,127.05,122.1,125.5,125.65,124.87,516556,645.03,4579, 293700, 56.86
ASTRAZEN, EQ, 14-Dec-2020,4503.0,4509.0,4549.0,4465.0,4488.0,4477.0,4499.51,24829,1117.18,3858, 11703, 47.13
ASTRON, EQ, 14-Dec-2020,55.4,55.8,56.6,54.0,54.2,54.4,55.31,80213,44.36,1015, 50297, 62.70
ATFL, EQ, 14-Dec-2020,785.85,799.0,799.0,781.25,785.2,787.35,787.4,8732,68.76,1153, 4534, 51.92
ATLANTA, EQ, 14-Dec-2020,8.95,9.0,9.3,9.0,9.2,9.25,9.16,31668,2.9,182, 23095, 72.93
ATLASCYCLE, BZ, 14-Dec-2020,39.8,38.0,41.45,38.0,41.3,41.3,39.47,8498,3.35,268, -, -
ATUL, EQ, 14-Dec-2020,6108.45,6109.0,6130.0,6060.0,6065.0,6074.5,6090.15,20795,1266.45,7387, 13612, 65.46
ATULAUTO, EQ, 14-Dec-2020,190.45,190.45,192.35,189.05,191.5,190.75,190.66,118710,226.33,2781, 52273, 44.03
AUBANK, EQ, 14-Dec-2020,920.3,910.0,932.0,902.0,926.0,929.45,923.41,294365,2718.19,14543, 145777, 49.52
AURIONPRO, EQ, 14-Dec-2020,80.6,82.2,82.2,79.4,79.5,79.95,80.09,13736,11.0,207, 9915, 72.18
AUROPHARMA, EQ, 14-Dec-2020,897.35,898.5,905.95,887.9,890.5,889.4,893.66,1526583,13642.44,51343, 521956, 34.19
AUSOMENT, EQ, 14-Dec-2020,53.55,53.2,54.6,53.0,53.7,54.0,53.91,4897,2.64,98, 3681, 75.17
AUTOAXLES, EQ, 14-Dec-2020,909.9,909.9,913.7,895.5,897.0,904.45,904.79,7897,71.45,458, 6271, 79.41
AUTOIND, EQ, 14-Dec-2020,35.65,36.4,36.4,33.9,33.9,33.95,34.3,55347,18.98,520, 36327, 65.63
AUTOLITIND, EQ, 14-Dec-2020,23.05,24.35,27.45,22.2,25.4,25.75,26.03,116900,30.43,719, 61137, 52.30
AVADHSUGAR, EQ, 14-Dec-2020,220.3,222.95,226.3,218.25,221.0,222.2,222.13,96943,215.34,2315, 33763, 34.83
AVANTIFEED, EQ, 14-Dec-2020,544.5,548.85,564.0,544.5,545.5,547.7,555.0,888924,4933.5,21954, 275222, 30.96
AVSL, SM, 14-Dec-2020,30.0,30.0,30.0,30.0,30.0,30.0,30.0,15000,4.5,2, 15000, 100.00
AVTNPL, EQ, 14-Dec-2020,46.05,46.1,46.4,45.65,45.9,45.95,45.89,106274,48.77,861, 67711, 63.71
AXISBANK, EQ, 14-Dec-2020,613.25,616.0,623.8,612.4,616.0,615.9,618.06,14567480,90035.29,166555, 4725895, 32.44
AXISBNKETF, EQ, 14-Dec-2020,304.02,305.09,306.7,304.41,306.3,306.1,305.69,735,2.25,33, 518, 70.48
AXISCADES, EQ, 14-Dec-2020,53.8,53.8,54.75,53.5,54.0,53.95,54.03,33833,18.28,319, 24950, 73.74
AXISGOLD, EQ, 14-Dec-2020,42.69,42.69,42.98,42.5,42.65,42.54,42.68,70811,30.22,1547, 63586, 89.80
AXISNIFTY, EQ, 14-Dec-2020,139.06,139.87,140.0,138.0,138.77,139.51,139.1,2630,3.66,266, 1420, 53.99
AYMSYNTEX, BE, 14-Dec-2020,42.5,44.3,44.3,41.5,42.15,42.15,42.5,23962,10.18,54, -, -
BAFNAPH, BE, 14-Dec-2020,187.8,197.15,197.15,197.15,197.15,197.15,197.15,3507,6.91,112, -, -
BAGFILMS, EQ, 14-Dec-2020,3.9,4.05,4.1,3.65,3.7,3.7,3.8,761609,28.95,877, 537265, 70.54
BAJAJ-AUTO, EQ, 14-Dec-2020,3327.65,3327.65,3334.55,3265.0,3288.0,3289.0,3291.88,425416,14004.18,30515, 110819, 26.05
BAJAJCON, EQ, 14-Dec-2020,202.35,204.0,205.4,202.0,203.1,203.1,203.64,353327,719.51,6935, 133208, 37.70
BAJAJELEC, EQ, 14-Dec-2020,602.35,606.95,610.4,594.25,595.75,597.25,599.95,152616,915.63,4559, 62948, 41.25
BAJAJFINSV, EQ, 14-Dec-2020,8995.05,9066.8,9066.8,8895.15,8914.9,8933.5,8971.83,444884,39914.25,48185, 111819, 25.13
BAJAJHIND, EQ, 14-Dec-2020,6.4,6.45,6.8,6.4,6.7,6.7,6.59,9641566,635.67,5519, 5739794, 59.53
BAJAJHLDNG, EQ, 14-Dec-2020,3062.25,3090.0,3114.0,3050.0,3059.0,3059.35,3068.75,46828,1437.03,3416, 29229, 62.42
BAJFINANCE, EQ, 14-Dec-2020,4843.85,4857.5,4914.7,4848.0,4894.9,4898.65,4876.55,1786348,87112.23,83221, 289606, 16.21
BALAJITELE, EQ, 14-Dec-2020,69.3,70.45,71.5,69.3,70.05,69.75,70.03,202273,141.65,1817, 102656, 50.75
BALAMINES, EQ, 14-Dec-2020,923.45,930.5,950.0,926.4,937.05,932.9,939.03,115378,1083.43,5575, 47904, 41.52
BALAXI, EQ, 14-Dec-2020,643.6,668.9,668.9,631.3,636.05,642.15,646.64,1174,7.59,150, 609, 51.87
BALKRISHNA, BE, 14-Dec-2020,18.65,18.8,18.8,17.75,18.05,18.05,18.07,8591,1.55,38, -, -
BALKRISIND, EQ, 14-Dec-2020,1665.7,1665.7,1670.2,1636.0,1651.4,1653.7,1647.97,574777,9472.13,26254, 236549, 41.15
BALLARPUR, BZ, 14-Dec-2020,1.6,1.65,1.65,1.65,1.65,1.65,1.65,231583,3.82,90, -, -
BALMLAWRIE, EQ, 14-Dec-2020,116.3,116.5,117.9,116.0,117.3,117.0,116.9,208040,243.2,3035, 85925, 41.30
BALPHARMA, BE, 14-Dec-2020,57.25,57.25,58.9,56.0,58.0,58.25,57.44,29243,16.8,157, -, -
BALRAMCHIN, EQ, 14-Dec-2020,172.7,173.45,177.95,173.35,176.65,176.65,176.39,2321531,4094.89,17677, 1114276, 48.00
BANARBEADS, EQ, 14-Dec-2020,53.65,55.25,58.5,53.5,58.0,57.7,56.78,127843,72.59,1310, 66999, 52.41
BANARISUG, EQ, 14-Dec-2020,1475.0,1499.95,1510.0,1450.0,1461.0,1466.0,1469.52,613,9.01,200, 420, 68.52
BANCOINDIA, EQ, 14-Dec-2020,142.4,144.2,148.8,144.0,147.2,146.8,146.59,553130,810.84,8308, 244404, 44.19
BANDHANBNK, EQ, 14-Dec-2020,423.2,425.3,429.25,408.7,411.0,410.3,419.49,11062764,46407.15,109437, 3103341, 28.05
BANG, EQ, 14-Dec-2020,23.75,24.7,24.7,23.55,24.55,24.5,24.32,5396,1.31,127, 4885, 90.53
BANKA, EQ, 14-Dec-2020,44.7,45.45,49.15,43.6,49.15,49.15,48.72,97081,47.29,242, 94160, 96.99
BANKBARODA, EQ, 14-Dec-2020,65.45,66.35,67.5,66.15,67.2,67.0,66.91,40028589,26784.86,70828, 8978556, 22.43
BANKBEES, EQ, 14-Dec-2020,307.99,308.5,310.49,307.8,308.9,309.22,309.48,618838,1915.16,5118, 256644, 41.47
BANKINDIA, EQ, 14-Dec-2020,51.15,51.8,53.3,51.6,52.95,52.8,52.48,5390168,2828.88,17157, 1724555, 31.99
BANSWRAS, EQ, 14-Dec-2020,115.8,117.9,118.0,110.1,115.05,116.95,115.46,62583,72.26,1200, 38648, 61.75
BARTRONICS, BZ, 14-Dec-2020,2.1,2.2,2.2,2.2,2.2,2.2,2.2,1796,0.04,9, -, -
BASF, EQ, 14-Dec-2020,1609.15,1611.15,1627.0,1580.05,1594.2,1589.7,1598.91,14876,237.85,1332, 8152, 54.80
BASML, EQ, 14-Dec-2020,101.55,103.0,104.6,101.1,104.0,103.6,103.48,40243,41.64,497, 29942, 74.40
BATAINDIA, EQ, 14-Dec-2020,1559.25,1559.25,1636.2,1552.0,1634.1,1627.95,1604.38,1953303,31338.32,61249, 276834, 14.17
BAYERCROP, EQ, 14-Dec-2020,5250.25,5274.0,5290.0,5191.55,5283.0,5271.2,5247.5,20694,1085.92,4381, 11201, 54.13
BBL, EQ, 14-Dec-2020,918.25,926.0,936.0,912.0,919.5,917.05,922.04,12994,119.81,1478, 5915, 45.52
BBTC, EQ, 14-Dec-2020,1343.75,1353.8,1370.35,1333.55,1337.9,1341.45,1349.41,48948,660.51,3840, 21267, 43.45
BBTCL, SM, 14-Dec-2020,40.1,40.0,40.0,40.0,40.0,40.0,40.0,3000,1.2,1, 3000, 100.00
BCG, EQ, 14-Dec-2020,5.0,5.05,5.1,4.8,4.95,4.9,4.94,7690561,379.78,13542, 6364936, 82.76
BCONCEPTS, SM, 14-Dec-2020,15.25,15.6,16.0,15.6,16.0,16.0,15.78,12000,1.89,3, 12000, 100.00
BCP, EQ, 14-Dec-2020,8.15,8.55,8.55,7.5,7.65,7.6,7.8,457821,35.72,1199, 330373, 72.16
BDL, EQ, 14-Dec-2020,339.8,339.95,342.7,335.3,339.4,338.45,338.81,159885,541.71,6767, 71970, 45.01
BEARDSELL, EQ, 14-Dec-2020,9.75,10.45,10.5,8.9,9.6,9.6,9.8,30136,2.95,69, 24319, 80.70
BEDMUTHA, EQ, 14-Dec-2020,23.85,24.9,25.0,24.0,25.0,25.0,24.85,21418,5.32,236, 20999, 98.04
BEL, EQ, 14-Dec-2020,114.65,115.65,119.25,115.2,118.5,118.55,117.65,25002925,29415.76,86031, 7150208, 28.60
BEML, EQ, 14-Dec-2020,771.4,771.0,787.25,770.95,781.05,782.0,779.74,399238,3113.02,12431, 87040, 21.80
BEPL, EQ, 14-Dec-2020,129.6,130.1,139.3,130.1,138.5,138.05,135.51,1536283,2081.81,15428, 695828, 45.29
BERGEPAINT, EQ, 14-Dec-2020,677.3,679.0,686.7,678.0,678.65,681.15,682.53,709728,4844.14,15679, 111046, 15.65
BETA, SM, 14-Dec-2020,114.4,110.0,110.25,109.0,110.0,110.0,109.91,10400,11.43,13, 8800, 84.62
BFINVEST, EQ, 14-Dec-2020,294.75,296.9,301.0,286.25,289.0,290.2,293.49,52311,153.53,2336, 25364, 48.49
BFUTILITIE, EQ, 14-Dec-2020,293.35,294.9,300.0,287.0,289.9,290.25,292.24,321713,940.16,7083, 89125, 27.70
BGRENERGY, EQ, 14-Dec-2020,49.8,51.35,55.4,48.8,55.0,53.45,52.25,438875,229.29,3235, 274547, 62.56
BHAGERIA, EQ, 14-Dec-2020,161.9,165.9,174.9,165.0,170.5,170.4,170.28,505962,861.57,9329, 188771, 37.31
BHAGYANGR, EQ, 14-Dec-2020,23.25,24.5,27.9,24.5,27.9,27.9,27.17,370251,100.58,1299, 244399, 66.01
BHAGYAPROP, EQ, 14-Dec-2020,22.65,23.45,24.4,23.0,24.0,23.95,23.75,26263,6.24,216, 22728, 86.54
BHANDARI, EQ, 14-Dec-2020,1.4,1.35,1.45,1.35,1.4,1.45,1.41,226844,3.2,650, 194628, 85.80
BHARATFORG, EQ, 14-Dec-2020,552.2,555.0,555.9,540.05,540.9,541.15,544.34,1678590,9137.31,25146, 579564, 34.53
BHARATGEAR, EQ, 14-Dec-2020,84.25,83.0,92.6,76.65,79.85,80.0,81.42,110712,90.14,2042, 59620, 53.85
BHARATRAS, EQ, 14-Dec-2020,9469.8,9469.0,9699.75,9433.7,9436.0,9462.8,9511.59,2081,197.94,835, 1193, 57.33
BHARATWIRE, EQ, 14-Dec-2020,31.65,31.9,31.9,28.55,30.95,30.5,30.38,33228,10.1,248, 17678, 53.20
BHARTIARTL, EQ, 14-Dec-2020,504.4,507.0,512.0,501.15,502.7,503.05,504.79,13886923,70099.44,162325, 5284910, 38.06
BHEL, EQ, 14-Dec-2020,35.95,36.45,37.2,35.85,36.85,36.85,36.58,47189075,17261.72,50461, 11234744, 23.81
BIGBLOC, BE, 14-Dec-2020,139.05,146.0,146.0,145.95,146.0,146.0,146.0,84434,123.27,750, -, -
BIL, EQ, 14-Dec-2020,154.55,168.0,168.0,151.25,154.8,153.25,154.36,5597,8.64,212, 4487, 80.17
BILENERGY, BZ, 14-Dec-2020,0.85,0.9,0.9,0.85,0.9,0.9,0.9,404707,3.64,122, -, -
BINDALAGRO, EQ, 14-Dec-2020,16.6,16.95,16.95,16.2,16.5,16.4,16.49,42539,7.01,293, 29463, 69.26
BIOCON, EQ, 14-Dec-2020,455.5,459.0,461.2,450.55,454.8,454.0,454.39,3253116,14781.67,47614, 1059406, 32.57
BIOFILCHEM, BE, 14-Dec-2020,339.15,356.1,356.1,322.2,322.2,322.2,342.05,238897,817.16,6508, -, -
BIRLACABLE, EQ, 14-Dec-2020,57.75,58.6,58.6,57.25,57.65,57.6,57.77,59274,34.24,664, 29252, 49.35
BIRLACORPN, EQ, 14-Dec-2020,737.8,750.0,752.0,735.6,740.6,740.9,743.38,115306,857.17,6897, 57859, 50.18
BIRLAMONEY, EQ, 14-Dec-2020,44.35,44.65,45.1,44.1,44.1,44.45,44.53,115301,51.34,1183, 60238, 52.24
BIRLATYRE, EQ, 14-Dec-2020,37.3,39.8,41.0,39.15,41.0,41.0,40.64,805964,327.54,3863, 606389, 75.24
BLBLIMITED, EQ, 14-Dec-2020,6.45,6.6,6.7,6.25,6.3,6.45,6.5,11180,0.73,41, 8010, 71.65
BLISSGVS, EQ, 14-Dec-2020,176.1,175.0,179.7,173.25,175.4,176.3,175.81,601721,1057.88,2991, 320084, 53.19
BLKASHYAP, EQ, 14-Dec-2020,7.75,7.95,8.05,7.75,7.8,7.85,7.93,116128,9.21,243, 100492, 86.54
BLS, EQ, 14-Dec-2020,90.5,92.95,95.0,91.0,93.0,93.05,92.9,120995,112.4,1211, 78484, 64.87
BLUEDART, EQ, 14-Dec-2020,3849.25,3880.0,3880.0,3800.0,3820.0,3821.0,3827.45,13514,517.24,2991, 8811, 65.20
BLUESTARCO, EQ, 14-Dec-2020,790.45,780.15,798.7,779.0,790.0,792.3,790.01,66385,524.45,7980, 38043, 57.31
BODALCHEM, EQ, 14-Dec-2020,77.85,78.45,78.7,75.6,76.7,76.8,76.93,629504,484.28,3711, 362066, 57.52
BOHRA, SM, 14-Dec-2020,1.15,1.2,1.2,1.2,1.2,1.2,1.2,4000,0.05,2, 4000, 100.00
BOMDYEING, EQ, 14-Dec-2020,73.65,74.25,74.95,73.15,73.55,73.65,73.82,1641725,1211.89,8248, 699166, 42.59
BOROLTD, EQ, 14-Dec-2020,168.95,172.7,185.8,171.5,185.8,185.8,180.21,278148,501.26,2912, 239112, 85.97
BORORENEW, EQ, 14-Dec-2020,131.25,132.95,157.5,132.95,157.5,157.5,147.17,1700994,2503.39,16515, 967030, 56.85
BOSCHLTD, EQ, 14-Dec-2020,13163.1,13279.0,13281.0,13060.0,13173.0,13189.45,13172.99,71210,9380.49,11753, 19257, 27.04
BPCL, EQ, 14-Dec-2020,397.4,401.5,406.0,398.6,405.35,405.45,403.89,11127235,44941.72,125568, 3836070, 34.47
BPL, EQ, 14-Dec-2020,22.8,22.8,23.4,22.5,23.25,23.05,22.96,75148,17.25,630, 46704, 62.15
BRFL, EQ, 14-Dec-2020,12.3,12.3,13.5,11.75,13.5,13.3,12.79,212024,27.13,552, 183972, 86.77
BRIGADE, EQ, 14-Dec-2020,235.05,236.8,240.8,231.85,237.35,237.25,236.54,226181,535.02,5116, 131713, 58.23
BRIGHT, SM, 14-Dec-2020,6.7,7.0,7.0,7.0,7.0,7.0,7.0,18000,1.26,5, 18000, 100.00
BRITANNIA, EQ, 14-Dec-2020,3732.75,3745.0,3792.0,3737.05,3770.0,3776.95,3771.65,685712,25862.67,41883, 193959, 28.29
BRITANNIA, N2, 14-Dec-2020,32.1,32.2,32.3,31.93,31.96,31.96,31.98,4249,1.36,87, 4140, 97.43
BRNL, EQ, 14-Dec-2020,35.6,35.8,35.8,34.4,34.95,35.0,35.08,305128,107.03,2212, 208968, 68.49
BROOKS, EQ, 14-Dec-2020,68.5,71.9,71.9,67.5,67.75,68.25,70.19,64528,45.29,627, 45235, 70.10
BSE, EQ, 14-Dec-2020,608.95,616.15,628.0,611.0,623.0,623.85,620.79,779907,4841.62,20766, 233811, 29.98
BSELINFRA, EQ, 14-Dec-2020,1.1,1.15,1.15,1.1,1.15,1.15,1.15,370406,4.24,203, 332989, 89.90
BSHSL, EQ, 14-Dec-2020,91.55,92.95,95.0,88.1,92.75,92.65,92.6,3434,3.18,77, 2248, 65.46
BSL, BE, 14-Dec-2020,33.95,34.8,34.85,32.55,33.7,33.6,33.6,10160,3.41,72, -, -
BSLGOLDETF, EQ, 14-Dec-2020,4510.3,4588.0,4588.0,4456.0,4481.0,4482.5,4492.77,227,10.2,89, 168, 74.01
BSLNIFTY, EQ, 14-Dec-2020,148.05,148.8,149.34,147.17,148.2,148.2,148.33,450,0.67,27, 343, 76.22
BSOFT, EQ, 14-Dec-2020,200.6,201.9,202.2,196.0,197.95,197.15,199.06,592266,1178.98,12349, 385724, 65.13
BURGERKING, EQ, 14-Dec-2020,60.0,112.5,135.0,108.4,135.0,135.0,122.37,186792834,228582.4,849542, 58556398, 31.35
BURNPUR, EQ, 14-Dec-2020,2.5,2.6,2.6,2.6,2.6,2.6,2.6,18565,0.48,25, 18565, 100.00
BUTTERFLY, EQ, 14-Dec-2020,430.4,439.85,473.4,427.35,473.4,473.4,451.06,89346,403.0,2141, 59571, 66.67
BVCL, BE, 14-Dec-2020,17.0,17.0,17.5,16.55,17.4,17.4,17.0,1787,0.3,19, -, -
BYKE, EQ, 14-Dec-2020,20.55,21.0,23.1,20.95,22.8,22.5,22.39,410584,91.93,1709, 229434, 55.88
CADILAHC, EQ, 14-Dec-2020,466.65,469.0,473.7,466.55,470.5,469.85,470.19,2084100,9799.22,19585, 381144, 18.29
CALSOFT, EQ, 14-Dec-2020,11.05,11.15,11.6,11.15,11.5,11.55,11.42,19376,2.21,133, 13609, 70.24
CAMLINFINE, EQ, 14-Dec-2020,116.5,116.6,119.7,115.65,117.05,117.25,118.17,538004,635.78,14405, 298959, 55.57
CAMS, EQ, 14-Dec-2020,1499.1,1505.55,1533.0,1490.0,1506.05,1509.75,1508.71,240597,3629.91,34477, 156235, 64.94
CANBK, EQ, 14-Dec-2020,125.25,126.95,128.0,125.5,127.25,127.4,126.86,11127677,14116.77,46279, 2719456, 24.44
CANDC, BZ, 14-Dec-2020,5.05,5.3,5.3,5.3,5.3,5.3,5.3,2445,0.13,8, -, -
CANFINHOME, EQ, 14-Dec-2020,489.2,492.45,513.95,482.2,488.5,487.6,492.36,486842,2397.01,13062, 294092, 60.41
CANTABIL, EQ, 14-Dec-2020,352.2,355.5,359.25,352.0,355.55,357.05,355.18,103679,368.25,5449, 21054, 20.31
CAPACITE, EQ, 14-Dec-2020,188.4,189.35,189.65,185.75,188.15,188.1,187.7,240963,452.28,13410, 130998, 54.36
CAPLIPOINT, EQ, 14-Dec-2020,500.5,502.9,507.35,496.9,506.9,503.85,502.28,121887,612.21,4656, 70847, 58.13
CAPTRUST, EQ, 14-Dec-2020,104.9,103.0,107.35,103.0,105.0,105.4,105.35,13651,14.38,283, 9443, 69.17
CARBORUNIV, EQ, 14-Dec-2020,376.5,378.8,380.65,372.7,374.45,374.6,375.99,115565,434.52,6195, 73796, 63.86
CAREERP, EQ, 14-Dec-2020,167.4,168.5,169.95,166.1,167.95,166.6,167.44,20423,34.2,502, 12688, 62.13
CARERATING, EQ, 14-Dec-2020,537.15,542.4,542.4,520.0,526.3,523.35,527.21,123985,653.66,5548, 66239, 53.43
CASTEXTECH, BE, 14-Dec-2020,0.4,0.35,0.45,0.35,0.4,0.45,0.4,195049,0.77,101, -, -
CASTROLIND, EQ, 14-Dec-2020,130.25,130.6,131.7,127.55,128.0,127.85,129.06,1118600,1443.68,13442, 709451, 63.42
CCCL, BE, 14-Dec-2020,0.3,0.35,0.35,0.3,0.35,0.35,0.34,115162,0.4,34, -, -
CCHHL, EQ, 14-Dec-2020,6.9,7.2,7.2,6.6,6.6,6.75,7.05,527934,37.24,905, 415082, 78.62
CCL, EQ, 14-Dec-2020,266.85,268.9,268.9,256.0,257.0,257.25,261.18,285253,745.02,7000, 172568, 60.50
CDSL, EQ, 14-Dec-2020,523.0,526.7,528.6,516.05,517.9,517.75,519.7,705502,3666.51,19239, 330441, 46.84
CEATLTD, EQ, 14-Dec-2020,1159.2,1160.0,1170.9,1155.0,1163.0,1164.6,1163.57,89102,1036.77,4990, 31997, 35.91
CEBBCO, EQ, 14-Dec-2020,16.7,16.95,20.0,16.0,20.0,19.9,19.41,893543,173.44,2381, 394202, 44.12
CELEBRITY, EQ, 14-Dec-2020,5.0,4.95,5.15,4.95,5.05,5.1,5.07,117262,5.95,232, 108546, 92.57
CENTENKA, EQ, 14-Dec-2020,207.4,207.9,214.5,204.6,213.0,213.05,209.86,131221,275.38,2993, 77281, 58.89
CENTEXT, EQ, 14-Dec-2020,6.45,6.7,6.7,5.2,6.15,6.1,6.11,763522,46.65,1207, 460281, 60.28
CENTRALBK, EQ, 14-Dec-2020,14.9,15.2,15.6,14.85,15.0,14.95,15.1,12287520,1856.0,13681, 5587609, 45.47
CENTRUM, EQ, 14-Dec-2020,16.9,17.2,18.05,14.6,17.1,16.95,16.52,1210526,200.04,2484, 572582, 47.30
CENTUM, EQ, 14-Dec-2020,381.45,385.1,386.05,362.1,366.45,366.7,369.8,29319,108.42,1481, 15217, 51.90
CENTURYPLY, EQ, 14-Dec-2020,220.35,221.0,226.0,215.15,224.5,224.95,222.1,341240,757.9,5975, 95950, 28.12
CENTURYTEX, EQ, 14-Dec-2020,372.4,375.7,382.0,373.1,377.0,376.25,377.68,803054,3032.99,11949, 202913, 25.27
CERA, EQ, 14-Dec-2020,3126.3,3169.0,3230.0,3126.3,3230.0,3205.3,3169.39,5067,160.59,2006, 2639, 52.08
CEREBRAINT, EQ, 14-Dec-2020,34.4,34.85,35.9,33.25,33.5,33.4,34.68,154712,53.65,787, 96768, 62.55
CESC, EQ, 14-Dec-2020,622.7,624.25,629.9,619.2,625.7,627.5,624.85,140687,879.08,3832, 51079, 36.31
CESCVENT, EQ, 14-Dec-2020,269.55,270.0,273.3,266.65,273.0,269.6,269.4,43897,118.26,1284, 26295, 59.90
CGCL, EQ, 14-Dec-2020,294.2,295.7,296.95,287.0,294.0,294.3,294.03,178013,523.41,2151, 112195, 63.03
CGPOWER, EQ, 14-Dec-2020,44.6,45.35,45.8,42.4,42.4,42.4,43.67,5675086,2478.33,16634, 4389002, 77.34
CHALET, EQ, 14-Dec-2020,192.3,195.75,209.0,194.0,205.0,204.4,202.61,1228316,2488.73,15803, 480010, 39.08
CHAMBLFERT, EQ, 14-Dec-2020,234.65,238.0,242.8,226.0,229.9,230.5,233.58,2576433,6017.99,38144, 914713, 35.50
CHEMBOND, EQ, 14-Dec-2020,162.35,165.4,166.35,162.0,164.95,163.5,163.89,7380,12.09,452, 4729, 64.08
CHEMCON, EQ, 14-Dec-2020,431.15,432.6,434.05,424.0,426.4,425.75,428.06,196683,841.91,8956, 98618, 50.14
CHEMFAB, EQ, 14-Dec-2020,139.7,139.2,144.0,138.4,140.5,140.75,139.93,12347,17.28,229, 8659, 70.13
CHENNPETRO, EQ, 14-Dec-2020,104.45,105.85,111.8,104.5,110.9,110.9,108.16,3369285,3644.24,20622, 872899, 25.91
CHOLAFIN, EQ, 14-Dec-2020,369.3,370.0,374.7,366.7,371.1,371.75,371.0,2862937,10621.46,46515, 974907, 34.05
CHOLAHLDNG, EQ, 14-Dec-2020,523.95,525.5,530.0,523.05,529.9,529.2,527.57,60333,318.3,2302, 43313, 71.79
CHROMATIC, EQ, 14-Dec-2020,0.9,0.95,0.95,0.85,0.9,0.9,0.87,254679,2.22,163, 207936, 81.65
CIGNITITEC, EQ, 14-Dec-2020,418.65,426.9,435.2,416.6,427.15,425.55,424.65,35387,150.27,1800, 13687, 38.68
CINELINE, EQ, 14-Dec-2020,37.9,38.0,38.9,37.45,38.7,38.25,38.16,68431,26.11,640, 35208, 51.45
CINEVISTA, EQ, 14-Dec-2020,8.15,7.75,8.35,7.75,7.9,7.9,7.89,7574,0.6,78, 6219, 82.11
CIPLA, EQ, 14-Dec-2020,755.85,778.3,793.3,776.35,786.9,789.3,786.05,19785595,155525.65,309241, 4548183, 22.99
CKFSL, BZ, 14-Dec-2020,0.4,0.45,0.45,0.4,0.45,0.45,0.45,173592,0.78,106, -, -
CLEDUCATE, EQ, 14-Dec-2020,63.15,65.85,65.85,62.0,62.6,62.9,63.1,17380,10.97,466, 11774, 67.74
CLNINDIA, EQ, 14-Dec-2020,352.85,354.5,360.45,354.5,360.35,359.05,358.22,32890,117.82,1518, 16988, 51.65
CMICABLES, EQ, 14-Dec-2020,43.5,44.2,45.6,42.0,44.35,44.35,44.36,128254,56.89,1576, 69692, 54.34
CMMIPL, SM, 14-Dec-2020,2.9,2.9,2.9,2.8,2.85,2.85,2.86,12000,0.34,4, 12000, 100.00
CNOVAPETRO, EQ, 14-Dec-2020,7.9,8.25,8.25,7.75,8.25,8.15,8.05,6404,0.52,46, 4617, 72.10
COALINDIA, EQ, 14-Dec-2020,138.25,139.65,144.2,139.1,143.75,143.35,142.81,35605748,50847.88,166024, 9100047, 25.56
COCHINSHIP, EQ, 14-Dec-2020,359.8,362.95,362.95,357.0,361.0,359.85,359.26,293477,1054.33,8167, 190619, 64.95
COFORGE, EQ, 14-Dec-2020,2498.0,2501.0,2519.0,2483.0,2502.15,2503.15,2503.6,135692,3397.18,10595, 23836, 17.57
COLPAL, EQ, 14-Dec-2020,1574.3,1581.0,1630.0,1575.25,1616.6,1625.45,1612.03,1173625,18919.19,45895, 479902, 40.89
COMPINFO, EQ, 14-Dec-2020,16.9,18.2,18.4,17.4,17.5,17.75,17.78,426542,75.85,1107, 273731, 64.17
COMPUSOFT, EQ, 14-Dec-2020,9.95,9.9,10.35,9.7,10.0,10.2,10.19,176489,17.98,508, 147761, 83.72
CONCOR, EQ, 14-Dec-2020,400.85,402.7,408.1,401.2,404.7,404.0,404.53,2631263,10644.29,23865, 1504181, 57.17
CONFIPET, EQ, 14-Dec-2020,30.3,30.6,30.75,29.7,29.75,30.05,30.29,240334,72.81,953, 172594, 71.81
CONSOFINVT, EQ, 14-Dec-2020,38.1,40.25,42.75,37.1,40.45,40.7,40.78,14752,6.02,65, 13415, 90.94
CONTROLPR, EQ, 14-Dec-2020,220.45,219.7,224.8,215.9,217.65,218.2,219.58,23950,52.59,855, 16871, 70.44
CORALFINAC, EQ, 14-Dec-2020,26.15,28.9,31.35,28.6,31.35,31.35,30.91,258001,79.76,1011, 162725, 63.07
CORDSCABLE, EQ, 14-Dec-2020,43.6,44.3,47.0,43.25,46.5,46.05,45.68,411106,187.79,2650, 202199, 49.18
COROMANDEL, EQ, 14-Dec-2020,791.85,795.0,812.75,787.05,800.0,801.0,803.81,534451,4295.95,21795, 237842, 44.50
COSMOFILMS, EQ, 14-Dec-2020,454.25,459.45,462.0,454.9,456.0,457.05,458.1,40812,186.96,1899, 27745, 67.98
COUNCODOS, BE, 14-Dec-2020,3.5,3.6,3.65,3.55,3.65,3.65,3.65,59722,2.18,150, -, -
COX&KINGS, BZ, 14-Dec-2020,1.6,1.65,1.65,1.65,1.65,1.65,1.65,207260,3.42,72, -, -
CPSEETF, EQ, 14-Dec-2020,20.49,20.65,21.2,20.49,21.19,21.1,21.02,9739086,2047.11,5958, 8624381, 88.55
CREATIVE, EQ, 14-Dec-2020,115.75,119.0,124.0,112.25,112.5,113.45,116.07,35920,41.69,447, 11837, 32.95
CREATIVEYE, EQ, 14-Dec-2020,3.2,3.45,3.45,2.9,3.4,3.4,3.31,19466,0.64,67, 16385, 84.17
CREDITACC, EQ, 14-Dec-2020,784.6,794.5,820.0,789.0,795.0,794.2,797.66,82185,655.56,9247, 40343, 49.09
CREST, EQ, 14-Dec-2020,95.8,98.0,99.9,96.3,97.45,97.15,97.37,26873,26.17,657, 16910, 62.93
CRISIL, EQ, 14-Dec-2020,1929.15,1946.85,1946.85,1907.15,1920.0,1919.5,1915.94,21838,418.4,3218, 12772, 58.49
CROMPTON, EQ, 14-Dec-2020,331.05,331.05,334.1,320.5,323.25,324.6,328.61,1001254,3290.25,23658, 819614, 81.86
CSBBANK, EQ, 14-Dec-2020,223.05,226.0,226.0,219.2,219.8,220.35,221.55,383204,848.98,6347, 183010, 47.76
CTE, EQ, 14-Dec-2020,44.1,46.3,46.3,42.1,42.5,42.7,43.88,19657,8.62,182, 11008, 56.00
CUB, EQ, 14-Dec-2020,176.85,177.95,186.9,177.0,185.0,185.1,181.51,3258211,5913.86,28765, 1723150, 52.89
CUBEXTUB, BE, 14-Dec-2020,18.2,18.95,18.95,18.05,18.45,18.35,18.34,10547,1.93,77, -, -
CUMMINSIND, EQ, 14-Dec-2020,582.65,585.55,609.5,584.0,608.2,607.65,598.19,2356361,14095.59,37745, 497933, 21.13
CUPID, EQ, 14-Dec-2020,251.85,254.7,257.4,250.0,251.0,252.15,254.12,96679,245.68,2483, 59967, 62.03
CYBERTECH, EQ, 14-Dec-2020,95.55,107.95,114.65,105.25,114.65,114.65,112.61,538751,606.67,3420, 359520, 66.73
CYIENT, EQ, 14-Dec-2020,496.7,501.5,550.75,499.6,539.75,535.15,522.12,2104999,10990.6,54592, 543238, 25.81
DAAWAT, EQ, 14-Dec-2020,57.25,58.05,59.2,57.65,58.0,58.1,58.38,2485629,1451.2,11289, 1259007, 50.65
DABUR, EQ, 14-Dec-2020,513.8,517.0,518.95,512.4,513.5,513.6,515.24,3013023,15524.43,45991, 1183838, 39.29
DALBHARAT, EQ, 14-Dec-2020,1056.1,1061.35,1079.15,1056.1,1061.0,1067.35,1069.72,102307,1094.4,12132, 59720, 58.37
DALMIASUG, EQ, 14-Dec-2020,148.7,149.7,151.8,149.3,150.65,150.75,150.81,155031,233.8,2983, 81108, 52.32
DAMODARIND, EQ, 14-Dec-2020,29.7,31.0,31.4,29.05,30.8,30.6,30.08,28495,8.57,164, 21697, 76.14
DANGEE, EQ, 14-Dec-2020,124.25,126.0,127.0,125.0,126.5,126.8,126.36,5197,6.57,134, 3751, 72.18
DATAMATICS, EQ, 14-Dec-2020,93.6,96.3,99.0,94.1,94.95,95.2,96.42,371386,358.08,5422, 148933, 40.10
DBCORP, EQ, 14-Dec-2020,85.7,89.0,89.5,86.5,87.95,87.4,88.15,437317,385.51,5161, 253633, 58.00
DBL, EQ, 14-Dec-2020,393.95,395.95,397.0,382.6,387.4,387.9,390.83,158271,618.58,4742, 61861, 39.09
DBREALTY, BE, 14-Dec-2020,14.5,14.95,15.0,13.8,13.8,13.8,14.21,553167,78.6,1229, -, -
DBSTOCKBRO, EQ, 14-Dec-2020,10.75,10.5,10.9,10.25,10.6,10.45,10.6,14794,1.57,69, 7538, 50.95
DCAL, EQ, 14-Dec-2020,153.6,154.0,156.5,150.1,155.0,155.05,153.78,374309,575.6,8267, 178937, 47.80
DCBBANK, EQ, 14-Dec-2020,116.8,117.95,124.6,117.05,124.1,123.55,121.02,4468634,5407.8,33968, 1683927, 37.68
DCI, SM, 14-Dec-2020,42.0,40.0,40.0,40.0,40.0,40.0,40.0,3000,1.2,1, 3000, 100.00
DCM, EQ, 14-Dec-2020,38.8,39.0,40.8,36.0,36.4,36.35,38.1,364802,139.0,2736, 195223, 53.51
DCMFINSERV, EQ, 14-Dec-2020,1.5,1.55,1.55,1.45,1.55,1.55,1.53,39490,0.61,55, 35860, 90.81
DCMNVL, EQ, 14-Dec-2020,38.6,39.8,42.15,38.7,41.95,41.7,41.33,88241,36.47,375, 61361, 69.54
DCMSHRIRAM, EQ, 14-Dec-2020,381.95,383.85,389.0,383.85,386.8,386.85,387.5,58421,226.38,1045, 46396, 79.42
DCW, EQ, 14-Dec-2020,18.4,20.5,20.8,18.3,18.9,18.95,19.42,1084246,210.55,1946, 650433, 59.99
DECCANCE, EQ, 14-Dec-2020,354.4,354.75,368.1,354.75,358.0,357.7,360.72,69037,249.03,1856, 37293, 54.02
DEEPAKFERT, EQ, 14-Dec-2020,164.8,165.25,166.9,162.0,162.65,162.75,163.48,618623,1011.3,6752, 253876, 41.04
DEEPAKNTR, EQ, 14-Dec-2020,861.4,868.0,889.8,846.3,878.0,882.1,873.05,1023007,8931.38,30318, 273983, 26.78
DEEPENR, EQ, 14-Dec-2020,45.25,46.25,47.45,45.35,46.1,46.2,46.23,98099,45.35,1007, 56338, 57.43
DELTACORP, EQ, 14-Dec-2020,156.55,164.4,166.7,160.0,166.5,165.2,163.45,4890887,7994.29,35224, 1799780, 36.80
DELTAMAGNT, BE, 14-Dec-2020,28.0,27.1,28.4,27.0,27.05,27.05,27.67,4376,1.21,44, -, -
DEN, EQ, 14-Dec-2020,68.9,69.4,69.7,68.9,69.15,69.1,69.27,179517,124.35,2584, 107288, 59.76
DENORA, EQ, 14-Dec-2020,213.15,212.05,218.0,212.05,214.0,214.9,215.04,4427,9.52,255, 2114, 47.75
DFMFOODS, EQ, 14-Dec-2020,395.3,399.15,405.95,391.0,393.6,394.1,396.96,34775,138.04,1682, 18509, 53.23
DGCONTENT, EQ, 14-Dec-2020,13.45,14.35,14.35,12.45,13.95,13.75,13.58,19095,2.59,133, 14855, 77.80
DHAMPURSUG, EQ, 14-Dec-2020,167.6,168.95,173.15,168.7,171.8,171.85,171.31,732612,1255.03,6785, 285459, 38.96
DHANBANK, EQ, 14-Dec-2020,13.65,13.9,13.9,13.55,13.65,13.6,13.63,615727,83.92,1074, 342775, 55.67
DHANI, EQ, 14-Dec-2020,279.35,284.0,288.0,276.0,286.0,285.75,283.97,347393,986.48,6790, 242194, 69.72
DHANILOANS, N1, 14-Dec-2020,1060.0,1062.0,1062.0,1047.0,1047.0,1047.0,1060.64,11,0.12,3, 11, 100.00
DHANILOANS, N2, 14-Dec-2020,1179.9,1115.0,1170.0,1115.0,1170.0,1170.0,1155.47,210,2.43,10, 160, 76.19
DHANILOANS, N3, 14-Dec-2020,990.99,989.98,990.0,989.98,990.0,990.0,989.99,333,3.3,5, 333, 100.00
DHANILOANS, N5, 14-Dec-2020,1070.0,1070.1,1078.78,1070.1,1077.8,1077.8,1073.14,32,0.34,3, 32, 100.00
DHANILOANS, N6, 14-Dec-2020,990.0,961.0,994.93,961.0,994.93,994.93,986.99,450,4.44,7, 450, 100.00
DHANILOANS, N7, 14-Dec-2020,941.0,951.0,951.0,950.0,950.0,950.0,950.04,74,0.7,4, 74, 100.00
DHANILOANS, N8, 14-Dec-2020,981.05,1000.0,1000.0,1000.0,1000.0,1000.0,1000.0,40,0.4,2, 40, 100.00
DHANILOANS, NC, 14-Dec-2020,940.0,955.0,955.0,955.0,955.0,955.0,955.0,40,0.38,6, 40, 100.00
DHANIPP, E1, 14-Dec-2020,126.95,126.0,132.65,125.0,128.5,127.95,127.71,89425,114.21,842, 47379, 52.98
DHANUKA, EQ, 14-Dec-2020,745.6,745.7,753.9,742.0,750.6,746.95,746.34,38928,290.53,3230, 27928, 71.74
DHARSUGAR, EQ, 14-Dec-2020,6.1,6.1,6.4,5.85,6.25,6.25,6.21,43284,2.69,165, 33480, 77.35
DHFL, EQ, 14-Dec-2020,41.7,42.85,42.85,39.65,39.65,39.65,40.46,6084380,2461.69,9826, 3285161, 53.99
DHFL, N4, 14-Dec-2020,328.0,360.0,360.0,360.0,360.0,360.0,360.0,7,0.03,1, 7, 100.00
DHFL, N6, 14-Dec-2020,336.89,352.06,352.06,312.25,316.9,316.9,318.47,62,0.2,7, 60, 96.77
DHFL, NN, 14-Dec-2020,396.8,450.0,450.0,325.4,350.0,337.75,437.05,104,0.45,5, 93, 89.42
DHFL, NO, 14-Dec-2020,320.0,271.0,355.0,270.0,355.0,355.0,284.72,267,0.76,7, 267, 100.00
DHFL, NP, 14-Dec-2020,359.11,364.99,375.0,355.0,375.0,373.6,363.04,3615,13.12,30, 3605, 99.72
DHFL, NQ, 14-Dec-2020,336.62,330.0,339.99,322.0,338.0,337.09,329.22,331,1.09,21, 265, 80.06
DHFL, NS, 14-Dec-2020,329.0,329.0,339.0,329.0,339.0,338.95,335.76,1059,3.56,9, 1059, 100.00
DHFL, NU, 14-Dec-2020,276.0,300.8,300.8,300.8,300.8,300.8,300.8,85,0.26,3, 85, 100.00
DHFL, NX, 14-Dec-2020,342.0,335.8,340.0,335.8,340.0,340.0,337.9,100,0.34,2, 100, 100.00
DHFL, NY, 14-Dec-2020,335.91,349.0,349.0,349.0,349.0,349.0,349.0,60,0.21,1, 60, 100.00
DHFL, Y1, 14-Dec-2020,359.65,301.8,379.5,288.0,372.5,372.5,356.04,1013,3.61,21, 562, 55.48
DHUNINV, EQ, 14-Dec-2020,261.15,260.15,271.5,230.9,260.0,260.4,258.11,7394,19.08,576, 2568, 34.73
DIAMONDYD, EQ, 14-Dec-2020,676.15,688.9,688.9,674.0,674.6,674.75,678.23,1570,10.65,190, 1139, 72.55
DIAPOWER, BZ, 14-Dec-2020,0.9,0.95,0.95,0.85,0.85,0.85,0.92,213928,1.98,98, -, -
DICIND, EQ, 14-Dec-2020,392.1,389.9,397.5,388.1,394.0,395.3,393.58,6040,23.77,478, 2704, 44.77
DIGISPICE, BE, 14-Dec-2020,12.7,13.3,13.3,13.05,13.3,13.3,13.29,24505,3.26,65, -, -
DIGJAMLTD, BZ, 14-Dec-2020,3.6,3.75,3.75,3.75,3.75,3.75,3.75,34181,1.28,23, -, -
DISHTV, EQ, 14-Dec-2020,13.65,14.0,15.25,13.8,14.75,14.7,14.62,31935070,4667.69,27382, 17405103, 54.50
DIVISLAB, EQ, 14-Dec-2020,3642.1,3650.0,3669.75,3584.6,3606.0,3599.8,3617.96,858167,31048.15,57289, 409483, 47.72
DIXON, EQ, 14-Dec-2020,12630.6,12789.0,13395.8,12765.0,12941.0,12900.5,13086.77,63405,8297.67,21366, 33964, 53.57
DLF, EQ, 14-Dec-2020,218.8,218.25,218.65,212.3,212.85,213.5,215.31,7492250,16131.2,47310, 1749606, 23.35
DLINKINDIA, EQ, 14-Dec-2020,117.35,118.0,122.9,114.0,117.1,117.6,118.39,600890,711.37,9871, 129042, 21.48
DMART, EQ, 14-Dec-2020,2685.1,2715.0,2745.0,2651.25,2660.05,2671.95,2704.09,486459,13154.27,39870, 153041, 31.46
DOLAT, EQ, 14-Dec-2020,46.45,46.15,55.7,45.75,55.7,54.5,52.05,689805,359.06,4648, 339276, 49.18
DOLLAR, EQ, 14-Dec-2020,179.95,179.95,184.5,178.5,184.25,183.55,181.26,69916,126.73,1561, 26712, 38.21
DONEAR, EQ, 14-Dec-2020,31.95,32.8,32.8,31.5,31.7,31.9,31.9,45788,14.61,554, 31682, 69.19
DPABHUSHAN, EQ, 14-Dec-2020,89.0,90.1,90.1,81.25,87.0,87.25,85.98,6726,5.78,99, 5322, 79.13
DPSCLTD, EQ, 14-Dec-2020,12.0,12.1,12.2,11.75,11.8,11.85,11.86,21716,2.58,152, 19270, 88.74
DPWIRES, EQ, 14-Dec-2020,83.25,82.15,86.0,82.15,86.0,85.1,85.11,14763,12.56,72, 14004, 94.86
DQE, EQ, 14-Dec-2020,1.35,1.4,1.4,1.3,1.35,1.3,1.32,128270,1.69,74, 92811, 72.36
DREDGECORP, EQ, 14-Dec-2020,294.3,295.75,314.9,291.0,304.3,305.15,306.51,768768,2356.37,19117, 145606, 18.94
DRREDDY, EQ, 14-Dec-2020,5016.95,4952.0,5054.0,4952.0,5024.0,5022.8,5019.53,1183625,59412.39,78817, 293425, 24.79
DSML, SM, 14-Dec-2020,17.75,16.9,16.9,16.9,16.9,16.9,16.9,6000,1.01,1, 6000, 100.00
DSSL, EQ, 14-Dec-2020,45.2,46.7,54.2,45.25,54.2,54.2,51.3,106688,54.73,1117, 70324, 65.92
DTIL, EQ, 14-Dec-2020,263.85,264.0,268.95,262.0,264.1,266.1,265.62,5927,15.74,420, 3728, 62.90
DUCON, EQ, 14-Dec-2020,6.35,6.65,6.65,6.65,6.65,6.65,6.65,42207,2.81,30, 42207, 100.00
DVL, EQ, 14-Dec-2020,67.5,67.65,71.0,66.5,68.1,68.65,69.08,11728,8.1,321, 7430, 63.35
DWARKESH, EQ, 14-Dec-2020,31.5,31.85,32.75,31.55,32.25,32.3,32.21,1784662,574.8,6069, 903460, 50.62
DYNAMATECH, EQ, 14-Dec-2020,816.55,820.0,848.2,812.6,825.0,820.75,827.32,12182,100.78,1236, 7032, 57.72
DYNPRO, EQ, 14-Dec-2020,234.35,235.0,239.0,233.0,234.9,234.2,235.76,56926,134.21,1801, 31915, 56.06
E2E, SM, 14-Dec-2020,38.55,39.9,39.9,39.9,39.9,39.9,39.9,2000,0.8,1, 2000, 100.00
EASUNREYRL, BZ, 14-Dec-2020,2.15,2.05,2.25,2.05,2.25,2.25,2.2,23030,0.51,25, -, -
EBBETF0423, EQ, 14-Dec-2020,1108.2,1100.0,1128.2,1100.0,1109.0,1109.2,1108.5,2465,27.32,61, 1972, 80.00
EBBETF0425, EQ, 14-Dec-2020,1025.75,1025.8,1025.89,1024.05,1025.89,1024.75,1024.94,653,6.69,51, 630, 96.48
EBBETF0430, EQ, 14-Dec-2020,1133.51,1134.05,1134.05,1130.05,1132.99,1132.85,1132.65,7353,83.28,109, 6958, 94.63
EBBETF0431, EQ, 14-Dec-2020,1018.87,1017.05,1017.89,1013.0,1017.8,1017.8,1017.74,27048,275.28,100, 26993, 99.80
EBIXFOREX, EQ, 14-Dec-2020,513.25,513.0,535.0,510.0,523.0,522.9,526.26,4114,21.65,229, 2378, 57.80
ECLERX, EQ, 14-Dec-2020,808.9,830.0,844.0,810.8,814.0,814.5,825.28,189609,1564.81,8002, 84077, 44.34
ECLFINANCE, NE, 14-Dec-2020,1215.21,1215.0,1215.0,1215.0,1215.0,1215.0,1215.0,30,0.36,2, 30, 100.00
ECLFINANCE, NF, 14-Dec-2020,1024.5,1029.0,1029.0,1016.0,1020.05,1020.05,1020.18,549,5.6,13, 500, 91.07
ECLFINANCE, NH, 14-Dec-2020,1150.0,1170.0,1180.0,1170.0,1180.0,1180.0,1178.85,87,1.03,8, 87, 100.00
ECLFINANCE, NI, 14-Dec-2020,956.29,986.9,986.9,955.0,986.0,955.62,959.86,236,2.27,12, 200, 84.75
ECLFINANCE, NJ, 14-Dec-2020,920.13,934.49,934.5,934.49,934.5,934.49,934.49,181,1.69,3, 181, 100.00
ECLFINANCE, NK, 14-Dec-2020,885.0,889.99,890.0,879.0,879.0,879.0,883.72,694,6.13,20, 594, 85.59
ECLFINANCE, NO, 14-Dec-2020,969.99,961.01,961.01,961.0,961.0,961.0,961.01,45,0.43,2, 45, 100.00
ECLFINANCE, NP, 14-Dec-2020,1030.0,1000.0,1020.0,1000.0,1020.0,1020.0,1008.89,180,1.82,2, 180, 100.00
ECLFINANCE, NR, 14-Dec-2020,991.64,996.7,996.7,990.0,990.1,993.47,992.11,403,4.0,19, 403, 100.00
ECLFINANCE, NS, 14-Dec-2020,1020.03,1038.0,1038.0,1038.0,1038.0,1038.0,1038.0,54,0.56,1, 54, 100.00
EDELWEISS, EQ, 14-Dec-2020,74.85,75.0,78.5,74.0,77.55,77.95,76.78,1836388,1409.95,13576, 1567685, 85.37
EDUCOMP, BZ, 14-Dec-2020,3.5,3.65,3.65,3.65,3.65,3.65,3.65,33328,1.22,55, -, -
EHFLNCD, N6, 14-Dec-2020,900.0,900.0,900.0,891.25,900.0,900.0,899.07,937,8.42,6, 937, 100.00
EICHERMOT, EQ, 14-Dec-2020,2470.8,2465.0,2465.0,2392.3,2408.6,2400.45,2419.32,2480823,60018.99,101271, 1103635, 44.49
EIDPARRY, EQ, 14-Dec-2020,339.2,342.0,345.9,338.1,338.7,338.65,341.37,386288,1318.66,9806, 192552, 49.85
EIFFL, SM, 14-Dec-2020,95.5,95.0,95.0,95.0,95.0,95.0,95.0,1600,1.52,2, 1600, 100.00
EIHAHOTELS, EQ, 14-Dec-2020,258.75,263.8,308.35,258.55,306.05,300.55,288.12,306292,882.49,9175, 66021, 21.55
EIHOTEL, EQ, 14-Dec-2020,100.4,100.55,102.55,99.5,101.35,101.65,101.27,901225,912.65,9062, 379158, 42.07
EIMCOELECO, EQ, 14-Dec-2020,340.75,335.95,350.0,333.0,340.0,338.15,341.88,2971,10.16,455, 1487, 50.05
EKC, EQ, 14-Dec-2020,50.5,53.0,53.0,51.0,51.25,51.15,52.67,540595,284.75,1983, 279741, 51.75
ELECON, EQ, 14-Dec-2020,39.05,39.8,39.8,37.75,38.1,38.05,38.28,181784,69.59,1590, 96305, 52.98
ELECTCAST, EQ, 14-Dec-2020,24.0,24.0,24.25,23.35,23.65,23.6,23.69,550591,130.42,3082, 372818, 67.71
ELECTHERM, EQ, 14-Dec-2020,120.15,118.0,129.8,118.0,123.25,122.05,123.1,72231,88.92,1717, 34445, 47.69
ELGIEQUIP, EQ, 14-Dec-2020,155.4,156.0,169.0,155.9,161.1,162.45,163.77,1676769,2746.02,29751, 687697, 41.01
ELGIRUBCO, EQ, 14-Dec-2020,23.9,23.9,25.0,23.5,23.95,23.65,23.9,88798,21.22,406, 61371, 69.11
EMAMILTD, EQ, 14-Dec-2020,427.3,430.0,433.35,423.1,424.5,426.5,429.6,533223,2290.71,14961, 362146, 67.92
EMAMIPAP, EQ, 14-Dec-2020,80.85,83.45,97.0,81.15,87.5,87.7,87.35,31167,27.23,617, 19412, 62.28
EMAMIREAL, EQ, 14-Dec-2020,50.95,51.25,51.9,49.7,51.15,51.5,50.54,47758,24.14,429, 32550, 68.16
EMBASSY, RR, 14-Dec-2020,356.45,356.45,357.3,352.0,353.5,355.0,353.92,77800,275.35,315, 52000, 66.84
EMCO, BZ, 14-Dec-2020,1.55,1.6,1.6,1.6,1.6,1.6,1.6,43059,0.69,13, -, -
EMKAY, EQ, 14-Dec-2020,72.15,71.55,79.4,71.0,79.0,75.35,73.28,51877,38.02,519, 36486, 70.33
EMMBI, EQ, 14-Dec-2020,77.85,79.75,81.7,78.2,79.3,79.5,79.97,31641,25.3,468, 19188, 60.64
EMOFSR1RDP, MF, 14-Dec-2020,11.05,11.43,11.43,11.1,11.22,11.22,11.2,27921,3.13,5, 27921, 100.00
EMOFSR1RGG, MF, 14-Dec-2020,11.17,11.1,11.18,10.85,11.18,11.17,11.12,118029,13.13,40, 108380, 91.82
ENDURANCE, EQ, 14-Dec-2020,1163.2,1169.05,1178.8,1150.5,1159.0,1160.85,1161.07,178898,2077.13,14528, 140799, 78.70
ENERGYDEV, EQ, 14-Dec-2020,9.8,10.2,10.25,10.0,10.25,10.25,10.24,110256,11.29,292, 97322, 88.27
ENGINERSIN, EQ, 14-Dec-2020,75.4,75.85,79.55,75.7,79.35,79.05,77.99,6627104,5168.31,23777, 3142301, 47.42
ENIL, EQ, 14-Dec-2020,164.6,164.6,166.7,162.3,162.3,163.8,164.11,50420,82.74,703, 44324, 87.91
EPL, EQ, 14-Dec-2020,260.3,261.0,262.0,258.05,260.5,260.45,259.87,70319,182.73,5054, 52064, 74.04
EQ30, EQ, 14-Dec-2020,391.55,391.65,400.0,391.65,400.0,400.0,399.91,184,0.74,15, 182, 98.91
EQUITAS, EQ, 14-Dec-2020,68.9,70.0,71.0,68.85,69.95,70.05,70.02,2902922,2032.53,29527, 2102683, 72.43
EQUITASBNK, EQ, 14-Dec-2020,37.5,37.7,37.85,36.1,37.55,37.6,37.29,1669172,622.48,6821, 1008441, 60.42
ERFLNCDI, N5, 14-Dec-2020,870.0,870.0,870.0,870.0,870.0,870.0,870.0,29,0.25,1, 29, 100.00
ERFLNCDI, N6, 14-Dec-2020,880.0,888.75,889.0,886.0,889.0,888.99,888.57,807,7.17,23, 807, 100.00
ERIS, EQ, 14-Dec-2020,537.75,540.0,548.0,536.5,539.0,537.85,540.88,93705,506.83,6255, 45364, 48.41
EROSMEDIA, EQ, 14-Dec-2020,22.95,23.35,25.2,22.0,24.85,24.85,24.32,1511777,367.67,3280, 592223, 39.17
ESABINDIA, EQ, 14-Dec-2020,1538.05,1557.0,1780.25,1557.0,1726.1,1724.85,1694.74,102677,1740.11,10376, 26595, 25.90
ESCORTS, EQ, 14-Dec-2020,1361.05,1372.0,1372.0,1328.5,1331.9,1332.8,1339.87,1537324,20598.17,78605, 565155, 36.76
ESSARSHPNG, EQ, 14-Dec-2020,9.7,9.9,10.2,9.85,10.0,9.95,10.01,76279,7.64,277, 62186, 81.52
ESTER, EQ, 14-Dec-2020,126.55,126.5,128.35,124.5,125.25,125.35,125.85,295152,371.44,7629, 84291, 28.56
EUROMULTI, EQ, 14-Dec-2020,1.75,1.8,1.8,1.7,1.8,1.8,1.77,19144,0.34,51, 18636, 97.35
EVEREADY, EQ, 14-Dec-2020,195.05,195.8,200.0,195.75,199.8,199.35,197.53,572000,1129.86,8730, 402831, 70.43
EVERESTIND, EQ, 14-Dec-2020,285.25,287.5,289.9,284.05,284.8,285.05,286.96,64964,186.42,1505, 39750, 61.19
EXCEL, BE, 14-Dec-2020,1.85,1.9,1.9,1.9,1.9,1.9,1.9,61333,1.17,20, -, -
EXCELINDUS, EQ, 14-Dec-2020,890.55,890.55,895.0,870.0,874.5,872.65,877.22,11372,99.76,1703, 6422, 56.47
EXIDEIND, EQ, 14-Dec-2020,193.7,194.6,196.85,192.2,193.1,193.65,193.97,2949100,5720.29,21181, 633211, 21.47
EXPLEOSOL, EQ, 14-Dec-2020,466.35,470.0,474.0,457.0,457.0,458.45,464.94,25114,116.76,1296, 17453, 69.50
FACT, EQ, 14-Dec-2020,55.5,55.25,57.35,54.55,55.2,55.6,55.84,473614,264.49,3005, 118995, 25.12
FCL, EQ, 14-Dec-2020,50.1,50.3,51.95,48.05,50.0,49.85,49.81,449465,223.9,3299, 259758, 57.79
FCONSUMER, EQ, 14-Dec-2020,8.8,8.95,9.05,8.8,8.95,8.9,8.91,5231027,466.27,4798, 2551760, 48.78
FCSSOFT, EQ, 14-Dec-2020,0.7,0.75,0.75,0.75,0.75,0.75,0.75,1330052,9.98,254, 1330052, 100.00
FDC, EQ, 14-Dec-2020,346.35,348.8,353.0,346.25,348.35,347.35,349.22,77638,271.13,2374, 35546, 45.78
FEDERALBNK, EQ, 14-Dec-2020,66.25,66.55,69.1,66.55,68.3,68.4,68.37,48793541,33361.95,86227, 11065584, 22.68
FEL, EQ, 14-Dec-2020,11.5,11.75,11.75,11.0,11.55,11.5,11.47,1918082,220.1,2764, 902780, 47.07
FELDVR, EQ, 14-Dec-2020,14.8,15.45,15.45,14.65,15.05,15.0,15.07,52464,7.91,221, 32813, 62.54
FELIX, SM, 14-Dec-2020,36.7,37.0,37.0,37.0,37.0,37.0,37.0,4000,1.48,1, 4000, 100.00
FIEMIND, EQ, 14-Dec-2020,538.2,540.8,544.9,532.4,537.0,537.8,538.38,18012,96.97,1335, 8237, 45.73
FILATEX, EQ, 14-Dec-2020,39.35,39.9,41.95,39.5,41.45,41.15,40.73,1550535,631.59,3850, 1044974, 67.39
FINCABLES, EQ, 14-Dec-2020,358.95,360.0,364.8,353.3,359.95,358.6,361.38,329755,1191.68,10043, 187255, 56.79
FINEORG, EQ, 14-Dec-2020,2490.1,2527.95,2530.0,2481.0,2489.5,2485.3,2495.56,13848,345.58,2146, 7556, 54.56
FINPIPE, EQ, 14-Dec-2020,641.0,636.0,649.9,635.1,637.0,640.25,642.22,46961,301.59,5009, 30764, 65.51
FLEXITUFF, BE, 14-Dec-2020,16.8,16.8,17.55,16.5,16.5,16.55,17.43,42274,7.37,55, -, -
FLFL, EQ, 14-Dec-2020,88.5,89.55,90.9,87.9,88.45,88.35,88.79,254541,226.01,2186, 162975, 64.03
FLUOROCHEM, EQ, 14-Dec-2020,576.55,579.25,583.75,567.65,575.0,575.1,576.05,63545,366.05,1540, 48889, 76.94
FMGOETZE, EQ, 14-Dec-2020,316.8,320.0,324.25,317.85,319.9,319.8,320.06,37968,121.52,1203, 18918, 49.83
FMNL, EQ, 14-Dec-2020,20.2,20.6,20.8,19.0,19.7,19.5,19.81,84671,16.78,478, 49069, 57.95
FOCUS, SM, 14-Dec-2020,20.8,20.75,20.8,20.75,20.8,20.8,20.78,6000,1.25,2, 6000, 100.00
FORCEMOT, EQ, 14-Dec-2020,1426.6,1430.0,1438.0,1390.3,1392.25,1395.55,1404.47,64942,912.09,5190, 25397, 39.11
FORTIS, EQ, 14-Dec-2020,152.15,152.0,157.85,150.1,155.55,155.4,154.25,4544849,7010.48,20836, 2901556, 63.84
FOSECOIND, EQ, 14-Dec-2020,1224.05,1229.0,1249.0,1224.1,1235.1,1244.6,1239.94,2553,31.66,384, 1682, 65.88
FOURTHDIM, SZ, 14-Dec-2020,10.6,10.1,10.1,10.1,10.1,10.1,10.1,2000,0.2,1, 2000, 100.00
FRETAIL, EQ, 14-Dec-2020,79.6,81.0,81.35,79.5,80.05,80.05,80.16,1889032,1514.3,12145, 1153911, 61.08
FSC, EQ, 14-Dec-2020,106.4,108.6,108.6,105.05,106.25,106.2,106.64,48798,52.04,1079, 32676, 66.96
FSL, EQ, 14-Dec-2020,75.0,75.0,79.5,75.0,78.75,78.65,77.93,5510817,4294.76,33734, 3149422, 57.15
GABRIEL, EQ, 14-Dec-2020,112.55,113.7,114.9,111.8,113.9,113.2,113.18,141739,160.42,2570, 67458, 47.59
GAEL, EQ, 14-Dec-2020,121.05,123.7,125.25,122.3,123.9,124.25,124.04,450858,559.27,5107, 231054, 51.25
GAIL, EQ, 14-Dec-2020,125.85,127.0,128.2,125.1,126.0,125.45,126.16,20685428,26097.27,65295, 4121778, 19.93
GAL, EQ, 14-Dec-2020,3.1,3.1,3.25,3.1,3.2,3.2,3.15,43050,1.36,80, 42549, 98.84
GALAXYSURF, EQ, 14-Dec-2020,1900.7,1913.95,1913.95,1880.5,1895.0,1886.8,1893.67,16858,319.23,3466, 8042, 47.70
GALLANTT, EQ, 14-Dec-2020,35.65,35.45,36.35,34.9,35.5,35.35,35.36,10199,3.61,241, 8519, 83.53
GALLISPAT, EQ, 14-Dec-2020,31.85,32.5,33.2,31.6,32.0,31.95,32.14,8250,2.65,79, 6928, 83.98
GAMMNINFRA, EQ, 14-Dec-2020,0.85,0.85,0.85,0.8,0.85,0.8,0.81,3507464,28.56,703, 2132757, 60.81
GANDHITUBE, EQ, 14-Dec-2020,238.85,236.65,239.7,236.0,239.25,238.4,237.54,3463,8.23,157, 2067, 59.69
GANECOS, EQ, 14-Dec-2020,328.7,327.5,335.9,321.0,321.1,322.95,325.73,29868,97.29,499, 23415, 78.39
GANESHHOUC, EQ, 14-Dec-2020,31.7,30.35,33.25,30.35,33.25,32.95,32.43,37121,12.04,212, 26800, 72.20
GANGAFORGE, SM, 14-Dec-2020,20.4,20.6,20.9,19.6,20.9,20.9,20.63,90000,18.56,14, 60000, 66.67
GANGESSECU, EQ, 14-Dec-2020,58.6,59.0,61.6,58.05,58.2,58.6,59.01,26493,15.63,198, 15535, 58.64
GARDENSILK, EQ, 14-Dec-2020,12.0,12.5,12.6,12.05,12.6,12.6,12.53,55798,6.99,200, 48799, 87.46
GARFIBRES, EQ, 14-Dec-2020,2182.95,2190.0,2195.0,2140.0,2152.0,2146.6,2164.34,8919,193.04,1640, 6171, 69.19
GATI, EQ, 14-Dec-2020,87.8,87.95,88.5,85.0,86.65,86.25,86.99,275329,239.51,3616, 162806, 59.13
GAYAHWS, EQ, 14-Dec-2020,0.6,0.65,0.65,0.6,0.65,0.65,0.65,1342000,8.71,416, 1087002, 81.00
GAYAPROJ, EQ, 14-Dec-2020,36.35,38.15,38.15,38.15,38.15,38.15,38.15,521550,198.97,476, 521550, 100.00
GBGLOBAL, EQ, 14-Dec-2020,7.0,7.0,7.35,6.65,6.65,6.7,6.95,9877,0.69,75, 7187, 72.77
GDL, EQ, 14-Dec-2020,115.05,115.05,120.0,115.05,116.55,116.65,117.49,302219,355.06,4068, 149768, 49.56
GEECEE, EQ, 14-Dec-2020,80.95,81.05,84.0,81.0,82.7,81.8,82.53,9090,7.5,305, 7485, 82.34
GEEKAYWIRE, BE, 14-Dec-2020,63.9,64.0,64.0,63.2,64.0,64.0,63.99,13387,8.57,41, -, -
GENESYS, EQ, 14-Dec-2020,55.8,58.5,58.55,55.1,58.55,58.15,57.07,15889,9.07,208, 12968, 81.62
GENUSPAPER, EQ, 14-Dec-2020,5.6,5.75,5.75,5.5,5.6,5.6,5.61,203210,11.4,340, 137167, 67.50
GENUSPOWER, EQ, 14-Dec-2020,34.25,34.25,35.4,34.05,34.95,35.0,34.94,382354,133.61,1189, 257339, 67.30
GEOJITFSL, EQ, 14-Dec-2020,55.4,57.35,59.5,56.0,57.3,57.25,57.28,993661,569.18,5986, 514448, 51.77
GEPIL, EQ, 14-Dec-2020,291.2,298.4,305.75,295.0,305.75,305.75,303.7,654178,1986.77,10105, 328082, 50.15
GESHIP, EQ, 14-Dec-2020,284.65,285.7,290.0,282.75,285.0,285.6,285.7,417885,1193.89,14582, 192064, 45.96
GET&D, EQ, 14-Dec-2020,115.25,117.45,120.45,114.0,116.4,116.65,117.13,122917,143.97,2597, 49767, 40.49
GFLLIMITED, EQ, 14-Dec-2020,85.9,86.65,86.65,84.2,84.85,85.15,85.38,34070,29.09,490, 21755, 63.85
GHCL, EQ, 14-Dec-2020,193.7,196.0,198.1,194.0,194.85,195.45,195.59,259179,506.94,3988, 104461, 40.30
GICHSGFIN, EQ, 14-Dec-2020,114.1,115.2,117.5,114.1,115.6,116.05,116.19,585823,680.66,5027, 219468, 37.46
GICRE, EQ, 14-Dec-2020,142.25,142.9,144.7,141.6,142.7,142.75,142.97,355721,508.57,6418, 183372, 51.55
GILLANDERS, EQ, 14-Dec-2020,40.1,41.95,42.1,40.35,42.1,42.1,42.02,36237,15.23,89, 33648, 92.86
GILLETTE, EQ, 14-Dec-2020,5909.65,5969.0,6200.0,5555.1,5999.95,6008.1,5959.35,23318,1389.6,4426, 5022, 21.54
GINNIFILA, EQ, 14-Dec-2020,20.5,21.3,21.4,19.75,21.35,21.1,20.71,148183,30.69,557, 100915, 68.10
GIPCL, EQ, 14-Dec-2020,81.55,82.15,86.5,81.55,84.8,84.7,84.25,1548282,1304.48,11472, 732088, 47.28
GISOLUTION, EQ, 14-Dec-2020,1.95,2.0,2.0,2.0,2.0,2.0,2.0,18159,0.36,5, 18159, 100.00
GKWLIMITED, EQ, 14-Dec-2020,709.0,730.0,730.0,641.0,648.0,653.05,669.3,6086,40.73,811, 3387, 55.65
GLAND, EQ, 14-Dec-2020,2241.6,2245.0,2273.0,2221.0,2228.0,2224.4,2238.09,167368,3745.84,11201, 108689, 64.94
GLAXO, EQ, 14-Dec-2020,1551.15,1551.35,1560.0,1545.0,1547.05,1549.85,1551.11,21307,330.5,2123, 10958, 51.43
GLENMARK, EQ, 14-Dec-2020,527.35,531.0,534.45,524.6,525.8,526.25,528.47,1022166,5401.81,14901, 213972, 20.93
GLFL, EQ, 14-Dec-2020,2.7,2.75,2.8,2.6,2.6,2.75,2.69,20002,0.54,50, 19550, 97.74
GLOBAL, EQ, 14-Dec-2020,60.9,63.85,63.9,60.9,63.9,63.9,63.39,94083,59.64,416, 84119, 89.41
GLOBALVECT, EQ, 14-Dec-2020,60.7,61.75,61.75,59.0,59.2,59.7,60.17,15215,9.16,333, 8785, 57.74
GLOBE, EQ, 14-Dec-2020,60.45,61.7,62.3,59.4,61.35,61.35,60.58,7325,4.44,33, 4768, 65.09
GLOBOFFS, EQ, 14-Dec-2020,8.2,8.6,8.6,8.35,8.6,8.6,8.56,7767,0.66,53, 5898, 75.94
GLOBUSSPR, EQ, 14-Dec-2020,329.15,333.7,339.75,316.8,331.5,329.9,334.69,117218,392.31,3243, 49022, 41.82
GMBREW, EQ, 14-Dec-2020,425.75,427.85,437.5,426.5,429.9,428.9,430.38,25972,111.78,1113, 11912, 45.86
GMDCLTD, EQ, 14-Dec-2020,51.35,52.0,55.9,51.9,55.3,55.35,54.51,7458930,4065.66,24326, 2344058, 31.43
GMMPFAUDLR, EQ, 14-Dec-2020,3747.6,3784.7,3795.0,3740.0,3742.1,3744.1,3755.68,17179,645.19,3828, 8891, 51.76
GMRINFRA, EQ, 14-Dec-2020,26.6,26.7,27.3,26.35,27.15,27.15,26.95,12463946,3358.57,22238, 4316203, 34.63
GNA, EQ, 14-Dec-2020,259.3,257.3,262.0,256.4,258.3,258.45,259.08,21173,54.85,1034, 12957, 61.20
GNFC, EQ, 14-Dec-2020,242.85,244.6,251.4,240.9,248.4,248.05,245.86,862491,2120.48,11744, 316678, 36.72
GOACARBON, BE, 14-Dec-2020,282.55,280.35,292.0,269.0,288.0,286.75,284.31,18085,51.42,461, -, -
GOCLCORP, EQ, 14-Dec-2020,197.6,203.35,204.15,198.0,204.0,203.1,200.77,10002,20.08,319, 7130, 71.29
GODFRYPHLP, EQ, 14-Dec-2020,1016.35,1019.0,1034.0,1005.0,1009.5,1008.4,1014.23,85694,869.14,7171, 35584, 41.52
GODREJAGRO, EQ, 14-Dec-2020,524.5,528.1,536.6,525.05,527.5,527.95,529.88,118238,626.52,5376, 43926, 37.15
GODREJCP, EQ, 14-Dec-2020,726.6,732.0,732.9,722.1,723.0,723.25,726.08,939165,6819.13,32232, 521496, 55.53
GODREJIND, EQ, 14-Dec-2020,452.65,453.25,454.7,447.5,453.65,451.95,452.3,215860,976.33,6076, 158998, 73.66
GODREJPROP, EQ, 14-Dec-2020,1303.4,1303.4,1315.0,1280.85,1284.65,1290.55,1300.01,773433,10054.7,25317, 151798, 19.63
GOENKA, BZ, 14-Dec-2020,1.15,1.2,1.2,1.15,1.2,1.2,1.19,942523,11.23,381, -, -
GOKEX, EQ, 14-Dec-2020,83.2,83.75,84.65,82.95,83.15,83.25,83.44,125156,104.43,1103, 78459, 62.69
GOKUL, EQ, 14-Dec-2020,15.85,15.85,16.95,15.4,16.5,16.45,16.43,69438,11.41,302, 48782, 70.25
GOKULAGRO, EQ, 14-Dec-2020,17.6,18.4,19.0,17.6,17.75,18.2,18.34,133681,24.51,755, 73793, 55.20
GOLDBEES, EQ, 14-Dec-2020,42.71,42.77,42.8,42.54,42.58,42.56,42.66,2268861,967.99,12943, 1637368, 72.17
GOLDENTOBC, EQ, 14-Dec-2020,31.65,33.15,33.15,30.1,31.7,31.25,31.47,10120,3.18,98, 8756, 86.52
GOLDIAM, EQ, 14-Dec-2020,169.0,171.8,199.2,168.1,197.3,194.9,188.03,461568,867.9,6425, 197527, 42.79
GOLDSHARE, EQ, 14-Dec-2020,4441.1,4440.0,4474.45,4420.0,4433.95,4424.7,4432.81,1578,69.95,378, 1191, 75.48
GOLDTECH, EQ, 14-Dec-2020,9.95,10.15,10.15,9.65,9.9,10.0,9.97,44353,4.42,291, 29688, 66.94
GOODLUCK, EQ, 14-Dec-2020,48.85,49.8,58.6,49.15,58.6,58.1,54.91,1226202,673.26,7476, 450234, 36.72
GOODYEAR, EQ, 14-Dec-2020,1161.0,1066.0,1099.0,1052.25,1060.0,1059.45,1066.2,48064,512.46,5936, 31278, 65.08
GPIL, EQ, 14-Dec-2020,470.85,475.05,485.0,465.1,480.0,480.3,479.96,113053,542.61,2951, 65172, 57.65
GPPL, EQ, 14-Dec-2020,91.9,92.0,94.9,90.7,91.5,91.0,92.24,834200,769.44,9978, 545024, 65.33
GPTINFRA, EQ, 14-Dec-2020,38.0,39.0,39.15,36.55,37.5,37.2,37.42,31535,11.8,306, 21960, 69.64
GRANULES, EQ, 14-Dec-2020,387.6,388.1,390.75,379.5,380.1,380.25,382.61,1097035,4197.39,23662, 740940, 67.54
GRAPHITE, EQ, 14-Dec-2020,278.35,278.5,297.5,278.5,289.0,287.5,290.14,3528051,10236.18,52097, 989794, 28.05
GRASIM, EQ, 14-Dec-2020,902.25,906.65,924.0,906.3,914.05,911.45,916.17,2044684,18732.8,34287, 613930, 30.03
GRAVITA, EQ, 14-Dec-2020,53.95,53.55,60.1,53.55,58.0,58.0,58.01,1134686,658.18,6612, 517080, 45.57
GREAVESCOT, EQ, 14-Dec-2020,83.5,84.4,85.5,83.35,85.15,85.1,84.63,1275985,1079.82,9801, 659073, 51.65
GREENLAM, EQ, 14-Dec-2020,819.35,838.0,838.0,798.15,799.95,800.0,811.68,17829,144.71,696, 16203, 90.88
GREENPANEL, EQ, 14-Dec-2020,112.95,113.65,118.55,107.5,117.7,117.75,113.86,369080,420.23,3276, 259772, 70.38
GREENPLY, EQ, 14-Dec-2020,113.8,114.85,117.9,111.0,112.4,112.4,113.14,437131,494.56,4832, 174540, 39.93
GREENPOWER, EQ, 14-Dec-2020,2.4,2.45,2.6,2.4,2.5,2.5,2.54,9556166,242.36,10205, 6324281, 66.18
GRETEX, SM, 14-Dec-2020,7.35,7.7,7.7,7.7,7.7,7.7,7.7,6000,0.46,1, 6000, 100.00
GRINDWELL, EQ, 14-Dec-2020,670.2,670.2,678.75,655.0,655.0,658.0,664.05,17930,119.06,2369, 6997, 39.02
GROBTEA, EQ, 14-Dec-2020,599.0,586.95,619.0,585.0,585.0,590.6,599.27,441,2.64,75, 302, 68.48
GRPLTD, EQ, 14-Dec-2020,944.75,952.05,969.95,911.0,911.0,922.05,931.59,435,4.05,72, 226, 51.95
GRSE, EQ, 14-Dec-2020,194.45,195.8,201.8,194.6,196.5,196.3,198.46,472501,937.71,4518, 195325, 41.34
GSCLCEMENT, EQ, 14-Dec-2020,35.85,37.0,40.7,36.15,38.0,38.65,38.94,3566211,1388.81,9081, 1193397, 33.46
GSFC, EQ, 14-Dec-2020,77.6,77.9,78.15,75.5,76.25,76.35,76.63,1607500,1231.77,9239, 662772, 41.23
GSPL, EQ, 14-Dec-2020,232.4,234.0,234.0,228.35,233.2,233.05,231.68,649863,1505.62,12232, 351674, 54.12
GSS, EQ, 14-Dec-2020,46.2,46.7,47.0,45.0,45.85,45.3,45.83,40384,18.51,345, 30688, 75.99
GTL, EQ, 14-Dec-2020,4.5,4.7,4.7,4.7,4.7,4.7,4.7,16529,0.78,52, 16529, 100.00
GTLINFRA, EQ, 14-Dec-2020,0.7,0.75,0.75,0.7,0.75,0.75,0.75,20013285,149.66,1843, 14566317, 72.78
GTNIND, EQ, 14-Dec-2020,10.65,10.4,11.15,10.4,10.65,11.1,11.05,5085,0.56,16, 4885, 96.07
GTPL, EQ, 14-Dec-2020,128.25,129.8,132.7,124.3,125.2,125.4,126.69,151477,191.91,2733, 91456, 60.38
GUFICBIO, EQ, 14-Dec-2020,121.75,125.9,125.9,120.9,122.5,122.3,122.75,138377,169.86,2837, 70655, 51.06
GUJALKALI, EQ, 14-Dec-2020,351.65,353.45,358.5,349.7,351.0,351.65,353.76,182042,643.98,6486, 41259, 22.66
GUJAPOLLO, EQ, 14-Dec-2020,199.0,199.5,203.9,197.15,198.35,198.75,199.6,3860,7.7,163, 2160, 55.96
GUJGASLTD, EQ, 14-Dec-2020,348.75,350.0,360.6,347.8,360.6,359.4,357.6,1526224,5457.76,28076, 597423, 39.14
GUJRAFFIA, BE, 14-Dec-2020,15.95,16.7,16.7,15.35,15.4,15.45,15.9,1243,0.2,16, -, -
GULFOILLUB, EQ, 14-Dec-2020,761.5,760.0,774.55,757.45,762.1,766.45,766.38,41864,320.84,2641, 30607, 73.11
GULFPETRO, EQ, 14-Dec-2020,46.25,47.25,47.25,44.55,45.0,45.2,45.45,77605,35.27,663, 53833, 69.37
GULPOLY, EQ, 14-Dec-2020,80.3,81.3,82.45,78.95,81.9,81.15,80.28,55466,44.53,845, 37082, 66.86
GVKPIL, BZ, 14-Dec-2020,3.25,3.3,3.4,3.1,3.25,3.25,3.3,3142560,103.56,1868, -, -
HAL, EQ, 14-Dec-2020,856.8,862.0,878.8,860.8,875.0,873.15,869.75,318900,2773.64,13753, 139395, 43.71
HAPPSTMNDS, EQ, 14-Dec-2020,322.45,324.0,326.9,320.0,320.9,320.7,322.86,740054,2389.35,15214, 269392, 36.40
HARITASEAT, EQ, 14-Dec-2020,479.95,480.4,489.0,477.95,480.15,481.6,484.55,13639,66.09,270, 7496, 54.96
HARRMALAYA, EQ, 14-Dec-2020,118.45,119.0,120.9,114.5,115.1,115.05,116.5,113441,132.16,2287, 50731, 44.72
HATHWAY, EQ, 14-Dec-2020,34.6,34.8,35.6,33.5,34.05,34.15,34.24,489589,167.64,2689, 332569, 67.93
HATSUN, EQ, 14-Dec-2020,805.3,805.3,809.3,777.1,785.95,785.2,785.45,86887,682.45,6489, 37891, 43.61
HAVELLS, EQ, 14-Dec-2020,827.45,829.5,830.55,822.1,826.7,826.95,826.15,628450,5191.93,17572, 227878, 36.26
HAVISHA, BE, 14-Dec-2020,0.75,0.8,0.8,0.75,0.8,0.8,0.8,59454,0.48,82, -, -
HBANKETF, EQ, 14-Dec-2020,302.72,302.72,306.4,302.72,305.15,305.75,304.84,2549,7.77,83, 2526, 99.10
HBLPOWER, EQ, 14-Dec-2020,27.55,27.85,28.45,26.7,27.05,27.1,27.29,683424,186.47,3154, 393534, 57.58
HCC, EQ, 14-Dec-2020,8.2,8.3,9.25,7.95,9.0,8.65,8.39,27793906,2331.46,14452, 10262807, 36.92
HCG, EQ, 14-Dec-2020,159.1,161.8,185.7,159.2,170.9,171.2,173.54,1029851,1787.19,15496, 322026, 31.27
HCL-INSYS, EQ, 14-Dec-2020,9.0,9.4,9.4,8.95,9.0,9.0,9.07,777363,70.52,1327, 546158, 70.26
HCLTECH, EQ, 14-Dec-2020,862.25,866.1,875.65,858.1,873.7,873.0,866.62,5143894,44578.09,114180, 2491901, 48.44
HDFC, EQ, 14-Dec-2020,2295.9,2306.7,2315.65,2270.55,2300.55,2302.65,2292.85,3160235,72459.31,130954, 1884770, 59.64
HDFC, W3, 14-Dec-2020,542.9,549.95,554.0,540.0,548.0,547.2,544.63,9000,49.02,14, 5400, 60.00
HDFCAMC, EQ, 14-Dec-2020,2838.6,2849.0,2852.0,2804.15,2840.35,2841.8,2828.53,204663,5788.96,24683, 84365, 41.22
HDFCBANK, EQ, 14-Dec-2020,1382.8,1383.0,1388.0,1368.0,1369.4,1372.15,1376.22,8611025,118506.94,226700, 4356567, 50.59
HDFCLIFE, EQ, 14-Dec-2020,664.5,667.45,668.0,653.25,655.35,655.75,656.74,2696137,17706.61,84322, 1516435, 56.24
HDFCMFGETF, EQ, 14-Dec-2020,4379.6,4390.0,4392.75,4355.0,4367.0,4360.35,4370.78,8190,357.97,865, 5974, 72.94
HDFCNIFETF, EQ, 14-Dec-2020,1420.87,1400.0,1426.9,1400.0,1419.55,1419.55,1421.94,529,7.52,88, 484, 91.49
HDFCSENETF, EQ, 14-Dec-2020,4880.0,4890.0,4916.0,4890.0,4915.0,4915.0,4912.43,124,6.09,39, 93, 75.00
HDIL, BZ, 14-Dec-2020,7.95,8.3,8.3,8.3,8.3,8.3,8.3,282934,23.48,248, -, -
HEG, EQ, 14-Dec-2020,840.5,844.65,897.75,838.25,882.0,876.1,875.47,2604781,22804.02,79569, 466227, 17.90
HEIDELBERG, EQ, 14-Dec-2020,208.5,209.0,211.5,206.05,211.0,208.8,207.96,196130,407.87,3809, 109459, 55.81
HEMIPROP, EQ, 14-Dec-2020,76.7,77.9,79.0,75.1,78.6,78.4,77.44,1932148,1496.16,8847, 1012168, 52.39
HERCULES, EQ, 14-Dec-2020,120.3,124.5,124.5,118.7,122.0,120.85,120.48,111036,133.78,1610, 41364, 37.25
HERITGFOOD, EQ, 14-Dec-2020,318.35,330.0,332.0,317.0,328.15,328.4,325.69,264987,863.02,6804, 109330, 41.26
HEROMOTOCO, EQ, 14-Dec-2020,3185.3,3214.0,3214.0,3105.0,3114.0,3113.65,3130.99,1421591,44509.9,85526, 490290, 34.49
HESTERBIO, EQ, 14-Dec-2020,1749.0,1757.75,1764.25,1726.0,1726.0,1738.25,1746.31,2967,51.81,361, 2291, 77.22
HEXATRADEX, EQ, 14-Dec-2020,34.45,34.45,35.8,33.15,33.5,35.0,34.63,19325,6.69,129, 12916, 66.84
HFCL, EQ, 14-Dec-2020,21.85,22.5,23.2,21.7,22.65,22.6,22.54,11143550,2511.27,17507, 4885651, 43.84
HGINFRA, EQ, 14-Dec-2020,222.8,223.95,230.8,222.1,222.35,222.85,223.53,29218,65.31,1216, 15532, 53.16
HGS, EQ, 14-Dec-2020,1123.5,1158.0,1249.9,1150.1,1219.4,1201.5,1205.22,104806,1263.14,10417, 33039, 31.52
HHOF1140RD, MF, 14-Dec-2020,8.19,8.8,8.8,8.8,8.8,8.8,8.8,22449,1.98,10, 22449, 100.00
HHOF1140RG, MF, 14-Dec-2020,8.8,8.63,8.87,8.63,8.77,8.77,8.8,35505,3.13,23, 35505, 100.00
HIKAL, EQ, 14-Dec-2020,169.55,171.6,172.0,169.05,169.4,169.25,169.85,351950,597.79,4624, 199451, 56.67
HIL, EQ, 14-Dec-2020,2046.3,2030.0,2075.0,2014.0,2027.9,2026.25,2047.85,10428,213.55,1683, 6036, 57.88
HILTON, EQ, 14-Dec-2020,11.3,11.85,11.85,11.5,11.7,11.85,11.77,23115,2.72,63, 21004, 90.87
HIMATSEIDE, EQ, 14-Dec-2020,146.6,147.95,148.0,142.0,144.0,143.5,144.11,364231,524.9,6431, 190530, 52.31
HINDALCO, EQ, 14-Dec-2020,243.65,245.95,248.15,244.05,245.45,246.35,245.89,10448747,25692.48,61615, 3882214, 37.15
HINDCOMPOS, EQ, 14-Dec-2020,219.5,219.55,225.4,219.5,224.0,223.95,223.36,7409,16.55,455, 5502, 74.26
HINDCON, SM, 14-Dec-2020,26.1,25.65,25.9,25.65,25.9,25.9,25.78,8000,2.06,2, 8000, 100.00
HINDCOPPER, EQ, 14-Dec-2020,44.3,45.0,53.15,44.55,53.15,53.05,50.87,18679294,9501.71,49358, 5140285, 27.52
HINDMOTORS, EQ, 14-Dec-2020,6.6,6.85,6.95,6.55,6.75,6.8,6.72,267026,17.94,687, 197813, 74.08
HINDNATGLS, EQ, 14-Dec-2020,33.6,35.0,40.0,33.65,38.6,38.9,37.48,145813,54.65,1144, 109951, 75.41
HINDOILEXP, EQ, 14-Dec-2020,90.85,92.0,103.75,91.4,101.15,100.0,98.63,3032666,2991.2,21619, 991036, 32.68
HINDPETRO, EQ, 14-Dec-2020,217.35,219.4,229.75,218.05,228.55,228.7,225.62,20815265,46962.99,141936, 7008375, 33.67
HINDUNILVR, EQ, 14-Dec-2020,2374.75,2380.95,2391.4,2356.15,2365.0,2370.75,2376.15,1575632,37439.45,105773, 797372, 50.61
HINDZINC, EQ, 14-Dec-2020,241.2,243.45,247.2,241.4,242.2,242.55,243.33,440451,1071.74,7220, 175555, 39.86
HIRECT, EQ, 14-Dec-2020,149.6,150.5,152.1,147.5,147.5,148.65,149.55,20508,30.67,636, 13301, 64.86
HISARMETAL, EQ, 14-Dec-2020,84.3,85.0,86.4,83.1,83.5,84.15,84.84,4522,3.84,158, 2514, 55.59
HITECH, EQ, 14-Dec-2020,194.85,199.45,199.5,194.15,197.0,197.9,197.72,68461,135.36,339, 35605, 52.01
HITECHCORP, EQ, 14-Dec-2020,118.1,116.6,124.0,112.2,116.7,116.05,118.22,26073,30.82,370, 16241, 62.29
HITECHGEAR, BE, 14-Dec-2020,158.7,160.0,160.0,156.25,156.4,156.5,157.59,1439,2.27,20, -, -
HLVLTD, EQ, 14-Dec-2020,5.2,5.25,5.45,5.05,5.4,5.35,5.34,550482,29.41,729, 419567, 76.22
HMT, BZ, 14-Dec-2020,20.3,21.3,21.3,21.3,21.3,21.3,21.3,12684,2.7,46, -, -
HMVL, EQ, 14-Dec-2020,57.05,57.05,58.45,56.5,58.0,57.75,57.63,57602,33.2,518, 38139, 66.21
HNDFDS, EQ, 14-Dec-2020,1141.15,1157.9,1174.0,1125.0,1130.0,1130.9,1149.51,7829,89.99,897, 5611, 71.67
HNGSNGBEES, EQ, 14-Dec-2020,355.97,355.5,355.5,349.0,351.5,351.49,352.24,2546,8.97,125, 2284, 89.71
HONAUT, EQ, 14-Dec-2020,31270.35,31300.0,31995.0,31210.0,31840.0,31821.8,31614.7,3763,1189.66,2171, 1620, 43.05
HONDAPOWER, EQ, 14-Dec-2020,1025.95,1040.0,1069.0,1030.45,1062.95,1060.35,1049.85,30977,325.21,2922, 14286, 46.12
HOVS, EQ, 14-Dec-2020,40.8,41.5,42.15,39.7,39.9,40.15,40.47,29570,11.97,410, 18754, 63.42
HPL, EQ, 14-Dec-2020,38.25,38.7,39.6,38.0,38.05,38.3,38.46,171982,66.14,1861, 132533, 77.06
HSCL, EQ, 14-Dec-2020,42.3,42.6,43.35,42.5,43.15,43.1,42.88,2168333,929.76,7055, 1237603, 57.08
HSIL, EQ, 14-Dec-2020,105.0,107.0,110.8,106.0,110.2,109.95,108.67,221409,240.61,5483, 131979, 59.61
HTMEDIA, EQ, 14-Dec-2020,15.95,16.3,17.0,15.8,16.8,16.7,16.47,500502,82.45,1228, 288919, 57.73
HUBTOWN, EQ, 14-Dec-2020,14.5,14.5,15.2,14.05,14.7,14.65,14.83,87472,12.97,352, 71325, 81.54
HUDCO, EQ, 14-Dec-2020,39.6,39.9,40.45,39.25,39.7,39.65,39.67,1646539,653.13,5530, 761841, 46.27
HUDCO, N2, 14-Dec-2020,1285.0,1287.0,1293.0,1282.0,1290.0,1290.0,1287.42,1915,24.65,41, 1242, 64.86
HUDCO, N3, 14-Dec-2020,1118.6,1118.6,1119.7,1118.6,1119.2,1119.2,1118.75,330,3.69,13, 330, 100.00
HUDCO, N5, 14-Dec-2020,1265.5,1265.5,1265.5,1241.0,1250.51,1250.51,1245.6,1105,13.76,7, 1100, 99.55
HUDCO, N9, 14-Dec-2020,1255.0,1255.0,1256.0,1254.0,1256.0,1256.0,1254.89,307,3.85,11, 292, 95.11
HUDCO, ND, 14-Dec-2020,1296.0,1295.0,1305.0,1295.0,1305.0,1305.0,1302.04,489,6.37,10, 464, 94.89
HUDCO, NE, 14-Dec-2020,1520.0,1520.01,1527.99,1520.0,1520.0,1520.0,1520.11,337,5.12,9, 286, 84.87
HUHTAMAKI, EQ, 14-Dec-2020,306.2,311.9,312.2,303.0,304.0,304.3,307.53,65153,200.36,1704, 48541, 74.50
HUSYSLTD, SM, 14-Dec-2020,97.75,96.15,96.25,96.05,96.2,96.2,96.15,10000,9.62,5, 8000, 80.00
IBMFNIFTY, EQ, 14-Dec-2020,134.04,130.63,137.75,130.63,134.98,134.98,134.97,414,0.56,41, 192, 46.38
IBREALEST, EQ, 14-Dec-2020,68.0,68.25,69.5,68.2,68.7,68.65,68.92,3384102,2332.38,21626, 2316617, 68.46
IBULHSGFIN, EQ, 14-Dec-2020,192.9,194.95,196.95,193.05,194.5,194.45,194.78,5397358,10512.81,35176, 997230, 18.48
IBULHSGFIN, N6, 14-Dec-2020,962.01,972.0,972.0,970.0,970.0,970.0,970.76,100,0.97,5, 100, 100.00
ICEMAKE, EQ, 14-Dec-2020,107.45,106.0,109.9,102.1,105.0,106.85,104.49,94657,98.9,957, 69167, 73.07
ICICI500, EQ, 14-Dec-2020,182.25,183.0,216.9,181.05,182.61,183.0,183.36,976,1.79,147, 694, 71.11
ICICIALPLV, EQ, 14-Dec-2020,134.0,138.01,138.01,131.0,135.1,135.1,134.42,356,0.48,32, 226, 63.48
ICICIB22, EQ, 14-Dec-2020,31.56,31.21,32.45,31.21,32.42,32.35,32.11,466373,149.76,8247, 389489, 83.51
ICICIBANK, EQ, 14-Dec-2020,515.45,518.1,527.8,518.1,526.0,525.8,523.51,26369591,138046.59,292263, 11211522, 42.52
ICICIBANKN, EQ, 14-Dec-2020,303.33,282.1,306.54,282.1,304.68,304.94,305.24,6160,18.8,255, 2640, 42.86
ICICIBANKP, EQ, 14-Dec-2020,166.34,166.3,168.32,166.3,167.85,167.81,167.42,8013,13.42,79, 7190, 89.73
ICICIGI, EQ, 14-Dec-2020,1466.55,1479.7,1493.9,1469.0,1489.0,1489.75,1483.62,1086597,16120.92,44060, 758601, 69.81
ICICIGOLD, EQ, 14-Dec-2020,43.8,41.2,44.1,41.2,43.55,43.6,43.72,368775,161.23,1310, 335950, 91.10
ICICILIQ, EQ, 14-Dec-2020,999.99,1000.0,1000.0,999.5,1000.0,999.99,1000.0,37815,378.15,72, 37475, 99.10
ICICILOVOL, EQ, 14-Dec-2020,109.91,112.7,112.7,106.25,110.9,110.78,110.51,140686,155.47,398, 136906, 97.31
ICICIM150, EQ, 14-Dec-2020,77.5,77.5,78.3,77.5,78.2,78.2,78.02,1836,1.43,41, 1616, 88.02
ICICIMCAP, EQ, 14-Dec-2020,75.92,75.0,77.09,75.0,76.55,76.57,76.77,2628,2.02,132, 1722, 65.53
ICICINF100, EQ, 14-Dec-2020,146.97,160.2,160.2,142.7,147.05,147.17,146.94,6921,10.17,185, 5082, 73.43
ICICINIFTY, EQ, 14-Dec-2020,143.23,143.26,144.25,142.75,144.06,144.0,143.81,291489,419.19,6907, 147230, 50.51
ICICINV20, EQ, 14-Dec-2020,69.29,68.3,70.3,68.3,70.0,69.76,69.67,3924,2.73,459, 2582, 65.80
ICICINXT50, EQ, 14-Dec-2020,32.33,32.33,32.7,31.1,32.5,32.52,32.49,9095,2.95,248, 6996, 76.92
ICICIPRULI, EQ, 14-Dec-2020,498.65,500.0,500.4,484.9,490.1,490.25,493.12,855417,4218.22,19747, 378191, 44.21
ICICISENSX, EQ, 14-Dec-2020,495.65,490.0,499.69,488.0,499.5,499.12,497.86,2613,13.01,89, 1428, 54.65
ICICITECH, EQ, 14-Dec-2020,227.38,227.0,234.1,225.05,228.15,228.33,227.78,16990,38.7,68, 16371, 96.36
ICIL, EQ, 14-Dec-2020,156.25,154.0,159.7,151.0,153.3,153.7,154.27,127736,197.05,4673, 94423, 73.92
ICRA, EQ, 14-Dec-2020,2777.1,2755.1,2788.3,2640.0,2700.0,2693.8,2681.92,14549,390.19,2210, 8432, 57.96
IDBI, EQ, 14-Dec-2020,41.0,41.75,41.95,40.55,41.0,41.05,40.98,1790713,733.77,5685, 734666, 41.03
IDBIGOLD, EQ, 14-Dec-2020,4530.15,4578.65,4578.65,4501.0,4508.0,4513.35,4519.66,89,4.02,36, 72, 80.90
IDEA, EQ, 14-Dec-2020,10.1,10.25,10.4,9.9,10.05,10.05,10.09,275807086,27828.53,169351, 79433762, 28.80
IDFC, EQ, 14-Dec-2020,38.95,39.4,41.25,39.25,40.85,40.55,40.23,12293878,4945.55,24366, 8103586, 65.92
IDFCFIRSTB, EQ, 14-Dec-2020,37.45,37.9,38.0,37.5,37.7,37.75,37.76,15159919,5723.67,37514, 4442112, 29.30
IDFCFIRSTB, N6, 14-Dec-2020,10625.47,10631.0,10639.0,10631.0,10631.55,10631.55,10636.94,14,1.49,5, 14, 100.00
IDFCFIRSTB, N7, 14-Dec-2020,5374.75,5300.0,5300.0,5287.01,5287.01,5287.01,5288.63,16,0.85,2, 16, 100.00
IDFCFIRSTB, N8, 14-Dec-2020,10800.0,9950.0,10800.0,9950.0,10794.0,10794.0,10747.86,72,7.74,13, 68, 94.44
IDFCFIRSTB, NA, 14-Dec-2020,10910.0,10930.0,10930.0,10930.0,10930.0,10930.0,10930.0,4,0.44,1, 4, 100.00
IDFCFIRSTB, NB, 14-Dec-2020,5340.15,5340.15,5370.0,5330.15,5370.0,5353.45,5345.68,18,0.96,7, 18, 100.00
IDFCFIRSTB, NC, 14-Dec-2020,10425.0,10400.0,10425.0,10395.01,10411.01,10411.01,10412.17,24,2.5,8, 22, 91.67
IDFNIFTYET, EQ, 14-Dec-2020,145.74,145.74,149.0,140.7,144.0,143.21,142.59,1007,1.44,70, 501, 49.75
IEX, EQ, 14-Dec-2020,217.35,218.35,220.3,211.55,213.0,213.2,215.61,1021428,2202.35,13950, 528295, 51.72
IFBAGRO, EQ, 14-Dec-2020,482.6,483.0,579.1,483.0,579.1,579.1,551.39,195128,1075.92,10391, 57801, 29.62
IFBIND, EQ, 14-Dec-2020,1031.75,1080.0,1210.0,1067.5,1154.9,1163.95,1155.45,485725,5612.29,24377, 118056, 24.31
IFCI, EQ, 14-Dec-2020,10.6,10.7,10.95,9.85,10.2,10.25,10.23,13009248,1330.86,118121, 5039604, 38.74
IFCI, NH, 14-Dec-2020,1030.0,1035.0,1040.0,1032.0,1040.0,1040.0,1035.01,457,4.73,8, 457, 100.00
IFCI, NI, 14-Dec-2020,1730.0,1799.0,1799.0,1799.0,1799.0,1799.0,1799.0,50,0.9,1, 50, 100.00
IFCI, NL, 14-Dec-2020,1089.95,1089.95,1094.0,1089.9,1091.6,1093.45,1091.36,1150,12.55,16, 1150, 100.00
IFGLEXPOR, EQ, 14-Dec-2020,191.8,192.0,203.5,192.0,195.5,197.7,198.13,13550,26.85,492, 8000, 59.04
IGARASHI, EQ, 14-Dec-2020,338.3,340.0,346.85,333.45,340.8,339.1,340.29,128854,438.48,4301, 49928, 38.75
IGL, EQ, 14-Dec-2020,482.25,486.2,499.0,483.5,498.2,495.45,489.28,3835715,18767.33,55603, 1074937, 28.02
IGPL, EQ, 14-Dec-2020,471.35,470.0,479.9,462.0,470.0,470.05,469.14,20271,95.1,787, 13552, 66.85
IIFCL, N2, 14-Dec-2020,1184.0,1200.01,1200.01,1200.01,1200.01,1200.01,1200.01,5,0.06,1, 5, 100.00
IIFCL, N4, 14-Dec-2020,1490.0,1487.0,1487.9,1484.0,1485.0,1485.0,1485.32,75,1.11,7, 75, 100.00
IIFL, EQ, 14-Dec-2020,117.15,117.15,120.9,117.15,118.35,118.3,118.99,974926,1160.03,8455, 295533, 30.31
IIFL, N2, 14-Dec-2020,1081.8,1152.0,1152.0,1152.0,1152.0,1152.0,1152.0,25,0.29,1, 25, 100.00
IIFL, N4, 14-Dec-2020,1028.55,1031.0,1040.0,1030.0,1033.25,1033.89,1032.25,1935,19.97,19, 1750, 90.44
IIFL, N5, 14-Dec-2020,1105.0,1105.0,1105.0,1091.0,1104.25,1104.25,1098.44,90,0.99,3, 50, 55.56
IIFL, N6, 14-Dec-2020,1005.0,1085.0,1085.0,1005.0,1005.0,1005.0,1045.0,2,0.02,2, 1, 50.00
IIFL, N7, 14-Dec-2020,1079.42,1011.05,1080.0,1011.05,1080.0,1080.0,1055.18,289,3.05,9, 189, 65.40
IIFL, N9, 14-Dec-2020,1023.75,1026.0,1026.0,1026.0,1026.0,1026.0,1026.0,25,0.26,2, 25, 100.00
IIFL, NC, 14-Dec-2020,1000.0,1049.75,1049.75,1049.75,1049.75,1049.75,1049.75,25,0.26,1, 25, 100.00
IIFLSEC, EQ, 14-Dec-2020,47.55,48.0,48.4,46.65,47.5,47.35,47.36,376711,178.41,1823, 227165, 60.30
IIFLWAM, EQ, 14-Dec-2020,1046.15,1046.15,1089.9,1046.15,1066.9,1064.6,1070.27,28277,302.64,4242, 17291, 61.15
IITL, EQ, 14-Dec-2020,84.05,84.05,88.25,81.1,83.1,83.05,87.28,13185,11.51,124, 11239, 85.24
IL&FSENGG, BZ, 14-Dec-2020,4.0,4.2,4.2,4.2,4.2,4.2,4.2,10970,0.46,23, -, -
IL&FSTRANS, BZ, 14-Dec-2020,1.85,1.9,1.9,1.9,1.9,1.9,1.9,16225,0.31,25, -, -
IMAGICAA, EQ, 14-Dec-2020,6.75,7.4,7.45,6.5,7.0,7.0,7.03,681543,47.93,1013, 494508, 72.56
IMFA, EQ, 14-Dec-2020,297.15,300.1,302.95,294.0,297.6,298.6,298.29,12188,36.36,983, 6450, 52.92
IMPAL, EQ, 14-Dec-2020,594.05,606.0,624.5,595.0,605.0,603.05,606.73,6572,39.87,635, 4276, 65.06
IMPEXFERRO, EQ, 14-Dec-2020,0.75,0.75,0.8,0.75,0.75,0.75,0.78,34793,0.27,59, 34493, 99.14
INDBANK, EQ, 14-Dec-2020,12.05,12.4,12.6,12.05,12.3,12.2,12.28,65060,7.99,314, 55463, 85.25
INDHOTEL, EQ, 14-Dec-2020,127.9,128.85,130.25,127.8,128.5,128.45,128.83,1286919,1657.88,15160, 542788, 42.18
INDIACEM, EQ, 14-Dec-2020,148.9,149.15,154.95,149.1,151.8,152.05,152.71,1789581,2732.86,17479, 762791, 42.62
INDIAGLYCO, EQ, 14-Dec-2020,304.25,305.9,319.0,305.2,307.5,309.05,313.82,620427,1947.02,15520, 172736, 27.84
INDIAMART, EQ, 14-Dec-2020,5357.95,5399.0,5399.95,5330.0,5390.0,5387.85,5381.89,41060,2209.8,12089, 30784, 74.97
INDIANB, EQ, 14-Dec-2020,85.95,85.95,97.75,85.9,95.8,95.9,92.81,14205688,13184.17,54897, 3218838, 22.66
INDIANCARD, EQ, 14-Dec-2020,105.7,105.5,114.65,105.5,113.4,113.15,112.32,6067,6.81,203, 3819, 62.95
INDIANHUME, EQ, 14-Dec-2020,192.35,195.4,203.0,192.9,198.5,198.7,197.54,169161,334.17,4062, 85522, 50.56
INDIGO, EQ, 14-Dec-2020,1729.9,1728.0,1732.5,1697.5,1718.0,1715.1,1710.26,1161901,19871.47,40702, 329644, 28.37
INDIGRID, IV, 14-Dec-2020,113.66,113.99,114.0,113.12,113.9,113.66,113.71,479682,545.46,140, 435456, 90.78
INDLMETER, EQ, 14-Dec-2020,20.05,20.05,20.05,19.05,19.45,19.45,19.3,4949,0.96,40, 4475, 90.42
INDNIPPON, EQ, 14-Dec-2020,356.15,363.8,363.95,354.7,354.7,355.4,358.8,10258,36.81,525, 5958, 58.08
INDOCO, EQ, 14-Dec-2020,284.45,285.9,289.75,278.5,280.0,280.05,283.18,102926,291.47,3533, 56283, 54.68
INDORAMA, EQ, 14-Dec-2020,36.0,37.8,37.8,34.3,34.5,34.55,36.57,258009,94.35,1337, 182737, 70.83
INDOSOLAR, BZ, 14-Dec-2020,1.5,1.55,1.55,1.55,1.55,1.55,1.55,98281,1.52,37, -, -
INDOSTAR, EQ, 14-Dec-2020,319.55,328.0,334.65,315.0,317.5,317.65,322.33,97619,314.66,3485, 32562, 33.36
INDOTECH, EQ, 14-Dec-2020,112.3,114.45,114.45,109.1,111.9,110.9,110.93,9029,10.02,375, 5104, 56.53
INDOTHAI, EQ, 14-Dec-2020,22.0,22.55,23.1,21.35,23.1,22.95,22.79,10387,2.37,58, 8196, 78.91
INDOWIND, EQ, 14-Dec-2020,4.35,4.35,4.75,4.3,4.6,4.6,4.53,370291,16.79,509, 270066, 72.93
INDRAMEDCO, EQ, 14-Dec-2020,61.35,62.0,62.1,59.5,60.1,60.1,60.3,478437,288.48,3979, 259397, 54.22
INDSWFTLAB, EQ, 14-Dec-2020,62.0,61.85,63.45,59.25,61.55,61.8,61.49,72524,44.59,571, 55512, 76.54
INDSWFTLTD, BE, 14-Dec-2020,4.25,4.25,4.3,4.05,4.05,4.05,4.2,1545,0.06,10, -, -
INDTERRAIN, EQ, 14-Dec-2020,33.85,34.7,35.25,33.65,34.85,34.7,34.54,307721,106.28,1512, 208896, 67.88
INDUSINDBK, EQ, 14-Dec-2020,923.75,927.0,935.0,918.05,920.65,921.25,927.76,5936096,55072.85,107627, 961735, 16.20
INEOSSTYRO, EQ, 14-Dec-2020,778.7,780.55,844.0,773.95,825.5,830.25,819.17,261123,2139.05,9412, 102403, 39.22
INFIBEAM, BE, 14-Dec-2020,85.55,85.55,88.7,82.4,87.0,85.35,84.91,150623,127.89,883, -, -
INFOBEAN, EQ, 14-Dec-2020,132.7,135.0,135.0,130.0,132.0,132.3,132.02,14561,19.22,267, 8242, 56.60
INFRABEES, EQ, 14-Dec-2020,373.01,373.0,379.98,373.0,379.0,378.97,376.48,642,2.42,39, 456, 71.03
INFRATEL, EQ, 14-Dec-2020,244.9,245.15,253.15,241.05,245.3,246.35,249.21,10264387,25579.89,79420, 1730844, 16.86
INFY, EQ, 14-Dec-2020,1163.2,1169.4,1172.6,1148.2,1163.5,1164.55,1159.72,6728187,78028.06,186990, 3574438, 53.13
INGERRAND, EQ, 14-Dec-2020,637.6,637.6,643.9,630.6,638.0,637.75,635.41,32331,205.43,3980, 17230, 53.29
INNOVATIVE, SM, 14-Dec-2020,7.95,8.3,8.3,8.3,8.3,8.3,8.3,3000,0.25,1, 3000, 100.00
INOXLEISUR, EQ, 14-Dec-2020,291.8,292.95,293.65,287.5,289.75,289.35,290.2,586921,1703.22,13895, 317071, 54.02
INOXWIND, EQ, 14-Dec-2020,55.5,57.9,59.85,56.15,58.8,58.25,57.86,523487,302.88,3833, 289626, 55.33
INSECTICID, EQ, 14-Dec-2020,451.2,452.6,481.0,451.25,467.95,467.75,470.75,101015,475.53,3466, 37638, 37.26
INSPIRISYS, EQ, 14-Dec-2020,29.25,29.9,32.15,29.9,32.15,32.15,31.45,89972,28.3,298, 62849, 69.85
INTEGRA, EQ, 14-Dec-2020,1.35,1.4,1.4,1.4,1.4,1.4,1.4,4089,0.06,7, 4089, 100.00
INTELLECT, EQ, 14-Dec-2020,286.45,286.0,300.75,286.0,300.75,300.75,297.71,535022,1592.84,10635, 335438, 62.70
INTENTECH, EQ, 14-Dec-2020,36.55,37.25,39.2,36.1,39.15,38.7,37.68,52555,19.8,436, 39285, 74.75
INVENTURE, EQ, 14-Dec-2020,24.0,24.9,25.45,23.65,23.65,23.9,24.44,45329,11.08,252, 28115, 62.02
IOB, EQ, 14-Dec-2020,11.5,11.6,11.7,11.35,11.6,11.55,11.52,3278842,377.85,4216, 1611557, 49.15
IOC, EQ, 14-Dec-2020,93.85,95.0,96.8,94.6,96.3,96.2,95.93,34961172,33537.89,89098, 9447858, 27.02
IOLCP, EQ, 14-Dec-2020,768.0,770.1,774.45,763.95,767.0,765.5,767.84,154724,1188.04,5754, 82814, 53.52
IPCALAB, EQ, 14-Dec-2020,2211.2,2229.9,2257.9,2211.0,2221.0,2228.1,2239.65,335234,7508.08,54677, 196081, 58.49
IRB, EQ, 14-Dec-2020,114.55,114.55,115.45,112.45,113.0,113.2,113.53,340454,386.52,3960, 174485, 51.25
IRBINVIT, IV, 14-Dec-2020,43.0,43.0,43.04,42.57,42.62,42.65,42.78,120000,51.33,43, 107500, 89.58
IRCON, EQ, 14-Dec-2020,90.85,91.4,91.6,89.7,90.75,90.55,90.47,706812,639.45,5116, 321822, 45.53
IRCTC, EQ, 14-Dec-2020,1421.0,1424.9,1508.7,1422.05,1478.0,1479.0,1475.8,9444600,139383.49,273051, 2057690, 21.79
IREDA, N2, 14-Dec-2020,1488.0,1479.99,1479.99,1479.99,1479.99,1479.99,1479.99,5,0.07,1, 5, 100.00
IREDA, N6, 14-Dec-2020,1499.9,1539.9,1539.9,1535.0,1535.0,1535.0,1537.45,2,0.03,2, 1, 50.00
IRFC, N1, 14-Dec-2020,1062.5,1157.2,1159.9,1059.9,1064.9,1064.39,1099.33,3891,42.77,46, 835, 21.46
IRFC, N9, 14-Dec-2020,1201.69,1250.0,1250.0,1250.0,1250.0,1250.0,1250.0,3,0.04,1, 3, 100.00
IRFC, NE, 14-Dec-2020,1375.0,1389.47,1389.47,1351.0,1370.18,1370.18,1354.55,2339,31.68,20, 2000, 85.51
IRFC, NI, 14-Dec-2020,1147.95,1144.99,1144.99,1144.99,1144.99,1144.99,1144.99,5,0.06,1, 5, 100.00
IRFC, NJ, 14-Dec-2020,1241.0,1241.0,1241.0,1241.0,1241.0,1241.0,1241.0,200,2.48,2, 200, 100.00
IRFC, NO, 14-Dec-2020,1252.86,1251.99,1252.95,1251.99,1252.0,1252.08,1252.5,2035,25.49,15, 1985, 97.54
ISEC, EQ, 14-Dec-2020,468.3,471.0,474.0,464.05,464.1,465.6,467.28,759961,3551.12,23389, 505900, 66.57
ISFT, EQ, 14-Dec-2020,66.7,67.2,68.65,63.4,65.1,65.15,64.92,19517,12.67,462, 13569, 69.52
ISMTLTD, EQ, 14-Dec-2020,11.4,10.85,11.5,10.85,11.05,11.0,10.96,171617,18.8,351, 136114, 79.31
ITC, EQ, 14-Dec-2020,216.3,217.95,218.6,215.0,215.55,215.9,216.6,26990063,58460.26,160180, 8649787, 32.05
ITDC, EQ, 14-Dec-2020,275.05,275.0,288.4,275.0,281.65,282.15,281.54,93270,262.59,3323, 26211, 28.10
ITDCEM, EQ, 14-Dec-2020,57.25,57.65,61.0,57.05,59.35,59.75,58.89,1439185,847.47,7822, 550931, 38.28
ITI, EQ, 14-Dec-2020,127.65,128.1,135.25,127.3,134.8,132.85,131.69,1424436,1875.85,13268, 661050, 46.41
IVC, BE, 14-Dec-2020,5.25,5.4,5.5,5.2,5.45,5.45,5.39,292087,15.75,408, -, -
IVP, BE, 14-Dec-2020,66.5,66.5,69.8,63.25,69.8,69.8,67.43,3963,2.67,42, -, -
IVZINGOLD, EQ, 14-Dec-2020,4442.0,4411.0,4449.0,4401.0,4401.0,4405.6,4421.08,43,1.9,18, 27, 62.79
IVZINNIFTY, EQ, 14-Dec-2020,1444.75,1450.4,1462.1,1450.4,1462.1,1461.8,1459.09,25,0.36,8, 12, 48.00
IZMO, EQ, 14-Dec-2020,53.45,54.0,56.1,53.25,53.5,53.9,54.95,58631,32.22,886, 34552, 58.93
J&KBANK, EQ, 14-Dec-2020,24.4,24.95,25.0,24.3,24.6,24.5,24.55,2696600,661.97,6332, 1400001, 51.92
JAGRAN, EQ, 14-Dec-2020,44.1,45.55,46.9,45.0,46.35,46.2,46.32,1414758,655.33,6113, 703892, 49.75
JAGSNPHARM, EQ, 14-Dec-2020,66.5,68.45,77.7,65.9,72.5,71.7,72.51,697872,506.01,6805, 267920, 38.39
JAIBALAJI, EQ, 14-Dec-2020,20.5,20.95,20.95,19.85,20.6,20.2,20.75,6653,1.38,51, 5487, 82.47
JAICORPLTD, EQ, 14-Dec-2020,94.1,94.8,95.3,92.15,93.1,93.25,93.82,933877,876.14,4801, 282008, 30.20
JAIHINDPRO, BZ, 14-Dec-2020,1.6,1.6,1.6,1.55,1.55,1.55,1.58,211,0.0,5, -, -
JAINSTUDIO, BZ, 14-Dec-2020,1.5,1.55,1.55,1.55,1.55,1.55,1.55,1,0.0,1, -, -
JAMNAAUTO, EQ, 14-Dec-2020,54.45,55.05,56.25,54.9,55.45,55.25,55.8,1796131,1002.2,5020, 1288223, 71.72
JASH, EQ, 14-Dec-2020,222.8,229.85,229.9,222.35,225.0,224.5,225.99,7893,17.84,247, 5471, 69.31
JAYAGROGN, EQ, 14-Dec-2020,120.4,124.8,126.0,120.65,123.0,122.3,123.18,20976,25.84,661, 9358, 44.61
JAYBARMARU, EQ, 14-Dec-2020,251.05,250.0,254.0,250.0,252.35,251.6,251.56,22263,56.01,945, 9944, 44.67
JAYNECOIND, EQ, 14-Dec-2020,5.6,5.85,5.85,5.85,5.85,5.85,5.85,8619,0.5,23, 8619, 100.00
JAYSREETEA, EQ, 14-Dec-2020,73.85,74.4,75.45,72.5,73.15,72.95,73.68,227188,167.4,2228, 83131, 36.59
JBCHEPHARM, EQ, 14-Dec-2020,999.2,1007.8,1069.0,995.3,1025.75,1022.2,1038.69,144642,1502.38,15370, 84108, 58.15
JBFIND, EQ, 14-Dec-2020,10.1,10.6,10.6,10.25,10.6,10.6,10.6,67940,7.2,1207, 56088, 82.56
JBMA, EQ, 14-Dec-2020,273.85,275.25,280.0,273.8,277.05,276.75,277.35,20104,55.76,735, 12961, 64.47
JCHAC, EQ, 14-Dec-2020,2211.05,2215.0,2230.35,2186.1,2190.0,2193.9,2196.82,31016,681.37,1520, 4600, 14.83
JETAIRWAYS, BZ, 14-Dec-2020,86.75,91.05,91.05,88.0,91.05,91.05,90.91,373873,339.9,1059, -, -
JHS, EQ, 14-Dec-2020,20.0,20.25,22.0,20.1,22.0,22.0,21.5,246128,52.91,826, 197397, 80.20
JIKIND, BE, 14-Dec-2020,0.55,0.6,0.6,0.55,0.6,0.6,0.6,73090,0.44,49, -, -
JINDALPHOT, EQ, 14-Dec-2020,30.7,32.2,32.2,32.2,32.2,32.2,32.2,20982,6.76,169, 20910, 99.66
JINDALPOLY, EQ, 14-Dec-2020,467.35,465.1,478.0,465.05,474.6,473.3,471.18,22922,108.0,1721, 13946, 60.84
JINDALSAW, EQ, 14-Dec-2020,76.45,77.0,77.7,75.7,76.95,76.9,76.73,1330110,1020.62,6568, 419702, 31.55
JINDALSTEL, EQ, 14-Dec-2020,260.6,264.85,269.4,261.0,263.4,263.3,264.79,9956703,26364.21,60047, 1844392, 18.52
JINDRILL, EQ, 14-Dec-2020,97.0,98.0,99.9,96.0,98.4,97.75,98.25,54006,53.06,950, 25131, 46.53
JINDWORLD, EQ, 14-Dec-2020,49.3,49.95,59.15,48.75,59.15,59.15,54.88,488023,267.84,4679, 153481, 31.45
JISLDVREQS, EQ, 14-Dec-2020,12.65,12.65,13.2,12.3,13.0,13.0,12.78,154626,19.77,437, 92196, 59.63
JISLJALEQS, EQ, 14-Dec-2020,19.1,19.3,20.05,18.6,20.05,20.05,19.48,5507530,1072.75,5563, 3229615, 58.64
JITFINFRA, BE, 14-Dec-2020,10.35,9.85,10.25,9.85,9.85,9.95,9.92,12319,1.22,90, -, -
JIYAECO, BE, 14-Dec-2020,7.1,7.0,7.2,7.0,7.1,7.1,7.11,96409,6.86,190, -, -
JKCEMENT, EQ, 14-Dec-2020,1948.8,1950.0,1970.0,1921.05,1936.25,1936.6,1943.49,110735,2152.13,6165, 72188, 65.19
JKIL, EQ, 14-Dec-2020,135.3,135.0,137.7,133.65,136.0,135.95,135.84,86205,117.1,1658, 58307, 67.64
JKLAKSHMI, EQ, 14-Dec-2020,343.75,345.0,347.8,340.1,341.0,340.7,343.84,257872,886.68,6278, 161017, 62.44
JKPAPER, EQ, 14-Dec-2020,101.8,104.1,104.8,102.7,103.15,103.4,103.52,1053544,1090.61,8755, 438303, 41.60
JKTYRE, EQ, 14-Dec-2020,82.65,83.0,84.0,78.55,79.75,79.8,80.97,1405548,1138.06,8479, 715630, 50.91
JMA, EQ, 14-Dec-2020,32.0,32.65,32.9,31.15,32.2,32.3,32.16,10760,3.46,98, 10118, 94.03
JMCPROJECT, EQ, 14-Dec-2020,67.85,68.0,68.9,66.25,66.75,66.6,66.96,159258,106.64,1907, 89533, 56.22
JMFINANCIL, EQ, 14-Dec-2020,82.3,82.95,84.5,82.25,82.95,83.25,83.09,8149922,6771.53,15455, 6554471, 80.42
JMTAUTOLTD, EQ, 14-Dec-2020,2.7,2.75,2.75,2.55,2.6,2.6,2.62,2226050,58.27,1390, 1231898, 55.34
JOCIL, EQ, 14-Dec-2020,178.75,177.3,186.0,170.0,183.1,183.95,182.13,24189,44.06,469, 12857, 53.15
JPASSOCIAT, EQ, 14-Dec-2020,7.55,7.9,7.9,7.7,7.9,7.9,7.88,16885709,1330.06,6002, 10041192, 59.47
JPINFRATEC, EQ, 14-Dec-2020,2.4,2.5,2.5,2.5,2.5,2.5,2.5,1615286,40.38,332, 1615285, 100.00
JPOLYINVST, EQ, 14-Dec-2020,19.25,20.2,20.2,18.5,20.0,19.8,19.82,4905,0.97,104, 3373, 68.77
JPPOWER, EQ, 14-Dec-2020,3.9,4.15,4.25,4.0,4.1,4.1,4.2,116279644,4881.06,26769, 55591862, 47.81
JSL, EQ, 14-Dec-2020,67.65,68.35,70.15,66.6,67.0,66.85,68.3,676609,462.12,3779, 362016, 53.50
JSLHISAR, EQ, 14-Dec-2020,133.0,133.8,137.5,131.4,132.0,132.8,133.8,788627,1055.19,8799, 351605, 44.58
JSWENERGY, EQ, 14-Dec-2020,67.95,68.35,68.75,67.0,67.85,67.9,67.67,976105,660.51,4542, 482626, 49.44
JSWHL, EQ, 14-Dec-2020,3481.45,3449.95,4038.5,3404.75,3806.0,3963.95,3721.36,17478,650.42,2108, 9975, 57.07
JSWISPL, EQ, 14-Dec-2020,27.5,28.0,28.1,27.0,27.6,27.4,27.65,601779,166.37,1350, 429085, 71.30
JSWSTEEL, EQ, 14-Dec-2020,359.65,363.95,364.9,356.3,358.0,357.5,360.31,4927085,17752.63,42798, 763413, 15.49
JTEKTINDIA, EQ, 14-Dec-2020,83.45,83.75,88.55,83.45,86.3,86.15,86.81,559542,485.74,5328, 261418, 46.72
JUBILANT, EQ, 14-Dec-2020,796.25,810.0,832.95,798.25,815.1,809.75,817.35,349226,2854.39,13101, 138887, 39.77
JUBLFOOD, EQ, 14-Dec-2020,2648.15,2667.0,2678.95,2592.05,2627.15,2633.65,2631.04,891501,23455.72,40822, 203034, 22.77
JUBLINDS, EQ, 14-Dec-2020,252.1,252.9,253.5,237.95,246.6,245.3,244.09,72620,177.26,2181, 33071, 45.54
JUMPNET, EQ, 14-Dec-2020,17.4,17.7,17.7,17.1,17.7,17.7,17.68,2002683,354.12,1818, 1508503, 75.32
JUNIORBEES, EQ, 14-Dec-2020,332.59,342.0,342.0,330.5,335.8,335.6,334.84,63688,213.25,3490, 41633, 65.37
JUSTDIAL, EQ, 14-Dec-2020,608.25,615.9,632.1,610.0,615.5,617.4,622.28,891393,5546.92,26447, 194161, 21.78
JYOTHYLAB, EQ, 14-Dec-2020,141.3,142.0,149.0,141.5,144.45,145.3,144.62,2942090,4254.73,29633, 1140668, 38.77
JYOTISTRUC, BZ, 14-Dec-2020,4.4,4.6,4.6,4.5,4.6,4.6,4.59,75827,3.48,106, -, -
KABRAEXTRU, EQ, 14-Dec-2020,93.65,94.45,96.15,91.9,95.0,94.95,94.47,52753,49.84,620, 39856, 75.55
KAJARIACER, EQ, 14-Dec-2020,666.6,669.9,679.0,660.0,676.5,676.7,671.58,151505,1017.48,5392, 88240, 58.24
KAKATCEM, EQ, 14-Dec-2020,187.7,188.5,192.0,187.1,188.4,188.85,188.96,18765,35.46,460, 10958, 58.40
KALPATPOWR, EQ, 14-Dec-2020,324.25,325.0,326.9,317.05,320.15,319.9,320.09,476180,1524.23,11599, 237096, 49.79
KALYANIFRG, BE, 14-Dec-2020,152.3,157.0,157.2,148.0,155.0,154.25,152.42,1962,2.99,37, -, -
KAMATHOTEL, EQ, 14-Dec-2020,35.55,37.5,41.8,36.5,39.9,40.8,40.06,1813717,726.63,8164, 592524, 32.67
KAMDHENU, EQ, 14-Dec-2020,108.25,109.85,111.3,101.8,106.75,107.45,106.83,202473,216.31,4129, 80810, 39.91
KANANIIND, EQ, 14-Dec-2020,3.95,3.8,4.1,3.8,4.0,4.0,4.0,37003,1.48,60, 14589, 39.43
KANORICHEM, EQ, 14-Dec-2020,45.55,45.95,47.0,44.75,45.15,45.1,45.39,40656,18.45,466, 25575, 62.91
KANSAINER, EQ, 14-Dec-2020,548.6,554.0,557.9,542.0,556.0,549.45,547.45,207118,1133.88,12392, 146724, 70.84
KAPSTON, BE, 14-Dec-2020,96.8,98.0,100.0,97.6,100.0,98.6,99.42,251,0.25,6, -, -
KARDA, EQ, 14-Dec-2020,125.25,129.55,130.4,123.0,125.95,125.95,126.52,10406,13.17,232, 4762, 45.76
KARMAENG, EQ, 14-Dec-2020,11.95,12.65,13.95,11.7,13.2,13.0,12.66,19820,2.51,201, 18057, 91.10
KARURVYSYA, EQ, 14-Dec-2020,47.15,47.8,48.45,46.05,47.65,47.9,47.19,5376599,2537.17,20274, 2620197, 48.73
KAUSHALYA, EQ, 14-Dec-2020,1.9,1.95,1.95,1.95,1.95,1.95,1.95,5181,0.1,13, 5181, 100.00
KAYA, EQ, 14-Dec-2020,286.6,287.0,294.6,282.0,286.7,288.8,288.36,13308,38.38,633, 9879, 74.23
KCP, EQ, 14-Dec-2020,70.3,70.95,71.9,69.7,70.55,71.0,70.88,250221,177.35,2076, 141399, 56.51
KCPSUGIND, EQ, 14-Dec-2020,17.05,17.25,17.3,16.75,17.1,17.1,17.04,459567,78.32,978, 284861, 61.98
KDDL, EQ, 14-Dec-2020,209.95,221.9,221.9,201.05,203.6,203.85,206.06,4813,9.92,216, 3274, 68.02
KEC, EQ, 14-Dec-2020,367.0,384.95,384.95,357.0,367.55,368.0,374.54,952693,3568.23,20798, 231053, 24.25
KECL, EQ, 14-Dec-2020,15.4,15.95,15.95,15.45,15.7,15.65,15.67,61701,9.67,288, 52695, 85.40
KEERTI, EQ, 14-Dec-2020,28.25,28.5,28.5,26.35,26.8,27.1,27.51,26441,7.28,62, 11093, 41.95
KEI, EQ, 14-Dec-2020,420.85,420.05,425.95,415.1,421.2,421.15,420.31,118517,498.14,7025, 78569, 66.29
KELLTONTEC, EQ, 14-Dec-2020,61.9,63.2,70.5,60.0,69.75,69.55,65.84,3472635,2286.28,11711, 1500793, 43.22
KENNAMET, EQ, 14-Dec-2020,879.25,863.6,904.85,863.6,871.0,876.05,883.57,9550,84.38,756, 5530, 57.91
KERNEX, BE, 14-Dec-2020,24.25,24.3,25.45,23.2,25.45,25.4,25.02,25314,6.33,108, -, -
KESORAMIND, EQ, 14-Dec-2020,50.05,50.0,53.35,50.0,52.45,52.65,52.09,1597245,832.05,6588, 745399, 46.67
KEYFINSERV, EQ, 14-Dec-2020,89.6,94.05,94.05,94.0,94.05,94.05,94.05,9653,9.08,150, 8626, 89.36
KGL, BZ, 14-Dec-2020,0.35,0.4,0.4,0.35,0.4,0.4,0.37,3661972,13.62,429, -, -
KHADIM, EQ, 14-Dec-2020,125.3,125.65,143.95,125.2,131.55,134.7,136.53,1609843,2197.93,25950, 483913, 30.06
KHAICHEM, EQ, 14-Dec-2020,21.8,22.3,23.5,22.05,22.6,22.85,22.75,334750,76.17,1899, 163391, 48.81
KHANDSE, EQ, 14-Dec-2020,9.3,9.6,10.5,9.15,10.2,10.1,9.95,14816,1.47,137, 9623, 64.95
KICL, EQ, 14-Dec-2020,1371.0,1398.0,1398.0,1357.0,1389.0,1385.0,1375.04,1436,19.75,338, 897, 62.47
KILITCH, BE, 14-Dec-2020,93.15,93.15,95.15,91.5,93.6,92.15,92.9,4706,4.37,60, -, -
KINGFA, EQ, 14-Dec-2020,536.65,532.3,591.0,532.3,578.0,577.4,565.55,18478,104.5,1393, 8291, 44.87
KIOCL, EQ, 14-Dec-2020,129.9,142.85,142.85,142.85,142.85,142.85,142.85,220692,315.26,965, 187682, 85.04
KIRIINDUS, EQ, 14-Dec-2020,463.3,465.55,466.9,455.0,455.0,456.45,458.89,82322,377.77,6667, 47691, 57.93
KIRLFER, EQ, 14-Dec-2020,144.95,146.75,147.2,142.0,143.0,142.85,144.21,94731,136.61,2634, 66847, 70.57
KIRLOSBROS, EQ, 14-Dec-2020,132.15,134.9,135.25,129.0,133.0,133.35,133.27,112882,150.43,3528, 45458, 40.27
KIRLOSENG, EQ, 14-Dec-2020,121.65,122.0,123.05,121.0,121.75,121.85,121.95,105064,128.12,1772, 58401, 55.59
KIRLOSIND, EQ, 14-Dec-2020,804.35,802.05,820.0,790.2,800.0,798.15,800.41,1880,15.05,272, 1464, 77.87
KITEX, EQ, 14-Dec-2020,116.0,116.8,116.9,113.05,113.9,113.8,114.73,191107,219.26,2372, 102792, 53.79
KKCL, EQ, 14-Dec-2020,818.9,820.0,855.0,801.0,828.9,824.0,829.81,933,7.74,192, 674, 72.24
KMSUGAR, EQ, 14-Dec-2020,11.95,11.95,12.2,11.6,11.8,11.9,11.88,394806,46.9,621, 224241, 56.80
KNRCON, EQ, 14-Dec-2020,295.5,299.3,299.65,295.05,295.2,296.35,297.53,82673,245.98,5223, 42718, 51.67
KOHINOOR, BZ, 14-Dec-2020,8.8,8.9,9.2,8.8,9.2,9.2,9.14,21294,1.95,98, -, -
KOKUYOCMLN, EQ, 14-Dec-2020,67.05,67.95,69.1,67.25,68.45,68.25,68.19,187601,127.93,2710, 108229, 57.69
KOLTEPATIL, EQ, 14-Dec-2020,210.6,211.6,215.5,208.5,209.0,209.3,211.57,61242,129.57,1540, 27099, 44.25
KOPRAN, EQ, 14-Dec-2020,133.1,133.5,135.4,131.3,131.75,132.45,133.48,256137,341.89,3104, 161152, 62.92
KOTAKBANK, EQ, 14-Dec-2020,1920.4,1934.0,1946.9,1899.0,1943.35,1939.35,1923.53,3456971,66495.9,112465, 1701387, 49.22
KOTAKBKETF, EQ, 14-Dec-2020,307.75,309.0,311.08,308.97,310.99,309.74,309.98,11637,36.07,647, 7972, 68.51
KOTAKGOLD, EQ, 14-Dec-2020,429.65,431.95,432.75,427.15,427.95,427.75,429.54,41585,178.62,965, 29320, 70.51
KOTAKNIFTY, EQ, 14-Dec-2020,140.62,140.66,141.5,140.66,141.2,141.34,141.06,20795,29.33,419, 12683, 60.99
KOTAKNV20, EQ, 14-Dec-2020,68.99,69.9,71.8,69.9,71.3,71.25,70.9,34278,24.3,112, 29611, 86.38
KOTAKPSUBK, EQ, 14-Dec-2020,180.62,184.4,184.99,181.03,182.1,182.75,182.26,23764,43.31,368, 13478, 56.72
KOTARISUG, EQ, 14-Dec-2020,19.25,19.45,19.5,18.5,18.75,18.65,18.71,40299,7.54,306, 29659, 73.60
KOTHARIPET, EQ, 14-Dec-2020,18.65,19.5,19.7,18.8,19.0,19.05,19.24,104081,20.02,327, 58888, 56.58
KOTHARIPRO, EQ, 14-Dec-2020,73.1,73.25,74.9,71.0,71.5,71.95,71.97,10252,7.38,386, 6232, 60.79
KPITTECH, EQ, 14-Dec-2020,108.3,110.6,113.95,110.1,111.0,111.0,111.5,362789,404.51,4814, 173577, 47.85
KPRMILL, EQ, 14-Dec-2020,867.75,878.95,879.75,842.75,878.25,875.8,863.85,48213,416.49,4750, 23655, 49.06
KRBL, EQ, 14-Dec-2020,251.2,253.4,256.0,249.1,251.8,250.95,251.59,428350,1077.7,8848, 248680, 58.06
KREBSBIO, EQ, 14-Dec-2020,106.25,108.5,111.0,103.1,104.0,103.95,104.76,19576,20.51,459, 11583, 59.17
KRIDHANINF, EQ, 14-Dec-2020,4.2,4.4,4.4,4.4,4.4,4.4,4.4,385707,16.97,157, 384204, 99.61
KRISHANA, BE, 14-Dec-2020,75.0,73.45,73.45,72.5,72.5,72.5,73.1,836,0.61,16, -, -
KRITIKA, SM, 14-Dec-2020,36.5,37.0,37.0,37.0,37.0,37.0,37.0,8000,2.96,1, 8000, 100.00
KSB, EQ, 14-Dec-2020,613.4,617.0,638.5,617.0,630.65,631.85,627.92,43175,271.1,3171, 26565, 61.53
KSCL, EQ, 14-Dec-2020,527.35,534.65,541.8,524.0,527.2,528.05,532.47,642642,3421.86,13759, 238511, 37.11
KSERASERA, BZ, 14-Dec-2020,0.2,0.2,0.25,0.15,0.25,0.2,0.21,3547715,7.29,483, -, -
KSHITIJPOL, SM, 14-Dec-2020,25.25,25.0,25.0,24.8,24.95,24.9,24.96,24000,5.99,5, 12000, 50.00
KSK, BZ, 14-Dec-2020,0.5,0.5,0.55,0.5,0.55,0.55,0.54,1548124,8.43,312, -, -
KSL, EQ, 14-Dec-2020,247.55,248.8,255.5,245.55,246.0,246.8,248.86,82311,204.84,2863, 37393, 45.43
KSOLVES, SM, 14-Dec-2020,423.0,423.0,423.0,423.0,423.0,423.0,423.0,600,2.54,1, 600, 100.00
KTKBANK, EQ, 14-Dec-2020,57.7,57.95,60.4,57.5,58.8,58.95,58.71,4053250,2379.7,11234, 1263120, 31.16
KUANTUM, EQ, 14-Dec-2020,53.6,53.9,53.9,51.45,52.1,52.35,52.48,23943,12.57,266, 14541, 60.73
KWALITY, EQ, 14-Dec-2020,3.35,3.45,3.45,3.25,3.35,3.35,3.33,1069052,35.61,987, 741862, 69.39
L&TFH, EQ, 14-Dec-2020,90.2,90.6,91.8,90.4,90.75,90.65,90.96,9214497,8381.2,26230, 2235982, 24.27
L&TFINANCE, N8, 14-Dec-2020,1100.0,1095.0,1095.0,1095.0,1095.0,1095.0,1095.0,254,2.78,11, 204, 80.31
L&TFINANCE, NK, 14-Dec-2020,1061.55,1072.0,1078.99,1066.0,1078.99,1078.99,1066.49,384,4.1,7, 374, 97.40
L&TFINANCE, NM, 14-Dec-2020,1150.0,1155.1,1155.1,1155.01,1155.01,1155.01,1155.03,32,0.37,4, 19, 59.38
L&TFINANCE, NO, 14-Dec-2020,1140.0,1085.0,1145.0,1085.0,1105.01,1105.01,1089.74,114,1.24,3, 114, 100.00
L&TFINANCE, NS, 14-Dec-2020,1180.01,1170.02,1170.02,1115.0,1115.0,1115.0,1164.08,150,1.75,5, 150, 100.00
L&TFINANCE, NY, 14-Dec-2020,1050.0,1054.98,1054.98,1054.89,1054.89,1054.89,1054.98,151,1.59,19, 151, 100.00
L&TFINANCE, Y1, 14-Dec-2020,1099.9,1099.9,1099.9,1099.9,1099.9,1099.9,1099.9,510,5.61,2, 510, 100.00
L&TFINANCE, Y5, 14-Dec-2020,1073.75,1076.0,1076.0,1076.0,1076.0,1076.0,1076.0,35,0.38,6, 25, 71.43
L&TFINANCE, Y9, 14-Dec-2020,1079.0,1085.0,1085.0,1085.0,1085.0,1085.0,1085.0,25,0.27,1, 25, 100.00
L&TINFRA, N5, 14-Dec-2020,1060.0,1058.11,1058.36,1058.11,1058.36,1058.36,1058.16,31,0.33,3, 31, 100.00
L&TINFRA, N6, 14-Dec-2020,2175.5,2175.5,2178.0,2174.15,2178.0,2177.99,2177.41,788,17.16,25, 788, 100.00
LAGNAM, SM, 14-Dec-2020,9.25,9.5,9.5,9.5,9.5,9.5,9.5,3000,0.29,1, 3000, 100.00
LAKPRE, BZ, 14-Dec-2020,3.95,4.1,4.1,4.1,4.1,4.1,4.1,550,0.02,6, -, -
LALPATHLAB, EQ, 14-Dec-2020,2186.85,2197.6,2197.6,2131.0,2147.0,2140.8,2147.1,100161,2150.56,12706, 53543, 53.46
LAMBODHARA, EQ, 14-Dec-2020,49.7,54.65,54.65,54.65,54.65,54.65,54.65,118895,64.98,259, 115494, 97.14
LAOPALA, EQ, 14-Dec-2020,224.85,225.9,231.2,221.05,225.0,225.0,225.6,99125,223.62,2929, 45351, 45.75
LASA, EQ, 14-Dec-2020,80.9,81.0,82.7,79.0,81.0,81.25,81.07,94773,76.83,1395, 58480, 61.71
LAURUSLABS, EQ, 14-Dec-2020,328.95,329.0,331.8,326.5,328.0,328.4,328.55,1532748,5035.92,26179, 958140, 62.51
LAXMIMACH, EQ, 14-Dec-2020,4347.9,4350.0,4649.9,4350.0,4600.0,4594.55,4546.49,19233,874.43,4562, 6271, 32.61
LEMONTREE, EQ, 14-Dec-2020,44.4,45.15,45.45,43.5,44.2,44.15,44.06,1343058,591.8,7829, 793939, 59.11
LEXUS, SM, 14-Dec-2020,18.0,18.9,18.9,18.9,18.9,18.9,18.9,3000,0.57,2, 3000, 100.00
LFIC, EQ, 14-Dec-2020,65.25,65.0,67.95,65.0,66.05,66.05,65.57,356,0.23,6, 336, 94.38
LGBBROSLTD, EQ, 14-Dec-2020,276.15,278.0,282.15,274.8,276.4,279.0,278.46,54254,151.08,1381, 33689, 62.09
LGBFORGE, EQ, 14-Dec-2020,4.05,4.15,4.15,3.8,4.05,4.0,3.97,143517,5.7,257, 105066, 73.21
LIBAS, EQ, 14-Dec-2020,32.95,33.0,33.8,32.55,33.0,32.9,32.95,54060,17.81,759, 24686, 45.66
LIBERTSHOE, EQ, 14-Dec-2020,155.3,153.0,158.7,152.0,155.65,156.1,155.7,450627,701.61,7385, 178242, 39.55
LICHSGFIN, EQ, 14-Dec-2020,353.3,355.0,366.45,354.85,363.5,363.6,363.27,8536381,31009.89,86325, 3161428, 37.03
LICNETFGSC, EQ, 14-Dec-2020,22.18,22.84,22.84,21.76,22.3,22.3,22.19,5357,1.19,92, 4264, 79.60
LICNETFN50, EQ, 14-Dec-2020,134.76,135.01,137.8,134.0,135.31,136.29,136.12,719,0.98,131, 445, 61.89
LICNETFSEN, EQ, 14-Dec-2020,500.0,498.7,523.8,496.0,500.0,500.0,507.37,261,1.32,142, 179, 68.58
LICNFNHGP, EQ, 14-Dec-2020,135.0,138.0,138.0,132.2,136.0,135.27,134.25,1617,2.17,130, 1075, 66.48
LIKHITHA, EQ, 14-Dec-2020,161.0,162.25,167.0,160.9,166.0,165.25,164.26,233652,383.79,3861, 103295, 44.21
LINCOLN, EQ, 14-Dec-2020,241.3,241.3,241.95,236.0,236.5,236.7,238.68,42137,100.57,1556, 25676, 60.93
LINCPEN, EQ, 14-Dec-2020,184.8,185.85,185.9,180.15,184.0,182.7,183.44,5643,10.35,212, 3738, 66.24
LINDEINDIA, EQ, 14-Dec-2020,908.65,921.0,969.0,908.95,945.0,943.95,948.28,349862,3317.68,15204, 89661, 25.63
LIQUIDBEES, EQ, 14-Dec-2020,1000.0,1000.0,1000.01,999.13,1000.01,1000.0,1000.0,949240,9492.4,5018, 631544, 66.53
LIQUIDETF, EQ, 14-Dec-2020,1000.0,999.99,1000.01,999.99,1000.0,999.99,1000.0,52781,527.81,72, 42300, 80.14
LOKESHMACH, EQ, 14-Dec-2020,31.45,31.45,31.95,30.6,30.85,31.15,31.3,41383,12.95,262, 25329, 61.21
LOTUSEYE, EQ, 14-Dec-2020,31.8,32.45,32.45,31.6,31.7,31.7,31.82,6565,2.09,42, 5239, 79.80
LOVABLE, EQ, 14-Dec-2020,98.7,99.9,103.0,97.1,98.0,98.05,98.89,83727,82.8,1246, 47556, 56.80
LPDC, EQ, 14-Dec-2020,1.75,1.75,1.8,1.75,1.75,1.75,1.79,15763,0.28,33, 15763, 100.00
LSIL, EQ, 14-Dec-2020,1.0,1.05,1.1,1.0,1.1,1.1,1.08,11517174,124.34,1576, 5249936, 45.58
LT, EQ, 14-Dec-2020,1194.3,1198.1,1263.9,1198.1,1245.4,1249.65,1234.67,9723233,120049.5,231243, 3067692, 31.55
LTI, EQ, 14-Dec-2020,3268.65,3289.0,3319.0,3211.1,3234.6,3234.95,3267.04,264171,8630.58,34256, 124153, 47.00
LTMFEOF2R, MF, 14-Dec-2020,10.95,10.95,11.35,10.95,11.35,11.35,11.19,15500,1.74,6, 10500, 67.74
LTMFEOFR, MF, 14-Dec-2020,10.05,10.61,10.61,10.61,10.61,10.61,10.61,200,0.02,1, 200, 100.00
LTTS, EQ, 14-Dec-2020,1846.2,1848.0,1849.9,1803.0,1814.5,1817.6,1833.99,78014,1430.77,6047, 35521, 45.53
LUMAXIND, EQ, 14-Dec-2020,1377.2,1367.3,1400.0,1361.0,1390.0,1384.55,1376.12,3203,44.08,550, 1792, 55.95
LUMAXTECH, EQ, 14-Dec-2020,117.85,119.0,122.0,118.05,118.4,118.75,119.43,56307,67.24,1467, 25422, 45.15
LUPIN, EQ, 14-Dec-2020,939.4,945.0,949.7,937.1,942.95,941.45,942.46,1434903,13523.32,23851, 335950, 23.41
LUXIND, EQ, 14-Dec-2020,1550.65,1557.95,1574.95,1541.0,1542.0,1554.7,1563.94,31952,499.71,1483, 2972, 9.30
LYKALABS, EQ, 14-Dec-2020,21.4,21.85,22.95,21.55,22.65,22.55,22.38,77538,17.35,344, 58934, 76.01
LYPSAGEMS, EQ, 14-Dec-2020,5.2,5.5,6.2,4.9,6.0,5.95,5.87,368189,21.6,865, 213345, 57.94
M&M, EQ, 14-Dec-2020,727.55,731.65,737.4,710.0,712.75,711.7,718.99,4183639,30080.07,87675, 1290359, 30.84
M&MFIN, EQ, 14-Dec-2020,173.05,174.0,174.75,170.1,172.5,172.45,172.5,9996013,17242.92,65827, 4849321, 48.51
M&MFIN, N1, 14-Dec-2020,1080.0,1070.05,1070.05,1070.05,1070.05,1070.05,1070.05,8,0.09,1, 8, 100.00
M100, EQ, 14-Dec-2020,21.51,21.57,21.69,21.4,21.54,21.58,21.59,102576,22.14,596, 76891, 74.96
M14RG, MF, 14-Dec-2020,7.27,7.23,7.23,7.23,7.23,7.23,7.23,500,0.04,1, 500, 100.00
M15RD, MF, 14-Dec-2020,6.21,6.81,6.81,5.81,5.81,5.81,5.84,31001,1.81,3, 31000, 100.00
M15RG, MF, 14-Dec-2020,6.25,6.85,6.85,6.0,6.0,6.0,6.85,501,0.03,2, 500, 99.80
M17RG, MF, 14-Dec-2020,5.9,5.4,5.4,5.4,5.4,5.4,5.4,2500,0.14,1, 2500, 100.00
M50, EQ, 14-Dec-2020,132.18,131.52,135.0,131.52,132.71,132.71,132.76,807,1.07,33, 643, 79.68
MAANALU, EQ, 14-Dec-2020,83.5,84.15,86.0,83.15,85.7,85.25,84.95,20856,17.72,720, 5790, 27.76
MACPOWER, EQ, 14-Dec-2020,97.3,99.0,105.0,91.75,101.05,102.65,98.9,21204,20.97,336, 14242, 67.17
MADHAV, EQ, 14-Dec-2020,32.2,32.75,33.35,32.0,32.35,32.6,32.72,36478,11.93,233, 29914, 82.01
MADHUCON, EQ, 14-Dec-2020,4.8,5.0,5.0,4.9,5.0,5.0,5.0,54989,2.75,76, 54988, 100.00
MADRASFERT, EQ, 14-Dec-2020,19.6,19.65,20.45,19.2,19.95,19.9,19.86,295140,58.61,1151, 105767, 35.84
MAESGETF, EQ, 14-Dec-2020,23.11,23.8,27.5,22.53,23.13,23.13,23.11,5912,1.37,47, 3088, 52.23
MAGADSUGAR, EQ, 14-Dec-2020,117.9,120.5,121.0,115.0,118.9,118.0,118.46,18713,22.17,497, 10262, 54.84
MAGMA, EQ, 14-Dec-2020,41.5,42.45,42.55,41.0,41.5,41.5,41.6,798496,332.19,5095, 524883, 65.73
MAGNUM, EQ, 14-Dec-2020,4.8,4.8,5.1,4.65,5.1,5.1,4.97,36023,1.79,63, 29213, 81.10
MAHABANK, EQ, 14-Dec-2020,14.45,14.65,14.8,14.2,14.35,14.3,14.43,2700136,389.65,4272, 1455109, 53.89
MAHAPEXLTD, BE, 14-Dec-2020,85.5,89.0,89.0,82.05,86.9,86.9,84.79,705,0.6,12, -, -
MAHASTEEL, EQ, 14-Dec-2020,100.4,103.9,103.9,97.55,98.65,98.4,99.53,19908,19.81,375, 15066, 75.68
MAHEPC, EQ, 14-Dec-2020,154.1,157.8,157.8,152.85,153.5,154.05,154.31,126252,194.82,2209, 58521, 46.35
MAHESHWARI, BE, 14-Dec-2020,95.25,95.25,99.7,90.55,96.0,96.75,97.51,24680,24.07,286, -, -
MAHICKRA, SM, 14-Dec-2020,81.05,80.85,80.85,80.0,80.0,80.0,80.21,6000,4.81,4, 6000, 100.00
MAHINDCIE, EQ, 14-Dec-2020,154.4,155.0,158.0,151.75,152.6,152.8,153.34,76036,116.6,1849, 51849, 68.19
MAHLIFE, EQ, 14-Dec-2020,337.9,337.5,339.55,326.9,331.95,329.35,333.47,21841,72.83,1143, 10935, 50.07
MAHLOG, EQ, 14-Dec-2020,406.1,418.0,420.0,406.0,407.25,407.65,410.42,97442,399.93,4663, 53923, 55.34
MAHSCOOTER, EQ, 14-Dec-2020,3627.8,3645.0,3650.0,3600.0,3619.95,3609.7,3619.01,4045,146.39,863, 2612, 64.57
MAHSEAMLES, EQ, 14-Dec-2020,310.25,310.25,317.55,310.1,311.6,312.05,313.36,64554,202.28,1904, 28539, 44.21
MAITHANALL, EQ, 14-Dec-2020,561.2,565.0,575.25,560.5,562.05,562.45,566.25,35092,198.71,2558, 16735, 47.69
MAJESCO, EQ, 14-Dec-2020,989.85,1001.0,1001.0,968.0,971.7,972.0,979.55,429279,4205.01,3802, 371149, 86.46
MALUPAPER, EQ, 14-Dec-2020,32.7,32.3,33.1,32.0,32.6,32.5,32.46,38119,12.37,510, 24241, 63.59
MAN50ETF, EQ, 14-Dec-2020,138.09,142.23,143.8,137.7,138.15,138.55,138.6,151912,210.55,47, 151850, 99.96
MANAKALUCO, EQ, 14-Dec-2020,9.1,9.95,9.95,9.1,9.15,9.1,9.23,38559,3.56,198, 28263, 73.30
MANAKCOAT, EQ, 14-Dec-2020,6.3,6.6,6.6,6.6,6.6,6.6,6.6,9572,0.63,19, 9572, 100.00
MANAKSIA, EQ, 14-Dec-2020,60.45,61.25,64.8,61.15,63.1,63.0,63.04,868395,547.45,7114, 438609, 50.51
MANAKSTEEL, EQ, 14-Dec-2020,18.7,19.6,19.6,19.6,19.6,19.6,19.6,17507,3.43,69, 17507, 100.00
MANALIPETC, EQ, 14-Dec-2020,34.25,34.55,35.35,33.85,34.65,34.65,34.47,535954,184.73,1995, 256015, 47.77
MANAPPURAM, EQ, 14-Dec-2020,170.2,171.5,172.9,169.4,172.5,172.5,171.52,3935766,6750.72,28703, 1500102, 38.11
MANAV, SM, 14-Dec-2020,4.6,4.8,4.8,4.8,4.8,4.8,4.8,4000,0.19,1, 4000, 100.00
MANGALAM, EQ, 14-Dec-2020,141.2,144.0,148.6,140.5,141.05,142.45,144.32,120434,173.81,2122, 43756, 36.33
MANGCHEFER, EQ, 14-Dec-2020,41.1,41.7,44.9,41.6,44.2,44.1,43.52,3345169,1455.79,29789, 2140891, 64.00
MANGLMCEM, EQ, 14-Dec-2020,222.6,223.75,229.0,222.8,225.05,225.9,225.53,35416,79.87,1058, 17696, 49.97
MANGTIMBER, EQ, 14-Dec-2020,9.5,9.95,9.95,9.05,9.05,9.05,9.14,8117,0.74,40, 7870, 96.96
MANINDS, EQ, 14-Dec-2020,80.5,81.5,83.0,80.5,81.2,80.85,81.42,176769,143.93,2380, 86009, 48.66
MANINFRA, EQ, 14-Dec-2020,32.65,32.95,33.4,32.7,33.05,33.05,33.02,304778,100.64,1499, 206063, 67.61
MANUGRAPH, EQ, 14-Dec-2020,12.25,12.85,13.45,12.25,13.25,13.35,13.27,33225,4.41,168, 32585, 98.07
MANXT50, EQ, 14-Dec-2020,317.16,317.85,319.04,317.85,318.9,318.9,318.96,2530,8.07,18, 1530, 60.47
MARALOVER, EQ, 14-Dec-2020,22.25,23.85,24.4,21.75,24.2,24.15,23.4,54768,12.82,324, 43493, 79.41
MARATHON, EQ, 14-Dec-2020,91.45,95.95,100.55,95.95,100.55,100.55,99.02,84369,83.54,854, 61207, 72.55
MARICO, EQ, 14-Dec-2020,414.95,417.95,420.8,411.8,413.1,414.1,416.78,4859693,20254.43,57235, 856503, 17.62
MARINE, EQ, 14-Dec-2020,210.95,214.9,224.95,208.4,210.5,210.6,214.48,50276,107.83,396, 34981, 69.58
MARKSANS, EQ, 14-Dec-2020,60.4,60.8,61.4,59.75,59.9,60.05,60.34,2059252,1242.55,9338, 532666, 25.87
MARSHALL, SM, 14-Dec-2020,11.15,11.7,11.7,11.7,11.7,11.7,11.7,30000,3.51,10, 30000, 100.00
MARUTI, EQ, 14-Dec-2020,7733.55,7810.0,7825.0,7655.0,7684.0,7696.8,7713.84,1038032,80072.12,85812, 282168, 27.18
MASFIN, EQ, 14-Dec-2020,1003.4,1004.05,1012.9,995.0,998.0,999.4,1002.76,8858,88.82,834, 5953, 67.20
MASKINVEST, BE, 14-Dec-2020,31.35,31.35,31.35,31.35,31.35,31.35,31.35,1,0.0,1, -, -
MASTEK, EQ, 14-Dec-2020,1063.25,1070.0,1073.75,1025.5,1036.0,1037.55,1049.97,96425,1012.43,6419, 58028, 60.18
MATRIMONY, EQ, 14-Dec-2020,827.9,836.1,867.0,815.0,859.0,856.1,836.78,60859,509.26,2069, 46624, 76.61
MAWANASUG, EQ, 14-Dec-2020,40.6,43.9,44.0,41.4,41.9,41.7,42.26,356778,150.78,2201, 205196, 57.51
MAXHEALTH, EQ, 14-Dec-2020,140.75,141.95,142.25,137.2,139.2,138.9,138.86,338606,470.19,9204, 194596, 57.47
MAXIND, EQ, 14-Dec-2020,60.2,60.85,64.5,60.3,63.75,64.0,63.15,542883,342.81,3835, 402405, 74.12
MAXVIL, EQ, 14-Dec-2020,42.6,42.45,44.9,41.85,42.45,42.65,42.63,84072,35.84,579, 47934, 57.02
MAYURUNIQ, EQ, 14-Dec-2020,282.45,283.9,293.8,282.6,290.4,290.0,289.65,66498,192.61,2825, 41988, 63.14
MAZDA, EQ, 14-Dec-2020,546.9,554.7,559.85,543.0,543.0,547.6,549.68,3425,18.83,308, 1787, 52.18
MAZDOCK, EQ, 14-Dec-2020,188.75,189.35,195.3,189.05,194.65,194.15,192.19,1642855,3157.37,14666, 587797, 35.78
MBAPL, BE, 14-Dec-2020,69.5,66.35,71.0,66.05,70.8,70.8,68.75,2357,1.62,25, -, -
MBECL, BE, 14-Dec-2020,5.7,5.7,5.7,5.45,5.65,5.6,5.61,39635,2.22,100, -, -
MBLINFRA, EQ, 14-Dec-2020,12.65,13.2,13.25,13.0,13.25,13.25,13.23,357626,47.32,460, 277670, 77.64
MCDHOLDING, EQ, 14-Dec-2020,33.5,34.25,39.95,33.2,38.8,38.4,37.35,463250,173.02,2749, 195983, 42.31
MCDOWELL-N, EQ, 14-Dec-2020,593.4,596.9,603.0,592.5,595.95,595.65,597.12,1388614,8291.67,31979, 383988, 27.65
MCL, EQ, 14-Dec-2020,79.3,82.95,83.0,75.05,78.15,78.35,78.35,9111,7.14,166, 2821, 30.96
MCLEODRUSS, EQ, 14-Dec-2020,24.15,24.15,24.3,23.35,23.8,23.9,23.89,495611,118.39,1316, 333593, 67.31
MCX, EQ, 14-Dec-2020,1668.0,1678.0,1710.4,1663.0,1708.5,1702.4,1690.75,313099,5293.71,16759, 81592, 26.06
MDL, SM, 14-Dec-2020,26.25,25.25,25.25,25.25,25.25,25.25,25.25,2000,0.51,1, 2000, 100.00
MEGASOFT, EQ, 14-Dec-2020,9.9,10.1,10.15,9.55,9.55,9.6,9.74,44623,4.34,163, 38231, 85.68
MEGH, EQ, 14-Dec-2020,81.5,81.95,82.5,80.3,81.3,81.7,81.46,737644,600.87,7372, 295155, 40.01
MELSTAR, BZ, 14-Dec-2020,2.05,2.15,2.15,2.15,2.15,2.15,2.15,1220,0.03,6, -, -
MENONBE, BE, 14-Dec-2020,48.7,48.65,50.85,48.65,49.15,49.15,49.7,18116,9.0,154, -, -
MEP, EQ, 14-Dec-2020,17.85,18.4,18.9,16.8,17.35,17.2,17.47,629401,109.97,2106, 363312, 57.72
MERCATOR, EQ, 14-Dec-2020,1.0,1.05,1.05,1.05,1.05,1.05,1.05,123141,1.29,60, 123141, 100.00
METALFORGE, EQ, 14-Dec-2020,5.7,5.9,5.95,5.75,5.9,5.9,5.92,12844,0.76,70, 12765, 99.38
METKORE, BZ, 14-Dec-2020,0.55,0.55,0.6,0.55,0.6,0.6,0.59,144713,0.86,52, -, -
METROPOLIS, EQ, 14-Dec-2020,1990.4,1996.85,1999.0,1940.8,1947.0,1947.9,1963.19,104267,2046.96,13272, 72123, 69.17
MFSL, EQ, 14-Dec-2020,634.1,632.0,641.0,626.3,638.05,636.9,634.43,2248707,14266.49,34290, 540270, 24.03
MGEL, SM, 14-Dec-2020,41.65,41.75,41.8,41.75,41.8,41.8,41.77,9000,3.76,3, 9000, 100.00
MGL, EQ, 14-Dec-2020,1059.2,1065.0,1098.7,1061.6,1082.15,1076.25,1082.21,2660270,28789.63,132339, 956096, 35.94
MHHL, SM, 14-Dec-2020,18.05,18.05,18.05,18.05,18.05,18.05,18.05,3000,0.54,1, 3000, 100.00
MHRIL, EQ, 14-Dec-2020,210.5,212.6,214.2,205.0,205.8,206.15,208.86,99120,207.02,3509, 63391, 63.95
MIC, BE, 14-Dec-2020,0.7,0.65,0.75,0.65,0.7,0.7,0.68,117128,0.79,117, -, -
MIDHANI, EQ, 14-Dec-2020,199.6,201.5,204.5,197.5,200.25,200.35,200.33,471239,944.03,6543, 157437, 33.41
MINDACORP, EQ, 14-Dec-2020,88.0,88.5,93.95,88.1,93.4,92.95,91.87,2511029,2306.87,12444, 1019319, 40.59
MINDAIND, EQ, 14-Dec-2020,386.4,389.0,391.0,382.6,385.0,384.55,386.04,60389,233.13,3051, 30474, 50.46
MINDSPACE, RR, 14-Dec-2020,324.1,324.1,328.97,323.35,328.6,328.27,326.21,358600,1169.8,798, 328800, 91.69
MINDTECK, EQ, 14-Dec-2020,35.4,36.8,37.15,36.55,37.15,37.15,37.08,20348,7.54,141, 19003, 93.39
MINDTREE, EQ, 14-Dec-2020,1436.75,1436.6,1445.1,1417.55,1437.0,1437.05,1436.09,273214,3923.61,10199, 71109, 26.03
MIRCELECTR, EQ, 14-Dec-2020,9.7,10.15,10.65,10.1,10.65,10.65,10.58,381407,40.37,392, 331061, 86.80
MIRZAINT, EQ, 14-Dec-2020,58.7,57.4,59.25,56.95,57.8,57.85,58.11,917362,533.07,5361, 290263, 31.64
MITTAL, EQ, 14-Dec-2020,13.25,13.25,13.5,12.65,13.0,13.15,12.95,101960,13.21,390, 78699, 77.19
MMFL, EQ, 14-Dec-2020,457.0,460.0,478.0,432.5,433.5,436.05,449.63,40722,183.1,2132, 22039, 54.12
MMP, EQ, 14-Dec-2020,83.1,85.95,99.7,84.0,88.15,90.1,89.72,37904,34.01,395, 16524, 43.59
MMTC, EQ, 14-Dec-2020,22.05,22.35,26.2,21.6,25.75,25.95,24.65,24918135,6143.36,42010, 4423527, 17.75
MODIRUBBER, BE, 14-Dec-2020,35.75,35.9,37.0,34.0,36.0,36.0,35.23,320,0.11,10, -, -
MOHOTAIND, EQ, 14-Dec-2020,9.95,10.2,10.2,8.25,9.7,9.7,9.63,131609,12.68,166, 115179, 87.52
MOIL, EQ, 14-Dec-2020,141.8,142.5,147.0,142.5,144.7,145.3,144.78,587825,851.06,7204, 255120, 43.40
MOKSH, SM, 14-Dec-2020,26.25,27.0,27.0,27.0,27.0,27.0,27.0,6000,1.62,2, 6000, 100.00
MOLDTECH, BE, 14-Dec-2020,53.95,54.9,54.95,51.6,52.4,52.95,52.84,9308,4.92,89, -, -
MOLDTEKPP, E1, 14-Dec-2020,147.45,141.0,147.45,141.0,141.8,143.05,143.95,910,1.31,61, 682, 74.95
MOLDTKPAC, EQ, 14-Dec-2020,290.1,290.05,291.5,287.05,287.5,288.35,288.83,16025,46.28,683, 9437, 58.89
MOLDTKPAC, W1, 14-Dec-2020,143.55,143.55,147.9,143.55,147.9,147.5,144.31,1466,2.12,39, 1466, 100.00
MONTECARLO, EQ, 14-Dec-2020,234.3,235.0,237.7,234.0,234.9,234.45,235.41,22211,52.29,678, 13357, 60.14
MORARJEE, EQ, 14-Dec-2020,14.4,15.6,15.6,13.75,14.6,14.45,14.54,10895,1.58,128, 7796, 71.56
MOREPENLAB, EQ, 14-Dec-2020,30.9,31.2,32.4,30.55,31.6,31.8,31.41,2433939,764.51,6544, 992693, 40.79
MOTHERSUMI, EQ, 14-Dec-2020,154.3,155.8,158.95,154.6,157.6,156.5,157.21,9542856,15002.19,62217, 3991061, 41.82
MOTILALOFS, EQ, 14-Dec-2020,653.85,656.95,661.25,648.1,650.1,652.2,652.75,78002,509.16,4058, 47230, 60.55
MOTOGENFIN, BE, 14-Dec-2020,19.65,20.05,20.4,19.1,19.3,19.65,19.83,4709,0.93,37, -, -
MPHASIS, EQ, 14-Dec-2020,1316.05,1329.0,1334.2,1318.15,1324.85,1326.95,1324.61,118322,1567.31,6613, 57826, 48.87
MPSLTD, EQ, 14-Dec-2020,372.75,371.05,379.75,371.05,371.5,372.45,373.16,9525,35.54,751, 5790, 60.79
MPTODAY, SM, 14-Dec-2020,11.3,11.85,11.85,11.85,11.85,11.85,11.85,4000,0.47,2, 4000, 100.00
MRF, EQ, 14-Dec-2020,77878.35,78400.0,78400.0,77300.0,77475.0,77547.65,77774.53,15865,12338.93,7354, 3716, 23.42
MRO-TEK, EQ, 14-Dec-2020,27.5,26.5,28.85,26.5,28.1,28.3,28.61,3030,0.87,30, 2462, 81.25
MRPL, EQ, 14-Dec-2020,34.8,35.15,37.2,35.15,36.95,36.9,36.66,12736861,4669.44,24741, 4296946, 33.74
MSPL, EQ, 14-Dec-2020,8.0,8.35,8.8,7.2,8.25,8.25,8.4,69058,5.8,247, 42030, 60.86
MSTCLTD, EQ, 14-Dec-2020,157.5,158.65,173.3,157.8,166.2,166.05,166.97,1031369,1722.11,13083, 270188, 26.20
MTEDUCARE, EQ, 14-Dec-2020,11.25,11.7,11.7,11.2,11.25,11.3,11.35,154896,17.59,420, 127000, 81.99
MTNL, EQ, 14-Dec-2020,10.9,11.1,11.55,10.75,11.15,11.2,11.16,3096086,345.55,7733, 1280396, 41.36
MUKANDENGG, EQ, 14-Dec-2020,13.95,13.85,14.25,13.3,13.8,13.75,13.6,15914,2.16,80, 12418, 78.03
MUKANDLTD, EQ, 14-Dec-2020,60.6,58.45,61.9,58.45,60.75,60.1,60.33,50686,30.58,906, 31287, 61.73
MUKANDLTD, P1, 14-Dec-2020,5.3,5.25,5.25,4.75,5.25,5.25,5.24,776,0.04,9, 776, 100.00
MUKTAARTS, EQ, 14-Dec-2020,35.4,35.4,35.9,34.0,34.4,34.5,34.67,13333,4.62,227, 10500, 78.75
MUNJALAU, EQ, 14-Dec-2020,60.25,61.8,65.4,61.25,64.3,64.5,64.0,5052687,3233.88,24868, 1322888, 26.18
MUNJALSHOW, EQ, 14-Dec-2020,144.4,145.05,150.0,145.0,145.25,145.6,147.11,61901,91.06,1367, 21050, 34.01
MURUDCERA, EQ, 14-Dec-2020,19.2,19.0,19.45,19.0,19.45,19.35,19.25,133536,25.71,527, 75654, 56.65
MUTHOOTCAP, EQ, 14-Dec-2020,420.65,424.8,430.05,410.0,413.65,413.5,418.59,28165,117.9,1753, 18504, 65.70
MUTHOOTFIN, EQ, 14-Dec-2020,1173.0,1173.0,1198.5,1173.0,1190.0,1191.3,1191.76,1686703,20101.49,41831, 543372, 32.22
N100, EQ, 14-Dec-2020,896.99,909.95,910.0,897.0,898.99,898.95,899.45,15772,141.86,1200, 10431, 66.14
NABARD, N2, 14-Dec-2020,1293.17,1293.0,1293.0,1292.11,1292.11,1292.11,1292.85,120,1.55,3, 110, 91.67
NACLIND, EQ, 14-Dec-2020,40.95,41.5,42.9,40.1,40.8,40.4,40.69,105807,43.05,670, 77566, 73.31
NAGAFERT, BE, 14-Dec-2020,5.55,5.75,5.8,5.5,5.75,5.6,5.65,679345,38.36,687, -, -
NAGREEKEXP, EQ, 14-Dec-2020,18.2,18.6,19.25,17.15,17.95,17.7,18.03,19859,3.58,142, 15361, 77.35
NAHARCAP, EQ, 14-Dec-2020,78.45,76.75,81.75,76.75,80.0,79.95,79.53,7578,6.03,233, 6558, 86.54
NAHARINDUS, EQ, 14-Dec-2020,37.1,37.0,38.4,36.25,37.85,37.5,37.49,35212,13.2,362, 28322, 80.43
NAHARPOLY, EQ, 14-Dec-2020,86.25,86.0,89.0,85.0,87.85,87.1,86.85,40252,34.96,666, 28224, 70.12
NAHARSPING, EQ, 14-Dec-2020,59.4,61.9,62.0,59.3,61.5,61.7,60.78,50338,30.59,543, 34216, 67.97
NAM-INDIA, EQ, 14-Dec-2020,305.95,306.5,308.45,303.7,305.25,305.05,305.38,511108,1560.82,14218, 299579, 58.61
NANDANI, SM, 14-Dec-2020,13.2,13.8,13.8,13.8,13.8,13.8,13.8,5000,0.69,1, 5000, 100.00
NATCOPHARM, EQ, 14-Dec-2020,953.1,953.1,968.0,938.1,955.5,956.45,954.34,451560,4309.4,17818, 209734, 46.45
NATHBIOGEN, EQ, 14-Dec-2020,292.65,291.0,295.5,282.05,283.0,283.75,288.78,92336,266.65,1846, 58885, 63.77
NATIONALUM, EQ, 14-Dec-2020,42.7,42.95,43.5,42.4,43.1,43.1,42.95,12423554,5336.34,20488, 3375816, 27.17
NATNLSTEEL, BE, 14-Dec-2020,4.25,4.45,4.45,4.05,4.45,4.45,4.41,5615,0.25,31, -, -
NAUKRI, EQ, 14-Dec-2020,4521.35,4560.0,4695.0,4481.0,4680.0,4672.55,4607.15,657862,30308.66,44719, 113467, 17.25
NAVINFLUOR, EQ, 14-Dec-2020,2536.9,2534.0,2558.0,2500.0,2505.5,2504.05,2514.68,52951,1331.55,9892, 30067, 56.78
NAVKARCORP, EQ, 14-Dec-2020,40.8,40.85,41.3,38.3,38.8,38.85,39.34,1364195,536.63,6428, 581004, 42.59
NAVNETEDUL, EQ, 14-Dec-2020,87.3,88.0,89.5,85.6,86.45,86.4,87.11,265538,231.31,2815, 207110, 78.00
NBCC, EQ, 14-Dec-2020,29.65,31.3,31.75,30.6,31.4,31.25,31.09,39690320,12340.72,59928, 13248685, 33.38
NBIFIN, EQ, 14-Dec-2020,1680.15,1680.15,1711.0,1680.15,1691.1,1698.95,1690.91,651,11.01,121, 603, 92.63
NBVENTURES, EQ, 14-Dec-2020,54.2,55.6,59.65,55.0,59.2,58.8,58.16,3951141,2298.09,23893, 1899879, 48.08
NCC, EQ, 14-Dec-2020,57.0,57.1,58.55,57.0,57.55,57.7,57.64,9403828,5420.45,29913, 2907592, 30.92
NCLIND, EQ, 14-Dec-2020,143.15,144.3,145.5,142.0,142.05,142.95,143.64,176837,254.01,2945, 102111, 57.74
NCPSESDL24, EQ, 14-Dec-2020,103.0,99.91,103.09,99.91,103.09,103.09,102.91,406,0.42,8, 388, 95.57
NDGL, EQ, 14-Dec-2020,668.4,661.95,690.0,660.0,679.0,678.25,674.92,350,2.36,37, 253, 72.29
NDL, EQ, 14-Dec-2020,24.3,24.8,25.0,23.8,24.5,24.5,24.53,36730,9.01,352, 26029, 70.87
NDRAUTO, EQ, 14-Dec-2020,201.9,207.8,207.8,198.3,201.1,201.9,201.58,16015,32.28,538, 10072, 62.89
NDTV, EQ, 14-Dec-2020,38.45,39.35,39.35,37.25,39.3,39.15,38.84,45079,17.51,247, 38385, 85.15
NECCLTD, EQ, 14-Dec-2020,10.55,11.3,11.6,11.0,11.6,11.6,11.51,129581,14.92,362, 100174, 77.31
NECLIFE, EQ, 14-Dec-2020,20.2,20.4,20.6,20.0,20.2,20.1,20.19,234273,47.3,839, 136968, 58.47
NELCAST, EQ, 14-Dec-2020,60.35,60.1,63.2,60.1,63.0,62.8,62.23,289716,180.29,2087, 137734, 47.54
NELCO, EQ, 14-Dec-2020,208.75,210.7,211.5,206.0,207.0,206.95,207.72,92951,193.08,2120, 61302, 65.95
NEOGEN, EQ, 14-Dec-2020,762.05,771.2,771.2,720.1,732.85,731.3,742.66,40838,303.29,2927, 24049, 58.89
NESCO, EQ, 14-Dec-2020,545.45,548.8,549.35,501.5,541.0,540.65,537.9,73145,393.45,3771, 35273, 48.22
NESTLEIND, EQ, 14-Dec-2020,18401.1,18354.7,18679.0,18300.0,18561.95,18591.8,18569.51,130713,24272.77,28893, 29782, 22.78
NETF, EQ, 14-Dec-2020,161.43,165.4,165.4,160.1,161.04,161.86,163.63,650,1.06,56, 610, 93.85
NETFCONSUM, EQ, 14-Dec-2020,63.48,65.3,65.3,62.0,63.96,63.93,63.08,3221,2.03,102, 3012, 93.51
NETFDIVOPP, EQ, 14-Dec-2020,34.2,34.6,34.6,33.4,34.0,33.45,33.98,550,0.19,39, 510, 92.73
NETFIT, EQ, 14-Dec-2020,22.81,23.0,23.0,22.72,22.9,22.85,22.84,168607,38.51,1033, 116778, 69.26
NETFLTGILT, EQ, 14-Dec-2020,22.33,25.0,25.0,22.31,22.37,22.37,22.36,30559,6.83,89, 23327, 76.33
NETFMID150, EQ, 14-Dec-2020,77.55,78.0,78.37,77.56,77.97,77.89,78.04,110716,86.4,600, 78881, 71.25
NETFNIF100, EQ, 14-Dec-2020,136.76,140.0,140.0,138.0,138.1,138.09,139.15,421,0.59,34, 282, 66.98
NETFNV20, EQ, 14-Dec-2020,70.2,75.0,75.0,70.1,72.0,71.73,71.37,8120,5.8,50, 5126, 63.13
NETWORK18, EQ, 14-Dec-2020,36.3,36.55,37.3,36.3,36.9,36.8,36.8,876025,322.37,2166, 416721, 47.57
NEULANDLAB, EQ, 14-Dec-2020,1090.3,1085.1,1098.85,1053.0,1060.5,1061.2,1070.85,55540,594.75,3658, 30904, 55.64
NEWGEN, EQ, 14-Dec-2020,266.2,270.35,270.35,266.35,268.9,267.85,268.32,36994,99.26,2117, 20931, 56.58
NEXTMEDIA, EQ, 14-Dec-2020,5.95,6.5,6.5,6.0,6.5,6.5,6.49,13362,0.87,57, 12853, 96.19
NFL, EQ, 14-Dec-2020,37.2,37.45,38.6,37.15,37.6,37.7,37.72,1452476,547.9,4372, 462901, 31.87
NH, EQ, 14-Dec-2020,386.1,391.65,396.75,385.5,395.0,394.9,392.46,84926,333.3,4473, 51044, 60.10
NHAI, N1, 14-Dec-2020,1062.0,1063.45,1063.45,1060.25,1062.96,1062.96,1061.83,1314,13.95,29, 1194, 90.87
NHAI, N2, 14-Dec-2020,1253.78,1250.0,1255.9,1245.25,1255.9,1253.71,1251.22,1808,22.62,43, 1455, 80.48
NHAI, N6, 14-Dec-2020,1363.9,1360.0,1363.32,1358.0,1358.0,1358.29,1358.33,475,6.45,32, 370, 77.89
NHAI, N8, 14-Dec-2020,1173.11,1180.0,1180.0,1180.0,1180.0,1180.0,1180.0,300,3.54,3, 300, 100.00
NHAI, NA, 14-Dec-2020,1291.41,1290.0,1290.0,1284.2,1288.0,1288.0,1285.9,11625,149.49,140, 8750, 75.27
NHAI, ND, 14-Dec-2020,1251.0,1251.01,1251.01,1251.0,1251.0,1251.0,1251.0,21,0.26,3, 21, 100.00
NHAI, NE, 14-Dec-2020,1257.32,1258.0,1258.0,1254.65,1258.0,1258.0,1256.73,2495,31.36,55, 2185, 87.58
NHBTF2014, N6, 14-Dec-2020,7600.0,7561.0,7583.99,7525.0,7583.99,7581.36,7554.75,95,7.18,27, 74, 77.89
NHPC, EQ, 14-Dec-2020,22.15,22.35,22.65,22.05,22.3,22.3,22.33,9106208,2033.55,11817, 4418667, 48.52
NHPC, N5, 14-Dec-2020,1335.0,1335.0,1335.0,1335.0,1335.0,1335.0,1335.0,5,0.07,1, 5, 100.00
NIACL, EQ, 14-Dec-2020,131.95,132.0,136.15,131.5,132.25,132.05,133.74,903112,1207.82,14359, 393388, 43.56
NIBL, BE, 14-Dec-2020,9.0,9.4,9.4,8.7,8.8,9.2,9.01,2413,0.22,14, -, -
NIFTYBEES, EQ, 14-Dec-2020,143.93,144.99,145.7,143.45,144.29,144.32,144.19,2254461,3250.67,10098, 1089066, 48.31
NIFTYEES, EQ, 14-Dec-2020,16603.55,16500.0,17494.95,16500.0,17092.95,17092.95,17022.98,15,2.55,12, 12, 80.00
NIITLTD, EQ, 14-Dec-2020,181.85,181.0,184.45,179.5,180.65,180.05,181.09,830222,1503.47,6570, 379762, 45.74
NILAINFRA, EQ, 14-Dec-2020,5.45,5.6,6.2,5.45,5.7,5.75,5.73,1193984,68.45,840, 793904, 66.49
NILASPACES, EQ, 14-Dec-2020,1.7,1.75,1.75,1.55,1.7,1.65,1.69,1649147,27.91,1000, 1001151, 60.71
NILKAMAL, EQ, 14-Dec-2020,1431.75,1430.0,1443.0,1427.7,1430.0,1429.95,1431.12,5833,83.48,1175, 4115, 70.55
NIPPOBATRY, EQ, 14-Dec-2020,643.55,650.05,651.0,638.05,643.05,645.9,644.94,1280,8.26,245, 802, 62.66
NIRAJ, BE, 14-Dec-2020,49.0,46.7,50.65,46.7,49.0,49.0,49.01,96745,47.42,51, -, -
NITCO, EQ, 14-Dec-2020,24.9,24.9,26.1,24.3,24.7,24.65,24.89,62598,15.58,447, 52199, 83.39
NITINFIRE, BZ, 14-Dec-2020,0.6,0.65,0.65,0.6,0.65,0.65,0.65,605718,3.93,88, -, -
NITINSPIN, BE, 14-Dec-2020,70.1,71.8,72.2,69.1,71.4,71.5,70.58,62265,43.94,355, -, -
NITIRAJ, SM, 14-Dec-2020,52.9,55.4,55.4,55.4,55.4,55.4,55.4,3000,1.66,1, 3000, 100.00
NKIND, EQ, 14-Dec-2020,18.1,19.5,19.8,18.1,18.25,18.25,19.18,5806,1.11,39, 4548, 78.33
NLCINDIA, EQ, 14-Dec-2020,56.55,57.4,58.4,57.1,57.8,57.45,57.65,2074142,1195.7,8606, 1231799, 59.39
NMDC, EQ, 14-Dec-2020,110.85,112.5,117.75,112.5,116.75,116.65,115.77,27178676,31464.39,83778, 8772865, 32.28
NOCIL, EQ, 14-Dec-2020,140.7,141.25,143.5,140.6,141.35,141.0,141.64,627930,889.38,6223, 264313, 42.09
NOIDATOLL, BE, 14-Dec-2020,6.55,6.7,6.8,6.5,6.7,6.7,6.6,49427,3.26,97, -, -
NORBTEAEXP, EQ, 14-Dec-2020,8.8,8.8,9.2,8.7,8.8,9.15,8.92,20261,1.81,47, 19584, 96.66
NOVARTIND, EQ, 14-Dec-2020,693.35,699.0,704.9,685.35,687.0,687.3,690.41,17245,119.06,949, 11671, 67.68
NPBET, EQ, 14-Dec-2020,159.92,164.71,164.71,157.15,161.97,161.97,160.91,275,0.44,29, 258, 93.82
NRAIL, EQ, 14-Dec-2020,211.5,212.15,215.0,208.0,210.0,209.85,210.67,27522,57.98,640, 19305, 70.14
NRBBEARING, EQ, 14-Dec-2020,89.15,96.9,98.0,90.25,91.0,91.4,93.44,3090722,2887.85,21415, 1399175, 45.27
NSIL, EQ, 14-Dec-2020,866.5,861.05,898.9,861.0,880.0,882.15,879.3,2795,24.58,326, 2178, 77.92
NTL, EQ, 14-Dec-2020,1.05,1.15,1.15,1.05,1.15,1.15,1.11,112306,1.25,105, 87100, 77.56
NTPC, EQ, 14-Dec-2020,102.4,103.45,105.35,103.0,104.7,104.6,104.32,45802433,47782.36,144823, 15545865, 33.94
NTPC, N4, 14-Dec-2020,1112.28,1125.0,1125.0,1125.0,1125.0,1125.0,1125.0,161,1.81,2, 161, 100.00
NTPC, N5, 14-Dec-2020,1358.9,1341.0,1341.0,1341.0,1341.0,1341.0,1341.0,50,0.67,1, 50, 100.00
NTPC, N7, 14-Dec-2020,14.53,13.76,14.57,13.76,14.54,14.54,14.54,91812,13.35,157, 91792, 99.98
NTPC, ND, 14-Dec-2020,1330.0,1352.6,1352.6,1348.0,1348.0,1348.0,1348.09,102,1.38,3, 102, 100.00
NUCLEUS, EQ, 14-Dec-2020,578.8,590.0,607.7,588.2,607.7,607.7,603.59,175361,1058.46,6827, 112528, 64.17
NXTDIGITAL, EQ, 14-Dec-2020,580.35,585.3,585.35,555.2,572.4,574.45,578.83,13967,80.84,680, 1916, 13.72
OAL, EQ, 14-Dec-2020,546.0,555.0,555.0,523.1,540.0,539.0,539.68,22247,120.06,1505, 12628, 56.76
OBEROIRLTY, EQ, 14-Dec-2020,519.65,523.45,527.0,515.5,517.2,518.05,520.37,193186,1005.28,7737, 80938, 41.90
OCCL, EQ, 14-Dec-2020,858.2,861.0,863.95,841.35,843.0,844.85,853.73,11430,97.58,864, 6412, 56.10
OFSS, EQ, 14-Dec-2020,3131.9,3168.95,3170.0,3120.0,3120.0,3133.45,3135.23,37811,1185.46,3702, 28631, 75.72
OIL, EQ, 14-Dec-2020,109.65,110.5,118.5,110.5,117.8,116.85,114.46,4215835,4825.65,26979, 1409178, 33.43
OILCOUNTUB, BE, 14-Dec-2020,5.7,5.7,5.95,5.45,5.75,5.85,5.79,15058,0.87,70, -, -
OISL, BZ, 14-Dec-2020,2.8,2.9,2.9,2.75,2.85,2.85,2.84,41850,1.19,46, -, -
OLECTRA, EQ, 14-Dec-2020,101.0,101.0,106.9,98.0,100.0,99.65,101.69,596331,606.43,7104, 444806, 74.59
OMAXAUTO, EQ, 14-Dec-2020,46.9,47.5,50.7,47.5,49.35,48.95,49.16,237329,116.67,2083, 140156, 59.06
OMAXE, EQ, 14-Dec-2020,82.85,84.9,89.0,84.0,87.0,87.35,87.09,167317,145.72,2558, 111939, 66.90
OMKARCHEM, BE, 14-Dec-2020,11.0,10.45,10.45,10.45,10.45,10.45,10.45,42089,4.4,15, -, -
OMMETALS, EQ, 14-Dec-2020,20.65,21.65,21.65,20.05,20.65,20.7,20.49,91747,18.8,402, 72385, 78.90
ONELIFECAP, EQ, 14-Dec-2020,7.95,8.3,8.3,7.8,8.2,8.2,8.28,1775,0.15,17, 1741, 98.08
ONEPOINT, BE, 14-Dec-2020,15.05,15.25,15.8,14.85,15.8,15.2,15.17,13595,2.06,27, -, -
ONGC, EQ, 14-Dec-2020,96.8,98.25,102.55,97.45,102.55,101.5,100.07,75021883,75076.23,235590, 20778259, 27.70
ONMOBILE, EQ, 14-Dec-2020,59.7,61.4,61.8,57.75,58.5,58.5,58.96,301496,177.77,1955, 205991, 68.32
ONWARDTEC, EQ, 14-Dec-2020,68.7,69.25,82.4,68.0,82.4,82.4,78.61,1371920,1078.49,10425, 406488, 29.63
OPTIEMUS, BE, 14-Dec-2020,95.5,97.0,98.0,90.75,95.0,95.25,94.98,48661,46.22,478, -, -
OPTOCIRCUI, BE, 14-Dec-2020,6.05,6.1,6.15,5.95,6.05,6.0,6.05,556006,33.62,822, -, -
ORBTEXP, EQ, 14-Dec-2020,71.0,72.05,73.8,70.0,70.45,70.6,72.03,63416,45.68,906, 32291, 50.92
ORCHPHARMA, BZ, 14-Dec-2020,65.65,68.9,68.9,68.9,68.9,68.9,68.9,242,0.17,10, -, -
ORICONENT, EQ, 14-Dec-2020,21.95,21.65,22.3,21.65,22.0,21.85,21.94,85105,18.67,294, 64264, 75.51
ORIENTABRA, EQ, 14-Dec-2020,21.95,22.25,22.7,21.8,22.2,22.25,22.28,55427,12.35,436, 32739, 59.07
ORIENTALTL, EQ, 14-Dec-2020,11.35,11.9,11.9,11.1,11.15,11.15,11.2,50814,5.69,138, 43094, 84.81
ORIENTBELL, EQ, 14-Dec-2020,151.95,154.9,157.9,152.5,154.1,153.9,153.68,17592,27.04,351, 14037, 79.79
ORIENTCEM, EQ, 14-Dec-2020,78.5,79.0,79.9,76.8,78.15,77.95,77.98,436340,340.28,4391, 262125, 60.07
ORIENTELEC, EQ, 14-Dec-2020,220.85,222.0,223.8,219.05,221.45,221.3,221.11,140641,310.97,4795, 76129, 54.13
ORIENTHOT, EQ, 14-Dec-2020,26.3,26.8,28.0,26.4,27.1,27.45,27.13,102361,27.77,458, 67120, 65.57
ORIENTLTD, EQ, 14-Dec-2020,84.5,84.65,84.65,80.0,84.0,84.0,82.38,587,0.48,36, 458, 78.02
ORIENTPPR, EQ, 14-Dec-2020,20.45,20.7,21.1,20.25,20.3,20.35,20.55,680015,139.77,1647, 383453, 56.39
ORIENTREF, EQ, 14-Dec-2020,220.1,221.25,235.0,219.6,226.0,225.9,225.15,153987,346.7,1423, 131366, 85.31
ORISSAMINE, EQ, 14-Dec-2020,2516.75,2538.8,2645.0,2520.0,2553.1,2562.35,2577.19,11382,293.34,1998, 4816, 42.31
ORTEL, BZ, 14-Dec-2020,0.95,1.0,1.0,0.95,1.0,1.0,1.0,97059,0.97,36, -, -
ORTINLABSS, EQ, 14-Dec-2020,25.25,25.75,27.75,25.4,27.75,27.7,26.83,92379,24.79,699, 64268, 69.57
OSWALAGRO, EQ, 14-Dec-2020,10.95,10.95,11.25,10.6,10.9,10.9,10.89,138200,15.05,537, 89041, 64.43
OSWALSEEDS, SM, 14-Dec-2020,40.75,42.75,42.75,41.25,41.25,41.25,42.0,8000,3.36,2, 4000, 50.00
PAGEIND, EQ, 14-Dec-2020,23557.9,23819.0,24125.0,23603.3,24047.0,24000.75,23888.63,42501,10152.91,13967, 11230, 26.42
PAISALO, EQ, 14-Dec-2020,456.95,459.95,464.0,448.7,459.05,457.9,457.48,93892,429.54,861, 80748, 86.00
PALASHSECU, EQ, 14-Dec-2020,43.0,43.95,43.95,42.05,42.1,42.1,42.4,553,0.23,7, 474, 85.71
PALREDTEC, BE, 14-Dec-2020,36.05,37.85,37.85,37.85,37.85,37.85,37.85,3150,1.19,24, -, -
PANACEABIO, EQ, 14-Dec-2020,245.45,244.9,252.0,235.95,239.0,239.55,245.21,590242,1447.35,9501, 284440, 48.19
PANACHE, EQ, 14-Dec-2020,40.95,42.0,42.0,40.0,41.5,41.5,41.3,18396,7.6,87, 7296, 39.66
PANAMAPET, EQ, 14-Dec-2020,98.35,100.6,101.5,94.4,98.0,97.5,97.84,254879,249.36,3671, 140803, 55.24
PAR, SM, 14-Dec-2020,63.8,63.7,65.5,63.25,63.25,63.25,63.99,10000,6.4,5, 6000, 60.00
PARABDRUGS, BZ, 14-Dec-2020,2.9,3.0,3.0,3.0,3.0,3.0,3.0,51677,1.55,93, -, -
PARACABLES, EQ, 14-Dec-2020,7.65,7.8,8.3,7.65,8.0,7.9,7.98,332550,26.53,574, 212538, 63.91
PARAGMILK, EQ, 14-Dec-2020,117.25,119.0,122.7,115.2,115.8,115.6,118.28,1425822,1686.5,13695, 762115, 53.45
PARIN, SM, 14-Dec-2020,70.0,70.0,70.0,70.0,70.0,70.0,70.0,2000,1.4,1, 2000, 100.00
PARSVNATH, BE, 14-Dec-2020,5.35,5.6,5.6,5.5,5.6,5.6,5.6,178198,9.97,184, -, -
PATELENG, EQ, 14-Dec-2020,14.5,14.1,16.6,14.1,16.35,16.1,16.03,2784908,446.39,5577, 1631817, 58.60
PATINTLOG, EQ, 14-Dec-2020,31.25,33.45,33.45,30.2,31.25,31.25,31.44,244526,76.87,1447, 130167, 53.23
PATSPINLTD, EQ, 14-Dec-2020,5.8,5.8,6.0,5.55,5.65,5.75,5.74,9503,0.55,49, 8637, 90.89
PCJEWELLER, EQ, 14-Dec-2020,25.25,25.25,25.75,23.05,23.15,23.2,23.82,9920994,2363.16,21850, 4444090, 44.79
PDMJEPAPER, EQ, 14-Dec-2020,22.65,23.0,23.0,22.15,22.25,22.2,22.37,97119,21.72,473, 68747, 70.79
PDSMFL, EQ, 14-Dec-2020,416.0,419.8,426.95,413.0,420.0,422.5,419.15,30476,127.74,112, 30121, 98.84
PEARLPOLY, EQ, 14-Dec-2020,18.55,17.9,20.4,17.9,20.4,20.3,19.73,40967,8.08,218, 26969, 65.83
PEL, EQ, 14-Dec-2020,1433.85,1444.0,1444.0,1415.3,1421.0,1422.55,1424.53,747538,10648.92,26267, 199420, 26.68
PENIND, EQ, 14-Dec-2020,20.9,20.9,21.7,20.85,21.1,21.1,21.04,86817,18.26,470, 63995, 73.71
PENINLAND, EQ, 14-Dec-2020,6.25,6.4,6.55,6.4,6.55,6.55,6.54,286658,18.75,309, 233541, 81.47
PENTAGOLD, SM, 14-Dec-2020,40.05,38.15,42.0,38.15,42.0,40.25,39.55,9000,3.56,3, 6000, 66.67
PERSISTENT, EQ, 14-Dec-2020,1314.1,1320.0,1343.95,1272.2,1275.1,1283.95,1299.66,118883,1545.08,9414, 87437, 73.55
PETRONET, EQ, 14-Dec-2020,261.6,263.65,268.0,262.0,267.0,266.75,266.09,5789457,15405.35,60573, 2532262, 43.74
PFC, EQ, 14-Dec-2020,117.35,118.1,122.6,117.7,121.3,121.35,120.69,9589424,11573.78,37522, 2357327, 24.58
PFC, N4, 14-Dec-2020,1062.2,1061.0,1063.0,1061.0,1063.0,1063.0,1062.55,420,4.46,5, 420, 100.00
PFC, N5, 14-Dec-2020,1223.0,1225.0,1225.0,1220.01,1220.01,1220.01,1223.13,8,0.1,2, 8, 100.00
PFC, N8, 14-Dec-2020,1421.0,1418.05,1428.99,1417.01,1425.0,1425.57,1420.54,1936,27.5,54, 1487, 76.81
PFIZER, EQ, 14-Dec-2020,5281.15,5398.0,5398.0,5250.0,5300.0,5310.3,5349.07,196059,10487.33,21091, 46454, 23.69
PFOCUS, EQ, 14-Dec-2020,43.5,43.5,43.95,41.5,42.0,42.05,42.38,63164,26.77,617, 38750, 61.35
PFS, EQ, 14-Dec-2020,21.65,21.7,22.2,21.4,21.65,21.65,21.75,1027266,223.41,2448, 538140, 52.39
PGEL, EQ, 14-Dec-2020,157.45,159.0,165.25,159.0,160.0,160.45,161.87,21112,34.17,369, 16248, 76.96
PGHH, EQ, 14-Dec-2020,11333.9,11206.0,11456.1,11206.0,11400.0,11403.45,11396.35,6620,754.44,1718, 2938, 44.38
PGHL, EQ, 14-Dec-2020,6621.1,6650.0,6753.15,6619.8,6640.2,6695.15,6684.04,10948,731.77,3000, 5317, 48.57
PGIL, EQ, 14-Dec-2020,173.3,177.8,179.95,173.0,173.0,174.15,176.82,7032,12.43,114, 5921, 84.20
PHILIPCARB, EQ, 14-Dec-2020,167.65,168.15,171.3,166.8,167.8,167.9,169.03,718460,1214.39,7983, 172643, 24.03
PHOENIXLTD, EQ, 14-Dec-2020,765.9,773.45,783.4,761.0,772.7,771.75,767.82,358027,2749.01,10951, 263241, 73.53
PIDILITIND, EQ, 14-Dec-2020,1638.6,1649.8,1652.5,1624.0,1628.8,1627.3,1634.12,373871,6109.51,25193, 200440, 53.61
PIGL, SM, 14-Dec-2020,10.2,10.5,10.5,10.5,10.5,10.5,10.5,4000,0.42,1, 4000, 100.00
PIIND, EQ, 14-Dec-2020,2305.0,2316.4,2364.0,2290.0,2344.0,2335.95,2338.8,324162,7581.5,31805, 217307, 67.04
PILANIINVS, EQ, 14-Dec-2020,2414.75,2445.0,2479.95,2390.0,2460.0,2464.05,2440.83,4506,109.98,738, 3087, 68.51
PILITA, EQ, 14-Dec-2020,9.6,9.75,10.25,9.55,9.95,9.75,9.91,920870,91.25,491, 764673, 83.04
PIONDIST, EQ, 14-Dec-2020,114.65,116.9,116.9,114.45,115.15,114.85,115.29,6291,7.25,87, 2611, 41.50
PIONEEREMB, EQ, 14-Dec-2020,28.35,28.3,29.25,27.7,29.25,29.05,28.87,50423,14.56,361, 29523, 58.55
PITTIENG, EQ, 14-Dec-2020,48.9,48.75,51.9,47.75,51.0,50.3,48.8,207312,101.17,2228, 45099, 21.75
PKTEA, BE, 14-Dec-2020,210.5,211.0,220.9,201.0,211.3,211.3,211.52,1253,2.65,37, -, -
PLASTIBLEN, EQ, 14-Dec-2020,249.75,250.05,251.15,243.1,243.85,243.8,247.4,9952,24.62,527, 5277, 53.02
PNB, EQ, 14-Dec-2020,40.5,41.0,41.5,40.7,41.25,41.25,41.16,52117435,21450.41,71255, 14583958, 27.98
PNBGILTS, EQ, 14-Dec-2020,43.85,44.5,44.6,43.0,43.7,43.55,43.74,287832,125.91,1482, 177774, 61.76
PNBHOUSING, EQ, 14-Dec-2020,378.05,380.95,380.95,373.0,374.2,374.8,377.11,150344,566.97,4045, 44756, 29.77
PNC, EQ, 14-Dec-2020,16.9,17.1,17.8,16.15,16.85,16.6,16.6,20748,3.44,155, 11661, 56.20
PNCINFRA, EQ, 14-Dec-2020,179.5,181.3,181.4,177.0,178.8,177.95,178.49,208134,371.5,3222, 141668, 68.07
PODDARHOUS, EQ, 14-Dec-2020,180.05,182.0,183.9,175.1,179.0,179.0,177.05,5863,10.38,115, 3789, 64.63
PODDARMENT, EQ, 14-Dec-2020,187.7,190.0,191.5,183.75,187.9,186.15,186.26,8374,15.6,475, 4449, 53.13
POKARNA, EQ, 14-Dec-2020,180.9,184.5,184.5,175.15,176.15,177.3,179.67,90875,163.28,1754, 54571, 60.05
POLYCAB, EQ, 14-Dec-2020,1039.05,1045.0,1045.0,1031.5,1038.0,1037.75,1038.91,339888,3531.14,12949, 217949, 64.12
POLYMED, EQ, 14-Dec-2020,532.65,535.85,542.0,530.45,531.9,532.65,534.83,53346,285.31,2438, 23948, 44.89
POLYPLEX, EQ, 14-Dec-2020,770.1,773.0,778.8,760.0,764.0,764.1,769.19,26941,207.23,2376, 16302, 60.51
PONNIERODE, EQ, 14-Dec-2020,168.2,169.4,174.0,168.8,169.0,170.05,171.12,6764,11.57,272, 3897, 57.61
POWERGRID, EQ, 14-Dec-2020,193.1,196.0,197.0,192.8,194.6,194.3,194.25,11428254,22198.99,69004, 5370546, 46.99
POWERINDIA, EQ, 14-Dec-2020,1310.35,1324.9,1371.0,1313.25,1360.5,1360.7,1346.13,68199,918.05,4378, 44919, 65.86
POWERMECH, EQ, 14-Dec-2020,421.4,423.5,426.85,416.3,421.5,422.8,421.07,59574,250.85,1849, 40268, 67.59
PPAP, EQ, 14-Dec-2020,265.4,266.9,292.7,266.9,282.1,283.3,283.88,211208,599.57,5116, 112482, 53.26
PPL, EQ, 14-Dec-2020,96.65,99.0,99.0,94.2,95.45,95.9,95.81,56545,54.18,764, 40977, 72.47
PRABHAT, EQ, 14-Dec-2020,69.45,70.45,74.6,70.2,71.3,71.5,72.76,246109,179.06,2073, 109686, 44.57
PRAENG, EQ, 14-Dec-2020,10.55,10.4,11.35,10.3,11.35,11.2,10.98,399401,43.86,716, 341842, 85.59
PRAJIND, EQ, 14-Dec-2020,112.95,113.6,115.0,110.4,114.4,114.35,113.34,2516587,2852.4,19051, 689938, 27.42
PRAKASH, EQ, 14-Dec-2020,56.05,57.7,58.4,55.25,55.6,55.5,56.4,698710,394.09,2849, 410439, 58.74
PRAKASHSTL, EQ, 14-Dec-2020,1.15,1.1,1.1,1.1,1.1,1.1,1.1,177861,1.96,137, 177861, 100.00
PRAXIS, EQ, 14-Dec-2020,40.65,40.5,43.0,38.8,39.7,39.9,40.01,23705,9.48,250, 18981, 80.07
PRECAM, EQ, 14-Dec-2020,44.7,45.0,47.65,45.0,45.95,45.95,46.21,219418,101.4,1326, 109625, 49.96
PRECOT, BE, 14-Dec-2020,57.45,57.45,60.3,55.25,57.55,57.55,57.92,8358,4.84,38, -, -
PRECWIRE, EQ, 14-Dec-2020,157.8,163.65,165.0,156.15,159.2,159.9,159.48,21886,34.9,729, 11215, 51.24
PREMEXPLN, EQ, 14-Dec-2020,133.95,133.95,140.9,133.95,136.35,135.45,137.35,15180,20.85,533, 8080, 53.23
PREMIER, EQ, 14-Dec-2020,3.4,3.55,3.55,3.5,3.55,3.55,3.54,10764,0.38,37, 10564, 98.14
PREMIERPOL, EQ, 14-Dec-2020,33.5,34.9,40.2,34.7,40.2,39.75,38.22,427764,163.49,699, 195870, 45.79
PRESSMN, EQ, 14-Dec-2020,23.55,24.05,24.5,23.2,24.1,24.2,23.62,586065,138.44,407, 572217, 97.64
PRESTIGE, EQ, 14-Dec-2020,287.85,288.9,289.3,281.0,282.75,281.95,284.9,396099,1128.49,5726, 236945, 59.82
PRICOLLTD, EQ, 14-Dec-2020,47.4,47.8,51.8,47.15,49.55,49.4,49.7,525169,261.0,2678, 283654, 54.01
PRIMESECU, EQ, 14-Dec-2020,47.05,48.25,48.35,46.75,46.75,47.1,47.24,4589,2.17,161, 2883, 62.82
PRINCEPIPE, EQ, 14-Dec-2020,269.2,271.9,275.9,269.05,270.0,269.6,271.12,185412,502.69,2101, 145440, 78.44
PRIVISCL, EQ, 14-Dec-2020,557.85,555.0,569.45,555.0,557.55,557.65,560.59,6600,37.0,576, 5035, 76.29
PROLIFE, SM, 14-Dec-2020,53.15,55.65,55.8,55.6,55.6,55.6,55.66,18000,10.02,6, 18000, 100.00
PROSEED, EQ, 14-Dec-2020,0.45,0.5,0.5,0.5,0.5,0.5,0.5,154643,0.77,118, 154643, 100.00
PROZONINTU, EQ, 14-Dec-2020,19.3,19.85,19.85,19.05,19.2,19.15,19.32,137652,26.6,545, 94698, 68.80
PRSMJOHNSN, EQ, 14-Dec-2020,86.8,87.4,94.5,87.1,90.0,90.75,89.9,929839,835.88,6834, 618420, 66.51
PSB, EQ, 14-Dec-2020,14.3,14.9,14.9,14.3,14.4,14.35,14.48,691544,100.15,1397, 406339, 58.76
PSPPROJECT, EQ, 14-Dec-2020,400.0,405.0,410.35,395.0,407.4,405.85,401.49,64307,258.19,2602, 45357, 70.53
PSUBNKBEES, EQ, 14-Dec-2020,20.02,20.12,20.47,19.95,20.33,20.36,20.29,567171,115.1,1114, 420467, 74.13
PTC, EQ, 14-Dec-2020,61.55,61.9,62.7,61.35,61.95,61.75,61.99,1005672,623.45,7010, 584051, 58.08
PTL, EQ, 14-Dec-2020,43.85,44.0,44.15,43.05,43.5,43.75,43.76,34910,15.28,484, 21862, 62.62
PUNJABCHEM, EQ, 14-Dec-2020,728.35,743.2,764.0,721.1,738.1,745.05,740.83,17698,131.11,1191, 11131, 62.89
PUNJLLOYD, BZ, 14-Dec-2020,1.95,2.0,2.0,2.0,2.0,2.0,2.0,55953,1.12,79, -, -
PURVA, EQ, 14-Dec-2020,71.75,72.1,73.0,70.05,70.8,70.85,70.95,115743,82.12,1247, 61320, 52.98
PUSHPREALM, SZ, 14-Dec-2020,4.65,4.45,4.85,4.45,4.85,4.85,4.5,40000,1.8,12, 36000, 90.00
PVR, EQ, 14-Dec-2020,1463.1,1475.0,1481.85,1447.1,1469.5,1473.1,1466.26,981767,14395.24,27434, 138847, 14.14
QGOLDHALF, EQ, 14-Dec-2020,2124.3,2129.8,2149.95,2109.0,2116.1,2116.75,2117.0,768,16.26,107, 545, 70.96
QNIFTY, EQ, 14-Dec-2020,1391.0,1403.0,1403.0,1399.0,1400.0,1400.0,1400.16,110,1.54,6, 100, 90.91
QUESS, EQ, 14-Dec-2020,494.95,495.0,504.0,487.0,491.0,489.9,492.07,148223,729.35,6726, 93223, 62.89
QUICKHEAL, EQ, 14-Dec-2020,157.1,157.8,163.4,157.5,162.4,162.0,161.63,432641,699.29,6552, 165785, 38.32
RADAAN, EQ, 14-Dec-2020,1.0,1.05,1.05,0.95,1.05,1.05,1.01,101929,1.03,72, 65929, 64.68
RADICO, EQ, 14-Dec-2020,455.25,457.8,465.45,457.8,459.9,460.05,461.41,167982,775.09,6189, 79450, 47.30
RADIOCITY, BE, 14-Dec-2020,23.55,23.6,24.45,23.6,24.1,24.0,23.99,269525,64.65,430, -, -
RAIN, EQ, 14-Dec-2020,135.1,136.15,138.0,133.55,134.75,135.0,135.7,1625796,2206.24,11497, 599407, 36.87
RAJESHEXPO, EQ, 14-Dec-2020,476.7,480.5,488.0,480.5,481.8,481.7,483.3,123603,597.37,3862, 80599, 65.21
RAJMET, SM, 14-Dec-2020,29.95,30.0,30.3,30.0,30.3,30.15,30.15,16000,4.82,2, 8000, 50.00
RAJRATAN, EQ, 14-Dec-2020,416.85,418.6,428.95,417.0,426.8,425.2,424.46,10971,46.57,436, 6433, 58.64
RAJRAYON, BZ, 14-Dec-2020,0.2,0.25,0.25,0.2,0.25,0.2,0.23,1387675,3.24,144, -, -
RAJSREESUG, EQ, 14-Dec-2020,15.9,16.65,16.65,15.75,16.2,16.15,15.95,21701,3.46,123, 16802, 77.43
RAJTV, EQ, 14-Dec-2020,37.3,37.3,37.9,34.25,36.05,35.25,35.9,11004,3.95,152, 9139, 83.05
RALLIS, EQ, 14-Dec-2020,285.45,286.4,292.35,285.6,291.0,290.0,288.87,351602,1015.69,11140, 163193, 46.41
RAMANEWS, EQ, 14-Dec-2020,14.45,14.85,14.85,14.2,14.35,14.5,14.38,59126,8.5,178, 35981, 60.85
RAMASTEEL, EQ, 14-Dec-2020,48.9,50.95,50.95,48.25,49.3,48.95,49.22,6029,2.97,107, 4497, 74.59
RAMCOCEM, EQ, 14-Dec-2020,845.2,848.1,856.0,833.0,837.7,837.45,843.32,604242,5095.72,15459, 129537, 21.44
RAMCOIND, EQ, 14-Dec-2020,221.8,221.95,230.0,220.85,227.7,227.15,226.39,97115,219.85,2693, 50519, 52.02
RAMCOSYS, EQ, 14-Dec-2020,565.85,570.7,616.25,570.0,604.2,606.35,597.36,886565,5296.02,19259, 293462, 33.10
RAMKY, EQ, 14-Dec-2020,41.25,42.8,48.75,41.55,48.0,48.1,46.76,507589,237.35,3018, 282205, 55.60
RAMSARUP, BZ, 14-Dec-2020,0.55,0.6,0.6,0.6,0.6,0.6,0.6,10155,0.06,13, -, -
RANASUG, EQ, 14-Dec-2020,7.5,7.5,7.7,6.8,7.2,7.2,7.24,666881,48.25,618, 441834, 66.25
RANEENGINE, EQ, 14-Dec-2020,221.45,224.95,229.9,220.15,222.0,224.1,223.83,13254,29.67,518, 5162, 38.95
RANEHOLDIN, EQ, 14-Dec-2020,521.85,529.9,541.0,523.0,533.1,536.75,535.93,39411,211.22,1953, 25362, 64.35
RATNAMANI, EQ, 14-Dec-2020,1604.35,1625.0,1625.0,1538.3,1585.0,1575.9,1578.91,24522,387.18,3674, 13034, 53.15
RAYMOND, EQ, 14-Dec-2020,330.0,332.65,335.4,329.55,331.5,331.75,332.07,592658,1968.06,10356, 228992, 38.64
RBL, EQ, 14-Dec-2020,715.85,715.0,770.0,707.05,736.0,746.75,739.55,31400,232.22,2468, 13568, 43.21
RBLBANK, EQ, 14-Dec-2020,235.55,238.4,239.2,234.2,234.7,234.85,236.52,10984815,25980.88,57986, 1408569, 12.82
RCF, EQ, 14-Dec-2020,53.65,54.5,57.0,53.8,56.0,56.05,55.82,8579840,4789.48,28611, 2943466, 34.31
RCOM, EQ, 14-Dec-2020,2.4,2.5,2.5,2.5,2.5,2.5,2.5,2506026,62.65,1439, 2506026, 100.00
RECLTD, EQ, 14-Dec-2020,136.15,136.25,140.6,136.0,139.7,139.5,139.27,9462272,13178.01,44123, 2804943, 29.64
RECLTD, N1, 14-Dec-2020,1059.7,1060.0,1060.0,1060.0,1060.0,1060.0,1060.0,65,0.69,1, 65, 100.00
RECLTD, N2, 14-Dec-2020,1177.57,1180.0,1180.0,1177.0,1177.0,1177.01,1177.3,212,2.5,4, 212, 100.00
RECLTD, N9, 14-Dec-2020,1284.61,1285.11,1285.11,1285.1,1285.1,1285.1,1285.1,110,1.41,3, 110, 100.00
RECLTD, NF, 14-Dec-2020,1291.0,1291.0,1299.7,1275.0,1299.6,1299.66,1284.58,1589,20.41,16, 1000, 62.93
RECLTD, NH, 14-Dec-2020,1308.0,1320.0,1320.0,1320.0,1320.0,1320.0,1320.0,105,1.39,2, 105, 100.00
REDINGTON, EQ, 14-Dec-2020,129.6,130.4,134.8,127.45,134.0,134.3,133.11,468108,623.1,19174, 256051, 54.70
REFEX, EQ, 14-Dec-2020,109.5,112.0,112.0,104.3,105.45,105.05,106.5,244397,260.29,4120, 144970, 59.32
RELAXO, EQ, 14-Dec-2020,739.0,745.15,746.95,726.0,729.25,728.6,737.29,180858,1333.45,10186, 108762, 60.14
RELCAPITAL, EQ, 14-Dec-2020,12.5,13.1,13.1,13.1,13.1,13.1,13.1,559282,73.27,912, 559282, 100.00
RELIABLE, SM, 14-Dec-2020,24.85,25.0,25.0,25.0,25.0,25.0,25.0,28800,7.2,3, 28800, 100.00
RELIANCE, EQ, 14-Dec-2020,2005.8,2007.95,2015.0,1986.35,1993.5,1991.3,1997.46,7989830,159593.62,248928, 2832392, 35.45
RELIANCEPP, E1, 14-Dec-2020,1104.65,1106.0,1114.0,1090.05,1097.7,1096.3,1099.22,655949,7210.34,32192, 375163, 57.19
RELIGARE, EQ, 14-Dec-2020,69.05,69.65,72.5,67.7,71.3,71.1,70.58,927169,654.38,4445, 559774, 60.37
RELINFRA, EQ, 14-Dec-2020,28.75,30.15,30.15,29.1,30.15,30.15,29.9,8344991,2495.54,15508, 3734663, 44.75
REMSONSIND, EQ, 14-Dec-2020,97.35,97.3,103.45,95.95,97.25,99.9,98.73,1908,1.88,73, 1432, 75.05
RENUKA, EQ, 14-Dec-2020,11.85,12.1,13.0,11.8,13.0,13.0,12.53,7210861,903.38,5606, 3657065, 50.72
REPCOHOME, EQ, 14-Dec-2020,255.7,260.8,261.7,252.0,252.55,252.85,255.06,112863,287.87,2118, 64210, 56.89
REPL, EQ, 14-Dec-2020,96.0,100.8,100.8,97.55,100.75,99.85,100.39,22756,22.84,255, 14052, 61.75
REPRO, EQ, 14-Dec-2020,384.25,399.95,429.0,393.5,401.35,404.15,406.73,21277,86.54,1428, 11314, 53.17
RESPONIND, EQ, 14-Dec-2020,184.9,185.8,200.0,185.15,194.0,194.0,192.08,291522,559.94,4275, 33711, 11.56
REVATHI, EQ, 14-Dec-2020,445.75,447.05,454.0,438.0,444.7,442.1,443.34,1382,6.13,142, 677, 48.99
RGL, EQ, 14-Dec-2020,274.45,276.9,277.0,266.15,269.25,270.1,269.83,42431,114.49,439, 4700, 11.08
RHFL, EQ, 14-Dec-2020,2.75,2.8,2.85,2.8,2.85,2.85,2.85,974533,27.73,642, 644113, 66.09
RHFL, N4, 14-Dec-2020,176.0,210.0,210.0,170.5,182.0,182.0,180.18,457,0.82,15, 354, 77.46
RICOAUTO, EQ, 14-Dec-2020,35.65,36.0,36.3,35.6,36.1,35.85,35.93,435201,156.38,1649, 264841, 60.85
RIIL, EQ, 14-Dec-2020,404.95,408.15,409.8,398.65,402.6,402.95,404.25,145888,589.75,3617, 44510, 30.51
RITES, EQ, 14-Dec-2020,265.15,265.15,271.4,257.2,258.4,259.8,265.02,709941,1881.48,13742, 372771, 52.51
RKDL, EQ, 14-Dec-2020,8.15,8.4,8.4,7.55,7.85,8.0,7.97,47674,3.8,210, 32416, 68.00
RKEC, SM, 14-Dec-2020,35.5,35.5,37.0,35.5,37.0,36.95,36.47,3000,1.09,3, 3000, 100.00
RKFORGE, EQ, 14-Dec-2020,485.3,495.45,495.45,487.65,492.9,490.15,491.49,11840,58.19,886, 8600, 72.64
RMCL, EQ, 14-Dec-2020,3.75,3.9,3.9,3.9,3.9,3.9,3.9,143031,5.58,110, 138029, 96.50
RMDRIP, SM, 14-Dec-2020,50.95,51.5,53.1,51.5,53.1,52.05,51.61,28000,14.45,9, 26000, 92.86
RML, EQ, 14-Dec-2020,233.5,233.85,237.8,230.05,231.4,233.65,233.62,22710,53.06,1138, 8154, 35.90
RNAVAL, EQ, 14-Dec-2020,3.55,3.7,3.7,3.6,3.7,3.7,3.69,5175276,191.14,2232, 2739366, 52.93
ROHITFERRO, BE, 14-Dec-2020,0.95,1.0,1.0,0.95,1.0,1.0,1.0,3978,0.04,11, -, -
ROHLTD, EQ, 14-Dec-2020,74.0,74.75,78.8,73.55,76.3,76.85,76.43,128146,97.94,1444, 58837, 45.91
ROLLT, EQ, 14-Dec-2020,3.05,3.2,3.2,3.2,3.2,3.2,3.2,19937,0.64,14, 19937, 100.00
ROLTA, EQ, 14-Dec-2020,5.75,5.9,6.0,5.8,6.0,6.0,5.98,524133,31.34,12371, 427373, 81.54
ROML, EQ, 14-Dec-2020,25.85,27.1,27.1,27.1,27.1,27.1,27.1,33,0.01,3, 33, 100.00
ROSSARI, EQ, 14-Dec-2020,815.3,829.7,837.0,805.5,814.95,814.25,822.73,81655,671.8,5253, 24192, 29.63
ROSSELLIND, EQ, 14-Dec-2020,131.15,134.4,134.75,129.1,131.5,130.7,131.37,14193,18.64,476, 8793, 61.95
ROUTE, EQ, 14-Dec-2020,1126.25,1139.7,1147.0,1100.45,1113.0,1109.9,1119.75,182987,2048.99,12832, 66625, 36.41
RPGLIFE, EQ, 14-Dec-2020,375.7,376.1,377.8,371.5,372.7,372.3,373.12,21436,79.98,911, 12789, 59.66
RPOWER, BE, 14-Dec-2020,3.95,4.1,4.1,4.0,4.1,4.1,4.09,22142666,906.18,10876, -, -
RPPINFRA, EQ, 14-Dec-2020,52.35,52.65,53.5,51.1,52.95,53.0,52.72,31499,16.61,411, 23162, 73.53
RPPL, SM, 14-Dec-2020,95.0,90.25,95.0,90.25,90.3,90.3,93.34,7000,6.53,6, 6000, 85.71
RSSOFTWARE, EQ, 14-Dec-2020,23.7,23.7,24.75,22.85,23.15,23.05,23.5,51567,12.12,314, 36322, 70.44
RSWM, EQ, 14-Dec-2020,120.95,120.9,133.0,117.35,133.0,133.0,129.39,122935,159.07,1161, 107975, 87.83
RSYSTEMS, EQ, 14-Dec-2020,116.6,117.2,122.9,115.5,121.35,120.65,120.63,140857,169.92,1726, 66814, 47.43
RTNINFRA, EQ, 14-Dec-2020,6.3,6.45,6.6,6.15,6.6,6.6,6.46,423264,27.34,583, 352152, 83.20
RTNPOWER, EQ, 14-Dec-2020,2.05,2.1,2.45,1.95,2.3,2.3,2.28,207769258,4740.89,48016, 94416679, 45.44
RUBYMILLS, EQ, 14-Dec-2020,185.15,188.75,190.0,184.0,187.35,188.55,187.12,4930,9.22,212, 2804, 56.88
RUCHI, BE, 14-Dec-2020,666.9,666.75,700.2,662.0,700.2,700.05,687.61,20817,143.14,1315, -, -
RUCHINFRA, BE, 14-Dec-2020,7.9,7.9,8.1,7.65,7.95,7.95,7.91,250385,19.8,377, -, -
RUCHIRA, EQ, 14-Dec-2020,65.75,67.1,67.1,64.2,64.7,64.65,65.2,68153,44.43,926, 42609, 62.52
RUPA, EQ, 14-Dec-2020,229.45,231.0,231.5,226.5,228.8,228.6,228.5,17365,39.68,853, 7091, 40.84
RUSHIL, EQ, 14-Dec-2020,141.15,143.9,149.8,142.0,148.2,148.5,147.37,77962,114.89,1451, 48305, 61.96
RVNL, EQ, 14-Dec-2020,23.4,23.65,23.8,23.05,23.3,23.25,23.34,7742390,1807.25,12584, 3625194, 46.82
SABTN, BE, 14-Dec-2020,1.95,1.9,2.0,1.9,2.0,2.0,2.0,137,0.0,6, -, -
SADBHAV, EQ, 14-Dec-2020,64.0,65.4,66.7,64.0,64.65,64.8,64.73,350435,226.83,2971, 219102, 62.52
SADBHIN, EQ, 14-Dec-2020,21.5,21.8,22.3,20.3,21.6,21.8,21.52,865417,186.22,1799, 751285, 86.81
SAFARI, EQ, 14-Dec-2020,564.0,566.0,567.9,540.05,547.8,547.0,552.93,10919,60.37,764, 6969, 63.82
SAGARDEEP, BE, 14-Dec-2020,40.05,40.05,40.05,38.2,39.0,38.8,39.11,15120,5.91,87, -, -
SAGCEM, EQ, 14-Dec-2020,718.75,721.0,729.8,713.8,717.0,717.15,717.45,43523,312.25,1786, 22328, 51.30
SAIL, EQ, 14-Dec-2020,57.75,58.05,60.2,58.05,58.6,58.55,58.96,50554044,29805.19,63303, 9912907, 19.61
SAKAR, EQ, 14-Dec-2020,96.0,97.9,99.85,93.45,97.7,95.65,97.04,39238,38.08,523, 25387, 64.70
SAKHTISUG, EQ, 14-Dec-2020,10.25,11.0,11.1,10.5,11.0,11.0,10.89,464350,50.56,1054, 264328, 56.92
SAKSOFT, EQ, 14-Dec-2020,325.75,333.2,338.0,322.25,327.0,326.45,326.24,21462,70.02,922, 11210, 52.23
SAKUMA, EQ, 14-Dec-2020,5.8,5.95,6.0,5.8,5.95,5.95,5.91,594821,35.17,1000, 429155, 72.15
SALASAR, EQ, 14-Dec-2020,221.0,221.2,228.0,221.0,224.0,223.75,224.34,63843,143.23,581, 31001, 48.56
SALONA, EQ, 14-Dec-2020,66.05,68.95,69.35,65.1,65.6,67.6,68.26,2067,1.41,77, 607, 29.37
SALSTEEL, EQ, 14-Dec-2020,3.7,3.85,3.85,3.7,3.85,3.85,3.84,61238,2.35,93, 56835, 92.81
SALZERELEC, EQ, 14-Dec-2020,129.7,128.25,132.6,128.1,130.0,130.1,130.16,47168,61.39,1886, 28242, 59.88
SAMBHAAV, EQ, 14-Dec-2020,2.35,2.45,2.45,2.25,2.25,2.3,2.31,72177,1.67,95, 55774, 77.27
SANCO, EQ, 14-Dec-2020,13.9,14.1,14.1,13.6,13.95,13.7,13.73,25479,3.5,85, 23219, 91.13
SANDESH, EQ, 14-Dec-2020,579.05,561.35,597.6,561.35,588.0,590.0,586.08,2574,15.09,419, 1351, 52.49
SANDHAR, EQ, 14-Dec-2020,238.9,239.9,255.55,237.0,241.0,240.6,243.85,33699,82.17,2046, 11278, 33.47
SANGAMIND, EQ, 14-Dec-2020,61.95,62.0,64.0,61.5,64.0,63.4,62.62,12248,7.67,167, 8894, 72.62
SANGHIIND, EQ, 14-Dec-2020,32.9,33.5,35.9,33.25,34.5,34.55,34.82,6339298,2207.21,15679, 2869360, 45.26
SANGHVIFOR, BE, 14-Dec-2020,26.0,26.0,26.0,26.0,26.0,26.0,26.0,430,0.11,6, -, -
SANGHVIMOV, EQ, 14-Dec-2020,105.5,105.55,108.8,104.35,106.0,105.85,105.88,21075,22.31,278, 17154, 81.40
SANGINITA, EQ, 14-Dec-2020,29.6,30.95,31.05,30.1,31.05,31.05,31.02,97468,30.23,293, 83990, 86.17
SANOFI, EQ, 14-Dec-2020,7924.4,7900.05,8036.0,7786.25,8000.0,8002.35,7988.7,18451,1473.99,3935, 12790, 69.32
SANWARIA, BZ, 14-Dec-2020,1.6,1.6,1.65,1.55,1.6,1.6,1.6,2691408,43.15,1166, -, -
SARDAEN, EQ, 14-Dec-2020,320.6,326.4,335.0,321.95,331.0,329.9,328.5,65748,215.98,2522, 35466, 53.94
SAREGAMA, EQ, 14-Dec-2020,747.45,750.35,755.0,720.0,739.95,737.1,733.08,39453,289.22,2493, 21830, 55.33
SARLAPOLY, EQ, 14-Dec-2020,21.45,22.0,24.6,21.5,24.2,24.05,23.3,972554,226.6,2857, 554214, 56.99
SASKEN, EQ, 14-Dec-2020,744.35,755.05,794.0,751.35,755.5,762.5,774.86,394606,3057.64,15748, 84935, 21.52
SASTASUNDR, EQ, 14-Dec-2020,127.5,129.8,129.8,116.35,127.9,127.2,125.77,18155,22.83,529, 13352, 73.54
SATHAISPAT, BE, 14-Dec-2020,2.8,2.8,2.8,2.8,2.8,2.8,2.8,1580,0.04,7, -, -
SATIA, EQ, 14-Dec-2020,94.85,96.35,96.6,93.1,94.45,94.3,93.97,54966,51.65,716, 29247, 53.21
SATIN, EQ, 14-Dec-2020,79.3,81.5,81.8,78.1,79.95,79.7,79.19,165002,130.66,1347, 117657, 71.31
SATINPP, E1, 14-Dec-2020,38.35,40.25,40.25,38.2,38.2,38.85,38.74,10292,3.99,149, 9849, 95.70
SBICARD, EQ, 14-Dec-2020,823.2,827.0,835.0,812.05,815.85,814.9,818.15,953777,7803.28,39071, 482847, 50.62
SBIETFIT, EQ, 14-Dec-2020,228.0,229.87,229.87,226.01,228.84,228.84,227.32,1241,2.82,70, 788, 63.50
SBIETFPB, EQ, 14-Dec-2020,168.26,171.9,174.9,167.1,169.21,169.21,169.56,592,1.0,46, 503, 84.97
SBIETFQLTY, EQ, 14-Dec-2020,120.79,122.7,122.7,119.1,121.3,121.3,121.04,947,1.15,56, 913, 96.41
SBILIFE, EQ, 14-Dec-2020,849.7,855.0,858.3,848.05,850.2,850.2,851.36,1186967,10105.34,80285, 790494, 66.60
SBIN, EQ, 14-Dec-2020,272.45,274.0,276.15,272.35,274.25,274.2,274.69,31946501,87753.17,200577, 8886488, 27.82
SBIN, N5, 14-Dec-2020,10980.0,10983.0,10991.95,10965.0,10974.95,10970.8,10981.77,692,75.99,104, 632, 91.33
SBIN, N6, 14-Dec-2020,10900.0,10881.0,10900.0,10881.0,10900.0,10900.0,10890.5,20,2.18,2, 20, 100.00
SCAPDVR, EQ, 14-Dec-2020,1.3,1.35,1.35,1.3,1.35,1.3,1.33,39345,0.52,48, 33874, 86.09
SCHAEFFLER, EQ, 14-Dec-2020,4343.85,4365.0,4365.0,4256.0,4287.95,4287.3,4307.07,5017,216.09,1708, 3321, 66.19
SCHAND, EQ, 14-Dec-2020,70.05,70.25,74.7,69.5,73.8,71.65,71.8,734473,527.35,6601, 502032, 68.35
SCHNEIDER, EQ, 14-Dec-2020,85.9,86.4,90.4,86.4,89.1,89.65,88.52,1531769,1355.85,10237, 1209668, 78.97
SCI, EQ, 14-Dec-2020,84.0,83.5,86.95,81.1,83.85,84.15,83.99,7269628,6105.97,34910, 2071088, 28.49
SDBL, EQ, 14-Dec-2020,31.9,32.55,32.85,30.8,31.95,31.9,31.97,193159,61.75,1035, 136163, 70.49
SEAMECLTD, EQ, 14-Dec-2020,485.3,488.0,512.25,472.25,484.0,484.1,482.61,177747,857.82,3471, 18556, 10.44
SECURCRED, SM, 14-Dec-2020,16.8,17.55,17.6,16.65,17.6,17.6,17.28,9000,1.56,14, 6600, 73.33
SELAN, EQ, 14-Dec-2020,141.0,139.1,153.7,137.05,143.9,143.9,147.73,538085,794.89,9512, 108954, 20.25
SELMCL, BZ, 14-Dec-2020,2.6,2.7,2.7,2.55,2.7,2.7,2.69,71231,1.92,70, -, -
SEPOWER, EQ, 14-Dec-2020,2.9,3.1,3.15,2.9,3.15,3.15,3.12,113408,3.54,179, 75802, 66.84
SEQUENT, EQ, 14-Dec-2020,170.7,172.45,172.45,165.8,167.7,167.55,167.74,659412,1106.07,13162, 395236, 59.94
SERVOTECH, SM, 14-Dec-2020,21.8,21.8,21.8,21.8,21.8,21.8,21.8,8000,1.74,2, 8000, 100.00
SESHAPAPER, EQ, 14-Dec-2020,149.95,151.8,153.0,148.0,152.0,151.2,151.07,42364,64.0,1026, 26384, 62.28
SETCO, EQ, 14-Dec-2020,12.0,11.75,12.6,11.75,12.3,12.55,12.31,141095,17.37,325, 84252, 59.71
SETF10GILT, EQ, 14-Dec-2020,204.0,207.9,207.9,202.0,203.95,203.95,202.53,66,0.13,10, 56, 84.85
SETFGOLD, EQ, 14-Dec-2020,4386.65,4399.95,5044.6,4366.0,4378.9,4374.4,4437.54,8199,363.83,1061, 4685, 57.14
SETFNIF50, EQ, 14-Dec-2020,139.79,148.2,148.2,139.7,140.2,140.36,140.16,92363,129.45,1036, 52377, 56.71
SETFNIFBK, EQ, 14-Dec-2020,304.55,304.45,306.72,304.45,305.6,305.74,305.69,232006,709.22,684, 213324, 91.95
SETFNN50, EQ, 14-Dec-2020,328.71,329.0,332.0,321.16,330.05,331.84,331.22,3531,11.7,274, 2840, 80.43
SETUINFRA, EQ, 14-Dec-2020,1.25,1.35,1.35,1.35,1.35,1.35,1.35,210960,2.85,111, 209960, 99.53
SEYAIND, EQ, 14-Dec-2020,68.3,68.0,72.0,67.0,72.0,71.75,70.62,129975,91.79,1963, 61744, 47.50
SEZAL, BZ, 14-Dec-2020,2.3,2.4,2.4,2.4,2.4,2.4,2.4,8800,0.21,13, -, -
SFL, EQ, 14-Dec-2020,1700.7,1684.05,1709.0,1633.1,1640.0,1649.15,1664.26,7413,123.37,1422, 3116, 42.03
SGBAPR28I, GB, 14-Dec-2020,4798.81,4798.0,4814.99,4780.0,4800.0,4802.5,4800.45,192,9.22,21, 180, 93.75
SGBAUG24, GB, 14-Dec-2020,4798.85,4850.0,4874.5,4780.01,4824.95,4810.19,4807.92,332,15.96,44, 288, 86.75
SGBAUG27, GB, 14-Dec-2020,4869.0,4825.2,4825.2,4781.4,4825.0,4825.0,4821.89,42,2.03,13, 42, 100.00
SGBAUG28V, GB, 14-Dec-2020,4848.61,4848.61,4848.61,4820.0,4839.0,4835.22,4826.17,1421,68.58,133, 1296, 91.20
SGBDC27VII, GB, 14-Dec-2020,4901.0,4850.0,4949.99,4850.0,4850.0,4850.0,4890.83,24,1.17,6, 16, 66.67
SGBDEC25, GB, 14-Dec-2020,4898.99,4889.99,4889.99,4889.99,4889.99,4889.99,4889.99,2,0.1,2, 2, 100.00
SGBDEC2513, GB, 14-Dec-2020,4799.0,4889.99,4889.99,4889.99,4889.99,4889.99,4889.99,2,0.1,2, 2, 100.00
SGBDEC26, GB, 14-Dec-2020,4799.0,4750.0,4840.0,4750.0,4830.0,4830.0,4760.84,19,0.9,6, 17, 89.47
SGBFEB24, GB, 14-Dec-2020,4824.55,4801.0,4805.0,4792.0,4800.0,4800.0,4800.68,149,7.15,31, 127, 85.23
SGBFEB27, GB, 14-Dec-2020,4869.0,4712.0,4740.0,4712.0,4740.0,4740.0,4714.11,152,7.17,13, 142, 93.42
SGBFEB28IX, GB, 14-Dec-2020,4896.98,4715.0,4800.05,4715.0,4790.0,4790.0,4754.18,6,0.29,5, 3, 50.00
SGBJ28VIII, GB, 14-Dec-2020,4765.0,4765.0,4770.0,4765.0,4770.0,4770.0,4766.67,6,0.29,3, 6, 100.00
SGBJAN26, GB, 14-Dec-2020,4820.0,4869.99,4869.99,4868.99,4868.99,4868.99,4869.66,3,0.15,2, 3, 100.00
SGBJAN27, GB, 14-Dec-2020,4820.0,4735.0,4735.0,4735.0,4735.0,4735.0,4735.0,1,0.05,1, 1, 100.00
SGBJUL25, GB, 14-Dec-2020,4788.8,4787.98,4787.98,4740.05,4741.0,4743.0,4751.05,86,4.09,8, 75, 87.21
SGBJUL27, GB, 14-Dec-2020,4810.0,4890.0,4890.0,4890.0,4890.0,4890.0,4890.0,2,0.1,1, 2, 100.00
SGBJUL28IV, GB, 14-Dec-2020,4798.92,4790.0,4802.0,4790.0,4790.0,4796.27,4791.45,1833,87.83,72, 1815, 99.02
SGBJUN27, GB, 14-Dec-2020,4800.0,4751.0,4751.0,4740.0,4740.0,4740.0,4748.33,40,1.9,10, 40, 100.00
SGBJUN28, GB, 14-Dec-2020,4760.07,4760.0,4799.0,4747.0,4751.0,4753.14,4761.21,500,23.81,45, 486, 97.20
SGBMAR25, GB, 14-Dec-2020,4755.0,4750.0,4770.0,4750.0,4750.0,4750.0,4753.52,163,7.75,11, 162, 99.39
SGBMAR28X, GB, 14-Dec-2020,4770.0,4799.99,4799.99,4721.0,4732.0,4732.0,4758.62,16,0.76,6, 11, 68.75
SGBMAY25, GB, 14-Dec-2020,4740.88,4740.88,4740.88,4726.0,4740.0,4739.58,4739.0,118,5.59,28, 116, 98.31
SGBMAY28, GB, 14-Dec-2020,4743.53,4740.0,4799.0,4740.0,4752.5,4758.95,4759.49,207,9.85,37, 177, 85.51
SGBN28VIII, GB, 14-Dec-2020,4802.8,4800.0,4899.0,4800.0,4802.1,4802.1,4812.84,116,5.58,43, 98, 84.48
SGBNOV23, GB, 14-Dec-2020,4864.0,4840.0,4864.0,4840.0,4864.0,4864.0,4844.31,61,2.96,10, 61, 100.00
SGBNOV24, GB, 14-Dec-2020,4790.3,4870.0,4870.0,4803.0,4848.85,4842.32,4844.16,46,2.23,12, 40, 86.96
SGBNOV258, GB, 14-Dec-2020,4736.25,4736.25,4749.0,4736.25,4749.0,4749.0,4746.11,53,2.52,6, 53, 100.00
SGBNOV25IX, GB, 14-Dec-2020,4728.48,4728.48,4750.0,4710.0,4750.0,4750.0,4731.69,45,2.13,16, 43, 95.56
SGBNOV25VI, GB, 14-Dec-2020,4840.0,4712.01,4712.01,4712.01,4712.01,4712.01,4712.01,1,0.05,1, 1, 100.00
SGBNOV26, GB, 14-Dec-2020,4825.0,4720.0,4834.98,4715.1,4828.99,4828.99,4762.83,5,0.24,4, 4, 80.00
SGBOC28VII, GB, 14-Dec-2020,4834.0,4834.0,4834.0,4810.0,4834.0,4832.75,4816.28,102,4.91,33, 97, 95.10
SGBOCT25, GB, 14-Dec-2020,4770.0,4850.0,4852.0,4850.0,4850.0,4851.0,4850.29,7,0.34,4, 7, 100.00
SGBOCT25V, GB, 14-Dec-2020,4800.0,4800.0,4800.0,4800.0,4800.0,4800.0,4800.0,10,0.48,2, 10, 100.00
SGBOCT27, GB, 14-Dec-2020,4850.0,4848.99,4949.0,4848.99,4850.0,4850.0,4869.23,70,3.41,11, 70, 100.00
SGBOCT27VI, GB, 14-Dec-2020,4750.0,4750.01,4780.0,4710.0,4770.0,4770.0,4742.56,54,2.56,13, 27, 50.00
SGBSEP24, GB, 14-Dec-2020,4781.0,4771.0,4798.0,4771.0,4776.0,4776.46,4777.49,303,14.48,38, 282, 93.07
SGBSEP27, GB, 14-Dec-2020,4743.8,4743.0,4743.0,4723.0,4726.0,4726.0,4728.75,4,0.19,4, 3, 75.00
SGBSEP28VI, GB, 14-Dec-2020,4844.6,4844.6,4900.0,4825.0,4870.0,4894.24,4856.06,233,11.31,63, 229, 98.28
SGL, EQ, 14-Dec-2020,7.9,8.05,8.15,7.9,7.9,7.95,8.03,26047,2.09,131, 24339, 93.44
SHAHALLOYS, EQ, 14-Dec-2020,9.55,9.75,10.0,9.25,9.25,9.25,9.7,2125,0.21,13, 2019, 95.01
SHAKTIPUMP, BE, 14-Dec-2020,284.2,280.0,284.95,279.0,283.0,282.1,281.15,35015,98.44,435, -, -
SHALBY, EQ, 14-Dec-2020,106.55,106.1,108.55,103.95,104.3,104.4,105.68,250549,264.78,4178, 104875, 41.86
SHALPAINTS, EQ, 14-Dec-2020,83.4,86.4,95.4,85.5,91.0,90.25,90.61,2904634,2632.0,25020, 680123, 23.42
SHANKARA, EQ, 14-Dec-2020,347.55,349.95,353.05,344.0,345.0,345.5,347.29,26911,93.46,1171, 11799, 43.84
SHANTIGEAR, EQ, 14-Dec-2020,125.0,126.8,126.8,125.0,125.05,125.05,125.12,79467,99.43,541, 68693, 86.44
SHARDACROP, EQ, 14-Dec-2020,277.6,281.0,283.0,275.05,278.1,278.75,279.04,27244,76.02,1450, 14978, 54.98
SHARDAMOTR, EQ, 14-Dec-2020,1769.45,1792.0,1841.0,1750.25,1770.0,1764.6,1798.72,9378,168.68,1623, 5990, 63.87
SHAREINDIA, EQ, 14-Dec-2020,125.9,129.8,151.05,126.0,151.05,151.05,142.62,320183,456.64,1504, 289382, 90.38
SHARIABEES, EQ, 14-Dec-2020,337.0,342.0,342.0,336.5,340.55,340.58,339.58,119,0.4,32, 92, 77.31
SHEMAROO, EQ, 14-Dec-2020,79.15,79.0,79.2,76.5,77.9,77.65,77.69,94441,73.37,1164, 46214, 48.93
SHIL, EQ, 14-Dec-2020,142.8,141.45,147.45,140.1,146.0,144.9,143.42,91313,130.96,1455, 59558, 65.22
SHILPAMED, EQ, 14-Dec-2020,475.1,479.7,488.0,471.1,481.0,479.7,478.92,276777,1325.55,9754, 101734, 36.76
SHIRPUR-G, BE, 14-Dec-2020,9.05,9.35,9.5,8.6,9.4,9.4,9.28,52276,4.85,138, -, -
SHIVAMAUTO, EQ, 14-Dec-2020,20.65,20.85,21.0,20.3,20.85,20.9,20.84,66247,13.81,310, 54684, 82.55
SHIVAMILLS, EQ, 14-Dec-2020,28.6,29.45,29.95,28.7,29.15,29.2,29.15,14660,4.27,113, 7471, 50.96
SHIVATEX, EQ, 14-Dec-2020,91.35,91.35,96.0,88.25,95.0,94.95,93.56,16654,15.58,283, 11052, 66.36
SHK, EQ, 14-Dec-2020,126.3,126.95,128.7,122.1,122.95,122.9,124.57,320037,398.68,3190, 159791, 49.93
SHOPERSTOP, EQ, 14-Dec-2020,212.1,211.6,218.35,208.1,210.0,209.55,212.43,204276,433.94,4156, 93951, 45.99
SHRADHA, EQ, 14-Dec-2020,62.15,62.0,63.0,61.25,63.0,63.0,62.44,4552,2.84,20, 4552, 100.00
SHREDIGCEM, EQ, 14-Dec-2020,58.95,59.1,60.0,57.6,57.95,57.95,58.83,591952,348.24,4619, 367134, 62.02
SHREECEM, EQ, 14-Dec-2020,23805.0,23810.0,23986.7,23652.0,23750.0,23722.2,23805.52,35173,8373.12,12221, 10099, 28.71
SHREEPUSHK, EQ, 14-Dec-2020,115.9,117.65,134.9,116.1,124.1,124.25,127.35,937488,1193.93,12345, 292567, 31.21
SHREERAMA, EQ, 14-Dec-2020,8.05,8.1,8.45,7.75,8.25,8.25,8.06,45780,3.69,160, 25234, 55.12
SHRENIK, EQ, 14-Dec-2020,5.1,5.3,5.45,5.0,5.15,5.1,5.1,3063708,156.21,3042, 1976467, 64.51
SHREYANIND, EQ, 14-Dec-2020,85.55,85.6,89.95,85.5,87.0,87.75,88.42,31728,28.05,656, 17290, 54.49
SHREYAS, EQ, 14-Dec-2020,68.9,68.95,70.0,66.15,69.4,69.4,68.58,31997,21.94,276, 24276, 75.87
SHRIPISTON, BE, 14-Dec-2020,618.0,595.0,628.0,595.0,627.35,623.3,624.87,98,0.61,21, -, -
SHRIRAMCIT, EQ, 14-Dec-2020,1045.75,1094.0,1094.0,1052.0,1058.05,1064.6,1067.08,25447,271.54,2622, 14799, 58.16
SHRIRAMEPC, EQ, 14-Dec-2020,4.25,4.1,4.4,4.0,4.35,4.3,4.32,794296,34.29,999, 565341, 71.18
SHUBHLAXMI, SM, 14-Dec-2020,14.0,13.3,14.0,13.3,14.0,14.0,13.65,2000,0.27,2, 1000, 50.00
SHYAMCENT, EQ, 14-Dec-2020,6.45,6.75,6.75,6.75,6.75,6.75,6.75,25554,1.72,71, 25544, 99.96
SICAGEN, EQ, 14-Dec-2020,15.0,15.5,15.75,15.2,15.55,15.65,15.58,34493,5.37,204, 27215, 78.90
SICAL, EQ, 14-Dec-2020,18.3,19.6,20.1,17.15,20.1,20.1,19.46,3028176,589.39,5654, 1711236, 56.51
SIEMENS, EQ, 14-Dec-2020,1535.75,1541.0,1555.0,1525.55,1541.55,1544.45,1541.2,299059,4609.1,17381, 68533, 22.92
SIGIND, EQ, 14-Dec-2020,25.1,25.7,30.05,25.35,29.05,29.1,28.61,225202,64.43,2045, 118263, 52.51
SIGMA, SM, 14-Dec-2020,45.95,45.0,45.0,45.0,45.0,45.0,45.0,6000,2.7,2, 6000, 100.00
SIL, BE, 14-Dec-2020,10.6,11.1,11.1,10.6,11.0,10.95,10.98,27487,3.02,102, -, -
SILINV, EQ, 14-Dec-2020,205.75,215.05,229.85,215.05,220.5,222.0,222.54,76194,169.56,2857, 29985, 39.35
SILLYMONKS, BE, 14-Dec-2020,25.0,25.5,26.0,23.75,26.0,26.0,25.16,1747,0.44,33, -, -
SILVERTUC, SM, 14-Dec-2020,100.0,81.0,101.75,81.0,90.1,92.35,93.44,24000,22.43,16, 7000, 29.17
SIMBHALS, EQ, 14-Dec-2020,7.85,7.8,8.2,7.55,8.2,8.2,7.95,38231,3.04,206, 29661, 77.58
SIMPLEXINF, EQ, 14-Dec-2020,38.85,40.75,40.75,37.35,40.0,39.95,40.29,667331,268.84,1870, 536082, 80.33
SINTERCOM, EQ, 14-Dec-2020,76.0,76.0,77.45,74.0,74.0,74.0,75.58,7750,5.86,27, 4752, 61.32
SINTEX, BE, 14-Dec-2020,3.9,3.75,3.75,3.75,3.75,3.75,3.75,1748509,65.57,1167, -, -
SIRCA, EQ, 14-Dec-2020,249.0,250.8,251.6,244.0,245.0,245.35,246.52,37947,93.55,1144, 29087, 76.65
SIS, EQ, 14-Dec-2020,439.5,441.85,459.9,441.05,453.75,453.05,450.62,210392,948.08,7575, 81956, 38.95
SITINET, BE, 14-Dec-2020,1.0,1.05,1.05,1.05,1.05,1.05,1.05,5444337,57.17,813, -, -
SIYSIL, EQ, 14-Dec-2020,175.15,176.0,182.0,175.25,180.6,180.4,179.05,153748,275.28,2318, 98395, 64.00
SJVN, EQ, 14-Dec-2020,25.55,25.85,26.3,25.85,25.9,25.95,25.99,4424749,1150.02,19434, 3532863, 79.84
SKFINDIA, EQ, 14-Dec-2020,1665.55,1665.55,1682.1,1650.0,1662.0,1657.65,1662.8,13535,225.06,2259, 8231, 60.81
SKIL, EQ, 14-Dec-2020,2.45,2.55,2.55,2.55,2.55,2.55,2.55,147547,3.76,41, 147547, 100.00
SKIPPER, EQ, 14-Dec-2020,59.8,60.95,61.45,59.75,61.35,61.15,60.7,65052,39.49,574, 46707, 71.80
SKMEGGPROD, EQ, 14-Dec-2020,51.6,54.0,61.9,53.05,61.9,61.9,60.57,1072696,649.78,6842, 412892, 38.49
SKSTEXTILE, SM, 14-Dec-2020,24.95,25.95,25.95,24.1,24.1,24.1,24.72,3000,0.74,2, 3000, 100.00
SMARTLINK, EQ, 14-Dec-2020,94.0,102.0,102.0,95.05,95.05,97.15,98.55,451005,444.46,6250, 183756, 40.74
SMLISUZU, EQ, 14-Dec-2020,478.65,478.0,482.0,470.55,471.8,473.4,473.87,18689,88.56,1064, 8709, 46.60
SMPL, BZ, 14-Dec-2020,0.25,0.2,0.2,0.2,0.2,0.2,0.2,15001,0.03,8, -, -
SMSLIFE, EQ, 14-Dec-2020,633.2,636.05,643.95,619.0,620.0,622.5,627.58,3447,21.63,404, 2013, 58.40
SMSPHARMA, EQ, 14-Dec-2020,97.55,97.9,98.9,92.65,96.5,96.8,96.6,185917,179.6,1992, 113288, 60.93
SMVD, SM, 14-Dec-2020,8.6,8.2,8.2,8.2,8.2,8.2,8.2,4000,0.33,2, 2000, 50.00
SNOWMAN, EQ, 14-Dec-2020,64.9,66.4,66.4,60.7,61.0,61.25,62.93,5632789,3544.49,26765, 3196442, 56.75
SOBHA, EQ, 14-Dec-2020,320.45,321.2,327.8,318.0,320.0,319.85,321.52,367028,1180.06,10942, 198759, 54.15
SOFTTECH, SM, 14-Dec-2020,81.15,83.85,83.85,83.85,83.85,83.85,83.85,1600,1.34,1, 1600, 100.00
SOLARA, EQ, 14-Dec-2020,1257.85,1254.0,1268.0,1232.2,1255.0,1249.25,1245.07,27823,346.42,2883, 15771, 56.68
SOLARINDS, EQ, 14-Dec-2020,1034.5,1060.0,1105.0,1055.5,1088.5,1088.55,1083.58,95622,1036.14,6257, 34433, 36.01
SOLEX, SM, 14-Dec-2020,35.5,34.6,34.6,31.95,31.95,31.95,32.85,6000,1.97,3, 6000, 100.00
SOMANYCERA, EQ, 14-Dec-2020,298.5,300.0,333.6,299.0,323.0,325.5,316.18,372162,1176.7,8718, 198305, 53.28
SOMICONVEY, EQ, 14-Dec-2020,24.65,25.65,27.95,22.2,25.0,25.05,24.76,21038,5.21,218, 11181, 53.15
SONATSOFTW, EQ, 14-Dec-2020,354.95,356.0,358.7,349.5,350.0,351.35,353.97,626043,2216.02,13753, 344850, 55.08
SORILINFRA, EQ, 14-Dec-2020,111.4,116.0,116.7,91.55,104.2,105.7,105.33,143684,151.34,2306, 67565, 47.02
SOTL, EQ, 14-Dec-2020,732.65,755.0,760.1,738.5,750.0,750.05,748.11,37434,280.05,1508, 29510, 78.83
SOUTHBANK, EQ, 14-Dec-2020,9.8,9.95,10.0,9.55,9.6,9.6,9.7,14770920,1432.43,14607, 10005076, 67.73
SOUTHWEST, EQ, 14-Dec-2020,39.25,39.85,39.9,38.7,38.95,39.0,39.13,10157,3.97,89, 9075, 89.35
SPAL, EQ, 14-Dec-2020,170.5,172.7,177.45,165.2,170.2,171.35,172.46,47939,82.68,1425, 25601, 53.40
SPANDANA, EQ, 14-Dec-2020,729.65,739.95,747.55,733.05,737.0,738.4,742.11,27521,204.24,1489, 18961, 68.90
SPARC, EQ, 14-Dec-2020,188.1,189.0,190.5,185.0,186.75,185.95,187.69,404213,758.68,5199, 178964, 44.27
SPCENET, BE, 14-Dec-2020,1.5,1.5,1.5,1.5,1.5,1.5,1.5,2701,0.04,5, -, -
SPECIALITY, EQ, 14-Dec-2020,42.35,42.5,45.5,42.5,44.6,44.7,44.27,442285,195.82,2308, 192379, 43.50
SPENCERS, EQ, 14-Dec-2020,86.45,86.5,87.8,83.55,83.95,83.9,85.4,914995,781.37,5241, 500068, 54.65
SPENTEX, BZ, 14-Dec-2020,0.7,0.7,0.75,0.7,0.7,0.7,0.71,49632,0.35,21, -, -
SPIC, EQ, 14-Dec-2020,23.15,23.45,23.6,22.65,23.05,23.05,23.03,384262,88.49,1441, 210426, 54.76
SPICEJET, EQ, 14-Dec-2020,106.15,107.45,107.9,102.0,102.55,102.55,103.85,13401494,13917.06,63141, 5897571, 44.01
SPLIL, EQ, 14-Dec-2020,33.75,33.75,34.8,33.1,33.4,33.85,33.95,59861,20.32,482, 32738, 54.69
SPMLINFRA, EQ, 14-Dec-2020,13.2,13.3,14.5,12.05,14.5,14.5,13.84,429275,59.4,1008, 306622, 71.43
SPTL, EQ, 14-Dec-2020,3.35,3.2,3.35,3.2,3.2,3.2,3.22,4247050,136.56,1825, 2689819, 63.33
SPYL, BE, 14-Dec-2020,0.65,0.65,0.65,0.6,0.6,0.6,0.6,525962,3.16,252, -, -
SREEL, EQ, 14-Dec-2020,148.85,149.8,151.5,148.9,149.15,149.25,149.46,45423,67.89,404, 40063, 88.20
SREIBNPNCD, NJ, 14-Dec-2020,790.0,750.5,750.5,750.5,750.5,750.5,750.5,1,0.01,1, 1, 100.00
SREIBNPNCD, NO, 14-Dec-2020,705.0,705.25,705.25,705.0,705.0,705.0,705.22,40,0.28,5, 40, 100.00
SREIBNPNCD, NP, 14-Dec-2020,685.0,635.0,636.0,635.0,636.0,636.0,635.29,35,0.22,4, 35, 100.00
SREIBNPNCD, Y8, 14-Dec-2020,610.0,600.0,615.0,600.0,615.0,615.0,605.0,30,0.18,3, 20, 66.67
SREINFRA, EQ, 14-Dec-2020,7.5,7.6,7.75,7.3,7.45,7.45,7.5,1705198,127.82,1517, 863207, 50.62
SRF, EQ, 14-Dec-2020,5267.95,5299.0,5348.45,5240.3,5316.0,5311.8,5292.29,134670,7127.13,15846, 38872, 28.86
SRHHYPOLTD, EQ, 14-Dec-2020,238.3,241.45,242.95,238.3,240.55,240.25,240.51,12905,31.04,237, 10942, 84.79
SRIPIPES, EQ, 14-Dec-2020,148.0,149.0,150.0,145.1,147.95,147.75,147.69,145666,215.14,2252, 87330, 59.95
SRPL, EQ, 14-Dec-2020,30.95,30.95,30.95,30.1,30.9,30.9,30.69,3538,1.09,21, 192, 5.43
SRTRANSFIN, EQ, 14-Dec-2020,1043.25,1060.0,1073.8,1046.4,1070.0,1070.0,1061.4,2996029,31799.8,54880, 356135, 11.89
SRTRANSFIN, Y9, 14-Dec-2020,1059.0,1059.95,1059.95,1058.5,1058.5,1058.5,1058.53,419,4.44,12, 419, 100.00
SRTRANSFIN, YB, 14-Dec-2020,1029.0,1031.1,1035.0,1031.0,1032.1,1032.1,1032.08,155,1.6,6, 155, 100.00
SRTRANSFIN, YG, 14-Dec-2020,2010.07,2017.1,2017.1,2017.0,2017.0,2017.0,2017.02,120,2.42,2, 120, 100.00
SRTRANSFIN, YJ, 14-Dec-2020,1038.0,1038.0,1038.0,1038.0,1038.0,1038.0,1038.0,30,0.31,1, 30, 100.00
SRTRANSFIN, YK, 14-Dec-2020,1041.0,1042.0,1043.0,1042.0,1042.0,1042.3,1042.25,393,4.1,5, 393, 100.00
SRTRANSFIN, YL, 14-Dec-2020,1045.0,1036.31,1036.31,1036.31,1036.31,1036.31,1036.31,10,0.1,2, 10, 100.00
SRTRANSFIN, YO, 14-Dec-2020,1012.0,1010.01,1010.01,1000.0,1000.0,1001.6,1001.35,1000,10.01,17, 1000, 100.00
SRTRANSFIN, YQ, 14-Dec-2020,1019.9,1020.0,1020.0,1018.79,1018.79,1018.79,1019.06,45,0.46,3, 45, 100.00
SRTRANSFIN, YR, 14-Dec-2020,1030.0,1030.0,1035.0,1030.0,1035.0,1035.0,1031.25,40,0.41,2, 40, 100.00
SRTRANSFIN, YS, 14-Dec-2020,1025.3,1026.0,1099.8,1020.2,1025.2,1025.2,1032.09,350,3.61,12, 300, 85.71
SRTRANSFIN, YU, 14-Dec-2020,1200.0,1200.0,1200.0,1200.0,1200.0,1200.0,1200.0,100,1.2,5, 100, 100.00
SRTRANSFIN, YV, 14-Dec-2020,1019.99,1019.99,1019.99,1019.0,1019.99,1019.99,1019.81,576,5.87,23, 576, 100.00
SRTRANSFIN, YX, 14-Dec-2020,1087.7,1077.01,1085.0,1077.01,1085.0,1083.06,1082.88,66,0.71,5, 56, 84.85
SRTRANSFIN, Z1, 14-Dec-2020,1179.25,1178.0,1178.0,1178.0,1178.0,1178.0,1178.0,20,0.24,1, 20, 100.00
SRTRANSFIN, Z2, 14-Dec-2020,1190.0,1164.15,1164.15,1164.15,1164.15,1164.15,1164.15,50,0.58,1, 50, 100.00
SRTRANSFIN, Z4, 14-Dec-2020,1000.0,1000.05,1000.05,1000.05,1000.05,1000.05,1000.05,10,0.1,1, 10, 100.00
SRTRANSFIN, Z6, 14-Dec-2020,1020.2,1017.0,1020.14,1017.0,1020.01,1020.01,1019.73,190,1.94,7, 190, 100.00
SRTRANSFIN, Z9, 14-Dec-2020,1020.79,1030.0,1030.0,1030.0,1030.0,1030.0,1030.0,119,1.23,1, 119, 100.00
SRTRANSFIN, ZC, 14-Dec-2020,1120.0,1125.0,1130.0,1100.0,1100.0,1100.0,1101.11,208,2.29,4, 208, 100.00
SRTRANSFIN, ZF, 14-Dec-2020,980.0,1049.95,1049.95,1049.95,1049.95,1049.95,1049.95,20,0.21,1, 20, 100.00
SSINFRA, SM, 14-Dec-2020,7.05,7.0,7.4,7.0,7.4,7.4,7.16,15000,1.07,5, 15000, 100.00
SSWL, EQ, 14-Dec-2020,514.6,517.2,524.9,511.1,516.0,515.1,515.86,22004,113.51,1425, 14257, 64.79
STAMPEDE, BE, 14-Dec-2020,0.5,0.5,0.5,0.45,0.45,0.45,0.5,160527,0.8,43, -, -
STAR, EQ, 14-Dec-2020,784.6,790.85,812.0,790.0,791.35,794.75,800.3,539313,4316.11,18297, 88328, 16.38
STARCEMENT, EQ, 14-Dec-2020,93.75,94.0,95.6,93.5,93.55,93.75,94.36,157581,148.7,2263, 78253, 49.66
STARPAPER, EQ, 14-Dec-2020,106.4,107.55,109.8,105.8,109.35,109.35,108.27,263494,285.3,4344, 156196, 59.28
STCINDIA, EQ, 14-Dec-2020,78.95,79.0,82.85,78.7,82.85,82.85,82.03,137286,112.61,2026, 76054, 55.40
STEELCITY, EQ, 14-Dec-2020,34.8,36.5,41.0,34.5,40.7,39.15,38.59,65329,25.21,300, 44081, 67.48
STEELXIND, EQ, 14-Dec-2020,37.1,37.1,41.0,37.1,40.0,39.65,39.72,277157,110.08,994, 170943, 61.68
STEL, EQ, 14-Dec-2020,64.3,65.9,65.9,63.0,64.25,63.9,63.71,19987,12.73,282, 11721, 58.64
STERTOOLS, EQ, 14-Dec-2020,192.95,204.0,205.0,198.55,200.95,201.2,201.41,120244,242.19,2874, 82936, 68.97
STINDIA, BZ, 14-Dec-2020,3.3,3.15,3.3,3.15,3.3,3.3,3.22,709,0.02,7, -, -
STLTECH, EQ, 14-Dec-2020,162.0,163.0,164.2,160.0,162.75,163.3,162.51,542989,882.4,8309, 281030, 51.76
SUBCAPCITY, BE, 14-Dec-2020,22.15,22.15,23.25,22.15,23.25,23.25,22.7,705,0.16,4, -, -
SUBEXLTD, EQ, 14-Dec-2020,29.85,29.5,30.85,28.8,29.05,29.1,29.53,6466769,1909.37,17381, 3306881, 51.14
SUBROS, EQ, 14-Dec-2020,323.1,325.0,332.0,323.7,324.55,325.8,327.5,100597,329.46,4481, 48764, 48.47
SUDARSCHEM, EQ, 14-Dec-2020,483.45,486.95,496.0,478.15,494.0,494.35,488.91,184926,904.13,5716, 90130, 48.74
SUJANAUNI, BE, 14-Dec-2020,0.45,0.45,0.5,0.4,0.5,0.5,0.48,698251,3.36,300, -, -
SUMEETINDS, EQ, 14-Dec-2020,2.6,2.6,2.7,2.5,2.6,2.6,2.61,134566,3.51,112, 111408, 82.79
SUMICHEM, EQ, 14-Dec-2020,304.6,305.1,307.9,299.75,301.0,301.3,302.86,330697,1001.55,7318, 153165, 46.32
SUMIT, EQ, 14-Dec-2020,12.1,12.1,12.5,11.05,11.6,11.6,11.69,77202,9.02,335, 56771, 73.54
SUMMITSEC, EQ, 14-Dec-2020,536.15,530.55,542.25,526.15,526.3,531.25,534.07,2978,15.9,309, 2287, 76.80
SUNCLAYLTD, EQ, 14-Dec-2020,2183.55,2250.0,2350.0,2126.95,2200.0,2200.8,2209.32,15463,341.63,772, 12987, 83.99
SUNDARAM, EQ, 14-Dec-2020,1.55,1.55,1.6,1.5,1.55,1.5,1.53,332071,5.09,280, 233151, 70.21
SUNDARMFIN, EQ, 14-Dec-2020,1805.8,1798.0,1845.0,1781.55,1798.0,1805.6,1811.69,142332,2578.62,9656, 62653, 44.02
SUNDARMHLD, EQ, 14-Dec-2020,59.8,61.6,68.9,59.8,67.7,67.4,64.55,1902134,1227.84,7700, 1007506, 52.97
SUNDRMBRAK, EQ, 14-Dec-2020,304.75,304.75,308.95,298.6,304.0,305.5,304.56,4249,12.94,360, 2768, 65.14
SUNDRMFAST, EQ, 14-Dec-2020,543.0,544.0,561.2,540.1,556.5,558.1,554.14,352145,1951.37,14429, 122442, 34.77
SUNFLAG, EQ, 14-Dec-2020,59.05,59.7,61.0,59.25,59.85,59.8,60.1,615422,369.88,3551, 307745, 50.01
SUNPHARMA, EQ, 14-Dec-2020,568.1,568.35,578.65,568.35,576.4,576.25,574.84,8582193,49333.8,102415, 2892651, 33.71
SUNTECK, EQ, 14-Dec-2020,327.6,332.55,332.55,324.2,326.75,326.8,326.37,160078,522.45,5565, 56630, 35.38
SUNTV, EQ, 14-Dec-2020,469.85,472.1,496.4,472.0,488.55,493.35,486.84,7837269,38154.85,67147, 1098859, 14.02
SUPERHOUSE, EQ, 14-Dec-2020,121.1,118.0,123.0,117.5,120.0,120.15,120.49,47271,56.95,1124, 17369, 36.74
SUPERSPIN, EQ, 14-Dec-2020,5.15,5.4,5.4,5.05,5.2,5.2,5.16,36839,1.9,174, 29380, 79.75
SUPPETRO, EQ, 14-Dec-2020,371.4,371.0,399.95,371.0,388.1,388.5,385.05,69880,269.07,2590, 44397, 63.53
SUPRAJIT, EQ, 14-Dec-2020,202.55,203.55,204.45,198.25,198.95,199.55,200.79,101209,203.22,3330, 67764, 66.95
SUPREMEENG, EQ, 14-Dec-2020,24.85,23.65,25.4,23.65,24.7,24.05,23.81,43436,10.34,93, 33945, 78.15
SUPREMEIND, EQ, 14-Dec-2020,1698.8,1710.0,1750.0,1700.05,1746.7,1742.25,1733.18,69494,1204.46,7828, 38619, 55.57
SUPREMEINF, BZ, 14-Dec-2020,10.5,10.95,10.95,10.05,10.8,10.1,10.24,1253,0.13,18, -, -
SURANASOL, EQ, 14-Dec-2020,8.45,8.45,8.75,8.15,8.2,8.25,8.34,108643,9.06,222, 83873, 77.20
SURANAT&P, EQ, 14-Dec-2020,4.15,4.15,4.4,4.05,4.2,4.15,4.23,84181,3.56,237, 63394, 75.31
SURYALAXMI, EQ, 14-Dec-2020,23.65,24.95,24.95,23.0,24.3,23.95,23.92,21376,5.11,193, 15137, 70.81
SURYAROSNI, EQ, 14-Dec-2020,328.8,330.0,349.65,325.8,346.0,347.4,341.63,201980,690.03,4397, 96666, 47.86
SUTLEJTEX, EQ, 14-Dec-2020,37.9,40.0,43.9,39.55,43.45,43.2,42.03,1043229,438.5,4695, 604959, 57.99
SUULD, EQ, 14-Dec-2020,102.5,108.0,110.45,100.25,100.25,101.1,101.93,37104,37.82,295, 25759, 69.42
SUVEN, EQ, 14-Dec-2020,75.35,77.0,82.85,77.0,82.85,82.85,80.77,3299615,2665.02,17375, 1377022, 41.73
SUVENPHAR, EQ, 14-Dec-2020,406.95,407.0,420.0,398.15,416.55,417.5,414.27,491952,2037.99,31667, 246494, 50.11
SUZLON, BE, 14-Dec-2020,3.85,4.0,4.0,4.0,4.0,4.0,4.0,3875919,155.04,1839, -, -
SVLL, SM, 14-Dec-2020,89.85,90.2,90.2,90.2,90.2,90.2,90.2,1000,0.9,1, 1000, 100.00
SWANENERGY, EQ, 14-Dec-2020,131.05,131.7,133.75,130.5,130.65,131.3,132.65,130569,173.2,2076, 14373, 11.01
SWARAJENG, EQ, 14-Dec-2020,1434.25,1441.45,1448.0,1430.5,1430.5,1435.35,1438.49,7327,105.4,1130, 4456, 60.82
SWELECTES, EQ, 14-Dec-2020,157.35,157.0,158.05,153.35,154.3,155.05,155.87,8187,12.76,240, 5646, 68.96
SWSOLAR, EQ, 14-Dec-2020,262.4,267.7,268.05,258.5,263.45,261.55,262.26,105578,276.89,2483, 64379, 60.98
SYMPHONY, EQ, 14-Dec-2020,903.25,910.0,932.3,907.6,920.6,924.25,920.99,226381,2084.95,9819, 87615, 38.70
SYNCOM, BZ, 14-Dec-2020,2.2,2.3,2.3,2.3,2.3,2.3,2.3,55730,1.28,60, -, -
SYNGENE, EQ, 14-Dec-2020,599.95,607.2,616.8,603.0,613.2,612.05,611.84,563532,3447.89,28479, 286811, 50.90
TAINWALCHM, EQ, 14-Dec-2020,73.0,75.5,76.4,70.3,76.4,75.05,74.56,65448,48.8,1033, 24547, 37.51
TAJGVK, EQ, 14-Dec-2020,141.15,142.05,146.4,142.05,145.0,144.5,144.48,250862,362.44,4500, 90980, 36.27
TAKE, EQ, 14-Dec-2020,45.55,46.35,47.25,45.75,45.8,45.95,46.3,2493008,1154.32,7487, 1452375, 58.26
TALBROAUTO, EQ, 14-Dec-2020,148.75,152.05,152.8,148.2,149.55,149.4,149.33,8709,13.01,270, 6259, 71.87
TALWALKARS, BZ, 14-Dec-2020,2.05,2.05,2.15,1.95,2.15,2.15,2.06,83817,1.72,123, -, -
TALWGYM, BZ, 14-Dec-2020,1.35,1.3,1.4,1.3,1.4,1.4,1.35,110977,1.5,170, -, -
TANLA, BE, 14-Dec-2020,859.7,816.75,816.75,816.75,816.75,816.75,816.75,72584,592.83,596, -, -
TANTIACONS, BZ, 14-Dec-2020,1.35,1.4,1.4,1.4,1.4,1.4,1.4,2002,0.03,3, -, -
TARMAT, EQ, 14-Dec-2020,45.85,47.5,48.5,46.1,46.25,46.55,46.66,16902,7.89,396, 9881, 58.46
TASTYBITE, EQ, 14-Dec-2020,10933.15,11000.0,11500.0,11000.0,11372.25,11368.05,11310.25,4063,459.54,1748, 1375, 33.84
TATACAPHSG, N2, 14-Dec-2020,1091.01,1091.01,1091.01,1091.01,1091.01,1091.01,1091.01,500,5.46,5, 500, 100.00
TATACAPHSG, N6, 14-Dec-2020,1105.0,1105.5,1105.5,1105.5,1105.5,1105.5,1105.5,500,5.53,2, 500, 100.00
TATACAPHSG, N8, 14-Dec-2020,1080.0,1051.0,1100.0,1051.0,1099.99,1099.99,1088.82,55,0.6,4, 55, 100.00
TATACAPHSG, NA, 14-Dec-2020,1135.0,1122.1,1122.1,1122.1,1122.1,1122.1,1122.1,20,0.22,1, 20, 100.00
TATACHEM, EQ, 14-Dec-2020,508.15,510.0,513.45,506.2,509.4,509.5,509.53,3385649,17250.94,33122, 690324, 20.39
TATACOFFEE, EQ, 14-Dec-2020,109.05,109.65,110.7,108.1,108.55,108.5,109.01,684216,745.85,4435, 317049, 46.34
TATACOMM, EQ, 14-Dec-2020,1036.45,1031.15,1050.0,1027.95,1032.5,1030.75,1038.71,37756,392.17,3215, 19643, 52.03
TATACONSUM, EQ, 14-Dec-2020,576.4,579.8,583.0,572.1,577.0,577.0,578.0,2482828,14350.69,46273, 805792, 32.45
TATAELXSI, EQ, 14-Dec-2020,1605.85,1613.9,1635.0,1590.0,1600.0,1600.15,1615.28,256187,4138.13,18097, 81315, 31.74
TATAINVEST, EQ, 14-Dec-2020,997.95,1009.0,1054.5,1001.1,1028.7,1024.1,1037.15,162621,1686.62,13487, 77086, 47.40
TATAMETALI, EQ, 14-Dec-2020,581.8,584.5,610.0,584.0,600.3,601.3,599.06,181670,1088.32,7201, 81754, 45.00
TATAMOTORS, EQ, 14-Dec-2020,178.85,181.0,181.5,176.7,177.9,177.65,178.12,33186273,59110.42,132474, 5086607, 15.33
TATAMTRDVR, EQ, 14-Dec-2020,74.7,75.3,76.75,75.0,76.2,75.85,75.7,3422647,2591.05,7463, 1538570, 44.95
TATAPOWER, EQ, 14-Dec-2020,72.8,73.45,74.1,72.8,73.6,73.45,73.37,20767955,15237.69,48115, 4891823, 23.55
TATASTEEL, EQ, 14-Dec-2020,621.7,626.75,638.9,625.3,627.7,626.75,631.73,17722715,111959.52,185063, 4134640, 23.33
TATASTLBSL, EQ, 14-Dec-2020,38.0,38.4,39.4,38.25,38.6,38.55,38.85,4172482,1620.98,6470, 2047459, 49.07
TATASTLLP, EQ, 14-Dec-2020,500.55,507.05,539.0,504.0,515.0,516.7,524.23,293517,1538.71,10826, 123285, 42.00
TATASTLPP, E1, 14-Dec-2020,166.45,170.25,182.9,170.0,174.1,173.55,177.22,2400270,4253.83,11458, 1033970, 43.08
TBZ, EQ, 14-Dec-2020,46.55,46.85,49.3,46.05,48.5,48.65,47.81,618716,295.79,3325, 275877, 44.59
TCFSL, NB, 14-Dec-2020,1033.0,1035.0,1036.39,1035.0,1035.3,1035.3,1035.39,235,2.43,6, 235, 100.00
TCFSL, ND, 14-Dec-2020,1099.99,1097.0,1100.25,1097.0,1100.0,1100.07,1098.81,764,8.39,12, 684, 89.53
TCFSL, NF, 14-Dec-2020,1145.0,1150.0,1150.0,1138.0,1139.2,1139.2,1140.35,218,2.49,8, 213, 97.71
TCFSL, NH, 14-Dec-2020,1042.79,1044.0,1044.0,1041.15,1044.0,1043.27,1043.51,380,3.97,10, 380, 100.00
TCI, EQ, 14-Dec-2020,254.95,255.7,265.5,252.95,260.1,261.55,260.3,51742,134.68,3482, 18143, 35.06
TCIDEVELOP, EQ, 14-Dec-2020,318.7,318.7,318.7,310.0,314.0,314.0,314.94,243,0.77,154, 38, 15.64
TCIEXP, EQ, 14-Dec-2020,889.5,898.0,908.05,870.0,889.0,888.2,882.75,17699,156.24,2333, 7882, 44.53
TCNSBRANDS, EQ, 14-Dec-2020,415.95,424.95,424.95,412.0,419.75,418.95,419.0,10269,43.03,761, 6138, 59.77
TCPLPACK, EQ, 14-Dec-2020,409.1,410.0,415.0,397.0,405.0,401.45,405.91,5057,20.53,304, 3730, 73.76
TCS, EQ, 14-Dec-2020,2783.6,2802.0,2804.0,2756.25,2796.55,2797.7,2787.4,2483658,69229.53,112781, 1487586, 59.89
TDPOWERSYS, EQ, 14-Dec-2020,129.6,130.5,132.9,128.6,129.5,129.55,130.12,35837,46.63,722, 25578, 71.37
TEAMLEASE, EQ, 14-Dec-2020,2704.8,2704.8,2724.65,2650.0,2672.0,2662.65,2675.03,11168,298.75,3208, 4875, 43.65
TECHM, EQ, 14-Dec-2020,919.4,924.0,924.25,906.05,908.4,909.4,910.19,3239051,29481.63,134811, 1559498, 48.15
TECHNOE, EQ, 14-Dec-2020,223.05,229.8,229.8,222.0,224.0,223.1,223.52,9901,22.13,523, 7761, 78.39
TECHNOFAB, BZ, 14-Dec-2020,9.95,10.1,10.4,9.5,10.4,10.4,10.08,10213,1.03,43, -, -
TEJASNET, EQ, 14-Dec-2020,143.05,138.0,143.7,135.9,135.9,135.9,137.78,949964,1308.9,11915, 510162, 53.70
TEMBO, SM, 14-Dec-2020,204.0,208.0,208.0,208.0,208.0,208.0,208.0,2000,4.16,1, 2000, 100.00
TERASOFT, EQ, 14-Dec-2020,31.6,32.2,32.5,31.0,31.4,31.45,31.66,32025,10.14,390, 20649, 64.48
TEXINFRA, EQ, 14-Dec-2020,42.05,42.8,44.45,41.95,43.5,43.75,43.27,320446,138.67,1478, 187233, 58.43
TEXMOPIPES, EQ, 14-Dec-2020,20.7,21.7,22.2,20.7,21.85,21.9,21.76,421141,91.63,1339, 262210, 62.26
TEXRAIL, EQ, 14-Dec-2020,27.8,28.15,30.8,27.7,30.5,30.25,29.28,3631446,1063.21,7764, 2084216, 57.39
TFCILTD, EQ, 14-Dec-2020,49.0,49.45,50.35,48.6,49.35,49.55,49.54,640370,317.23,2864, 276271, 43.14
TGBHOTELS, EQ, 14-Dec-2020,6.95,7.25,7.25,6.65,6.65,6.65,6.84,29559,2.02,115, 26645, 90.14
THANGAMAYL, EQ, 14-Dec-2020,540.75,535.0,549.9,535.0,536.9,536.35,537.56,13045,70.12,767, 8692, 66.63
THEINVEST, EQ, 14-Dec-2020,154.4,152.0,162.95,143.2,155.85,154.95,154.72,4572,7.07,161, 2731, 59.73
THEJO, SM, 14-Dec-2020,1133.0,1056.15,1088.85,1056.15,1085.0,1080.85,1074.58,1200,12.9,11, 700, 58.33
THEMISMED, EQ, 14-Dec-2020,369.55,375.0,376.7,368.45,373.05,373.3,372.35,12181,45.36,373, 8712, 71.52
THERMAX, EQ, 14-Dec-2020,912.0,916.0,919.95,904.6,910.5,908.95,910.3,12594,114.64,1521, 6396, 50.79
THIRUSUGAR, BZ, 14-Dec-2020,4.0,4.0,4.0,3.85,3.9,3.9,3.99,3953,0.16,11, -, -
THOMASCOOK, EQ, 14-Dec-2020,50.9,51.6,51.6,50.05,50.55,50.25,50.51,422539,213.44,2616, 266395, 63.05
THOMASCOTT, BE, 14-Dec-2020,6.0,5.75,5.9,5.75,5.9,5.9,5.78,65,0.0,4, -, -
THYROCARE, EQ, 14-Dec-2020,1028.7,1039.0,1039.0,1006.55,1015.0,1014.15,1023.99,52740,540.05,3867, 25189, 47.76
TI, EQ, 14-Dec-2020,23.05,23.2,25.05,23.0,23.65,23.8,24.11,360581,86.92,1175, 271184, 75.21
TIDEWATER, EQ, 14-Dec-2020,4402.9,4460.0,4499.9,4450.0,4469.0,4470.1,4476.86,5308,237.63,874, 1846, 34.78
TIIL, EQ, 14-Dec-2020,355.35,368.0,368.0,352.05,360.0,356.05,358.65,32214,115.53,845, 20818, 64.62
TIINDIA, EQ, 14-Dec-2020,854.5,859.8,868.4,836.1,854.7,846.15,858.84,206211,1771.02,8766, 171501, 83.17
TIJARIA, BE, 14-Dec-2020,7.75,7.75,8.1,7.75,8.0,8.0,7.99,9967,0.8,22, -, -
TIL, EQ, 14-Dec-2020,183.45,183.45,187.45,176.0,177.75,177.75,179.75,8358,15.02,480, 5613, 67.16
TIMESGTY, EQ, 14-Dec-2020,29.5,30.3,30.9,29.05,30.1,30.8,30.43,14866,4.52,92, 4877, 32.81
TIMETECHNO, EQ, 14-Dec-2020,48.05,48.8,49.0,45.6,45.75,46.2,47.21,1038449,490.22,3360, 767826, 73.94
TIMKEN, EQ, 14-Dec-2020,1126.8,1125.0,1135.0,1100.0,1114.0,1119.55,1114.0,27506,306.42,3703, 14494, 52.69
TINPLATE, EQ, 14-Dec-2020,145.25,146.2,158.0,146.2,152.75,152.9,153.11,1681396,2574.38,22935, 540860, 32.17
TIPSINDLTD, EQ, 14-Dec-2020,267.0,269.8,269.8,260.75,266.8,263.75,264.46,7526,19.9,301, 5002, 66.46
TIRUMALCHM, EQ, 14-Dec-2020,105.3,105.55,108.8,103.1,108.05,107.95,106.25,977178,1038.29,7956, 317459, 32.49
TIRUPATI, SM, 14-Dec-2020,30.6,31.9,31.9,31.9,31.9,31.9,31.9,3000,0.96,1, 3000, 100.00
TIRUPATIFL, BE, 14-Dec-2020,25.95,25.95,25.95,25.95,25.95,25.95,25.95,369,0.1,1, -, -
TITAN, EQ, 14-Dec-2020,1442.4,1451.0,1469.5,1445.0,1461.5,1463.45,1458.43,2453825,35787.25,67765, 571517, 23.29
TMRVL, EQ, 14-Dec-2020,12.2,12.45,12.7,12.0,12.15,12.15,12.23,50876,6.22,342, 39757, 78.14
TNPETRO, EQ, 14-Dec-2020,41.45,42.5,42.5,41.7,42.15,42.05,42.16,241412,101.77,2148, 134656, 55.78
TNPL, EQ, 14-Dec-2020,116.85,117.45,118.75,115.1,115.7,115.55,116.02,187037,217.0,2599, 119821, 64.06
TNTELE, BE, 14-Dec-2020,1.6,1.65,1.65,1.65,1.65,1.65,1.65,2174,0.04,10, -, -
TOKYOPLAST, EQ, 14-Dec-2020,67.95,71.65,71.65,66.55,69.95,69.9,68.66,3991,2.74,186, 2209, 55.35
TORNTPHARM, EQ, 14-Dec-2020,2646.7,2643.7,2710.95,2641.35,2704.5,2703.8,2679.33,465356,12468.43,24646, 188079, 40.42
TORNTPOWER, EQ, 14-Dec-2020,323.6,325.2,336.85,323.75,334.9,335.7,333.16,2524397,8410.38,33649, 833703, 33.03
TOTAL, EQ, 14-Dec-2020,59.35,58.5,62.3,57.05,62.3,62.3,60.39,21754,13.14,182, 19373, 89.05
TOUCHWOOD, EQ, 14-Dec-2020,51.95,51.95,53.7,49.3,53.3,52.85,52.0,1809,0.94,58, 1594, 88.11
TPLPLASTEH, EQ, 14-Dec-2020,159.9,163.0,175.0,156.55,170.55,173.3,168.87,165963,280.26,1287, 42549, 25.64
TREEHOUSE, EQ, 14-Dec-2020,7.05,7.05,7.4,6.7,6.7,6.7,6.86,454139,31.18,404, 256567, 56.50
TREJHARA, EQ, 14-Dec-2020,46.6,44.3,44.3,44.3,44.3,44.3,44.3,8973,3.98,85, 8973, 100.00
TRENT, EQ, 14-Dec-2020,689.35,695.0,704.4,693.0,699.0,699.8,699.64,683921,4785.02,26513, 368757, 53.92
TRF, EQ, 14-Dec-2020,112.5,110.4,111.8,108.1,109.0,108.8,109.3,40580,44.36,737, 27119, 66.83
TRIDENT, EQ, 14-Dec-2020,9.85,10.2,10.2,9.85,10.0,9.95,9.99,8803186,879.24,34870, 6306774, 71.64
TRIGYN, EQ, 14-Dec-2020,65.55,66.9,67.9,65.3,65.7,65.85,66.34,51136,33.92,546, 31761, 62.11
TRIL, EQ, 14-Dec-2020,20.75,22.8,22.8,21.1,22.8,22.8,22.63,3209244,726.1,4813, 1868008, 58.21
TRITURBINE, EQ, 14-Dec-2020,85.0,84.95,85.1,82.55,83.05,83.15,83.94,85061,71.4,1368, 58045, 68.24
TRIVENI, EQ, 14-Dec-2020,76.8,77.7,78.7,76.6,77.3,77.65,77.65,854610,663.6,5930, 445809, 52.17
TTKHLTCARE, EQ, 14-Dec-2020,596.35,609.8,624.8,596.0,599.0,599.9,609.99,14264,87.01,673, 9725, 68.18
TTKPRESTIG, EQ, 14-Dec-2020,5757.35,5818.8,5818.8,5702.0,5720.0,5719.2,5753.42,5714,328.75,1486, 4079, 71.39
TTL, EQ, 14-Dec-2020,43.9,44.15,44.9,43.0,43.7,43.7,43.87,6313,2.77,290, 4111, 65.12
TTML, BE, 14-Dec-2020,8.0,8.4,8.4,8.15,8.3,8.2,8.25,2489477,205.34,5405, -, -
TV18BRDCST, EQ, 14-Dec-2020,31.2,31.4,32.1,31.1,31.55,31.6,31.52,3795873,1196.34,7472, 1501650, 39.56
TVSELECT, EQ, 14-Dec-2020,147.3,146.3,149.0,140.9,142.1,142.8,143.69,240237,345.21,4889, 114299, 47.58
TVSMOTOR, EQ, 14-Dec-2020,484.2,489.8,489.9,477.5,487.85,487.65,483.72,2539870,12285.81,36215, 404016, 15.91
TVSSRICHAK, EQ, 14-Dec-2020,2068.85,1996.0,2077.95,1963.2,1974.0,1992.9,2024.64,128953,2610.84,12437, 21445, 16.63
TVTODAY, EQ, 14-Dec-2020,217.0,218.1,222.7,213.95,213.95,214.6,217.5,87844,191.06,2085, 55714, 63.42
TVVISION, EQ, 14-Dec-2020,1.9,1.95,1.95,1.95,1.95,1.95,1.95,3098,0.06,5, 3098, 100.00
TWL, EQ, 14-Dec-2020,51.35,51.8,54.3,50.65,53.75,53.8,53.1,938951,498.54,5777, 352866, 37.58
UBL, EQ, 14-Dec-2020,1157.4,1149.9,1171.8,1145.2,1157.0,1158.1,1161.82,394487,4583.24,14913, 106089, 26.89
UCALFUEL, EQ, 14-Dec-2020,131.35,132.0,133.85,129.55,129.8,130.3,131.2,29102,38.18,963, 14586, 50.12
UCL, SM, 14-Dec-2020,30.05,34.0,34.0,28.25,28.25,31.1,31.13,4000,1.25,2, 4000, 100.00
UCOBANK, EQ, 14-Dec-2020,13.4,13.5,13.65,13.3,13.4,13.4,13.44,2018643,271.28,4831, 1039250, 51.48
UFLEX, EQ, 14-Dec-2020,383.95,384.05,387.35,377.8,379.5,378.95,381.0,90042,343.06,2873, 58650, 65.14
UFO, EQ, 14-Dec-2020,80.45,81.35,84.7,80.55,82.8,82.95,82.81,631292,522.74,4189, 203867, 32.29
UGARSUGAR, EQ, 14-Dec-2020,16.95,17.2,17.4,16.75,16.9,16.9,17.02,292257,49.74,1389, 167695, 57.38
UJAAS, EQ, 14-Dec-2020,2.95,2.95,3.1,2.7,2.7,2.7,2.83,38554265,1092.99,9634, 28811693, 74.73
UJJIVAN, EQ, 14-Dec-2020,282.85,284.0,288.0,282.15,284.0,283.7,284.76,496906,1414.99,10076, 170115, 34.23
UJJIVANSFB, EQ, 14-Dec-2020,38.85,39.25,39.55,38.85,39.2,39.05,39.08,964041,376.72,3385, 569969, 59.12
ULTRACEMCO, EQ, 14-Dec-2020,5015.0,5015.0,5080.0,4995.7,5068.0,5073.75,5045.39,919851,46410.11,47469, 516455, 56.15
UMANGDAIRY, EQ, 14-Dec-2020,52.65,55.65,62.25,54.5,58.2,58.1,58.74,578341,339.73,4262, 146124, 25.27
UMESLTD, EQ, 14-Dec-2020,1.7,1.75,1.75,1.7,1.75,1.75,1.75,60838,1.06,80, 60238, 99.01
UNICHEMLAB, EQ, 14-Dec-2020,262.95,263.1,265.0,260.05,260.5,260.55,261.78,43317,113.4,1807, 24048, 55.52
UNIDT, EQ, 14-Dec-2020,264.1,260.95,269.0,260.3,264.75,264.35,265.02,8873,23.52,64, 2886, 32.53
UNIENTER, EQ, 14-Dec-2020,65.2,64.8,67.0,62.5,63.85,63.1,64.25,48073,30.89,1487, 23119, 48.09
UNIINFO, SM, 14-Dec-2020,24.3,25.5,25.5,25.5,25.5,25.5,25.5,8000,2.04,4, 8000, 100.00
UNIONBANK, EQ, 14-Dec-2020,33.15,34.2,34.5,33.6,33.8,33.85,33.89,10476417,3550.44,17369, 3229950, 30.83
UNIPLY, BZ, 14-Dec-2020,3.55,3.45,3.7,3.45,3.7,3.7,3.68,673821,24.78,217, -, -
UNITECH, BZ, 14-Dec-2020,1.85,1.9,1.9,1.9,1.9,1.9,1.9,487224,9.26,209, -, -
UNITEDTEA, EQ, 14-Dec-2020,331.75,331.6,332.5,321.0,325.6,328.0,325.66,954,3.11,78, 630, 66.04
UNITY, BZ, 14-Dec-2020,1.3,1.3,1.35,1.3,1.35,1.35,1.34,10240,0.14,19, -, -
UNIVASTU, EQ, 14-Dec-2020,31.7,33.0,33.0,31.8,32.2,32.2,32.49,1905,0.62,50, 1443, 75.75
UNIVCABLES, EQ, 14-Dec-2020,150.2,151.65,153.0,145.55,145.9,146.45,147.92,47177,69.78,1080, 26962, 57.15
UNIVPHOTO, EQ, 14-Dec-2020,175.75,177.0,185.0,169.95,173.25,178.05,178.54,13228,23.62,303, 10346, 78.21
UPL, EQ, 14-Dec-2020,435.0,433.0,443.9,431.8,441.75,442.15,440.4,14595495,64279.14,138461, 2880594, 19.74
URJA, EQ, 14-Dec-2020,5.1,5.35,5.35,5.35,5.35,5.35,5.35,408781,21.87,424, 408781, 100.00
USHAMART, EQ, 14-Dec-2020,25.45,25.9,26.8,25.45,26.75,26.65,26.22,1429411,374.74,2557, 909440, 63.62
UTIAMC, EQ, 14-Dec-2020,569.65,571.0,579.8,563.6,575.75,575.5,572.66,976365,5591.24,34129, 629821, 64.51
UTIBANKETF, EQ, 14-Dec-2020,305.35,306.24,308.48,306.24,308.17,308.17,308.04,71,0.22,11, 69, 97.18
UTINEXT50, EQ, 14-Dec-2020,329.68,330.0,335.0,329.95,330.72,330.92,331.31,420,1.39,36, 378, 90.00
UTINIFTETF, EQ, 14-Dec-2020,1436.52,1446.0,1446.0,1439.6,1441.25,1441.3,1443.43,221,3.19,28, 207, 93.67
UTISENSETF, EQ, 14-Dec-2020,488.0,490.0,494.99,480.05,492.0,492.23,492.0,453,2.23,80, 347, 76.60
UTISXN50, EQ, 14-Dec-2020,347.26,343.27,359.78,343.27,359.78,359.78,357.79,31,0.11,11, 15, 48.39
UTTAMSTL, EQ, 14-Dec-2020,7.25,7.35,7.5,7.05,7.35,7.3,7.24,166495,12.05,321, 129377, 77.71
UTTAMSUGAR, EQ, 14-Dec-2020,96.25,96.95,98.7,96.65,97.3,97.2,97.59,84037,82.01,1311, 40409, 48.08
V2RETAIL, BE, 14-Dec-2020,100.65,103.7,103.7,96.2,99.0,97.35,98.21,67029,65.83,496, -, -
VADILALIND, EQ, 14-Dec-2020,805.95,800.0,810.0,786.85,790.0,792.25,796.05,4515,35.94,315, 3800, 84.16
VAIBHAVGBL, EQ, 14-Dec-2020,2096.35,2138.3,2138.3,2076.0,2085.0,2080.5,2087.43,10468,218.51,3306, 8273, 79.03
VAISHALI, EQ, 14-Dec-2020,34.9,34.9,40.35,33.8,38.35,38.3,37.59,110489,41.54,750, 59962, 54.27
VAKRANGEE, EQ, 14-Dec-2020,47.95,49.25,52.2,49.25,50.7,50.6,50.93,11193454,5701.34,31840, 6758850, 60.38
VALIANTORG, EQ, 14-Dec-2020,3150.15,3200.0,3240.0,3158.65,3200.0,3193.55,3197.07,19260,615.76,2910, 13134, 68.19
VARDHACRLC, EQ, 14-Dec-2020,33.1,33.5,34.35,33.2,34.0,34.0,33.79,107318,36.26,343, 78846, 73.47
VARDMNPOLY, EQ, 14-Dec-2020,11.2,12.0,12.0,10.3,10.9,10.85,10.99,36584,4.02,222, 28058, 76.69
VARROC, EQ, 14-Dec-2020,406.75,409.9,415.0,406.0,407.0,406.9,409.12,64285,263.0,2198, 39239, 61.04
VASA, SM, 14-Dec-2020,5.75,5.75,6.0,5.75,6.0,6.0,5.88,8000,0.47,2, 8000, 100.00
VASCONEQ, BE, 14-Dec-2020,14.3,14.5,15.0,13.6,15.0,14.95,14.46,473462,68.48,818, -, -
VASWANI, EQ, 14-Dec-2020,6.25,6.55,6.55,6.25,6.5,6.45,6.41,31973,2.05,73, 27315, 85.43
VBL, EQ, 14-Dec-2020,910.05,914.95,918.8,888.7,900.9,901.9,907.45,542609,4923.92,32902, 335781, 61.88
VCL, SM, 14-Dec-2020,18.95,19.25,20.4,19.25,20.4,19.8,19.83,12000,2.38,2, 12000, 100.00
VEDL, EQ, 14-Dec-2020,146.5,147.95,149.5,145.9,146.25,146.65,147.28,18641959,27455.14,71213, 4961040, 26.61
VENKEYS, EQ, 14-Dec-2020,1692.2,1717.0,1750.0,1703.05,1706.0,1710.45,1725.84,130389,2250.3,9118, 34603, 26.54
VENUSREM, EQ, 14-Dec-2020,142.65,145.0,145.0,139.05,141.6,142.5,142.06,24350,34.59,659, 17007, 69.84
VERA, SM, 14-Dec-2020,47.15,47.0,47.3,47.0,47.3,47.3,47.15,9000,4.24,4, 9000, 100.00
VERTOZ, EQ, 14-Dec-2020,206.45,206.45,216.0,205.8,210.05,209.45,210.32,137752,289.72,978, 70677, 51.31
VESUVIUS, EQ, 14-Dec-2020,1028.6,1032.95,1039.3,1015.0,1015.0,1018.15,1028.65,8121,83.54,448, 7066, 87.01
VETO, EQ, 14-Dec-2020,83.65,82.5,87.0,81.7,86.4,86.0,85.48,51897,44.36,679, 43132, 83.11
VGUARD, EQ, 14-Dec-2020,186.85,188.0,190.8,186.0,190.0,190.1,189.3,607744,1150.49,17972, 326287, 53.69
VHL, EQ, 14-Dec-2020,1437.65,1480.0,1480.0,1435.55,1455.0,1454.65,1455.78,300,4.37,40, 193, 64.33
VICEROY, BE, 14-Dec-2020,3.05,3.2,3.2,2.9,3.2,3.2,3.19,110810,3.53,107, -, -
VIDEOIND, BZ, 14-Dec-2020,7.5,7.85,7.85,7.85,7.85,7.85,7.85,1016499,79.8,609, -, -
VIDHIING, EQ, 14-Dec-2020,123.3,124.55,126.0,120.3,123.0,123.6,123.77,33555,41.53,849, 22851, 68.10
VIJIFIN, EQ, 14-Dec-2020,0.75,0.8,0.8,0.7,0.7,0.7,0.72,537475,3.86,255, 344814, 64.15
VIKASECO, EQ, 14-Dec-2020,4.8,4.85,5.0,4.8,5.0,5.0,4.95,1699606,84.13,1033, 1395124, 82.09
VIKASMCORP, EQ, 14-Dec-2020,7.4,7.65,7.75,7.6,7.75,7.75,7.72,4165553,321.71,5035, 3492970, 83.85
VIKASPROP, EQ, 14-Dec-2020,3.3,3.35,3.45,3.25,3.45,3.4,3.37,3878574,130.55,2681, 2191534, 56.50
VIKASWSP, EQ, 14-Dec-2020,5.15,5.25,5.4,5.25,5.3,5.3,5.33,335819,17.91,497, 314072, 93.52
VIMTALABS, EQ, 14-Dec-2020,169.45,172.0,186.35,172.0,185.5,184.9,182.57,151116,275.89,2599, 90584, 59.94
VINATIORGA, EQ, 14-Dec-2020,1120.5,1125.0,1139.0,1111.1,1125.15,1115.05,1120.49,81057,908.23,6815, 55892, 68.95
VINDHYATEL, EQ, 14-Dec-2020,856.4,865.0,870.05,841.55,845.7,853.65,855.34,5934,50.76,725, 3035, 51.15
VINYLINDIA, EQ, 14-Dec-2020,119.55,121.0,123.0,116.0,117.75,117.6,118.16,119962,141.74,3327, 62121, 51.78
VIPCLOTHNG, EQ, 14-Dec-2020,11.3,11.1,11.85,11.1,11.85,11.85,11.74,178499,20.96,268, 126746, 71.01
VIPIND, EQ, 14-Dec-2020,366.4,370.0,370.95,364.0,365.0,365.5,367.34,178073,654.13,5417, 72134, 40.51
VIPULLTD, EQ, 14-Dec-2020,17.25,17.85,17.85,16.8,17.25,17.2,17.17,4222,0.72,75, 2741, 64.92
VISAKAIND, EQ, 14-Dec-2020,389.85,401.3,401.45,385.95,395.05,398.3,395.09,61327,242.3,3051, 30857, 50.32
VISASTEEL, EQ, 14-Dec-2020,6.95,7.2,7.2,6.75,6.8,6.8,6.91,26004,1.8,143, 23210, 89.26
VISHAL, EQ, 14-Dec-2020,93.9,92.05,92.05,92.05,92.05,92.05,92.05,59768,55.02,661, 59768, 100.00
VISHNU, EQ, 14-Dec-2020,179.8,182.95,190.25,176.0,187.7,187.85,183.43,33774,61.95,1054, 18960, 56.14
VISHWARAJ, EQ, 14-Dec-2020,123.6,122.05,124.95,121.4,122.55,122.75,122.67,1002,1.23,55, 656, 65.47
VIVIDHA, EQ, 14-Dec-2020,0.65,0.65,0.7,0.6,0.7,0.65,0.65,4392571,28.45,642, 3475637, 79.13
VIVIMEDLAB, EQ, 14-Dec-2020,17.6,17.95,18.3,17.25,17.25,17.3,17.64,339317,59.86,902, 158869, 46.82
VLSFINANCE, EQ, 14-Dec-2020,65.55,66.15,72.0,66.05,71.9,70.4,69.59,128357,89.32,1225, 83057, 64.71
VMART, EQ, 14-Dec-2020,2335.15,2312.25,2464.95,2312.25,2400.0,2415.35,2404.49,49310,1185.65,6384, 16144, 32.74
VOLTAMP, EQ, 14-Dec-2020,1250.6,1256.7,1262.0,1209.0,1214.6,1216.1,1222.17,12803,156.47,1813, 5733, 44.78
VOLTAS, EQ, 14-Dec-2020,804.9,806.1,814.9,804.2,806.2,808.05,808.88,619636,5012.11,14810, 153720, 24.81
VRLLOG, EQ, 14-Dec-2020,206.4,208.9,209.5,203.5,207.25,207.9,207.35,379261,786.38,8791, 187889, 49.54
VSSL, EQ, 14-Dec-2020,118.25,120.0,121.0,117.0,120.25,120.4,119.77,31197,37.37,460, 26248, 84.14
VSTIND, EQ, 14-Dec-2020,3958.75,3975.0,4015.0,3888.0,3907.7,3903.4,3949.45,6517,257.39,1894, 3909, 59.98
VSTTILLERS, EQ, 14-Dec-2020,1903.35,1915.0,1918.9,1895.0,1901.0,1908.85,1908.35,8314,158.66,1302, 4779, 57.48
VTL, EQ, 14-Dec-2020,977.25,1039.95,1039.95,980.0,989.4,988.65,992.31,60836,603.68,2505, 45107, 74.15
WABAG, EQ, 14-Dec-2020,199.3,200.9,218.05,200.9,216.0,215.2,211.02,1852277,3908.71,29691, 662987, 35.79
WABCOINDIA, EQ, 14-Dec-2020,5665.5,5720.0,5765.5,5670.05,5687.2,5695.3,5696.01,1878,106.97,654, 885, 47.12
WALCHANNAG, EQ, 14-Dec-2020,64.2,64.0,65.5,63.0,64.05,64.05,64.06,116323,74.52,1234, 66535, 57.20
WANBURY, BE, 14-Dec-2020,38.0,39.0,39.9,38.3,39.9,39.7,39.77,35408,14.08,194, -, -
WATERBASE, EQ, 14-Dec-2020,124.1,136.4,145.9,136.0,138.4,141.75,141.46,13004950,18396.55,92001, 1296701, 9.97
WEBELSOLAR, EQ, 14-Dec-2020,27.8,28.4,30.55,27.6,30.55,30.55,29.61,456931,135.3,1737, 294558, 64.46
WEIZMANIND, EQ, 14-Dec-2020,59.65,64.7,65.6,62.0,65.6,65.6,65.0,30260,19.67,267, 22318, 73.75
WELCORP, EQ, 14-Dec-2020,134.75,134.75,136.0,129.5,129.9,129.8,131.7,1469570,1935.47,12239, 891922, 60.69
WELENT, EQ, 14-Dec-2020,91.7,92.05,95.45,92.0,93.8,93.95,94.19,232169,218.67,1885, 171653, 73.93
WELINV, EQ, 14-Dec-2020,493.5,494.0,494.0,444.15,444.15,444.15,448.36,5474,24.54,390, 3957, 72.29
WELSPUNIND, EQ, 14-Dec-2020,70.55,73.2,74.05,73.0,74.05,74.05,73.94,540275,399.46,1302, 524949, 97.16
WENDT, EQ, 14-Dec-2020,3376.1,3477.0,3477.0,3272.0,3433.95,3387.75,3400.93,748,25.44,540, 243, 32.49
WESTLIFE, EQ, 14-Dec-2020,437.5,444.0,450.0,423.0,427.0,425.6,434.78,394789,1716.48,11355, 132232, 33.49
WFL, SM, 14-Dec-2020,44.9,42.7,47.1,42.7,43.3,43.3,43.95,6400,2.81,3, 4800, 75.00
WHEELS, EQ, 14-Dec-2020,476.75,489.0,496.6,475.0,478.0,479.1,484.56,31108,150.74,1744, 20246, 65.08
WHIRLPOOL, EQ, 14-Dec-2020,2084.6,2110.0,2124.0,2090.95,2095.45,2095.1,2106.29,81747,1721.83,11399, 55939, 68.43
WILLAMAGOR, EQ, 14-Dec-2020,19.9,20.05,21.85,18.55,21.7,21.7,21.11,77918,16.45,498, 49526, 63.56
WINDMACHIN, EQ, 14-Dec-2020,19.5,19.9,20.45,18.8,19.25,19.05,19.24,30274,5.83,196, 21756, 71.86
WIPL, BE, 14-Dec-2020,49.75,50.0,51.0,49.75,50.5,50.5,50.1,1449,0.73,17, -, -
WIPRO, EQ, 14-Dec-2020,353.5,353.5,354.55,347.1,349.3,349.35,349.28,11501839,40173.89,106951, 6170558, 53.65
WOCKPHARMA, EQ, 14-Dec-2020,517.75,523.0,523.5,503.35,507.7,507.1,510.17,571153,2913.82,16853, 200846, 35.17
WONDERLA, EQ, 14-Dec-2020,213.0,215.5,219.0,210.0,213.7,213.25,213.79,124377,265.9,2945, 43649, 35.09
WORTH, EQ, 14-Dec-2020,46.0,46.4,47.8,46.0,46.5,46.35,46.34,6124,2.84,45, 5095, 83.20
WSI, EQ, 14-Dec-2020,4.2,4.2,4.4,4.2,4.4,4.4,4.37,5626,0.25,18, 5106, 90.76
WSTCSTPAPR, EQ, 14-Dec-2020,174.25,175.5,176.5,171.3,173.25,173.05,173.72,130622,226.91,2848, 75686, 57.94
XCHANGING, EQ, 14-Dec-2020,80.95,81.85,81.9,80.3,80.5,80.75,80.99,146366,118.54,455, 134505, 91.90
XELPMOC, EQ, 14-Dec-2020,280.3,287.0,290.0,272.6,284.1,286.3,281.98,39571,111.58,1369, 24383, 61.62
XPROINDIA, BE, 14-Dec-2020,35.15,34.75,35.95,34.5,35.95,34.85,35.11,12524,4.4,48, -, -
YAARII, EQ, 14-Dec-2020,83.2,87.35,87.35,79.05,79.05,79.05,82.95,831332,689.61,3720, 430362, 51.77
YESBANK, EQ, 14-Dec-2020,19.45,19.4,19.45,18.5,18.5,18.5,18.64,136661650,25471.64,179971, 78874109, 57.71
ZEEL, EQ, 14-Dec-2020,212.7,215.0,217.8,213.5,215.3,215.4,215.24,11216924,24142.79,56115, 2421461, 21.59
ZEEL, P2, 14-Dec-2020,3.95,3.95,3.95,3.9,3.95,3.95,3.91,17416,0.68,29, 17416, 100.00
ZEELEARN, EQ, 14-Dec-2020,14.1,14.05,14.65,13.9,14.3,14.3,14.34,1916817,274.9,2492, 879314, 45.87
ZEEMEDIA, EQ, 14-Dec-2020,6.05,6.65,6.65,6.35,6.6,6.6,6.54,14828319,969.73,9574, 10930388, 73.71
ZENITHEXPO, EQ, 14-Dec-2020,84.3,88.9,92.7,79.15,92.7,92.7,89.37,27952,24.98,635, 13836, 49.50
ZENITHSTL, BE, 14-Dec-2020,0.85,0.85,0.9,0.8,0.9,0.9,0.88,27599,0.24,33, -, -
ZENSARTECH, EQ, 14-Dec-2020,254.65,257.8,257.8,243.5,245.0,244.85,247.22,216407,535.0,5873, 111773, 51.65
ZENTEC, EQ, 14-Dec-2020,87.55,88.4,88.65,86.1,86.5,86.5,87.19,226632,197.61,2778, 133232, 58.79
ZICOM, BZ, 14-Dec-2020,2.1,2.1,2.15,2.0,2.1,2.1,2.11,56405,1.19,59, -, -
ZODIACLOTH, EQ, 14-Dec-2020,103.25,103.95,104.05,102.5,104.0,103.25,103.62,53030,54.95,761, 39318, 74.14
ZODJRDMKJ, EQ, 14-Dec-2020,27.2,27.55,29.7,27.3,29.7,29.55,28.54,3602,1.03,150, 2716, 75.40
ZOTA, EQ, 14-Dec-2020,149.55,155.1,155.1,150.15,151.0,150.9,151.8,37121,56.35,654, 18546, 49.96
ZUARI, EQ, 14-Dec-2020,96.75,96.75,101.0,96.0,96.7,96.75,97.82,75141,73.51,1125, 36323, 48.34
ZUARIGLOB, EQ, 14-Dec-2020,62.95,63.0,64.45,60.7,61.95,61.2,61.97,321831,199.43,1418, 261692, 81.31
ZYDUSWELL, EQ, 14-Dec-2020,1872.1,1881.5,1896.0,1865.0,1882.0,1879.25,1879.48,14462,271.81,2638, 7622, 52.70
