SYMBOL, SERIES, DATE1, PREV_CLOSE, OPEN_PRICE, HIGH_PRICE, LOW_PRICE, LAST_PRICE, CLOSE_PRICE, AVG_PRICE, TTL_TRD_QNTY, TURNOVER_LACS, NO_OF_TRADES, DELIV_QTY, DELIV_PER
20MICRONS, EQ, 26-Aug-2020,31.25,31.4,33.4,31.0, 33.00,32.9,32.61,404573,131.94,2079, 227228, 56.16
21STCENMGM, EQ, 26-Aug-2020,10.6,10.45,10.5,10.4, 10.50,10.4,10.4,10675,1.11,36, 10475, 98.13
3IINFOTECH, EQ, 26-Aug-2020,3.8,3.95,3.95,3.95, 3.95,3.95,3.95,512450,20.24,314, 512450, 100.00
3MINDIA, EQ, 26-Aug-2020,20813.3,21000.0,21088.95,20750.0, 20760.00,20866.15,20908.87,1485,310.5,836, 721, 48.55
5PAISA, BE, 26-Aug-2020,352.35,353.9,360.4,340.0, 360.40,353.7,353.14,27376,96.67,203, -, -
617GS2021, GS, 26-Aug-2020,104.74,104.0,104.0,104.0, 104.00,104.0,104.0,4,0.0,1, 4, 100.00
63MOONS, EQ, 26-Aug-2020,81.3,81.95,82.65,80.55, 81.50,81.2,81.52,29729,24.24,664, 17094, 57.50
700GS2021, GS, 26-Aug-2020,94.4,99.0,99.0,99.0, 99.00,99.0,99.0,100,0.1,1, 100, 100.00
A2ZINFRA, EQ, 26-Aug-2020,5.0,5.25,5.25,5.25, 5.25,5.25,5.25,208756,10.96,94, 208756, 100.00
AAKASH, SM, 26-Aug-2020,44.35,43.0,43.0,43.0, 43.00,43.0,43.0,6000,2.58,1, 6000, 100.00
AARON, SM, 26-Aug-2020,51.1,49.2,49.2,49.2, 49.20,49.2,49.2,3300,1.62,1, 3300, 100.00
AARTIDRUGS, EQ, 26-Aug-2020,3266.7,3255.0,3265.0,2940.05, 2940.05,2940.05,3012.83,840921,25335.55,90216, 320793, 38.15
AARTIIND, EQ, 26-Aug-2020,1142.15,1148.25,1165.0,1115.0, 1120.00,1119.0,1125.06,493698,5554.38,23434, 257371, 52.13
AARTISURF, BE, 26-Aug-2020,509.75,524.0,535.2,510.0, 535.20,535.2,527.73,52513,277.13,1174, -, -
AARVEEDEN, EQ, 26-Aug-2020,12.65,13.15,13.15,12.05, 12.15,12.15,12.27,12982,1.59,116, 9603, 73.97
AARVI, EQ, 26-Aug-2020,43.75,44.5,44.5,42.25, 43.00,43.0,42.84,2717,1.16,42, 2617, 96.32
AAVAS, EQ, 26-Aug-2020,1507.25,1523.0,1555.0,1508.0, 1530.00,1535.7,1534.22,52890,811.45,6935, 28248, 53.41
ABAN, EQ, 26-Aug-2020,29.5,29.75,30.0,28.05, 29.10,29.1,29.11,84545,24.61,790, 50200, 59.38
ABB, EQ, 26-Aug-2020,969.25,973.0,979.0,950.0, 961.85,959.25,958.14,450210,4313.64,5412, 39351, 8.74
ABBOTINDIA, EQ, 26-Aug-2020,16898.65,16902.0,17200.0,16800.1, 16980.00,16944.0,17033.04,13488,2297.42,5008, 7558, 56.03
ABCAPITAL, EQ, 26-Aug-2020,62.0,62.35,66.2,61.8, 65.35,65.35,64.68,8904850,5759.65,42599, 3581967, 40.22
ABFRL, EQ, 26-Aug-2020,151.1,151.0,152.1,148.2, 149.00,149.05,150.09,2164099,3248.07,12870, 1495691, 69.11
ABFRLPP, E1, 26-Aug-2020,91.3,90.55,92.0,87.9, 88.50,88.1,89.48,111566,99.83,842, 91253, 81.79
ABMINTLTD, BE, 26-Aug-2020,25.8,27.05,27.05,26.9, 27.05,27.05,27.04,2590,0.7,27, -, -
ABSLBANETF, EQ, 26-Aug-2020,224.21,230.0,270.0,215.26, 238.80,238.61,230.62,3498,8.07,195, 1103, 31.53
ABSLNN50ET, EQ, 26-Aug-2020,284.68,298.98,298.99,285.15, 285.15,285.43,293.45,59,0.17,9, 52, 88.14
ABSLRIF6RG, MF, 26-Aug-2020,6.11,6.12,6.62,6.12, 6.62,6.62,6.53,26500,1.73,72, 21500, 81.13
ACC, EQ, 26-Aug-2020,1401.9,1403.0,1410.35,1387.05, 1400.80,1397.85,1396.6,498770,6965.83,19573, 72413, 14.52
ACCELYA, EQ, 26-Aug-2020,1031.45,1047.0,1050.0,1020.0, 1040.95,1043.7,1034.28,8751,90.51,1084, 3841, 43.89
ACCURACY, SM, 26-Aug-2020,39.8,39.8,39.9,38.8, 38.80,38.8,39.5,4800,1.9,3, 1600, 33.33
ACE, EQ, 26-Aug-2020,68.55,69.1,71.0,67.7, 68.40,68.2,68.93,332113,228.94,2552, 151191, 45.52
ADANIENT, EQ, 26-Aug-2020,307.55,299.0,302.8,278.25, 283.00,285.55,290.08,26720036,77509.14,221507, 2199277, 8.23
ADANIGAS, EQ, 26-Aug-2020,185.25,184.8,196.5,182.25, 185.80,186.15,189.83,6565411,12463.22,47572, 1607747, 24.49
ADANIGREEN, EQ, 26-Aug-2020,424.7,420.55,439.3,420.1, 427.40,427.65,429.54,1145302,4919.5,23404, 503570, 43.97
ADANIPORTS, EQ, 26-Aug-2020,346.1,346.35,366.9,346.35, 352.80,354.25,359.39,11568961,41577.16,119740, 1906572, 16.48
ADANIPOWER, EQ, 26-Aug-2020,40.95,40.9,40.9,39.65, 40.05,40.15,40.26,10045179,4044.22,22691, 3907988, 38.90
ADANITRANS, EQ, 26-Aug-2020,296.2,294.0,294.7,280.95, 283.00,283.1,286.24,1005808,2879.04,15786, 511134, 50.82
ADFFOODS, EQ, 26-Aug-2020,372.3,370.2,374.95,355.0, 366.90,364.5,364.14,42723,155.57,1946, 23891, 55.92
ADHUNIKIND, EQ, 26-Aug-2020,20.65,21.25,21.65,21.1, 21.65,21.65,21.6,51696,11.16,259, 43196, 83.56
ADORWELD, EQ, 26-Aug-2020,285.5,287.0,288.3,278.0, 278.20,279.2,282.84,26204,74.12,911, 15998, 61.05
ADROITINFO, BE, 26-Aug-2020,7.0,7.0,7.0,6.85, 6.90,6.85,6.89,1985,0.14,10, -, -
ADSL, EQ, 26-Aug-2020,26.4,26.95,26.95,25.1, 25.35,25.25,25.83,318421,82.24,1508, 201559, 63.30
ADVANIHOTR, EQ, 26-Aug-2020,45.1,45.8,46.5,44.8, 45.05,45.55,45.61,6366,2.9,141, 4629, 72.71
ADVENZYMES, EQ, 26-Aug-2020,240.8,242.5,245.95,232.0, 233.95,233.5,238.99,619384,1480.27,11233, 291791, 47.11
AEGISCHEM, EQ, 26-Aug-2020,205.85,207.7,210.0,204.3, 206.80,205.5,207.57,370280,768.61,7127, 206075, 55.65
AFFLE, EQ, 26-Aug-2020,2801.35,2941.4,2941.4,2818.9, 2941.40,2941.4,2932.8,248345,7283.45,12067, 77550, 31.23
AGARIND, EQ, 26-Aug-2020,116.1,119.4,119.4,115.0, 116.00,116.05,116.6,45909,53.53,895, 31120, 67.79
AGCNET, EQ, 26-Aug-2020,363.55,363.6,366.95,355.1, 359.00,359.1,359.87,10670,38.4,273, 8381, 78.55
AGRITECH, EQ, 26-Aug-2020,35.1,35.3,36.4,35.05, 36.05,36.25,35.84,28238,10.12,257, 18392, 65.13
AGROPHOS, EQ, 26-Aug-2020,10.9,10.95,11.35,10.5, 10.70,10.7,10.81,49905,5.39,179, 30577, 61.27
AHLADA, SM, 26-Aug-2020,43.0,43.0,43.0,43.0, 43.00,43.0,43.0,1000,0.43,1, 1000, 100.00
AHLEAST, EQ, 26-Aug-2020,151.7,154.05,158.75,150.1, 156.00,154.65,153.44,2117,3.25,139, 1445, 68.26
AHLUCONT, EQ, 26-Aug-2020,252.35,252.35,302.8,250.1, 293.00,299.85,294.07,298150,876.76,3302, 192049, 64.41
AHLWEST, EQ, 26-Aug-2020,262.05,260.0,272.15,255.35, 257.25,258.4,262.77,2179,5.73,199, 1305, 59.89
AIAENG, EQ, 26-Aug-2020,1831.35,1831.35,1868.0,1811.0, 1864.00,1849.6,1839.55,37826,695.83,4751, 12211, 32.28
AIONJSW, EQ, 26-Aug-2020,18.8,18.75,19.2,18.45, 18.50,18.7,18.84,282116,53.14,438, 255005, 90.39
AIRAN, EQ, 26-Aug-2020,13.15,13.15,13.45,12.5, 12.95,12.9,12.85,65415,8.41,366, 46167, 70.58
AISL, SM, 26-Aug-2020,22.6,23.7,23.7,22.25, 22.25,22.25,22.98,2400,0.55,2, 2400, 100.00
AJANTPHARM, EQ, 26-Aug-2020,1612.5,1618.0,1634.85,1606.0, 1610.25,1609.75,1617.08,79599,1287.18,6002, 23500, 29.52
AJMERA, EQ, 26-Aug-2020,93.35,94.0,95.65,91.8, 92.70,92.65,93.41,74203,69.31,1348, 40860, 55.07
AJOONI, SM, 26-Aug-2020,34.75,34.0,34.0,33.25, 33.50,33.5,33.57,112000,37.59,26, 72000, 64.29
AKASH, BE, 26-Aug-2020,210.3,215.0,215.0,204.0, 212.90,204.0,204.1,61586,125.7,68, -, -
AKG, SM, 26-Aug-2020,42.6,43.7,43.7,43.7, 43.70,43.7,43.7,4000,1.75,1, 4000, 100.00
AKSHARCHEM, EQ, 26-Aug-2020,261.25,269.0,269.75,255.55, 259.85,260.35,261.46,205998,538.61,4381, 107462, 52.17
AKSHOPTFBR, EQ, 26-Aug-2020,7.6,7.95,7.95,7.95, 7.95,7.95,7.95,164599,13.09,161, 164599, 100.00
AKZOINDIA, EQ, 26-Aug-2020,2099.8,2111.0,2160.0,2094.65, 2131.00,2133.55,2132.02,17528,373.7,4352, 7255, 41.39
ALANKIT, EQ, 26-Aug-2020,18.3,18.65,19.05,18.15, 18.50,18.5,18.68,144947,27.08,646, 87455, 60.34
ALBERTDAVD, EQ, 26-Aug-2020,457.85,464.9,466.35,450.25, 452.60,452.7,457.11,49648,226.95,2709, 27026, 54.44
ALCHEM, EQ, 26-Aug-2020,6.45,6.75,6.75,6.75, 6.75,6.75,6.75,15450,1.04,40, 15450, 100.00
ALEMBICLTD, EQ, 26-Aug-2020,82.15,82.55,86.5,82.5, 85.60,85.65,84.89,1540943,1308.05,6542, 613927, 39.84
ALICON, EQ, 26-Aug-2020,334.95,341.15,373.0,341.1, 356.00,354.25,359.41,16186,58.17,606, 10099, 62.39
ALKALI, EQ, 26-Aug-2020,54.1,53.5,55.0,53.0, 53.75,53.4,53.54,24201,12.96,349, 12933, 53.44
ALKEM, EQ, 26-Aug-2020,2798.7,2823.6,2839.9,2790.8, 2821.00,2822.45,2824.85,153199,4327.64,8377, 96184, 62.78
ALKYLAMINE, EQ, 26-Aug-2020,3278.65,3294.0,3573.7,3250.0, 3499.00,3461.5,3407.74,158876,5414.09,16934, 51812, 32.61
ALLCARGO, EQ, 26-Aug-2020,130.6,137.0,139.7,125.9, 127.70,128.6,131.36,2894066,3801.52,27306, 1497224, 51.73
ALLSEC, EQ, 26-Aug-2020,283.8,280.15,296.8,280.15, 286.00,292.2,290.86,31007,90.19,836, 20127, 64.91
ALMONDZ, EQ, 26-Aug-2020,14.75,16.05,16.2,15.55, 16.20,16.2,16.1,192604,31.01,497, 116886, 60.69
ALOKINDS, EQ, 26-Aug-2020,35.4,35.0,35.4,34.3, 34.45,34.45,34.62,11145710,3858.27,22725, 5772793, 51.79
ALPA, EQ, 26-Aug-2020,29.75,31.2,31.2,31.2, 31.20,31.2,31.2,212067,66.16,340, 141774, 66.85
ALPHAGEO, EQ, 26-Aug-2020,179.15,179.55,185.0,179.5, 182.00,181.65,182.26,61888,112.8,1084, 32402, 52.36
ALPSINDUS, EQ, 26-Aug-2020,1.2,1.25,1.25,1.15, 1.25,1.25,1.24,12417,0.15,28, 12214, 98.37
AMARAJABAT, EQ, 26-Aug-2020,741.45,742.2,752.0,733.0, 741.50,743.5,743.14,551669,4099.69,19162, 109550, 19.86
AMBER, EQ, 26-Aug-2020,1821.8,1824.05,1860.0,1810.0, 1812.00,1819.15,1833.47,118709,2176.49,11417, 50261, 42.34
AMBIKCO, EQ, 26-Aug-2020,731.2,740.0,742.2,706.3, 712.10,712.9,716.78,22863,163.88,1907, 12722, 55.64
AMBUJACEM, EQ, 26-Aug-2020,222.35,223.6,223.6,219.6, 221.45,220.85,220.86,2595484,5732.32,20779, 961846, 37.06
AMDIND, EQ, 26-Aug-2020,19.25,19.9,20.35,18.65, 19.00,19.0,19.24,102146,19.65,394, 65955, 64.57
AMJLAND, EQ, 26-Aug-2020,19.65,19.45,20.25,19.1, 19.35,19.5,19.52,18513,3.61,132, 12048, 65.08
AMJUMBO, SM, 26-Aug-2020,7.5,7.85,7.85,7.85, 7.85,7.85,7.85,8000,0.63,1, 8000, 100.00
AMRUTANJAN, EQ, 26-Aug-2020,472.75,479.0,479.0,470.0, 470.50,470.95,473.24,30598,144.8,1409, 16339, 53.40
ANANTRAJ, EQ, 26-Aug-2020,35.5,37.0,37.9,35.55, 36.40,36.35,36.55,579627,211.86,1912, 393366, 67.87
ANDHRACEMT, EQ, 26-Aug-2020,5.55,5.55,5.7,5.3, 5.50,5.45,5.47,209076,11.43,549, 133953, 64.07
ANDHRAPAP, EQ, 26-Aug-2020,221.45,222.9,224.25,221.0, 222.60,221.7,222.51,47529,105.76,1321, 25046, 52.70
ANDHRSUGAR, EQ, 26-Aug-2020,323.05,324.2,326.8,320.3, 321.00,323.25,324.05,32286,104.62,1238, 17994, 55.73
ANIKINDS, EQ, 26-Aug-2020,14.7,14.0,15.2,14.0, 14.30,14.7,14.84,21439,3.18,142, 14295, 66.68
ANKITMETAL, EQ, 26-Aug-2020,0.9,0.9,0.95,0.9, 0.95,0.95,0.95,111838,1.06,125, 95888, 85.74
ANSALAPI, EQ, 26-Aug-2020,4.55,4.6,4.7,4.35, 4.60,4.55,4.53,89776,4.06,160, 50917, 56.72
ANSALHSG, EQ, 26-Aug-2020,4.55,4.7,4.75,4.55, 4.70,4.65,4.7,111516,5.24,210, 62073, 55.66
ANUP, EQ, 26-Aug-2020,529.8,549.9,565.0,541.0, 560.00,559.4,558.07,46313,258.46,3443, 32452, 70.07
APARINDS, EQ, 26-Aug-2020,342.8,343.65,363.6,339.5, 362.95,358.55,354.49,244351,866.19,4411, 165299, 67.65
APCL, EQ, 26-Aug-2020,156.6,156.6,159.9,152.5, 153.00,153.0,154.91,30299,46.94,1148, 18425, 60.81
APCOTEXIND, EQ, 26-Aug-2020,163.2,164.9,167.5,162.3, 163.70,163.65,165.01,118594,195.7,3930, 48761, 41.12
APEX, EQ, 26-Aug-2020,282.75,284.3,299.4,283.0, 292.00,292.0,293.12,1313588,3850.43,19233, 218039, 16.60
APLAPOLLO, EQ, 26-Aug-2020,2446.75,2450.0,2500.0,2443.85, 2490.00,2489.4,2472.45,61835,1528.84,5771, 33917, 54.85
APLLTD, EQ, 26-Aug-2020,997.25,1005.0,1005.75,988.0, 992.00,991.05,992.35,254757,2528.09,22253, 145555, 57.13
APOLLO, EQ, 26-Aug-2020,124.4,125.95,130.75,124.3, 127.95,128.15,128.59,301097,387.18,4974, 112202, 37.26
APOLLOHOSP, EQ, 26-Aug-2020,1664.45,1664.45,1664.45,1635.2, 1650.00,1651.2,1647.17,748789,12333.82,26423, 229371, 30.63
APOLLOPIPE, EQ, 26-Aug-2020,408.75,412.0,416.5,405.8, 409.75,409.6,413.64,52506,217.19,1751, 39108, 74.48
APOLLOTYRE, EQ, 26-Aug-2020,126.85,127.55,132.6,126.35, 132.35,132.0,130.12,9663308,12574.1,47164, 2908169, 30.09
APOLSINHOT, EQ, 26-Aug-2020,619.9,618.0,633.95,601.6, 603.00,604.25,608.23,2020,12.29,288, 1289, 63.81
APTECHT, EQ, 26-Aug-2020,127.75,128.5,139.65,128.0, 137.50,138.0,134.75,1723222,2322.11,18780, 481380, 27.93
ARCHIDPLY, EQ, 26-Aug-2020,29.9,31.0,32.25,30.5, 31.25,31.4,31.43,377160,118.54,2499, 145477, 38.57
ARCHIES, EQ, 26-Aug-2020,12.95,13.05,13.05,12.5, 12.80,12.85,12.67,38684,4.9,301, 24925, 64.43
ARCOTECH, EQ, 26-Aug-2020,3.05,2.9,3.0,2.9, 3.00,2.95,2.92,70450,2.06,114, 61134, 86.78
ARENTERP, EQ, 26-Aug-2020,11.35,10.55,11.8,10.55, 11.60,10.85,11.02,1988,0.22,12, 661, 33.25
ARIES, EQ, 26-Aug-2020,81.5,81.05,82.75,80.0, 81.00,80.75,81.22,31670,25.72,460, 19867, 62.73
ARIHANT, EQ, 26-Aug-2020,19.2,19.55,19.55,18.35, 18.40,18.55,18.77,4356,0.82,42, 3725, 85.51
ARIHANTSUP, EQ, 26-Aug-2020,23.1,24.15,24.25,22.75, 24.00,24.2,24.04,60451,14.53,193, 42551, 70.39
ARMANFIN, EQ, 26-Aug-2020,529.85,535.0,582.8,527.3, 582.80,582.75,562.49,70746,397.94,3075, 33967, 48.01
AROGRANITE, EQ, 26-Aug-2020,29.75,30.35,30.35,28.35, 29.05,29.25,29.26,27491,8.04,223, 19060, 69.33
ARROWGREEN, EQ, 26-Aug-2020,52.0,54.6,54.6,54.6, 54.60,54.6,54.6,10245,5.59,54, 10244, 99.99
ARSHIYA, EQ, 26-Aug-2020,11.35,11.15,11.9,11.15, 11.90,11.9,11.68,78537,9.17,331, 56953, 72.52
ARSSINFRA, EQ, 26-Aug-2020,14.6,15.0,15.0,13.95, 14.20,14.3,14.21,18148,2.58,287, 12951, 71.36
ARTEMISMED, EQ, 26-Aug-2020,167.0,169.0,175.0,167.0, 168.95,167.25,168.58,1813,3.06,45, 1619, 89.30
ARVEE, SM, 26-Aug-2020,45.0,45.35,53.9,45.35, 48.00,48.0,49.08,6000,2.95,3, 6000, 100.00
ARVIND, EQ, 26-Aug-2020,34.8,35.0,37.2,34.85, 36.70,36.75,36.33,5348257,1943.26,14838, 2191354, 40.97
ARVINDFASN, EQ, 26-Aug-2020,157.15,155.3,165.0,152.0, 164.00,164.3,162.31,1251398,2031.09,9967, 454845, 36.35
ARVSMART, EQ, 26-Aug-2020,101.8,101.9,104.5,100.5, 102.90,102.5,102.78,136359,140.15,2404, 51553, 37.81
ASAHIINDIA, EQ, 26-Aug-2020,230.05,231.9,232.7,223.0, 223.30,223.9,226.67,50605,114.7,1555, 23749, 46.93
ASAHISONG, EQ, 26-Aug-2020,227.35,234.6,254.85,230.55, 237.70,236.0,240.95,334120,805.05,6858, 112278, 33.60
ASAL, EQ, 26-Aug-2020,21.45,22.3,22.5,21.05, 22.50,22.5,22.3,28472,6.35,131, 21297, 74.80
ASALCBR, EQ, 26-Aug-2020,280.35,282.65,286.9,275.4, 283.00,282.85,282.53,107953,305.0,2997, 52594, 48.72
ASCOM, SM, 26-Aug-2020,33.0,32.1,32.1,32.1, 32.10,32.1,32.1,4000,1.28,1, 4000, 100.00
ASHAPURMIN, EQ, 26-Aug-2020,58.5,61.4,61.4,61.4, 61.40,61.4,61.4,57014,35.01,117, 57014, 100.00
ASHIANA, EQ, 26-Aug-2020,81.35,82.45,85.4,81.2, 84.70,85.0,83.95,113202,95.03,1101, 89015, 78.63
ASHIMASYN, EQ, 26-Aug-2020,6.6,6.9,6.9,6.4, 6.90,6.85,6.65,54463,3.62,174, 38326, 70.37
ASHOKA, EQ, 26-Aug-2020,74.85,75.4,79.0,75.2, 76.70,76.8,76.77,6284979,4824.84,26359, 2071909, 32.97
ASHOKLEY, EQ, 26-Aug-2020,69.95,70.6,71.45,70.0, 71.05,71.05,70.81,28158891,19939.26,64614, 5168581, 18.36
ASIANHOTNR, EQ, 26-Aug-2020,62.95,63.1,63.85,61.0, 62.95,62.65,62.79,14471,9.09,415, 6939, 47.95
ASIANPAINT, EQ, 26-Aug-2020,2000.6,2000.95,2009.0,1955.5, 1970.40,1971.4,1971.77,2245860,44283.21,81360, 607540, 27.05
ASIANTILES, EQ, 26-Aug-2020,243.65,243.0,254.0,240.05, 252.05,250.1,245.15,398037,975.79,7794, 100362, 25.21
ASPINWALL, EQ, 26-Aug-2020,156.5,156.55,160.15,154.55, 155.00,155.0,157.45,1713,2.7,112, 1239, 72.33
ASTEC, EQ, 26-Aug-2020,1199.4,1200.0,1200.0,1155.0, 1171.95,1167.0,1171.44,76419,895.2,5326, 36193, 47.36
ASTERDM, EQ, 26-Aug-2020,139.35,142.9,152.4,139.15, 143.80,144.15,147.59,1050599,1550.54,13820, 253140, 24.09
ASTRAL, EQ, 26-Aug-2020,1167.85,1160.0,1198.4,1160.0, 1170.00,1182.75,1184.23,48089,569.48,6127, 21583, 44.88
ASTRAMICRO, EQ, 26-Aug-2020,124.05,124.4,125.2,120.8, 121.10,121.3,123.17,585625,721.3,5133, 251473, 42.94
ASTRAZEN, EQ, 26-Aug-2020,3388.9,3398.2,3590.0,3385.0, 3534.20,3520.85,3515.19,198982,6994.59,23355, 61711, 31.01
ASTRON, EQ, 26-Aug-2020,45.3,46.0,46.0,44.75, 45.10,45.15,45.24,58049,26.26,814, 23749, 40.91
ATFL, EQ, 26-Aug-2020,743.05,742.95,786.75,725.5, 762.60,766.15,760.13,62222,472.97,4916, 20594, 33.10
ATLANTA, EQ, 26-Aug-2020,9.0,9.25,9.25,8.8, 9.00,8.95,8.9,17464,1.55,105, 11894, 68.11
ATLASCYCLE, BE, 26-Aug-2020,45.0,45.0,47.25,43.7, 47.25,47.25,46.24,21802,10.08,117, -, -
ATUL, EQ, 26-Aug-2020,5870.85,5924.85,5988.4,5832.2, 5899.80,5897.2,5921.38,39702,2350.91,7206, 21510, 54.18
ATULAUTO, EQ, 26-Aug-2020,189.7,193.0,203.4,191.0, 195.00,194.9,197.72,1694465,3350.24,27167, 676640, 39.93
AUBANK, EQ, 26-Aug-2020,738.25,740.0,741.0,727.1, 731.40,733.0,734.67,581941,4275.37,17642, 370520, 63.67
AURDIS, SM, 26-Aug-2020,35.15,35.0,35.0,35.0, 35.00,35.0,35.0,2000,0.7,1, 2000, 100.00
AURIONPRO, EQ, 26-Aug-2020,72.0,72.0,74.0,69.6, 70.40,70.4,71.81,15293,10.98,491, 9025, 59.01
AUROPHARMA, EQ, 26-Aug-2020,871.9,874.45,874.45,858.0, 867.75,867.9,866.16,2118054,18345.79,51258, 730532, 34.49
AUSOMENT, EQ, 26-Aug-2020,39.25,38.9,40.6,38.8, 39.75,39.45,39.22,4103,1.61,60, 3615, 88.11
AUTOAXLES, EQ, 26-Aug-2020,720.4,722.0,735.95,710.05, 719.95,720.6,727.02,20087,146.04,1694, 8318, 41.41
AUTOIND, EQ, 26-Aug-2020,33.65,35.3,35.3,35.3, 35.30,35.3,35.3,12929,4.56,66, 12929, 100.00
AUTOLITIND, EQ, 26-Aug-2020,23.3,24.9,25.5,24.2, 24.60,25.0,24.97,77668,19.39,784, 49379, 63.58
AVADHSUGAR, EQ, 26-Aug-2020,197.15,199.0,200.7,194.6, 196.50,196.7,197.33,51599,101.82,1479, 24706, 47.88
AVANTIFEED, EQ, 26-Aug-2020,524.8,527.0,577.6,527.0, 560.00,559.0,557.74,3758995,20965.55,68500, 1057201, 28.12
AVTNPL, EQ, 26-Aug-2020,48.25,49.2,49.35,47.65, 48.35,48.35,48.62,299942,145.83,1797, 166839, 55.62
AXISBANK, EQ, 26-Aug-2020,451.8,452.0,464.8,449.0, 463.10,463.35,459.77,25914927,119149.77,206567, 7585667, 29.27
AXISCADES, EQ, 26-Aug-2020,67.75,67.6,70.0,66.2, 66.90,67.0,67.75,34907,23.65,702, 24708, 70.78
AXISGOLD, EQ, 26-Aug-2020,44.85,42.2,44.95,42.2, 44.70,44.75,44.77,97128,43.48,813, 68351, 70.37
AXISNIFTY, EQ, 26-Aug-2020,117.47,117.47,118.9,117.47, 118.53,118.53,117.99,8240,9.72,135, 7170, 87.01
AYMSYNTEX, EQ, 26-Aug-2020,29.35,30.0,30.25,27.65, 28.05,28.4,28.82,26208,7.55,330, 18096, 69.05
BABAFOOD, SM, 26-Aug-2020,70.0,68.0,68.0,68.0, 68.00,68.0,68.0,2000,1.36,1, 2000, 100.00
BAGFILMS, EQ, 26-Aug-2020,2.5,2.5,2.6,2.5, 2.60,2.6,2.58,129010,3.33,110, 101354, 78.56
BAJAJ-AUTO, EQ, 26-Aug-2020,3009.4,3080.05,3138.0,3071.3, 3077.00,3082.2,3106.6,2026051,62941.27,89295, 275460, 13.60
BAJAJCON, EQ, 26-Aug-2020,177.3,178.95,182.7,178.15, 180.50,180.5,181.05,671427,1215.64,8250, 338584, 50.43
BAJAJELEC, EQ, 26-Aug-2020,480.0,484.9,544.95,484.5, 538.25,529.65,511.87,2589167,13253.17,45502, 459573, 17.75
BAJAJFINSV, EQ, 26-Aug-2020,6502.6,6535.0,6700.0,6520.75, 6550.00,6564.4,6618.47,1001348,66273.93,80649, 143090, 14.29
BAJAJHIND, EQ, 26-Aug-2020,6.1,6.15,6.15,6.0, 6.05,6.05,6.06,1727042,104.63,2178, 947238, 54.85
BAJAJHLDNG, EQ, 26-Aug-2020,2668.1,2685.0,2799.85,2672.0, 2741.05,2758.25,2760.34,199931,5518.77,18909, 109030, 54.53
BAJFINANCE, EQ, 26-Aug-2020,3642.9,3665.0,3707.0,3631.0, 3638.20,3645.55,3668.17,6665336,244495.84,213994, 944373, 14.17
BALAJITELE, EQ, 26-Aug-2020,82.85,83.0,84.4,81.05, 83.50,82.1,82.69,248843,205.78,2514, 114808, 46.14
BALAMINES, EQ, 26-Aug-2020,914.8,918.4,994.8,912.0, 972.00,971.8,965.46,1224499,11822.01,40403, 204682, 16.72
BALAXI, BE, 26-Aug-2020,366.15,384.45,384.45,366.15, 384.45,384.45,382.73,4051,15.5,137, -, -
BALKRISHNA, EQ, 26-Aug-2020,14.25,14.7,14.9,14.1, 14.65,14.2,14.43,9894,1.43,175, 4535, 45.84
BALKRISIND, EQ, 26-Aug-2020,1374.45,1371.0,1411.8,1366.35, 1392.00,1395.0,1395.0,904276,12614.63,48905, 306297, 33.87
BALLARPUR, BE, 26-Aug-2020,1.8,1.75,1.75,1.75, 1.75,1.75,1.75,708819,12.4,587, -, -
BALMLAWRIE, EQ, 26-Aug-2020,120.2,121.95,121.95,119.8, 120.20,120.05,120.39,242541,292.0,2965, 146111, 60.24
BALPHARMA, EQ, 26-Aug-2020,47.6,48.4,48.4,47.1, 47.50,47.8,47.7,13719,6.54,251, 9667, 70.46
BALRAMCHIN, EQ, 26-Aug-2020,160.95,161.55,161.55,153.55, 158.10,158.05,157.32,1444105,2271.86,12852, 672414, 46.56
BANARBEADS, EQ, 26-Aug-2020,53.6,52.05,53.75,50.5, 52.50,52.15,51.92,12174,6.32,210, 8103, 66.56
BANARISUG, EQ, 26-Aug-2020,1334.1,1334.1,1340.0,1305.0, 1306.00,1310.55,1320.4,727,9.6,126, 592, 81.43
BANCOINDIA, EQ, 26-Aug-2020,94.2,95.7,99.8,95.5, 97.45,97.6,97.86,458208,448.42,4810, 213136, 46.52
BANDHANBNK, EQ, 26-Aug-2020,293.4,296.9,299.7,292.1, 299.65,298.05,295.98,12800918,37888.72,102500, 6093020, 47.60
BANG, EQ, 26-Aug-2020,18.6,19.0,19.45,18.4, 19.05,19.35,19.13,10797,2.07,90, 9950, 92.16
BANKA, SM, 26-Aug-2020,97.45,97.45,98.4,92.6, 92.60,93.8,94.73,15600,14.78,13, 12000, 76.92
BANKBARODA, EQ, 26-Aug-2020,48.7,48.55,49.1,48.15, 48.50,48.45,48.51,24378055,11825.44,41209, 4050023, 16.61
BANKBEES, EQ, 26-Aug-2020,231.99,255.0,255.0,231.39, 235.80,235.64,234.07,660114,1545.11,6710, 284955, 43.17
BANKINDIA, EQ, 26-Aug-2020,47.75,47.8,48.65,47.25, 48.30,48.4,48.17,2622810,1263.41,7779, 975865, 37.21
BANSWRAS, EQ, 26-Aug-2020,72.55,74.0,75.0,71.1, 75.00,73.95,72.82,33306,24.25,532, 18157, 54.52
BARTRONICS, BZ, 26-Aug-2020,2.35,2.25,2.45,2.25, 2.30,2.4,2.32,20850,0.48,26, -, -
BASF, EQ, 26-Aug-2020,1667.7,1660.0,1678.0,1631.45, 1634.00,1639.6,1642.48,51339,843.23,4081, 26764, 52.13
BASML, EQ, 26-Aug-2020,101.05,101.5,103.0,99.0, 101.70,100.25,99.9,6903,6.9,85, 4704, 68.14
BATAINDIA, EQ, 26-Aug-2020,1306.8,1311.0,1323.4,1292.6, 1309.05,1311.4,1307.31,802197,10487.18,37933, 311966, 38.89
BAYERCROP, EQ, 26-Aug-2020,6294.3,6350.0,6375.0,6150.0, 6190.00,6188.75,6237.01,42873,2673.99,8726, 20459, 47.72
BBL, EQ, 26-Aug-2020,854.25,852.0,864.1,841.0, 844.85,844.75,849.18,12341,104.8,1631, 7152, 57.95
BBTC, EQ, 26-Aug-2020,1479.05,1485.0,1485.95,1450.0, 1462.00,1456.4,1466.23,88908,1303.59,5617, 38791, 43.63
BBTCL, SM, 26-Aug-2020,41.5,35.3,36.55,33.6, 35.00,35.0,34.59,33000,11.42,11, 27000, 81.82
BCG, EQ, 26-Aug-2020,7.95,8.3,8.3,8.0, 8.30,8.3,8.25,3364332,277.69,3224, 2086705, 62.02
BCP, EQ, 26-Aug-2020,5.1,5.25,5.3,5.05, 5.25,5.25,5.21,478554,24.91,627, 309748, 64.73
BDL, EQ, 26-Aug-2020,427.15,428.95,438.8,423.95, 430.00,429.55,430.81,656061,2826.34,19500, 120536, 18.37
BEARDSELL, EQ, 26-Aug-2020,8.0,8.4,8.4,8.4, 8.40,8.4,8.4,5720,0.48,11, 5720, 100.00
BEDMUTHA, EQ, 26-Aug-2020,15.85,15.9,16.0,15.9, 15.90,15.9,15.94,1647,0.26,23, 1642, 99.70
BEL, EQ, 26-Aug-2020,112.4,112.6,113.2,110.6, 111.70,111.8,111.91,12182133,13632.49,47261, 3753428, 30.81
BEML, EQ, 26-Aug-2020,707.95,714.0,718.0,675.0, 700.00,701.9,705.12,515782,3636.88,15554, 104471, 20.25
BEPL, EQ, 26-Aug-2020,58.8,59.3,61.5,58.8, 61.40,61.1,60.4,753404,455.09,4176, 420867, 55.86
BERGEPAINT, EQ, 26-Aug-2020,567.3,570.0,570.1,556.1, 563.40,562.65,561.27,846516,4751.24,19412, 145316, 17.17
BETA, SM, 26-Aug-2020,87.0,87.0,87.0,87.0, 87.00,87.0,87.0,800,0.7,1, 800, 100.00
BFINVEST, EQ, 26-Aug-2020,310.35,310.0,317.05,308.15, 312.00,311.25,312.31,50599,158.02,2619, 16112, 31.84
BFUTILITIE, EQ, 26-Aug-2020,266.35,267.9,274.0,263.35, 268.00,269.6,268.91,200389,538.87,4698, 59163, 29.52
BGRENERGY, EQ, 26-Aug-2020,41.3,42.0,43.35,41.55, 43.35,43.35,42.56,160855,68.45,894, 96700, 60.12
BHAGERIA, EQ, 26-Aug-2020,143.75,144.5,147.1,142.25, 142.25,142.9,144.59,59645,86.24,1254, 39441, 66.13
BHAGYANGR, EQ, 26-Aug-2020,17.35,17.5,17.6,17.0, 17.45,17.3,17.26,19634,3.39,70, 14248, 72.57
BHAGYAPROP, EQ, 26-Aug-2020,21.95,22.0,22.1,21.6, 21.90,21.95,21.8,9251,2.02,68, 6931, 74.92
BHANDARI, EQ, 26-Aug-2020,1.3,1.35,1.35,1.25, 1.30,1.3,1.27,194643,2.47,153, 128356, 65.94
BHARATFORG, EQ, 26-Aug-2020,499.85,502.0,503.0,494.75, 499.30,499.15,498.65,1709264,8523.16,30449, 643927, 37.67
BHARATGEAR, EQ, 26-Aug-2020,53.9,54.5,57.0,54.0, 56.90,56.45,55.45,111391,61.76,1527, 48583, 43.61
BHARATRAS, EQ, 26-Aug-2020,9897.1,9847.0,9999.0,9752.0, 9840.00,9820.2,9872.15,4434,437.73,1845, 1871, 42.20
BHARATWIRE, EQ, 26-Aug-2020,25.25,25.2,27.25,24.9, 26.10,26.3,25.73,67127,17.27,518, 45978, 68.49
BHARTIARTL, EQ, 26-Aug-2020,528.65,528.4,528.4,512.0, 513.50,514.5,516.39,25906518,133779.81,236897, 11768458, 45.43
BHEL, EQ, 26-Aug-2020,40.0,40.0,40.6,39.4, 40.00,39.95,40.03,35171862,14080.73,41804, 10008728, 28.46
BIGBLOC, BE, 26-Aug-2020,46.9,47.0,47.0,46.25, 46.30,46.3,46.75,947,0.44,13, -, -
BIL, EQ, 26-Aug-2020,193.55,196.0,198.0,185.3, 191.95,191.05,191.98,14193,27.25,357, 11303, 79.64
BILENERGY, EQ, 26-Aug-2020,1.0,1.0,1.0,0.95, 1.00,1.0,0.98,474471,4.65,270, 315995, 66.60
BINDALAGRO, EQ, 26-Aug-2020,13.9,14.45,14.45,13.25, 13.25,13.3,13.62,95090,12.95,314, 71707, 75.41
BIOCON, EQ, 26-Aug-2020,387.4,388.2,394.45,386.55, 392.80,392.35,391.11,3691062,14435.95,43323, 695935, 18.85
BIOFILCHEM, BE, 26-Aug-2020,41.7,43.5,43.5,39.65, 39.65,39.65,40.79,234013,95.45,2055, -, -
BIRLACABLE, EQ, 26-Aug-2020,63.6,64.0,65.5,62.1, 63.50,63.45,63.87,178872,114.24,1552, 88035, 49.22
BIRLACORPN, EQ, 26-Aug-2020,616.9,621.95,648.5,614.2, 637.30,638.15,637.36,757779,4829.8,18497, 318348, 42.01
BIRLAMONEY, EQ, 26-Aug-2020,38.55,38.95,42.45,38.55, 42.30,41.7,41.11,1207719,496.47,5342, 503288, 41.67
BIRLATYRE, EQ, 26-Aug-2020,22.3,23.3,23.4,22.8, 23.40,23.4,23.38,513689,120.12,1474, 470946, 91.68
BKMINDST, EQ, 26-Aug-2020,1.05,1.05,1.1,1.0, 1.05,1.05,1.06,99441,1.05,72, 44607, 44.86
BLBLIMITED, EQ, 26-Aug-2020,5.15,5.4,5.4,5.2, 5.40,5.4,5.38,29596,1.59,92, 24748, 83.62
BLISSGVS, EQ, 26-Aug-2020,156.95,157.4,167.0,155.0, 156.65,157.95,160.71,1273539,2046.7,10301, 274456, 21.55
BLKASHYAP, BE, 26-Aug-2020,7.05,7.4,7.4,7.4, 7.40,7.4,7.4,62122,4.6,48, -, -
BLS, EQ, 26-Aug-2020,117.55,118.0,119.3,112.0, 113.55,114.55,114.86,161501,185.5,1568, 82293, 50.96
BLUEDART, EQ, 26-Aug-2020,2030.55,2040.0,2227.05,2031.6, 2205.00,2210.15,2178.46,300202,6539.79,18949, 153243, 51.05
BLUESTARCO, EQ, 26-Aug-2020,585.45,587.0,627.9,587.0, 627.25,621.65,607.39,409108,2484.9,22427, 191201, 46.74
BODALCHEM, EQ, 26-Aug-2020,71.95,72.0,74.5,72.0, 73.00,73.15,73.39,624667,458.47,4826, 195439, 31.29
BOHRA, SM, 26-Aug-2020,1.9,1.85,1.85,1.85, 1.85,1.85,1.85,8000,0.15,4, 8000, 100.00
BOMDYEING, EQ, 26-Aug-2020,69.05,69.05,74.6,68.55, 73.55,73.6,72.6,7668964,5567.34,31610, 2339201, 30.50
BOROLTD, BE, 26-Aug-2020,173.25,175.1,175.15,168.05, 172.00,173.5,171.9,85857,147.59,574, -, -
BORORENEW, EQ, 26-Aug-2020,81.3,82.75,83.45,80.55, 82.00,81.7,81.43,191180,155.68,1847, 105872, 55.38
BOSCHLTD, EQ, 26-Aug-2020,14254.55,14325.0,14425.0,14191.05, 14309.10,14295.55,14296.1,35309,5047.81,9238, 6450, 18.27
BPCL, EQ, 26-Aug-2020,412.9,414.0,415.8,409.0, 410.25,410.1,411.44,5407266,22247.7,51036, 1899096, 35.12
BPL, EQ, 26-Aug-2020,21.35,21.55,22.4,21.0, 21.75,21.7,21.77,85228,18.56,457, 53170, 62.39
BRFL, EQ, 26-Aug-2020,12.15,12.75,12.75,12.75, 12.75,12.75,12.75,126650,16.15,148, 126645, 100.00
BRIGADE, EQ, 26-Aug-2020,169.95,171.05,175.0,170.55, 171.50,171.9,172.89,477102,824.84,3890, 365370, 76.58
BRIGHT, SM, 26-Aug-2020,10.05,10.55,10.55,9.55, 9.55,9.8,9.84,138000,13.58,42, 120000, 86.96
BRITANNIA, EQ, 26-Aug-2020,3896.85,3845.0,3857.35,3799.1, 3833.00,3829.25,3831.16,608530,23313.76,47167, 254777, 41.87
BRITANNIA, N2, 26-Aug-2020,31.34,31.2,31.9,31.2, 31.54,31.58,31.64,20518,6.49,141, 19610, 95.57
BRNL, EQ, 26-Aug-2020,35.9,35.9,36.15,35.3, 35.55,35.55,35.81,24955,8.94,296, 21736, 87.10
BROOKS, EQ, 26-Aug-2020,41.35,39.5,40.65,39.5, 40.15,40.35,40.07,35125,14.08,405, 21030, 59.87
BSE, EQ, 26-Aug-2020,493.3,493.3,495.7,485.65, 491.60,490.85,490.13,194912,955.32,6891, 81259, 41.69
BSELINFRA, EQ, 26-Aug-2020,1.1,1.1,1.1,1.05, 1.05,1.05,1.05,383632,4.05,146, 316466, 82.49
BSHSL, SM, 26-Aug-2020,127.5,121.4,129.0,121.4, 129.00,129.0,126.78,7200,9.13,6, 3600, 50.00
BSL, EQ, 26-Aug-2020,26.35,27.0,27.0,25.4, 26.00,25.95,26.06,11898,3.1,134, 10260, 86.23
BSLGOLDETF, EQ, 26-Aug-2020,4739.15,4774.0,4774.0,4692.0, 4713.00,4715.25,4723.93,223,10.53,92, 130, 58.30
BSLNIFTY, EQ, 26-Aug-2020,125.84,125.96,126.23,125.31, 126.20,126.05,126.15,422,0.53,23, 255, 60.43
BSOFT, EQ, 26-Aug-2020,173.1,173.0,182.95,171.85, 177.10,177.15,178.19,2888342,5146.81,27276, 1234580, 42.74
BURNPUR, EQ, 26-Aug-2020,1.45,1.5,1.5,1.4, 1.50,1.5,1.44,137741,1.98,167, 88241, 64.06
BUTTERFLY, EQ, 26-Aug-2020,215.2,214.95,218.85,210.4, 212.00,213.25,214.59,100908,216.54,1696, 56535, 56.03
BVCL, BE, 26-Aug-2020,16.25,15.45,16.25,15.45, 15.85,15.8,15.95,2086,0.33,16, -, -
BYKE, EQ, 26-Aug-2020,15.3,15.15,15.6,15.1, 15.60,15.5,15.47,58008,8.97,173, 43874, 75.63
CADILAHC, EQ, 26-Aug-2020,388.2,390.0,391.15,385.1, 388.85,388.65,388.54,2189843,8508.36,28360, 384600, 17.56
CALSOFT, EQ, 26-Aug-2020,10.7,12.8,12.8,12.8, 12.80,12.8,12.8,89109,11.41,79, 89109, 100.00
CAMLINFINE, EQ, 26-Aug-2020,94.65,95.95,97.95,92.0, 97.00,96.4,94.88,853847,810.12,5963, 476991, 55.86
CANBK, EQ, 26-Aug-2020,106.7,107.0,107.8,106.0, 106.30,106.3,106.81,5408878,5777.28,21545, 1569389, 29.02
CANDC, BZ, 26-Aug-2020,2.5,2.5,2.6,2.4, 2.60,2.6,2.57,17605,0.45,26, -, -
CANFINHOME, EQ, 26-Aug-2020,386.2,407.05,419.9,390.0, 391.00,392.9,402.57,3831288,15423.48,58633, 858004, 22.39
CANTABIL, EQ, 26-Aug-2020,301.85,302.0,313.0,302.0, 309.70,310.0,305.04,176986,539.89,4140, 48387, 27.34
CAPACITE, EQ, 26-Aug-2020,139.35,139.5,141.95,137.0, 137.05,138.05,139.49,28027,39.09,687, 17411, 62.12
CAPLIPOINT, EQ, 26-Aug-2020,522.55,525.0,549.85,523.75, 540.30,538.85,540.43,658090,3556.5,19988, 197917, 30.07
CAPTRUST, EQ, 26-Aug-2020,70.25,70.25,70.75,69.0, 70.50,69.65,69.55,9562,6.65,106, 7782, 81.38
CARBORUNIV, EQ, 26-Aug-2020,277.15,278.8,280.1,274.15, 275.00,275.0,276.09,130067,359.1,8832, 84925, 65.29
CAREERP, EQ, 26-Aug-2020,144.7,146.45,157.5,145.0, 157.00,155.2,153.56,430882,661.67,5710, 145976, 33.88
CARERATING, EQ, 26-Aug-2020,401.55,403.7,415.85,403.7, 410.85,410.05,408.85,101305,414.19,4873, 55493, 54.78
CASTROLIND, EQ, 26-Aug-2020,122.9,123.25,124.45,121.75, 122.30,122.7,122.87,765651,940.73,7968, 471422, 61.57
CCHHL, EQ, 26-Aug-2020,3.35,3.5,3.5,3.35, 3.40,3.4,3.44,61219,2.1,137, 48174, 78.69
CCL, EQ, 26-Aug-2020,278.0,276.8,278.8,271.5, 274.95,275.55,274.99,286653,788.26,4244, 204156, 71.22
CDSL, EQ, 26-Aug-2020,381.6,381.6,406.0,379.0, 405.00,399.8,393.31,3007967,11830.67,37788, 1618847, 53.82
CEATLTD, EQ, 26-Aug-2020,883.9,900.0,948.0,889.2, 944.65,941.5,931.15,1000696,9317.96,36172, 192106, 19.20
CEBBCO, EQ, 26-Aug-2020,14.05,14.1,15.45,14.1, 15.45,15.45,15.18,169353,25.71,548, 142993, 84.43
CELEBRITY, EQ, 26-Aug-2020,4.8,4.85,5.25,4.7, 5.25,5.25,5.03,312598,15.74,460, 181174, 57.96
CENTENKA, EQ, 26-Aug-2020,181.2,184.0,188.7,180.5, 184.00,184.45,184.67,58579,108.18,2051, 26177, 44.69
CENTEXT, EQ, 26-Aug-2020,4.2,4.2,4.35,4.15, 4.25,4.25,4.25,110037,4.68,188, 63913, 58.08
CENTRALBK, EQ, 26-Aug-2020,17.75,17.8,17.85,17.5, 17.65,17.65,17.67,818624,144.64,2029, 463601, 56.63
CENTRUM, EQ, 26-Aug-2020,13.9,14.2,14.2,13.8, 13.90,13.95,13.94,78700,10.97,417, 63187, 80.29
CENTUM, EQ, 26-Aug-2020,364.85,370.25,374.0,363.05, 365.00,367.7,367.84,8875,32.65,888, 4330, 48.79
CENTURYPLY, EQ, 26-Aug-2020,148.4,150.2,152.45,145.55, 147.80,147.65,148.62,464064,689.67,8280, 223671, 48.20
CENTURYTEX, EQ, 26-Aug-2020,331.8,335.35,348.2,329.2, 339.95,340.15,339.53,3245589,11019.89,35019, 781816, 24.09
CERA, EQ, 26-Aug-2020,2489.9,2489.0,2516.0,2482.0, 2491.00,2491.9,2495.27,1909,47.63,468, 1005, 52.65
CEREBRAINT, EQ, 26-Aug-2020,31.4,31.95,32.95,31.0, 32.50,32.6,32.42,397931,129.03,1023, 252350, 63.42
CESC, EQ, 26-Aug-2020,648.95,648.95,663.9,633.3, 637.00,639.7,649.03,428822,2783.18,11055, 72969, 17.02
CESCVENT, EQ, 26-Aug-2020,283.25,286.0,286.7,272.5, 280.10,278.65,278.95,212297,592.2,5937, 120827, 56.91
CGCL, EQ, 26-Aug-2020,217.55,218.35,226.0,213.95, 224.10,222.3,220.04,128276,282.26,4036, 49873, 38.88
CGPOWER, EQ, 26-Aug-2020,18.5,19.4,19.4,18.2, 19.40,19.4,19.32,52945349,10227.53,14014, 26668348, 50.37
CHALET, EQ, 26-Aug-2020,165.75,165.35,168.8,162.9, 164.50,164.0,164.98,236111,389.53,3924, 149410, 63.28
CHAMBLFERT, EQ, 26-Aug-2020,156.5,157.1,158.45,155.0, 156.50,156.5,156.69,821664,1287.44,8891, 375039, 45.64
CHEMBOND, EQ, 26-Aug-2020,164.25,165.9,169.0,162.6, 164.20,163.3,164.83,72198,119.01,938, 63030, 87.30
CHEMFAB, EQ, 26-Aug-2020,162.2,161.5,171.05,159.95, 165.50,167.25,166.71,23188,38.66,618, 10057, 43.37
CHENNPETRO, EQ, 26-Aug-2020,83.5,84.2,85.25,83.0, 83.55,83.65,84.19,1371777,1154.91,7581, 536023, 39.08
CHOLAFIN, EQ, 26-Aug-2020,242.15,243.4,248.2,242.15, 245.85,245.3,244.89,7997338,19584.46,62999, 1287405, 16.10
CHOLAHLDNG, EQ, 26-Aug-2020,440.25,441.15,445.5,428.95, 441.00,443.0,438.76,53715,235.68,3734, 38361, 71.42
CHROMATIC, BE, 26-Aug-2020,1.05,1.05,1.05,1.0, 1.00,1.0,1.02,175853,1.78,59, -, -
CIGNITITEC, EQ, 26-Aug-2020,316.85,324.9,324.9,309.15, 312.00,310.2,313.03,48185,150.84,1628, 32296, 67.03
CIMMCO, EQ, 26-Aug-2020,26.4,26.5,27.0,26.0, 26.00,26.1,26.42,43833,11.58,255, 30555, 69.71
CINELINE, EQ, 26-Aug-2020,28.45,29.1,29.7,27.9, 29.00,29.0,28.94,121710,35.22,1090, 54413, 44.71
CINEVISTA, EQ, 26-Aug-2020,6.8,6.8,7.1,6.8, 6.90,6.9,7.01,18368,1.29,129, 18197, 99.07
CIPLA, EQ, 26-Aug-2020,747.75,751.5,754.0,744.2, 749.00,748.0,748.95,3730761,27941.48,56995, 1275392, 34.19
CKFSL, BZ, 26-Aug-2020,0.7,0.7,0.75,0.65, 0.65,0.7,0.69,79666,0.55,47, -, -
CKPLEISURE, SM, 26-Aug-2020,3.5,3.5,3.5,3.35, 3.50,3.5,3.44,20000,0.69,5, 12000, 60.00
CLEDUCATE, EQ, 26-Aug-2020,45.15,45.3,46.9,44.9, 44.90,45.0,45.6,34456,15.71,349, 28189, 81.81
CLNINDIA, EQ, 26-Aug-2020,396.75,398.7,402.3,394.05, 396.00,396.15,398.36,94695,377.23,2985, 51984, 54.90
CMICABLES, EQ, 26-Aug-2020,48.55,49.55,50.0,46.15, 46.15,46.15,47.27,96669,45.7,1013, 76905, 79.55
CMMIPL, SM, 26-Aug-2020,3.65,3.65,3.65,3.65, 3.65,3.65,3.65,6000,0.22,2, 6000, 100.00
CNOVAPETRO, EQ, 26-Aug-2020,6.7,7.0,7.0,6.7, 7.00,7.0,6.96,3450,0.24,21, 3450, 100.00
COALINDIA, EQ, 26-Aug-2020,140.45,140.55,143.95,139.95, 142.10,141.95,142.57,20083742,28632.83,98321, 5763571, 28.70
COCHINSHIP, EQ, 26-Aug-2020,356.75,357.2,371.4,356.1, 363.10,363.1,365.03,598897,2186.18,10458, 263668, 44.03
COFORGE, EQ, 26-Aug-2020,1943.55,1950.0,1958.6,1920.15, 1952.95,1950.1,1941.31,102513,1990.1,5538, 28858, 28.15
COLPAL, EQ, 26-Aug-2020,1413.85,1414.0,1420.0,1403.2, 1412.50,1410.75,1412.52,327739,4629.36,19449, 146269, 44.63
COMPINFO, EQ, 26-Aug-2020,12.55,12.85,13.0,12.5, 12.90,12.75,12.68,89217,11.31,231, 37589, 42.13
COMPUSOFT, EQ, 26-Aug-2020,8.8,8.95,9.2,8.75, 8.90,8.85,8.9,79346,7.06,438, 59303, 74.74
CONCOR, EQ, 26-Aug-2020,393.3,393.05,395.5,390.05, 394.00,393.8,392.5,2160646,8480.47,35156, 1394606, 64.55
CONFIPET, EQ, 26-Aug-2020,20.7,20.8,22.7,20.7, 22.70,22.4,22.1,1338923,295.93,3848, 837217, 62.53
CONSOFINVT, EQ, 26-Aug-2020,34.4,34.4,35.6,34.4, 34.60,34.7,34.53,816,0.28,8, 781, 95.71
CONTROLPR, EQ, 26-Aug-2020,232.6,230.4,238.0,225.0, 235.90,234.55,230.36,12892,29.7,810, 6481, 50.27
CORALFINAC, EQ, 26-Aug-2020,21.1,21.9,21.95,20.7, 21.30,21.25,21.05,15064,3.17,138, 10996, 73.00
CORDSCABLE, EQ, 26-Aug-2020,45.75,46.9,46.9,45.0, 45.50,45.8,45.8,49996,22.9,468, 32526, 65.06
COROMANDEL, EQ, 26-Aug-2020,805.5,812.0,823.0,796.5, 800.00,804.9,806.88,1725972,13926.59,23694, 1486360, 86.12
COSMOFILMS, EQ, 26-Aug-2020,431.3,430.9,438.4,422.6, 426.00,426.7,431.32,262052,1130.28,6907, 102557, 39.14
COUNCODOS, EQ, 26-Aug-2020,1.35,1.35,1.35,1.25, 1.30,1.3,1.31,40026,0.52,30, 17430, 43.55
COX&KINGS, BZ, 26-Aug-2020,1.45,1.5,1.5,1.45, 1.50,1.5,1.5,236336,3.54,181, -, -
CPSEETF, EQ, 26-Aug-2020,19.05,19.15,19.27,19.05, 19.12,19.11,19.16,2315140,443.48,18679, 2131073, 92.05
CREATIVE, EQ, 26-Aug-2020,131.75,137.8,137.8,133.4, 133.50,135.1,134.92,36359,49.06,169, 12897, 35.47
CREATIVEYE, EQ, 26-Aug-2020,1.75,1.8,1.8,1.8, 1.80,1.8,1.8,340,0.01,3, 340, 100.00
CREDITACC, EQ, 26-Aug-2020,601.6,618.0,631.95,610.2, 626.40,627.8,623.23,160460,1000.04,9103, 87094, 54.28
CREST, EQ, 26-Aug-2020,87.0,87.2,88.45,84.2, 86.55,86.5,86.52,4397,3.8,138, 2991, 68.02
CRISIL, EQ, 26-Aug-2020,1837.35,1821.9,1908.0,1821.9, 1886.95,1874.95,1886.35,51033,962.66,7088, 28162, 55.18
CROMPTON, EQ, 26-Aug-2020,264.45,266.0,267.75,260.0, 260.55,260.75,262.36,334901,878.66,13205, 238374, 71.18
CSBBANK, EQ, 26-Aug-2020,228.4,234.9,235.0,228.4, 230.00,229.95,230.92,426048,983.84,6329, 183664, 43.11
CTE, EQ, 26-Aug-2020,27.4,28.45,28.45,26.05, 26.05,26.05,26.22,22527,5.91,119, 21667, 96.18
CUB, EQ, 26-Aug-2020,131.1,132.9,137.4,132.0, 134.60,134.7,134.62,8451278,11376.98,73124, 4430455, 52.42
CUBEXTUB, EQ, 26-Aug-2020,12.0,11.8,12.15,11.8, 11.90,11.95,11.98,2998,0.36,24, 2662, 88.79
CUMMINSIND, EQ, 26-Aug-2020,473.55,477.65,482.9,470.0, 474.00,475.2,475.82,966688,4599.71,16112, 155751, 16.11
CUPID, EQ, 26-Aug-2020,286.75,290.85,296.75,280.2, 286.80,285.55,287.94,352722,1015.62,9557, 177856, 50.42
CYBERTECH, EQ, 26-Aug-2020,54.75,54.85,56.45,54.5, 55.30,55.45,55.64,99100,55.14,963, 61570, 62.13
CYIENT, EQ, 26-Aug-2020,379.45,380.0,389.95,376.35, 381.00,382.85,384.13,385710,1481.63,8648, 165358, 42.87
DAAWAT, EQ, 26-Aug-2020,58.3,58.3,58.8,57.7, 58.00,57.9,58.12,587536,341.46,3448, 400468, 68.16
DABUR, EQ, 26-Aug-2020,491.95,496.0,502.0,492.15, 495.20,495.95,497.12,4093153,20347.94,46887, 1079794, 26.38
DALBHARAT, EQ, 26-Aug-2020,752.75,760.0,762.95,736.0, 740.00,739.55,743.62,131323,976.55,8688, 83297, 63.43
DALMIASUG, EQ, 26-Aug-2020,145.9,145.25,147.25,142.9, 143.60,143.7,144.57,159632,230.77,2310, 87337, 54.71
DAMODARIND, EQ, 26-Aug-2020,26.4,26.45,26.7,26.1, 26.15,26.3,26.41,3595,0.95,33, 2584, 71.88
DATAMATICS, EQ, 26-Aug-2020,68.15,68.0,69.45,66.5, 67.10,67.4,67.77,46043,31.2,585, 31218, 67.80
DBCORP, EQ, 26-Aug-2020,78.95,78.75,80.0,78.5, 79.05,79.05,79.12,220802,174.69,2115, 149915, 67.90
DBL, EQ, 26-Aug-2020,388.4,390.4,401.8,386.0, 393.00,392.1,394.76,161292,636.72,3573, 68430, 42.43
DBREALTY, EQ, 26-Aug-2020,7.25,7.35,7.4,6.95, 7.35,7.3,7.18,499598,35.86,700, 282870, 56.62
DBSTOCKBRO, EQ, 26-Aug-2020,10.95,10.95,10.95,10.45, 10.50,10.5,10.57,120,0.01,10, 118, 98.33
DCAL, EQ, 26-Aug-2020,186.85,187.0,193.0,186.0, 190.70,188.9,189.9,258299,490.5,6983, 118236, 45.77
DCBBANK, EQ, 26-Aug-2020,92.3,93.3,94.4,92.5, 93.15,92.9,93.38,6303817,5886.7,26731, 2425000, 38.47
DCM, EQ, 26-Aug-2020,19.9,20.3,21.85,19.0, 21.85,21.85,21.15,183160,38.73,526, 79823, 43.58
DCMFINSERV, BE, 26-Aug-2020,1.2,1.2,1.25,1.2, 1.20,1.2,1.24,4694,0.06,11, -, -
DCMNVL, EQ, 26-Aug-2020,27.4,27.8,28.4,27.2, 27.30,27.4,27.54,7766,2.14,68, 5191, 66.84
DCMSHRIRAM, EQ, 26-Aug-2020,366.55,369.0,402.6,368.7, 394.80,396.9,390.63,895014,3496.23,18051, 161029, 17.99
DCW, EQ, 26-Aug-2020,14.95,14.65,14.95,14.0, 14.15,14.2,14.41,1124367,162.06,2357, 813966, 72.39
DECCANCE, EQ, 26-Aug-2020,315.05,318.85,327.0,314.9, 326.00,324.45,322.56,175841,567.19,4030, 111833, 63.60
DEEPAKFERT, EQ, 26-Aug-2020,185.6,186.0,186.0,178.35, 182.35,181.7,181.81,1301562,2366.39,14177, 417592, 32.08
DEEPAKNTR, EQ, 26-Aug-2020,744.35,745.0,772.0,737.5, 741.00,742.45,753.63,1860149,14018.55,55569, 424587, 22.83
DEEPIND, EQ, 26-Aug-2020,81.3,80.6,88.0,80.25, 82.05,82.2,83.6,123006,102.83,1516, 66992, 54.46
DELTACORP, EQ, 26-Aug-2020,115.35,115.95,116.5,113.2, 115.80,115.55,115.01,1077677,1239.48,8702, 463549, 43.01
DELTAMAGNT, EQ, 26-Aug-2020,21.6,21.3,22.3,21.25, 21.50,21.8,21.5,12202,2.62,110, 7502, 61.48
DEN, EQ, 26-Aug-2020,80.75,81.7,81.7,80.1, 80.75,80.7,80.94,87022,70.44,1216, 46253, 53.15
DENORA, EQ, 26-Aug-2020,227.9,230.05,238.75,227.9, 236.00,235.95,234.45,19203,45.02,745, 12591, 65.57
DEVIT, SM, 26-Aug-2020,108.25,108.5,108.5,108.5, 108.50,108.5,108.5,1500,1.63,1, 1500, 100.00
DFMFOODS, EQ, 26-Aug-2020,299.2,302.0,308.6,291.0, 300.00,300.25,299.39,176645,528.86,4799, 97598, 55.25
DGCONTENT, EQ, 26-Aug-2020,9.2,9.65,9.65,9.05, 9.60,9.6,9.56,45562,4.36,104, 44660, 98.02
DHAMPURSUG, EQ, 26-Aug-2020,151.0,151.25,151.85,147.5, 148.55,148.75,149.34,391232,584.25,4107, 144308, 36.89
DHANBANK, EQ, 26-Aug-2020,13.2,13.3,15.8,13.25, 15.80,15.35,14.81,13672693,2025.28,20175, 5005070, 36.61
DHANUKA, EQ, 26-Aug-2020,851.85,860.0,898.9,858.4, 871.00,866.7,880.25,381089,3354.52,17052, 186046, 48.82
DHARSUGAR, BE, 26-Aug-2020,5.5,5.25,5.5,5.25, 5.25,5.25,5.26,1601,0.08,9, -, -
DHFL, EQ, 26-Aug-2020,14.7,14.8,15.4,14.55, 14.95,14.95,15.04,2391270,359.55,4185, 1140517, 47.70
DHFL, N6, 26-Aug-2020,291.0,290.0,290.0,285.2, 285.20,285.2,285.5,80,0.23,4, 80, 100.00
DHFL, NC, 26-Aug-2020,335.0,321.0,321.0,310.0, 310.00,310.59,316.64,450,1.42,12, 450, 100.00
DHFL, NN, 26-Aug-2020,295.0,330.0,352.85,293.01, 293.01,293.01,327.17,50,0.16,8, 40, 80.00
DHFL, NP, 26-Aug-2020,328.0,332.0,332.0,313.25, 319.80,319.8,320.48,2520,8.08,26, 2400, 95.24
DHFL, NQ, 26-Aug-2020,331.33,331.0,331.0,313.4, 315.00,319.68,320.38,1949,6.24,30, 1686, 86.51
DHFL, NS, 26-Aug-2020,320.0,320.0,320.0,285.0, 285.20,285.06,288.26,328,0.95,6, 308, 93.90
DHFL, NX, 26-Aug-2020,288.0,305.8,340.0,305.8, 329.80,329.8,309.26,99,0.31,6, 99, 100.00
DHFL, Y1, 26-Aug-2020,310.0,310.0,310.0,310.0, 310.00,310.0,310.0,20,0.06,1, 20, 100.00
DHUNINV, EQ, 26-Aug-2020,237.5,239.0,258.0,238.0, 238.00,239.45,241.09,3847,9.27,299, 2497, 64.91
DIAMONDYD, EQ, 26-Aug-2020,599.65,601.95,608.95,585.1, 590.00,591.7,593.64,13918,82.62,1170, 9970, 71.63
DIAPOWER, BZ, 26-Aug-2020,0.8,0.8,0.85,0.8, 0.85,0.85,0.84,13144,0.11,21, -, -
DICIND, EQ, 26-Aug-2020,406.65,406.65,408.55,400.0, 404.90,404.2,405.38,6992,28.34,431, 4634, 66.28
DIGISPICE, EQ, 26-Aug-2020,8.45,8.85,8.85,8.85, 8.85,8.85,8.85,4955,0.44,20, 4955, 100.00
DIGJAMLTD, BZ, 26-Aug-2020,3.05,3.15,3.15,3.0, 3.10,3.05,3.07,35329,1.08,62, -, -
DISHTV, EQ, 26-Aug-2020,9.95,10.9,10.9,10.3, 10.90,10.9,10.76,32178849,3463.55,18243, 13921665, 43.26
DIVISLAB, EQ, 26-Aug-2020,3245.9,3248.9,3262.15,3182.75, 3195.00,3196.8,3215.81,700169,22516.13,42774, 244934, 34.98
DIXON, EQ, 26-Aug-2020,8218.0,8240.0,8380.0,8225.1, 8301.65,8343.05,8316.76,44991,3741.79,12683, 25172, 55.95
DLF, EQ, 26-Aug-2020,156.4,157.5,161.5,156.1, 159.70,160.0,158.98,10613576,16872.94,56460, 1496325, 14.10
DLINKINDIA, EQ, 26-Aug-2020,114.05,115.0,119.75,112.9, 115.20,115.5,116.46,503144,585.97,5202, 171620, 34.11
DMART, EQ, 26-Aug-2020,2341.15,2343.0,2425.0,2343.0, 2422.00,2410.1,2392.24,1466394,35079.68,54192, 948416, 64.68
DNAMEDIA, EQ, 26-Aug-2020,0.55,0.6,0.6,0.55, 0.60,0.6,0.59,54120,0.32,56, 53976, 99.73
DOLAT, EQ, 26-Aug-2020,61.65,61.65,63.95,60.55, 62.10,61.45,62.32,238865,148.87,1554, 149805, 62.72
DOLLAR, EQ, 26-Aug-2020,156.3,156.3,159.9,154.65, 158.50,157.45,157.96,128006,202.2,2293, 68777, 53.73
DONEAR, EQ, 26-Aug-2020,29.85,30.0,31.0,29.35, 29.80,30.2,30.16,57221,17.26,568, 39975, 69.86
DPABHUSHAN, SM, 26-Aug-2020,86.3,86.0,90.0,84.25, 90.00,87.2,87.63,36000,31.55,9, 24000, 66.67
DPSCLTD, EQ, 26-Aug-2020,11.9,12.1,12.15,11.65, 11.65,11.95,11.9,66037,7.86,143, 57736, 87.43
DPWIRES, EQ, 26-Aug-2020,58.8,59.0,60.5,58.95, 58.95,59.0,59.44,8136,4.84,51, 1282, 15.76
DQE, EQ, 26-Aug-2020,1.5,1.55,1.55,1.55, 1.55,1.55,1.55,18612,0.29,15, 18612, 100.00
DREDGECORP, EQ, 26-Aug-2020,314.55,316.3,325.0,310.0, 316.90,317.85,317.7,220859,701.67,5115, 52142, 23.61
DRREDDY, EQ, 26-Aug-2020,4427.7,4431.0,4452.9,4400.0, 4444.00,4434.75,4418.4,692020,30576.19,36353, 313774, 45.34
DSML, SM, 26-Aug-2020,11.45,12.0,12.0,12.0, 12.00,12.0,12.0,12000,1.44,2, 12000, 100.00
DSSL, EQ, 26-Aug-2020,28.2,29.9,29.95,28.25, 29.00,29.0,28.93,4360,1.26,74, 2810, 64.45
DTIL, EQ, 26-Aug-2020,257.1,256.0,264.0,256.0, 260.00,260.1,260.15,5541,14.41,260, 4801, 86.65
DUCON, EQ, 26-Aug-2020,4.2,4.35,4.35,4.1, 4.20,4.15,4.17,18921,0.79,78, 16028, 84.71
DVL, EQ, 26-Aug-2020,63.4,61.35,67.0,61.35, 65.85,65.1,65.51,27397,17.95,638, 17342, 63.30
DWARKESH, EQ, 26-Aug-2020,31.9,32.25,32.25,31.05, 31.55,31.4,31.42,1031092,323.93,2425, 677169, 65.67
DYNAMATECH, EQ, 26-Aug-2020,934.25,887.55,887.55,887.55, 887.55,887.55,887.55,7157,63.52,439, 7154, 99.96
DYNPRO, EQ, 26-Aug-2020,212.1,213.65,215.1,201.95, 202.00,204.65,206.57,267707,553.0,3675, 170548, 63.71
E2E, SM, 26-Aug-2020,26.2,25.0,25.0,25.0, 25.00,25.0,25.0,2000,0.5,1, 2000, 100.00
EASTSILK, EQ, 26-Aug-2020,1.25,1.3,1.3,1.3, 1.30,1.3,1.3,31762,0.41,37, 31762, 100.00
EASUNREYRL, BZ, 26-Aug-2020,3.3,3.15,3.45,3.15, 3.45,3.4,3.41,1221,0.04,9, -, -
EBANK, EQ, 26-Aug-2020,2355.0,2360.0,2360.0,2360.0, 2360.00,2360.0,2360.0,1,0.02,1, 1, 100.00
EBBETF0423, EQ, 26-Aug-2020,1081.0,1080.5,1080.74,1079.01, 1080.74,1079.87,1079.64,3796,40.98,65, 3338, 87.93
EBBETF0425, EQ, 26-Aug-2020,992.57,992.9,995.19,992.15, 992.85,994.89,994.14,9342,92.87,76, 8984, 96.17
EBBETF0430, EQ, 26-Aug-2020,1084.21,1084.0,1086.5,1082.0, 1082.00,1082.3,1083.03,29306,317.39,227, 28957, 98.81
EBBETF0431, EQ, 26-Aug-2020,979.1,979.1,983.48,975.45, 980.99,981.11,979.36,95079,931.16,340, 90719, 95.41
EBIXFOREX, EQ, 26-Aug-2020,522.7,533.95,533.95,520.65, 523.50,523.4,524.49,746,3.91,131, 511, 68.50
ECLERX, EQ, 26-Aug-2020,764.6,770.8,786.0,751.55, 777.00,777.45,771.64,147375,1137.21,13383, 67130, 45.55
ECLFINANCE, NF, 26-Aug-2020,958.64,960.5,962.0,959.0, 962.00,961.7,961.07,94,0.9,9, 94, 100.00
ECLFINANCE, NG, 26-Aug-2020,911.05,910.0,911.0,910.0, 911.00,911.0,910.25,201,1.83,6, 201, 100.00
ECLFINANCE, NH, 26-Aug-2020,1044.0,995.0,995.0,995.0, 995.00,995.0,995.0,1,0.01,1, 1, 100.00
ECLFINANCE, NJ, 26-Aug-2020,910.0,896.0,906.0,896.0, 905.00,905.73,901.63,250,2.25,22, 250, 100.00
ECLFINANCE, NM, 26-Aug-2020,985.0,980.0,982.5,980.0, 981.00,981.0,980.95,1498,14.69,21, 1498, 100.00
ECLFINANCE, NN, 26-Aug-2020,1040.0,1065.0,1065.0,1034.0, 1060.00,1060.0,1034.56,102,1.06,4, 100, 98.04
ECLFINANCE, NO, 26-Aug-2020,932.84,950.0,950.0,950.0, 950.00,950.0,950.0,62,0.59,8, 62, 100.00
ECLFINANCE, NP, 26-Aug-2020,960.0,970.0,970.0,961.0, 970.00,970.0,968.92,245,2.37,13, 245, 100.00
ECLFINANCE, NQ, 26-Aug-2020,1025.0,1025.0,1025.0,1025.0, 1025.00,1025.0,1025.0,307,3.15,3, 307, 100.00
ECLFINANCE, NR, 26-Aug-2020,930.0,930.0,935.0,930.0, 935.00,935.0,933.22,45,0.42,6, 45, 100.00
ECLFINANCE, NS, 26-Aug-2020,970.0,965.0,965.0,965.0, 965.00,965.0,965.0,10,0.1,1, 10, 100.00
EDELWEISS, EQ, 26-Aug-2020,85.3,86.4,86.9,81.5, 81.70,81.85,83.47,3188259,2661.14,14097, 1948002, 61.10
EDUCOMP, BZ, 26-Aug-2020,4.0,3.8,3.95,3.8, 3.80,3.8,3.81,108102,4.11,165, -, -
EHFLNCD, N3, 26-Aug-2020,980.0,980.0,980.0,975.0, 975.00,975.68,975.69,29,0.28,3, 29, 100.00
EHFLNCD, N5, 26-Aug-2020,932.0,915.0,915.0,875.55, 900.00,902.83,886.79,278,2.47,13, 261, 93.88
EHFLNCD, N6, 26-Aug-2020,770.03,779.8,780.0,771.0, 779.50,779.5,775.78,335,2.6,14, 300, 89.55
EICHERMOT, EQ, 26-Aug-2020,2217.25,2280.05,2288.0,2235.0, 2249.80,2248.85,2251.42,2439450,54922.22,113615, 364747, 14.95
EIDPARRY, EQ, 26-Aug-2020,294.95,294.9,301.0,286.25, 289.80,288.6,296.06,785123,2324.44,10640, 388802, 49.52
EIFFL, SM, 26-Aug-2020,94.5,94.0,94.5,94.0, 94.50,94.5,94.13,3200,3.01,3, 3200, 100.00
EIHAHOTELS, EQ, 26-Aug-2020,268.25,271.95,277.5,266.05, 272.60,272.15,272.12,9948,27.07,630, 5696, 57.26
EIHOTEL, EQ, 26-Aug-2020,89.8,90.4,90.75,87.55, 89.10,89.4,88.84,1227625,1090.6,8190, 619213, 50.44
EIMCOELECO, EQ, 26-Aug-2020,342.35,347.55,349.0,336.15, 342.75,339.1,343.43,472,1.62,71, 282, 59.75
EKC, EQ, 26-Aug-2020,32.6,34.2,34.2,32.5, 33.70,33.7,33.88,697932,236.45,2039, 348258, 49.90
ELECON, EQ, 26-Aug-2020,30.95,30.95,35.45,30.1, 35.25,33.55,33.09,752656,249.06,3156, 434518, 57.73
ELECTCAST, EQ, 26-Aug-2020,16.1,16.3,16.6,15.85, 16.10,16.0,16.04,949484,152.26,1016, 823693, 86.75
ELECTHERM, EQ, 26-Aug-2020,115.8,118.8,119.0,115.65, 117.50,116.65,117.14,27521,32.24,874, 15696, 57.03
ELGIEQUIP, EQ, 26-Aug-2020,224.65,225.8,228.15,224.0, 226.50,226.55,226.51,38960,88.25,2059, 26456, 67.91
ELGIRUBCO, EQ, 26-Aug-2020,18.0,18.0,18.75,17.65, 18.45,18.5,18.14,19849,3.6,160, 14818, 74.65
EMAMILTD, EQ, 26-Aug-2020,356.4,358.25,383.0,347.0, 356.90,355.0,363.82,719570,2617.91,18385, 356878, 49.60
EMAMIPAP, EQ, 26-Aug-2020,73.9,74.95,76.9,74.15, 75.20,75.4,75.25,11179,8.41,285, 7737, 69.21
EMAMIREAL, EQ, 26-Aug-2020,52.15,54.0,54.75,52.3, 54.75,54.75,54.58,47601,25.98,240, 35596, 74.78
EMBASSY, RR, 26-Aug-2020,360.02,364.8,365.0,359.0, 365.00,363.23,362.07,67400,244.04,319, 48000, 71.22
EMCO, BZ, 26-Aug-2020,1.75,1.8,1.8,1.8, 1.80,1.8,1.8,12000,0.22,10, -, -
EMKAY, EQ, 26-Aug-2020,49.3,50.35,54.2,49.0, 54.20,54.2,53.29,119331,63.59,347, 109669, 91.90
EMMBI, EQ, 26-Aug-2020,94.65,95.0,101.85,95.0, 99.80,98.95,98.15,37347,36.66,650, 22790, 61.02
EMOFSR1RDP, MF, 26-Aug-2020,9.45,9.75,9.75,9.48, 9.55,9.55,9.54,13459,1.28,5, 13459, 100.00
EMOFSR1RGG, MF, 26-Aug-2020,9.56,9.5,9.63,9.5, 9.63,9.62,9.56,14345,1.37,9, 14345, 100.00
ENDURANCE, EQ, 26-Aug-2020,1067.9,1090.0,1175.0,1083.0, 1166.00,1158.7,1137.95,790571,8996.28,47038, 376223, 47.59
ENERGYDEV, EQ, 26-Aug-2020,7.15,7.35,7.4,7.0, 7.10,7.15,7.25,32978,2.39,141, 27982, 84.85
ENGINERSIN, EQ, 26-Aug-2020,70.65,70.8,71.5,69.9, 69.90,70.0,70.34,3044278,2141.31,16765, 1838096, 60.38
ENIL, EQ, 26-Aug-2020,167.8,176.15,176.15,176.15, 176.15,176.15,176.15,12705,22.38,107, 12705, 100.00
EQ30, EQ, 26-Aug-2020,328.63,339.48,339.48,321.25, 323.00,323.0,323.24,71,0.23,9, 64, 90.14
EQUITAS, EQ, 26-Aug-2020,55.65,55.85,56.35,54.85, 55.40,55.15,55.51,11591246,6434.41,22221, 5190085, 44.78
ERFLNCDI, N2, 26-Aug-2020,1001.0,1001.0,1001.0,1001.0, 1001.00,1001.0,1001.0,5,0.05,2, 5, 100.00
ERFLNCDI, N3, 26-Aug-2020,916.0,880.0,900.0,865.0, 890.00,880.89,874.73,1864,16.31,25, 1204, 64.59
ERFLNCDI, N6, 26-Aug-2020,781.8,839.8,839.8,839.8, 839.80,839.8,839.8,5,0.04,1, 5, 100.00
ERIS, EQ, 26-Aug-2020,537.8,540.0,544.95,530.0, 533.90,533.8,534.72,87299,466.8,4775, 41607, 47.66
EROSMEDIA, EQ, 26-Aug-2020,25.5,25.6,26.5,25.1, 25.75,25.65,25.8,473280,122.12,2437, 154908, 32.73
ESABINDIA, EQ, 26-Aug-2020,1485.0,1485.0,1536.95,1479.95, 1496.00,1498.4,1505.02,6204,93.37,641, 3111, 50.15
ESCORTS, EQ, 26-Aug-2020,1118.1,1128.4,1135.9,1108.8, 1127.00,1125.8,1120.69,1548786,17357.13,50954, 267368, 17.26
ESSARSHPNG, EQ, 26-Aug-2020,10.25,10.2,10.25,9.7, 9.90,9.85,9.89,100457,9.94,355, 71156, 70.83
ESSELPACK, EQ, 26-Aug-2020,297.25,298.0,303.85,292.05, 293.15,293.8,297.5,248122,738.17,5077, 120236, 48.46
ESTER, EQ, 26-Aug-2020,70.85,71.5,72.3,69.4, 69.50,70.0,70.66,232087,164.0,1402, 175003, 75.40
EUROCERA, BZ, 26-Aug-2020,1.3,1.25,1.35,1.25, 1.35,1.35,1.31,23270,0.3,12, -, -
EUROMULTI, EQ, 26-Aug-2020,1.3,1.35,1.35,1.35, 1.35,1.35,1.35,11839,0.16,20, 11839, 100.00
EVEREADY, EQ, 26-Aug-2020,138.9,139.05,141.1,134.1, 135.00,134.7,136.3,272958,372.03,3195, 213514, 78.22
EVERESTIND, EQ, 26-Aug-2020,237.15,238.4,244.65,237.15, 239.70,240.9,241.15,79175,190.93,2333, 31035, 39.20
EXCELINDUS, EQ, 26-Aug-2020,892.25,892.25,943.0,882.25, 922.90,920.55,919.2,103892,954.97,7336, 34445, 33.15
EXIDEIND, EQ, 26-Aug-2020,171.0,171.35,173.8,168.65, 170.10,169.85,171.22,3009315,5152.6,19608, 779621, 25.91
EXPLEOSOL, EQ, 26-Aug-2020,462.5,485.6,485.6,448.6, 485.60,485.6,480.04,175472,842.33,2371, 117285, 66.84
FACT, EQ, 26-Aug-2020,49.8,49.7,50.75,49.25, 49.70,49.85,49.98,196370,98.15,1146, 71900, 36.61
FAIRCHEM, BE, 26-Aug-2020,553.25,553.4,560.0,541.1, 555.00,550.0,550.02,201547,1108.55,273, -, -
FCL, EQ, 26-Aug-2020,32.9,33.2,34.0,31.35, 32.75,32.55,32.51,642433,208.84,2524, 367708, 57.24
FCONSUMER, EQ, 26-Aug-2020,10.4,10.2,10.6,10.2, 10.50,10.45,10.37,11539666,1196.95,10259, 5448051, 47.21
FCSSOFT, EQ, 26-Aug-2020,0.45,0.45,0.5,0.45, 0.50,0.5,0.48,1606037,7.64,615, 763349, 47.53
FDC, EQ, 26-Aug-2020,317.35,328.5,337.8,325.0, 328.50,328.0,330.72,933961,3088.79,20203, 268813, 28.78
FEDERALBNK, EQ, 26-Aug-2020,56.4,56.8,57.05,56.3, 56.90,56.7,56.68,21768815,12338.78,43773, 6378344, 29.30
FEL, EQ, 26-Aug-2020,17.4,17.8,18.25,16.95, 18.25,18.25,18.03,7345660,1324.28,4625, 6134934, 83.52
FELDVR, EQ, 26-Aug-2020,18.75,19.45,19.65,18.1, 19.55,19.5,19.27,278903,53.74,981, 143648, 51.50
FIEMIND, EQ, 26-Aug-2020,600.3,608.0,649.25,608.0, 633.70,632.65,634.54,187036,1186.82,10911, 50317, 26.90
FILATEX, EQ, 26-Aug-2020,28.25,28.5,30.85,28.5, 29.60,29.7,29.57,982401,290.54,2820, 382070, 38.89
FINCABLES, EQ, 26-Aug-2020,299.9,300.1,304.0,298.0, 298.95,298.9,300.47,123049,369.73,4054, 77813, 63.24
FINEORG, EQ, 26-Aug-2020,2689.25,2690.0,2889.9,2550.0, 2720.00,2742.7,2771.45,352225,9761.75,41038, 37177, 10.55
FINPIPE, EQ, 26-Aug-2020,502.75,519.45,519.45,503.25, 510.00,510.0,512.45,181633,930.79,7611, 89445, 49.24
FLEXITUFF, EQ, 26-Aug-2020,8.65,9.05,9.05,9.05, 9.05,9.05,9.05,6009,0.54,24, 6009, 100.00
FLFL, EQ, 26-Aug-2020,129.1,130.9,135.55,126.8, 135.55,132.2,130.57,206978,270.24,4091, 141250, 68.24
FLUOROCHEM, EQ, 26-Aug-2020,528.45,532.9,548.4,524.1, 528.15,531.4,538.68,174632,940.71,6219, 69413, 39.75
FMGOETZE, EQ, 26-Aug-2020,411.1,411.9,420.0,408.0, 412.00,413.75,416.02,23691,98.56,444, 7417, 31.31
FMNL, EQ, 26-Aug-2020,24.35,25.45,25.45,23.85, 23.85,24.2,24.42,22279,5.44,221, 15962, 71.65
FOCUS, SM, 26-Aug-2020,23.0,21.85,21.85,21.85, 21.85,21.85,21.85,6000,1.31,2, 3000, 50.00
FORCEMOT, EQ, 26-Aug-2020,1063.2,1063.8,1100.0,1063.05, 1080.00,1079.8,1083.42,44910,486.56,3714, 18314, 40.78
FORTIS, EQ, 26-Aug-2020,136.05,136.4,137.35,135.6, 135.90,135.9,136.09,536753,730.46,5305, 305275, 56.87
FOSECOIND, EQ, 26-Aug-2020,1434.85,1403.45,1425.05,1370.0, 1370.00,1382.15,1392.8,5184,72.2,795, 3047, 58.78
FOURTHDIM, SM, 26-Aug-2020,8.7,9.1,9.1,9.1, 9.10,9.1,9.1,2000,0.18,2, 2000, 100.00
FRETAIL, EQ, 26-Aug-2020,119.25,119.75,120.45,115.4, 118.00,117.45,117.06,6658201,7793.84,40727, 2870201, 43.11
FSC, EQ, 26-Aug-2020,148.0,152.0,152.0,145.75, 147.00,148.0,148.04,145230,215.0,1122, 128663, 88.59
FSL, EQ, 26-Aug-2020,63.75,64.5,67.85,64.15, 66.25,66.25,66.15,10168932,6726.72,38810, 3287844, 32.33
GABRIEL, EQ, 26-Aug-2020,107.2,110.0,127.0,109.25, 123.90,125.2,120.37,4162973,5011.12,42231, 737357, 17.71
GAEL, EQ, 26-Aug-2020,195.8,196.0,203.7,194.05, 198.40,198.6,199.66,139861,279.24,4931, 46918, 33.55
GAIL, EQ, 26-Aug-2020,99.7,100.15,100.85,99.25, 99.95,99.85,100.01,7300230,7301.07,29693, 1735716, 23.78
GAL, EQ, 26-Aug-2020,2.8,2.9,2.9,2.7, 2.70,2.7,2.72,40612,1.1,50, 22506, 55.42
GALAXYSURF, EQ, 26-Aug-2020,1861.05,1869.9,1895.0,1830.1, 1861.40,1884.1,1866.39,25932,483.99,3674, 12270, 47.32
GALLANTT, EQ, 26-Aug-2020,33.25,32.75,33.95,32.6, 33.00,33.2,33.22,11053,3.67,199, 8446, 76.41
GALLISPAT, EQ, 26-Aug-2020,29.8,29.5,30.4,28.8, 29.05,29.3,29.35,29228,8.58,198, 18949, 64.83
GAMMNINFRA, EQ, 26-Aug-2020,0.8,0.8,0.8,0.75, 0.80,0.8,0.77,1622282,12.43,394, 1191244, 73.43
GANDHITUBE, EQ, 26-Aug-2020,224.9,225.25,234.0,224.0, 228.60,228.9,228.78,13219,30.24,505, 6653, 50.33
GANECOS, EQ, 26-Aug-2020,283.55,285.5,291.9,278.1, 289.00,289.6,287.29,69038,198.34,1556, 33323, 48.27
GANESHHOUC, EQ, 26-Aug-2020,28.65,29.55,30.05,28.85, 30.05,30.05,29.74,46630,13.87,288, 36002, 77.21
GANGAFORGE, SM, 26-Aug-2020,15.1,15.4,16.0,15.4, 15.75,15.7,15.64,60000,9.38,10, 24000, 40.00
GANGESSECU, EQ, 26-Aug-2020,39.8,39.5,40.4,38.5, 40.00,40.0,39.54,5553,2.2,93, 2261, 40.72
GARDENSILK, BE, 26-Aug-2020,10.95,10.95,11.45,10.95, 11.20,11.3,11.31,38156,4.32,84, -, -
GARFIBRES, EQ, 26-Aug-2020,1963.5,1989.8,2019.9,1948.4, 1999.00,1993.9,1984.15,22933,455.03,4341, 14548, 63.44
GATI, EQ, 26-Aug-2020,49.3,49.0,49.65,47.8, 48.35,48.2,48.45,651753,315.78,3578, 321083, 49.26
GAYAHWS, BE, 26-Aug-2020,0.45,0.45,0.45,0.4, 0.45,0.45,0.44,290900,1.27,117, -, -
GAYAPROJ, EQ, 26-Aug-2020,16.95,17.25,17.25,16.5, 16.85,16.9,16.9,254651,43.04,692, 161136, 63.28
GBGLOBAL, EQ, 26-Aug-2020,7.85,7.85,8.2,7.85, 8.20,8.2,8.19,1905,0.16,14, 1905, 100.00
GDL, EQ, 26-Aug-2020,91.75,91.0,91.7,89.8, 89.90,90.3,90.62,152020,137.76,1753, 89851, 59.10
GEECEE, EQ, 26-Aug-2020,81.05,82.95,84.0,80.0, 80.70,81.05,81.95,19788,16.22,828, 6222, 31.44
GEEKAYWIRE, BE, 26-Aug-2020,91.0,91.0,92.0,88.25, 90.00,90.0,90.27,4805,4.34,15, -, -
GENESYS, EQ, 26-Aug-2020,55.1,57.3,57.85,55.5, 57.85,57.85,57.33,50563,28.99,334, 45469, 89.93
GENUSPAPER, EQ, 26-Aug-2020,5.3,5.3,5.35,5.15, 5.30,5.25,5.26,157185,8.26,234, 128020, 81.45
GENUSPOWER, EQ, 26-Aug-2020,25.9,26.1,26.3,25.5, 25.90,25.95,25.86,305298,78.96,1154, 188661, 61.80
GEOJITFSL, EQ, 26-Aug-2020,40.2,40.3,41.45,39.3, 41.15,41.15,40.79,418857,170.87,3127, 247027, 58.98
GEPIL, EQ, 26-Aug-2020,500.35,504.75,506.0,489.75, 493.50,492.4,495.44,26560,131.59,1462, 19135, 72.04
GESHIP, EQ, 26-Aug-2020,272.8,275.9,278.5,272.5, 273.60,273.0,275.04,95829,263.57,3628, 43230, 45.11
GET&D, EQ, 26-Aug-2020,109.75,108.25,113.9,108.25, 111.70,111.45,112.25,92198,103.49,1637, 56014, 60.75
GFLLIMITED, EQ, 26-Aug-2020,98.0,95.7,105.6,95.35, 102.80,103.05,102.25,149344,152.7,3037, 84234, 56.40
GFSTEELS, EQ, 26-Aug-2020,2.95,2.85,3.0,2.85, 2.85,2.85,2.91,253,0.01,5, 253, 100.00
GHCL, EQ, 26-Aug-2020,168.0,168.5,171.9,165.85, 168.45,168.55,169.86,291406,494.99,4193, 112270, 38.53
GICHSGFIN, EQ, 26-Aug-2020,108.9,123.0,128.9,119.15, 120.85,122.75,122.56,13390695,16411.9,97318, 2814824, 21.02
GICRE, EQ, 26-Aug-2020,149.6,153.15,155.0,150.0, 153.25,153.3,153.17,1194262,1829.22,11501, 511199, 42.80
GILLANDERS, EQ, 26-Aug-2020,27.95,28.0,28.9,27.35, 28.75,28.4,28.12,17255,4.85,170, 15455, 89.57
GILLETTE, EQ, 26-Aug-2020,5414.65,5477.0,5550.0,5445.0, 5546.00,5524.85,5510.81,37151,2047.32,6454, 15799, 42.53
GINNIFILA, EQ, 26-Aug-2020,12.45,13.05,13.05,12.25, 13.05,13.05,13.03,57941,7.55,150, 56193, 96.98
GIPCL, EQ, 26-Aug-2020,77.65,78.75,80.85,77.5, 79.60,79.7,79.44,410792,326.34,4645, 196730, 47.89
GKWLIMITED, EQ, 26-Aug-2020,470.0,483.85,484.0,456.15, 460.00,460.2,469.05,79,0.37,23, 37, 46.84
GLAXO, EQ, 26-Aug-2020,1570.65,1585.05,1613.0,1576.05, 1589.95,1589.5,1595.69,107040,1708.03,8859, 66847, 62.45
GLENMARK, EQ, 26-Aug-2020,483.85,483.85,491.0,475.0, 489.00,489.9,485.33,1733046,8411.0,27578, 500381, 28.87
GLFL, EQ, 26-Aug-2020,1.45,1.5,1.5,1.4, 1.40,1.4,1.43,4950,0.07,18, 4949, 99.98
GLOBALVECT, EQ, 26-Aug-2020,61.75,61.7,63.45,61.0, 61.80,62.3,62.11,33513,20.81,527, 21650, 64.60
GLOBOFFS, EQ, 26-Aug-2020,7.6,7.95,7.95,7.95, 7.95,7.95,7.95,16488,1.31,33, 16487, 99.99
GLOBUSSPR, EQ, 26-Aug-2020,169.5,177.95,177.95,169.5, 177.95,177.95,176.49,926587,1635.31,5033, 382668, 41.30
GMBREW, EQ, 26-Aug-2020,410.9,413.95,418.0,410.85, 412.50,411.8,413.93,37843,156.64,1528, 19235, 50.83
GMDCLTD, EQ, 26-Aug-2020,48.65,49.1,51.15,48.85, 50.20,50.3,50.17,2237680,1122.67,9957, 1076452, 48.11
GMMPFAUDLR, EQ, 26-Aug-2020,6085.1,6094.9,6094.9,5962.0, 5990.00,5983.3,6001.02,31139,1868.66,7815, 18610, 59.76
GMRINFRA, EQ, 26-Aug-2020,24.85,25.15,26.45,24.6, 25.95,25.85,25.92,39180764,10154.72,32984, 13429063, 34.27
GNA, EQ, 26-Aug-2020,241.95,243.8,256.9,243.0, 245.50,246.35,250.21,309229,773.72,8242, 112619, 36.42
GNFC, EQ, 26-Aug-2020,223.7,223.35,225.6,215.0, 219.00,220.8,220.27,3129724,6893.95,24374, 405815, 12.97
GOACARBON, EQ, 26-Aug-2020,242.7,250.55,257.0,228.8, 232.90,232.55,242.9,240812,584.94,6638, 125246, 52.01
GOCLCORP, EQ, 26-Aug-2020,186.1,184.0,195.1,184.0, 193.90,192.95,192.36,40930,78.73,1202, 26485, 64.71
GODFRYPHLP, EQ, 26-Aug-2020,944.4,943.95,970.0,941.0, 960.10,959.5,953.63,91918,876.56,4325, 49213, 53.54
GODHA, SM, 26-Aug-2020,27.45,28.45,28.8,28.45, 28.80,28.8,28.61,28000,8.01,7, 28000, 100.00
GODREJAGRO, EQ, 26-Aug-2020,490.5,492.0,506.0,492.0, 493.00,495.3,499.01,242481,1210.01,8186, 71682, 29.56
GODREJCP, EQ, 26-Aug-2020,677.75,679.7,684.7,675.3, 682.00,681.25,680.36,573518,3902.01,20013, 269755, 47.04
GODREJIND, EQ, 26-Aug-2020,418.8,425.0,436.0,424.0, 435.00,432.15,430.29,437662,1883.22,6235, 318313, 72.73
GODREJPROP, EQ, 26-Aug-2020,855.25,857.0,863.0,843.5, 852.00,849.7,852.62,356351,3038.31,12382, 105382, 29.57
GOENKA, BZ, 26-Aug-2020,0.8,0.8,0.85,0.75, 0.75,0.75,0.76,608553,4.62,123, -, -
GOKEX, EQ, 26-Aug-2020,58.85,60.0,61.45,58.95, 59.75,59.65,60.03,262589,157.62,1429, 145292, 55.33
GOKUL, EQ, 26-Aug-2020,16.65,16.75,18.3,16.4, 18.30,18.3,17.65,158871,28.03,699, 119121, 74.98
GOKULAGRO, EQ, 26-Aug-2020,15.05,15.15,15.8,14.55, 15.80,15.8,15.48,65671,10.17,254, 55657, 84.75
GOLDBEES, EQ, 26-Aug-2020,44.93,45.25,45.25,44.66, 44.80,44.8,44.85,4307737,1931.97,11736, 3258904, 75.65
GOLDENTOBC, EQ, 26-Aug-2020,23.9,23.85,24.5,23.4, 23.50,23.65,23.78,15241,3.63,121, 9434, 61.90
GOLDIAM, EQ, 26-Aug-2020,116.4,117.1,118.3,116.25, 116.90,117.1,117.23,36393,42.66,972, 17711, 48.67
GOLDSHARE, EQ, 26-Aug-2020,4691.6,4680.15,4699.0,4675.15, 4679.00,4680.2,4682.57,1382,64.71,383, 1011, 73.15
GOLDTECH, EQ, 26-Aug-2020,15.25,16.0,16.0,14.5, 14.50,14.5,15.47,279974,43.32,804, 158121, 56.48
GOODLUCK, EQ, 26-Aug-2020,42.4,41.6,47.0,41.45, 45.50,45.5,45.56,527358,240.28,4403, 270759, 51.34
GPIL, EQ, 26-Aug-2020,322.0,317.0,338.1,310.0, 338.10,338.1,332.51,202228,672.44,2626, 156272, 77.28
GPPL, EQ, 26-Aug-2020,85.15,85.0,87.4,83.5, 86.90,85.9,85.13,223054,189.89,2826, 141254, 63.33
GPTINFRA, EQ, 26-Aug-2020,37.1,37.0,37.0,34.2, 35.10,35.25,35.3,175888,62.1,990, 110324, 62.72
GRANULES, EQ, 26-Aug-2020,311.65,314.0,314.45,308.05, 310.50,309.75,310.67,1493251,4639.13,26278, 690176, 46.22
GRAPHITE, EQ, 26-Aug-2020,209.55,213.95,217.85,198.5, 200.95,201.85,210.11,2953159,6205.01,33927, 1170261, 39.63
GRASIM, EQ, 26-Aug-2020,673.75,672.95,678.5,658.6, 666.90,667.2,666.3,2450241,16326.02,33648, 582125, 23.76
GRAVITA, EQ, 26-Aug-2020,53.15,53.75,53.95,52.4, 53.15,52.9,53.03,147037,77.98,857, 86206, 58.63
GREAVESCOT, EQ, 26-Aug-2020,80.7,82.15,84.5,81.55, 83.30,83.45,83.15,2603400,2164.77,15101, 1298372, 49.87
GREENLAM, EQ, 26-Aug-2020,727.7,743.6,745.05,720.55, 737.00,736.2,733.95,3468,25.45,311, 2213, 63.81
GREENPANEL, EQ, 26-Aug-2020,46.5,47.85,48.2,44.2, 47.75,47.65,45.88,114348,52.46,1878, 77687, 67.94
GREENPLY, EQ, 26-Aug-2020,94.2,94.8,96.85,93.15, 94.95,94.95,95.24,264958,252.35,2920, 141372, 53.36
GREENPOWER, EQ, 26-Aug-2020,2.15,2.2,2.2,2.1, 2.15,2.15,2.14,1026156,21.97,764, 541896, 52.81
GRINDWELL, EQ, 26-Aug-2020,544.2,546.9,546.9,527.0, 529.85,531.6,534.45,34931,186.69,1508, 21778, 62.35
GROBTEA, EQ, 26-Aug-2020,856.2,897.0,899.0,890.0, 899.00,899.0,897.62,2156,19.35,115, 1539, 71.38
GRPLTD, EQ, 26-Aug-2020,723.2,724.05,770.0,703.5, 712.50,716.1,732.54,572,4.19,67, 155, 27.10
GRSE, EQ, 26-Aug-2020,208.75,209.2,219.9,209.15, 214.95,214.65,215.2,428898,922.99,5731, 205960, 48.02
GSCLCEMENT, EQ, 26-Aug-2020,30.0,30.65,30.95,30.05, 30.50,30.3,30.41,135269,41.14,757, 77828, 57.54
GSFC, EQ, 26-Aug-2020,68.0,68.25,74.0,67.0, 72.30,72.2,71.91,7139217,5134.16,25814, 1360808, 19.06
GSPL, EQ, 26-Aug-2020,212.35,212.35,224.35,212.35, 219.00,218.55,220.25,2340115,5154.09,24129, 1220744, 52.17
GSS, EQ, 26-Aug-2020,27.45,28.2,28.35,26.25, 27.30,27.9,27.59,319792,88.23,1269, 117719, 36.81
GTLINFRA, EQ, 26-Aug-2020,0.8,0.8,0.85,0.8, 0.85,0.8,0.81,6853977,55.59,1436, 5612601, 81.89
GTNIND, EQ, 26-Aug-2020,8.75,9.0,9.15,8.4, 9.15,8.9,8.8,5677,0.5,45, 4424, 77.93
GTPL, EQ, 26-Aug-2020,103.3,104.0,104.6,102.05, 103.90,103.55,103.49,54310,56.21,953, 37854, 69.70
GUFICBIO, EQ, 26-Aug-2020,89.9,90.0,92.8,88.7, 90.00,89.85,90.67,459787,416.89,3542, 239235, 52.03
GUJALKALI, EQ, 26-Aug-2020,337.55,340.35,347.4,336.5, 338.00,338.2,341.21,178702,609.74,4792, 88518, 49.53
GUJAPOLLO, EQ, 26-Aug-2020,197.05,197.05,200.0,193.65, 198.00,198.7,198.39,5287,10.49,249, 3295, 62.32
GUJGASLTD, EQ, 26-Aug-2020,326.95,328.75,329.25,323.5, 327.00,326.9,326.99,398539,1303.19,8023, 177663, 44.58
GUJRAFFIA, BE, 26-Aug-2020,12.75,12.15,12.6,12.15, 12.15,12.15,12.15,867,0.11,14, -, -
GULFOILLUB, EQ, 26-Aug-2020,694.75,705.2,709.0,692.15, 697.95,696.5,699.52,19139,133.88,2224, 11297, 59.03
GULFPETRO, EQ, 26-Aug-2020,46.35,46.85,47.45,45.2, 45.50,45.6,46.2,59314,27.4,606, 41778, 70.44
GULPOLY, EQ, 26-Aug-2020,49.7,50.15,52.15,49.35, 52.15,52.0,51.47,113084,58.2,1265, 75927, 67.14
GVKPIL, EQ, 26-Aug-2020,3.05,3.2,3.2,3.2, 3.20,3.2,3.2,1362380,43.6,548, 1362380, 100.00
HAL, EQ, 26-Aug-2020,1172.95,1170.0,1209.0,1149.0, 1174.00,1177.6,1179.25,653052,7701.15,35253, 85394, 13.08
HARITASEAT, EQ, 26-Aug-2020,434.9,440.0,440.0,433.2, 433.85,434.3,436.66,7100,31.0,318, 5537, 77.99
HARRMALAYA, EQ, 26-Aug-2020,94.0,95.3,98.0,93.1, 94.00,93.7,95.13,236274,224.76,3450, 121134, 51.27
HATHWAY, BE, 26-Aug-2020,35.65,35.7,36.0,35.1, 35.95,35.7,35.53,290408,103.18,2074, -, -
HATSUN, EQ, 26-Aug-2020,807.8,811.85,817.5,793.85, 799.55,797.8,808.85,29267,236.73,2390, 12027, 41.09
HAVELLS, EQ, 26-Aug-2020,663.05,662.9,666.9,645.35, 649.00,649.6,657.74,2476538,16289.06,52720, 686360, 27.71
HAVISHA, BE, 26-Aug-2020,0.7,0.65,0.7,0.65, 0.70,0.7,0.68,9208,0.06,31, -, -
HBLPOWER, EQ, 26-Aug-2020,16.8,16.95,17.1,16.6, 16.65,16.7,16.83,542132,91.24,1199, 328107, 60.52
HCC, EQ, 26-Aug-2020,6.1,6.15,6.15,6.0, 6.15,6.1,6.07,3569867,216.69,2076, 2086479, 58.45
HCG, EQ, 26-Aug-2020,129.05,130.5,130.5,129.0, 129.35,129.3,129.35,145992,188.84,831, 106999, 73.29
HCL-INSYS, EQ, 26-Aug-2020,9.05,9.25,9.25,8.9, 9.05,9.0,9.04,341728,30.9,807, 247136, 72.32
HCLTECH, EQ, 26-Aug-2020,701.6,704.7,717.75,697.0, 713.50,712.8,709.35,4511551,32002.52,76393, 1491500, 33.06
HDFC, EQ, 26-Aug-2020,1829.6,1837.0,1837.8,1803.6, 1810.75,1816.0,1816.89,3187424,57911.96,122481, 1609579, 50.50
HDFC, W3, 26-Aug-2020,335.0,333.0,335.0,332.0, 333.80,333.8,333.3,13200,44.0,15, 12600, 95.45
HDFCAMC, EQ, 26-Aug-2020,2490.95,2492.0,2498.0,2436.0, 2469.95,2471.0,2459.47,339043,8338.65,24522, 172677, 50.93
HDFCBANK, EQ, 26-Aug-2020,1119.7,1121.0,1131.75,1109.5, 1118.50,1118.45,1118.92,12595131,140928.92,164529, 5444242, 43.22
HDFCLIFE, EQ, 26-Aug-2020,599.8,603.0,603.0,588.65, 592.95,592.05,591.56,2950984,17456.97,74204, 1519134, 51.48
HDFCMFGETF, EQ, 26-Aug-2020,4616.5,4615.0,4622.15,4581.55, 4589.00,4587.25,4597.53,11664,536.26,1343, 8310, 71.24
HDFCNIFETF, EQ, 26-Aug-2020,1198.67,1200.0,1211.99,1197.66, 1205.27,1204.85,1203.54,1293,15.56,88, 978, 75.64
HDFCSENETF, EQ, 26-Aug-2020,4184.0,4184.0,4193.89,4091.0, 4125.00,4111.5,4103.25,297,12.19,65, 215, 72.39
HDIL, BZ, 26-Aug-2020,5.0,5.25,5.25,5.25, 5.25,5.25,5.25,571172,29.99,298, -, -
HEG, EQ, 26-Aug-2020,930.9,927.7,941.9,880.0, 885.60,886.45,911.02,1707839,15558.8,65560, 359776, 21.07
HEIDELBERG, EQ, 26-Aug-2020,199.3,201.4,202.0,197.95, 198.50,198.2,199.37,169396,337.72,3155, 74795, 44.15
HERCULES, EQ, 26-Aug-2020,94.5,95.05,96.8,94.05, 95.10,95.55,95.86,73176,70.15,1585, 31741, 43.38
HERITGFOOD, EQ, 26-Aug-2020,342.3,342.3,350.0,335.2, 342.20,341.55,341.84,56819,194.23,2742, 28798, 50.68
HEROMOTOCO, EQ, 26-Aug-2020,2969.75,3110.0,3181.35,3070.0, 3160.45,3160.75,3119.68,4651111,145099.83,207879, 792853, 17.05
HESTERBIO, EQ, 26-Aug-2020,1558.25,1579.0,1599.8,1540.6, 1559.00,1560.15,1572.06,13846,217.67,1546, 6377, 46.06
HEXATRADEX, EQ, 26-Aug-2020,33.8,33.8,35.3,33.8, 34.30,34.55,34.63,33483,11.6,149, 22740, 67.92
HEXAWARE, EQ, 26-Aug-2020,418.95,413.0,421.45,405.45, 416.55,418.7,416.37,1673781,6969.13,27074, 1017215, 60.77
HFCL, EQ, 26-Aug-2020,17.3,17.45,17.5,16.9, 16.95,16.95,17.1,2773114,474.14,4679, 1576411, 56.85
HGINFRA, EQ, 26-Aug-2020,218.35,219.0,224.05,219.0, 221.00,220.95,221.53,76700,169.91,2448, 42627, 55.58
HGS, EQ, 26-Aug-2020,729.25,732.9,741.0,715.0, 717.00,719.95,722.71,8354,60.38,999, 4635, 55.48
HHOF1140RD, MF, 26-Aug-2020,6.9,7.01,7.01,7.01, 7.01,7.01,7.01,1,0.0,1, 1, 100.00
HHOF1140RG, MF, 26-Aug-2020,7.54,7.39,7.53,7.15, 7.42,7.42,7.38,30378,2.24,11, 30378, 100.00
HIKAL, EQ, 26-Aug-2020,170.7,174.0,182.45,168.35, 168.80,170.1,175.14,6185520,10833.4,54197, 1690176, 27.32
HIL, EQ, 26-Aug-2020,1566.25,1574.0,1640.0,1573.95, 1615.00,1620.2,1613.63,26592,429.1,3292, 15015, 56.46
HILTON, EQ, 26-Aug-2020,10.2,10.7,10.7,9.75, 10.45,10.35,10.31,28731,2.96,113, 12873, 44.81
HIMATSEIDE, EQ, 26-Aug-2020,90.45,90.45,95.75,90.45, 91.50,92.95,93.04,1140314,1060.9,8195, 425582, 37.32
HINDALCO, EQ, 26-Aug-2020,191.3,192.0,195.0,191.25, 193.50,193.5,193.11,8427750,16274.42,45548, 2058029, 24.42
HINDCOMPOS, EQ, 26-Aug-2020,198.65,202.7,229.85,200.95, 214.00,214.55,219.33,91127,199.87,2781, 28900, 31.71
HINDCOPPER, EQ, 26-Aug-2020,38.05,38.15,39.2,38.15, 38.65,38.6,38.69,935082,361.79,3394, 379918, 40.63
HINDMOTORS, EQ, 26-Aug-2020,6.2,6.4,6.4,6.05, 6.15,6.15,6.15,133424,8.21,349, 114403, 85.74
HINDNATGLS, EQ, 26-Aug-2020,28.7,28.5,29.45,27.55, 28.75,28.7,28.67,15872,4.55,193, 12057, 75.96
HINDOILEXP, EQ, 26-Aug-2020,87.2,88.2,88.35,85.15, 85.40,85.5,86.4,531443,459.19,3302, 371319, 69.87
HINDPETRO, EQ, 26-Aug-2020,211.25,212.0,212.35,209.0, 209.50,209.45,210.37,5049076,10621.6,29337, 1613373, 31.95
HINDUNILVR, EQ, 26-Aug-2020,2179.1,2182.1,2186.0,2160.0, 2185.00,2182.8,2174.21,2148246,46707.29,71305, 1345926, 62.65
HINDZINC, EQ, 26-Aug-2020,225.85,225.85,229.45,222.4, 227.60,226.0,224.46,766556,1720.59,13803, 374531, 48.86
HIRECT, EQ, 26-Aug-2020,139.75,138.1,142.5,137.5, 138.45,137.9,138.58,33895,46.97,759, 25185, 74.30
HISARMETAL, EQ, 26-Aug-2020,76.8,76.8,78.45,72.0, 72.15,73.15,74.5,34044,25.36,570, 21246, 62.41
HITECH, EQ, 26-Aug-2020,142.1,142.0,142.1,135.0, 136.80,135.65,137.24,15285,20.98,196, 11973, 78.33
HITECHCORP, EQ, 26-Aug-2020,103.55,103.15,104.5,100.6, 102.90,102.45,102.27,10816,11.06,150, 7693, 71.13
HITECHGEAR, EQ, 26-Aug-2020,140.9,143.8,150.05,140.0, 147.00,147.0,145.67,18830,27.43,363, 12269, 65.16
HLVLTD, EQ, 26-Aug-2020,5.25,5.25,5.35,5.2, 5.30,5.3,5.28,89913,4.75,145, 70666, 78.59
HMT, BZ, 26-Aug-2020,18.4,18.8,18.95,17.8, 18.05,18.1,18.4,14627,2.69,78, -, -
HMVL, EQ, 26-Aug-2020,51.9,51.9,53.75,51.85, 52.90,53.3,53.13,55861,29.68,569, 38048, 68.11
HNDFDS, EQ, 26-Aug-2020,772.9,797.55,809.0,734.3, 774.00,753.55,779.25,36766,286.5,2288, 21223, 57.72
HNGSNGBEES, EQ, 26-Aug-2020,347.05,347.0,350.0,346.0, 347.00,347.0,347.02,102,0.35,23, 97, 95.10
HONAUT, EQ, 26-Aug-2020,34647.0,34955.0,35995.0,34500.05, 35740.00,35627.15,35204.03,6372,2243.2,3135, 1646, 25.83
HONDAPOWER, EQ, 26-Aug-2020,1047.9,1049.9,1070.0,1026.25, 1045.20,1053.8,1049.43,6793,71.29,875, 3465, 51.01
HOTELRUGBY, EQ, 26-Aug-2020,1.7,1.75,1.75,1.65, 1.75,1.75,1.71,29030,0.5,60, 24043, 82.82
HOVS, EQ, 26-Aug-2020,42.05,42.95,43.5,42.0, 43.10,43.35,42.98,14928,6.42,164, 12550, 84.07
HPL, EQ, 26-Aug-2020,37.9,37.5,38.75,37.5, 38.25,38.05,38.26,63138,24.16,737, 43136, 68.32
HSCL, EQ, 26-Aug-2020,56.9,57.3,59.35,56.85, 58.20,58.55,58.4,2607669,1522.83,11098, 821198, 31.49
HSIL, EQ, 26-Aug-2020,65.45,65.5,68.4,65.3, 66.95,66.35,66.84,389803,260.54,2943, 169215, 43.41
HTMEDIA, EQ, 26-Aug-2020,15.6,15.75,16.35,15.7, 16.35,16.35,16.18,169298,27.4,400, 132404, 78.21
HUBTOWN, EQ, 26-Aug-2020,12.25,12.2,12.5,11.85, 12.20,11.95,12.11,60305,7.3,167, 52674, 87.35
HUDCO, EQ, 26-Aug-2020,38.1,38.4,39.1,38.25, 38.30,38.35,38.55,2038325,785.73,5676, 650706, 31.92
HUDCO, N2, 26-Aug-2020,1256.0,1250.0,1250.01,1250.0, 1250.00,1250.0,1250.0,2035,25.44,19, 2035, 100.00
HUDCO, N3, 26-Aug-2020,1095.0,1095.0,1097.0,1089.01, 1096.99,1096.99,1093.1,435,4.75,4, 410, 94.25
HUDCO, N8, 26-Aug-2020,1265.0,1280.0,1280.0,1280.0, 1280.00,1280.0,1280.0,5,0.06,1, 5, 100.00
HUDCO, ND, 26-Aug-2020,1349.95,1340.0,1340.0,1340.0, 1340.00,1340.0,1340.0,50,0.67,1, 50, 100.00
HUDCO, NE, 26-Aug-2020,1479.5,1477.0,1479.49,1472.01, 1475.01,1475.01,1477.98,99,1.46,5, 79, 79.80
HUSYSLTD, SM, 26-Aug-2020,46.5,46.5,46.5,46.5, 46.50,46.5,46.5,4000,1.86,2, 4000, 100.00
IBMFNIFTY, EQ, 26-Aug-2020,139.67,139.9,141.0,126.2, 137.00,136.5,135.91,1934,2.63,174, 1113, 57.55
IBREALEST, EQ, 26-Aug-2020,67.5,67.85,72.45,67.8, 70.25,69.85,70.55,6669562,4705.09,23595, 3268515, 49.01
IBUCCREDIT, N4, 26-Aug-2020,1084.9,1075.0,1075.0,1055.0, 1075.00,1075.0,1065.77,133,1.42,10, 133, 100.00
IBUCCREDIT, N6, 26-Aug-2020,1005.0,1005.0,1005.0,1005.0, 1005.00,1005.0,1005.0,5,0.05,1, 5, 100.00
IBUCCREDIT, N7, 26-Aug-2020,865.0,860.0,862.0,860.0, 862.00,862.0,860.33,6,0.05,2, 6, 100.00
IBUCCREDIT, N9, 26-Aug-2020,810.0,874.0,874.0,874.0, 874.00,874.0,874.0,20,0.17,1, 20, 100.00
IBUCCREDIT, ND, 26-Aug-2020,888.0,898.0,898.0,897.0, 897.00,897.0,897.93,29,0.26,4, 29, 100.00
IBULHSGFIN, EQ, 26-Aug-2020,206.3,208.5,223.0,207.15, 218.00,217.75,217.76,53642850,116814.52,331796, 9008858, 16.79
IBULHSGFIN, N6, 26-Aug-2020,996.0,1005.0,1005.0,1005.0, 1005.00,1005.0,1005.0,50,0.5,1, 50, 100.00
IBULHSGFIN, N8, 26-Aug-2020,868.6,870.0,870.0,815.5, 815.50,815.5,853.09,29,0.25,2, 29, 100.00
IBULHSGFIN, NA, 26-Aug-2020,810.0,814.5,814.5,814.5, 814.50,814.5,814.5,80,0.65,1, 80, 100.00
IBULHSGFIN, NE, 26-Aug-2020,849.99,845.0,850.0,845.0, 850.00,850.0,848.33,30,0.25,3, 30, 100.00
IBULISL, EQ, 26-Aug-2020,50.1,50.8,52.6,50.75, 52.60,52.6,52.45,875853,459.39,2515, 688134, 78.57
IBVENTPP, E1, 26-Aug-2020,103.15,107.0,112.05,105.15, 107.35,107.15,109.43,287413,314.5,1814, 152538, 53.07
IBVENTURES, EQ, 26-Aug-2020,199.75,205.0,208.8,198.25, 202.50,200.8,203.42,3242285,6595.33,18229, 1096353, 33.81
ICEMAKE, SM, 26-Aug-2020,52.95,55.55,55.55,55.55, 55.55,55.55,55.55,6000,3.33,3, 4000, 66.67
ICFL, N1, 26-Aug-2020,980.0,980.01,990.01,980.01, 990.01,990.01,988.12,534,5.28,16, 524, 98.13
ICFL, N2, 26-Aug-2020,1100.0,1091.11,1107.0,1091.11, 1107.00,1105.51,1103.07,400,4.41,17, 375, 93.75
ICFL, N3, 26-Aug-2020,950.0,950.0,950.0,950.0, 950.00,950.0,950.0,100,0.95,2, 100, 100.00
ICFL, N4, 26-Aug-2020,910.1,957.0,957.0,956.9, 956.90,956.9,956.92,21,0.2,3, 21, 100.00
ICFL, N6, 26-Aug-2020,985.0,990.0,990.0,990.0, 990.00,990.0,990.0,4,0.04,1, 4, 100.00
ICFL, NC, 26-Aug-2020,980.11,980.11,980.11,980.0, 980.00,980.0,980.0,101,0.99,3, 101, 100.00
ICFL, NF, 26-Aug-2020,935.0,960.0,960.0,960.0, 960.00,960.0,960.0,15,0.14,1, 15, 100.00
ICICI500, EQ, 26-Aug-2020,155.1,153.6,157.43,153.6, 155.00,154.98,154.74,1865,2.89,96, 1296, 69.49
ICICIALPLV, EQ, 26-Aug-2020,119.14,119.0,119.6,119.0, 119.60,119.55,119.2,387,0.46,18, 317, 81.91
ICICIB22, EQ, 26-Aug-2020,27.41,27.99,29.1,27.32, 27.40,27.38,27.41,128097,35.12,6193, 75850, 59.21
ICICIBANK, EQ, 26-Aug-2020,386.35,388.2,391.65,384.2, 389.75,389.35,387.83,37164029,144134.43,215457, 18319310, 49.29
ICICIBANKN, EQ, 26-Aug-2020,228.8,249.4,249.4,228.45, 232.26,232.38,230.85,15893,36.69,482, 6142, 38.65
ICICIBANKP, EQ, 26-Aug-2020,124.83,125.0,126.25,124.3, 125.92,126.06,125.66,8421,10.58,115, 7300, 86.69
ICICIGI, EQ, 26-Aug-2020,1265.35,1268.0,1290.0,1260.0, 1264.80,1264.25,1273.94,471408,6005.45,27617, 304073, 64.50
ICICIGOLD, EQ, 26-Aug-2020,45.85,48.6,48.6,44.0, 45.84,45.81,45.83,566627,259.66,1762, 523596, 92.41
ICICILIQ, EQ, 26-Aug-2020,999.99,1000.0,1000.0,999.95, 999.99,999.99,999.99,5855,58.55,43, 5499, 93.92
ICICILOVOL, EQ, 26-Aug-2020,96.13,112.5,112.5,88.0, 96.60,96.55,96.43,271501,261.82,180, 240951, 88.75
ICICIM150, EQ, 26-Aug-2020,65.88,66.05,66.1,65.96, 66.04,66.04,65.96,310807,205.02,155, 310029, 99.75
ICICIMCAP, EQ, 26-Aug-2020,64.68,65.5,65.5,63.6, 65.00,65.13,65.04,3567,2.32,68, 1677, 47.01
ICICINF100, EQ, 26-Aug-2020,125.07,124.77,125.72,124.62, 125.10,125.05,124.84,3065,3.83,105, 2824, 92.14
ICICINIFTY, EQ, 26-Aug-2020,121.1,129.0,129.0,120.0, 121.87,121.98,121.6,178020,216.47,2706, 152904, 85.89
ICICINV20, EQ, 26-Aug-2020,58.46,59.0,63.0,57.0, 58.55,58.32,58.47,4232,2.47,290, 2749, 64.96
ICICINXT50, EQ, 26-Aug-2020,28.17,27.05,29.0,27.05, 28.17,28.16,28.45,11001,3.13,132, 9087, 82.60
ICICIPRULI, EQ, 26-Aug-2020,446.35,448.0,452.3,442.0, 449.50,449.25,447.54,897471,4016.53,18664, 306036, 34.10
ICICISENSX, EQ, 26-Aug-2020,417.2,415.7,419.0,412.0, 419.00,418.13,417.91,370,1.55,60, 196, 52.97
ICICITECH, EQ, 26-Aug-2020,180.0,180.0,181.98,179.97, 181.98,181.48,180.87,292,0.53,11, 117, 40.07
ICIL, EQ, 26-Aug-2020,77.15,77.0,79.0,75.4, 75.90,76.05,76.57,206901,158.43,1550, 163418, 78.98
ICRA, EQ, 26-Aug-2020,2782.6,2849.9,2890.0,2776.0, 2820.00,2851.8,2832.53,7199,203.91,1351, 3976, 55.23
IDBI, EQ, 26-Aug-2020,41.95,41.9,42.45,41.35, 41.65,41.7,41.72,2067949,862.84,7262, 873154, 42.22
IDBIGOLD, EQ, 26-Aug-2020,4857.45,4811.05,4811.05,4750.0, 4760.00,4759.3,4768.3,308,14.69,120, 265, 86.04
IDEA, EQ, 26-Aug-2020,9.0,9.0,9.05,8.85, 8.95,8.9,8.94,91976400,8221.19,206291, 43422909, 47.21
IDFC, EQ, 26-Aug-2020,28.9,29.2,29.5,28.5, 29.45,29.4,29.09,6323982,1839.82,15668, 3612954, 57.13
IDFCFIRSTB, EQ, 26-Aug-2020,31.95,32.1,32.6,31.9, 32.40,32.45,32.21,34705231,11178.89,63195, 7160432, 20.63
IDFCFIRSTB, N1, 26-Aug-2020,5295.0,5295.0,5295.0,5289.0, 5289.00,5289.0,5290.22,9,0.48,4, 9, 100.00
IDFCFIRSTB, N2, 26-Aug-2020,10555.0,10598.0,10601.0,10598.0, 10601.00,10601.0,10600.36,11,1.17,5, 11, 100.00
IDFCFIRSTB, N3, 26-Aug-2020,5250.0,5300.0,5300.0,5090.01, 5090.01,5090.01,5160.01,6,0.31,3, 4, 66.67
IDFCFIRSTB, N4, 26-Aug-2020,10075.0,10080.0,10100.0,10080.0, 10085.01,10085.01,10085.84,6,0.61,3, 6, 100.00
IDFCFIRSTB, N6, 26-Aug-2020,10241.0,10299.0,10350.0,10299.0, 10350.00,10350.0,10309.73,765,78.87,14, 765, 100.00
IDFCFIRSTB, N9, 26-Aug-2020,5245.0,5300.0,5300.0,5300.0, 5300.00,5300.0,5300.0,5,0.27,2, 5, 100.00
IDFCFIRSTB, NA, 26-Aug-2020,10500.0,10500.0,10525.0,10460.0, 10500.00,10500.0,10490.0,32,3.36,12, 27, 84.38
IDFCFIRSTB, NB, 26-Aug-2020,5165.0,5165.0,5175.0,5165.0, 5165.00,5167.0,5166.11,9,0.46,6, 9, 100.00
IDFCFIRSTB, NC, 26-Aug-2020,10011.0,10000.0,10100.0,10000.0, 10100.00,10100.0,10033.33,6,0.6,2, 6, 100.00
IDFNIFTYET, EQ, 26-Aug-2020,120.0,120.0,120.98,120.0, 120.79,120.79,120.85,19,0.02,5, 14, 73.68
IEX, EQ, 26-Aug-2020,192.3,193.5,194.0,190.5, 191.00,191.05,192.23,527433,1013.87,15052, 333299, 63.19
IFBAGRO, EQ, 26-Aug-2020,349.05,361.5,361.5,340.0, 340.20,341.15,349.85,52336,183.1,1558, 24898, 47.57
IFBIND, EQ, 26-Aug-2020,481.75,492.0,533.65,491.7, 506.50,506.7,516.52,677654,3500.23,22800, 216327, 31.92
IFCI, EQ, 26-Aug-2020,7.35,7.4,7.45,7.2, 7.25,7.25,7.31,2425942,177.33,154605, 1477033, 60.88
IFCI, NF, 26-Aug-2020,1090.0,1087.5,1088.55,1087.0, 1087.00,1087.0,1087.24,125,1.36,7, 125, 100.00
IFCI, NH, 26-Aug-2020,1085.0,1085.0,1088.9,1085.0, 1088.90,1088.9,1087.93,287,3.12,6, 267, 93.03
IFCI, NL, 26-Aug-2020,1041.01,1041.02,1041.02,1038.0, 1040.00,1039.5,1039.95,200,2.08,9, 200, 100.00
IFGLEXPOR, EQ, 26-Aug-2020,171.95,170.0,171.0,164.5, 168.25,167.05,167.56,24445,40.96,646, 12571, 51.43
IGARASHI, EQ, 26-Aug-2020,303.75,306.45,322.5,306.45, 312.00,312.5,317.47,448700,1424.49,9171, 134831, 30.05
IGL, EQ, 26-Aug-2020,413.55,416.85,418.7,411.25, 413.50,413.45,414.24,2921213,12100.8,44355, 809477, 27.71
IGPL, EQ, 26-Aug-2020,257.3,263.8,270.0,259.55, 264.00,263.75,263.42,69406,182.83,2292, 43158, 62.18
IIFCL, N1, 26-Aug-2020,1254.0,1254.0,1254.0,1254.0, 1254.00,1254.0,1254.0,200,2.51,1, 200, 100.00
IIFCL, N2, 26-Aug-2020,1256.99,1256.99,1256.99,1256.99, 1256.99,1256.99,1256.99,1140,14.33,21, 1140, 100.00
IIFL, EQ, 26-Aug-2020,78.8,78.95,92.4,78.35, 90.60,90.95,87.21,6529492,5694.66,31926, 1575468, 24.13
IIFL, N2, 26-Aug-2020,1070.0,1055.0,1060.0,1055.0, 1060.00,1060.0,1057.78,45,0.48,2, 45, 100.00
IIFL, N4, 26-Aug-2020,1009.8,1004.8,1010.0,1001.55, 1009.00,1009.0,1006.37,1570,15.8,8, 1570, 100.00
IIFL, N5, 26-Aug-2020,1073.75,1074.0,1074.5,1074.0, 1074.50,1074.5,1074.11,890,9.56,24, 890, 100.00
IIFL, N6, 26-Aug-2020,975.83,985.0,985.0,985.0, 985.00,985.0,985.0,11,0.11,3, 11, 100.00
IIFL, N7, 26-Aug-2020,990.0,990.0,990.0,990.0, 990.00,990.0,990.0,2,0.02,1, 2, 100.00
IIFL, N8, 26-Aug-2020,1102.55,1102.78,1102.78,1102.78, 1102.78,1102.78,1102.78,125,1.38,2, 125, 100.00
IIFL, NC, 26-Aug-2020,1003.0,1000.0,1000.0,999.9, 1000.00,999.95,999.97,150,1.5,3, 150, 100.00
IIFLSEC, EQ, 26-Aug-2020,44.35,44.05,46.85,43.45, 45.35,45.6,45.42,1609145,730.87,4534, 723069, 44.93
IIFLWAM, EQ, 26-Aug-2020,1138.75,1100.0,1139.55,1097.0, 1106.80,1103.2,1108.55,25107,278.32,2428, 13103, 52.19
IITL, EQ, 26-Aug-2020,64.4,62.2,64.0,61.5, 62.00,62.75,62.89,2140,1.35,33, 1664, 77.76
IL&FSENGG, BZ, 26-Aug-2020,4.15,4.0,4.3,4.0, 4.25,4.25,4.16,9526,0.4,27, -, -
IL&FSTRANS, BZ, 26-Aug-2020,1.5,1.5,1.55,1.45, 1.50,1.45,1.49,99115,1.48,82, -, -
IMAGICAA, EQ, 26-Aug-2020,5.0,5.15,5.2,4.9, 4.90,4.95,5.03,79235,3.98,162, 61166, 77.20
IMFA, EQ, 26-Aug-2020,239.95,240.35,254.25,240.35, 243.00,244.3,248.73,119881,298.18,4992, 64724, 53.99
IMPAL, EQ, 26-Aug-2020,552.3,558.95,561.85,545.0, 545.00,547.45,550.94,2707,14.91,187, 2162, 79.87
INDBANK, EQ, 26-Aug-2020,13.8,13.15,13.15,13.15, 13.15,13.15,13.15,62217,8.18,195, 62217, 100.00
INDHOTEL, EQ, 26-Aug-2020,104.65,104.0,105.5,103.55, 104.45,104.95,104.59,2131877,2229.71,14538, 851310, 39.93
INDIACEM, EQ, 26-Aug-2020,118.25,118.7,123.7,117.75, 122.40,122.2,121.87,4229945,5155.13,27337, 1381939, 32.67
INDIAGLYCO, EQ, 26-Aug-2020,310.75,314.2,341.8,312.05, 326.00,325.4,328.76,2503282,8229.82,36163, 639285, 25.54
INDIAMART, EQ, 26-Aug-2020,3708.0,3753.0,3785.0,3485.5, 3635.00,3645.1,3649.74,110905,4047.75,14553, 40662, 36.66
INDIANB, EQ, 26-Aug-2020,65.35,65.9,66.35,65.1, 65.25,65.25,65.48,1626443,1065.06,8840, 801625, 49.29
INDIANCARD, EQ, 26-Aug-2020,111.7,111.7,111.85,103.6, 105.80,106.15,106.5,8797,9.37,314, 5122, 58.22
INDIANHUME, EQ, 26-Aug-2020,195.6,198.15,204.9,198.0, 200.50,201.25,201.56,191717,386.42,3583, 98181, 51.21
INDIGO, EQ, 26-Aug-2020,1166.2,1190.0,1190.0,1166.2, 1174.00,1175.4,1176.18,1410236,16586.87,44371, 186764, 13.24
INDIGRID, IV, 26-Aug-2020,100.82,100.9,100.99,100.75, 100.99,100.95,100.88,870912,878.54,179, 857304, 98.44
INDLMETER, EQ, 26-Aug-2020,17.05,17.65,17.9,16.25, 17.85,17.7,17.41,14744,2.57,94, 8665, 58.77
INDNIPPON, EQ, 26-Aug-2020,356.15,365.25,371.0,355.15, 366.50,369.25,367.29,33598,123.4,1804, 17529, 52.17
INDOCO, EQ, 26-Aug-2020,244.1,245.35,255.95,245.35, 248.95,249.85,251.13,177915,446.8,4825, 83988, 47.21
INDORAMA, EQ, 26-Aug-2020,18.9,18.9,19.8,18.9, 19.80,19.8,19.53,20444,3.99,72, 20440, 99.98
INDOSOLAR, BZ, 26-Aug-2020,1.4,1.45,1.45,1.45, 1.45,1.45,1.45,32961,0.48,37, -, -
INDOSTAR, EQ, 26-Aug-2020,276.0,280.0,331.2,280.0, 331.20,328.15,321.4,848334,2726.57,18343, 108649, 12.81
INDOTECH, EQ, 26-Aug-2020,102.0,101.0,103.65,101.0, 101.45,102.0,102.12,5918,6.04,160, 4082, 68.98
INDOTHAI, EQ, 26-Aug-2020,18.2,18.0,18.7,17.5, 18.00,17.8,17.96,5873,1.05,40, 4868, 82.89
INDOWIND, EQ, 26-Aug-2020,3.4,3.55,3.55,3.3, 3.40,3.4,3.43,28662,0.98,116, 17130, 59.77
INDRAMEDCO, EQ, 26-Aug-2020,53.2,53.95,54.5,53.4, 53.80,53.6,53.8,320945,172.68,2260, 176965, 55.14
INDSWFTLAB, EQ, 26-Aug-2020,39.2,40.3,40.3,37.25, 38.25,38.35,38.22,86314,32.99,530, 45971, 53.26
INDSWFTLTD, EQ, 26-Aug-2020,3.5,3.5,3.65,3.4, 3.65,3.65,3.63,49201,1.78,47, 31607, 64.24
INDTERRAIN, EQ, 26-Aug-2020,31.6,32.15,32.15,31.0, 31.30,31.2,31.48,376340,118.49,1459, 240985, 64.03
INDUSINDBK, EQ, 26-Aug-2020,536.5,541.45,572.2,538.45, 568.50,567.65,556.54,26851878,149440.84,272262, 7012485, 26.12
INEOSSTYRO, EQ, 26-Aug-2020,537.8,538.15,543.8,532.1, 536.00,534.0,534.81,10978,58.71,525, 7538, 68.66
INFIBEAM, EQ, 26-Aug-2020,76.95,76.5,77.4,75.25, 76.40,76.15,76.41,628536,480.25,4448, 507683, 80.77
INFOBEAN, EQ, 26-Aug-2020,115.0,117.0,117.1,113.65, 115.95,116.7,115.38,46729,53.91,645, 31189, 66.74
INFRABEES, EQ, 26-Aug-2020,337.0,335.0,338.39,329.0, 336.00,337.63,334.88,298,1.0,42, 198, 66.44
INFRATEL, EQ, 26-Aug-2020,198.25,199.0,203.2,196.8, 200.60,200.5,200.53,4470838,8965.27,27249, 1056832, 23.64
INFY, EQ, 26-Aug-2020,938.1,941.25,954.25,938.4, 953.50,950.8,945.03,5153663,48703.5,114894, 2282594, 44.29
INGERRAND, EQ, 26-Aug-2020,651.8,658.0,660.95,637.0, 641.00,640.95,643.83,45023,289.87,2405, 24439, 54.28
INNOVATIVE, SM, 26-Aug-2020,7.6,7.7,7.7,7.7, 7.70,7.7,7.7,3000,0.23,1, 3000, 100.00
INOXLEISUR, EQ, 26-Aug-2020,291.5,291.5,299.2,290.1, 292.80,292.3,294.14,707008,2079.63,15568, 275803, 39.01
INOXWIND, EQ, 26-Aug-2020,46.9,47.1,49.2,45.6, 47.00,47.3,47.54,596909,283.78,4913, 243431, 40.78
INSECTICID, EQ, 26-Aug-2020,525.55,531.4,538.3,523.45, 528.00,527.25,529.32,77549,410.49,3451, 43424, 56.00
INSPIRISYS, EQ, 26-Aug-2020,33.0,32.25,36.3,31.2, 35.60,35.55,34.63,93519,32.39,682, 36222, 38.73
INTEGRA, BE, 26-Aug-2020,3.15,3.3,3.3,3.0, 3.00,3.0,3.18,7300,0.23,8, -, -
INTELLECT, EQ, 26-Aug-2020,186.2,187.6,188.25,181.45, 182.10,183.0,184.27,84514,155.73,1581, 60009, 71.00
INTENTECH, EQ, 26-Aug-2020,45.25,43.0,46.9,43.0, 43.00,43.0,43.1,113633,48.98,259, 96791, 85.18
INVENTURE, EQ, 26-Aug-2020,19.5,20.1,20.2,19.65, 19.65,19.65,19.78,35053,6.93,162, 26998, 77.02
IOB, EQ, 26-Aug-2020,10.85,10.8,11.1,10.75, 10.90,10.9,10.92,3931003,429.16,3083, 1434629, 36.50
IOC, EQ, 26-Aug-2020,88.3,88.8,88.85,87.6, 88.00,87.9,88.06,16122996,14198.48,37615, 5917691, 36.70
IOLCP, EQ, 26-Aug-2020,878.65,886.0,888.95,851.25, 852.95,856.55,867.26,1036215,8986.65,32294, 396942, 38.31
IPCALAB, EQ, 26-Aug-2020,2042.3,2053.0,2054.5,2001.0, 2021.00,2010.5,2019.03,198990,4017.68,17416, 100237, 50.37
IRB, EQ, 26-Aug-2020,125.75,126.8,131.7,125.0, 128.70,128.8,128.94,2150894,2773.43,13610, 944533, 43.91
IRBINVIT, IV, 26-Aug-2020,37.99,38.0,38.0,37.8, 38.00,37.95,37.98,157500,59.81,43, 147500, 93.65
IRCON, EQ, 26-Aug-2020,96.85,96.5,96.85,93.75, 94.40,94.45,94.83,1747619,1657.2,18005, 931481, 53.30
IRCTC, EQ, 26-Aug-2020,1341.75,1345.05,1387.2,1342.2, 1370.35,1369.3,1372.56,1102150,15127.67,41913, 268801, 24.39
IREDA, N1, 26-Aug-2020,1139.0,1125.6,1125.6,1125.6, 1125.60,1125.6,1125.6,1,0.01,1, 1, 100.00
IRFC, N1, 26-Aug-2020,1124.69,1124.0,1128.0,1117.64, 1126.50,1126.5,1126.16,124,1.4,8, 124, 100.00
IRFC, N2, 26-Aug-2020,1280.5,1279.0,1280.9,1279.0, 1280.80,1280.8,1280.78,510,6.53,4, 510, 100.00
IRFC, N7, 26-Aug-2020,1225.16,1370.0,1370.0,1370.0, 1370.00,1370.0,1370.0,10,0.14,1, 10, 100.00
IRFC, N8, 26-Aug-2020,1294.0,1298.98,1299.0,1298.98, 1299.00,1299.0,1299.0,610,7.92,2, 610, 100.00
IRFC, N9, 26-Aug-2020,1189.14,1184.99,1184.99,1184.99, 1184.99,1184.99,1184.99,5,0.06,1, 5, 100.00
IRFC, NA, 26-Aug-2020,1324.5,1324.0,1335.0,1304.6, 1335.00,1335.0,1317.99,130,1.71,4, 130, 100.00
IRFC, ND, 26-Aug-2020,1380.0,1126.6,1126.6,1126.6, 1126.60,1126.6,1126.6,50,0.56,1, 50, 100.00
IRFC, NE, 26-Aug-2020,1325.0,1324.17,1329.0,1320.0, 1324.00,1324.19,1323.04,373,4.93,14, 369, 98.93
IRFC, NI, 26-Aug-2020,1190.0,1170.2,1170.2,1165.09, 1165.09,1165.09,1165.34,238,2.77,6, 238, 100.00
IRFC, NJ, 26-Aug-2020,1285.01,1285.0,1289.95,1276.0, 1276.00,1276.37,1278.07,1667,21.31,23, 1204, 72.23
IRFC, NO, 26-Aug-2020,1300.0,1305.0,1305.0,1301.0, 1301.00,1301.0,1301.04,101,1.31,3, 101, 100.00
IRISDOREME, SM, 26-Aug-2020,110.0,110.0,110.0,110.0, 110.00,110.0,110.0,1600,1.76,1, 1600, 100.00
ISEC, EQ, 26-Aug-2020,504.7,507.0,512.4,492.9, 506.00,506.0,505.69,590316,2985.15,16557, 247257, 41.89
ISFT, EQ, 26-Aug-2020,84.3,88.5,88.5,88.5, 88.50,88.5,88.5,1491,1.32,15, 1491, 100.00
ISMTLTD, EQ, 26-Aug-2020,6.1,6.4,6.4,6.4, 6.40,6.4,6.4,122314,7.83,73, 107262, 87.69
ITC, EQ, 26-Aug-2020,195.4,196.5,196.55,193.65, 195.00,194.95,194.67,22631585,44056.6,127742, 11644882, 51.45
ITDC, EQ, 26-Aug-2020,239.25,242.9,242.9,231.45, 237.00,236.7,237.22,37176,88.19,1431, 19970, 53.72
ITDCEM, EQ, 26-Aug-2020,51.65,52.05,58.0,51.1, 57.00,56.25,55.82,3820157,2132.47,18996, 1756801, 45.99
ITI, EQ, 26-Aug-2020,138.7,138.45,140.8,137.05, 137.50,137.7,138.63,989180,1371.33,8934, 331167, 33.48
IVC, BE, 26-Aug-2020,4.0,4.0,4.15,3.95, 4.05,4.05,4.02,56030,2.25,102, -, -
IVP, EQ, 26-Aug-2020,48.6,48.9,49.8,48.1, 49.00,49.05,48.96,4129,2.02,100, 1639, 39.69
IVZINGOLD, EQ, 26-Aug-2020,4686.55,4788.0,4788.0,4665.0, 4675.00,4674.6,4675.99,265,12.39,23, 261, 98.49
IVZINNIFTY, EQ, 26-Aug-2020,1231.4,1241.55,1241.55,1241.55, 1241.55,1241.55,1241.55,90,1.12,1, 90, 100.00
IZMO, EQ, 26-Aug-2020,31.2,32.2,32.65,30.65, 32.65,32.05,31.74,11066,3.51,139, 7327, 66.21
J&KBANK, EQ, 26-Aug-2020,17.9,18.15,18.4,17.95, 18.15,18.15,18.19,1862136,338.65,3587, 1279742, 68.72
JAGRAN, EQ, 26-Aug-2020,41.05,41.05,42.0,41.05, 41.30,41.4,41.66,509311,212.18,2312, 342560, 67.26
JAGSNPHARM, EQ, 26-Aug-2020,41.7,42.0,42.25,40.4, 40.75,40.6,41.29,88066,36.36,692, 63398, 71.99
JAIBALAJI, EQ, 26-Aug-2020,20.7,20.5,21.25,20.0, 20.00,20.15,20.42,2426,0.5,25, 1902, 78.40
JAICORPLTD, EQ, 26-Aug-2020,96.1,96.5,99.2,95.1, 97.80,97.7,97.53,2255354,2199.61,12812, 356858, 15.82
JAIHINDPRO, BZ, 26-Aug-2020,1.35,1.35,1.35,1.3, 1.35,1.35,1.35,1167,0.02,4, -, -
JAINSTUDIO, BE, 26-Aug-2020,3.35,3.35,3.5,3.35, 3.50,3.5,3.37,6552,0.22,35, -, -
JAMNAAUTO, EQ, 26-Aug-2020,41.65,43.95,44.75,43.0, 44.00,44.05,44.08,1853701,817.06,9744, 935679, 50.48
JASH, EQ, 26-Aug-2020,167.2,171.3,171.35,160.0, 163.50,162.6,164.69,31396,51.71,264, 19790, 63.03
JAYAGROGN, EQ, 26-Aug-2020,108.8,113.4,113.8,103.5, 108.00,108.95,108.71,33081,35.96,752, 24178, 73.09
JAYBARMARU, EQ, 26-Aug-2020,227.25,229.65,234.0,225.0, 225.95,226.15,230.12,46663,107.38,1813, 26286, 56.33
JAYNECOIND, EQ, 26-Aug-2020,3.0,3.05,3.05,2.9, 3.05,3.05,3.0,27342,0.82,54, 25669, 93.88
JAYSREETEA, EQ, 26-Aug-2020,67.2,68.0,69.0,66.4, 66.60,66.9,67.34,104759,70.54,1162, 67437, 64.37
JBCHEPHARM, EQ, 26-Aug-2020,806.25,808.7,808.7,784.4, 796.80,791.05,799.85,192801,1542.12,8429, 139620, 72.42
JBFIND, EQ, 26-Aug-2020,9.85,9.9,10.05,9.4, 9.40,9.4,9.52,130699,12.44,2024, 98116, 75.07
JBMA, EQ, 26-Aug-2020,244.4,250.0,263.7,246.6, 249.90,250.0,255.83,164750,421.47,5172, 59147, 35.90
JCHAC, EQ, 26-Aug-2020,2127.0,2128.0,2439.8,2126.2, 2392.00,2395.35,2318.98,96234,2231.65,9868, 24947, 25.92
JETAIRWAYS, BZ, 26-Aug-2020,29.5,30.8,30.8,29.1, 29.70,29.55,29.9,43420,12.98,332, -, -
JHS, EQ, 26-Aug-2020,16.2,16.95,17.0,16.5, 17.00,17.0,16.96,209314,35.5,452, 147528, 70.48
JINDALPHOT, EQ, 26-Aug-2020,14.0,14.5,14.5,13.85, 14.05,14.0,14.12,15867,2.24,70, 10169, 64.09
JINDALPOLY, EQ, 26-Aug-2020,494.55,493.5,507.25,490.0, 502.20,498.05,499.63,105325,526.24,4249, 45237, 42.95
JINDALSAW, EQ, 26-Aug-2020,67.75,68.25,68.25,67.1, 67.50,67.65,67.6,942453,637.12,5452, 455872, 48.37
JINDALSTEL, EQ, 26-Aug-2020,222.0,222.0,224.8,220.05, 221.20,221.75,222.15,9382645,20843.6,62905, 2794674, 29.79
JINDRILL, EQ, 26-Aug-2020,76.45,77.35,78.6,75.45, 76.25,75.9,76.54,18133,13.88,408, 13926, 76.80
JINDWORLD, EQ, 26-Aug-2020,51.7,52.2,54.25,52.2, 53.50,53.05,53.15,38245,20.33,336, 24942, 65.22
JISLDVREQS, EQ, 26-Aug-2020,11.8,11.5,12.0,11.25, 11.65,11.45,11.63,98157,11.41,375, 67539, 68.81
JISLJALEQS, EQ, 26-Aug-2020,11.9,12.0,12.05,11.35, 11.40,11.4,11.53,3863401,445.57,3629, 2943592, 76.19
JITFINFRA, BE, 26-Aug-2020,7.7,7.7,8.05,7.35, 7.80,7.95,7.87,11589,0.91,46, -, -
JIYAECO, EQ, 26-Aug-2020,11.9,11.5,12.2,11.35, 11.35,11.35,11.39,279168,31.8,421, 233127, 83.51
JKCEMENT, EQ, 26-Aug-2020,1496.15,1497.0,1509.9,1480.5, 1497.80,1496.9,1495.76,59551,890.74,3775, 47050, 79.01
JKIL, EQ, 26-Aug-2020,122.3,124.45,124.9,121.65, 122.40,122.65,123.82,266569,330.05,3473, 167913, 62.99
JKLAKSHMI, EQ, 26-Aug-2020,283.65,286.75,286.75,278.35, 279.90,280.85,283.24,211076,597.85,4662, 140183, 66.41
JKPAPER, EQ, 26-Aug-2020,98.1,98.1,99.8,98.0, 98.40,98.55,98.89,893670,883.75,6065, 384573, 43.03
JKTYRE, EQ, 26-Aug-2020,60.1,60.8,63.4,60.5, 62.75,62.8,62.5,6106462,3816.54,22276, 1773989, 29.05
JMA, EQ, 26-Aug-2020,27.6,28.35,33.1,27.7, 33.10,33.1,32.1,401038,128.74,1905, 117432, 29.28
JMCPROJECT, EQ, 26-Aug-2020,53.4,61.0,62.35,59.0, 60.15,60.1,60.3,1854571,1118.27,12930, 664893, 35.85
JMFINANCIL, EQ, 26-Aug-2020,81.0,81.65,85.1,80.5, 82.75,82.75,83.42,2642174,2204.09,14309, 1036176, 39.22
JMTAUTOLTD, EQ, 26-Aug-2020,3.35,3.45,3.5,3.35, 3.45,3.45,3.44,660198,22.69,881, 491387, 74.43
JOCIL, EQ, 26-Aug-2020,204.5,209.55,209.55,199.45, 202.00,201.45,203.2,27625,56.13,971, 18837, 68.19
JPASSOCIAT, EQ, 26-Aug-2020,4.05,4.05,4.15,3.95, 4.05,4.0,4.01,5827209,233.88,2781, 4334056, 74.38
JPINFRATEC, EQ, 26-Aug-2020,1.35,1.35,1.4,1.3, 1.40,1.35,1.36,1765378,24.08,633, 792955, 44.92
JPOLYINVST, EQ, 26-Aug-2020,18.75,18.95,19.0,17.9, 17.95,17.95,18.47,1909,0.35,19, 1122, 58.77
JPPOWER, EQ, 26-Aug-2020,3.05,3.05,3.1,2.95, 3.00,3.0,3.02,14943430,451.27,2321, 6840221, 45.77
JSL, EQ, 26-Aug-2020,49.8,50.3,52.3,49.35, 51.20,51.15,51.09,1372444,701.25,4227, 773549, 56.36
JSLHISAR, EQ, 26-Aug-2020,99.35,99.35,108.9,97.0, 105.00,104.75,104.71,1187823,1243.79,11360, 549737, 46.28
JSWENERGY, EQ, 26-Aug-2020,57.65,58.15,58.6,56.65, 56.85,56.85,57.36,1452667,833.23,6113, 804016, 55.35
JSWHL, EQ, 26-Aug-2020,2448.4,2448.4,2490.0,2382.1, 2488.00,2468.05,2426.71,2054,49.84,183, 1792, 87.24
JSWSTEEL, EQ, 26-Aug-2020,284.9,285.5,286.85,283.15, 285.30,286.2,285.57,5278655,15074.39,37719, 1601749, 30.34
JTEKTINDIA, EQ, 26-Aug-2020,84.75,86.0,91.8,82.8, 88.30,88.55,88.59,1929049,1708.96,14307, 655851, 34.00
JUBILANT, EQ, 26-Aug-2020,833.3,835.0,880.0,835.0, 849.00,850.9,857.69,1184077,10155.72,33852, 272004, 22.97
JUBLFOOD, EQ, 26-Aug-2020,2106.85,2105.05,2147.95,2069.5, 2075.50,2077.05,2100.25,1209759,25407.97,47101, 272518, 22.53
JUBLINDS, EQ, 26-Aug-2020,165.3,168.9,168.9,163.0, 164.30,164.6,166.08,39094,64.93,1233, 17265, 44.16
JUMPNET, EQ, 26-Aug-2020,96.1,97.0,97.9,95.05, 96.50,96.2,96.38,1547450,1491.39,14015, 627234, 40.53
JUNIORBEES, EQ, 26-Aug-2020,290.59,334.2,334.2,289.26, 291.02,290.64,290.72,29128,84.68,1629, 18059, 62.00
JUSTDIAL, EQ, 26-Aug-2020,376.05,375.0,381.55,373.6, 379.90,379.4,378.7,715725,2710.44,14798, 203662, 28.46
JVLAGRO, BZ, 26-Aug-2020,0.85,0.9,0.9,0.8, 0.80,0.8,0.8,319435,2.57,92, -, -
JYOTHYLAB, EQ, 26-Aug-2020,146.05,147.0,151.1,145.1, 148.85,148.7,148.44,485338,720.42,5639, 167247, 34.46
KABRAEXTRU, EQ, 26-Aug-2020,75.55,75.55,81.0,74.0, 77.65,76.55,77.01,21626,16.65,289, 14175, 65.55
KAJARIACER, EQ, 26-Aug-2020,473.05,475.45,489.6,470.1, 478.95,475.7,478.04,714481,3415.51,7505, 473782, 66.31
KAKATCEM, EQ, 26-Aug-2020,178.25,180.0,180.7,171.1, 173.25,173.6,174.5,30447,53.13,1209, 17772, 58.37
KALPATPOWR, EQ, 26-Aug-2020,273.1,282.0,291.0,279.95, 282.00,281.7,285.05,815523,2324.67,14565, 350883, 43.03
KALYANIFRG, BE, 26-Aug-2020,161.3,154.05,161.45,154.0, 157.80,157.8,156.19,715,1.12,20, -, -
KAMATHOTEL, EQ, 26-Aug-2020,34.1,33.95,34.5,33.6, 33.95,33.85,34.16,66010,22.55,564, 40447, 61.27
KAMDHENU, EQ, 26-Aug-2020,86.95,88.45,89.9,82.7, 82.85,83.25,85.05,54098,46.01,785, 31030, 57.36
KANANIIND, EQ, 26-Aug-2020,4.0,3.85,3.95,3.8, 3.80,3.8,3.82,5412,0.21,20, 2912, 53.81
KANORICHEM, EQ, 26-Aug-2020,41.5,41.5,42.0,40.85, 41.05,41.15,41.28,47599,19.65,291, 39714, 83.43
KANSAINER, EQ, 26-Aug-2020,469.75,469.75,481.0,468.0, 478.00,476.6,475.66,212132,1009.03,8460, 162271, 76.50
KAPSTON, EQ, 26-Aug-2020,87.65,94.7,94.7,83.25, 87.65,87.1,88.24,1908,1.68,94, 1550, 81.24
KARDA, BE, 26-Aug-2020,91.2,92.0,92.45,88.6, 90.00,89.55,89.84,25728,23.11,200, -, -
KARMAENG, EQ, 26-Aug-2020,12.0,11.6,12.4,11.6, 12.15,12.1,11.99,725,0.09,24, 624, 86.07
KARURVYSYA, EQ, 26-Aug-2020,39.25,39.8,42.65,39.3, 40.55,40.2,41.02,17133646,7028.68,38798, 7285691, 42.52
KAUSHALYA, BE, 26-Aug-2020,2.0,2.1,2.1,2.1, 2.10,2.1,2.1,7664,0.16,13, -, -
KAYA, EQ, 26-Aug-2020,243.65,243.5,246.45,235.1, 240.50,240.1,240.23,23744,57.04,1173, 15402, 64.87
KCP, EQ, 26-Aug-2020,66.6,67.4,68.25,66.0, 66.25,66.25,67.04,208003,139.44,1434, 134969, 64.89
KCPSUGIND, EQ, 26-Aug-2020,15.95,16.1,16.1,15.65, 15.70,15.8,15.83,108491,17.18,399, 75820, 69.89
KDDL, EQ, 26-Aug-2020,151.5,152.9,156.75,147.2, 151.50,151.75,153.12,10774,16.5,292, 7572, 70.28
KEC, EQ, 26-Aug-2020,325.15,327.35,329.6,321.05, 326.60,327.1,325.64,270815,881.88,6705, 152370, 56.26
KECL, EQ, 26-Aug-2020,13.1,13.75,13.75,12.85, 13.10,13.15,13.48,283547,38.23,641, 188346, 66.42
KEI, EQ, 26-Aug-2020,398.7,401.15,402.95,390.0, 397.50,398.25,398.55,193856,772.61,8396, 99246, 51.20
KELLTONTEC, EQ, 26-Aug-2020,25.8,27.05,27.05,27.05, 27.05,27.05,27.05,39544,10.7,89, 39544, 100.00
KENNAMET, EQ, 26-Aug-2020,827.75,845.9,845.9,817.0, 833.80,824.2,829.99,4629,38.42,502, 2985, 64.48
KERNEX, BE, 26-Aug-2020,19.35,19.2,19.95,18.85, 18.85,18.9,19.23,1499,0.29,22, -, -
KESORAMIND, EQ, 26-Aug-2020,43.05,43.25,45.0,42.7, 44.55,44.6,44.12,501354,221.19,2930, 243734, 48.62
KEYFINSERV, EQ, 26-Aug-2020,42.0,40.9,42.9,40.1, 41.10,41.1,41.68,1405,0.59,25, 1330, 94.66
KGL, BZ, 26-Aug-2020,0.4,0.35,0.4,0.35, 0.35,0.4,0.36,770270,2.79,104, -, -
KHADIM, EQ, 26-Aug-2020,123.95,123.05,128.85,122.5, 127.20,126.65,126.29,109833,138.7,2737, 50515, 45.99
KHANDSE, EQ, 26-Aug-2020,9.75,9.25,9.85,9.25, 9.75,9.75,9.78,570,0.06,8, 506, 88.77
KICL, EQ, 26-Aug-2020,1470.7,1467.0,1590.0,1456.05, 1530.05,1572.15,1530.41,2265,34.66,334, 1585, 69.98
KILITCH, EQ, 26-Aug-2020,95.55,95.45,97.75,93.45, 94.90,95.3,95.0,14245,13.53,419, 6798, 47.72
KINGFA, EQ, 26-Aug-2020,481.2,482.15,487.0,476.0, 484.50,484.6,481.09,7359,35.4,560, 4445, 60.40
KIOCL, EQ, 26-Aug-2020,147.6,151.8,151.85,143.6, 145.50,145.1,148.37,119449,177.23,1742, 88007, 73.68
KIRIINDUS, EQ, 26-Aug-2020,562.1,570.0,602.95,555.2, 578.50,580.85,584.67,880525,5148.18,22128, 232322, 26.38
KIRLFER, EQ, 26-Aug-2020,90.55,90.0,93.8,88.55, 92.00,91.4,91.64,104283,95.56,1587, 69057, 66.22
KIRLOSBROS, EQ, 26-Aug-2020,129.45,130.5,140.9,129.1, 135.40,135.7,135.94,447411,608.22,8646, 189279, 42.31
KIRLOSENG, EQ, 26-Aug-2020,117.95,119.9,123.8,115.55, 116.35,116.25,119.15,633369,754.65,9226, 401695, 63.42
KIRLOSIND, EQ, 26-Aug-2020,671.15,669.95,676.95,652.0, 674.00,672.05,667.88,4833,32.28,219, 4422, 91.50
KITEX, EQ, 26-Aug-2020,106.65,108.0,108.0,106.5, 106.60,106.75,107.1,110038,117.85,1513, 75412, 68.53
KKCL, EQ, 26-Aug-2020,811.65,805.05,824.4,805.0, 805.00,809.35,813.98,1400,11.4,284, 913, 65.21
KMSUGAR, EQ, 26-Aug-2020,13.7,14.15,14.15,12.8, 13.45,13.3,13.26,440139,58.38,1160, 310744, 70.60
KNRCON, EQ, 26-Aug-2020,266.2,268.1,272.5,261.0, 263.00,264.15,267.36,1067294,2853.57,19274, 312823, 29.31
KOHINOOR, BZ, 26-Aug-2020,11.0,11.3,11.5,11.0, 11.15,11.15,11.32,10630,1.2,55, -, -
KOKUYOCMLN, EQ, 26-Aug-2020,61.1,60.65,64.25,60.2, 61.50,61.25,62.18,580908,361.21,3946, 232908, 40.09
KOLTEPATIL, EQ, 26-Aug-2020,178.55,179.45,183.0,177.35, 177.50,178.05,179.24,139279,249.65,3021, 63206, 45.38
KOPRAN, EQ, 26-Aug-2020,74.3,75.8,78.0,75.0, 75.90,76.0,76.98,929272,715.38,4842, 487795, 52.49
KOTAKBANK, EQ, 26-Aug-2020,1400.1,1410.0,1441.65,1403.2, 1440.70,1436.7,1422.98,5718774,81377.05,129864, 2634770, 46.07
KOTAKBKETF, EQ, 26-Aug-2020,233.08,233.5,237.0,233.5, 236.98,236.16,235.07,2800432,6582.93,2089, 163891, 5.85
KOTAKGOLD, EQ, 26-Aug-2020,451.7,478.8,478.8,448.1, 449.70,449.9,450.48,62013,279.36,1125, 50348, 81.19
KOTAKNIFTY, EQ, 26-Aug-2020,119.12,119.55,120.0,119.02, 119.99,119.98,119.39,68363,81.62,477, 53907, 78.85
KOTAKNV20, EQ, 26-Aug-2020,59.5,59.8,60.39,59.05, 60.00,60.11,59.54,46846,27.89,96, 44685, 95.39
KOTAKPSUBK, EQ, 26-Aug-2020,148.45,149.5,150.0,146.06, 147.67,149.14,148.45,6188,9.19,152, 4768, 77.05
KOTARISUG, EQ, 26-Aug-2020,15.9,16.0,16.05,15.25, 15.60,15.75,15.73,258072,40.59,649, 188946, 73.21
KOTHARIPET, EQ, 26-Aug-2020,16.05,16.0,16.35,15.65, 16.25,16.2,16.12,62016,10.0,162, 50512, 81.45
KOTHARIPRO, EQ, 26-Aug-2020,66.4,66.0,67.3,65.25, 66.80,66.45,66.15,9366,6.2,155, 6581, 70.26
KPITTECH, EQ, 26-Aug-2020,82.7,82.7,94.3,82.05, 93.00,91.7,89.98,2166045,1948.95,12612, 789951, 36.47
KPRMILL, EQ, 26-Aug-2020,553.6,558.05,578.15,553.05, 561.20,562.7,566.19,53068,300.47,3682, 39937, 75.26
KRBL, EQ, 26-Aug-2020,288.35,289.7,290.0,284.75, 287.05,287.6,287.54,109202,314.0,2247, 68639, 62.86
KREBSBIO, EQ, 26-Aug-2020,86.05,85.55,87.75,85.4, 85.65,85.75,86.69,8171,7.08,172, 5509, 67.42
KRIDHANINF, EQ, 26-Aug-2020,3.75,3.9,3.9,3.9, 3.90,3.9,3.9,17128,0.67,48, 17128, 100.00
KRISHANA, BE, 26-Aug-2020,57.0,57.0,57.0,54.25, 57.00,57.0,56.73,505,0.29,8, -, -
KSB, EQ, 26-Aug-2020,548.4,558.9,564.0,553.5, 557.00,556.4,559.42,62631,350.37,3360, 42000, 67.06
KSCL, EQ, 26-Aug-2020,638.7,642.5,645.95,626.25, 629.55,634.65,639.14,346054,2211.77,11247, 146251, 42.26
KSERASERA, BE, 26-Aug-2020,0.25,0.25,0.3,0.25, 0.30,0.3,0.28,1427516,3.96,349, -, -
KSHITIJPOL, SM, 26-Aug-2020,23.75,24.25,24.25,24.25, 24.25,24.25,24.25,16000,3.88,1, 16000, 100.00
KSK, BE, 26-Aug-2020,0.5,0.5,0.5,0.45, 0.45,0.5,0.48,300492,1.43,104, -, -
KSL, EQ, 26-Aug-2020,230.55,232.0,234.4,228.3, 231.40,231.0,230.59,248999,574.16,4127, 190667, 76.57
KSOLVES, SM, 26-Aug-2020,162.0,194.0,194.0,151.0, 151.00,172.5,172.5,2400,4.14,2, 2400, 100.00
KTKBANK, EQ, 26-Aug-2020,49.0,49.3,49.9,49.0, 49.25,49.3,49.4,2939656,1452.27,8716, 1292564, 43.97
KUANTUM, EQ, 26-Aug-2020,50.65,50.65,51.9,50.05, 50.15,50.55,51.05,14552,7.43,191, 9472, 65.09
KWALITY, EQ, 26-Aug-2020,3.25,3.2,3.3,3.15, 3.20,3.2,3.21,291909,9.38,469, 233960, 80.15
L&TFH, EQ, 26-Aug-2020,68.05,68.35,72.1,68.0, 71.85,71.7,70.58,33721397,23801.45,101764, 11716441, 34.74
L&TFINANCE, N8, 26-Aug-2020,1080.0,1095.0,1095.0,1095.0, 1095.00,1095.0,1095.0,5,0.05,1, 5, 100.00
L&TFINANCE, NE, 26-Aug-2020,1080.0,1080.0,1084.99,1080.0, 1080.00,1080.0,1080.1,102,1.1,3, 102, 100.00
L&TFINANCE, NG, 26-Aug-2020,1200.0,1200.0,1200.0,1200.0, 1200.00,1200.0,1200.0,200,2.4,1, 200, 100.00
L&TFINANCE, NK, 26-Aug-2020,1050.0,1041.5,1041.5,1041.5, 1041.50,1041.5,1041.5,37,0.39,1, 37, 100.00
L&TFINANCE, NQ, 26-Aug-2020,1075.0,1126.0,1126.0,1126.0, 1126.00,1126.0,1126.0,20,0.23,1, 20, 100.00
L&TFINANCE, NS, 26-Aug-2020,1189.95,1190.0,1190.0,1190.0, 1190.00,1190.0,1190.0,50,0.6,2, 50, 100.00
L&TFINANCE, NY, 26-Aug-2020,1062.56,1062.56,1062.56,1062.56, 1062.56,1062.56,1062.56,20,0.21,2, 20, 100.00
L&TFINANCE, Y1, 26-Aug-2020,1088.0,1085.0,1085.0,1072.0, 1072.00,1072.0,1083.56,225,2.44,3, 225, 100.00
L&TFINANCE, Y3, 26-Aug-2020,1020.1,1020.4,1030.0,1020.1, 1029.00,1029.0,1023.66,345,3.53,8, 247, 71.59
L&TFINANCE, Y9, 26-Aug-2020,1120.0,1125.0,1125.0,1122.0, 1122.00,1122.0,1124.59,138,1.55,3, 119, 86.23
L&TINFRA, N1, 26-Aug-2020,1046.01,1050.01,1051.25,1050.01, 1051.20,1051.2,1050.46,37,0.39,5, 37, 100.00
L&TINFRA, N2, 26-Aug-2020,2059.55,2059.6,2062.99,2031.01, 2053.11,2053.11,2042.23,29,0.59,5, 29, 100.00
L&TINFRA, N3, 26-Aug-2020,1047.46,1049.0,1049.0,1048.6, 1049.00,1049.0,1048.78,55,0.58,4, 55, 100.00
L&TINFRA, N4, 26-Aug-2020,2010.01,2010.01,2011.1,2010.01, 2011.10,2011.1,2010.66,35,0.7,3, 35, 100.00
L&TINFRA, N5, 26-Aug-2020,1029.99,1033.98,1033.98,1030.0, 1032.00,1032.0,1031.79,29,0.3,3, 29, 100.00
L&TINFRA, N6, 26-Aug-2020,2114.75,2110.5,2111.5,2110.5, 2111.50,2111.5,2111.0,60,1.27,3, 60, 100.00
LAKPRE, BZ, 26-Aug-2020,4.9,4.9,5.1,4.9, 5.10,5.1,5.01,3468,0.17,15, -, -
LAKSHVILAS, EQ, 26-Aug-2020,21.5,21.5,22.0,21.0, 21.65,21.4,21.38,1045685,223.55,1992, 667039, 63.79
LALPATHLAB, EQ, 26-Aug-2020,1841.2,1842.0,1876.75,1837.0, 1846.00,1851.75,1850.86,188572,3490.2,10659, 127958, 67.86
LAMBODHARA, EQ, 26-Aug-2020,35.15,35.55,35.6,34.15, 34.60,34.4,34.59,18349,6.35,226, 12929, 70.46
LAOPALA, EQ, 26-Aug-2020,229.9,228.0,251.85,220.0, 244.00,244.35,241.06,2000000,4821.28,25914, 547351, 27.37
LASA, EQ, 26-Aug-2020,60.8,60.75,63.8,59.95, 63.80,63.8,63.22,320223,202.43,1842, 182282, 56.92
LAURUSLABS, EQ, 26-Aug-2020,1155.6,1158.0,1165.7,1106.1, 1155.00,1149.75,1142.9,757283,8655.01,31650, 305279, 40.31
LAXMIMACH, EQ, 26-Aug-2020,3303.55,3330.0,3344.8,3276.1, 3333.00,3334.0,3307.06,3706,122.56,882, 2024, 54.61
LEMONTREE, EQ, 26-Aug-2020,30.3,30.75,31.25,30.2, 30.75,30.75,30.67,1390046,426.32,4265, 713827, 51.35
LFIC, EQ, 26-Aug-2020,58.1,58.0,61.0,55.2, 58.95,56.65,57.63,3763,2.17,57, 2153, 57.21
LGBBROSLTD, EQ, 26-Aug-2020,249.6,260.0,287.9,260.0, 275.60,277.5,276.11,596222,1646.21,14584, 181249, 30.40
LGBFORGE, EQ, 26-Aug-2020,2.5,2.6,2.6,2.45, 2.60,2.6,2.56,59985,1.54,88, 46568, 77.63
LIBAS, EQ, 26-Aug-2020,34.2,35.8,36.3,34.8, 36.20,35.95,35.5,87888,31.2,549, 52932, 60.23
LIBERTSHOE, EQ, 26-Aug-2020,144.15,145.0,160.8,143.5, 159.60,157.15,154.44,1281492,1979.08,16593, 627291, 48.95
LICHSGFIN, EQ, 26-Aug-2020,299.0,305.0,305.0,295.85, 298.30,298.05,300.15,7073726,21232.0,79734, 1957541, 27.67
LICNETFGSC, EQ, 26-Aug-2020,21.13,21.45,21.45,21.05, 21.20,21.21,21.22,4129,0.88,57, 3777, 91.47
LICNETFN50, EQ, 26-Aug-2020,117.71,120.0,122.49,120.0, 121.99,121.53,121.63,347,0.42,52, 256, 73.78
LICNETFSEN, EQ, 26-Aug-2020,406.07,406.0,418.92,393.6, 403.00,403.0,409.67,97,0.4,17, 53, 54.64
LICNFNHGP, EQ, 26-Aug-2020,120.88,117.0,121.6,117.0, 121.59,121.59,120.46,98,0.12,27, 47, 47.96
LINCOLN, EQ, 26-Aug-2020,237.7,237.1,247.45,237.1, 245.60,245.5,244.06,274528,670.01,6121, 119230, 43.43
LINCPEN, EQ, 26-Aug-2020,187.4,182.85,188.4,175.4, 183.40,183.2,181.1,41351,74.89,995, 20152, 48.73
LINDEINDIA, EQ, 26-Aug-2020,763.55,777.95,777.95,757.0, 763.00,760.15,764.36,53629,409.92,2902, 32618, 60.82
LIQUIDBEES, EQ, 26-Aug-2020,1000.0,1000.01,1000.01,997.3, 1000.00,1000.0,1000.0,890163,8901.61,3742, 762694, 85.68
LIQUIDETF, EQ, 26-Aug-2020,1000.0,1000.01,1000.01,999.99, 1000.00,1000.0,1000.0,43976,439.76,114, 27755, 63.11
LOKESHMACH, EQ, 26-Aug-2020,22.75,22.75,24.1,22.6, 24.00,23.9,23.69,50505,11.97,417, 35535, 70.36
LOTUSEYE, EQ, 26-Aug-2020,35.05,35.0,38.0,34.6, 37.00,37.35,36.77,248443,91.34,1457, 119259, 48.00
LOVABLE, EQ, 26-Aug-2020,64.0,64.0,71.8,63.1, 69.90,69.5,68.64,231324,158.78,2398, 102590, 44.35
LPDC, EQ, 26-Aug-2020,1.4,1.45,1.45,1.4, 1.45,1.45,1.44,9110,0.13,13, 8610, 94.51
LSIL, EQ, 26-Aug-2020,0.8,0.8,0.85,0.8, 0.80,0.8,0.82,1267927,10.35,319, 760516, 59.98
LT, EQ, 26-Aug-2020,980.4,987.0,988.0,965.0, 970.00,968.95,970.56,4482342,43503.68,142012, 2528073, 56.40
LTI, EQ, 26-Aug-2020,2343.25,2363.65,2498.9,2346.8, 2468.00,2471.65,2455.51,307900,7560.51,35932, 117768, 38.25
LTMFEOF2R, MF, 26-Aug-2020,10.01,10.02,10.25,10.02, 10.25,10.25,10.04,1050,0.11,3, 1050, 100.00
LTMFEOFR, MF, 26-Aug-2020,8.35,8.35,8.35,8.35, 8.35,8.35,8.35,1000,0.08,1, 1000, 100.00
LTTS, EQ, 26-Aug-2020,1545.0,1559.0,1559.0,1521.2, 1540.00,1540.55,1537.05,89903,1381.85,12699, 53334, 59.32
LUMAXIND, EQ, 26-Aug-2020,1608.75,1640.0,1650.0,1608.8, 1649.95,1641.0,1636.53,7327,119.91,1189, 4347, 59.33
LUMAXTECH, EQ, 26-Aug-2020,104.4,107.75,108.0,103.45, 104.60,105.15,106.47,98475,104.85,1774, 60196, 61.13
LUPIN, EQ, 26-Aug-2020,972.15,979.1,986.2,964.0, 977.05,978.75,975.56,3859420,37650.86,60037, 864909, 22.41
LUXIND, EQ, 26-Aug-2020,1331.5,1338.2,1380.0,1331.0, 1349.00,1356.95,1347.97,75494,1017.63,3941, 19502, 25.83
LYKALABS, EQ, 26-Aug-2020,20.55,21.0,21.5,20.7, 21.30,21.3,21.12,40248,8.5,482, 32358, 80.40
LYPSAGEMS, EQ, 26-Aug-2020,3.35,3.5,3.5,3.35, 3.50,3.5,3.5,10125,0.35,29, 9225, 91.11
M&M, EQ, 26-Aug-2020,609.35,613.0,625.5,610.5, 615.75,613.35,619.04,5814797,35996.07,84966, 1660820, 28.56
M&MFIN, EQ, 26-Aug-2020,137.35,138.5,144.0,137.7, 143.40,142.85,141.36,20871788,29504.09,100180, 7050230, 33.78
M&MFIN, N1, 26-Aug-2020,1080.0,1080.0,1080.0,1080.0, 1080.00,1080.0,1080.0,10,0.11,2, 10, 100.00
M&MFIN, N2, 26-Aug-2020,1086.88,1089.98,1089.98,1084.01, 1084.01,1085.79,1087.75,285,3.1,9, 285, 100.00
M100, EQ, 26-Aug-2020,18.18,18.55,18.55,18.11, 18.16,18.19,18.26,25393,4.64,249, 21359, 84.11
M15RG, MF, 26-Aug-2020,5.11,5.62,5.62,5.62, 5.62,5.62,5.62,300,0.02,3, 300, 100.00
M17RG, MF, 26-Aug-2020,5.16,5.6,5.6,5.6, 5.60,5.6,5.6,200,0.01,1, 200, 100.00
M50, EQ, 26-Aug-2020,111.5,113.0,113.11,111.2, 113.11,113.1,112.01,3407,3.82,45, 2729, 80.10
MAANALU, EQ, 26-Aug-2020,65.9,68.5,68.5,66.5, 67.95,67.6,67.22,12603,8.47,208, 9954, 78.98
MACPOWER, EQ, 26-Aug-2020,64.45,67.65,67.65,67.65, 67.65,67.65,67.65,830,0.56,3, 830, 100.00
MADHAV, EQ, 26-Aug-2020,25.4,24.6,26.35,24.6, 25.60,25.6,25.14,2911,0.73,34, 2306, 79.22
MADHUCON, EQ, 26-Aug-2020,2.75,2.8,2.85,2.75, 2.85,2.85,2.84,42974,1.22,28, 40174, 93.48
MADRASFERT, EQ, 26-Aug-2020,19.15,19.35,19.45,19.0, 19.25,19.15,19.23,88872,17.09,396, 51559, 58.01
MAGADSUGAR, EQ, 26-Aug-2020,128.65,129.6,129.6,125.15, 125.30,125.7,126.63,9947,12.6,323, 7754, 77.95
MAGMA, EQ, 26-Aug-2020,35.3,35.3,38.8,35.3, 37.30,38.35,37.44,2815646,1054.23,5056, 1483443, 52.69
MAGMA, N6, 26-Aug-2020,1099.95,880.0,995.0,880.0, 982.50,982.5,968.5,43,0.42,12, 38, 88.37
MAGNUM, EQ, 26-Aug-2020,5.75,5.55,6.0,5.55, 5.60,5.65,5.79,24200,1.4,49, 21575, 89.15
MAHABANK, EQ, 26-Aug-2020,14.75,15.0,15.15,14.1, 14.30,14.35,14.54,6425764,934.27,8605, 3351941, 52.16
MAHAPEXLTD, BE, 26-Aug-2020,66.05,64.0,68.5,62.75, 62.75,62.75,63.15,3249,2.05,30, -, -
MAHASTEEL, EQ, 26-Aug-2020,114.8,114.5,116.2,112.0, 113.60,112.7,112.86,10890,12.29,240, 6317, 58.01
MAHEPC, EQ, 26-Aug-2020,164.35,162.2,167.7,162.2, 165.00,166.05,164.79,54247,89.39,1611, 26642, 49.11
MAHESHWARI, EQ, 26-Aug-2020,166.45,168.0,169.9,163.15, 167.95,167.55,167.41,46355,77.6,244, 7806, 16.84
MAHICKRA, SM, 26-Aug-2020,75.1,74.85,74.9,74.85, 74.90,74.85,74.88,3000,2.25,2, 3000, 100.00
MAHINDCIE, EQ, 26-Aug-2020,144.4,153.0,153.0,148.0, 150.75,150.45,150.53,348465,524.54,6783, 202658, 58.16
MAHLIFE, EQ, 26-Aug-2020,272.8,274.2,279.6,271.4, 272.50,272.9,274.73,22686,62.32,1276, 14924, 65.79
MAHLOG, EQ, 26-Aug-2020,362.5,359.55,369.8,359.0, 365.00,365.3,364.84,67956,247.93,3420, 43897, 64.60
MAHSCOOTER, EQ, 26-Aug-2020,3198.2,3220.0,3318.95,3205.0, 3218.95,3229.05,3264.89,30951,1010.52,3579, 13996, 45.22
MAHSEAMLES, EQ, 26-Aug-2020,246.15,247.05,254.8,246.5, 247.00,248.4,249.82,105784,264.27,2501, 54678, 51.69
MAITHANALL, EQ, 26-Aug-2020,571.6,574.5,579.0,564.05, 565.95,566.55,570.48,37188,212.15,2933, 20634, 55.49
MAJESCO, EQ, 26-Aug-2020,749.8,754.0,787.25,747.95, 769.65,773.55,771.3,431134,3325.33,12357, 188600, 43.75
MALUPAPER, EQ, 26-Aug-2020,28.65,28.75,29.15,28.4, 28.70,28.75,28.75,17937,5.16,125, 9228, 51.45
MAN50ETF, EQ, 26-Aug-2020,116.31,117.5,119.5,116.5, 117.70,117.69,116.8,420001,490.58,75, 406488, 96.78
MANAKALUCO, EQ, 26-Aug-2020,9.4,9.1,9.4,9.1, 9.15,9.15,9.23,12928,1.19,81, 10135, 78.40
MANAKCOAT, EQ, 26-Aug-2020,4.35,4.2,4.45,4.15, 4.45,4.45,4.18,20299,0.85,79, 15020, 73.99
MANAKSIA, EQ, 26-Aug-2020,40.15,40.05,46.9,40.0, 43.70,43.7,43.87,532894,233.81,3298, 218933, 41.08
MANAKSTEEL, EQ, 26-Aug-2020,9.6,9.6,9.7,9.45, 9.60,9.6,9.6,52799,5.07,68, 50576, 95.79
MANALIPETC, EQ, 26-Aug-2020,25.1,25.35,26.3,24.4, 25.05,25.15,25.37,2230790,566.02,5682, 1041278, 46.68
MANAPPURAM, EQ, 26-Aug-2020,159.1,160.3,161.15,157.5, 158.50,158.0,158.73,6513612,10339.37,29617, 2359172, 36.22
MANGALAM, EQ, 26-Aug-2020,147.6,153.5,154.95,149.0, 154.95,154.95,153.61,74466,114.39,674, 58184, 78.13
MANGCHEFER, EQ, 26-Aug-2020,34.6,34.6,35.9,34.6, 34.90,35.0,35.02,434714,152.25,2685, 283767, 65.28
MANGLMCEM, EQ, 26-Aug-2020,214.95,217.9,217.9,209.5, 211.20,210.65,212.9,88758,188.97,1850, 60477, 68.14
MANGTIMBER, EQ, 26-Aug-2020,8.7,8.35,8.95,8.35, 8.90,8.9,8.68,3932,0.34,24, 2572, 65.41
MANINDS, EQ, 26-Aug-2020,63.35,63.35,64.9,62.5, 63.80,63.75,63.62,348166,221.5,2735, 191563, 55.02
MANINFRA, EQ, 26-Aug-2020,28.4,28.65,28.65,27.6, 27.85,27.7,27.84,519882,144.73,2138, 344571, 66.28
MANUGRAPH, EQ, 26-Aug-2020,11.2,11.0,11.35,11.0, 11.20,11.0,11.05,1532,0.17,67, 1401, 91.45
MANXT50, EQ, 26-Aug-2020,279.0,279.4,280.6,278.4, 279.90,278.95,278.74,614,1.71,17, 540, 87.95
MARALOVER, EQ, 26-Aug-2020,13.8,13.7,14.75,13.45, 14.00,14.25,13.94,18079,2.52,132, 12536, 69.34
MARATHON, EQ, 26-Aug-2020,56.1,56.5,58.9,56.35, 58.90,58.9,57.78,21453,12.39,383, 17252, 80.42
MARICO, EQ, 26-Aug-2020,369.2,369.8,372.0,366.6, 371.55,370.2,368.82,1781351,6569.96,22188, 1008097, 56.59
MARINE, SM, 26-Aug-2020,106.9,100.05,108.0,100.05, 106.10,106.8,103.33,262000,270.73,29, 110000, 41.98
MARKSANS, EQ, 26-Aug-2020,53.25,54.0,54.25,51.0, 51.10,51.4,51.92,2340592,1215.35,8631, 1329438, 56.80
MARSHALL, SM, 26-Aug-2020,8.9,8.5,8.6,8.5, 8.60,8.6,8.54,12000,1.02,4, 9000, 75.00
MARUTI, EQ, 26-Aug-2020,7109.95,7110.0,7158.0,6972.0, 7017.05,7008.65,7059.2,992395,70055.15,91608, 327710, 33.02
MASFIN, EQ, 26-Aug-2020,792.15,805.0,835.0,789.85, 818.00,815.5,815.82,31625,258.0,1579, 20209, 63.90
MASKINVEST, BE, 26-Aug-2020,57.4,59.5,59.5,59.5, 59.50,59.5,59.5,200,0.12,1, -, -
MASTEK, EQ, 26-Aug-2020,700.8,698.0,764.0,694.05, 750.00,752.75,741.22,684158,5071.11,23885, 208649, 30.50
MATRIMONY, EQ, 26-Aug-2020,542.65,569.0,596.9,550.0, 596.90,596.9,579.59,133148,771.71,4451, 63343, 47.57
MAWANASUG, EQ, 26-Aug-2020,30.4,30.5,30.7,29.95, 30.05,30.05,30.17,34748,10.48,263, 21095, 60.71
MAXHEALTH, BE, 26-Aug-2020,123.15,129.3,129.3,117.0, 127.00,124.0,124.66,3240477,4039.71,18720, -, -
MAXVIL, EQ, 26-Aug-2020,43.7,43.0,44.9,43.0, 43.60,43.45,43.8,131815,57.74,1137, 78147, 59.29
MAYURUNIQ, EQ, 26-Aug-2020,298.35,299.9,308.0,293.0, 306.25,303.55,302.01,260900,787.94,11629, 148264, 56.83
MAZDA, EQ, 26-Aug-2020,424.6,422.85,434.95,422.85, 434.05,432.1,427.89,5406,23.13,390, 3150, 58.27
MBAPL, BE, 26-Aug-2020,69.05,69.55,72.5,69.55, 72.50,72.5,72.01,1636,1.18,26, -, -
MBECL, BE, 26-Aug-2020,6.75,7.05,7.05,7.05, 7.05,7.05,7.05,2001,0.14,8, -, -
MBLINFRA, EQ, 26-Aug-2020,9.05,9.5,9.5,9.5, 9.50,9.5,9.5,18035,1.71,21, 18035, 100.00
MCDHOLDING, EQ, 26-Aug-2020,24.35,24.5,24.8,24.25, 24.60,24.5,24.52,10899,2.67,75, 8353, 76.64
MCDOWELL-N, EQ, 26-Aug-2020,578.45,580.0,582.0,573.6, 574.90,574.95,577.17,1198052,6914.82,19683, 498567, 41.61
MCL, EQ, 26-Aug-2020,77.05,77.85,78.5,76.9, 77.90,77.9,77.47,2042,1.58,46, 1971, 96.52
MCLEODRUSS, BE, 26-Aug-2020,23.35,24.5,24.5,24.5, 24.50,24.5,24.5,63882,15.65,184, -, -
MCX, EQ, 26-Aug-2020,1694.75,1700.0,1723.9,1692.5, 1698.00,1699.3,1705.39,142957,2437.98,8710, 46185, 32.31
MEGASOFT, EQ, 26-Aug-2020,9.55,9.1,9.4,9.1, 9.30,9.25,9.2,151818,13.96,277, 111048, 73.15
MEGH, EQ, 26-Aug-2020,75.7,77.0,77.75,76.05, 77.00,77.2,77.04,1638445,1262.18,8282, 638050, 38.94
MELSTAR, BZ, 26-Aug-2020,2.4,2.5,2.5,2.5, 2.50,2.5,2.5,19,0.0,2, -, -
MENONBE, EQ, 26-Aug-2020,47.25,47.9,48.6,45.75, 46.50,46.65,47.08,101170,47.63,1007, 44661, 44.14
MEP, EQ, 26-Aug-2020,18.65,18.9,19.3,18.65, 18.70,18.75,18.91,832481,157.44,264, 661176, 79.42
MERCATOR, EQ, 26-Aug-2020,1.05,1.0,1.0,1.0, 1.00,1.0,1.0,1021056,10.21,317, 971056, 95.10
METALFORGE, EQ, 26-Aug-2020,6.3,6.3,6.5,6.0, 6.05,6.0,6.06,20741,1.26,76, 18604, 89.70
METKORE, BZ, 26-Aug-2020,0.7,0.7,0.7,0.65, 0.70,0.7,0.66,9918,0.07,19, -, -
METROPOLIS, EQ, 26-Aug-2020,1829.9,1841.85,1852.35,1818.0, 1844.80,1835.45,1840.31,93729,1724.9,14218, 55182, 58.87
MFSL, EQ, 26-Aug-2020,619.85,620.0,637.95,607.15, 622.00,618.6,619.75,3489202,21624.25,49301, 575568, 16.50
MGEL, SM, 26-Aug-2020,60.45,59.05,59.25,59.05, 59.20,59.2,59.19,26000,15.39,5, 24000, 92.31
MGL, EQ, 26-Aug-2020,1038.6,1040.0,1042.1,1011.25, 1015.35,1015.1,1017.85,863962,8793.83,26208, 424543, 49.14
MHHL, SM, 26-Aug-2020,17.4,18.15,18.15,18.15, 18.15,18.15,18.15,3000,0.54,1, 3000, 100.00
MHRIL, EQ, 26-Aug-2020,180.3,181.75,185.0,176.65, 185.00,184.6,181.82,66403,120.74,2021, 32172, 48.45
MIC, BE, 26-Aug-2020,0.7,0.7,0.7,0.65, 0.70,0.7,0.69,17231,0.12,20, -, -
MIDHANI, EQ, 26-Aug-2020,221.65,222.95,236.0,219.0, 230.40,230.4,231.7,4929970,11422.9,49699, 1255139, 25.46
MINDA-RE, BE, 26-Aug-2020,128.85,133.0,133.0,81.0, 101.00,100.75,109.97,93951,103.31,2130, -, -
MINDACORP, EQ, 26-Aug-2020,79.8,80.7,82.7,80.3, 80.80,81.05,81.59,1209114,986.46,7568, 580552, 48.01
MINDAIND, EQ, 26-Aug-2020,360.85,364.9,374.1,354.15, 357.50,358.55,363.15,992751,3605.21,23293, 314453, 31.67
MINDSPACE, RR, 26-Aug-2020,313.51,313.51,315.85,313.0, 314.80,314.8,314.86,1256600,3956.47,527, 1240000, 98.68
MINDTECK, EQ, 26-Aug-2020,40.45,41.3,41.45,38.45, 38.45,38.45,39.38,34368,13.53,308, 26327, 76.60
MINDTREE, EQ, 26-Aug-2020,1137.35,1145.0,1178.4,1127.65, 1172.65,1171.75,1156.85,634730,7342.86,20148, 167771, 26.43
MIRCELECTR, EQ, 26-Aug-2020,10.2,9.8,10.6,9.7, 10.15,10.0,10.03,1076138,107.92,1772, 714925, 66.43
MIRZAINT, EQ, 26-Aug-2020,54.05,54.25,57.5,54.05, 57.15,56.8,56.47,979480,553.07,5957, 456047, 46.56
MITTAL, EQ, 26-Aug-2020,28.05,29.0,29.45,26.65, 29.45,29.45,28.19,228701,64.47,1195, 180196, 78.79
MMFL, EQ, 26-Aug-2020,295.7,295.75,301.9,278.0, 293.90,290.4,295.91,16260,48.12,470, 9923, 61.03
MMP, EQ, 26-Aug-2020,92.05,92.1,94.0,87.45, 92.60,90.15,91.4,24454,22.35,138, 22232, 90.91
MMTC, EQ, 26-Aug-2020,19.85,20.0,20.15,19.8, 19.90,19.85,19.95,898352,179.19,1835, 347139, 38.64
MODIRUBBER, BE, 26-Aug-2020,30.3,30.3,31.8,30.3, 31.80,30.9,31.55,1231,0.39,25, -, -
MOHOTAIND, EQ, 26-Aug-2020,10.0,9.75,10.4,9.65, 9.80,9.8,9.81,3573,0.35,32, 2578, 72.15
MOIL, EQ, 26-Aug-2020,146.2,146.8,152.35,146.2, 150.35,150.5,150.17,536926,806.32,7048, 192374, 35.83
MOLDTECH, EQ, 26-Aug-2020,45.35,46.9,46.9,44.15, 45.95,45.3,45.27,60694,27.47,577, 41095, 67.71
MOLDTKPAC, EQ, 26-Aug-2020,295.5,300.0,301.0,291.05, 291.55,292.15,294.53,29766,87.67,1353, 15709, 52.77
MONTECARLO, EQ, 26-Aug-2020,184.1,187.0,189.2,184.0, 186.25,186.25,186.74,48005,89.64,1237, 28763, 59.92
MORARJEE, EQ, 26-Aug-2020,11.55,11.5,11.7,11.0, 11.50,11.2,11.23,8823,0.99,67, 6609, 74.91
MOREPENLAB, EQ, 26-Aug-2020,25.75,27.0,27.0,27.0, 27.00,27.0,27.0,718693,194.05,1347, 718693, 100.00
MOTHERSUMI, EQ, 26-Aug-2020,117.05,118.0,118.6,115.35, 116.70,116.65,116.64,12859126,14999.39,72121, 4246227, 33.02
MOTILALOFS, EQ, 26-Aug-2020,700.2,703.85,710.0,697.2, 706.10,707.15,703.29,71664,504.01,3370, 39052, 54.49
MOTOGENFIN, EQ, 26-Aug-2020,17.8,18.55,18.6,17.5, 18.60,18.45,18.21,24546,4.47,216, 16966, 69.12
MPHASIS, EQ, 26-Aug-2020,1181.25,1180.0,1214.0,1175.75, 1203.80,1200.05,1198.48,271842,3257.98,9785, 197236, 72.56
MPSLTD, EQ, 26-Aug-2020,382.8,390.9,390.9,382.55, 385.75,386.0,386.84,7089,27.42,400, 4227, 59.63
MPTODAY, SM, 26-Aug-2020,13.15,13.35,13.8,13.35, 13.80,13.8,13.52,6000,0.81,3, 6000, 100.00
MRF, EQ, 26-Aug-2020,59286.4,59250.0,59746.25,59250.0, 59450.00,59336.75,59502.94,19076,11350.78,7155, 7961, 41.73
MRO-TEK, EQ, 26-Aug-2020,26.1,25.5,27.3,25.0, 26.00,26.65,26.45,5282,1.4,49, 5077, 96.12
MRPL, EQ, 26-Aug-2020,33.9,34.4,34.45,33.9, 34.15,34.0,34.11,1025608,349.87,3276, 455784, 44.44
MSPL, EQ, 26-Aug-2020,7.8,7.8,7.85,7.6, 7.80,7.8,7.71,5443,0.42,52, 4092, 75.18
MSTCLTD, EQ, 26-Aug-2020,154.4,155.85,156.55,152.0, 152.90,153.15,154.42,392434,606.0,4380, 97368, 24.81
MTEDUCARE, EQ, 26-Aug-2020,13.2,13.2,13.35,13.05, 13.15,13.15,13.21,86569,11.44,214, 72164, 83.36
MTNL, EQ, 26-Aug-2020,9.2,9.2,9.25,9.15, 9.20,9.2,9.19,323090,29.7,9377, 199075, 61.62
MUKANDENGG, EQ, 26-Aug-2020,9.25,9.6,9.6,8.8, 9.50,9.3,8.92,3990,0.36,52, 3763, 94.31
MUKANDLTD, EQ, 26-Aug-2020,27.7,27.7,28.55,27.5, 28.30,28.2,28.2,34879,9.84,139, 31136, 89.27
MUKTAARTS, EQ, 26-Aug-2020,27.5,27.9,28.05,27.0, 28.00,27.85,27.85,7437,2.07,81, 6304, 84.77
MUNJALAU, EQ, 26-Aug-2020,58.9,61.5,68.8,60.5, 66.20,67.2,65.86,9528055,6275.64,45780, 1801638, 18.91
MUNJALSHOW, EQ, 26-Aug-2020,164.0,164.95,164.95,156.0, 158.40,158.45,159.41,548324,874.08,8625, 227823, 41.55
MURUDCERA, EQ, 26-Aug-2020,16.65,16.9,17.0,16.45, 16.65,16.65,16.69,36638,6.12,189, 24765, 67.59
MUTHOOTCAP, EQ, 26-Aug-2020,425.6,438.3,505.0,432.5, 480.45,480.0,475.35,590874,2808.75,19870, 141697, 23.98
MUTHOOTFIN, EQ, 26-Aug-2020,1198.2,1205.0,1216.5,1186.15, 1208.00,1206.35,1202.83,1587931,19100.12,57634, 417091, 26.27
N100, EQ, 26-Aug-2020,848.78,852.5,867.0,852.3, 865.00,863.14,859.98,61447,528.43,1632, 50253, 81.78
NABARD, N2, 26-Aug-2020,1272.25,1263.1,1270.0,1263.1, 1267.00,1267.0,1267.0,799,10.12,9, 795, 99.50
NACLIND, EQ, 26-Aug-2020,44.6,44.75,47.9,44.6, 47.45,47.4,46.37,740488,343.35,3033, 484917, 65.49
NAGAFERT, EQ, 26-Aug-2020,4.85,4.9,4.9,4.8, 4.80,4.85,4.83,210001,10.14,351, 146048, 69.55
NAGREEKEXP, EQ, 26-Aug-2020,15.65,15.6,16.25,15.2, 15.90,15.9,15.81,7159,1.13,72, 5694, 79.54
NAHARCAP, EQ, 26-Aug-2020,71.5,72.0,72.35,71.0, 71.50,71.5,71.59,2457,1.76,37, 2283, 92.92
NAHARINDUS, EQ, 26-Aug-2020,27.7,28.0,28.15,27.2, 28.15,27.95,27.82,4790,1.33,67, 3619, 75.55
NAHARPOLY, EQ, 26-Aug-2020,68.0,69.9,70.5,67.85, 69.40,69.0,69.21,27789,19.23,563, 17335, 62.38
NAHARSPING, EQ, 26-Aug-2020,39.75,39.8,39.8,37.4, 39.40,39.1,39.13,22727,8.89,243, 13392, 58.93
NAM-INDIA, EQ, 26-Aug-2020,278.35,280.25,292.8,274.95, 286.85,287.2,286.17,2872772,8221.07,32918, 980322, 34.12
NATCOPHARM, EQ, 26-Aug-2020,839.0,845.0,845.0,821.25, 822.00,823.9,831.07,210880,1752.55,14377, 88018, 41.74
NATHBIOGEN, EQ, 26-Aug-2020,337.7,341.5,341.5,326.45, 329.60,328.15,331.84,77265,256.4,2364, 52144, 67.49
NATIONALUM, EQ, 26-Aug-2020,36.95,37.0,37.75,36.75, 37.70,37.5,37.33,12664584,4727.19,24483, 5954520, 47.02
NATNLSTEEL, EQ, 26-Aug-2020,3.0,3.15,3.15,3.15, 3.15,3.15,3.15,1105,0.03,8, 1105, 100.00
NAUKRI, EQ, 26-Aug-2020,3285.25,3310.0,3313.65,3242.5, 3251.95,3251.2,3253.75,415172,13508.66,18078, 289324, 69.69
NAVINFLUOR, EQ, 26-Aug-2020,2145.95,2157.35,2184.85,2120.4, 2130.00,2135.2,2139.87,75114,1607.34,9159, 54407, 72.43
NAVKARCORP, EQ, 26-Aug-2020,29.25,29.5,29.6,28.7, 29.00,29.05,29.19,311553,90.96,1391, 161952, 51.98
NAVNETEDUL, EQ, 26-Aug-2020,79.55,79.0,82.75,78.5, 80.40,80.85,80.28,118294,94.96,1894, 66692, 56.38
NBCC, EQ, 26-Aug-2020,28.3,28.55,28.85,28.15, 28.40,28.4,28.51,8117077,2314.12,40827, 3060701, 37.71
NBIFIN, EQ, 26-Aug-2020,1594.15,1594.15,1594.15,1594.15, 1594.15,1594.15,1594.15,25,0.4,1, 25, 100.00
NBVENTURES, EQ, 26-Aug-2020,64.85,65.3,71.95,65.1, 70.25,70.6,68.46,2726709,1866.69,14315, 1234313, 45.27
NCC, EQ, 26-Aug-2020,35.8,36.0,36.5,35.75, 36.00,36.0,36.12,11601791,4191.01,34404, 3468918, 29.90
NCLIND, EQ, 26-Aug-2020,94.45,94.9,106.0,93.55, 104.25,102.2,99.54,2570864,2559.09,16078, 829586, 32.27
NDGL, EQ, 26-Aug-2020,650.5,635.55,688.05,635.55, 644.00,644.25,646.66,167,1.08,18, 141, 84.43
NDL, EQ, 26-Aug-2020,24.3,24.5,26.3,24.0, 24.75,25.1,24.97,123105,30.74,703, 52762, 42.86
NDRAUTO, EQ, 26-Aug-2020,240.25,228.25,228.25,228.25, 228.25,228.25,228.25,1763,4.02,65, 1763, 100.00
NDTV, EQ, 26-Aug-2020,36.5,35.75,36.9,35.75, 36.80,36.5,36.57,24226,8.86,235, 16563, 68.37
NECCLTD, EQ, 26-Aug-2020,9.95,10.1,10.25,9.7, 9.75,9.85,9.95,70084,6.97,189, 46646, 66.56
NECLIFE, EQ, 26-Aug-2020,23.5,23.6,24.9,23.6, 24.20,24.2,24.34,1399175,340.5,4159, 748985, 53.53
NELCAST, EQ, 26-Aug-2020,59.0,59.5,64.3,59.5, 62.20,62.65,62.64,1876322,1175.24,11686, 482318, 25.71
NELCO, EQ, 26-Aug-2020,212.6,214.35,219.4,212.1, 216.90,216.3,215.91,157303,339.63,3683, 51815, 32.94
NEOGEN, EQ, 26-Aug-2020,741.55,727.0,762.55,704.5, 737.00,731.25,731.92,110840,811.26,8268, 41691, 37.61
NESCO, EQ, 26-Aug-2020,596.7,603.8,615.0,580.95, 601.00,598.55,601.78,326761,1966.4,12650, 71128, 21.77
NESTLEIND, EQ, 26-Aug-2020,16288.2,16290.5,16348.35,16170.0, 16202.40,16190.05,16209.86,116523,18888.22,28065, 61439, 52.73
NETF, EQ, 26-Aug-2020,114.8,116.4,116.4,113.31, 113.76,113.76,114.13,20,0.02,5, 20, 100.00
NETFCONSUM, EQ, 26-Aug-2020,54.99,55.68,55.7,54.35, 55.70,55.64,55.55,3555,1.97,61, 3299, 92.80
NETFDIVOPP, EQ, 26-Aug-2020,29.85,29.85,29.85,28.86, 29.83,29.44,29.67,774,0.23,17, 724, 93.54
NETFIT, EQ, 26-Aug-2020,18.04,18.38,18.38,18.04, 18.16,18.09,18.07,15039,2.72,93, 13419, 89.23
NETFLTGILT, EQ, 26-Aug-2020,21.6,21.61,21.67,21.55, 21.56,21.56,21.64,13627,2.95,105, 8817, 64.70
NETFMID150, EQ, 26-Aug-2020,65.31,65.78,66.88,65.31, 66.25,66.19,66.2,36034,23.85,492, 22934, 63.65
NETFNIF100, EQ, 26-Aug-2020,120.69,120.72,120.79,119.5, 119.50,119.5,119.82,79,0.09,13, 78, 98.73
NETFNV20, EQ, 26-Aug-2020,60.99,60.99,61.0,59.5, 59.55,59.68,60.31,2588,1.56,56, 2391, 92.39
NETWORK18, EQ, 26-Aug-2020,40.0,40.0,40.9,39.4, 39.85,39.9,39.92,2036709,813.03,6318, 1169527, 57.42
NEULANDLAB, EQ, 26-Aug-2020,1033.25,1039.6,1074.7,985.0, 1012.00,1011.25,1029.25,227066,2337.08,10897, 82995, 36.55
NEWGEN, EQ, 26-Aug-2020,207.4,209.0,221.8,205.0, 214.45,213.8,215.28,282852,608.93,18938, 156961, 55.49
NEXTMEDIA, EQ, 26-Aug-2020,6.9,7.2,7.2,6.6, 7.15,6.75,6.98,6979,0.49,133, 4704, 67.40
NFL, EQ, 26-Aug-2020,37.55,37.7,37.85,36.85, 37.00,37.0,37.28,1025697,382.37,2652, 476219, 46.43
NH, EQ, 26-Aug-2020,344.05,347.0,348.0,335.0, 337.60,337.75,342.89,115849,397.24,3356, 73346, 63.31
NHAI, N1, 26-Aug-2020,1129.0,1130.0,1131.5,1130.0, 1131.41,1131.44,1130.77,3114,35.21,34, 3064, 98.39
NHAI, N2, 26-Aug-2020,1291.16,1290.11,1290.11,1286.0, 1286.50,1286.62,1288.64,5484,70.67,34, 4899, 89.33
NHAI, N5, 26-Aug-2020,1329.0,1345.0,1345.0,1345.0, 1345.00,1345.0,1345.0,2,0.03,2, 0, 0.00
NHAI, N6, 26-Aug-2020,1323.0,1315.0,1320.25,1314.0, 1315.00,1315.01,1316.38,3521,46.35,63, 2622, 74.47
NHAI, N8, 26-Aug-2020,1185.0,1189.9,1189.9,1189.9, 1189.90,1189.9,1189.9,41,0.49,2, 41, 100.00
NHAI, N9, 26-Aug-2020,1265.0,1265.0,1265.0,1265.0, 1265.00,1265.0,1265.0,19,0.24,1, 19, 100.00
NHAI, NA, 26-Aug-2020,1256.7,1256.0,1261.99,1255.0, 1258.50,1258.88,1257.94,9645,121.33,48, 9476, 98.25
NHAI, ND, 26-Aug-2020,1302.79,1304.99,1305.0,1304.99, 1305.00,1305.0,1305.0,1000,13.05,2, 1000, 100.00
NHAI, NE, 26-Aug-2020,1307.0,1304.0,1304.0,1303.0, 1303.00,1303.24,1303.31,1210,15.77,12, 1200, 99.17
NHBTF2014, N4, 26-Aug-2020,6449.0,6440.0,6440.0,6000.0, 6000.00,6000.0,6094.29,70,4.27,3, 70, 100.00
NHPC, EQ, 26-Aug-2020,22.25,22.3,22.8,22.05, 22.15,22.2,22.44,6310796,1416.11,10503, 3039273, 48.16
NIACL, EQ, 26-Aug-2020,116.3,117.25,121.5,116.65, 119.40,119.4,119.23,1762935,2101.87,14368, 668135, 37.90
NIBL, EQ, 26-Aug-2020,6.75,7.05,7.05,7.05, 7.05,7.05,7.05,2290,0.16,9, 2290, 100.00
NIFTYBEES, EQ, 26-Aug-2020,121.93,135.0,135.0,121.8, 122.75,122.75,122.29,965666,1180.91,6976, 438754, 45.44
NIFTYEES, EQ, 26-Aug-2020,14500.0,14300.0,14650.0,14121.0, 14520.05,14443.35,14291.31,10,1.43,8, 7, 70.00
NIITLTD, EQ, 26-Aug-2020,136.25,137.5,141.4,132.0, 135.90,136.1,136.33,4241519,5782.65,32684, 1164281, 27.45
NILAINFRA, EQ, 26-Aug-2020,5.05,5.1,5.25,5.1, 5.20,5.2,5.17,559704,28.96,489, 446381, 79.75
NILASPACES, EQ, 26-Aug-2020,1.45,1.4,1.5,1.4, 1.45,1.45,1.46,954019,13.91,246, 654239, 68.58
NILKAMAL, EQ, 26-Aug-2020,1391.75,1394.95,1402.95,1380.05, 1386.00,1386.85,1387.68,16908,234.63,1170, 8912, 52.71
NIPPOBATRY, EQ, 26-Aug-2020,586.5,586.5,590.0,579.0, 579.95,579.9,580.51,1598,9.28,136, 1282, 80.23
NITCO, EQ, 26-Aug-2020,20.45,20.85,20.85,20.05, 20.40,20.45,20.41,65835,13.44,364, 43180, 65.59
NITINFIRE, BZ, 26-Aug-2020,0.7,0.75,0.75,0.65, 0.70,0.7,0.68,122439,0.83,60, -, -
NITINSPIN, EQ, 26-Aug-2020,41.2,41.2,42.25,40.85, 41.70,41.7,41.44,89263,36.99,546, 51253, 57.42
NKIND, EQ, 26-Aug-2020,23.6,23.55,23.55,22.45, 23.50,23.5,22.98,1957,0.45,15, 1857, 94.89
NLCINDIA, EQ, 26-Aug-2020,54.95,55.1,55.4,54.5, 54.70,54.85,54.82,450880,247.15,2798, 250223, 55.50
NMDC, EQ, 26-Aug-2020,94.35,94.5,98.7,93.7, 96.85,96.2,97.01,10634405,10316.21,42417, 3251118, 30.57
NOCIL, EQ, 26-Aug-2020,132.45,130.8,138.4,128.25, 135.05,135.5,134.41,6494160,8728.91,43349, 1417084, 21.82
NOIDATOLL, EQ, 26-Aug-2020,3.35,3.45,3.45,3.3, 3.40,3.35,3.38,68837,2.33,148, 55411, 80.50
NORBTEAEXP, BE, 26-Aug-2020,12.85,13.45,13.45,13.45, 13.45,13.45,13.45,940,0.13,8, -, -
NPBET, EQ, 26-Aug-2020,121.73,123.9,126.0,122.0, 126.00,125.61,124.02,354,0.44,12, 328, 92.66
NRAIL, EQ, 26-Aug-2020,220.7,221.05,227.1,220.85, 226.50,225.9,224.76,17477,39.28,775, 10025, 57.36
NRBBEARING, EQ, 26-Aug-2020,86.35,87.65,92.0,87.05, 89.15,89.35,90.23,1008450,909.89,8281, 371233, 36.81
NSIL, EQ, 26-Aug-2020,802.7,797.15,810.95,753.9, 800.00,797.95,795.78,888,7.07,82, 819, 92.23
NTL, EQ, 26-Aug-2020,0.8,0.8,0.85,0.75, 0.85,0.85,0.81,138243,1.13,52, 132544, 95.88
NTPC, EQ, 26-Aug-2020,103.8,104.6,104.6,101.6, 102.95,102.8,102.85,30829463,31708.61,84244, 7000494, 22.71
NTPC, N3, 26-Aug-2020,1451.1,1392.0,1465.0,1392.0, 1465.00,1465.0,1438.93,14,0.2,3, 4, 28.57
NTPC, N4, 26-Aug-2020,1197.5,1196.0,1196.0,1196.0, 1196.00,1196.0,1196.0,211,2.52,2, 211, 100.00
NTPC, N6, 26-Aug-2020,1464.89,1461.0,1461.0,1455.0, 1456.00,1456.0,1457.53,378,5.51,23, 355, 93.92
NTPC, N7, 26-Aug-2020,14.01,14.0,14.05,14.0, 14.01,14.01,14.01,19000,2.66,78, 17811, 93.74
NTPC, ND, 26-Aug-2020,1351.65,1352.33,1352.5,1352.01, 1352.20,1352.2,1352.21,472,6.38,11, 472, 100.00
NUCLEUS, EQ, 26-Aug-2020,486.45,500.0,516.45,473.55, 477.00,478.1,492.54,513777,2530.58,18018, 171825, 33.44
NXTDIGITAL, EQ, 26-Aug-2020,663.45,667.85,676.6,653.55, 676.60,670.05,667.34,9022,60.21,459, 7684, 85.17
OAL, EQ, 26-Aug-2020,347.75,347.75,350.0,332.25, 335.00,335.35,341.11,18023,61.48,508, 13366, 74.16
OBEROIRLTY, EQ, 26-Aug-2020,372.8,373.3,375.95,362.3, 366.90,367.1,366.46,484532,1775.59,16011, 298616, 61.63
OCCL, EQ, 26-Aug-2020,886.95,895.0,895.0,865.0, 869.75,869.35,875.64,8261,72.34,1131, 3464, 41.93
OFSS, EQ, 26-Aug-2020,3054.8,3068.0,3086.0,3035.15, 3039.00,3043.45,3067.23,94471,2897.65,6922, 75185, 79.59
OIL, EQ, 26-Aug-2020,97.4,98.4,98.4,97.4, 97.75,97.6,97.71,646515,631.73,3934, 335079, 51.83
OILCOUNTUB, EQ, 26-Aug-2020,4.4,4.55,4.55,4.25, 4.40,4.3,4.39,24580,1.08,67, 17813, 72.47
OISL, EQ, 26-Aug-2020,3.15,3.3,3.3,3.15, 3.15,3.15,3.22,17833,0.57,48, 16299, 91.40
OLECTRA, EQ, 26-Aug-2020,72.6,73.0,74.4,71.1, 72.25,72.25,72.53,140742,102.08,1148, 106636, 75.77
OMAXAUTO, EQ, 26-Aug-2020,54.65,57.5,59.8,53.25, 54.45,54.25,55.96,491388,274.98,4216, 229742, 46.75
OMAXE, EQ, 26-Aug-2020,75.2,76.8,76.8,73.25, 74.40,74.45,74.56,65386,48.75,729, 44423, 67.94
OMFURN, SM, 26-Aug-2020,10.5,11.0,11.0,11.0, 11.00,11.0,11.0,6000,0.66,1, 6000, 100.00
OMKARCHEM, EQ, 26-Aug-2020,7.6,7.95,7.95,7.35, 7.95,7.95,7.93,51025,4.05,146, 46850, 91.82
OMMETALS, EQ, 26-Aug-2020,17.3,17.5,17.8,16.75, 17.50,17.35,17.21,110234,18.97,568, 73078, 66.29
ONELIFECAP, EQ, 26-Aug-2020,7.05,7.1,7.4,7.05, 7.20,7.15,7.22,5923,0.43,36, 3377, 57.02
ONEPOINT, EQ, 26-Aug-2020,13.5,13.5,14.25,13.05, 13.05,13.1,13.52,7121,0.96,59, 5264, 73.92
ONGC, EQ, 26-Aug-2020,80.5,81.2,82.1,80.75, 81.40,81.4,81.52,15968479,13017.14,59334, 4311541, 27.00
ONMOBILE, EQ, 26-Aug-2020,39.5,39.55,40.95,39.5, 39.70,39.8,40.09,110477,44.3,789, 53181, 48.14
ONWARDTEC, EQ, 26-Aug-2020,63.2,63.2,64.0,62.55, 63.90,63.5,63.37,19638,12.44,318, 13962, 71.10
OPTIEMUS, EQ, 26-Aug-2020,45.45,47.7,47.7,47.7, 47.70,47.7,47.7,730,0.35,11, 730, 100.00
OPTOCIRCUI, EQ, 26-Aug-2020,7.35,7.45,7.55,7.3, 7.35,7.4,7.39,663561,49.07,926, 418919, 63.13
ORBTEXP, EQ, 26-Aug-2020,71.4,71.0,71.05,69.0, 70.20,70.6,70.24,17387,12.21,334, 11178, 64.29
ORICONENT, EQ, 26-Aug-2020,20.25,20.2,20.5,19.5, 19.70,19.65,19.9,227727,45.33,1004, 138497, 60.82
ORIENTABRA, EQ, 26-Aug-2020,21.4,21.6,22.6,20.65, 21.00,21.05,21.42,81312,17.42,508, 59532, 73.21
ORIENTALTL, EQ, 26-Aug-2020,10.85,10.45,11.05,10.35, 10.40,10.4,10.63,51886,5.52,314, 32992, 63.59
ORIENTBELL, EQ, 26-Aug-2020,98.0,100.0,102.55,97.15, 102.00,101.7,100.98,111265,112.36,1576, 74486, 66.94
ORIENTCEM, EQ, 26-Aug-2020,70.4,71.3,72.0,70.85, 71.25,71.15,71.49,245328,175.4,1965, 138863, 56.60
ORIENTELEC, EQ, 26-Aug-2020,203.0,201.95,206.5,196.0, 200.70,201.6,202.63,578731,1172.68,14849, 286518, 49.51
ORIENTHOT, EQ, 26-Aug-2020,23.15,23.15,23.35,22.7, 22.90,23.0,22.93,26409,6.05,205, 21189, 80.23
ORIENTLTD, EQ, 26-Aug-2020,82.1,83.9,86.2,83.0, 86.20,86.2,85.74,1089,0.93,27, 1039, 95.41
ORIENTPPR, EQ, 26-Aug-2020,18.65,18.8,19.0,18.6, 18.70,18.7,18.75,430663,80.74,1830, 203452, 47.24
ORIENTREF, EQ, 26-Aug-2020,210.15,209.0,219.8,207.0, 212.75,213.85,214.4,78648,168.62,2630, 52506, 66.76
ORISSAMINE, EQ, 26-Aug-2020,2650.2,2668.8,2786.35,2626.8, 2715.00,2709.3,2726.27,36378,991.76,5326, 13126, 36.08
ORTEL, BZ, 26-Aug-2020,1.3,1.3,1.35,1.25, 1.25,1.25,1.3,11775,0.15,15, -, -
ORTINLABSS, EQ, 26-Aug-2020,21.75,22.6,22.8,22.15, 22.80,22.8,22.73,57587,13.09,237, 55267, 95.97
OSWALAGRO, EQ, 26-Aug-2020,8.85,9.0,9.0,8.6, 8.75,8.7,8.75,58981,5.16,269, 40603, 68.84
OSWALSEEDS, SM, 26-Aug-2020,39.95,40.0,40.0,40.0, 40.00,40.0,40.0,4000,1.6,1, 4000, 100.00
PAGEIND, EQ, 26-Aug-2020,20392.5,20392.5,20639.95,20109.55, 20210.00,20202.15,20349.71,41115,8366.78,11236, 9276, 22.56
PAISALO, EQ, 26-Aug-2020,438.95,431.75,444.95,431.2, 443.50,441.55,441.05,16158,71.26,148, 12728, 78.77
PALASHSECU, EQ, 26-Aug-2020,28.85,29.6,30.0,27.9, 30.00,29.85,29.4,1456,0.43,29, 1194, 82.01
PALREDTEC, EQ, 26-Aug-2020,21.5,21.5,22.4,21.05, 21.40,21.4,22.16,2463,0.55,32, 2345, 95.21
PANACEABIO, EQ, 26-Aug-2020,189.7,190.9,195.0,189.0, 193.10,192.95,192.62,169511,326.51,3164, 78023, 46.03
PANACHE, EQ, 26-Aug-2020,56.5,56.5,58.6,56.5, 57.75,57.75,58.0,8655,5.02,23, 650, 7.51
PANAMAPET, EQ, 26-Aug-2020,56.2,56.2,58.9,56.2, 57.30,57.15,57.13,179477,102.54,1867, 103016, 57.40
PAPERPROD, EQ, 26-Aug-2020,297.05,297.05,302.95,291.1, 296.00,296.35,296.25,251804,745.97,4835, 105978, 42.09
PARABDRUGS, BZ, 26-Aug-2020,2.9,2.95,3.0,2.8, 3.00,3.0,2.94,41243,1.21,49, -, -
PARACABLES, EQ, 26-Aug-2020,8.8,9.1,9.1,8.8, 8.90,8.8,8.9,268595,23.9,475, 229065, 85.28
PARAGMILK, EQ, 26-Aug-2020,110.85,112.5,121.5,108.0, 118.35,118.3,117.62,8283474,9742.85,50549, 2026418, 24.46
PARSVNATH, EQ, 26-Aug-2020,3.25,3.35,3.4,3.2, 3.40,3.4,3.37,115114,3.88,234, 101093, 87.82
PASHUPATI, SM, 26-Aug-2020,58.15,55.1,55.1,55.1, 55.10,55.1,55.1,1600,0.88,1, 1600, 100.00
PATELENG, EQ, 26-Aug-2020,14.55,14.6,14.95,14.6, 14.85,14.9,14.78,517661,76.51,883, 350523, 67.71
PATINTLOG, EQ, 26-Aug-2020,32.15,32.5,33.1,31.35, 31.70,31.85,32.09,42959,13.78,293, 27692, 64.46
PATSPINLTD, EQ, 26-Aug-2020,5.6,5.85,5.85,5.85, 5.85,5.85,5.85,3612,0.21,7, 3612, 100.00
PCJEWELLER, EQ, 26-Aug-2020,16.05,16.05,16.9,16.05, 16.40,16.4,16.44,3397130,558.56,5065, 1615633, 47.56
PDMJEPAPER, EQ, 26-Aug-2020,15.1,15.2,15.25,14.5, 14.95,14.85,14.83,86477,12.83,325, 63701, 73.66
PDSMFL, EQ, 26-Aug-2020,271.0,271.05,282.0,270.0, 282.00,280.6,277.45,1005,2.79,85, 896, 89.15
PEARLPOLY, EQ, 26-Aug-2020,18.5,19.25,19.3,18.25, 18.50,19.0,18.88,3740,0.71,66, 3510, 93.85
PEL, EQ, 26-Aug-2020,1416.6,1429.0,1442.0,1392.0, 1430.50,1433.0,1414.59,1350176,19099.5,41003, 224005, 16.59
PENIND, EQ, 26-Aug-2020,18.55,18.85,18.9,18.25, 18.40,18.5,18.58,185956,34.55,761, 130014, 69.92
PENINLAND, EQ, 26-Aug-2020,4.55,4.5,4.75,4.4, 4.75,4.75,4.63,262140,12.14,255, 187178, 71.40
PENTAGOLD, SM, 26-Aug-2020,19.8,19.5,20.6,19.5, 20.60,20.2,20.18,9000,1.82,3, 9000, 100.00
PERSISTENT, EQ, 26-Aug-2020,1038.45,1048.0,1074.0,1030.2, 1052.15,1052.45,1052.87,129523,1363.71,9447, 60583, 46.77
PETRONET, EQ, 26-Aug-2020,251.65,253.75,253.75,246.5, 248.15,247.65,248.09,3837967,9521.43,57916, 1999672, 52.10
PFC, EQ, 26-Aug-2020,99.0,99.75,101.1,98.5, 99.00,99.0,99.64,8306256,8276.46,43430, 3197035, 38.49
PFC, N3, 26-Aug-2020,1335.55,1351.01,1364.5,1351.01, 1364.50,1364.5,1358.48,182,2.47,6, 110, 60.44
PFC, N4, 26-Aug-2020,1128.81,1122.1,1130.0,1122.0, 1130.00,1130.0,1122.9,473,5.31,11, 473, 100.00
PFC, N5, 26-Aug-2020,1265.0,1265.0,1265.0,1265.0, 1265.00,1265.0,1265.0,250,3.16,5, 250, 100.00
PFC, N8, 26-Aug-2020,1472.0,1473.99,1473.99,1473.99, 1473.99,1473.99,1473.99,4,0.06,2, 4, 100.00
PFIZER, EQ, 26-Aug-2020,4803.5,4850.0,4905.0,4755.0, 4830.00,4852.0,4838.04,51567,2494.83,7585, 24133, 46.80
PFOCUS, EQ, 26-Aug-2020,41.35,41.0,42.2,38.25, 41.00,41.35,40.73,235648,95.99,1660, 115303, 48.93
PFS, EQ, 26-Aug-2020,19.5,19.9,19.9,18.75, 19.25,19.2,19.24,1402084,269.75,2398, 758378, 54.09
PGEL, EQ, 26-Aug-2020,51.85,53.0,53.0,50.35, 52.80,52.05,52.04,72453,37.71,330, 63584, 87.76
PGHH, EQ, 26-Aug-2020,10301.6,10707.1,10707.1,10111.0, 10299.00,10242.15,10372.61,10518,1090.99,3080, 3955, 37.60
PGHL, EQ, 26-Aug-2020,4873.3,4950.0,5098.0,4890.0, 5030.00,5028.15,5022.17,83420,4189.49,10663, 47180, 56.56
PGIL, EQ, 26-Aug-2020,146.4,143.05,154.5,143.05, 151.00,151.05,149.34,11536,17.23,285, 10257, 88.91
PHILIPCARB, EQ, 26-Aug-2020,127.6,127.3,129.0,123.6, 124.00,124.55,125.79,1909091,2401.44,14556, 742546, 38.90
PHOENIXLTD, EQ, 26-Aug-2020,651.1,656.0,659.95,645.55, 649.80,649.9,651.36,507160,3303.46,21180, 281808, 55.57
PIDILITIND, EQ, 26-Aug-2020,1474.3,1476.0,1485.85,1458.05, 1467.00,1468.45,1469.52,758778,11150.38,27053, 242248, 31.93
PIIND, EQ, 26-Aug-2020,2045.85,2046.0,2070.1,2007.6, 2016.00,2015.6,2027.19,122691,2487.18,13752, 76977, 62.74
PILANIINVS, EQ, 26-Aug-2020,1575.5,1575.0,1599.95,1570.65, 1590.00,1584.15,1580.98,993,15.7,232, 831, 83.69
PILITA, EQ, 26-Aug-2020,6.4,6.4,6.6,6.35, 6.40,6.4,6.47,86447,5.59,215, 82129, 95.01
PIONDIST, EQ, 26-Aug-2020,114.4,115.4,115.4,113.2, 113.95,113.7,113.95,9165,10.44,203, 5640, 61.54
PIONEEREMB, EQ, 26-Aug-2020,24.3,24.3,24.9,23.6, 24.35,24.6,24.48,22427,5.49,263, 12454, 55.53
PITTIENG, EQ, 26-Aug-2020,32.9,33.2,33.5,31.95, 32.45,32.7,32.85,277806,91.26,767, 16840, 6.06
PKTEA, BE, 26-Aug-2020,153.4,153.4,153.45,146.0, 147.10,147.1,148.54,1442,2.14,29, -, -
PLASTIBLEN, EQ, 26-Aug-2020,180.45,180.65,195.0,180.65, 190.70,191.2,190.5,30785,58.64,788, 13400, 43.53
PNB, EQ, 26-Aug-2020,35.2,35.65,35.7,35.2, 35.35,35.4,35.4,18542873,6565.01,56227, 5076208, 27.38
PNBGILTS, EQ, 26-Aug-2020,45.95,46.15,46.6,46.15, 46.35,46.4,46.44,485124,225.27,1822, 282325, 58.20
PNBHOUSING, EQ, 26-Aug-2020,276.0,280.4,285.15,278.4, 283.00,282.85,282.49,952817,2691.61,10210, 288745, 30.30
PNC, EQ, 26-Aug-2020,17.5,17.55,18.5,17.25, 17.80,17.7,17.88,33304,5.96,242, 26508, 79.59
PNCINFRA, EQ, 26-Aug-2020,174.0,174.4,174.4,167.95, 171.50,170.45,170.3,444962,757.78,6626, 208119, 46.77
PODDARHOUS, EQ, 26-Aug-2020,172.95,175.0,175.0,166.15, 168.45,168.35,171.49,17858,30.62,395, 15640, 87.58
PODDARMENT, EQ, 26-Aug-2020,202.85,203.5,226.5,202.8, 219.90,219.2,218.57,167320,365.72,4629, 53151, 31.77
POKARNA, EQ, 26-Aug-2020,141.75,146.45,148.8,142.0, 148.55,148.65,146.18,82374,120.41,876, 55435, 67.30
POLYCAB, EQ, 26-Aug-2020,869.55,873.6,929.9,868.05, 915.05,919.15,906.61,909124,8242.17,27492, 194593, 21.40
POLYMED, EQ, 26-Aug-2020,431.85,435.0,435.9,427.35, 431.00,429.7,432.06,74404,321.47,2958, 25417, 34.16
POLYPLEX, EQ, 26-Aug-2020,768.0,774.15,774.15,724.0, 734.50,736.65,741.35,338069,2506.27,14327, 183018, 54.14
PONNIERODE, EQ, 26-Aug-2020,182.65,185.0,190.0,181.4, 184.00,184.45,185.01,23441,43.37,1261, 12246, 52.24
POWERGRID, EQ, 26-Aug-2020,184.75,187.0,189.65,184.1, 185.95,185.35,186.5,10125354,18883.6,55384, 3216232, 31.76
POWERINDIA, EQ, 26-Aug-2020,1020.2,1048.0,1048.0,1012.05, 1022.00,1031.45,1026.02,33453,343.23,1989, 21481, 64.21
POWERMECH, EQ, 26-Aug-2020,480.65,479.75,479.75,461.05, 467.00,467.9,469.55,140506,659.74,6589, 64333, 45.79
PPAP, EQ, 26-Aug-2020,238.5,241.95,249.0,234.0, 236.15,236.2,240.09,55565,133.4,1476, 38285, 68.90
PPL, EQ, 26-Aug-2020,80.25,80.25,82.15,79.5, 80.90,81.4,81.14,94043,76.31,1097, 71816, 76.37
PRABHAT, EQ, 26-Aug-2020,68.95,69.0,71.0,66.95, 68.75,67.55,68.66,86820,59.61,964, 60205, 69.34
PRAENG, EQ, 26-Aug-2020,6.35,6.35,6.7,6.15, 6.30,6.25,6.29,11670,0.73,60, 9996, 85.66
PRAJIND, EQ, 26-Aug-2020,75.3,75.5,77.3,74.7, 76.35,76.35,76.16,1830436,1394.04,11513, 547266, 29.90
PRAKASH, EQ, 26-Aug-2020,47.3,47.65,48.9,47.15, 48.00,47.85,48.09,410688,197.49,1733, 244705, 59.58
PRAKASHSTL, EQ, 26-Aug-2020,0.85,0.85,0.85,0.8, 0.85,0.85,0.83,442301,3.65,186, 254816, 57.61
PRAXIS, EQ, 26-Aug-2020,30.1,31.6,31.6,29.05, 30.00,30.1,29.66,15355,4.55,220, 9239, 60.17
PRECAM, EQ, 26-Aug-2020,35.3,36.0,37.0,35.3, 35.70,35.7,36.05,495546,178.62,1977, 300071, 60.55
PRECOT, EQ, 26-Aug-2020,27.45,27.45,27.45,27.25, 27.25,27.25,27.38,300,0.08,7, 300, 100.00
PRECWIRE, EQ, 26-Aug-2020,127.3,128.0,133.6,126.3, 133.00,132.3,130.73,30713,40.15,835, 19647, 63.97
PREMEXPLN, EQ, 26-Aug-2020,142.7,144.9,144.9,136.05, 138.00,138.65,138.33,22318,30.87,394, 16903, 75.74
PREMIER, EQ, 26-Aug-2020,2.8,2.9,2.9,2.9, 2.90,2.9,2.9,1788,0.05,7, 1788, 100.00
PREMIERPOL, EQ, 26-Aug-2020,29.15,29.95,29.95,27.3, 28.90,28.7,28.38,32590,9.25,147, 12067, 37.03
PRESSMN, EQ, 26-Aug-2020,21.2,20.6,22.2,20.6, 21.65,21.7,21.75,98102,21.34,509, 70337, 71.70
PRESTIGE, EQ, 26-Aug-2020,235.2,235.9,241.95,232.5, 240.50,240.4,238.89,651349,1555.98,15792, 282998, 43.45
PRICOLLTD, EQ, 26-Aug-2020,44.9,45.9,47.1,43.25, 45.50,45.45,45.7,593500,271.25,3116, 404917, 68.23
PRIMESECU, EQ, 26-Aug-2020,48.6,48.85,51.4,47.2, 47.55,48.95,49.64,376985,187.13,2092, 302547, 80.25
PRINCEPIPE, EQ, 26-Aug-2020,172.45,174.4,186.0,173.55, 183.00,184.85,180.99,1138198,2060.01,14516, 499590, 43.89
PROZONINTU, EQ, 26-Aug-2020,18.75,19.2,19.2,18.3, 18.75,18.8,18.79,181326,34.08,829, 120306, 66.35
PRSMJOHNSN, EQ, 26-Aug-2020,54.85,55.0,56.75,55.0, 55.30,55.4,55.59,246548,137.05,2183, 147128, 59.68
PSB, EQ, 26-Aug-2020,13.35,13.35,13.4,13.25, 13.35,13.3,13.31,358934,47.78,574, 285338, 79.50
PSL, BE, 26-Aug-2020,0.95,0.9,0.9,0.9, 0.90,0.9,0.9,788253,7.09,167, -, -
PSPPROJECT, EQ, 26-Aug-2020,466.75,459.5,459.5,444.95, 451.00,453.45,452.28,76008,343.77,3422, 39304, 51.71
PSUBNKBEES, EQ, 26-Aug-2020,16.74,16.5,16.95,16.41, 16.67,16.61,16.58,130236,21.6,357, 83926, 64.44
PTC, EQ, 26-Aug-2020,61.5,61.8,61.9,61.0, 61.25,61.25,61.38,1817681,1115.77,10011, 756987, 41.65
PTL, EQ, 26-Aug-2020,46.3,46.9,47.0,45.9, 46.20,46.45,46.67,57855,27.0,587, 43712, 75.55
PUNJABCHEM, EQ, 26-Aug-2020,593.6,599.0,648.0,590.15, 611.10,613.1,626.66,88534,554.8,4950, 34439, 38.90
PUNJLLOYD, BZ, 26-Aug-2020,1.8,1.8,1.8,1.75, 1.75,1.75,1.76,100460,1.77,71, -, -
PURVA, EQ, 26-Aug-2020,50.1,50.3,50.75,49.05, 49.40,49.6,49.96,109974,54.94,977, 58482, 53.18
PVR, EQ, 26-Aug-2020,1322.15,1322.0,1344.25,1315.1, 1322.00,1322.65,1331.45,1484412,19764.2,37764, 79568, 5.36
QGOLDHALF, EQ, 26-Aug-2020,2234.5,2240.0,2240.0,2229.0, 2229.00,2229.0,2229.46,1027,22.9,84, 898, 87.44
QUESS, EQ, 26-Aug-2020,370.7,378.9,386.85,372.5, 380.00,377.9,379.81,285571,1084.63,5921, 167392, 58.62
QUICKHEAL, EQ, 26-Aug-2020,135.45,136.2,139.45,135.0, 136.20,136.3,136.74,334855,457.88,4914, 118589, 35.42
RADICO, EQ, 26-Aug-2020,409.9,409.9,413.9,404.1, 406.00,407.1,409.25,165065,675.52,5499, 71187, 43.13
RADIOCITY, EQ, 26-Aug-2020,22.6,22.75,23.35,22.0, 22.15,22.1,22.75,2057589,468.13,3776, 1168789, 56.80
RAIN, EQ, 26-Aug-2020,124.9,125.35,125.35,121.05, 121.70,121.9,122.87,1736619,2133.84,11807, 645136, 37.15
RAJESHEXPO, EQ, 26-Aug-2020,475.4,475.05,478.0,472.5, 473.95,473.65,474.09,72177,342.18,5377, 46199, 64.01
RAJMET, SM, 26-Aug-2020,38.5,38.3,39.0,38.3, 39.00,39.0,38.63,12000,4.64,3, 4000, 33.33
RAJRATAN, EQ, 26-Aug-2020,317.65,317.85,328.9,311.05, 328.40,326.4,322.33,17153,55.29,737, 11575, 67.48
RAJSREESUG, EQ, 26-Aug-2020,15.5,15.15,15.45,14.9, 15.15,15.0,15.14,10918,1.65,68, 8762, 80.25
RAJTV, EQ, 26-Aug-2020,41.35,42.0,42.0,40.1, 40.15,40.45,40.76,21343,8.7,300, 12525, 58.68
RALLIS, EQ, 26-Aug-2020,325.3,330.0,339.8,323.0, 325.05,327.35,331.16,3357542,11118.78,51657, 907533, 27.03
RAMANEWS, EQ, 26-Aug-2020,15.2,15.45,15.5,14.8, 15.25,15.25,15.06,92667,13.95,338, 47956, 51.75
RAMASTEEL, EQ, 26-Aug-2020,39.3,39.35,40.0,38.05, 38.75,38.75,39.06,10865,4.24,103, 8317, 76.55
RAMCOCEM, EQ, 26-Aug-2020,730.7,734.4,739.45,721.6, 726.35,725.6,729.43,728225,5311.9,11788, 206429, 28.35
RAMCOIND, EQ, 26-Aug-2020,186.4,189.0,197.0,186.1, 195.00,193.9,192.21,122129,234.74,1857, 78655, 64.40
RAMCOSYS, EQ, 26-Aug-2020,233.85,244.0,245.5,236.25, 245.50,245.5,241.61,760306,1837.01,7659, 558095, 73.40
RAMKY, EQ, 26-Aug-2020,36.25,37.0,37.0,36.0, 36.05,36.15,36.31,98242,35.67,687, 62186, 63.30
RAMSARUP, BZ, 26-Aug-2020,0.35,0.3,0.3,0.3, 0.30,0.3,0.3,3845,0.01,12, -, -
RANASUG, BE, 26-Aug-2020,7.9,8.0,8.1,7.75, 7.80,7.85,7.89,426299,33.61,393, -, -
RANEENGINE, EQ, 26-Aug-2020,218.05,221.75,239.85,219.0, 232.45,230.5,232.33,30110,69.95,982, 11804, 39.20
RANEHOLDIN, EQ, 26-Aug-2020,520.55,524.75,552.4,519.35, 527.90,529.6,536.72,157286,844.18,8351, 50134, 31.87
RATNAMANI, EQ, 26-Aug-2020,1163.85,1172.0,1199.0,1154.5, 1180.00,1184.8,1179.74,10259,121.03,1035, 5736, 55.91
RAYMOND, EQ, 26-Aug-2020,286.0,288.25,307.4,282.6, 298.35,298.55,298.69,4627816,13822.85,52700, 1240380, 26.80
RBL, EQ, 26-Aug-2020,622.0,620.05,661.5,620.05, 645.00,648.6,648.81,169332,1098.64,8700, 44030, 26.00
RBLBANK, EQ, 26-Aug-2020,188.95,190.5,201.9,189.2, 201.25,200.4,196.72,50729018,99795.24,257998, 8226906, 16.22
RCF, EQ, 26-Aug-2020,51.4,51.25,53.0,50.6, 51.60,51.65,51.57,2485799,1281.94,8019, 927440, 37.31
RCOM, BE, 26-Aug-2020,2.55,2.45,2.45,2.45, 2.45,2.45,2.45,3484994,85.38,4439, -, -
RECLTD, EQ, 26-Aug-2020,112.8,113.0,114.7,111.65, 112.10,112.35,113.14,6649526,7523.08,33846, 1302198, 19.58
RECLTD, N2, 26-Aug-2020,1223.5,1195.7,1200.01,1195.7, 1200.01,1200.01,1195.78,51,0.61,2, 51, 100.00
RECLTD, N8, 26-Aug-2020,1156.4,1156.2,1236.0,1156.0, 1200.00,1200.0,1193.97,690,8.24,7, 420, 60.87
RECLTD, N9, 26-Aug-2020,1324.4,1324.93,1325.0,1322.0, 1325.00,1325.0,1324.19,570,7.55,9, 570, 100.00
RECLTD, NE, 26-Aug-2020,1240.5,1220.0,1220.0,1220.0, 1220.00,1220.0,1220.0,50,0.61,1, 50, 100.00
RECLTD, NF, 26-Aug-2020,1360.0,1361.0,1361.0,1350.0, 1350.01,1350.46,1351.38,865,11.69,34, 865, 100.00
RECLTD, NH, 26-Aug-2020,1335.0,1335.0,1335.0,1335.0, 1335.00,1335.0,1335.0,175,2.34,2, 175, 100.00
RECLTD, NI, 26-Aug-2020,1224.5,1225.5,1225.5,1213.1, 1213.10,1213.1,1213.8,30,0.36,3, 30, 100.00
REDINGTON, EQ, 26-Aug-2020,121.35,122.0,122.3,117.75, 118.20,118.45,118.94,340973,405.54,11083, 196741, 57.70
REFEX, EQ, 26-Aug-2020,49.2,49.8,50.75,48.55, 50.30,50.4,49.98,153924,76.93,1282, 107514, 69.85
RELAXO, EQ, 26-Aug-2020,639.9,639.9,640.0,634.45, 640.00,639.3,639.03,242697,1550.91,13657, 135123, 55.68
RELCAPITAL, EQ, 26-Aug-2020,10.1,10.1,10.6,10.05, 10.30,10.3,10.36,3435900,355.87,2967, 960625, 27.96
RELIABLE, SM, 26-Aug-2020,26.8,27.0,27.0,27.0, 27.00,27.0,27.0,2400,0.65,1, 2400, 100.00
RELIANCE, EQ, 26-Aug-2020,2082.1,2085.0,2147.95,2047.0, 2133.70,2137.3,2102.41,27631028,580917.47,533755, 6707265, 24.27
RELIANCEPP, E1, 26-Aug-2020,1193.4,1195.0,1250.0,1161.65, 1242.10,1244.85,1209.38,3858157,46659.9,84008, 2065378, 53.53
RELIGARE, EQ, 26-Aug-2020,37.1,37.15,40.8,36.6, 40.80,40.8,39.41,2165507,853.45,3632, 1559717, 72.03
RELINFRA, EQ, 26-Aug-2020,29.6,30.0,30.4,29.3, 29.85,29.8,29.88,1365202,407.97,4349, 591912, 43.36
REMSONSIND, EQ, 26-Aug-2020,113.1,117.9,117.9,102.4, 108.55,108.65,110.75,77486,85.82,1123, 39239, 50.64
RENUKA, EQ, 26-Aug-2020,10.95,11.1,11.15,10.6, 10.80,10.8,10.85,1602934,173.9,1665, 944478, 58.92
REPCOHOME, EQ, 26-Aug-2020,161.1,167.0,169.15,157.75, 169.15,169.15,167.46,965569,1616.96,4834, 580122, 60.08
REPRO, EQ, 26-Aug-2020,414.85,415.0,435.9,415.0, 430.00,424.4,424.66,6192,26.29,464, 3655, 59.03
RESPONIND, EQ, 26-Aug-2020,96.2,96.8,97.9,94.0, 95.85,95.4,96.65,261018,252.27,2665, 13900, 5.33
REVATHI, EQ, 26-Aug-2020,475.1,476.1,484.95,461.0, 474.25,473.3,472.32,2438,11.52,254, 1448, 59.39
RGL, EQ, 26-Aug-2020,270.65,269.05,274.0,265.35, 269.00,270.95,270.75,6269,16.97,658, 2753, 43.91
RHFL, EQ, 26-Aug-2020,2.15,2.2,2.2,2.1, 2.15,2.15,2.13,1364444,29.12,1191, 906189, 66.41
RHFL, N4, 26-Aug-2020,214.25,200.0,200.0,200.0, 200.00,200.0,200.0,300,0.6,10, 300, 100.00
RHFL, N6, 26-Aug-2020,239.49,220.5,220.5,220.0, 220.00,220.0,220.1,508,1.12,8, 508, 100.00
RICOAUTO, EQ, 26-Aug-2020,32.1,34.7,35.25,34.05, 34.40,34.5,34.55,4220968,1458.23,19119, 1814262, 42.98
RIIL, EQ, 26-Aug-2020,417.65,419.45,427.15,414.0, 421.00,421.6,421.77,318083,1341.58,6812, 61559, 19.35
RITES, EQ, 26-Aug-2020,252.8,253.85,255.8,252.2, 255.30,254.8,254.26,333812,848.76,5605, 152164, 45.58
RKDL, EQ, 26-Aug-2020,7.9,7.95,8.65,7.7, 8.65,8.65,8.27,209138,17.3,435, 121523, 58.11
RKEC, SM, 26-Aug-2020,43.0,41.05,42.8,39.0, 42.45,42.45,40.58,15000,6.09,10, 13000, 86.67
RKFORGE, EQ, 26-Aug-2020,252.65,259.0,259.0,252.0, 253.50,254.55,254.32,66433,168.95,950, 32250, 48.55
RMCL, BE, 26-Aug-2020,4.0,3.95,4.15,3.85, 3.90,3.85,3.92,40944,1.61,73, -, -
RMDRIP, SM, 26-Aug-2020,50.15,51.95,51.95,51.95, 51.95,51.95,51.95,20000,10.39,2, 20000, 100.00
RML, EQ, 26-Aug-2020,229.3,232.0,253.45,232.0, 243.60,243.6,245.29,138060,338.64,5062, 49013, 35.50
RNAVAL, EQ, 26-Aug-2020,3.45,3.6,3.6,3.35, 3.60,3.6,3.56,20162043,717.42,4503, 10573369, 52.44
ROHITFERRO, EQ, 26-Aug-2020,1.35,1.4,1.4,1.35, 1.35,1.4,1.39,8415,0.12,26, 7995, 95.01
ROHLTD, EQ, 26-Aug-2020,83.55,85.0,85.0,83.0, 85.00,84.1,84.0,126262,106.06,1909, 70011, 55.45
ROLLT, BE, 26-Aug-2020,3.3,3.45,3.45,3.15, 3.45,3.45,3.4,48526,1.65,109, -, -
ROLTA, EQ, 26-Aug-2020,6.65,6.45,6.6,6.35, 6.40,6.35,6.36,403152,25.65,555, 381034, 94.51
ROSSARI, EQ, 26-Aug-2020,793.25,793.0,799.75,770.0, 780.25,779.55,784.48,709216,5563.67,14486, 373210, 52.62
ROSSELLIND, EQ, 26-Aug-2020,115.0,120.75,120.75,118.25, 120.75,120.75,120.69,72434,87.42,278, 66152, 91.33
RPGLIFE, EQ, 26-Aug-2020,384.15,385.9,389.4,378.95, 383.00,382.4,383.01,45830,175.53,2007, 20504, 44.74
RPOWER, EQ, 26-Aug-2020,3.65,3.65,3.75,3.55, 3.65,3.6,3.64,23239750,845.87,37036, 10266236, 44.18
RPPINFRA, EQ, 26-Aug-2020,60.45,61.0,61.85,60.1, 60.35,60.55,60.68,15628,9.48,233, 9829, 62.89
RPPL, SM, 26-Aug-2020,81.05,85.1,85.1,85.1, 85.10,85.1,85.1,1000,0.85,1, 1000, 100.00
RSSOFTWARE, EQ, 26-Aug-2020,20.1,20.3,20.8,19.95, 20.30,20.4,20.35,11837,2.41,144, 7362, 62.19
RSWM, EQ, 26-Aug-2020,88.7,90.0,97.5,87.4, 92.55,92.35,93.71,63792,59.78,1145, 32811, 51.43
RSYSTEMS, EQ, 26-Aug-2020,108.6,108.05,111.0,106.05, 108.00,108.75,108.91,54014,58.82,932, 24273, 44.94
RTNINFRA, EQ, 26-Aug-2020,11.35,11.0,11.25,10.8, 10.80,10.8,10.87,1484808,161.47,1412, 1397921, 94.15
RTNPOWER, EQ, 26-Aug-2020,3.75,3.7,3.9,3.65, 3.80,3.75,3.78,5097473,192.77,3795, 3243487, 63.63
RUBYMILLS, EQ, 26-Aug-2020,186.05,182.25,189.0,182.25, 185.00,186.4,186.65,3207,5.99,187, 2220, 69.22
RUCHI, BE, 26-Aug-2020,630.35,620.0,661.85,620.0, 661.85,661.85,656.66,27187,178.53,1384, -, -
RUCHINFRA, BE, 26-Aug-2020,9.5,9.05,9.95,9.05, 9.95,9.95,9.56,787316,75.23,1007, -, -
RUCHIRA, EQ, 26-Aug-2020,64.4,63.5,66.2,62.0, 65.35,65.5,64.12,256716,164.61,2733, 142377, 55.46
RUPA, EQ, 26-Aug-2020,221.5,222.4,227.0,220.5, 222.05,223.15,223.85,91513,204.85,2830, 39588, 43.26
RUSHIL, EQ, 26-Aug-2020,116.4,116.55,117.9,114.5, 115.00,114.65,115.83,16571,19.19,648, 9785, 59.05
RVNL, EQ, 26-Aug-2020,22.3,22.35,22.4,21.85, 22.00,21.95,22.03,6186882,1362.94,12691, 2760953, 44.63
S&SPOWER, EQ, 26-Aug-2020,15.0,14.45,15.75,14.45, 15.75,15.75,15.36,3396,0.52,24, 2842, 83.69
SABEVENTS, EQ, 26-Aug-2020,1.45,1.5,1.5,1.5, 1.50,1.5,1.5,2661,0.04,5, 2661, 100.00
SABTN, BE, 26-Aug-2020,1.35,1.35,1.35,1.3, 1.35,1.35,1.31,4093,0.05,14, -, -
SADBHAV, EQ, 26-Aug-2020,56.05,58.85,58.85,55.1, 58.85,58.85,57.91,1453404,841.64,6132, 935686, 64.38
SADBHIN, EQ, 26-Aug-2020,21.15,20.95,21.4,19.65, 20.90,20.95,20.6,3175190,653.95,7438, 1414178, 44.54
SAFARI, EQ, 26-Aug-2020,403.95,406.95,484.7,394.05, 429.95,431.2,447.11,412867,1845.95,12679, 89537, 21.69
SAGARDEEP, EQ, 26-Aug-2020,145.0,146.0,147.9,137.75, 137.75,137.75,144.05,332507,478.97,3209, 192090, 57.77
SAGCEM, EQ, 26-Aug-2020,498.8,502.95,510.0,496.0, 496.00,500.55,503.04,15627,78.61,1110, 7574, 48.47
SAIL, EQ, 26-Aug-2020,41.1,41.45,41.9,41.05, 41.35,41.45,41.4,35558994,14723.19,33486, 3758021, 10.57
SAKAR, EQ, 26-Aug-2020,74.45,73.1,80.0,73.1, 78.95,78.7,78.15,123344,96.4,746, 56738, 46.00
SAKHTISUG, EQ, 26-Aug-2020,9.55,9.6,9.65,9.25, 9.35,9.35,9.42,30627,2.88,100, 24067, 78.58
SAKSOFT, EQ, 26-Aug-2020,292.95,299.85,299.85,282.1, 284.95,283.35,285.74,25313,72.33,970, 18070, 71.39
SAKUMA, EQ, 26-Aug-2020,6.45,6.6,6.75,6.55, 6.75,6.75,6.72,297153,19.98,408, 214173, 72.07
SALASAR, EQ, 26-Aug-2020,177.95,177.95,179.9,176.05, 177.10,177.45,177.39,29950,53.13,433, 14895, 49.73
SALONA, EQ, 26-Aug-2020,58.0,56.2,61.0,56.2, 61.00,60.55,59.81,561,0.34,13, 401, 71.48
SALSTEEL, EQ, 26-Aug-2020,3.3,3.45,3.45,3.45, 3.45,3.45,3.45,14379,0.5,16, 14379, 100.00
SALZERELEC, EQ, 26-Aug-2020,108.85,108.85,108.85,106.0, 106.20,107.0,107.4,28412,30.51,643, 20244, 71.25
SAMBHAAV, EQ, 26-Aug-2020,2.15,2.15,2.25,2.15, 2.25,2.15,2.2,5763,0.13,41, 5161, 89.55
SANCO, EQ, 26-Aug-2020,12.7,12.75,13.05,12.65, 12.95,13.0,12.82,82865,10.62,161, 55335, 66.78
SANDESH, EQ, 26-Aug-2020,517.45,522.45,530.0,512.5, 516.00,516.0,521.24,395,2.06,109, 335, 84.81
SANDHAR, EQ, 26-Aug-2020,235.55,235.6,240.95,224.4, 234.75,233.15,233.73,12991,30.36,618, 6682, 51.44
SANGAMIND, EQ, 26-Aug-2020,54.6,54.1,57.6,52.8, 56.80,53.7,54.26,36346,19.72,642, 16439, 45.23
SANGHIIND, EQ, 26-Aug-2020,27.4,27.6,31.2,27.3, 29.75,29.85,29.99,3500286,1049.87,10403, 1370721, 39.16
SANGHVIFOR, EQ, 26-Aug-2020,20.8,21.7,21.7,19.8, 20.10,19.8,19.9,2144,0.43,35, 2012, 93.84
SANGHVIMOV, EQ, 26-Aug-2020,83.0,83.15,85.45,81.1, 82.10,82.4,83.24,17801,14.82,375, 11673, 65.57
SANGINITA, EQ, 26-Aug-2020,78.5,83.9,84.45,80.0, 82.35,81.5,81.92,55210,45.23,535, 36014, 65.23
SANOFI, EQ, 26-Aug-2020,8681.3,8700.0,8707.65,8590.05, 8700.00,8680.1,8648.1,13003,1124.51,4283, 7361, 56.61
SANWARIA, EQ, 26-Aug-2020,2.25,2.25,2.3,2.2, 2.25,2.25,2.26,1386763,31.31,806, 920411, 66.37
SARDAEN, EQ, 26-Aug-2020,275.25,284.0,296.0,275.25, 285.10,286.3,284.88,542882,1546.59,12056, 163004, 30.03
SAREGAMA, EQ, 26-Aug-2020,510.5,519.9,533.5,510.0, 527.00,527.95,522.57,83338,435.5,1668, 60667, 72.80
SARLAPOLY, EQ, 26-Aug-2020,18.95,19.2,19.25,18.3, 18.65,18.7,18.73,52577,9.85,363, 35862, 68.21
SARVESHWAR, SM, 26-Aug-2020,12.6,13.2,13.2,12.2, 13.20,13.05,12.86,22400,2.88,14, 16000, 71.43
SASKEN, EQ, 26-Aug-2020,628.0,633.9,638.9,620.95, 625.50,624.3,626.95,24135,151.32,2067, 10445, 43.28
SASTASUNDR, EQ, 26-Aug-2020,97.0,100.5,105.0,97.45, 103.50,102.55,100.43,58759,59.01,619, 51897, 88.32
SATIA, EQ, 26-Aug-2020,120.75,121.8,137.1,115.65, 124.00,124.85,121.76,558775,680.35,5750, 153033, 27.39
SATIN, EQ, 26-Aug-2020,78.75,79.8,79.8,77.9, 79.00,78.9,78.74,191337,150.66,1826, 143179, 74.83
SBICARD, EQ, 26-Aug-2020,827.3,828.35,835.8,821.1, 824.00,827.35,827.42,926227,7663.78,36096, 329540, 35.58
SBIETFQLTY, EQ, 26-Aug-2020,104.85,106.4,106.4,104.33, 104.83,105.57,105.09,3749,3.94,56, 2066, 55.11
SBILIFE, EQ, 26-Aug-2020,847.9,855.0,855.0,833.65, 839.00,839.2,837.88,2151697,18028.74,93237, 1259308, 58.53
SBIN, EQ, 26-Aug-2020,207.95,208.5,210.35,206.15, 209.90,209.85,208.62,66750983,139257.59,304925, 14858804, 22.26
SBIN, N2, 26-Aug-2020,10847.8,10840.0,10878.0,10800.0, 10800.00,10807.38,10824.72,252,27.28,46, 252, 100.00
SBIN, N5, 26-Aug-2020,10985.35,10990.0,11000.0,10985.9, 10985.90,10995.61,10996.36,931,102.38,119, 868, 93.23
SBIN, N6, 26-Aug-2020,10826.0,10830.0,10830.0,10830.0, 10830.00,10830.0,10830.0,3,0.32,1, 3, 100.00
SCAPDVR, BE, 26-Aug-2020,1.5,1.55,1.55,1.55, 1.55,1.55,1.55,29503,0.46,25, -, -
SCHAEFFLER, EQ, 26-Aug-2020,3749.6,3850.0,3943.95,3806.05, 3900.00,3897.5,3896.96,29553,1151.67,4758, 17642, 59.70
SCHAND, EQ, 26-Aug-2020,83.35,85.0,86.9,81.0, 84.00,84.35,84.38,91322,77.05,739, 54474, 59.65
SCHNEIDER, EQ, 26-Aug-2020,82.3,82.75,85.45,81.7, 83.10,83.45,83.93,285887,239.95,3151, 111206, 38.90
SCI, EQ, 26-Aug-2020,62.85,62.9,63.75,62.75, 62.85,62.9,63.13,922010,582.07,5209, 391825, 42.50
SDBL, EQ, 26-Aug-2020,58.0,58.15,60.9,57.3, 60.90,60.9,59.88,658595,394.34,3801, 371945, 56.48
SEAMECLTD, EQ, 26-Aug-2020,408.8,406.3,414.75,406.25, 411.20,412.55,411.79,9225,37.99,326, 7742, 83.92
SECURCRED, SM, 26-Aug-2020,14.5,15.2,15.2,15.0, 15.20,15.2,15.12,3000,0.45,5, 2400, 80.00
SELAN, EQ, 26-Aug-2020,135.2,135.9,138.4,128.0, 130.60,131.4,132.47,308297,408.4,6954, 117124, 37.99
SELMCL, BZ, 26-Aug-2020,0.95,0.95,1.0,0.9, 1.00,1.0,0.99,37984,0.38,27, -, -
SEPOWER, EQ, 26-Aug-2020,2.7,2.8,2.8,2.6, 2.80,2.8,2.76,14194,0.39,59, 13640, 96.10
SEQUENT, EQ, 26-Aug-2020,131.45,132.4,138.7,131.25, 134.40,134.3,135.71,3399580,4613.71,20801, 1430809, 42.09
SESHAPAPER, EQ, 26-Aug-2020,156.1,156.4,157.05,152.25, 153.85,154.2,155.38,22477,34.93,801, 14733, 65.55
SETCO, EQ, 26-Aug-2020,12.6,12.45,13.2,12.0, 13.00,13.05,12.96,488619,63.3,1287, 347400, 71.10
SETF10GILT, EQ, 26-Aug-2020,198.4,198.5,198.5,198.0, 198.00,198.0,198.05,163,0.32,12, 158, 96.93
SETFGOLD, EQ, 26-Aug-2020,4600.55,4591.0,4605.35,4585.3, 4595.00,4588.5,4595.09,12883,591.98,1588, 8634, 67.02
SETFNIF50, EQ, 26-Aug-2020,118.39,118.45,119.37,118.42, 119.35,119.22,118.83,138884,165.03,648, 119636, 86.14
SETFNIFBK, EQ, 26-Aug-2020,229.78,230.43,233.69,229.48, 233.03,232.93,231.75,60428,140.04,892, 39462, 65.30
SETFNN50, EQ, 26-Aug-2020,288.05,287.59,288.99,285.66, 288.50,288.44,287.21,3948,11.34,211, 3474, 87.99
SETUINFRA, EQ, 26-Aug-2020,0.85,0.85,0.9,0.85, 0.90,0.9,0.89,173487,1.55,83, 168146, 96.92
SEYAIND, EQ, 26-Aug-2020,78.55,80.7,82.4,78.8, 81.20,80.75,80.54,34644,27.9,386, 23453, 67.70
SEZAL, BZ, 26-Aug-2020,2.45,2.55,2.55,2.55, 2.55,2.55,2.55,1,0.0,1, -, -
SFL, EQ, 26-Aug-2020,1358.7,1373.4,1373.4,1346.95, 1370.00,1370.05,1362.57,13637,185.81,3604, 7735, 56.72
SGBAPR28I, GB, 26-Aug-2020,5003.9,4981.0,5000.0,4951.0, 4951.00,4963.04,4978.79,295,14.69,65, 285, 96.61
SGBAUG24, GB, 26-Aug-2020,5117.14,5100.0,5100.0,5035.0, 5100.00,5094.0,5069.41,321,16.27,67, 298, 92.83
SGBAUG27, GB, 26-Aug-2020,5000.0,5000.0,5000.0,4990.0, 4990.00,4995.0,4995.0,2,0.1,2, 2, 100.00
SGBAUG28V, GB, 26-Aug-2020,4883.89,4885.0,4892.0,4846.0, 4862.00,4861.33,4861.55,3821,185.76,596, 3228, 84.48
SGBDC27VII, GB, 26-Aug-2020,4998.0,5000.0,5050.0,4900.0, 4900.00,4908.46,4975.3,146,7.26,26, 135, 92.47
SGBDEC2513, GB, 26-Aug-2020,4953.0,4975.0,5068.97,4975.0, 5068.97,5058.98,5030.99,15,0.75,5, 15, 100.00
SGBDEC25XI, GB, 26-Aug-2020,5002.03,4960.0,4960.0,4960.0, 4960.00,4960.0,4960.0,5,0.25,1, 5, 100.00
SGBDEC26, GB, 26-Aug-2020,5000.0,4965.0,4965.0,4965.0, 4965.00,4965.0,4965.0,10,0.5,1, 10, 100.00
SGBFEB24, GB, 26-Aug-2020,5024.55,4987.0,5005.0,4987.0, 5000.00,5000.0,4998.45,125,6.25,30, 120, 96.00
SGBFEB27, GB, 26-Aug-2020,5000.0,4950.0,4950.0,4950.0, 4950.00,4950.0,4950.0,1,0.05,1, 1, 100.00
SGBFEB28IX, GB, 26-Aug-2020,4950.0,4970.0,4970.0,4900.0, 4900.00,4900.08,4916.8,20,0.98,6, 20, 100.00
SGBJ28VIII, GB, 26-Aug-2020,4941.99,4947.0,4947.0,4899.99, 4947.00,4947.0,4935.25,4,0.2,3, 4, 100.00
SGBJAN26, GB, 26-Aug-2020,5039.97,5019.0,5019.0,5019.0, 5019.00,5019.0,5019.0,1,0.05,1, 1, 100.00
SGBJAN27, GB, 26-Aug-2020,4950.0,4902.0,4902.0,4902.0, 4902.00,4902.0,4902.0,10,0.49,3, 10, 100.00
SGBJUL25, GB, 26-Aug-2020,5000.0,4970.0,4970.0,4950.0, 4950.00,4953.35,4958.34,6,0.3,6, 6, 100.00
SGBJUL27, GB, 26-Aug-2020,4955.0,4902.0,5024.99,4902.0, 4950.00,4950.0,4960.8,5,0.25,4, 3, 60.00
SGBJUL28IV, GB, 26-Aug-2020,4889.76,4889.0,4892.0,4842.0, 4855.05,4862.8,4851.75,2063,100.09,225, 1762, 85.41
SGBJUN27, GB, 26-Aug-2020,4950.0,4950.0,4950.0,4950.0, 4950.00,4950.0,4950.0,4,0.2,2, 4, 100.00
SGBJUN28, GB, 26-Aug-2020,4944.24,4900.0,4919.9,4860.0, 4883.00,4884.58,4892.27,432,21.13,77, 363, 84.03
SGBMAR24, GB, 26-Aug-2020,5044.73,5044.73,5044.73,4980.0, 5000.00,4984.69,4990.95,192,9.58,21, 188, 97.92
SGBMAR25, GB, 26-Aug-2020,5038.0,4956.0,4999.9,4950.0, 4999.90,4999.9,4956.46,39,1.93,12, 38, 97.44
SGBMAR28X, GB, 26-Aug-2020,4932.0,4860.0,4900.0,4860.0, 4890.00,4882.21,4881.82,17,0.83,8, 16, 94.12
SGBMAY25, GB, 26-Aug-2020,4989.64,5000.0,5000.0,4900.0, 4959.00,4949.22,4947.22,219,10.83,43, 181, 82.65
SGBMAY26, GB, 26-Aug-2020,4965.0,4965.0,4965.0,4950.0, 4950.00,4950.0,4953.18,22,1.09,5, 22, 100.00
SGBMAY28, GB, 26-Aug-2020,4911.84,4910.0,4911.0,4875.0, 4885.00,4878.93,4895.95,589,28.84,84, 582, 98.81
SGBNOV23, GB, 26-Aug-2020,5175.76,5294.0,5294.0,5100.0, 5100.00,5111.54,5161.06,117,6.04,25, 109, 93.16
SGBNOV24, GB, 26-Aug-2020,5047.0,4965.0,5024.9,4953.0, 4984.95,4984.95,4975.58,271,13.48,45, 241, 88.93
SGBNOV25, GB, 26-Aug-2020,5159.9,4953.0,4961.0,4953.0, 4961.00,4961.0,4954.25,12,0.59,4, 11, 91.67
SGBNOV26, GB, 26-Aug-2020,4950.0,4900.0,4930.0,4825.0, 4900.00,4900.0,4905.0,38,1.86,9, 32, 84.21
SGBOCT25, GB, 26-Aug-2020,5016.0,4955.0,5050.0,4955.0, 4971.00,4971.0,4968.65,26,1.29,7, 15, 57.69
SGBOCT25IV, GB, 26-Aug-2020,5012.5,4955.0,4999.0,4901.0, 4901.00,4901.5,4965.71,59,2.93,14, 44, 74.58
SGBOCT25V, GB, 26-Aug-2020,5015.0,5000.0,5000.0,4905.0, 4995.00,4995.0,4973.4,66,3.28,8, 66, 100.00
SGBOCT26, GB, 26-Aug-2020,4951.42,4975.0,4975.0,4902.0, 4925.00,4926.72,4941.29,31,1.53,9, 28, 90.32
SGBOCT27, GB, 26-Aug-2020,4950.0,4900.0,4910.05,4900.0, 4900.00,4902.0,4901.82,22,1.08,7, 22, 100.00
SGBOCT27VI, GB, 26-Aug-2020,4918.52,4915.0,4940.0,4912.11, 4912.11,4916.05,4918.66,122,6.0,23, 120, 98.36
SGBSEP24, GB, 26-Aug-2020,5030.25,5075.0,5075.0,4940.0, 4940.00,4954.08,4977.29,633,31.51,71, 591, 93.36
SGBSEP27, GB, 26-Aug-2020,5000.0,4905.01,4951.0,4905.01, 4905.01,4928.11,4929.84,12,0.59,6, 12, 100.00
SGL, EQ, 26-Aug-2020,10.4,9.85,10.4,9.5, 10.40,10.3,9.97,176019,17.55,580, 87964, 49.97
SHAHALLOYS, EQ, 26-Aug-2020,7.65,7.3,8.0,7.3, 7.95,7.95,7.82,5632,0.44,20, 4532, 80.47
SHAKTIPUMP, EQ, 26-Aug-2020,196.9,197.0,206.7,195.1, 198.05,198.95,202.19,201192,406.79,3829, 103291, 51.34
SHALBY, EQ, 26-Aug-2020,84.2,84.65,89.5,83.1, 88.60,88.5,87.04,316615,275.58,4090, 142902, 45.13
SHALPAINTS, EQ, 26-Aug-2020,73.85,74.45,76.4,72.15, 74.70,75.05,74.5,128184,95.49,1748, 59616, 46.51
SHANKARA, EQ, 26-Aug-2020,398.35,400.8,408.55,392.6, 395.80,395.65,399.47,69930,279.35,2842, 27245, 38.96
SHANTIGEAR, EQ, 26-Aug-2020,97.0,98.05,116.4,97.05, 116.40,116.4,111.08,1216734,1351.49,9194, 517527, 42.53
SHARDACROP, EQ, 26-Aug-2020,307.45,310.0,311.05,304.05, 306.70,306.35,307.71,43897,135.08,1841, 24632, 56.11
SHARDAMOTR, EQ, 26-Aug-2020,1039.15,1036.15,1099.95,1027.0, 1051.00,1058.6,1061.37,2745,29.13,264, 1370, 49.91
SHARIABEES, EQ, 26-Aug-2020,278.52,273.53,284.8,273.53, 281.98,281.98,280.85,940,2.64,113, 805, 85.64
SHEMAROO, EQ, 26-Aug-2020,68.3,69.8,69.8,67.55, 69.00,69.1,68.77,103630,71.27,1512, 62844, 60.64
SHIL, EQ, 26-Aug-2020,87.85,87.35,93.05,86.35, 91.80,91.5,90.81,384177,348.88,3781, 255249, 66.44
SHILPAMED, EQ, 26-Aug-2020,581.3,575.0,592.9,570.0, 578.50,577.85,582.29,219605,1278.74,21002, 106679, 48.58
SHIRPUR-G, EQ, 26-Aug-2020,9.65,9.9,9.9,9.15, 9.45,9.5,9.5,50823,4.83,293, 33645, 66.20
SHIVAMAUTO, EQ, 26-Aug-2020,18.1,18.5,19.0,18.35, 19.00,19.0,18.85,332621,62.71,1154, 249990, 75.16
SHIVAMILLS, EQ, 26-Aug-2020,26.0,25.9,26.65,25.25, 26.00,26.1,25.85,7037,1.82,50, 3998, 56.81
SHIVATEX, EQ, 26-Aug-2020,102.7,101.1,104.8,99.7, 102.00,101.85,101.38,4554,4.62,94, 2646, 58.10
SHIVAUM, SM, 26-Aug-2020,44.75,45.0,45.0,44.75, 44.75,44.75,44.78,51000,22.84,7, 45000, 88.24
SHK, EQ, 26-Aug-2020,85.4,85.2,89.4,84.45, 89.05,88.7,87.55,1420251,1243.43,10466, 733786, 51.67
SHOPERSTOP, EQ, 26-Aug-2020,191.05,195.0,199.0,192.25, 194.40,194.3,194.72,654409,1274.3,8488, 306973, 46.91
SHREDIGCEM, EQ, 26-Aug-2020,52.2,52.45,52.65,51.15, 51.55,51.45,51.77,533014,275.95,2207, 356852, 66.95
SHREECEM, EQ, 26-Aug-2020,21810.75,21950.0,21999.0,21600.05, 21650.00,21710.65,21754.37,38074,8282.76,13026, 9329, 24.50
SHREEPUSHK, EQ, 26-Aug-2020,122.65,123.55,126.15,119.05, 121.25,121.3,122.24,71616,87.54,2829, 33353, 46.57
SHREERAMA, EQ, 26-Aug-2020,5.9,6.15,6.45,5.9, 6.45,6.45,6.39,439181,28.07,1092, 278071, 63.32
SHRENIK, EQ, 26-Aug-2020,52.55,53.35,53.4,50.2, 51.60,51.1,52.15,86627,45.18,398, 71310, 82.32
SHREYANIND, EQ, 26-Aug-2020,88.95,90.45,91.3,88.1, 88.30,88.45,88.89,18259,16.23,424, 12494, 68.43
SHREYAS, BE, 26-Aug-2020,79.75,82.6,82.6,75.8, 78.40,78.45,77.22,23891,18.45,270, -, -
SHRIPISTON, BE, 26-Aug-2020,578.05,578.15,605.0,578.15, 604.00,604.0,596.38,6048,36.07,50, -, -
SHRIRAMCIT, EQ, 26-Aug-2020,918.15,929.8,960.0,911.1, 949.50,948.8,950.37,58901,559.78,3318, 39566, 67.17
SHRIRAMEPC, EQ, 26-Aug-2020,4.1,4.25,4.3,4.25, 4.30,4.3,4.29,183217,7.86,134, 163216, 89.08
SHUBHLAXMI, SM, 26-Aug-2020,24.7,25.9,25.9,25.9, 25.90,25.9,25.9,3000,0.78,3, 3000, 100.00
SHYAMCENT, EQ, 26-Aug-2020,3.55,3.7,3.7,3.7, 3.70,3.7,3.7,28606,1.06,18, 28539, 99.77
SICAGEN, EQ, 26-Aug-2020,12.1,12.3,12.5,12.1, 12.20,12.15,12.31,33108,4.08,73, 30489, 92.09
SICAL, EQ, 26-Aug-2020,9.45,9.5,9.7,9.3, 9.70,9.6,9.52,250355,23.84,376, 183537, 73.31
SIEMENS, EQ, 26-Aug-2020,1230.2,1232.0,1239.95,1223.6, 1232.30,1232.45,1230.55,426860,5252.73,17127, 50034, 11.72
SIGIND, EQ, 26-Aug-2020,21.5,21.1,22.2,21.05, 21.85,21.95,21.74,21183,4.6,155, 11601, 54.77
SIL, BE, 26-Aug-2020,9.85,10.05,10.3,9.6, 10.15,10.15,10.23,21647,2.21,50, -, -
SILINV, EQ, 26-Aug-2020,159.8,161.0,165.0,158.6, 160.00,160.0,162.06,29035,47.06,853, 20687, 71.25
SILLYMONKS, EQ, 26-Aug-2020,28.4,29.5,29.75,28.0, 29.50,29.5,29.28,1931,0.57,20, 1931, 100.00
SILVERTUC, SM, 26-Aug-2020,96.75,99.0,99.0,99.0, 99.00,99.0,99.0,1000,0.99,1, 1000, 100.00
SIMBHALS, EQ, 26-Aug-2020,9.0,9.2,9.2,8.8, 9.15,8.95,8.96,25421,2.28,148, 22727, 89.40
SIMPLEXINF, EQ, 26-Aug-2020,34.05,34.5,34.5,33.25, 33.45,33.4,33.55,174175,58.44,821, 134700, 77.34
SINTERCOM, SM, 26-Aug-2020,75.0,75.0,75.0,75.0, 75.00,75.0,75.0,2000,1.5,1, 2000, 100.00
SINTEX, EQ, 26-Aug-2020,2.4,2.5,2.5,2.3, 2.35,2.3,2.33,3970859,92.33,2569, 3327857, 83.81
SIRCA, EQ, 26-Aug-2020,238.65,242.5,279.55,238.75, 267.10,266.85,260.58,107799,280.9,2726, 56751, 52.65
SIS, EQ, 26-Aug-2020,386.9,388.0,392.7,385.05, 386.80,386.4,388.98,49962,194.34,1833, 33120, 66.29
SITINET, EQ, 26-Aug-2020,1.85,1.9,1.9,1.9, 1.90,1.9,1.9,98585,1.87,59, 95390, 96.76
SIYSIL, EQ, 26-Aug-2020,156.6,158.5,163.95,155.0, 163.00,162.6,161.45,123095,198.73,3104, 61435, 49.91
SJVN, EQ, 26-Aug-2020,24.1,24.35,24.6,24.1, 24.55,24.5,24.44,1017667,248.71,2774, 693296, 68.13
SKFINDIA, EQ, 26-Aug-2020,1621.45,1640.0,1666.0,1621.45, 1659.00,1661.85,1651.21,269722,4453.67,9866, 203671, 75.51
SKIL, EQ, 26-Aug-2020,3.5,3.55,3.65,3.4, 3.60,3.6,3.55,172827,6.13,620, 128947, 74.61
SKIPPER, EQ, 26-Aug-2020,48.3,49.5,50.15,48.3, 49.35,49.2,49.45,178941,88.48,917, 137631, 76.91
SKMEGGPROD, EQ, 26-Aug-2020,49.6,48.8,52.75,48.15, 51.55,51.5,50.91,154490,78.66,1450, 56863, 36.81
SMARTLINK, EQ, 26-Aug-2020,72.45,71.5,77.3,71.5, 75.75,74.85,74.83,37649,28.17,844, 23595, 62.67
SMLISUZU, EQ, 26-Aug-2020,443.2,447.95,460.9,445.0, 453.95,454.3,451.82,93289,421.5,3337, 40465, 43.38
SMPL, BZ, 26-Aug-2020,0.2,0.2,0.2,0.15, 0.20,0.2,0.16,47857,0.08,16, -, -
SMSLIFE, EQ, 26-Aug-2020,476.05,490.0,490.0,470.0, 474.00,473.2,479.99,15795,75.81,1153, 9096, 57.59
SMSPHARMA, EQ, 26-Aug-2020,92.0,92.0,94.9,91.1, 93.10,92.8,92.96,317493,295.13,2970, 129356, 40.74
SMVD, SM, 26-Aug-2020,11.55,12.0,12.0,12.0, 12.00,12.0,12.0,4000,0.48,2, 2000, 50.00
SNOWMAN, EQ, 26-Aug-2020,34.8,35.0,35.6,33.6, 33.90,34.0,34.5,614758,212.11,3001, 289922, 47.16
SOBHA, EQ, 26-Aug-2020,251.95,253.2,266.0,250.25, 256.70,255.3,257.99,643951,1661.3,16882, 226525, 35.18
SOFTTECH, SM, 26-Aug-2020,54.45,56.0,56.0,51.8, 54.00,52.6,54.08,30400,16.44,11, 25600, 84.21
SOLARA, EQ, 26-Aug-2020,984.4,989.7,995.8,960.0, 968.05,968.95,974.13,65104,634.2,4409, 29448, 45.23
SOLARINDS, EQ, 26-Aug-2020,1142.35,1133.9,1159.0,1130.0, 1135.00,1139.25,1139.61,13109,149.39,1666, 6781, 51.73
SOMANYCERA, EQ, 26-Aug-2020,170.05,171.4,176.85,168.6, 171.50,171.65,172.25,260846,449.31,2841, 203096, 77.86
SOMATEX, EQ, 26-Aug-2020,3.15,3.25,3.3,3.1, 3.25,3.25,3.21,4337,0.14,10, 4312, 99.42
SOMICONVEY, EQ, 26-Aug-2020,34.45,34.45,36.0,31.1, 31.30,31.95,31.94,90973,29.06,833, 49103, 53.98
SONAMCLOCK, SM, 26-Aug-2020,49.5,54.0,54.0,54.0, 54.00,54.0,54.0,12000,6.48,4, 12000, 100.00
SONATSOFTW, EQ, 26-Aug-2020,320.25,320.2,326.5,318.15, 321.50,321.3,322.11,284661,916.92,16176, 88079, 30.94
SORILINFRA, EQ, 26-Aug-2020,67.85,70.2,74.6,69.55, 74.60,74.6,73.05,159972,116.85,868, 99736, 62.35
SOTL, EQ, 26-Aug-2020,711.65,739.85,749.0,717.1, 730.00,727.45,730.69,3086,22.55,338, 2167, 70.22
SOUTHBANK, EQ, 26-Aug-2020,7.35,7.4,7.5,7.35, 7.40,7.4,7.44,14495839,1077.9,63625, 6669878, 46.01
SOUTHWEST, EQ, 26-Aug-2020,24.0,25.1,25.2,23.25, 25.20,25.0,24.73,45357,11.22,248, 33883, 74.70
SPAL, EQ, 26-Aug-2020,103.75,103.75,110.0,103.3, 105.95,104.75,107.28,92503,99.23,1319, 51209, 55.36
SPANDANA, EQ, 26-Aug-2020,611.45,617.0,628.5,605.45, 616.50,618.7,616.6,57386,353.84,3425, 29862, 52.04
SPARC, EQ, 26-Aug-2020,181.9,182.85,188.0,180.1, 181.00,180.85,183.47,1162114,2132.12,11474, 478050, 41.14
SPCENET, EQ, 26-Aug-2020,1.15,1.2,1.2,1.2, 1.20,1.2,1.2,51268,0.62,18, 51268, 100.00
SPECIALITY, EQ, 26-Aug-2020,35.0,35.5,35.5,32.5, 33.60,33.35,33.52,269503,90.34,1264, 197460, 73.27
SPENCERS, EQ, 26-Aug-2020,88.4,89.0,94.7,88.55, 94.30,93.4,92.37,2580416,2383.58,13314, 918808, 35.61
SPENTEX, BE, 26-Aug-2020,0.65,0.7,0.7,0.65, 0.65,0.7,0.68,64144,0.44,37, -, -
SPIC, EQ, 26-Aug-2020,21.35,21.4,22.5,21.35, 22.20,22.25,22.15,720822,159.68,2294, 349231, 48.45
SPICEJET, EQ, 26-Aug-2020,51.85,52.9,53.15,52.0, 52.30,52.3,52.46,4017058,2107.17,14283, 1773686, 44.15
SPLIL, EQ, 26-Aug-2020,30.75,31.0,31.35,29.7, 30.55,30.05,30.47,59486,18.13,403, 43500, 73.13
SPMLINFRA, EQ, 26-Aug-2020,11.6,11.95,11.95,11.05, 11.50,11.15,11.34,79490,9.01,218, 54189, 68.17
SPTL, EQ, 26-Aug-2020,2.65,2.7,2.7,2.6, 2.70,2.65,2.65,1702603,45.18,712, 1045178, 61.39
SPYL, BE, 26-Aug-2020,0.35,0.4,0.4,0.35, 0.40,0.35,0.38,193036,0.73,102, -, -
SREEL, EQ, 26-Aug-2020,145.25,147.8,147.8,143.0, 144.50,144.4,144.99,24401,35.38,479, 18820, 77.13
SREIBNPNCD, NJ, 26-Aug-2020,900.0,900.0,900.0,900.0, 900.00,900.0,900.0,26,0.23,4, 26, 100.00
SREIBNPNCD, NL, 26-Aug-2020,900.0,900.0,900.0,900.0, 900.00,900.0,900.0,25,0.23,3, 25, 100.00
SREIBNPNCD, NU, 26-Aug-2020,819.0,805.1,805.1,805.0, 805.00,805.03,805.03,250,2.01,3, 250, 100.00
SREIBNPNCD, NX, 26-Aug-2020,840.0,900.0,900.0,900.0, 900.00,900.0,900.0,4,0.04,1, 4, 100.00
SREIBNPNCD, Y2, 26-Aug-2020,852.01,870.0,870.0,870.0, 870.00,870.0,870.0,250,2.18,4, 250, 100.00
SREIBNPNCD, Y3, 26-Aug-2020,1155.0,1170.0,1190.0,1170.0, 1190.00,1190.0,1178.0,25,0.29,4, 25, 100.00
SREIBNPNCD, Y4, 26-Aug-2020,1000.0,900.5,900.5,900.5, 900.50,900.5,900.5,24,0.22,1, 24, 100.00
SREIBNPNCD, Y5, 26-Aug-2020,975.0,950.5,950.5,950.5, 950.50,950.5,950.5,20,0.19,2, 20, 100.00
SREIBNPNCD, Y8, 26-Aug-2020,845.0,900.0,900.0,900.0, 900.00,900.0,900.0,1,0.01,1, 1, 100.00
SREINFRA, EQ, 26-Aug-2020,7.7,7.8,8.15,7.75, 8.00,8.05,8.03,2034606,163.4,2297, 1411058, 69.35
SRF, EQ, 26-Aug-2020,4276.25,4298.0,4329.0,4210.4, 4254.75,4256.65,4264.31,185977,7930.64,14726, 48746, 26.21
SRHHYPOLTD, EQ, 26-Aug-2020,181.05,185.4,188.0,177.0, 181.80,179.05,180.85,43134,78.01,858, 27849, 64.56
SRIPIPES, EQ, 26-Aug-2020,197.45,198.8,200.7,196.1, 197.30,197.8,198.12,120748,239.23,2453, 76695, 63.52
SRPL, SM, 26-Aug-2020,34.85,32.0,32.0,32.0, 32.00,32.0,32.0,4000,1.28,1, 4000, 100.00
SRTRANSFIN, EQ, 26-Aug-2020,694.95,700.0,731.0,693.15, 729.75,726.35,713.47,8429631,60142.98,134323, 1910551, 22.66
SRTRANSFIN, Y3, 26-Aug-2020,1055.0,1050.0,1055.0,1050.0, 1050.00,1050.01,1054.61,317,3.34,7, 317, 100.00
SRTRANSFIN, Y9, 26-Aug-2020,1019.06,1019.0,1021.1,1019.0, 1021.10,1021.1,1019.94,173,1.76,8, 173, 100.00
SRTRANSFIN, YB, 26-Aug-2020,1018.0,1015.0,1018.0,1015.0, 1016.50,1016.5,1017.11,114,1.16,5, 114, 100.00
SRTRANSFIN, YH, 26-Aug-2020,984.5,966.05,984.0,966.05, 984.00,984.0,972.03,3,0.03,2, 3, 100.00
SRTRANSFIN, YI, 26-Aug-2020,990.0,975.0,990.0,975.0, 990.00,990.0,987.0,10,0.1,2, 10, 100.00
SRTRANSFIN, YJ, 26-Aug-2020,985.14,985.4,991.0,985.0, 986.50,986.5,987.24,4583,45.25,39, 4583, 100.00
SRTRANSFIN, YK, 26-Aug-2020,989.99,974.0,986.0,974.0, 980.01,981.25,977.73,84,0.82,7, 65, 77.38
SRTRANSFIN, YL, 26-Aug-2020,972.0,990.0,995.05,990.0, 995.05,992.73,991.17,361,3.58,7, 361, 100.00
SRTRANSFIN, YM, 26-Aug-2020,1181.0,1183.99,1183.99,1177.0, 1177.00,1177.0,1182.59,50,0.59,3, 40, 80.00
SRTRANSFIN, YN, 26-Aug-2020,1140.4,1159.0,1159.0,1150.01, 1155.00,1155.0,1158.01,454,5.26,10, 404, 88.99
SRTRANSFIN, YO, 26-Aug-2020,1000.0,995.55,999.0,995.55, 999.00,999.0,997.85,3,0.03,3, 2, 66.67
SRTRANSFIN, YP, 26-Aug-2020,1005.0,1003.0,1003.0,1000.0, 1000.00,1000.5,1000.51,59,0.59,5, 59, 100.00
SRTRANSFIN, YQ, 26-Aug-2020,1050.0,1048.0,1051.0,1047.6, 1048.95,1048.97,1049.44,70,0.73,6, 70, 100.00
SRTRANSFIN, YS, 26-Aug-2020,1054.0,1042.0,1042.0,1042.0, 1042.00,1042.0,1042.0,1,0.01,1, 1, 100.00
SRTRANSFIN, YT, 26-Aug-2020,1146.0,1154.0,1155.0,1150.0, ,1155.0,1154.5,12,0.14,3, 10, 83.33
SRTRANSFIN, YU, 26-Aug-2020,1138.0,1138.0,1138.0,1138.0, 1138.00,1138.0,1138.0,13,0.15,1, 13, 100.00
SRTRANSFIN, YV, 26-Aug-2020,990.0,990.0,990.0,990.0, 990.00,990.0,990.0,50,0.5,1, 50, 100.00
SRTRANSFIN, YW, 26-Aug-2020,1043.0,1043.0,1043.0,1000.0, 1010.00,1010.0,1003.6,73,0.73,10, 52, 71.23
SRTRANSFIN, YX, 26-Aug-2020,1018.0,1020.61,1025.0,1020.61, 1025.00,1025.0,1022.81,50,0.51,2, 25, 50.00
SRTRANSFIN, Z1, 26-Aug-2020,1119.23,1119.0,1119.0,1119.0, 1119.00,1119.0,1119.0,100,1.12,4, 100, 100.00
SRTRANSFIN, Z2, 26-Aug-2020,1078.0,1070.0,1100.0,1065.0, 1065.00,1065.0,1071.32,1161,12.44,20, 961, 82.77
SRTRANSFIN, Z7, 26-Aug-2020,1001.05,992.5,992.5,992.5, 992.50,992.5,992.5,20,0.2,3, 20, 100.00
SRTRANSFIN, ZG, 26-Aug-2020,1012.5,995.5,995.5,995.5, 995.50,995.5,995.5,20,0.2,1, 20, 100.00
SSWL, EQ, 26-Aug-2020,474.3,477.0,491.35,473.25, 476.85,476.45,479.38,50182,240.56,2860, 25970, 51.75
STAR, EQ, 26-Aug-2020,606.5,608.0,617.0,596.1, 611.00,610.95,607.09,1241563,7537.44,19462, 423489, 34.11
STARCEMENT, EQ, 26-Aug-2020,91.2,91.95,91.95,89.8, 90.80,90.8,90.63,84516,76.59,1122, 49624, 58.72
STARPAPER, EQ, 26-Aug-2020,104.5,105.4,108.45,105.0, 106.45,105.7,106.37,176075,187.28,3082, 70643, 40.12
STCINDIA, EQ, 26-Aug-2020,63.85,63.85,66.0,63.55, 64.00,63.85,64.35,26915,17.32,633, 16275, 60.47
STEELCITY, EQ, 26-Aug-2020,40.15,41.0,43.1,38.3, 39.90,39.7,39.91,4200,1.68,61, 2445, 58.21
STEELXIND, EQ, 26-Aug-2020,34.95,36.0,36.65,35.0, 36.65,36.65,36.59,124437,45.53,155, 114598, 92.09
STEL, EQ, 26-Aug-2020,64.05,63.8,64.0,62.1, 62.55,62.9,62.9,14285,8.99,324, 9759, 68.32
STERTOOLS, EQ, 26-Aug-2020,194.6,196.95,197.5,193.65, 196.00,194.7,195.49,15850,30.99,552, 9645, 60.85
STINDIA, BE, 26-Aug-2020,3.5,3.65,3.65,3.5, 3.50,3.5,3.65,504,0.02,5, -, -
STRTECH, EQ, 26-Aug-2020,167.35,168.0,174.7,164.25, 171.25,172.25,170.91,3408676,5825.88,29277, 1004137, 29.46
SUBCAPCITY, BE, 26-Aug-2020,27.1,28.45,28.45,25.75, 28.45,27.8,27.82,2871,0.8,28, -, -
SUBEX, EQ, 26-Aug-2020,10.95,10.8,11.45,10.8, 11.45,11.35,11.12,1671039,185.87,1200, 1175440, 70.34
SUBROS, EQ, 26-Aug-2020,268.65,265.7,274.7,263.0, 263.00,264.75,267.71,101071,270.58,3125, 51889, 51.34
SUDARSCHEM, EQ, 26-Aug-2020,475.15,476.0,480.0,461.1, 473.70,472.45,472.18,325749,1538.12,17046, 71196, 21.86
SUJANAUNI, BE, 26-Aug-2020,0.3,0.35,0.35,0.3, 0.35,0.35,0.32,313644,1.02,177, -, -
SUMEETINDS, EQ, 26-Aug-2020,2.5,2.6,2.6,2.6, 2.60,2.6,2.6,44433,1.16,38, 44433, 100.00
SUMICHEM, EQ, 26-Aug-2020,284.6,283.3,291.5,282.1, 287.20,287.6,288.05,348150,1002.86,4716, 192029, 55.16
SUMIT, EQ, 26-Aug-2020,9.9,9.9,10.1,9.8, 10.00,10.0,9.98,30232,3.02,110, 20785, 68.75
SUMMITSEC, EQ, 26-Aug-2020,411.0,411.05,411.05,396.05, 401.45,397.85,400.99,10718,42.98,363, 7752, 72.33
SUNCLAYLTD, EQ, 26-Aug-2020,1867.6,1888.0,1909.0,1875.0, 1875.05,1887.15,1896.08,3488,66.14,616, 2157, 61.84
SUNDARAM, EQ, 26-Aug-2020,1.35,1.4,1.4,1.3, 1.35,1.35,1.36,214584,2.92,143, 175415, 81.75
SUNDARMFIN, EQ, 26-Aug-2020,1473.75,1465.0,1477.7,1435.85, 1473.80,1470.35,1457.23,14591,212.62,2722, 8650, 59.28
SUNDARMHLD, EQ, 26-Aug-2020,62.5,63.0,63.3,60.0, 61.15,61.05,61.5,181208,111.44,1096, 132741, 73.25
SUNDRMBRAK, EQ, 26-Aug-2020,275.25,275.0,280.0,268.5, 274.80,272.6,273.64,5442,14.89,431, 2808, 51.60
SUNDRMFAST, EQ, 26-Aug-2020,465.75,463.4,475.0,463.25, 468.00,467.85,468.14,69961,327.52,7054, 50313, 71.92
SUNFLAG, EQ, 26-Aug-2020,47.0,47.35,48.2,46.25, 46.75,46.8,47.09,386386,181.97,2090, 172462, 44.63
SUNPHARMA, EQ, 26-Aug-2020,525.1,526.05,530.0,522.25, 526.20,525.15,525.49,5206246,27358.19,52981, 1428080, 27.43
SUNTECK, EQ, 26-Aug-2020,254.45,256.0,260.5,250.85, 255.15,257.5,255.36,420860,1074.69,13493, 85178, 20.24
SUNTV, EQ, 26-Aug-2020,479.7,481.0,488.5,476.0, 487.00,485.1,482.38,2645689,12762.26,37313, 436031, 16.48
SUPERHOUSE, EQ, 26-Aug-2020,99.3,100.0,112.8,100.0, 108.00,107.05,108.11,235496,254.59,3243, 82474, 35.02
SUPERSPIN, EQ, 26-Aug-2020,4.65,4.65,4.8,4.45, 4.65,4.6,4.54,52572,2.39,108, 39855, 75.81
SUPPETRO, EQ, 26-Aug-2020,218.95,221.45,236.8,216.0, 228.95,229.2,227.92,387518,883.22,5801, 227256, 58.64
SUPRAJIT, EQ, 26-Aug-2020,188.55,193.0,197.75,190.05, 193.10,192.7,193.92,640024,1241.15,10847, 295649, 46.19
SUPREMEENG, SM, 26-Aug-2020,16.95,16.3,16.35,16.2, 16.20,16.3,16.31,24000,3.91,6, 20000, 83.33
SUPREMEIND, EQ, 26-Aug-2020,1348.1,1351.0,1367.85,1325.0, 1329.95,1330.85,1333.57,71355,951.57,6923, 56640, 79.38
SUPREMEINF, BZ, 26-Aug-2020,12.3,11.7,11.7,11.7, 11.70,11.7,11.7,2113,0.25,13, -, -
SURANASOL, EQ, 26-Aug-2020,7.35,7.35,7.4,7.1, 7.20,7.2,7.23,27789,2.01,140, 21947, 78.98
SURANAT&P, EQ, 26-Aug-2020,3.85,3.85,3.95,3.6, 3.85,3.85,3.78,21960,0.83,51, 18909, 86.11
SURANI, SM, 26-Aug-2020,24.3,25.5,25.5,25.5, 25.50,25.5,25.5,2000,0.51,1, 2000, 100.00
SURYALAXMI, EQ, 26-Aug-2020,18.6,18.05,18.6,18.0, 18.60,18.5,18.33,6218,1.14,65, 3476, 55.90
SURYAROSNI, EQ, 26-Aug-2020,182.85,181.1,185.9,180.0, 181.50,180.95,182.62,90061,164.47,2142, 50089, 55.62
SUTLEJTEX, EQ, 26-Aug-2020,24.3,24.25,24.9,23.6, 24.20,24.35,24.31,92189,22.41,718, 67311, 73.01
SUULD, SM, 26-Aug-2020,30.5,29.0,29.5,29.0, 29.50,29.5,29.33,24000,7.04,3, 24000, 100.00
SUVEN, EQ, 26-Aug-2020,52.6,53.45,55.3,52.0, 53.65,53.6,53.41,1026066,548.01,5303, 532953, 51.94
SUVENPHAR, EQ, 26-Aug-2020,701.6,707.85,713.25,695.0, 700.00,698.1,702.15,184293,1294.01,8881, 108930, 59.11
SUZLON, EQ, 26-Aug-2020,3.95,3.95,3.95,3.85, 3.90,3.85,3.89,14045970,546.77,12777, 11202790, 79.76
SVLL, SM, 26-Aug-2020,81.25,83.0,83.0,83.0, 83.00,83.0,83.0,8000,6.64,4, 8000, 100.00
SWANENERGY, EQ, 26-Aug-2020,132.9,133.0,136.0,132.0, 133.00,133.0,133.27,180512,240.56,4477, 69334, 38.41
SWARAJENG, EQ, 26-Aug-2020,1658.0,1685.0,1685.0,1618.0, 1628.30,1630.2,1632.82,6720,109.73,1130, 3596, 53.51
SWELECTES, EQ, 26-Aug-2020,149.45,150.5,154.25,150.0, 152.30,151.1,152.0,35846,54.49,909, 19161, 53.45
SWSOLAR, EQ, 26-Aug-2020,263.95,264.05,279.6,260.6, 277.00,277.4,272.64,403551,1100.24,7010, 183662, 45.51
SYMPHONY, EQ, 26-Aug-2020,885.7,890.15,936.0,890.15, 927.00,930.05,921.35,194652,1793.42,10167, 84152, 43.23
SYNCOM, EQ, 26-Aug-2020,1.85,1.8,1.85,1.8, 1.80,1.8,1.8,313631,5.65,212, 296708, 94.60
SYNGENE, EQ, 26-Aug-2020,503.85,508.8,512.95,487.85, 491.90,491.75,502.36,706507,3549.21,21488, 309947, 43.87
TAINWALCHM, EQ, 26-Aug-2020,48.8,51.9,53.65,48.4, 53.65,53.65,52.85,47849,25.29,428, 24472, 51.14
TAJGVK, EQ, 26-Aug-2020,142.6,143.95,145.95,142.45, 143.95,143.8,143.87,82752,119.06,1617, 34008, 41.10
TAKE, EQ, 26-Aug-2020,57.25,57.65,59.7,56.5, 57.10,57.2,58.08,1456967,846.26,8132, 675661, 46.37
TALBROAUTO, EQ, 26-Aug-2020,125.4,128.15,138.95,127.0, 134.00,134.55,135.16,244059,329.87,5233, 76213, 31.23
TALWALKARS, BZ, 26-Aug-2020,3.7,3.6,3.85,3.55, 3.85,3.7,3.76,92877,3.49,128, -, -
TALWGYM, BZ, 26-Aug-2020,2.2,2.2,2.3,2.1, 2.20,2.2,2.27,40503,0.92,57, -, -
TANLA, EQ, 26-Aug-2020,230.05,234.9,241.55,232.1, 241.55,241.55,239.02,195144,466.44,1291, 152214, 78.00
TARMAT, EQ, 26-Aug-2020,42.45,42.4,43.85,41.65, 42.05,42.0,42.54,77336,32.9,270, 70555, 91.23
TASTYBITE, EQ, 26-Aug-2020,13005.2,12800.0,13298.0,12710.0, 13000.00,12963.0,13018.51,2314,301.25,699, 1428, 61.71
TATACAPHSG, N2, 26-Aug-2020,1053.88,1050.0,1050.0,1050.0, 1050.00,1050.0,1050.0,5,0.05,1, 5, 100.00
TATACAPHSG, N4, 26-Aug-2020,1055.0,1040.02,1040.02,1040.0, 1040.00,1040.0,1040.0,100,1.04,3, 100, 100.00
TATACAPHSG, N6, 26-Aug-2020,1070.07,1072.0,1080.0,1072.0, 1075.00,1075.0,1077.0,19,0.2,4, 19, 100.00
TATACHEM, EQ, 26-Aug-2020,333.85,337.2,339.65,330.2, 334.70,334.5,333.08,4591174,15292.4,45571, 1262878, 27.51
TATACOFFEE, EQ, 26-Aug-2020,113.6,114.0,118.75,113.75, 116.80,117.65,116.66,2009265,2343.98,13513, 574183, 28.58
TATACOMM, EQ, 26-Aug-2020,885.5,886.2,887.0,868.0, 876.00,871.8,872.87,112385,980.98,6476, 84722, 75.39
TATACONSUM, EQ, 26-Aug-2020,545.55,544.9,561.4,544.7, 549.00,549.15,553.86,5778039,32002.32,84180, 2117994, 36.66
TATAELXSI, EQ, 26-Aug-2020,1093.1,1093.1,1118.05,1088.45, 1103.05,1100.35,1104.28,320144,3535.27,12367, 81081, 25.33
TATAINVEST, EQ, 26-Aug-2020,850.05,853.75,861.05,837.25, 839.00,839.7,849.66,57568,489.13,3088, 33639, 58.43
TATAMETALI, EQ, 26-Aug-2020,566.85,568.95,580.0,563.0, 576.00,575.3,575.0,53304,306.5,3070, 24079, 45.17
TATAMOTORS, EQ, 26-Aug-2020,127.1,130.5,139.0,128.35, 138.40,137.9,133.87,197516356,264417.65,583201, 27004695, 13.67
TATAMTRDVR, EQ, 26-Aug-2020,47.95,49.0,54.2,48.25, 53.25,53.35,51.47,35570881,18306.98,69827, 10990841, 30.90
TATAPOWER, EQ, 26-Aug-2020,60.0,60.3,63.25,60.0, 62.95,62.65,61.6,73744794,45427.46,124511, 15798449, 21.42
TATASTEEL, EQ, 26-Aug-2020,424.0,425.0,427.75,422.2, 425.50,425.0,424.84,7957164,33804.82,68604, 1788102, 22.47
TATASTLBSL, EQ, 26-Aug-2020,25.25,25.0,25.4,25.0, 25.40,25.35,25.23,826330,208.44,5049, 400222, 48.43
TATASTLLP, EQ, 26-Aug-2020,310.75,313.75,318.0,310.5, 312.00,313.05,313.54,49032,153.73,1766, 33686, 68.70
TATASTLPP, E1, 26-Aug-2020,65.1,66.9,66.9,63.3, 63.85,63.95,64.28,306284,196.87,1606, 199339, 65.08
TBZ, EQ, 26-Aug-2020,34.9,35.35,37.7,34.9, 36.85,37.25,36.76,617840,227.1,3659, 334635, 54.16
TCFSL, NB, 26-Aug-2020,1102.14,1105.0,1105.0,1100.0, 1100.00,1100.0,1100.4,738,8.12,19, 701, 94.99
TCFSL, ND, 26-Aug-2020,1133.7,1137.0,1138.0,1132.0, 1137.20,1137.2,1135.2,2281,25.89,93, 1917, 84.04
TCFSL, NF, 26-Aug-2020,1192.49,1198.99,1229.0,1183.01, 1194.01,1195.87,1212.27,609,7.38,13, 518, 85.06
TCFSL, NH, 26-Aug-2020,1035.0,1035.2,1035.2,1030.0, 1032.00,1032.0,1030.28,379,3.9,7, 379, 100.00
TCFSL, NJ, 26-Aug-2020,1058.2,1062.0,1062.0,1062.0, 1062.00,1062.0,1062.0,19,0.2,2, 19, 100.00
TCFSL, NL, 26-Aug-2020,1078.0,1078.0,1079.5,1075.0, 1078.00,1078.76,1075.92,1025,11.03,14, 1000, 97.56
TCFSL, NN, 26-Aug-2020,1100.0,1100.0,1100.0,1100.0, 1100.00,1100.0,1100.0,75,0.83,3, 75, 100.00
TCI, EQ, 26-Aug-2020,230.1,230.2,237.55,224.75, 227.90,228.4,232.55,38462,89.44,1561, 16254, 42.26
TCIDEVELOP, EQ, 26-Aug-2020,301.1,301.95,313.95,295.2, 300.55,305.7,306.12,608,1.86,85, 276, 45.39
TCIEXP, EQ, 26-Aug-2020,809.55,839.8,877.65,835.05, 849.00,844.65,850.07,106304,903.66,7506, 31784, 29.90
TCIFINANCE, EQ, 26-Aug-2020,5.75,5.7,5.95,5.7, 5.75,5.75,5.83,15790,0.92,35, 10551, 66.82
TCNSBRANDS, EQ, 26-Aug-2020,389.25,393.7,414.75,373.0, 408.00,410.0,404.37,105886,428.17,7266, 65143, 61.52
TCPLPACK, EQ, 26-Aug-2020,421.95,428.0,435.0,421.95, 425.05,427.25,429.46,8016,34.43,316, 4778, 59.61
TCS, EQ, 26-Aug-2020,2242.65,2242.0,2259.9,2216.45, 2257.00,2253.5,2237.68,2618159,58585.93,100248, 954842, 36.47
TDPOWERSYS, EQ, 26-Aug-2020,125.45,125.5,137.0,125.45, 128.60,129.7,133.09,117875,156.88,2504, 51411, 43.61
TEAMLEASE, EQ, 26-Aug-2020,2334.1,2355.0,2380.0,2301.65, 2320.00,2326.65,2337.48,85362,1995.32,2919, 75255, 88.16
TECHIN, EQ, 26-Aug-2020,3.25,3.25,3.4,3.1, 3.40,3.25,3.38,11326,0.38,28, 10939, 96.58
TECHM, EQ, 26-Aug-2020,738.6,740.95,741.0,727.0, 731.05,732.85,732.4,3157124,23122.92,65062, 947100, 30.00
TECHNOE, EQ, 26-Aug-2020,202.15,205.0,225.85,204.0, 225.00,221.5,215.15,348391,749.57,7976, 147253, 42.27
TECHNOFAB, EQ, 26-Aug-2020,10.0,10.5,10.5,10.5, 10.50,10.5,10.5,10265,1.08,27, 10264, 99.99
TEJASNET, EQ, 26-Aug-2020,64.95,66.0,66.0,63.55, 63.75,64.4,64.76,128598,83.28,1041, 100440, 78.10
TERASOFT, EQ, 26-Aug-2020,31.0,31.1,32.4,31.0, 32.30,32.25,32.09,82679,26.54,413, 57490, 69.53
TEXINFRA, EQ, 26-Aug-2020,43.0,43.1,43.1,41.3, 42.05,42.2,42.18,62239,26.25,542, 40881, 65.68
TEXMOPIPES, EQ, 26-Aug-2020,14.85,15.5,15.5,14.7, 14.95,14.8,14.99,95348,14.29,345, 67138, 70.41
TEXRAIL, EQ, 26-Aug-2020,33.8,33.4,33.5,31.9, 32.65,32.65,32.53,1133212,368.64,6079, 628926, 55.50
TFCILTD, EQ, 26-Aug-2020,40.5,40.9,41.8,40.35, 40.75,40.85,41.2,786284,323.96,3271, 582317, 74.06
TFL, EQ, 26-Aug-2020,3.7,3.8,3.8,3.55, 3.75,3.6,3.63,3029,0.11,20, 2428, 80.16
TGBHOTELS, EQ, 26-Aug-2020,6.65,6.95,6.95,6.9, 6.95,6.95,6.94,62525,4.34,85, 62024, 99.20
THANGAMAYL, EQ, 26-Aug-2020,369.35,372.0,420.0,370.0, 399.00,398.95,402.02,225015,904.6,12154, 59169, 26.30
THEINVEST, EQ, 26-Aug-2020,137.35,135.0,137.7,128.95, 134.05,136.0,135.53,2805,3.8,87, 2062, 73.51
THEJO, SM, 26-Aug-2020,666.3,661.0,661.0,635.0, 650.00,651.0,651.8,2800,18.25,10, 2800, 100.00
THEMISMED, EQ, 26-Aug-2020,394.05,398.95,398.95,383.0, 387.30,384.5,387.71,8626,33.44,420, 6236, 72.29
THERMAX, EQ, 26-Aug-2020,802.5,805.1,810.5,796.0, 801.50,798.25,802.18,24822,199.12,1916, 14636, 58.96
THIRUSUGAR, BZ, 26-Aug-2020,4.3,4.3,4.4,4.3, 4.40,4.4,4.36,5106,0.22,5, -, -
THOMASCOOK, EQ, 26-Aug-2020,36.9,37.45,37.8,36.5, 36.90,36.95,37.18,458892,170.61,7634, 321653, 70.09
THOMASCOTT, BE, 26-Aug-2020,5.2,5.15,5.15,4.95, 5.10,5.1,5.14,673,0.03,5, -, -
THYROCARE, EQ, 26-Aug-2020,776.55,777.8,783.05,746.1, 759.45,759.5,759.12,211323,1604.19,10788, 113613, 53.76
TI, EQ, 26-Aug-2020,17.6,17.7,18.1,17.25, 17.60,17.7,17.7,29333,5.19,172, 20059, 68.38
TIDEWATER, EQ, 26-Aug-2020,4673.35,4680.0,4680.05,4616.35, 4655.00,4643.1,4641.33,1720,79.83,472, 1239, 72.03
TIIL, EQ, 26-Aug-2020,317.15,312.35,314.7,304.0, 305.00,305.75,308.18,11495,35.43,528, 7761, 67.52
TIINDIA, EQ, 26-Aug-2020,647.45,635.0,639.9,622.5, 625.50,625.85,626.58,476370,2984.83,9348, 385353, 80.89
TIJARIA, EQ, 26-Aug-2020,6.45,6.75,6.75,6.5, 6.75,6.75,6.73,22979,1.55,61, 21650, 94.22
TIL, EQ, 26-Aug-2020,173.7,174.0,178.9,167.15, 169.00,169.0,172.15,16072,27.67,569, 9949, 61.90
TIMESGTY, EQ, 26-Aug-2020,25.0,24.65,26.0,24.25, 25.95,25.9,25.62,2738,0.7,40, 1938, 70.78
TIMETECHNO, EQ, 26-Aug-2020,47.55,47.9,48.0,45.55, 46.20,46.2,46.66,903721,421.65,4094, 629513, 69.66
TIMKEN, EQ, 26-Aug-2020,1124.05,1138.0,1160.0,1115.25, 1130.00,1138.75,1139.4,95432,1087.35,9692, 42262, 44.28
TINPLATE, EQ, 26-Aug-2020,147.25,148.0,150.7,146.75, 146.80,147.4,148.23,543299,805.33,5741, 117369, 21.60
TIPSINDLTD, EQ, 26-Aug-2020,188.8,190.0,193.8,186.6, 187.70,188.05,189.15,11136,21.06,653, 6778, 60.87
TIRUMALCHM, EQ, 26-Aug-2020,70.35,71.0,73.65,70.95, 71.70,71.7,72.35,672948,486.86,4259, 254861, 37.87
TIRUPATIFL, EQ, 26-Aug-2020,31.5,33.0,33.0,29.95, 32.00,32.0,30.44,1661,0.51,18, 1511, 90.97
TITAN, EQ, 26-Aug-2020,1136.5,1139.7,1150.0,1127.15, 1132.05,1134.2,1141.98,2009966,22953.42,61718, 330859, 16.46
TMRVL, EQ, 26-Aug-2020,10.0,10.1,10.3,9.7, 9.70,9.75,9.85,103405,10.18,346, 67144, 64.93
TNPETRO, EQ, 26-Aug-2020,41.3,41.25,41.85,40.65, 41.15,41.15,41.29,522475,215.74,2171, 225700, 43.20
TNPL, EQ, 26-Aug-2020,124.55,125.5,129.15,124.0, 127.00,126.8,126.85,492971,625.36,6367, 222503, 45.14
TNTELE, BE, 26-Aug-2020,1.7,1.75,1.75,1.65, 1.65,1.65,1.66,1955,0.03,9, -, -
TOKYOPLAST, EQ, 26-Aug-2020,61.7,61.4,63.35,60.1, 63.25,61.5,61.85,3923,2.43,179, 2237, 57.02
TORNTPHARM, EQ, 26-Aug-2020,2804.35,2810.0,2818.15,2747.7, 2757.00,2755.2,2764.39,454731,12570.52,21590, 159273, 35.03
TORNTPOWER, EQ, 26-Aug-2020,351.85,352.6,358.0,348.4, 350.90,350.25,353.53,777848,2749.9,8994, 121458, 15.61
TOTAL, SM, 26-Aug-2020,22.55,23.65,23.65,23.65, 23.65,23.65,23.65,3000,0.71,1, 3000, 100.00
TOUCHWOOD, EQ, 26-Aug-2020,51.4,52.6,52.6,49.0, 51.00,51.0,50.2,3496,1.75,29, 3300, 94.39
TPLPLASTEH, EQ, 26-Aug-2020,140.8,144.0,147.9,141.0, 144.40,141.6,144.19,38804,55.95,1179, 18479, 47.62
TREEHOUSE, EQ, 26-Aug-2020,7.45,7.1,7.3,7.1, 7.10,7.1,7.12,56378,4.01,164, 48023, 85.18
TRENT, EQ, 26-Aug-2020,646.7,651.55,684.0,646.8, 649.00,649.9,665.53,1608981,10708.25,58233, 692266, 43.03
TRF, BE, 26-Aug-2020,91.35,90.0,93.45,90.0, 92.00,91.35,90.7,9797,8.89,137, -, -
TRIDENT, EQ, 26-Aug-2020,6.75,6.75,6.8,6.7, 6.75,6.7,6.74,5929871,399.56,36320, 3243955, 54.71
TRIGYN, EQ, 26-Aug-2020,56.05,56.2,58.85,53.25, 58.85,58.85,55.79,244875,136.61,1687, 151989, 62.07
TRIL, EQ, 26-Aug-2020,10.5,10.75,10.75,10.35, 10.70,10.7,10.52,135391,14.24,338, 93997, 69.43
TRITURBINE, EQ, 26-Aug-2020,75.05,74.1,75.45,73.0, 73.90,73.5,73.97,130742,96.71,2735, 71190, 54.45
TRIVENI, EQ, 26-Aug-2020,78.3,78.3,79.0,77.7, 78.10,78.15,78.26,619189,484.55,4649, 425205, 68.67
TTKHLTCARE, EQ, 26-Aug-2020,490.25,490.25,524.4,490.25, 507.75,505.45,506.47,4011,20.31,461, 2239, 55.82
TTKPRESTIG, EQ, 26-Aug-2020,5894.3,5892.95,5960.5,5820.0, 5826.15,5842.75,5876.61,2444,143.62,879, 1460, 59.74
TTL, EQ, 26-Aug-2020,36.25,36.05,39.05,36.0, 37.90,37.7,37.94,21540,8.17,283, 8699, 40.39
TTML, EQ, 26-Aug-2020,3.5,3.55,3.55,3.45, 3.55,3.5,3.5,1057503,37.02,1286, 638033, 60.33
TV18BRDCST, EQ, 26-Aug-2020,33.8,33.8,35.25,33.75, 34.05,34.15,34.21,4084474,1397.48,10073, 1538495, 37.67
TVSELECT, EQ, 26-Aug-2020,108.8,110.0,114.2,105.05, 114.20,114.2,111.02,244818,271.79,3229, 144251, 58.92
TVSMOTOR, EQ, 26-Aug-2020,445.55,469.45,477.0,458.2, 467.00,467.5,467.81,15082270,70555.97,157049, 1592110, 10.56
TVSSRICHAK, EQ, 26-Aug-2020,1480.55,1580.0,1649.95,1550.0, 1600.00,1583.65,1603.15,154108,2470.59,16014, 32469, 21.07
TVTODAY, EQ, 26-Aug-2020,225.6,226.65,229.8,226.0, 229.00,228.95,228.05,58512,133.44,1068, 44313, 75.73
TVVISION, BE, 26-Aug-2020,2.2,2.1,2.1,2.1, 2.10,2.1,2.1,4750,0.1,11, -, -
TWL, EQ, 26-Aug-2020,50.7,50.1,50.6,49.2, 49.50,49.5,49.67,269040,133.62,2299, 150980, 56.12
UBL, EQ, 26-Aug-2020,1059.9,1069.0,1069.0,1041.15, 1055.00,1055.4,1050.68,443951,4664.52,12579, 123938, 27.92
UCALFUEL, EQ, 26-Aug-2020,126.4,127.8,138.25,127.2, 130.00,131.4,134.38,608051,817.11,11299, 120255, 19.78
UCL, SM, 26-Aug-2020,27.5,27.0,33.0,27.0, 33.00,33.0,30.0,4000,1.2,2, 2000, 50.00
UCOBANK, EQ, 26-Aug-2020,13.95,13.95,14.15,13.85, 13.95,13.95,13.94,2197071,306.26,3139, 993486, 45.22
UFLEX, EQ, 26-Aug-2020,351.45,351.0,355.2,344.65, 345.80,345.6,348.82,223260,778.78,5412, 110737, 49.60
UFO, EQ, 26-Aug-2020,77.85,78.75,89.9,77.45, 84.85,84.75,85.52,2276221,1946.53,20092, 601115, 26.41
UGARSUGAR, EQ, 26-Aug-2020,16.35,16.9,16.9,15.4, 15.85,15.8,16.02,175863,28.17,731, 99651, 56.66
UJAAS, EQ, 26-Aug-2020,4.65,4.75,4.75,4.45, 4.45,4.45,4.49,2028563,91.06,1137, 1329216, 65.53
UJJIVAN, EQ, 26-Aug-2020,252.1,253.0,258.4,252.5, 254.60,255.25,255.3,2851896,7280.83,21327, 364348, 12.78
UJJIVANSFB, EQ, 26-Aug-2020,35.15,35.8,37.6,35.0, 37.00,37.0,36.65,3930576,1440.37,10914, 1625904, 41.37
ULTRACEMCO, EQ, 26-Aug-2020,4172.35,4170.0,4181.8,4070.0, 4082.00,4079.65,4108.91,574774,23616.95,52496, 299583, 52.12
UMANGDAIRY, EQ, 26-Aug-2020,48.05,48.05,50.2,47.8, 48.30,48.4,49.01,18375,9.0,246, 13855, 75.40
UMESLTD, BE, 26-Aug-2020,1.1,1.1,1.15,1.1, 1.15,1.15,1.12,43,0.0,3, -, -
UNICHEMLAB, EQ, 26-Aug-2020,263.9,271.9,273.0,265.15, 267.00,266.6,268.38,160594,431.0,2971, 108581, 67.61
UNIENTER, EQ, 26-Aug-2020,65.8,67.05,67.95,65.8, 66.00,66.0,66.33,1430,0.95,77, 1254, 87.69
UNIINFO, SM, 26-Aug-2020,10.2,10.5,10.5,10.5, 10.50,10.5,10.5,2000,0.21,1, 2000, 100.00
UNIONBANK, EQ, 26-Aug-2020,30.55,30.5,30.7,30.35, 30.55,30.5,30.49,3000989,915.08,6898, 1469216, 48.96
UNIPLY, EQ, 26-Aug-2020,5.6,5.65,5.7,5.5, 5.60,5.55,5.58,424878,23.73,424, 280831, 66.10
UNITECH, BZ, 26-Aug-2020,1.75,1.7,1.75,1.7, 1.75,1.7,1.71,2752217,47.0,1144, -, -
UNITEDTEA, EQ, 26-Aug-2020,310.85,321.7,324.0,311.0, 319.90,316.85,316.05,14411,45.55,313, 10236, 71.03
UNITY, BZ, 26-Aug-2020,1.05,1.05,1.05,1.0, 1.00,1.0,1.03,11634,0.12,21, -, -
UNIVASTU, EQ, 26-Aug-2020,31.9,31.8,32.8,31.5, 32.35,32.35,32.14,34921,11.23,49, 33636, 96.32
UNIVCABLES, EQ, 26-Aug-2020,157.85,160.25,166.95,158.55, 161.00,161.1,162.12,132192,214.31,3363, 46267, 35.00
UNIVPHOTO, BE, 26-Aug-2020,225.35,225.35,235.9,218.0, 220.95,220.95,224.9,2649,5.96,44, -, -
UPL, EQ, 26-Aug-2020,492.1,492.95,496.6,488.35, 493.05,493.55,492.27,2839626,13978.74,35219, 979757, 34.50
URJA, EQ, 26-Aug-2020,3.0,3.0,3.05,2.95, 2.95,2.95,3.0,2453289,73.51,2524, 1197184, 48.80
USHAMART, EQ, 26-Aug-2020,27.05,27.0,28.0,26.5, 27.90,27.8,27.66,860064,237.9,1821, 597960, 69.53
UTIFEFRDP4, MF, 26-Aug-2020,8.32,8.32,8.32,8.32, 8.32,8.32,8.32,1081,0.09,1, 1081, 100.00
UTIFEFRGR4, MF, 26-Aug-2020,10.0,10.0,10.05,10.0, 10.05,10.05,10.0,15200,1.52,5, 15000, 98.68
UTINEXT50, EQ, 26-Aug-2020,287.58,297.9,297.9,282.21, 288.90,288.53,288.93,263,0.76,28, 191, 72.62
UTINIFTETF, EQ, 26-Aug-2020,1223.74,1223.39,1227.1,1219.3, 1227.10,1227.1,1221.05,322,3.93,22, 322, 100.00
UTISENSETF, EQ, 26-Aug-2020,418.15,415.5,418.61,415.0, 416.00,416.0,417.01,57,0.24,20, 48, 84.21
UTTAMSTL, EQ, 26-Aug-2020,6.45,6.45,6.45,6.35, 6.40,6.35,6.37,94624,6.03,163, 90413, 95.55
UTTAMSUGAR, EQ, 26-Aug-2020,89.6,90.1,94.0,89.0, 92.10,91.9,92.29,115637,106.73,1510, 42041, 36.36
UVSL, EQ, 26-Aug-2020,0.55,0.5,0.55,0.5, 0.55,0.5,0.52,9088583,47.41,1933, 8782189, 96.63
V2RETAIL, EQ, 26-Aug-2020,58.45,61.35,61.35,58.5, 61.20,60.95,60.4,247923,149.75,2244, 157991, 63.73
VADILALIND, EQ, 26-Aug-2020,635.7,644.95,687.0,621.0, 666.10,665.7,667.82,98375,656.96,3178, 49307, 50.12
VAIBHAVGBL, EQ, 26-Aug-2020,1767.85,1800.0,1830.0,1770.0, 1807.00,1799.4,1806.69,20864,376.95,3092, 12472, 59.78
VAISHALI, EQ, 26-Aug-2020,40.8,41.75,44.95,40.0, 44.20,44.15,42.48,45086,19.15,213, 17109, 37.95
VAKRANGEE, EQ, 26-Aug-2020,30.1,30.4,30.5,29.45, 29.80,29.9,29.97,2211309,662.76,7008, 1544468, 69.84
VARDHACRLC, EQ, 26-Aug-2020,31.55,31.55,31.95,31.0, 31.95,31.85,31.43,49836,15.66,176, 39330, 78.92
VARDMNPOLY, EQ, 26-Aug-2020,8.85,8.85,9.25,8.5, 8.95,9.05,8.91,51811,4.62,116, 20302, 39.18
VARROC, EQ, 26-Aug-2020,330.6,338.6,345.55,333.0, 337.00,336.1,340.37,518582,1765.08,16396, 238463, 45.98
VASA, SM, 26-Aug-2020,6.15,6.15,6.15,6.15, 6.15,6.15,6.15,4000,0.25,1, 4000, 100.00
VASCONEQ, EQ, 26-Aug-2020,11.1,11.4,12.15,11.0, 11.80,11.8,11.72,886574,103.88,1543, 475899, 53.68
VASWANI, EQ, 26-Aug-2020,6.35,6.1,6.65,6.1, 6.65,6.55,6.27,16065,1.01,33, 11575, 72.05
VBL, EQ, 26-Aug-2020,762.35,762.15,788.5,759.0, 765.00,767.05,774.76,316937,2455.49,16044, 142602, 44.99
VEDL, EQ, 26-Aug-2020,130.05,130.25,130.25,128.0, 128.70,128.95,128.77,8383858,10795.72,39235, 4774380, 56.95
VENKEYS, EQ, 26-Aug-2020,1353.85,1353.85,1539.9,1351.3, 1461.00,1470.05,1467.67,1074952,15776.77,63501, 155809, 14.49
VENUSREM, BE, 26-Aug-2020,103.5,98.35,98.35,98.35, 98.35,98.35,98.35,10990,10.81,132, -, -
VERTOZ, EQ, 26-Aug-2020,126.9,132.4,133.2,128.05, 133.20,133.15,133.0,86390,114.9,564, 61768, 71.50
VESUVIUS, EQ, 26-Aug-2020,1002.85,1007.0,1038.8,994.0, 1000.00,999.8,1012.49,2076,21.02,371, 1124, 54.14
VETO, EQ, 26-Aug-2020,46.4,46.4,47.85,46.15, 46.75,46.75,46.93,10791,5.06,227, 9075, 84.10
VGUARD, EQ, 26-Aug-2020,171.3,172.9,179.5,171.2, 176.00,175.95,176.51,2144685,3785.62,19562, 806521, 37.61
VHL, EQ, 26-Aug-2020,1442.0,1475.0,1498.0,1450.0, 1496.75,1494.4,1484.12,1545,22.93,106, 1379, 89.26
VICEROY, BE, 26-Aug-2020,2.8,2.85,2.9,2.7, 2.85,2.85,2.82,58356,1.65,93, -, -
VIDEOIND, BZ, 26-Aug-2020,2.05,2.1,2.1,2.0, 2.00,2.05,2.02,542764,10.94,287, -, -
VIDHIING, EQ, 26-Aug-2020,87.4,87.8,89.9,86.1, 87.65,87.35,88.06,109698,96.6,1527, 46418, 42.31
VIJIFIN, EQ, 26-Aug-2020,0.6,0.6,0.65,0.55, 0.65,0.6,0.61,251170,1.54,143, 130117, 51.80
VIKASECO, BE, 26-Aug-2020,10.85,11.35,11.35,10.35, 10.85,10.75,10.87,2188241,237.93,2055, -, -
VIKASMCORP, EQ, 26-Aug-2020,18.25,18.25,19.15,17.4, 18.40,18.6,18.52,20458053,3788.05,36106, 10424887, 50.96
VIKASPROP, EQ, 26-Aug-2020,3.5,3.55,3.65,3.4, 3.45,3.45,3.5,3025021,105.96,3263, 1761455, 58.23
VIKASWSP, EQ, 26-Aug-2020,6.75,6.75,6.9,6.7, 6.90,6.85,6.81,170824,11.64,285, 125462, 73.45
VIMTALABS, BE, 26-Aug-2020,112.95,112.95,114.0,110.45, 110.50,111.3,111.96,11811,13.22,155, -, -
VINATIORGA, EQ, 26-Aug-2020,1126.0,1130.0,1138.75,1090.0, 1092.00,1095.45,1103.1,175820,1939.48,9894, 75724, 43.07
VINDHYATEL, EQ, 26-Aug-2020,927.5,949.0,959.8,926.0, 943.95,943.9,943.55,15826,149.33,1305, 8655, 54.69
VINYLINDIA, EQ, 26-Aug-2020,107.8,108.8,117.8,108.8, 113.50,113.85,115.01,944809,1086.62,11527, 303541, 32.13
VIPCLOTHNG, EQ, 26-Aug-2020,9.5,9.95,9.95,9.05, 9.05,9.05,9.4,445883,41.93,636, 271013, 60.78
VIPIND, EQ, 26-Aug-2020,289.8,290.95,304.9,287.15, 299.50,300.5,298.23,1915456,5712.44,24501, 461230, 24.08
VIPULLTD, EQ, 26-Aug-2020,15.45,15.5,15.9,15.0, 15.85,15.7,15.5,11460,1.78,100, 8096, 70.65
VISAKAIND, EQ, 26-Aug-2020,370.3,375.6,377.95,361.55, 366.20,367.2,369.53,106216,392.5,4286, 38491, 36.24
VISASTEEL, EQ, 26-Aug-2020,5.7,5.7,5.95,5.6, 5.95,5.95,5.83,22085,1.29,109, 14002, 63.40
VISHAL, BE, 26-Aug-2020,272.0,265.0,284.3,261.0, 272.50,272.5,265.74,815,2.17,43, -, -
VISHNU, BE, 26-Aug-2020,168.95,171.0,175.0,169.0, 170.00,171.2,171.51,4866,8.35,82, -, -
VISHWARAJ, EQ, 26-Aug-2020,89.15,90.85,90.9,88.3, 89.70,88.65,88.75,7784,6.91,78, 5704, 73.28
VIVIDHA, BE, 26-Aug-2020,0.4,0.4,0.45,0.35, 0.40,0.4,0.4,563631,2.25,147, -, -
VIVIMEDLAB, EQ, 26-Aug-2020,21.15,20.1,20.1,20.1, 20.10,20.1,20.1,96942,19.49,318, 96942, 100.00
VLSFINANCE, EQ, 26-Aug-2020,59.15,59.5,62.8,59.2, 61.30,61.6,61.52,132075,81.26,1481, 69054, 52.28
VMART, EQ, 26-Aug-2020,2030.8,2058.9,2119.95,2016.55, 2075.00,2075.35,2073.83,92079,1909.56,5244, 68011, 73.86
VOLTAMP, EQ, 26-Aug-2020,1127.6,1140.0,1177.0,1132.0, 1159.00,1151.75,1148.72,17971,206.44,2350, 11659, 64.88
VOLTAS, EQ, 26-Aug-2020,654.95,659.0,662.0,645.8, 648.50,648.8,656.55,1709643,11224.6,22563, 669976, 39.19
VRLLOG, EQ, 26-Aug-2020,167.95,169.1,181.35,164.95, 175.35,175.8,175.73,1714119,3012.24,18071, 581291, 33.91
VSSL, EQ, 26-Aug-2020,74.55,75.45,76.7,74.0, 74.00,74.35,75.08,10006,7.51,256, 5773, 57.70
VSTIND, EQ, 26-Aug-2020,3452.8,3480.0,3515.0,3438.35, 3449.90,3454.0,3473.14,10557,366.66,2488, 6188, 58.62
VSTTILLERS, EQ, 26-Aug-2020,1684.4,1684.4,1758.2,1647.5, 1705.00,1722.35,1718.15,54753,940.74,6930, 29382, 53.66
VTL, EQ, 26-Aug-2020,805.5,815.0,835.0,806.1, 826.00,826.85,824.89,17740,146.34,1497, 11202, 63.15
WABAG, EQ, 26-Aug-2020,227.35,229.0,229.0,211.0, 213.30,213.3,218.16,5465207,11922.93,56305, 2355892, 43.11
WABCOINDIA, EQ, 26-Aug-2020,6929.25,6985.0,7035.0,6859.95, 6899.95,6905.05,6976.28,3348,233.57,946, 1953, 58.33
WALCHANNAG, EQ, 26-Aug-2020,58.8,59.9,59.9,58.3, 58.85,58.65,58.82,88096,51.81,1206, 45851, 52.05
WANBURY, BE, 26-Aug-2020,42.05,42.05,42.05,40.35, 41.50,41.5,40.72,18378,7.48,95, -, -
WATERBASE, EQ, 26-Aug-2020,110.85,111.65,120.0,110.5, 119.30,118.55,116.53,1910755,2226.58,16948, 534091, 27.95
WEBELSOLAR, EQ, 26-Aug-2020,23.7,23.7,23.7,22.55, 22.55,22.55,22.68,53562,12.15,188, 45157, 84.31
WEIZMANIND, EQ, 26-Aug-2020,32.55,33.95,33.95,31.15, 33.40,33.15,32.56,9094,2.96,94, 3722, 40.93
WELCORP, EQ, 26-Aug-2020,114.0,115.5,117.95,114.15, 115.00,114.95,115.96,911050,1056.48,6186, 424007, 46.54
WELENT, EQ, 26-Aug-2020,69.85,69.05,71.9,69.05, 71.00,70.75,70.82,124385,88.09,1491, 65793, 52.89
WELINV, EQ, 26-Aug-2020,264.9,252.4,278.0,252.4, 270.00,270.0,268.69,522,1.4,40, 222, 42.53
WELSPUNIND, EQ, 26-Aug-2020,49.55,49.75,52.0,49.75, 52.00,52.0,51.34,1169693,600.49,3227, 1111364, 95.01
WENDT, EQ, 26-Aug-2020,2699.35,2780.0,3239.2,2685.35, 3239.20,3239.2,3195.28,10754,343.62,885, 6645, 61.79
WESTLIFE, EQ, 26-Aug-2020,378.95,382.5,382.5,370.8, 371.60,373.1,375.56,170917,641.9,3611, 101863, 59.60
WHEELS, EQ, 26-Aug-2020,459.15,462.0,469.85,459.2, 460.90,461.3,464.11,26569,123.31,1200, 17353, 65.31
WHIRLPOOL, EQ, 26-Aug-2020,2252.15,2252.0,2289.0,2230.85, 2250.10,2256.9,2259.54,52040,1175.87,7259, 23450, 45.06
WILLAMAGOR, EQ, 26-Aug-2020,23.8,23.95,24.5,22.65, 24.00,24.35,23.59,44444,10.49,237, 26990, 60.73
WINDMACHIN, EQ, 26-Aug-2020,18.45,18.7,18.85,17.55, 18.80,18.25,17.96,125078,22.46,428, 82107, 65.64
WIPL, BE, 26-Aug-2020,50.0,50.0,50.0,49.95, 50.00,50.0,50.0,61,0.03,4, -, -
WIPRO, EQ, 26-Aug-2020,269.95,269.95,274.7,268.0, 272.00,272.05,272.48,9632864,26247.55,46084, 3555734, 36.91
WOCKPHARMA, EQ, 26-Aug-2020,321.55,321.55,327.3,321.55, 324.50,324.05,324.72,401550,1303.91,6656, 147843, 36.82
WONDERLA, EQ, 26-Aug-2020,178.4,183.45,187.5,175.65, 187.50,186.05,182.94,87272,159.66,3963, 48123, 55.14
WORTH, EQ, 26-Aug-2020,43.05,45.25,45.25,43.0, 43.40,44.25,43.72,8347,3.65,87, 5996, 71.83
WSI, EQ, 26-Aug-2020,1.85,1.9,1.9,1.9, 1.90,1.9,1.9,11901,0.23,7, 11901, 100.00
WSTCSTPAPR, EQ, 26-Aug-2020,188.55,188.6,192.4,188.3, 192.00,191.1,190.09,103995,197.68,1954, 62782, 60.37
XCHANGING, EQ, 26-Aug-2020,77.1,77.3,78.5,77.15, 77.60,77.7,77.96,527183,410.97,3420, 448682, 85.11
XELPMOC, BE, 26-Aug-2020,153.3,160.95,160.95,156.6, 160.95,160.95,160.89,85235,137.14,347, -, -
XPROINDIA, EQ, 26-Aug-2020,23.1,23.3,23.95,23.05, 23.50,23.5,23.52,811,0.19,23, 809, 99.75
YESBANK, EQ, 26-Aug-2020,14.75,14.85,14.9,14.6, 14.70,14.65,14.67,107574332,15782.34,103894, 45765464, 42.54
ZEEL, EQ, 26-Aug-2020,199.95,201.9,213.4,197.75, 210.75,211.5,208.6,69274948,144509.48,310178, 7309992, 10.55
ZEEL, P2, 26-Aug-2020,3.5,3.55,3.55,3.5, 3.50,3.5,3.52,87645,3.08,21, 87645, 100.00
ZEELEARN, EQ, 26-Aug-2020,15.35,15.55,15.6,14.95, 15.15,15.15,15.16,792106,120.09,1740, 466081, 58.84
ZEEMEDIA, EQ, 26-Aug-2020,6.1,6.1,6.4,6.0, 6.40,6.4,6.24,2099536,131.1,1822, 1602321, 76.32
ZENITHEXPO, EQ, 26-Aug-2020,45.45,45.95,45.95,43.35, 44.10,45.25,44.79,384,0.17,26, 253, 65.89
ZENITHSTL, BE, 26-Aug-2020,0.9,0.95,0.95,0.9, 0.95,0.95,0.95,101884,0.97,63, -, -
ZENSARTECH, EQ, 26-Aug-2020,175.4,175.4,180.0,175.0, 176.35,177.65,175.85,572951,1007.55,8642, 492292, 85.92
ZENTEC, EQ, 26-Aug-2020,89.15,89.15,90.45,87.1, 87.95,87.95,88.43,236218,208.89,2728, 153404, 64.94
ZICOM, EQ, 26-Aug-2020,2.1,2.2,2.2,2.2, 2.20,2.2,2.2,5084,0.11,13, 5084, 100.00
ZODIACLOTH, EQ, 26-Aug-2020,116.75,117.8,118.5,115.1, 118.50,117.8,117.71,16909,19.9,189, 13488, 79.77
ZODJRDMKJ, EQ, 26-Aug-2020,28.8,28.8,30.15,27.65, 28.20,28.4,28.94,2172,0.63,95, 1484, 68.32
ZOTA, EQ, 26-Aug-2020,156.9,157.1,164.9,157.1, 163.00,161.8,161.93,96620,156.46,1487, 55730, 57.68
ZUARI, EQ, 26-Aug-2020,93.95,93.0,96.2,92.15, 92.70,93.1,93.75,35660,33.43,530, 24327, 68.22
ZUARIGLOB, EQ, 26-Aug-2020,58.1,59.2,59.2,56.6, 57.50,57.25,57.99,48764,28.28,390, 37712, 77.34
ZYDUSWELL, EQ, 26-Aug-2020,1726.4,1742.85,1765.0,1705.5, 1730.00,1721.1,1735.53,43153,748.93,3860, 20313, 47.07
