SYMBOL, SERIES, DATE1, PREV_CLOSE, OPEN_PRICE, HIGH_PRICE, LOW_PRICE, LAST_PRICE, CLOSE_PRICE, AVG_PRICE, TTL_TRD_QNTY, TURNOVER_LACS, NO_OF_TRADES, DELIV_QTY, DELIV_PER
20MICRONS, EQ, 21-Jan-2020,34.35,34.35,35.5,33.3, 34.30,34.25,34.41,18479,6.36,204, 12695, 68.70
21STCENMGM, EQ, 21-Jan-2020,15.0,14.75,15.3,14.7, 15.00,15.0,14.76,2745,0.41,23, 2417, 88.05
3IINFOTECH, EQ, 21-Jan-2020,2.5,2.5,2.55,2.45, 2.45,2.45,2.48,802128,19.92,602, 408562, 50.93
3MINDIA, EQ, 21-Jan-2020,22273.9,22004.6,22302.3,21999.95, 22051.05,22119.65,22025.34,4571,1006.78,520, 4123, 90.20
3PLAND, EQ, 21-Jan-2020,6.9,7.2,7.2,7.0, 7.00,7.0,7.19,1150,0.08,7, 1150, 100.00
5PAISA, EQ, 21-Jan-2020,199.2,198.0,199.0,192.95, 196.20,197.05,196.84,7505,14.77,247, 4104, 54.68
63MOONS, EQ, 21-Jan-2020,112.25,111.4,114.3,110.25, 111.75,112.25,112.49,179454,201.87,3150, 45961, 25.61
737GS2023, GS, 21-Jan-2020,91.0,87.0,87.0,87.0, 87.00,87.0,87.0,100,0.09,1, 100, 100.00
824GS2027, GS, 21-Jan-2020,104.0,104.0,104.0,104.0, 104.00,104.0,104.0,100,0.1,1, 100, 100.00
A2ZINFRA, EQ, 21-Jan-2020,7.75,7.85,7.85,7.55, 7.65,7.6,7.69,164826,12.67,304, 113872, 69.09
AAKASH, SM, 21-Jan-2020,73.1,75.95,76.75,70.1, 70.10,70.1,75.59,34000,25.7,13, 30000, 88.24
AARON, SM, 21-Jan-2020,50.5,49.5,49.5,49.5, 49.50,49.5,49.5,3300,1.63,1, 3300, 100.00
AARTIDRUGS, EQ, 21-Jan-2020,616.95,615.0,628.65,607.6, 609.05,610.25,616.42,6529,40.25,646, 4220, 64.63
AARTIIND, EQ, 21-Jan-2020,863.9,862.5,869.8,855.25, 862.50,864.7,863.23,77697,670.7,4183, 38903, 50.07
AARVEEDEN, EQ, 21-Jan-2020,14.3,14.65,14.7,14.0, 14.50,14.35,14.21,2023,0.29,55, 1587, 78.45
AAVAS, EQ, 21-Jan-2020,2006.5,1990.0,2018.85,1951.0, 1956.70,1957.65,1991.92,37482,746.61,4420, 17901, 47.76
ABAN, EQ, 21-Jan-2020,26.75,26.25,26.95,26.25, 26.25,26.3,26.57,24742,6.57,284, 18233, 73.69
ABB, EQ, 21-Jan-2020,1290.6,1290.0,1319.45,1286.0, 1311.00,1310.15,1309.98,37591,492.43,2047, 24250, 64.51
ABBOTINDIA, EQ, 21-Jan-2020,12643.4,12660.6,12750.0,12580.0, 12715.00,12713.15,12698.78,6644,843.71,1204, 5510, 82.93
ABCAPITAL, EQ, 21-Jan-2020,107.95,107.25,108.8,105.8, 106.00,106.2,107.28,1372187,1472.09,13465, 708706, 51.65
ABFRL, EQ, 21-Jan-2020,230.95,231.9,233.75,229.0, 229.15,229.4,230.91,186185,429.92,4802, 104196, 55.96
ABSLBANETF, EQ, 21-Jan-2020,311.49,310.25,310.25,309.9, 309.90,309.9,310.18,10,0.03,3, 10, 100.00
ABSLNN50ET, EQ, 21-Jan-2020,290.98,289.71,289.71,289.71, 289.71,289.71,289.71,5,0.01,1, 5, 100.00
ABSLRIF6RG, MF, 21-Jan-2020,7.52,7.46,7.83,7.46, 7.83,7.82,7.82,25411,1.99,5, 25000, 98.38
ACC, EQ, 21-Jan-2020,1497.55,1494.95,1509.4,1487.0, 1500.00,1496.1,1499.41,359320,5387.7,12520, 49579, 13.80
ACCELYA, EQ, 21-Jan-2020,1039.55,1039.55,1130.0,1035.05, 1070.00,1073.35,1084.59,6668,72.32,1032, 3371, 50.55
ACE, EQ, 21-Jan-2020,87.75,87.05,90.25,87.0, 88.15,88.35,88.65,151358,134.18,2761, 51890, 34.28
ADANIENT, EQ, 21-Jan-2020,226.55,224.35,227.0,220.5, 223.65,224.25,224.05,2813526,6303.69,19279, 212413, 7.55
ADANIGAS, EQ, 21-Jan-2020,172.05,171.35,172.55,169.2, 169.85,169.8,170.74,646295,1103.46,6623, 252837, 39.12
ADANIGREEN, EQ, 21-Jan-2020,198.05,199.0,207.0,192.0, 200.20,202.25,202.04,3506909,7085.35,39015, 1169586, 33.35
ADANIPORTS, EQ, 21-Jan-2020,380.05,378.8,382.0,375.3, 379.70,379.95,378.66,2005178,7592.76,28978, 843545, 42.07
ADANIPOWER, EQ, 21-Jan-2020,63.35,62.9,63.55,62.4, 62.65,62.75,62.98,4651073,2929.06,11527, 693800, 14.92
ADANITRANS, EQ, 21-Jan-2020,339.05,338.0,345.4,330.0, 333.80,332.7,337.46,108524,366.22,2739, 39769, 36.65
ADFFOODS, EQ, 21-Jan-2020,295.8,295.5,305.0,293.3, 300.00,302.15,301.23,36802,110.86,982, 25975, 70.58
ADHUNIKIND, EQ, 21-Jan-2020,44.75,45.25,45.9,42.95, 44.35,43.6,43.57,2523,1.1,112, 1784, 70.71
ADLABS, BE, 21-Jan-2020,4.0,4.15,4.15,3.9, 4.00,4.0,4.02,25864,1.04,79, -, -
ADORWELD, EQ, 21-Jan-2020,339.0,337.0,339.45,326.0, 329.00,332.6,334.49,5453,18.24,166, 4595, 84.27
ADROITINFO, BE, 21-Jan-2020,6.05,6.0,6.0,6.0, 6.00,6.0,6.0,19,0.0,2, -, -
ADSL, BE, 21-Jan-2020,19.6,18.75,20.55,18.75, 20.00,20.15,20.13,30095,6.06,113, -, -
ADVANIHOTR, EQ, 21-Jan-2020,52.9,52.1,53.85,52.1, 53.60,53.55,53.41,823,0.44,77, 555, 67.44
ADVENZYMES, EQ, 21-Jan-2020,179.05,179.05,185.0,175.45, 183.00,183.15,182.33,100591,183.4,2527, 59267, 58.92
AEGISCHEM, EQ, 21-Jan-2020,209.75,210.0,211.5,203.55, 210.00,208.2,207.31,203830,422.56,8312, 107331, 52.66
AFFLE, EQ, 21-Jan-2020,1556.2,1554.0,1564.9,1505.0, 1515.00,1513.7,1527.74,104373,1594.55,8289, 45920, 44.00
AGARIND, EQ, 21-Jan-2020,92.25,91.0,101.45,85.0, 93.90,93.1,94.57,59507,56.28,1240, 28016, 47.08
AGCNET, EQ, 21-Jan-2020,212.3,222.9,222.9,222.9, 222.90,222.9,222.9,3959,8.82,55, 3959, 100.00
AGRITECH, EQ, 21-Jan-2020,46.5,46.0,47.2,45.25, 45.35,45.8,46.3,13384,6.2,451, 7651, 57.17
AGROPHOS, EQ, 21-Jan-2020,37.2,35.35,35.35,35.35, 35.35,35.35,35.35,1968,0.7,48, 1968, 100.00
AHLEAST, EQ, 21-Jan-2020,175.4,177.5,179.8,173.1, 179.40,179.05,176.61,829,1.46,399, 32, 3.86
AHLUCONT, EQ, 21-Jan-2020,298.0,300.0,305.0,297.55, 298.00,299.25,300.27,4068,12.21,153, 3322, 81.66
AHLWEST, EQ, 21-Jan-2020,347.45,356.0,356.0,341.0, 353.70,353.6,348.18,942,3.28,181, 265, 28.13
AIAENG, EQ, 21-Jan-2020,1674.4,1671.95,1800.0,1663.0, 1789.50,1789.85,1724.35,190310,3281.6,9352, 114937, 60.39
AIONJSW, EQ, 21-Jan-2020,15.1,14.45,15.5,14.35, 14.55,14.4,14.5,268681,38.96,569, 174661, 65.01
AIRAN, EQ, 21-Jan-2020,11.7,11.7,12.2,11.35, 12.15,12.1,11.9,5607,0.67,90, 2344, 41.80
AIROLAM, SM, 21-Jan-2020,29.0,26.5,26.5,26.5, 26.50,26.5,26.5,3000,0.8,1, 3000, 100.00
AISL, SM, 21-Jan-2020,24.85,23.65,23.65,23.65, 23.65,23.65,23.65,1200,0.28,1, 1200, 100.00
AJANTPHARM, EQ, 21-Jan-2020,1195.6,1203.0,1210.5,1170.0, 1173.00,1179.85,1191.17,201808,2403.88,11214, 70958, 35.16
AJMERA, EQ, 21-Jan-2020,153.4,151.05,153.45,150.0, 151.30,150.85,151.23,58541,88.53,1563, 28552, 48.77
AJOONI, SM, 21-Jan-2020,7.6,7.95,7.95,7.95, 7.95,7.95,7.95,4000,0.32,1, 4000, 100.00
AKASH, BE, 21-Jan-2020,84.1,82.0,86.95,82.0, 85.00,84.8,84.62,473,0.4,21, -, -
AKSHARCHEM, EQ, 21-Jan-2020,248.65,248.65,254.0,246.65, 253.90,251.3,250.28,5376,13.45,218, 3242, 60.31
AKSHOPTFBR, EQ, 21-Jan-2020,8.35,8.4,9.15,8.2, 9.15,9.15,8.9,827901,73.65,1593, 510373, 61.65
AKZOINDIA, EQ, 21-Jan-2020,2038.5,2031.05,2045.0,2010.0, 2020.00,2019.05,2030.98,5632,114.38,1387, 4181, 74.24
ALANKIT, EQ, 21-Jan-2020,13.95,14.2,14.2,13.5, 13.75,13.75,13.83,123311,17.06,350, 41314, 33.50
ALBERTDAVD, EQ, 21-Jan-2020,460.6,450.5,458.0,443.15, 458.00,453.6,450.76,5546,25.0,397, 2928, 52.79
ALBK, EQ, 21-Jan-2020,18.8,18.7,18.85,18.5, 18.55,18.65,18.7,754684,141.13,1766, 209448, 27.75
ALCHEM, BE, 21-Jan-2020,1.5,1.45,1.55,1.45, 1.55,1.55,1.54,19941,0.31,39, -, -
ALEMBICLTD, EQ, 21-Jan-2020,56.85,56.55,57.5,56.05, 56.30,56.55,56.82,62554,35.54,1540, 32906, 52.60
ALICON, EQ, 21-Jan-2020,437.65,435.0,444.0,425.25, 439.95,437.9,435.52,2088,9.09,237, 1609, 77.06
ALKALI, EQ, 21-Jan-2020,43.85,44.5,46.0,43.35, 44.70,44.45,44.37,8118,3.6,181, 5855, 72.12
ALKEM, EQ, 21-Jan-2020,2359.35,2359.95,2374.05,2321.55, 2350.00,2356.85,2355.52,127081,2993.41,5248, 87499, 68.85
ALKYLAMINE, EQ, 21-Jan-2020,1272.5,1270.0,1300.0,1270.0, 1295.00,1298.3,1293.42,10480,135.55,879, 7938, 75.74
ALLCARGO, EQ, 21-Jan-2020,102.95,103.0,103.95,101.75, 102.15,102.1,102.66,64741,66.47,1507, 37235, 57.51
ALLSEC, EQ, 21-Jan-2020,319.6,321.0,327.95,314.0, 316.00,315.5,318.25,3801,12.1,167, 2906, 76.45
ALMONDZ, EQ, 21-Jan-2020,12.25,12.5,12.85,12.5, 12.85,12.85,12.81,3251,0.42,16, 3226, 99.23
ALOKTEXT, BE, 21-Jan-2020,2.7,2.7,2.8,2.7, 2.80,2.8,2.76,2557243,70.51,645, -, -
ALPA, EQ, 21-Jan-2020,20.65,21.0,21.0,19.8, 19.85,19.85,20.14,29326,5.91,261, 20497, 69.89
ALPHAGEO, EQ, 21-Jan-2020,230.25,228.55,234.8,221.65, 222.50,223.55,227.34,34344,78.08,1546, 20894, 60.84
ALPSINDUS, BE, 21-Jan-2020,1.5,1.45,1.45,1.45, 1.45,1.45,1.45,4346,0.06,4, -, -
AMARAJABAT, EQ, 21-Jan-2020,779.6,769.0,779.5,766.75, 777.10,775.1,772.47,434317,3354.98,16606, 122303, 28.16
AMBER, EQ, 21-Jan-2020,1290.25,1289.25,1346.0,1275.0, 1307.00,1320.55,1308.15,80658,1055.13,4383, 58030, 71.95
AMBIKCO, EQ, 21-Jan-2020,839.5,842.0,843.5,834.5, 840.00,836.85,839.35,21470,180.21,366, 18139, 84.49
AMBUJACEM, EQ, 21-Jan-2020,207.05,206.0,209.9,205.7, 207.85,207.6,208.04,3142796,6538.28,19722, 1122977, 35.73
AMDIND, EQ, 21-Jan-2020,16.9,16.9,17.3,16.55, 17.05,16.95,16.77,2828,0.47,41, 2161, 76.41
AMJLAND, EQ, 21-Jan-2020,21.5,21.1,22.8,20.2, 20.80,20.8,21.05,20139,4.24,234, 14275, 70.88
AMJUMBO, SM, 21-Jan-2020,12.75,13.35,13.35,13.35, 13.35,13.35,13.35,8000,1.07,1, 8000, 100.00
AMRUTANJAN, EQ, 21-Jan-2020,497.75,497.0,509.0,485.0, 492.00,491.0,496.56,54983,273.02,2852, 19053, 34.65
ANANTRAJ, EQ, 21-Jan-2020,37.0,36.75,37.7,36.75, 36.80,36.85,37.13,268221,99.59,2845, 136612, 50.93
ANDHRABANK, EQ, 21-Jan-2020,17.2,17.3,17.35,17.0, 17.10,17.05,17.11,422058,72.23,2018, 221545, 52.49
ANDHRACEMT, EQ, 21-Jan-2020,2.05,2.1,2.1,2.0, 2.10,2.05,2.05,37059,0.76,78, 29556, 79.75
ANDHRSUGAR, EQ, 21-Jan-2020,351.15,348.5,354.85,337.0, 345.00,344.0,346.6,67521,234.03,2460, 26594, 39.39
ANIKINDS, EQ, 21-Jan-2020,10.25,10.6,10.75,10.0, 10.75,10.75,10.51,17770,1.87,67, 13475, 75.83
ANKITMETAL, BE, 21-Jan-2020,0.5,0.5,0.55,0.45, 0.55,0.55,0.47,6870,0.03,24, -, -
ANSALAPI, EQ, 21-Jan-2020,5.35,5.25,5.5,5.2, 5.40,5.35,5.31,6544,0.35,36, 4351, 66.49
ANSALHSG, BE, 21-Jan-2020,5.6,5.6,5.8,5.5, 5.70,5.7,5.67,11267,0.64,43, -, -
ANTGRAPHIC, BE, 21-Jan-2020,0.65,0.6,0.65,0.6, 0.65,0.65,0.63,26934,0.17,19, -, -
ANUP, EQ, 21-Jan-2020,580.55,580.55,587.2,550.0, 550.25,555.25,562.93,28031,157.8,1210, 21060, 75.13
APARINDS, EQ, 21-Jan-2020,433.85,430.85,435.9,424.0, 431.00,429.45,429.85,49617,213.28,1002, 35500, 71.55
APCL, EQ, 21-Jan-2020,159.65,163.0,164.0,155.75, 158.55,159.55,161.14,5696,9.18,244, 5145, 90.33
APCOTEXIND, EQ, 21-Jan-2020,163.9,163.9,169.5,163.05, 164.80,164.8,166.36,19703,32.78,573, 12645, 64.18
APEX, EQ, 21-Jan-2020,404.9,404.0,416.4,399.0, 412.65,412.2,410.59,531528,2182.41,13498, 68669, 12.92
APLAPOLLO, EQ, 21-Jan-2020,1943.4,1923.0,2022.1,1923.0, 1993.40,1994.8,2002.64,52625,1053.89,4443, 29501, 56.06
APLLTD, EQ, 21-Jan-2020,598.4,597.4,601.0,585.1, 598.00,599.6,599.57,668657,4009.08,4175, 401203, 60.00
APOLLO, EQ, 21-Jan-2020,78.2,76.3,78.85,76.25, 76.60,76.85,77.11,34520,26.62,694, 18164, 52.62
APOLLOHOSP, EQ, 21-Jan-2020,1629.55,1629.85,1642.5,1621.0, 1627.30,1626.2,1632.1,317357,5179.59,14834, 60401, 19.03
APOLLOPIPE, EQ, 21-Jan-2020,396.15,392.55,406.9,388.35, 394.80,394.45,395.75,10072,39.86,809, 8451, 83.91
APOLLOTYRE, EQ, 21-Jan-2020,174.0,173.3,175.8,171.95, 174.65,174.85,173.94,1515394,2635.9,10608, 173659, 11.46
APOLSINHOT, EQ, 21-Jan-2020,730.15,746.0,746.0,730.1, 730.15,730.5,732.33,193,1.41,70, 78, 40.41
APTECHT, EQ, 21-Jan-2020,173.0,172.9,177.9,171.7, 175.30,175.45,175.92,260963,459.07,4643, 70700, 27.09
ARCHIDPLY, EQ, 21-Jan-2020,31.65,30.95,33.2,30.4, 32.00,32.05,32.34,27721,8.97,416, 18892, 68.15
ARCHIES, EQ, 21-Jan-2020,18.5,18.5,19.4,18.2, 19.35,19.3,19.08,73276,13.98,420, 46259, 63.13
ARCOTECH, BE, 21-Jan-2020,2.3,2.2,2.3,2.2, 2.20,2.2,2.2,30659,0.68,23, -, -
ARENTERP, EQ, 21-Jan-2020,9.45,9.45,9.45,9.45, 9.45,9.45,9.45,50,0.0,1, 50, 100.00
ARIES, EQ, 21-Jan-2020,73.85,73.0,73.15,72.2, 72.55,72.7,72.6,28488,20.68,1303, 21676, 76.09
ARIHANT, EQ, 21-Jan-2020,21.0,21.95,21.95,20.2, 20.80,20.6,20.75,2887,0.6,71, 1825, 63.21
ARIHANTSUP, EQ, 21-Jan-2020,28.8,29.0,29.3,28.25, 29.30,29.25,28.99,783,0.23,21, 679, 86.72
ARMANFIN, EQ, 21-Jan-2020,759.7,750.0,772.8,724.05, 752.00,753.55,747.18,6639,49.6,396, 3529, 53.16
AROGRANITE, EQ, 21-Jan-2020,41.35,42.55,42.7,39.55, 39.80,39.8,40.07,8769,3.51,294, 6798, 77.52
ARROWGREEN, EQ, 21-Jan-2020,51.8,50.25,53.0,50.25, 51.50,51.7,51.9,4012,2.08,170, 3300, 82.25
ARROWTEX, BE, 21-Jan-2020,9.85,10.25,10.25,9.5, 10.10,10.0,9.98,5375,0.54,39, -, -
ARSHIYA, EQ, 21-Jan-2020,17.5,17.45,17.6,16.55, 17.35,17.1,17.21,8578,1.48,65, 6913, 80.59
ARSSINFRA, EQ, 21-Jan-2020,21.2,22.2,22.2,21.0, 21.00,21.05,21.28,6201,1.32,69, 4990, 80.47
ARVIND, EQ, 21-Jan-2020,43.2,43.0,44.45,42.5, 44.00,43.9,43.38,1375390,596.62,5204, 380526, 27.67
ARVINDFASN, EQ, 21-Jan-2020,401.1,396.15,422.05,392.0, 421.00,417.2,409.11,32298,132.13,1520, 17324, 53.64
ARVSMART, EQ, 21-Jan-2020,91.65,91.75,92.8,89.45, 90.00,90.5,90.59,7379,6.68,315, 4706, 63.78
ASAHIINDIA, EQ, 21-Jan-2020,243.25,240.15,245.95,238.0, 238.40,239.85,241.07,9866,23.78,524, 4795, 48.60
ASAHISONG, EQ, 21-Jan-2020,163.25,163.2,163.7,156.4, 159.00,159.45,160.97,12079,19.44,402, 8800, 72.85
ASAL, EQ, 21-Jan-2020,35.4,34.85,35.55,34.4, 34.40,34.65,34.79,6590,2.29,93, 5729, 86.93
ASCOM, SM, 21-Jan-2020,31.0,32.5,32.5,32.5, 32.50,32.5,32.5,4000,1.3,1, 4000, 100.00
ASHAPURMIN, EQ, 21-Jan-2020,34.2,33.75,34.55,33.0, 34.55,34.3,34.14,32844,11.21,151, 28265, 86.06
ASHIANA, EQ, 21-Jan-2020,116.7,116.65,117.45,114.95, 116.80,116.2,115.79,30524,35.34,277, 23639, 77.44
ASHIMASYN, EQ, 21-Jan-2020,8.45,8.65,8.65,8.25, 8.60,8.5,8.37,7441,0.62,66, 5107, 68.63
ASHOKA, EQ, 21-Jan-2020,118.55,117.4,121.0,114.1, 120.60,119.0,118.58,2108894,2500.81,13417, 1466238, 69.53
ASHOKLEY, EQ, 21-Jan-2020,84.8,84.2,86.65,83.6, 86.15,86.3,85.47,22562935,19284.16,81942, 7509341, 33.28
ASIANHOTNR, EQ, 21-Jan-2020,85.05,86.75,86.75,83.15, 84.00,83.95,84.96,5938,5.04,164, 5337, 89.88
ASIANPAINT, EQ, 21-Jan-2020,1848.75,1839.95,1842.55,1793.85, 1809.00,1810.75,1810.96,2101561,38058.39,79182, 657762, 31.30
ASIANTILES, EQ, 21-Jan-2020,218.25,218.0,220.9,215.2, 218.00,219.75,218.76,24158,52.85,1284, 14420, 59.69
ASPINWALL, EQ, 21-Jan-2020,155.05,155.25,169.0,152.0, 159.85,158.35,162.27,10109,16.4,293, 3686, 36.46
ASTEC, EQ, 21-Jan-2020,476.6,480.0,482.25,465.0, 470.00,474.7,471.96,10308,48.65,391, 6385, 61.94
ASTERDM, EQ, 21-Jan-2020,162.8,162.95,165.55,162.2, 163.50,163.65,164.04,258075,423.35,5752, 172461, 66.83
ASTRAL, EQ, 21-Jan-2020,1102.3,1108.95,1109.3,1082.6, 1093.00,1094.3,1095.81,115530,1265.99,9910, 91359, 79.08
ASTRAMICRO, EQ, 21-Jan-2020,86.8,86.8,88.3,86.15, 86.80,86.55,86.88,42112,36.59,639, 22283, 52.91
ASTRAZEN, EQ, 21-Jan-2020,2491.2,2500.0,2570.0,2485.4, 2566.00,2548.45,2529.94,11564,292.56,1641, 6401, 55.35
ASTRON, EQ, 21-Jan-2020,38.85,38.9,39.0,38.0, 38.20,38.55,38.5,34585,13.32,391, 19146, 55.36
ATFL, EQ, 21-Jan-2020,699.65,699.65,713.0,681.1, 713.00,706.95,691.36,11252,77.79,958, 7874, 69.98
ATLANTA, EQ, 21-Jan-2020,6.45,6.45,6.45,6.15, 6.25,6.25,6.22,16595,1.03,79, 10870, 65.50
ATLASCYCLE, BE, 21-Jan-2020,52.85,51.0,53.5,51.0, 52.50,52.25,52.94,357,0.19,13, -, -
ATUL, EQ, 21-Jan-2020,4346.05,4340.0,4379.95,4305.25, 4378.00,4362.2,4335.77,4871,211.2,1378, 2876, 59.04
ATULAUTO, EQ, 21-Jan-2020,254.1,258.0,298.45,256.0, 281.40,280.9,285.23,904836,2580.85,26806, 109828, 12.14
AUBANK, EQ, 21-Jan-2020,885.9,884.0,892.0,875.5, 889.95,888.35,886.91,255520,2266.24,7539, 151551, 59.31
AURIONPRO, EQ, 21-Jan-2020,59.6,59.15,61.35,59.0, 60.45,60.15,60.21,13987,8.42,411, 11284, 80.67
AUROPHARMA, EQ, 21-Jan-2020,482.95,481.0,495.4,472.0, 494.50,493.2,489.65,3371672,16509.53,49523, 945626, 28.05
AUSOMENT, BE, 21-Jan-2020,37.4,37.4,37.4,36.8, 36.85,37.05,37.06,126,0.05,4, -, -
AUTOAXLES, EQ, 21-Jan-2020,865.7,864.5,864.5,841.3, 844.00,849.65,856.47,3521,30.16,315, 2552, 72.48
AUTOIND, BE, 21-Jan-2020,25.5,25.7,26.0,24.55, 25.90,25.8,25.64,5928,1.52,54, -, -
AUTOLITIND, EQ, 21-Jan-2020,26.2,26.6,27.8,25.25, 25.45,25.5,26.63,33888,9.02,525, 15095, 44.54
AVADHSUGAR, EQ, 21-Jan-2020,334.4,331.1,337.7,321.45, 324.00,323.55,329.19,147883,486.82,4117, 59981, 40.56
AVANTIFEED, EQ, 21-Jan-2020,690.55,679.5,711.4,659.0, 698.50,699.15,692.83,2179510,15100.28,61339, 296904, 13.62
AVTNPL, EQ, 21-Jan-2020,33.8,34.4,34.4,33.4, 34.00,34.0,33.91,70538,23.92,412, 56005, 79.40
AXISBANK, EQ, 21-Jan-2020,727.2,726.35,729.6,716.05, 717.45,717.6,722.46,8242803,59550.91,104303, 2591331, 31.44
AXISCADES, EQ, 21-Jan-2020,55.2,55.15,64.35,54.9, 61.50,61.8,60.96,539599,328.94,5457, 159885, 29.63
AXISGOLD, EQ, 21-Jan-2020,3511.35,3516.0,3543.85,3487.0, 3491.10,3492.95,3513.6,443,15.57,105, 269, 60.72
AXISNIFTY, EQ, 21-Jan-2020,1265.75,1264.6,1264.6,1253.57, 1260.00,1260.0,1261.29,93,1.17,12, 83, 89.25
AYMSYNTEX, EQ, 21-Jan-2020,32.9,33.0,33.5,31.0, 32.60,32.95,32.49,11860,3.85,71, 9522, 80.29
BAGFILMS, BE, 21-Jan-2020,1.95,1.9,2.0,1.9, 2.00,1.9,1.94,39208,0.76,51, -, -
BAJAJ-AUTO, EQ, 21-Jan-2020,3103.7,3096.0,3119.0,3085.5, 3093.00,3097.05,3102.26,215722,6692.27,15113, 101065, 46.85
BAJAJCON, EQ, 21-Jan-2020,236.8,236.8,237.95,231.35, 232.45,232.55,233.49,120681,281.78,2800, 76517, 63.40
BAJAJELEC, EQ, 21-Jan-2020,396.15,397.9,397.9,385.0, 387.25,388.05,392.18,101319,397.35,3109, 32350, 31.93
BAJAJFINSV, EQ, 21-Jan-2020,9572.75,9583.95,9625.0,9508.2, 9572.45,9534.3,9571.81,174507,16703.48,22520, 54486, 31.22
BAJAJHIND, EQ, 21-Jan-2020,6.8,6.8,6.85,6.7, 6.85,6.85,6.79,900682,61.19,1087, 469450, 52.12
BAJAJHLDNG, EQ, 21-Jan-2020,3375.75,3383.0,3383.0,3362.0, 3379.00,3370.25,3368.63,44703,1505.88,1427, 42650, 95.41
BAJFINANCE, EQ, 21-Jan-2020,4152.6,4149.95,4186.1,4117.05, 4135.00,4138.6,4146.68,897922,37233.94,62449, 331038, 36.87
BALAJITELE, EQ, 21-Jan-2020,52.35,52.7,53.0,51.9, 52.95,52.5,52.55,30835,16.2,273, 23475, 76.13
BALAMINES, EQ, 21-Jan-2020,443.4,437.9,475.25,426.3, 475.00,470.05,458.8,96281,441.73,3849, 40584, 42.15
BALAXI, EQ, 21-Jan-2020,71.95,66.3,73.9,66.1, 69.05,70.4,69.91,16887,11.81,167, 685, 4.06
BALKRISHNA, BE, 21-Jan-2020,18.45,19.0,19.0,18.05, 18.10,18.15,18.32,5880,1.08,20, -, -
BALKRISIND, EQ, 21-Jan-2020,1106.25,1101.0,1108.0,1087.3, 1089.10,1089.95,1096.66,355584,3899.54,10460, 106186, 29.86
BALLARPUR, BE, 21-Jan-2020,0.5,0.5,0.55,0.45, 0.55,0.5,0.5,647477,3.23,167, -, -
BALMLAWRIE, EQ, 21-Jan-2020,125.4,126.0,126.3,124.0, 124.10,124.35,124.76,50836,63.42,903, 34050, 66.98
BALPHARMA, EQ, 21-Jan-2020,45.65,45.0,46.3,45.0, 45.35,45.4,45.58,3555,1.62,78, 2570, 72.29
BALRAMCHIN, EQ, 21-Jan-2020,186.55,184.0,187.4,183.0, 183.45,183.5,184.82,625559,1156.16,7970, 291609, 46.62
BANARBEADS, EQ, 21-Jan-2020,35.55,34.65,37.25,34.25, 36.00,35.6,35.37,1755,0.62,39, 915, 52.14
BANARISUG, EQ, 21-Jan-2020,1479.25,1451.35,1498.0,1431.15, 1440.10,1444.05,1461.38,642,9.38,252, 406, 63.24
BANCOINDIA, EQ, 21-Jan-2020,109.35,109.0,109.8,106.7, 107.00,107.0,107.52,33753,36.29,522, 24100, 71.40
BANDHANBNK, EQ, 21-Jan-2020,483.7,481.0,483.9,476.0, 477.00,476.75,478.92,1253858,6004.94,34512, 772649, 61.62
BANG, EQ, 21-Jan-2020,22.5,22.95,23.8,22.35, 23.35,23.3,23.1,6159,1.42,251, 2775, 45.06
BANKBARODA, EQ, 21-Jan-2020,94.7,94.7,95.7,94.1, 94.80,94.75,94.88,16440135,15598.98,39772, 1650652, 10.04
BANKBEES, EQ, 21-Jan-2020,318.0,318.0,318.4,315.7, 316.50,316.42,316.7,85599,271.09,2753, 53602, 62.62
BANKINDIA, EQ, 21-Jan-2020,67.05,66.8,67.75,66.7, 67.25,67.35,67.3,1239835,834.39,8231, 299393, 24.15
BANSWRAS, BE, 21-Jan-2020,121.45,123.0,123.0,118.25, 118.25,119.75,120.69,5945,7.18,55, -, -
BARTRONICS, BE, 21-Jan-2020,1.3,1.35,1.35,1.25, 1.25,1.3,1.33,5060,0.07,17, -, -
BASF, EQ, 21-Jan-2020,1046.35,1031.0,1052.0,1005.55, 1009.90,1011.3,1026.23,37876,388.7,3176, 23922, 63.16
BASML, EQ, 21-Jan-2020,141.0,143.8,143.8,135.4, 136.50,137.7,137.92,1395,1.92,39, 945, 67.74
BATAINDIA, EQ, 21-Jan-2020,1792.6,1782.0,1799.0,1757.65, 1782.95,1788.35,1782.76,491307,8758.82,22925, 142250, 28.95
BAYERCROP, EQ, 21-Jan-2020,4139.6,4169.85,4212.95,4133.0, 4179.00,4174.5,4176.88,7758,324.04,2012, 4503, 58.04
BBL, EQ, 21-Jan-2020,871.15,872.85,884.5,856.1, 857.10,860.15,870.56,5670,49.36,890, 2431, 42.87
BBTC, EQ, 21-Jan-2020,1129.9,1121.7,1144.0,1116.55, 1138.00,1134.55,1134.73,75686,858.83,3263, 23247, 30.72
BCG, BE, 21-Jan-2020,5.9,5.9,5.9,5.65, 5.75,5.65,5.73,180854,10.36,271, -, -
BCP, BE, 21-Jan-2020,19.9,19.7,20.45,19.7, 20.30,20.25,20.02,70749,14.17,69, -, -
BDL, EQ, 21-Jan-2020,306.2,303.0,311.0,301.0, 304.50,305.6,306.21,104860,321.09,3776, 60696, 57.88
BEARDSELL, BE, 21-Jan-2020,9.55,9.55,9.7,9.1, 9.70,9.7,9.18,2015,0.19,9, -, -
BEDMUTHA, BE, 21-Jan-2020,16.45,15.9,17.05,15.85, 17.05,17.05,15.89,559,0.09,6, -, -
BEL, EQ, 21-Jan-2020,105.0,104.0,106.0,103.85, 104.95,105.05,104.88,5708875,5987.2,29516, 1547674, 27.11
BEML, EQ, 21-Jan-2020,992.1,980.0,1019.25,977.0, 1003.00,999.6,1001.42,594417,5952.63,18183, 51640, 8.69
BEPL, EQ, 21-Jan-2020,52.05,51.9,53.2,50.55, 52.40,52.3,52.06,633652,329.88,4911, 184722, 29.15
BERGEPAINT, EQ, 21-Jan-2020,567.15,564.6,565.0,547.0, 547.90,549.45,551.64,2284062,12599.77,44879, 658560, 28.83
BFINVEST, EQ, 21-Jan-2020,325.9,324.8,331.65,322.1, 327.45,324.65,327.32,50039,163.79,1765, 16725, 33.42
BFUTILITIE, EQ, 21-Jan-2020,339.8,338.0,347.4,335.1, 343.25,342.55,342.61,167282,573.13,3977, 54489, 32.57
BGLOBAL, BE, 21-Jan-2020,1.35,1.35,1.35,1.35, 1.35,1.35,1.35,1882,0.03,9, -, -
BGRENERGY, EQ, 21-Jan-2020,38.7,38.5,39.4,37.95, 38.15,38.1,38.5,134312,51.71,1064, 38650, 28.78
BHAGERIA, EQ, 21-Jan-2020,114.7,113.55,116.4,113.0, 115.00,115.55,114.58,14345,16.44,320, 7061, 49.22
BHAGYANGR, EQ, 21-Jan-2020,22.9,21.6,23.4,21.6, 23.35,23.35,22.46,3835,0.86,77, 2661, 69.39
BHAGYAPROP, EQ, 21-Jan-2020,23.05,22.5,24.0,22.5, 23.55,23.65,23.86,16210,3.87,105, 16102, 99.33
BHANDARI, EQ, 21-Jan-2020,1.4,1.45,1.45,1.3, 1.35,1.35,1.34,278949,3.73,141, 139213, 49.91
BHARATFORG, EQ, 21-Jan-2020,518.65,515.15,519.0,506.65, 510.00,510.95,510.35,1430656,7301.29,18317, 797267, 55.73
BHARATGEAR, BE, 21-Jan-2020,71.95,74.2,74.2,70.0, 70.05,70.2,70.73,4226,2.99,74, -, -
BHARATRAS, EQ, 21-Jan-2020,6507.7,6500.0,6507.7,6382.0, 6382.00,6399.85,6429.67,739,47.52,380, 390, 52.77
BHARATWIRE, EQ, 21-Jan-2020,28.65,28.1,28.9,28.05, 28.50,28.6,28.6,4246,1.21,44, 3484, 82.05
BHARTIARTL, EQ, 21-Jan-2020,508.7,510.0,515.0,504.4, 508.35,511.75,510.76,64001338,326896.19,254262, 38317050, 59.87
BHEL, EQ, 21-Jan-2020,44.95,45.0,45.45,43.2, 43.55,43.4,43.95,24323645,10690.27,34213, 11117024, 45.70
BIGBLOC, BE, 21-Jan-2020,37.3,37.5,38.5,37.5, 38.50,38.45,37.78,874,0.33,8, -, -
BIL, EQ, 21-Jan-2020,178.0,172.0,185.4,172.0, 184.40,183.9,180.45,1514,2.73,107, 740, 48.88
BILENERGY, EQ, 21-Jan-2020,0.95,0.95,1.0,0.95, 1.00,1.0,0.96,146901,1.41,114, 146202, 99.52
BINDALAGRO, EQ, 21-Jan-2020,13.1,13.0,13.65,12.95, 13.00,13.05,13.23,35949,4.75,90, 20848, 57.99
BIOCON, EQ, 21-Jan-2020,292.05,291.6,295.9,290.1, 294.10,294.65,294.11,1876487,5518.91,15951, 435363, 23.20
BIOFILCHEM, BE, 21-Jan-2020,13.45,12.8,13.9,12.8, 12.80,13.0,12.92,18844,2.43,120, -, -
BIRLACABLE, EQ, 21-Jan-2020,62.9,61.55,63.0,61.5, 61.90,61.75,61.99,43653,27.06,763, 24913, 57.07
BIRLACORPN, EQ, 21-Jan-2020,776.2,775.0,775.0,742.55, 751.00,753.55,762.87,271817,2073.61,6470, 184266, 67.79
BIRLAMONEY, EQ, 21-Jan-2020,35.8,35.8,36.0,35.1, 35.70,35.45,35.58,58727,20.89,820, 31941, 54.39
BLBLIMITED, EQ, 21-Jan-2020,4.75,4.95,5.0,4.7, 4.80,4.8,4.85,11418,0.55,52, 8037, 70.39
BLISSGVS, EQ, 21-Jan-2020,145.75,145.95,147.25,145.1, 146.00,145.7,146.71,206204,302.52,1056, 101432, 49.19
BLKASHYAP, EQ, 21-Jan-2020,9.05,9.05,9.2,8.55, 8.95,8.95,8.99,30780,2.77,85, 29326, 95.28
BLS, EQ, 21-Jan-2020,68.9,69.0,69.6,67.5, 67.50,67.95,68.6,9983,6.85,205, 8690, 87.05
BLUEBLENDS, BE, 21-Jan-2020,0.8,0.8,0.85,0.75, 0.75,0.75,0.78,3330,0.03,8, -, -
BLUEDART, EQ, 21-Jan-2020,2592.25,2592.25,2675.0,2564.0, 2665.05,2647.55,2625.88,8499,223.17,1603, 3578, 42.10
BLUESTARCO, EQ, 21-Jan-2020,859.85,858.05,868.95,835.0, 840.00,840.25,850.7,28434,241.89,2597, 14599, 51.34
BODALCHEM, EQ, 21-Jan-2020,74.2,73.5,75.3,72.5, 73.50,73.4,73.86,213375,157.59,2662, 70600, 33.09
BOHRA, SM, 21-Jan-2020,1.6,1.55,1.55,1.55, 1.55,1.55,1.55,2000,0.03,1, 2000, 100.00
BOMDYEING, EQ, 21-Jan-2020,87.75,87.1,87.65,85.5, 85.95,86.0,86.42,1586131,1370.68,9647, 456469, 28.78
BOROSIL, EQ, 21-Jan-2020,166.7,165.25,167.5,163.9, 165.00,164.75,165.42,75295,124.55,1389, 35479, 47.12
BOSCHLTD, EQ, 21-Jan-2020,14970.35,14929.95,15130.0,14890.0, 14926.10,14935.5,15009.74,14888,2234.65,4248, 4411, 29.63
BPCL, EQ, 21-Jan-2020,457.15,457.6,466.5,455.05, 463.50,463.85,461.24,4199420,19369.24,53623, 893373, 21.27
BPL, EQ, 21-Jan-2020,22.1,21.95,22.75,21.4, 21.85,21.7,21.89,85256,18.66,763, 42184, 49.48
BRFL, BZ, 21-Jan-2020,4.1,4.1,4.2,4.1, 4.10,4.1,4.13,23869,0.99,24, -, -
BRIGADE, EQ, 21-Jan-2020,229.2,229.0,229.2,224.0, 226.90,226.25,226.68,23981,54.36,1135, 14837, 61.87
BRITANNIA, EQ, 21-Jan-2020,3110.45,3100.0,3130.0,3077.25, 3120.30,3111.25,3104.76,220943,6859.76,22663, 117330, 53.10
BRITANNIA, N2, 21-Jan-2020,31.63,31.46,31.79,31.46, 31.70,31.7,31.69,7245,2.3,83, 7242, 99.96
BRNL, EQ, 21-Jan-2020,64.65,65.0,66.5,64.0, 66.50,66.25,65.43,4674,3.06,75, 3591, 76.83
BROOKS, EQ, 21-Jan-2020,38.7,38.5,38.7,37.8, 37.80,38.0,38.28,16584,6.35,167, 12570, 75.80
BSE, EQ, 21-Jan-2020,547.9,547.0,547.9,540.0, 544.75,542.85,543.92,107036,582.19,3013, 59277, 55.38
BSHSL, SM, 21-Jan-2020,110.0,109.5,110.5,109.5, 110.50,110.5,110.0,3600,3.96,3, 3600, 100.00
BSL, EQ, 21-Jan-2020,35.75,36.0,38.0,35.05, 38.00,37.85,37.63,30589,11.51,374, 25312, 82.75
BSLGOLDETF, EQ, 21-Jan-2020,3678.6,3700.7,3717.0,3670.0, 3670.00,3680.5,3689.98,60,2.21,19, 31, 51.67
BSLNIFTY, EQ, 21-Jan-2020,133.63,133.0,133.0,132.72, 132.82,132.82,132.97,47,0.06,4, 40, 85.11
BSOFT, EQ, 21-Jan-2020,72.5,71.4,72.8,71.3, 72.20,71.9,72.05,379486,273.42,2227, 322410, 84.96
BURNPUR, EQ, 21-Jan-2020,1.4,1.35,1.4,1.35, 1.35,1.35,1.35,29906,0.4,38, 24744, 82.74
BUTTERFLY, EQ, 21-Jan-2020,245.65,245.0,258.6,241.2, 253.50,252.8,252.42,132785,335.18,4418, 34404, 25.91
BVCL, BE, 21-Jan-2020,12.2,12.2,12.8,11.6, 12.80,12.7,12.36,1381,0.17,25, -, -
BYKE, EQ, 21-Jan-2020,20.8,20.8,21.5,20.6, 20.80,20.85,20.82,27930,5.81,151, 13347, 47.79
CADILAHC, EQ, 21-Jan-2020,266.95,266.0,270.5,266.0, 268.50,268.35,268.29,975832,2618.03,20446, 344725, 35.33
CADSYS, SM, 21-Jan-2020,36.5,34.85,34.85,34.85, 34.85,34.85,34.85,2000,0.7,1, 2000, 100.00
CALSOFT, EQ, 21-Jan-2020,13.6,13.6,13.6,12.95, 13.05,13.2,13.19,184274,24.31,351, 21377, 11.60
CAMLINFINE, EQ, 21-Jan-2020,79.9,80.9,83.5,79.4, 82.50,82.7,81.72,570445,466.19,5810, 295922, 51.88
CANBK, EQ, 21-Jan-2020,218.85,217.3,221.3,216.0, 217.90,219.15,219.19,6067583,13299.24,35740, 439055, 7.24
CANDC, BZ, 21-Jan-2020,2.4,2.5,2.5,2.3, 2.30,2.3,2.48,1135,0.03,4, -, -
CANFINHOME, EQ, 21-Jan-2020,389.3,398.0,467.15,398.0, 467.15,463.6,441.14,8414117,37117.95,141910, 1649634, 19.61
CANTABIL, EQ, 21-Jan-2020,276.5,275.75,278.0,270.0, 270.15,275.6,274.98,35788,98.41,1960, 9263, 25.88
CAPACITE, EQ, 21-Jan-2020,194.6,194.5,199.0,193.25, 196.30,196.2,196.79,17431,34.3,907, 9334, 53.55
CAPLIPOINT, EQ, 21-Jan-2020,295.5,298.5,298.75,291.15, 295.60,294.9,295.16,36436,107.54,1439, 21894, 60.09
CAPTRUST, EQ, 21-Jan-2020,153.6,146.1,149.4,145.95, 145.95,145.95,146.27,5216,7.63,75, 4765, 91.35
CARBORUNIV, EQ, 21-Jan-2020,337.05,336.55,340.0,334.8, 339.25,336.25,338.6,60718,205.59,545, 57537, 94.76
CAREERP, EQ, 21-Jan-2020,120.8,119.0,120.8,118.15, 118.30,118.95,119.59,5597,6.69,162, 3653, 65.27
CARERATING, EQ, 21-Jan-2020,639.9,641.95,651.65,631.3, 647.10,644.6,642.8,556403,3576.58,16132, 316168, 56.82
CASTEXTECH, BE, 21-Jan-2020,0.35,0.4,0.4,0.3, 0.35,0.35,0.32,145881,0.46,54, -, -
CASTROLIND, EQ, 21-Jan-2020,135.7,135.1,135.9,131.6, 132.00,132.2,133.09,1881947,2504.75,17499, 595002, 31.62
CCHHL, BE, 21-Jan-2020,3.2,3.25,3.35,3.05, 3.15,3.15,3.25,22279,0.72,36, -, -
CCL, EQ, 21-Jan-2020,199.6,198.6,203.95,194.0, 200.00,199.55,200.12,22347,44.72,972, 10257, 45.90
CDSL, EQ, 21-Jan-2020,273.4,271.9,283.6,267.1, 281.25,281.5,278.39,1384127,3853.29,22864, 497495, 35.94
CEATLTD, EQ, 21-Jan-2020,1008.95,1005.0,1018.0,995.05, 1015.00,1005.5,1005.42,41668,418.94,2168, 11759, 28.22
CEBBCO, EQ, 21-Jan-2020,15.7,15.8,16.55,15.55, 16.30,16.05,15.96,227880,36.37,427, 168896, 74.12
CELEBRITY, EQ, 21-Jan-2020,6.6,6.5,6.8,6.4, 6.70,6.7,6.55,1481,0.1,12, 499, 33.69
CELESTIAL, BE, 21-Jan-2020,2.85,2.8,2.95,2.75, 2.80,2.8,2.78,7259,0.2,22, -, -
CENTENKA, EQ, 21-Jan-2020,208.45,208.35,212.0,203.05, 204.50,205.05,205.89,56268,115.85,1359, 33945, 60.33
CENTEXT, EQ, 21-Jan-2020,3.2,3.05,3.45,3.0, 3.40,3.4,3.26,95261,3.11,190, 70018, 73.50
CENTRALBK, EQ, 21-Jan-2020,18.05,17.95,18.2,17.9, 18.15,18.1,18.09,377087,68.21,900, 260161, 68.99
CENTRUM, EQ, 21-Jan-2020,22.95,22.95,23.5,22.1, 22.55,22.7,22.8,110099,25.11,417, 81712, 74.22
CENTUM, EQ, 21-Jan-2020,407.4,407.0,411.1,393.65, 410.00,408.15,408.44,4379,17.89,134, 3670, 83.81
CENTURYPLY, EQ, 21-Jan-2020,170.35,169.45,171.5,165.9, 170.00,169.8,169.37,239387,405.45,6434, 148239, 61.92
CENTURYTEX, EQ, 21-Jan-2020,537.75,537.0,563.8,534.0, 563.75,558.45,552.18,2895443,15987.98,39914, 362479, 12.52
CERA, EQ, 21-Jan-2020,2659.6,2684.0,2684.0,2650.0, 2650.00,2651.2,2665.21,1788,47.65,307, 1163, 65.04
CEREBRAINT, BE, 21-Jan-2020,24.0,24.5,25.1,23.95, 24.20,24.05,24.21,73625,17.83,117, -, -
CESC, EQ, 21-Jan-2020,759.75,757.0,766.5,743.15, 747.90,747.05,757.45,455047,3446.76,10063, 57697, 12.68
CESCVENT, EQ, 21-Jan-2020,348.05,352.9,376.0,344.95, 360.00,360.15,365.72,98432,359.98,3898, 41823, 42.49
CGCL, EQ, 21-Jan-2020,196.5,196.0,198.65,194.3, 197.50,196.95,196.65,388784,764.54,4713, 35692, 9.18
CGPOWER, BZ, 21-Jan-2020,8.45,8.05,8.05,8.05, 8.05,8.05,8.05,224135,18.04,440, -, -
CHALET, EQ, 21-Jan-2020,348.5,347.0,364.0,342.5, 353.00,353.1,344.19,510684,1757.74,1056, 504352, 98.76
CHAMBLFERT, EQ, 21-Jan-2020,168.4,168.0,174.4,164.2, 171.10,171.35,171.17,589619,1009.25,7555, 186459, 31.62
CHEMBOND, EQ, 21-Jan-2020,244.25,247.95,247.95,233.0, 245.00,242.75,243.85,1619,3.95,199, 782, 48.30
CHEMFAB, EQ, 21-Jan-2020,208.65,208.65,208.65,190.0, 195.95,196.2,196.65,6824,13.42,463, 4001, 58.63
CHENNPETRO, EQ, 21-Jan-2020,152.45,152.0,152.25,147.2, 147.55,148.1,149.36,420255,627.7,6730, 143541, 34.16
CHOLAFIN, EQ, 21-Jan-2020,319.2,315.6,318.85,308.95, 315.10,314.95,313.46,2824500,8853.62,33969, 1954546, 69.20
CHOLAHLDNG, EQ, 21-Jan-2020,545.45,538.1,545.45,537.0, 541.95,541.0,540.45,22863,123.56,745, 14622, 63.95
CIGNITITEC, EQ, 21-Jan-2020,281.05,283.0,289.0,281.05, 287.00,286.75,285.32,69353,197.87,696, 53306, 76.86
CIMMCO, EQ, 21-Jan-2020,24.2,24.05,27.1,24.05, 25.50,25.3,25.23,31978,8.07,371, 19167, 59.94
CINELINE, EQ, 21-Jan-2020,41.55,41.0,42.95,40.05, 40.30,40.3,40.92,31935,13.07,816, 16031, 50.20
CINEVISTA, EQ, 21-Jan-2020,7.85,7.55,8.2,7.55, 8.05,7.95,7.88,3863,0.3,48, 3502, 90.65
CIPLA, EQ, 21-Jan-2020,480.15,478.95,479.55,472.2, 473.00,473.4,475.89,1448808,6894.66,27223, 713960, 49.28
CKFSL, EQ, 21-Jan-2020,0.4,0.4,0.45,0.35, 0.45,0.4,0.4,287689,1.16,129, 168273, 58.49
CKPLEISURE, SM, 21-Jan-2020,5.55,5.55,5.55,5.55, 5.55,5.55,5.55,52000,2.89,6, 52000, 100.00
CLEDUCATE, EQ, 21-Jan-2020,74.55,76.45,77.0,74.0, 74.35,74.35,75.25,2095,1.58,73, 1633, 77.95
CLNINDIA, EQ, 21-Jan-2020,406.75,409.5,414.4,400.35, 410.50,412.15,408.15,39508,161.25,3077, 23605, 59.75
CMICABLES, EQ, 21-Jan-2020,49.35,49.0,50.4,48.6, 49.90,49.8,49.81,5808,2.89,176, 3412, 58.75
CMMIPL, SM, 21-Jan-2020,4.9,5.1,5.1,5.1, 5.10,5.1,5.1,6000,0.31,2, 6000, 100.00
CNOVAPETRO, EQ, 21-Jan-2020,7.3,7.25,7.25,7.25, 7.25,7.25,7.25,4940,0.36,20, 4940, 100.00
COALINDIA, EQ, 21-Jan-2020,201.15,201.15,205.25,201.15, 202.35,202.15,203.65,6347967,12927.69,43002, 2130418, 33.56
COCHINSHIP, EQ, 21-Jan-2020,439.85,437.0,438.8,425.25, 428.75,428.2,431.31,166572,718.44,5730, 87336, 52.43
COFFEEDAY, BZ, 21-Jan-2020,30.8,29.3,29.3,29.3, 29.30,29.3,29.3,158713,46.5,488, -, -
COLPAL, EQ, 21-Jan-2020,1501.25,1499.45,1499.45,1483.2, 1486.80,1487.15,1490.32,220146,3280.88,17627, 116377, 52.86
COMPINFO, EQ, 21-Jan-2020,18.15,18.85,19.25,18.4, 18.45,18.55,18.72,75279,14.09,196, 55248, 73.39
COMPUSOFT, EQ, 21-Jan-2020,7.55,7.55,7.65,7.4, 7.45,7.45,7.51,27763,2.08,54, 21261, 76.58
CONCOR, EQ, 21-Jan-2020,550.95,550.5,554.25,550.0, 552.15,551.55,551.97,327726,1808.95,13679, 138257, 42.19
CONFIPET, EQ, 21-Jan-2020,27.6,27.35,28.2,27.3, 27.50,27.5,27.68,79392,21.98,422, 48055, 60.53
CONSOFINVT, EQ, 21-Jan-2020,39.5,38.0,40.7,38.0, 39.10,39.1,39.11,102,0.04,5, 100, 98.04
CONTI, SM, 21-Jan-2020,53.35,55.75,56.0,54.3, 56.00,56.0,55.77,344000,191.86,75, 180000, 52.33
CONTROLPR, EQ, 21-Jan-2020,278.6,281.65,284.4,275.0, 284.35,281.7,278.51,3382,9.42,180, 2504, 74.04
CORALFINAC, EQ, 21-Jan-2020,11.0,11.4,11.4,10.85, 11.20,11.2,11.09,4809,0.53,90, 4349, 90.43
CORDSCABLE, EQ, 21-Jan-2020,46.5,47.25,47.4,45.55, 45.55,45.95,46.46,10678,4.96,395, 5832, 54.62
COROMANDEL, EQ, 21-Jan-2020,601.75,592.85,599.9,581.1, 597.00,592.8,587.38,441459,2593.06,7528, 347762, 78.78
CORPBANK, EQ, 21-Jan-2020,24.65,24.55,24.85,24.25, 24.30,24.35,24.54,502214,123.25,1144, 183384, 36.52
COSMOFILMS, EQ, 21-Jan-2020,283.95,283.25,292.0,282.5, 287.00,287.0,288.52,28814,83.14,1250, 16578, 57.53
COUNCODOS, EQ, 21-Jan-2020,1.6,1.6,1.6,1.55, 1.55,1.55,1.55,4762,0.07,19, 4762, 100.00
COX&KINGS, BZ, 21-Jan-2020,1.2,1.15,1.25,1.15, 1.25,1.2,1.17,519890,6.1,469, -, -
CPSEETF, EQ, 21-Jan-2020,22.84,22.98,22.98,22.57, 22.64,22.62,22.76,2414419,549.49,46789, 1979186, 81.97
CREATIVE, BE, 21-Jan-2020,111.95,112.95,112.95,108.0, 108.00,108.0,109.8,8225,9.03,49, -, -
CREDITACC, EQ, 21-Jan-2020,774.9,770.1,778.4,755.1, 775.65,774.0,769.88,69352,533.93,5299, 50661, 73.05
CREST, EQ, 21-Jan-2020,95.05,94.0,98.8,92.4, 95.50,96.3,95.54,3427,3.27,141, 2405, 70.18
CRISIL, EQ, 21-Jan-2020,1814.6,1810.0,1826.95,1783.0, 1785.00,1787.85,1803.23,13874,250.18,3864, 8803, 63.45
CROMPTON, EQ, 21-Jan-2020,255.15,255.0,258.0,253.1, 255.00,255.1,256.1,274560,703.14,11413, 189938, 69.18
CSBBANK, EQ, 21-Jan-2020,197.6,196.5,199.3,195.3, 195.50,196.05,196.93,260984,513.95,3880, 84671, 32.44
CTE, EQ, 21-Jan-2020,28.75,28.55,29.45,28.2, 28.90,28.75,29.0,8728,2.53,83, 5172, 59.26
CUB, EQ, 21-Jan-2020,238.9,239.0,240.0,237.1, 238.20,238.2,238.29,653824,1557.98,12118, 555581, 84.97
CUBEXTUB, EQ, 21-Jan-2020,13.35,12.25,14.15,12.25, 12.75,13.5,13.36,2670,0.36,20, 2310, 86.52
CUMMINSIND, EQ, 21-Jan-2020,584.15,580.0,592.0,578.7, 580.05,580.4,585.56,361234,2115.25,9740, 98673, 27.32
CUPID, EQ, 21-Jan-2020,251.2,250.5,250.75,232.0, 233.45,233.95,238.74,228987,546.69,5528, 137333, 59.97
CYBERMEDIA, BE, 21-Jan-2020,2.15,2.15,2.25,2.15, 2.25,2.25,2.22,680,0.02,4, -, -
CYBERTECH, EQ, 21-Jan-2020,46.05,46.75,46.8,44.9, 45.25,45.25,45.39,14611,6.63,187, 11983, 82.01
CYIENT, EQ, 21-Jan-2020,462.45,460.45,462.0,453.55, 461.00,460.3,457.17,178309,815.18,8506, 147825, 82.90
DAAWAT, EQ, 21-Jan-2020,26.65,26.4,28.9,26.25, 27.90,27.85,27.97,3019109,844.45,9109, 1226033, 40.61
DABUR, EQ, 21-Jan-2020,486.05,485.4,488.35,480.45, 487.50,487.0,485.29,788507,3826.53,22632, 350651, 44.47
DALBHARAT, EQ, 21-Jan-2020,854.8,855.0,860.35,835.25, 849.90,852.0,854.94,237195,2027.87,3245, 203831, 85.93
DALMIASUG, EQ, 21-Jan-2020,123.3,121.5,124.25,118.3, 118.70,119.1,121.43,269217,326.91,3790, 99810, 37.07
DAMODARIND, EQ, 21-Jan-2020,30.5,30.55,32.6,30.5, 30.65,30.9,31.49,14767,4.65,109, 8563, 57.99
DATAMATICS, EQ, 21-Jan-2020,78.65,76.9,80.8,76.0, 78.60,78.3,78.72,41122,32.37,718, 18418, 44.79
DBCORP, EQ, 21-Jan-2020,145.2,145.0,147.45,143.25, 145.40,145.5,145.59,60575,88.19,2178, 31812, 52.52
DBL, EQ, 21-Jan-2020,415.05,411.0,422.95,411.0, 415.10,416.2,417.1,162954,679.67,4808, 46354, 28.45
DBREALTY, BE, 21-Jan-2020,11.25,11.4,11.8,11.4, 11.80,11.8,11.77,127693,15.03,249, -, -
DBSTOCKBRO, BE, 21-Jan-2020,11.0,11.0,11.0,11.0, 11.00,11.0,11.0,200,0.02,2, -, -
DCAL, EQ, 21-Jan-2020,80.05,77.25,78.0,76.05, 76.05,76.05,76.26,246644,188.09,1829, 223609, 90.66
DCBBANK, EQ, 21-Jan-2020,197.4,197.4,199.75,181.45, 183.30,182.95,186.73,1325665,2475.48,19518, 771201, 58.17
DCI, SM, 21-Jan-2020,45.5,45.2,45.45,45.2, 45.45,45.45,45.43,39000,17.72,3, 39000, 100.00
DCM, EQ, 21-Jan-2020,25.45,25.1,25.95,25.1, 25.95,25.9,25.75,5608,1.44,102, 1411, 25.16
DCMNVL, EQ, 21-Jan-2020,36.0,36.85,37.05,33.5, 36.00,36.0,36.12,4622,1.67,92, 4160, 90.00
DCMSHRIRAM, EQ, 21-Jan-2020,412.85,414.0,415.0,402.0, 404.50,407.75,407.41,121070,493.25,4245, 77406, 63.93
DCW, EQ, 21-Jan-2020,15.75,15.7,15.85,15.3, 15.45,15.4,15.61,86973,13.57,231, 64820, 74.53
DECCANCE, EQ, 21-Jan-2020,345.35,347.45,348.0,342.0, 346.00,345.25,345.34,2797,9.66,188, 1659, 59.31
DEEPAKFERT, EQ, 21-Jan-2020,111.55,111.5,112.5,106.6, 107.75,107.8,109.21,586342,640.35,8209, 195813, 33.40
DEEPAKNTR, EQ, 21-Jan-2020,393.8,391.0,396.0,386.95, 389.65,389.35,390.39,159955,624.44,4338, 73852, 46.17
DEEPIND, EQ, 21-Jan-2020,120.0,120.0,120.35,117.0, 119.25,118.2,118.44,25607,30.33,698, 16496, 64.42
DELTACORP, EQ, 21-Jan-2020,197.1,196.7,198.7,195.4, 196.60,196.85,196.79,432500,851.14,5065, 130965, 30.28
DELTAMAGNT, EQ, 21-Jan-2020,38.25,37.3,37.9,35.0, 36.05,36.05,36.31,4606,1.67,245, 3527, 76.57
DEN, EQ, 21-Jan-2020,51.15,49.0,50.0,48.6, 48.75,48.75,48.94,66362,32.48,375, 53037, 79.92
DENORA, EQ, 21-Jan-2020,229.1,228.05,231.0,225.5, 226.60,226.3,227.1,4111,9.34,297, 1843, 44.83
DEVIT, SM, 21-Jan-2020,73.5,74.0,74.1,72.0, 72.00,72.0,73.37,4500,3.3,3, 1500, 33.33
DFMFOODS, EQ, 21-Jan-2020,269.0,269.9,271.0,261.25, 270.85,269.65,266.99,94172,251.43,2390, 63755, 67.70
DGCONTENT, BE, 21-Jan-2020,5.55,5.55,5.8,5.3, 5.80,5.75,5.62,5276,0.3,29, -, -
DHAMPURSUG, EQ, 21-Jan-2020,232.75,232.15,232.15,226.5, 228.25,227.85,229.67,382139,877.66,5027, 132441, 34.66
DHANBANK, EQ, 21-Jan-2020,14.85,14.6,15.15,14.6, 14.85,14.85,14.89,77407,11.53,318, 53138, 68.65
DHANUKA, EQ, 21-Jan-2020,467.3,470.95,473.0,444.05, 447.00,448.05,460.3,24620,113.32,2585, 11015, 44.74
DHARSUGAR, EQ, 21-Jan-2020,8.2,7.8,8.2,7.8, 7.80,7.8,7.82,35623,2.78,173, 27801, 78.04
DHFL, EQ, 21-Jan-2020,16.15,16.1,16.65,15.85, 16.05,16.0,16.12,1612566,259.97,4062, 849725, 52.69
DHFL, N4, 21-Jan-2020,164.0,196.8,196.8,196.8, 196.80,196.8,196.8,25,0.05,1, 25, 100.00
DHFL, N6, 21-Jan-2020,259.84,235.0,235.1,235.0, 235.00,235.0,235.01,115,0.27,7, 115, 100.00
DHFL, NC, 21-Jan-2020,235.0,235.0,235.0,235.0, 235.00,235.0,235.0,20,0.05,1, 20, 100.00
DHFL, NP, 21-Jan-2020,226.81,225.1,226.0,216.0, 220.00,217.5,220.19,7697,16.95,210, 4536, 58.93
DHFL, NQ, 21-Jan-2020,254.23,227.02,227.02,225.01, 225.01,225.01,226.02,50,0.11,3, 50, 100.00
DHFL, NX, 21-Jan-2020,210.0,210.0,210.0,210.0, 210.00,210.0,210.0,2,0.0,2, 0, 0.00
DHUNINV, EQ, 21-Jan-2020,236.95,237.0,243.9,237.0, 241.90,239.15,240.26,995,2.39,94, 453, 45.53
DIAMONDYD, EQ, 21-Jan-2020,817.55,820.95,821.0,815.0, 821.00,819.35,818.03,559,4.57,125, 381, 68.16
DIAPOWER, BZ, 21-Jan-2020,0.6,0.65,0.65,0.6, 0.60,0.6,0.65,7831,0.05,9, -, -
DICIND, EQ, 21-Jan-2020,343.5,343.5,345.0,337.05, 338.05,339.65,341.62,461,1.57,41, 296, 64.21
DIGISPICE, EQ, 21-Jan-2020,5.15,5.15,5.4,4.9, 5.00,5.05,5.04,28228,1.42,49, 15361, 54.42
DIGJAMLTD, BZ, 21-Jan-2020,1.0,0.95,1.05,0.95, 0.95,0.95,0.97,24515,0.24,25, -, -
DISHTV, EQ, 21-Jan-2020,12.75,12.8,13.55,12.75, 13.50,13.45,13.24,49773069,6591.15,45538, 11284560, 22.67
DIVISLAB, EQ, 21-Jan-2020,1892.0,1892.0,1900.9,1868.0, 1868.00,1870.8,1880.3,393410,7397.28,22592, 276299, 70.23
DIXON, EQ, 21-Jan-2020,4204.95,4203.0,4230.0,4132.2, 4162.10,4158.9,4176.46,22413,936.07,4101, 11703, 52.22
DLF, EQ, 21-Jan-2020,258.95,258.0,258.85,255.0, 256.10,257.1,256.76,5387621,13833.23,90857, 1514967, 28.12
DLINKINDIA, EQ, 21-Jan-2020,111.95,111.0,113.8,110.0, 112.90,112.7,112.35,65781,73.9,1396, 39088, 59.42
DMART, EQ, 21-Jan-2020,1936.65,1930.0,1959.55,1901.9, 1912.00,1912.35,1932.83,321554,6215.09,18327, 113062, 35.16
DNAMEDIA, BE, 21-Jan-2020,0.45,0.4,0.5,0.4, 0.50,0.5,0.49,31386,0.15,29, -, -
DOLAT, EQ, 21-Jan-2020,53.0,52.1,52.8,49.0, 49.00,50.25,50.99,181626,92.62,1473, 136977, 75.42
DOLLAR, EQ, 21-Jan-2020,139.35,137.05,143.05,137.0, 140.00,140.0,140.01,252177,353.08,1269, 235142, 93.24
DONEAR, EQ, 21-Jan-2020,32.0,32.95,32.95,31.5, 31.60,31.85,32.42,98440,31.91,764, 45760, 46.49
DPABHUSHAN, SM, 21-Jan-2020,56.0,56.0,58.0,56.0, 58.00,58.0,57.0,12000,6.84,3, 12000, 100.00
DPSCLTD, EQ, 21-Jan-2020,8.25,8.5,8.6,8.2, 8.45,8.45,8.35,1756,0.15,15, 1754, 99.89
DPWIRES, EQ, 21-Jan-2020,83.35,74.1,86.9,74.1, 82.75,80.7,79.26,15091,11.96,89, 4244, 28.12
DQE, EQ, 21-Jan-2020,1.5,1.5,1.5,1.45, 1.45,1.45,1.45,18251,0.27,28, 18251, 100.00
DREDGECORP, EQ, 21-Jan-2020,342.25,341.0,344.0,337.5, 338.20,338.5,339.98,113411,385.58,2672, 40765, 35.94
DRREDDY, EQ, 21-Jan-2020,3059.6,3055.55,3079.8,3035.85, 3052.00,3060.45,3061.54,570786,17474.85,26841, 221598, 38.82
DSML, SM, 21-Jan-2020,4.75,4.9,4.95,4.55, 4.95,4.95,4.86,102000,4.96,8, 96000, 94.12
DSSL, EQ, 21-Jan-2020,34.5,34.25,34.5,31.05, 31.05,31.05,32.18,64251,20.68,577, 28396, 44.20
DTIL, EQ, 21-Jan-2020,180.2,180.3,184.0,179.9, 181.00,181.3,182.27,5256,9.58,242, 3893, 74.07
DUCON, EQ, 21-Jan-2020,5.05,5.05,5.2,4.9, 5.10,5.1,5.04,41474,2.09,101, 30450, 73.42
DVL, EQ, 21-Jan-2020,72.8,72.6,72.6,70.9, 71.10,71.3,71.59,3581,2.56,129, 3187, 89.00
DWARKESH, EQ, 21-Jan-2020,38.35,38.25,38.9,37.75, 38.50,38.4,38.49,838175,322.65,2741, 361095, 43.08
DYNAMATECH, EQ, 21-Jan-2020,1010.0,1000.0,1010.0,997.0, 1008.00,1004.55,1004.3,1241,12.46,302, 809, 65.19
DYNPRO, EQ, 21-Jan-2020,154.35,150.1,157.0,150.1, 155.95,155.3,154.89,14556,22.55,329, 11635, 79.93
E2E, SM, 21-Jan-2020,20.75,20.5,20.5,19.75, 19.75,19.8,19.87,18000,3.58,9, 16000, 88.89
EASTSILK, BE, 21-Jan-2020,1.0,1.0,1.05,0.95, 1.05,0.95,0.95,12893,0.12,15, -, -
EASUNREYRL, BZ, 21-Jan-2020,2.65,2.7,2.75,2.6, 2.60,2.6,2.71,1751,0.05,13, -, -
EBBETF0423, EQ, 21-Jan-2020,1002.26,1003.4,1003.75,1003.1, 1003.74,1003.73,1003.32,26080,261.67,202, 23964, 91.89
EBBETF0430, EQ, 21-Jan-2020,1002.91,1003.0,1003.68,1002.0, 1003.65,1003.03,1003.04,7600,76.23,79, 7399, 97.36
ECLERX, EQ, 21-Jan-2020,661.15,665.0,673.95,650.0, 667.30,669.55,663.89,60903,404.33,4290, 31386, 51.53
ECLFINANCE, N5, 21-Jan-2020,1000.65,999.65,1000.0,999.0, 1000.00,1000.0,999.65,437,4.37,19, 437, 100.00
ECLFINANCE, N6, 21-Jan-2020,1079.0,1089.9,1090.0,1089.9, 1090.00,1090.0,1089.95,2,0.02,2, 1, 50.00
ECLFINANCE, NB, 21-Jan-2020,995.0,995.0,1006.0,995.0, 1006.00,1006.0,999.06,126,1.26,3, 126, 100.00
ECLFINANCE, NC, 21-Jan-2020,1085.0,1140.5,1140.5,1140.0, 1140.23,1140.23,1140.33,200,2.28,4, 200, 100.00
ECLFINANCE, ND, 21-Jan-2020,1620.0,1630.0,1630.0,1630.0, 1630.00,1630.0,1630.0,1,0.02,1, 1, 100.00
ECLFINANCE, NE, 21-Jan-2020,1069.27,1090.0,1090.0,1032.0, 1080.00,1080.0,1050.0,22,0.23,3, 21, 95.45
ECLFINANCE, NF, 21-Jan-2020,941.92,954.0,989.0,950.0, 972.90,972.9,969.15,546,5.29,12, 546, 100.00
ECLFINANCE, NG, 21-Jan-2020,900.0,895.0,895.0,895.0, 895.00,895.0,895.0,140,1.25,2, 140, 100.00
ECLFINANCE, NH, 21-Jan-2020,995.0,980.0,999.4,980.0, 999.40,999.4,983.68,179,1.76,6, 179, 100.00
ECLFINANCE, NI, 21-Jan-2020,924.7,919.99,980.0,910.0, 980.00,914.4,915.1,401,3.67,8, 401, 100.00
ECLFINANCE, NJ, 21-Jan-2020,868.0,868.0,868.0,868.0, 868.00,868.0,868.0,200,1.74,1, 200, 100.00
ECLFINANCE, NK, 21-Jan-2020,869.98,863.99,863.99,863.99, 863.99,863.99,863.99,10,0.09,1, 10, 100.00
ECLFINANCE, NM, 21-Jan-2020,930.0,931.0,940.0,928.0, 940.00,929.98,930.07,707,6.58,13, 705, 99.72
ECLFINANCE, NN, 21-Jan-2020,966.2,966.0,998.85,950.01, 965.00,977.65,976.06,1294,12.63,26, 1294, 100.00
ECLFINANCE, NO, 21-Jan-2020,940.0,940.0,940.0,929.0, 940.00,940.0,937.68,697,6.54,12, 697, 100.00
ECLFINANCE, NP, 21-Jan-2020,905.0,910.0,912.0,910.0, 912.00,912.0,910.48,210,1.91,4, 210, 100.00
ECLFINANCE, NQ, 21-Jan-2020,916.02,950.0,985.0,950.0, 985.00,985.0,960.63,277,2.66,11, 277, 100.00
ECLFINANCE, NR, 21-Jan-2020,961.05,983.8,984.0,955.0, 955.00,963.17,975.91,11121,108.53,36, 10821, 97.30
ECLFINANCE, NS, 21-Jan-2020,969.0,905.0,905.0,905.0, 905.00,905.0,905.0,2,0.02,1, 2, 100.00
EDELWEISS, EQ, 21-Jan-2020,104.85,105.3,105.3,102.3, 102.35,102.65,103.15,1402413,1446.53,6673, 1123215, 80.09
EDL, BZ, 21-Jan-2020,4.0,4.0,4.2,3.9, 4.20,4.2,3.96,515,0.02,5, -, -
EDUCOMP, BZ, 21-Jan-2020,1.05,1.1,1.1,1.05, 1.10,1.1,1.08,8946,0.1,47, -, -
EHFLNCD, N5, 21-Jan-2020,880.0,880.0,899.99,880.0, 899.99,899.99,885.31,335,2.97,10, 335, 100.00
EHFLNCD, N6, 21-Jan-2020,898.72,900.0,900.0,900.0, 900.00,900.0,900.0,151,1.36,4, 151, 100.00
EICHERMOT, EQ, 21-Jan-2020,21365.1,21358.0,21475.0,20970.3, 21005.00,21056.55,21173.14,103236,21858.3,24458, 13675, 13.25
EIDPARRY, EQ, 21-Jan-2020,223.9,224.6,226.8,218.35, 219.10,219.2,221.41,167956,371.86,3367, 65582, 39.05
EIFFL, SM, 21-Jan-2020,111.95,111.5,112.0,100.0, 112.00,107.8,109.53,7200,7.89,8, 7200, 100.00
EIHAHOTELS, EQ, 21-Jan-2020,311.0,306.1,317.35,304.1, 305.00,305.6,307.87,3806,11.72,130, 2610, 68.58
EIHOTEL, EQ, 21-Jan-2020,146.15,143.55,147.5,143.55, 146.50,146.85,146.08,44588,65.13,923, 30806, 69.09
EIMCOELECO, EQ, 21-Jan-2020,367.3,356.0,359.95,349.0, 352.75,352.75,353.93,556,1.97,70, 461, 82.91
EKC, EQ, 21-Jan-2020,31.1,30.55,31.35,30.15, 31.15,31.0,30.79,160295,49.35,441, 142316, 88.78
ELECON, EQ, 21-Jan-2020,40.95,40.05,40.95,36.9, 36.95,37.25,38.5,179517,69.11,1823, 129960, 72.39
ELECTCAST, EQ, 21-Jan-2020,16.9,16.9,17.2,16.0, 16.15,16.15,16.36,150962,24.7,821, 117951, 78.13
ELECTHERM, EQ, 21-Jan-2020,137.25,136.1,140.55,135.5, 137.50,137.45,137.57,27842,38.3,220, 15304, 54.97
ELGIEQUIP, EQ, 21-Jan-2020,260.75,260.2,265.0,252.75, 254.00,255.4,260.22,13867,36.08,581, 9646, 69.56
ELGIRUBCO, EQ, 21-Jan-2020,18.85,21.45,21.45,18.15, 18.45,18.75,18.53,4029,0.75,76, 2548, 63.24
EMAMILTD, EQ, 21-Jan-2020,343.95,340.2,341.3,328.8, 335.00,335.15,334.94,421981,1413.4,16672, 196477, 46.56
EMAMIPAP, EQ, 21-Jan-2020,125.75,132.0,132.0,127.0, 132.00,132.0,131.49,21494,28.26,351, 15582, 72.49
EMAMIREAL, EQ, 21-Jan-2020,57.05,59.5,59.9,58.25, 59.90,59.9,59.76,39273,23.47,211, 32014, 81.52
EMBASSY, RR, 21-Jan-2020,410.6,397.0,411.85,397.0, 410.01,410.13,409.63,176000,720.95,722, 147200, 83.64
EMCO, BZ, 21-Jan-2020,0.7,0.75,0.75,0.65, 0.75,0.75,0.66,5601,0.04,7, -, -
EMKAY, EQ, 21-Jan-2020,70.8,72.8,72.8,68.2, 70.80,71.25,70.92,14858,10.54,333, 8176, 55.03
EMMBI, EQ, 21-Jan-2020,126.8,125.0,129.45,121.25, 122.00,122.4,123.94,18049,22.37,581, 9748, 54.01
EMOFSR1RDP, MF, 21-Jan-2020,9.12,8.9,8.9,8.9, 8.90,8.9,8.9,2000,0.18,1, 2000, 100.00
EMOFSR1RGG, MF, 21-Jan-2020,9.11,8.76,8.93,8.76, 8.90,8.86,8.86,58440,5.18,299, 58440, 100.00
ENDURANCE, EQ, 21-Jan-2020,1058.65,1058.65,1069.9,1045.65, 1065.00,1065.25,1058.07,9825,103.96,1080, 6344, 64.57
ENERGYDEV, EQ, 21-Jan-2020,5.95,6.0,6.2,5.95, 5.95,6.0,6.1,41058,2.5,127, 28458, 69.31
ENGINERSIN, EQ, 21-Jan-2020,101.55,100.8,101.55,99.6, 100.15,100.0,100.34,513578,515.32,4385, 280880, 54.69
ENIL, EQ, 21-Jan-2020,264.15,257.0,262.0,253.45, 255.00,255.95,256.02,27952,71.56,303, 27131, 97.06
EON, EQ, 21-Jan-2020,15.3,14.65,15.2,14.65, 14.80,14.8,14.87,5939,0.88,27, 4189, 70.53
EQ30, EQ, 21-Jan-2020,352.25,310.0,352.0,310.0, 339.00,339.0,338.02,86,0.29,20, 75, 87.21
EQUITAS, EQ, 21-Jan-2020,103.2,102.5,104.5,102.3, 103.95,103.9,103.92,2308638,2399.07,15206, 1210514, 52.43
ERFLNCDI, N1, 21-Jan-2020,950.0,905.0,1005.0,905.0, 1005.00,1005.0,905.28,361,3.27,2, 361, 100.00
ERFLNCDI, N2, 21-Jan-2020,999.98,1000.0,1000.0,878.0, 1000.00,1000.0,973.99,619,6.03,9, 619, 100.00
ERFLNCDI, N3, 21-Jan-2020,949.0,960.0,960.0,959.0, 959.00,959.0,959.5,2,0.02,2, 0, 0.00
ERFLNCDI, N4, 21-Jan-2020,930.0,955.0,955.0,950.0, 953.00,953.0,952.57,628,5.98,6, 628, 100.00
ERFLNCDI, N5, 21-Jan-2020,849.0,833.1,833.1,833.1, 833.10,833.1,833.1,2,0.02,1, 2, 100.00
ERFLNCDI, N6, 21-Jan-2020,863.8,820.0,884.45,820.0, 884.45,884.45,825.91,109,0.9,2, 109, 100.00
ERIS, EQ, 21-Jan-2020,505.8,503.8,510.35,488.3, 501.85,503.6,503.61,32960,165.99,5254, 17983, 54.56
EROSMEDIA, EQ, 21-Jan-2020,15.05,15.0,15.2,14.8, 15.05,14.95,14.98,64852,9.71,293, 54453, 83.97
ESABINDIA, EQ, 21-Jan-2020,1323.0,1324.05,1330.0,1305.0, 1305.00,1317.75,1323.08,3728,49.32,1177, 2350, 63.04
ESCORTS, EQ, 21-Jan-2020,713.1,710.0,712.5,701.3, 704.00,704.0,706.19,1297448,9162.4,19305, 101199, 7.80
ESSARSHPNG, EQ, 21-Jan-2020,6.9,7.1,7.1,6.75, 6.90,6.9,6.87,3481,0.24,32, 2301, 66.10
ESSELPACK, EQ, 21-Jan-2020,171.5,170.85,174.95,170.35, 171.10,173.3,172.18,312236,537.61,1463, 272595, 87.30
ESTER, EQ, 21-Jan-2020,41.05,41.0,43.1,40.5, 42.80,43.05,42.96,299601,128.71,912, 201799, 67.36
EUROCERA, BZ, 21-Jan-2020,0.55,0.5,0.55,0.5, 0.50,0.5,0.5,18350,0.09,10, -, -
EUROMULTI, BE, 21-Jan-2020,0.55,0.5,0.55,0.5, 0.50,0.5,0.51,6137,0.03,5, -, -
EUROTEXIND, EQ, 21-Jan-2020,11.2,11.2,11.2,10.65, 10.65,10.7,10.69,4323,0.46,18, 4260, 98.54
EVEREADY, EQ, 21-Jan-2020,54.85,55.0,55.1,54.2, 54.30,54.35,54.6,97150,53.04,954, 79027, 81.35
EVERESTIND, EQ, 21-Jan-2020,301.2,296.8,313.0,293.35, 304.00,303.85,303.63,117571,356.98,3376, 32863, 27.95
EXCEL, BE, 21-Jan-2020,1.0,1.0,1.05,0.95, 1.05,1.05,1.02,30216,0.31,30, -, -
EXCELINDUS, EQ, 21-Jan-2020,964.4,964.4,988.0,954.3, 958.00,957.6,963.28,14244,137.21,1029, 9549, 67.04
EXIDEIND, EQ, 21-Jan-2020,195.05,194.65,195.6,192.55, 194.85,194.05,194.01,1122375,2177.52,10686, 578500, 51.54
EXPLEOSOL, EQ, 21-Jan-2020,295.3,292.0,309.85,292.0, 306.95,304.75,304.32,7933,24.14,350, 6718, 84.68
FACT, EQ, 21-Jan-2020,45.35,44.85,46.15,44.2, 45.15,45.1,45.26,286667,129.74,1524, 112331, 39.19
FAIRCHEM, EQ, 21-Jan-2020,483.15,480.05,497.8,473.9, 493.95,491.45,486.84,14025,68.28,503, 12065, 86.02
FCL, EQ, 21-Jan-2020,31.0,30.65,31.6,30.1, 31.00,30.8,31.08,94701,29.43,864, 48532, 51.25
FCONSUMER, EQ, 21-Jan-2020,24.95,24.75,25.2,24.45, 24.60,24.65,24.77,1088341,269.56,2974, 455113, 41.82
FCSSOFT, EQ, 21-Jan-2020,0.2,0.25,0.25,0.2, 0.20,0.2,0.21,407170,0.86,88, 405067, 99.48
FDC, EQ, 21-Jan-2020,230.05,228.9,230.9,227.0, 227.50,227.8,228.21,24761,56.51,968, 12721, 51.38
FEDERALBNK, EQ, 21-Jan-2020,93.75,94.0,96.4,93.5, 94.65,94.6,94.85,30451633,28883.56,75966, 5082380, 16.69
FEL, EQ, 21-Jan-2020,25.75,26.15,26.5,25.15, 25.30,25.5,25.66,283186,72.66,1529, 114085, 40.29
FELDVR, EQ, 21-Jan-2020,25.65,25.35,27.5,24.25, 24.95,24.65,25.53,78108,19.94,635, 20975, 26.85
FIEMIND, EQ, 21-Jan-2020,487.3,488.95,490.75,480.0, 487.40,485.15,483.91,8119,39.29,553, 5528, 68.09
FILATEX, EQ, 21-Jan-2020,40.4,40.35,40.4,39.0, 39.90,39.75,39.74,132377,52.6,573, 73005, 55.15
FINCABLES, EQ, 21-Jan-2020,413.65,414.0,421.0,407.75, 420.65,419.3,414.8,41155,170.71,3165, 24099, 58.56
FINEORG, EQ, 21-Jan-2020,2220.3,2225.0,2266.0,2190.0, 2200.00,2207.75,2219.63,17582,390.25,2965, 7251, 41.24
FINPIPE, EQ, 21-Jan-2020,568.65,566.05,574.9,558.35, 560.00,560.4,563.35,12920,72.78,964, 7654, 59.24
FLEXITUFF, BE, 21-Jan-2020,7.45,7.55,7.75,7.1, 7.60,7.2,7.31,1274,0.09,19, -, -
FLFL, EQ, 21-Jan-2020,418.05,422.6,422.6,403.0, 413.65,413.9,409.71,31888,130.65,1824, 7568, 23.73
FLUOROCHEM, EQ, 21-Jan-2020,562.4,565.0,565.0,543.0, 546.20,548.1,560.44,50601,283.59,1274, 35988, 71.12
FMGOETZE, EQ, 21-Jan-2020,652.5,652.0,652.9,625.15, 630.90,628.3,632.87,3351,21.21,294, 1707, 50.94
FMNL, EQ, 21-Jan-2020,27.85,28.05,28.15,27.15, 27.65,27.65,27.68,8352,2.31,107, 7340, 87.88
FOCUS, SM, 21-Jan-2020,34.25,32.6,34.25,32.6, 34.25,34.25,33.7,9000,3.03,2, 6000, 66.67
FORCEMOT, EQ, 21-Jan-2020,1466.3,1460.0,1504.0,1450.35, 1470.50,1467.6,1480.7,199225,2949.93,10845, 42078, 21.12
FORTIS, EQ, 21-Jan-2020,143.15,142.05,146.8,142.0, 146.60,146.15,144.39,4456421,6434.6,14593, 2946053, 66.11
FOSECOIND, EQ, 21-Jan-2020,1459.0,1460.0,1610.0,1451.25, 1560.00,1560.2,1556.58,15251,237.39,2323, 8416, 55.18
FOURTHDIM, SM, 21-Jan-2020,6.9,6.6,6.6,6.6, 6.60,6.6,6.6,3000,0.2,3, 3000, 100.00
FRETAIL, EQ, 21-Jan-2020,348.6,347.05,348.6,340.0, 342.00,342.55,342.67,1427538,4891.75,39232, 1151564, 80.67
FSC, EQ, 21-Jan-2020,441.45,447.9,455.0,440.6, 444.00,447.6,443.95,25963,115.26,876, 2220, 8.55
FSL, EQ, 21-Jan-2020,42.4,42.3,42.95,42.25, 42.75,42.65,42.62,836983,356.74,3643, 341868, 40.85
GABRIEL, EQ, 21-Jan-2020,122.95,123.3,125.5,121.1, 123.75,124.4,123.23,146964,181.11,2443, 76911, 52.33
GAEL, EQ, 21-Jan-2020,153.65,154.5,155.9,148.0, 149.70,149.0,150.33,27577,41.46,732, 16424, 59.56
GAIL, EQ, 21-Jan-2020,127.8,128.35,129.55,126.3, 127.20,126.75,128.0,10092350,12917.93,61759, 3215305, 31.86
GAL, EQ, 21-Jan-2020,2.45,2.45,2.5,2.35, 2.35,2.35,2.39,19609,0.47,35, 13906, 70.92
GALAXYSURF, EQ, 21-Jan-2020,1484.95,1495.0,1504.9,1477.05, 1500.00,1500.1,1495.24,8326,124.49,990, 5499, 66.05
GALLANTT, EQ, 21-Jan-2020,33.1,33.5,34.0,32.35, 33.25,33.4,33.32,19076,6.36,160, 13424, 70.37
GALLISPAT, EQ, 21-Jan-2020,29.0,28.8,29.25,27.3, 29.00,28.9,28.37,28128,7.98,488, 22764, 80.93
GAMMNINFRA, BE, 21-Jan-2020,0.4,0.35,0.4,0.35, 0.40,0.35,0.36,401594,1.44,77, -, -
GANDHITUBE, EQ, 21-Jan-2020,272.6,274.85,279.4,272.0, 272.00,272.5,273.94,1056,2.89,78, 840, 79.55
GANECOS, EQ, 21-Jan-2020,265.05,265.05,275.9,263.8, 274.15,274.95,272.21,18681,50.85,720, 8341, 44.65
GANESHHOUC, BE, 21-Jan-2020,40.15,40.0,41.4,38.55, 39.00,39.35,39.73,10695,4.25,83, -, -
GANGESSECU, EQ, 21-Jan-2020,44.5,41.15,42.95,41.15, 41.50,41.5,41.58,1243,0.52,14, 1233, 99.20
GANGOTRI, BZ, 21-Jan-2020,0.65,0.65,0.65,0.6, 0.60,0.6,0.64,4688,0.03,13, -, -
GARDENSILK, BE, 21-Jan-2020,12.5,12.3,12.9,11.95, 12.30,12.4,12.32,21346,2.63,57, -, -
GARFIBRES, EQ, 21-Jan-2020,1416.1,1454.0,1459.85,1372.35, 1375.00,1387.35,1420.18,4232,60.1,510, 2640, 62.38
GATI, EQ, 21-Jan-2020,64.85,64.75,66.9,64.25, 66.20,66.35,65.95,673004,443.83,4273, 376335, 55.92
GAYAHWS, BE, 21-Jan-2020,0.4,0.4,0.45,0.35, 0.40,0.4,0.39,116209,0.45,61, -, -
GAYAPROJ, EQ, 21-Jan-2020,78.45,75.5,78.5,75.5, 76.60,76.65,76.86,977565,751.32,725, 694872, 71.08
GDL, EQ, 21-Jan-2020,133.3,133.0,134.95,131.25, 133.30,133.55,133.48,57565,76.84,1430, 34002, 59.07
GEECEE, EQ, 21-Jan-2020,91.45,92.75,93.8,85.1, 86.80,87.65,89.13,7508,6.69,462, 4612, 61.43
GEEKAYWIRE, SM, 21-Jan-2020,35.5,35.5,36.0,35.5, 36.00,36.0,35.83,12000,4.3,2, 12000, 100.00
GENESYS, EQ, 21-Jan-2020,69.1,67.0,68.15,64.25, 66.45,65.4,66.35,18247,12.11,620, 9504, 52.09
GENUSPAPER, EQ, 21-Jan-2020,5.9,5.9,5.95,5.65, 5.75,5.7,5.77,55631,3.21,166, 34792, 62.54
GENUSPOWER, EQ, 21-Jan-2020,29.1,28.5,30.15,28.5, 30.15,30.0,29.7,208986,62.07,962, 145398, 69.57
GEOJITFSL, EQ, 21-Jan-2020,28.65,29.0,29.1,27.45, 27.80,27.95,28.26,159965,45.21,2139, 106162, 66.37
GEPIL, EQ, 21-Jan-2020,678.15,677.5,697.5,675.1, 694.80,691.75,686.42,11389,78.18,1029, 8882, 77.99
GESHIP, EQ, 21-Jan-2020,345.5,345.9,348.35,340.65, 343.00,344.35,344.97,287369,991.35,2455, 263723, 91.77
GET&D, EQ, 21-Jan-2020,157.6,157.1,158.45,154.1, 154.35,155.3,155.87,19176,29.89,775, 12014, 62.65
GFLLIMITED, EQ, 21-Jan-2020,100.7,100.7,105.7,99.75, 104.95,104.7,104.43,91423,95.47,1708, 68695, 75.14
GHCL, EQ, 21-Jan-2020,207.3,206.0,211.3,204.55, 209.35,209.6,207.78,518561,1077.47,7267, 261854, 50.50
GICHSGFIN, EQ, 21-Jan-2020,153.8,152.2,164.75,151.45, 160.65,160.85,161.07,851262,1371.09,12926, 259152, 30.44
GICRE, EQ, 21-Jan-2020,254.85,254.5,258.6,251.5, 254.85,255.7,255.31,209951,536.03,4612, 59259, 28.23
GILLANDERS, EQ, 21-Jan-2020,31.0,30.75,31.85,30.7, 31.00,30.95,31.0,3957,1.23,46, 3956, 99.97
GILLETTE, EQ, 21-Jan-2020,6395.7,6405.0,6405.0,6312.0, 6320.00,6322.8,6345.61,6005,381.05,2371, 3912, 65.15
GINNIFILA, EQ, 21-Jan-2020,9.05,8.8,9.65,8.8, 9.30,9.25,9.36,30686,2.87,99, 16187, 52.75
GIPCL, EQ, 21-Jan-2020,76.4,76.5,77.4,76.15, 76.20,76.4,76.72,40465,31.04,561, 27451, 67.84
GKWLIMITED, EQ, 21-Jan-2020,700.0,681.5,700.0,681.5, 700.00,699.25,692.22,20,0.14,6, 11, 55.00
GLAXO, EQ, 21-Jan-2020,1630.2,1631.0,1632.5,1616.25, 1622.00,1623.35,1626.35,15763,256.36,1660, 8074, 51.22
GLENMARK, EQ, 21-Jan-2020,350.7,349.45,355.65,345.6, 350.70,351.0,350.99,1313180,4609.07,23368, 231968, 17.66
GLFL, BE, 21-Jan-2020,0.85,0.85,0.85,0.8, 0.80,0.8,0.8,467,0.0,3, -, -
GLOBAL, SM, 21-Jan-2020,106.9,98.5,99.95,98.5, 99.95,99.95,99.23,2000,1.98,2, 2000, 100.00
GLOBALVECT, EQ, 21-Jan-2020,61.1,60.05,62.45,59.0, 59.35,59.85,60.45,10727,6.48,285, 7113, 66.31
GLOBOFFS, EQ, 21-Jan-2020,5.1,4.95,5.25,4.85, 5.05,5.15,5.21,2629,0.14,18, 2623, 99.77
GLOBUSSPR, EQ, 21-Jan-2020,135.2,136.95,139.8,135.0, 135.55,136.0,137.03,98530,135.01,2176, 31000, 31.46
GMBREW, EQ, 21-Jan-2020,400.45,400.45,404.9,395.0, 395.90,396.4,400.21,37424,149.77,1687, 11802, 31.54
GMDCLTD, EQ, 21-Jan-2020,69.2,69.15,69.15,65.2, 65.95,66.85,67.76,191839,129.99,1677, 113442, 59.13
GMMPFAUDLR, EQ, 21-Jan-2020,2196.9,2192.0,2393.0,2181.35, 2335.00,2335.85,2307.33,60646,1399.3,7829, 21341, 35.19
GMRINFRA, EQ, 21-Jan-2020,23.2,23.0,23.35,22.9, 23.05,23.1,23.14,8661412,2004.42,6410, 1210381, 13.97
GNA, EQ, 21-Jan-2020,281.25,281.25,287.35,274.6, 276.00,275.9,280.26,75694,212.14,2993, 27020, 35.70
GNFC, EQ, 21-Jan-2020,194.0,193.95,196.2,192.0, 194.25,194.05,194.17,442233,858.67,5376, 160676, 36.33
GOACARBON, EQ, 21-Jan-2020,294.0,294.95,308.7,294.15, 308.70,308.7,305.56,259731,793.63,4562, 56289, 21.67
GOCLCORP, EQ, 21-Jan-2020,280.0,280.05,294.95,279.95, 293.80,293.75,290.93,5391,15.68,259, 4619, 85.68
GODFRYPHLP, EQ, 21-Jan-2020,1414.9,1412.9,1481.75,1394.1, 1412.75,1417.1,1438.3,191568,2755.32,9284, 51564, 26.92
GODREJAGRO, EQ, 21-Jan-2020,549.6,550.0,566.0,542.05, 558.05,559.55,555.92,66317,368.67,3779, 25879, 39.02
GODREJCP, EQ, 21-Jan-2020,748.55,749.9,749.9,729.8, 730.20,731.55,735.08,611181,4492.65,24988, 277834, 45.46
GODREJIND, EQ, 21-Jan-2020,433.3,433.3,439.0,431.35, 437.65,437.45,434.86,35746,155.44,2218, 17413, 48.71
GODREJPROP, EQ, 21-Jan-2020,981.9,979.0,982.0,950.0, 953.90,953.5,963.06,108496,1044.88,11914, 65978, 60.81
GOENKA, BZ, 21-Jan-2020,0.25,0.3,0.3,0.25, 0.25,0.25,0.27,12731,0.03,31, -, -
GOKEX, EQ, 21-Jan-2020,77.05,77.2,77.3,73.8, 74.10,74.3,75.42,107302,80.93,1144, 78367, 73.03
GOKUL, EQ, 21-Jan-2020,11.05,11.0,11.45,10.85, 11.00,11.15,11.05,18469,2.04,91, 13567, 73.46
GOKULAGRO, EQ, 21-Jan-2020,13.9,14.0,14.0,13.45, 13.55,13.55,13.69,1655,0.23,18, 1510, 91.24
GOLDBEES, EQ, 21-Jan-2020,35.23,35.5,35.55,35.06, 35.11,35.13,35.34,1407302,497.35,3324, 608080, 43.21
GOLDENTOBC, EQ, 21-Jan-2020,27.4,28.75,28.75,26.65, 27.40,27.4,27.01,1345,0.36,34, 1215, 90.33
GOLDIAM, EQ, 21-Jan-2020,155.75,156.55,157.7,152.5, 153.75,153.4,155.27,16591,25.76,457, 8845, 53.31
GOLDSHARE, EQ, 21-Jan-2020,3562.45,3570.0,3604.0,3563.0, 3589.00,3569.1,3585.24,1030,36.93,212, 549, 53.30
GOLDTECH, EQ, 21-Jan-2020,9.45,9.75,10.2,9.05, 9.75,9.75,9.84,58824,5.79,246, 36621, 62.26
GOODLUCK, EQ, 21-Jan-2020,59.4,59.4,60.8,57.75, 57.80,57.95,58.46,53055,31.02,640, 28271, 53.29
GPIL, EQ, 21-Jan-2020,240.75,238.95,240.95,236.2, 236.95,238.0,238.61,51377,122.59,1686, 30933, 60.21
GPPL, EQ, 21-Jan-2020,89.75,89.15,92.6,88.6, 91.95,91.95,90.88,163440,148.53,2168, 73435, 44.93
GPTINFRA, EQ, 21-Jan-2020,39.35,41.9,45.95,38.05, 39.40,39.45,42.1,64216,27.04,698, 22951, 35.74
GRANULES, EQ, 21-Jan-2020,147.2,147.7,152.85,138.1, 140.35,139.95,146.65,10078581,14780.4,60299, 2135095, 21.18
GRAPHITE, EQ, 21-Jan-2020,308.8,306.0,309.55,304.0, 305.30,305.45,306.59,1130712,3466.64,15136, 287102, 25.39
GRASIM, EQ, 21-Jan-2020,772.8,779.0,781.1,763.45, 770.00,771.65,770.36,1661273,12797.71,26036, 419972, 25.28
GRAVITA, EQ, 21-Jan-2020,58.55,57.5,62.6,57.5, 61.20,61.1,61.12,260639,159.31,1646, 66200, 25.40
GREAVESCOT, EQ, 21-Jan-2020,142.2,141.7,146.5,141.5, 142.25,142.95,143.71,198793,285.69,3559, 79687, 40.09
GREENLAM, EQ, 21-Jan-2020,946.7,952.0,952.0,930.1, 944.00,939.65,941.77,691,6.51,93, 554, 80.17
GREENPANEL, EQ, 21-Jan-2020,50.95,52.5,56.0,52.35, 56.00,56.0,55.27,334421,184.83,1544, 248962, 74.45
GREENPLY, EQ, 21-Jan-2020,165.35,165.2,166.55,164.35, 164.90,165.1,165.54,9530,15.78,479, 4768, 50.03
GREENPOWER, BE, 21-Jan-2020,2.0,1.95,2.0,1.9, 2.00,1.9,1.92,273198,5.24,80, -, -
GRINDWELL, EQ, 21-Jan-2020,641.1,635.0,646.25,624.0, 630.00,627.65,635.39,18563,117.95,1670, 12221, 65.84
GROBTEA, BE, 21-Jan-2020,489.55,470.1,489.0,469.0, 487.75,487.75,482.18,36,0.17,8, -, -
GRPLTD, EQ, 21-Jan-2020,984.9,972.2,989.95,930.05, 942.00,938.25,951.53,436,4.15,99, 227, 52.06
GRSE, EQ, 21-Jan-2020,217.45,216.85,219.15,214.1, 214.50,215.2,215.71,134149,289.38,2525, 60053, 44.77
GSCLCEMENT, EQ, 21-Jan-2020,23.5,23.0,23.45,22.9, 23.10,23.1,23.15,35219,8.15,193, 31093, 88.28
GSFC, EQ, 21-Jan-2020,83.65,83.5,84.5,82.6, 84.00,83.75,83.63,284136,237.64,3466, 138326, 48.68
GSKCONS, EQ, 21-Jan-2020,8931.55,8856.4,8978.95,8821.15, 8920.00,8913.6,8914.98,7411,660.69,1579, 4644, 62.66
GSPL, EQ, 21-Jan-2020,249.7,248.0,253.4,246.75, 250.00,250.05,250.74,294655,738.81,9296, 145159, 49.26
GSS, EQ, 21-Jan-2020,44.9,45.0,46.3,42.85, 44.95,44.2,44.54,47237,21.04,488, 33640, 71.22
GTL, EQ, 21-Jan-2020,1.4,1.35,1.45,1.35, 1.35,1.35,1.4,32080,0.45,57, 14400, 44.89
GTLINFRA, EQ, 21-Jan-2020,0.35,0.4,0.4,0.35, 0.40,0.4,0.39,1349348,5.28,455, 1022437, 75.77
GTNIND, EQ, 21-Jan-2020,6.8,7.0,7.0,6.55, 6.60,6.8,6.81,7,0.0,7, 0, 0.00
GTPL, EQ, 21-Jan-2020,76.9,76.05,77.9,76.05, 76.80,77.25,77.18,69046,53.29,737, 54025, 78.24
GUFICBIO, EQ, 21-Jan-2020,61.15,60.6,62.0,60.55, 61.05,61.8,61.37,10234,6.28,196, 7929, 77.48
GUJALKALI, EQ, 21-Jan-2020,429.75,428.0,442.0,425.7, 430.00,428.75,432.06,76762,331.66,2830, 37785, 49.22
GUJAPOLLO, EQ, 21-Jan-2020,131.65,133.0,133.0,128.7, 131.00,130.7,130.77,605,0.79,30, 470, 77.69
GUJGASLTD, EQ, 21-Jan-2020,271.65,270.95,278.25,269.25, 276.50,276.45,274.53,921565,2530.01,17456, 567954, 61.63
GUJRAFFIA, BE, 21-Jan-2020,8.25,8.65,8.65,8.65, 8.65,8.65,8.65,100,0.01,2, -, -
GULFOILLUB, EQ, 21-Jan-2020,829.75,838.95,839.5,831.0, 832.65,832.55,835.72,1401,11.71,304, 891, 63.60
GULFPETRO, EQ, 21-Jan-2020,46.4,46.85,48.0,44.6, 46.05,46.35,46.25,15060,6.97,451, 8167, 54.23
GULPOLY, EQ, 21-Jan-2020,51.05,48.5,53.6,48.5, 50.00,49.8,52.79,51231,27.04,1497, 37396, 72.99
GVKPIL, EQ, 21-Jan-2020,3.85,3.85,4.6,3.85, 4.60,4.5,4.29,8656836,371.66,3502, 5931446, 68.52
HAL, EQ, 21-Jan-2020,805.7,806.0,887.0,801.05, 868.30,874.85,859.88,181095,1557.2,11524, 34387, 18.99
HARITASEAT, EQ, 21-Jan-2020,500.15,510.95,510.95,495.05, 505.10,501.3,500.98,2589,12.97,298, 1081, 41.75
HARRMALAYA, EQ, 21-Jan-2020,63.6,63.5,65.2,63.0, 63.80,63.35,64.16,28838,18.5,1093, 15115, 52.41
HATHWAY, EQ, 21-Jan-2020,21.6,21.8,21.8,20.65, 21.40,21.3,21.14,1006056,212.73,6375, 662145, 65.82
HATSUN, EQ, 21-Jan-2020,602.15,602.9,629.8,600.05, 620.00,621.1,616.65,22012,135.74,1014, 12203, 55.44
HAVELLS, EQ, 21-Jan-2020,625.3,623.0,632.65,612.85, 614.00,616.95,622.61,5330031,33185.31,91231, 1231672, 23.11
HAVISHA, BE, 21-Jan-2020,0.75,0.8,0.8,0.8, 0.80,0.8,0.8,17078,0.14,13, -, -
HBLPOWER, EQ, 21-Jan-2020,19.05,19.55,19.65,18.75, 18.75,18.85,19.1,425090,81.21,1493, 202205, 47.57
HCC, EQ, 21-Jan-2020,10.65,11.2,11.2,10.85, 10.85,10.9,11.04,2172789,239.84,2746, 924171, 42.53
HCG, EQ, 21-Jan-2020,113.85,114.95,118.8,112.0, 116.30,116.95,116.21,23346,27.13,846, 20535, 87.96
HCL-INSYS, EQ, 21-Jan-2020,8.0,7.8,8.0,7.75, 8.00,7.9,7.85,334902,26.28,668, 203109, 60.65
HCLTECH, EQ, 21-Jan-2020,589.25,589.3,593.25,582.35, 582.75,584.05,587.79,2640668,15521.6,74242, 1136410, 43.03
HDFC, EQ, 21-Jan-2020,2454.35,2443.0,2485.9,2432.0, 2465.00,2465.45,2460.71,2404025,59156.04,72342, 1420377, 59.08
HDFCAMC, EQ, 21-Jan-2020,3245.0,3228.0,3240.0,3172.0, 3178.00,3179.45,3207.09,362236,11617.22,33178, 164584, 45.44
HDFCBANK, EQ, 21-Jan-2020,1254.9,1250.0,1250.0,1238.4, 1244.90,1244.35,1244.14,7492402,93216.21,216589, 4587266, 61.23
HDFCLIFE, EQ, 21-Jan-2020,598.25,595.7,609.7,594.15, 602.50,602.0,604.17,1597879,9653.98,44659, 698180, 43.69
HDFCMFGETF, EQ, 21-Jan-2020,3598.4,3602.4,3624.0,3584.0, 3584.00,3593.3,3606.67,2566,92.55,307, 1236, 48.17
HDFCNIFETF, EQ, 21-Jan-2020,1287.03,1281.72,1284.8,1276.19, 1281.72,1279.85,1280.63,358,4.58,42, 198, 55.31
HDFCSENETF, EQ, 21-Jan-2020,4395.0,4419.39,4425.5,4384.0, 4420.00,4418.33,4400.83,857,37.72,26, 173, 20.19
HDIL, BE, 21-Jan-2020,2.85,2.75,2.95,2.75, 2.95,2.85,2.89,484984,13.99,598, -, -
HEG, EQ, 21-Jan-2020,1119.6,1117.7,1124.95,1085.0, 1099.00,1096.9,1106.96,317498,3514.58,14773, 71445, 22.50
HEIDELBERG, EQ, 21-Jan-2020,194.75,194.25,196.5,193.5, 194.85,194.35,194.88,123768,241.19,2450, 64373, 52.01
HEOF1100RG, MF, 21-Jan-2020,9.63,9.61,9.61,9.61, 9.61,9.61,9.61,3368,0.32,1, 3368, 100.00
HERCULES, EQ, 21-Jan-2020,97.3,97.3,103.9,96.3, 99.65,99.35,100.52,31134,31.3,836, 7385, 23.72
HERITGFOOD, EQ, 21-Jan-2020,373.95,374.0,376.0,360.0, 362.40,362.55,365.69,15815,57.83,1041, 8439, 53.36
HEROMOTOCO, EQ, 21-Jan-2020,2415.6,2410.0,2412.65,2375.0, 2398.00,2398.7,2389.59,568473,13584.15,29233, 290948, 51.18
HESTERBIO, EQ, 21-Jan-2020,1610.8,1580.0,1640.0,1580.0, 1615.10,1615.2,1616.91,2931,47.39,444, 1836, 62.64
HEXATRADEX, BE, 21-Jan-2020,12.2,11.7,12.8,11.7, 12.80,12.8,12.7,37609,4.78,71, -, -
HEXAWARE, EQ, 21-Jan-2020,341.0,339.9,344.95,337.1, 341.50,341.45,342.55,298218,1021.56,8666, 122231, 40.99
HFCL, EQ, 21-Jan-2020,17.3,17.05,17.25,16.8, 17.00,17.0,17.01,3131072,532.46,3767, 2062858, 65.88
HGINFRA, EQ, 21-Jan-2020,282.85,289.9,289.9,276.55, 280.00,281.65,281.2,87565,246.23,952, 78407, 89.54
HGS, EQ, 21-Jan-2020,659.55,665.0,669.0,650.0, 650.00,651.9,659.21,7176,47.31,735, 3933, 54.81
HHOF1140RG, MF, 21-Jan-2020,8.86,8.42,8.94,8.42, 8.75,8.75,8.62,20655,1.78,19, 15355, 74.34
HIKAL, EQ, 21-Jan-2020,129.7,128.85,130.4,127.2, 128.00,128.7,128.8,524666,675.78,4184, 238958, 45.54
HIL, EQ, 21-Jan-2020,1412.95,1385.0,1430.0,1385.0, 1402.05,1410.8,1409.04,12893,181.67,1550, 6994, 54.25
HILTON, BE, 21-Jan-2020,11.6,11.6,12.1,11.5, 11.50,11.5,11.53,1340,0.15,12, -, -
HIMATSEIDE, EQ, 21-Jan-2020,140.5,138.2,143.0,137.45, 139.30,138.85,140.38,188249,264.27,3009, 93840, 49.85
HINDALCO, EQ, 21-Jan-2020,207.3,206.0,208.5,204.65, 205.10,205.15,206.26,4479791,9239.8,38494, 985836, 22.01
HINDCOMPOS, EQ, 21-Jan-2020,222.8,218.4,229.4,215.65, 217.00,219.35,222.97,10541,23.5,513, 4866, 46.16
HINDCOPPER, EQ, 21-Jan-2020,45.85,45.4,45.7,44.95, 45.05,45.05,45.26,622211,281.61,2516, 265796, 42.72
HINDMOTORS, EQ, 21-Jan-2020,5.65,5.65,5.9,5.65, 5.75,5.8,5.82,117217,6.82,266, 91102, 77.72
HINDNATGLS, BE, 21-Jan-2020,36.4,37.55,38.2,36.65, 36.65,36.65,37.5,439,0.16,8, -, -
HINDOILEXP, EQ, 21-Jan-2020,103.2,101.7,103.5,100.8, 101.40,101.55,102.04,98524,100.54,1458, 38547, 39.12
HINDPETRO, EQ, 21-Jan-2020,248.75,248.85,251.85,248.0, 249.00,249.45,249.99,2262648,5656.34,72144, 687724, 30.39
HINDUNILVR, EQ, 21-Jan-2020,2062.85,2059.75,2075.0,2052.15, 2062.00,2055.4,2058.97,750000,15442.28,54424, 439704, 58.63
HINDZINC, EQ, 21-Jan-2020,216.35,214.0,216.8,211.65, 212.40,212.4,213.16,549280,1170.82,10203, 239238, 43.55
HIRECT, EQ, 21-Jan-2020,242.5,242.5,258.6,240.0, 258.40,257.35,253.16,51941,131.49,2822, 23409, 45.07
HISARMETAL, EQ, 21-Jan-2020,61.4,60.8,62.0,58.75, 62.00,60.75,60.24,4965,2.99,421, 2043, 41.15
HITECH, EQ, 21-Jan-2020,175.5,176.0,179.0,176.0, 179.00,177.55,177.03,10758,19.04,181, 9234, 85.83
HITECHCORP, EQ, 21-Jan-2020,88.2,89.85,90.0,89.85, 90.00,90.0,89.89,624,0.56,6, 623, 99.84
HITECHGEAR, EQ, 21-Jan-2020,203.95,199.45,206.0,198.0, 198.00,198.15,201.22,2159,4.34,211, 1548, 71.70
HLVLTD, EQ, 21-Jan-2020,5.75,5.75,5.8,5.7, 5.70,5.7,5.74,68713,3.94,123, 42474, 61.81
HMT, BZ, 21-Jan-2020,13.6,13.25,13.6,13.25, 13.55,13.55,13.26,1270,0.17,16, -, -
HMVL, EQ, 21-Jan-2020,78.55,78.2,79.4,77.2, 78.30,78.25,78.64,12542,9.86,129, 10733, 85.58
HNDFDS, EQ, 21-Jan-2020,661.8,661.8,669.95,628.75, 638.50,636.9,639.81,19714,126.13,1155, 15392, 78.08
HNGSNGBEES, EQ, 21-Jan-2020,374.91,372.5,372.5,360.01, 365.00,368.75,366.46,191,0.7,68, 111, 58.12
HONAUT, EQ, 21-Jan-2020,27433.45,27427.65,27529.95,27206.05, 27339.95,27272.95,27317.92,709,193.68,371, 286, 40.34
HONDAPOWER, EQ, 21-Jan-2020,1270.25,1267.0,1280.0,1232.0, 1236.00,1242.4,1255.67,2216,27.83,391, 1243, 56.09
HOVS, EQ, 21-Jan-2020,50.75,50.0,52.5,49.7, 50.00,50.3,50.4,10058,5.07,146, 8581, 85.32
HPL, EQ, 21-Jan-2020,44.95,44.9,45.65,44.05, 44.05,44.2,44.66,43100,19.25,478, 34984, 81.17
HSCL, EQ, 21-Jan-2020,69.35,68.8,69.55,67.25, 68.50,68.15,68.46,879954,602.46,8488, 330897, 37.60
HSIL, EQ, 21-Jan-2020,56.85,56.4,56.8,55.45, 55.75,55.7,55.9,146746,82.04,2798, 85974, 58.59
HTMEDIA, EQ, 21-Jan-2020,17.1,17.3,17.55,16.8, 17.05,17.2,17.26,207280,35.77,768, 120729, 58.24
HUBTOWN, BE, 21-Jan-2020,13.75,13.6,13.95,13.6, 13.65,13.65,13.73,9355,1.28,46, -, -
HUDCO, EQ, 21-Jan-2020,40.75,40.6,43.35,40.2, 42.55,42.65,42.3,5251731,2221.44,14941, 1213392, 23.10
HUDCO, N2, 21-Jan-2020,1225.0,1225.0,1225.0,1220.0, 1220.00,1220.0,1220.02,2687,32.78,6, 2587, 96.28
HUDCO, N3, 21-Jan-2020,1117.0,1124.0,1125.0,1123.9, 1125.00,1125.0,1124.03,236,2.65,8, 236, 100.00
HUDCO, N8, 21-Jan-2020,1169.8,1169.0,1170.88,1140.0, 1149.90,1149.9,1157.49,833,9.64,46, 580, 69.63
HUDCO, N9, 21-Jan-2020,1172.45,1157.0,1169.5,1155.01, 1163.00,1163.0,1161.04,720,8.36,13, 410, 56.94
HUDCO, ND, 21-Jan-2020,1250.5,1257.99,1258.0,1257.0, 1258.00,1257.5,1257.77,108,1.36,5, 108, 100.00
HUDCO, NE, 21-Jan-2020,1320.0,1321.0,1323.0,1319.97, 1323.00,1323.0,1321.92,225,2.97,11, 220, 97.78
IBMFNIFTY, EQ, 21-Jan-2020,119.1,121.84,121.84,118.95, 120.75,120.75,120.06,139,0.17,14, 24, 17.27
IBREALEST, EQ, 21-Jan-2020,101.15,100.3,102.7,98.65, 99.70,100.0,100.84,1276388,1287.08,9251, 506550, 39.69
IBUCCREDIT, N6, 21-Jan-2020,900.0,900.0,900.0,900.0, 900.00,900.0,900.0,8,0.07,1, 8, 100.00
IBUCCREDIT, NB, 21-Jan-2020,780.0,820.0,820.0,819.6, 819.60,819.6,819.89,372,3.05,6, 372, 100.00
IBULHSGFIN, EQ, 21-Jan-2020,294.4,292.8,305.8,291.55, 300.90,301.15,301.17,16104115,48501.03,156904, 1596055, 9.91
IBULHSGFIN, N6, 21-Jan-2020,909.9,929.9,929.9,929.9, 929.90,929.9,929.9,10,0.09,1, 10, 100.00
IBULHSGFIN, NA, 21-Jan-2020,755.96,775.0,775.0,775.0, 775.00,775.0,775.0,215,1.67,4, 215, 100.00
IBULISL, EQ, 21-Jan-2020,123.3,117.95,129.45,117.15, 129.45,129.45,125.51,207810,260.81,1966, 110215, 53.04
IBVENTURES, E3, 21-Jan-2020,71.05,71.0,75.45,70.0, 72.90,72.5,73.57,43842,32.25,447, 29235, 66.68
IBVENTURES, EQ, 21-Jan-2020,177.55,177.05,180.0,173.55, 177.80,177.7,177.65,408431,725.56,4210, 244644, 59.90
ICFL, N1, 21-Jan-2020,975.0,970.0,979.9,970.0, 979.90,979.9,970.19,51,0.49,2, 51, 100.00
ICFL, N6, 21-Jan-2020,930.0,970.0,970.0,960.0, 960.00,960.0,966.49,154,1.49,5, 154, 100.00
ICFL, NC, 21-Jan-2020,899.6,899.0,899.0,899.0, 899.00,899.0,899.0,10,0.09,1, 10, 100.00
ICICI500, EQ, 21-Jan-2020,162.74,162.12,162.75,161.45, 162.11,162.1,162.29,24412,39.62,35, 24276, 99.44
ICICIB22, EQ, 21-Jan-2020,34.3,34.59,34.59,34.01, 34.14,34.04,34.12,134514,45.9,2645, 98277, 73.06
ICICIBANK, EQ, 21-Jan-2020,534.85,532.95,540.25,530.2, 531.15,531.05,535.15,13477994,72127.83,158365, 6645657, 49.31
ICICIBANKN, EQ, 21-Jan-2020,312.26,312.2,312.7,309.58, 311.00,311.02,311.37,1465,4.56,74, 1215, 82.94
ICICIBANKP, EQ, 21-Jan-2020,172.83,174.3,174.3,171.96, 172.31,172.32,172.04,6247,10.75,51, 6241, 99.90
ICICIGI, EQ, 21-Jan-2020,1354.75,1357.65,1369.0,1323.0, 1331.00,1329.95,1345.89,484563,6521.69,29795, 330267, 68.16
ICICIGOLD, EQ, 21-Jan-2020,36.25,35.55,36.69,35.55, 36.15,36.22,36.4,24899,9.06,768, 21704, 87.17
ICICILIQ, EQ, 21-Jan-2020,999.99,999.0,1000.0,998.55, 1000.00,999.99,1000.0,19078,190.78,87, 11308, 59.27
ICICILOVOL, EQ, 21-Jan-2020,93.92,94.9,94.9,93.12, 93.42,93.41,93.53,77970,72.93,122, 74412, 95.44
ICICIMCAP, EQ, 21-Jan-2020,68.18,69.1,69.1,67.99, 68.39,68.39,68.39,2697,1.84,94, 2494, 92.47
ICICINF100, EQ, 21-Jan-2020,137.55,136.01,136.01,131.25, 131.25,131.84,132.15,5526,7.3,228, 4186, 75.75
ICICINIFTY, EQ, 21-Jan-2020,129.11,128.0,129.05,128.0, 128.49,128.55,128.67,193339,248.77,5065, 175512, 90.78
ICICINV20, EQ, 21-Jan-2020,58.18,59.1,59.1,57.68, 57.80,57.83,57.98,3490,2.02,323, 2924, 83.78
ICICINXT50, EQ, 21-Jan-2020,29.1,30.27,30.27,28.9, 28.94,28.94,29.04,24085,7.0,809, 23585, 97.92
ICICIPRULI, EQ, 21-Jan-2020,488.3,488.15,497.0,478.2, 490.45,489.05,489.07,5575263,27267.05,79041, 1381378, 24.78
ICICISENSX, EQ, 21-Jan-2020,443.42,443.5,443.5,439.15, 441.10,440.85,441.59,223,0.98,27, 203, 91.03
ICIL, EQ, 21-Jan-2020,58.1,58.7,59.0,56.8, 57.15,57.1,57.52,143002,82.25,1823, 102089, 71.39
ICRA, EQ, 21-Jan-2020,2998.85,2998.85,2998.85,2970.4, 2975.00,2975.05,2979.03,885,26.36,281, 660, 74.58
IDBI, EQ, 21-Jan-2020,35.45,35.3,35.95,35.3, 35.60,35.7,35.69,2162296,771.66,4643, 419640, 19.41
IDBIGOLD, EQ, 21-Jan-2020,3692.9,3692.95,3720.05,3666.65, 3666.65,3679.9,3693.6,455,16.81,19, 425, 93.41
IDEA, EQ, 21-Jan-2020,4.85,5.3,6.05,5.3, 5.95,5.95,5.63,640960977,36058.91,244074, 114531821, 17.87
IDFC, EQ, 21-Jan-2020,38.45,38.65,39.3,38.3, 38.65,38.55,38.82,1154621,448.25,2954, 453136, 39.25
IDFCFIRSTB, EQ, 21-Jan-2020,43.05,43.0,43.85,42.95, 43.15,43.2,43.34,13924250,6035.22,23423, 3696148, 26.54
IDFCFIRSTB, N1, 21-Jan-2020,4986.0,4970.01,4984.5,4970.01, 4984.50,4984.5,4977.26,8,0.4,2, 4, 50.00
IDFCFIRSTB, N2, 21-Jan-2020,9915.0,9915.0,9949.0,9915.0, 9949.00,9931.0,9920.84,25,2.48,11, 21, 84.00
IDFCFIRSTB, N4, 21-Jan-2020,9470.0,9490.0,9490.0,9490.0, 9490.00,9490.0,9490.0,1,0.09,1, 1, 100.00
IDFCFIRSTB, N5, 21-Jan-2020,5230.0,5201.06,5230.0,5201.06, 5230.00,5230.0,5218.53,29,1.51,8, 21, 72.41
IDFCFIRSTB, N6, 21-Jan-2020,9635.0,9635.01,9635.01,9635.0, 9635.01,9635.0,9635.01,12,1.16,3, 8, 66.67
IDFCFIRSTB, N9, 21-Jan-2020,4970.0,4975.0,4975.0,4970.0, 4970.00,4970.0,4972.14,7,0.35,2, 4, 57.14
IDFCFIRSTB, NA, 21-Jan-2020,9725.0,9725.01,9775.0,9720.11, 9726.19,9726.19,9741.05,12,1.17,4, 6, 50.00
IDFCFIRSTB, NB, 21-Jan-2020,5200.0,5200.0,5220.0,5200.0, 5200.00,5200.0,5207.5,24,1.25,7, 20, 83.33
IDFNIFTYET, EQ, 21-Jan-2020,123.81,123.0,125.85,123.0, 125.00,125.0,124.02,215,0.27,12, 165, 76.74
IEX, EQ, 21-Jan-2020,183.15,182.0,189.35,180.85, 184.15,184.75,185.75,200838,373.06,4534, 101036, 50.31
IFBAGRO, EQ, 21-Jan-2020,424.4,427.75,429.4,416.0, 421.50,422.85,421.96,3113,13.14,337, 1317, 42.31
IFBIND, EQ, 21-Jan-2020,681.0,684.0,687.15,676.8, 676.80,677.95,680.96,6665,45.39,393, 4833, 72.51
IFCI, EQ, 21-Jan-2020,6.55,6.55,6.8,6.4, 6.45,6.5,6.59,2778049,183.02,15052, 1226201, 44.14
IFCI, NH, 21-Jan-2020,984.11,988.0,988.0,985.0, 985.00,985.07,985.35,105,1.03,4, 105, 100.00
IFCI, NI, 21-Jan-2020,1550.0,1535.0,1535.0,1405.0, 1535.00,1535.0,1517.59,309,4.69,28, 269, 87.06
IFCI, NL, 21-Jan-2020,1041.0,1037.4,1039.8,1037.0, 1037.00,1037.0,1037.44,678,7.03,14, 632, 93.22
IFCI, NM, 21-Jan-2020,1435.0,1445.9,1445.9,1445.9, 1445.90,1445.9,1445.9,25,0.36,1, 25, 100.00
IFGLEXPOR, EQ, 21-Jan-2020,161.85,170.5,170.5,152.85, 158.00,157.6,157.9,4791,7.56,541, 2870, 59.90
IGARASHI, EQ, 21-Jan-2020,346.35,345.0,348.7,336.25, 337.70,337.75,341.84,131275,448.74,4276, 44094, 33.59
IGL, EQ, 21-Jan-2020,468.7,465.0,474.9,464.25, 472.50,472.1,471.4,1820857,8583.46,28808, 516426, 28.36
IGPL, EQ, 21-Jan-2020,186.45,185.0,189.9,181.45, 183.50,182.45,185.04,29716,54.99,818, 16640, 56.00
IIFCL, N4, 21-Jan-2020,1286.04,1300.0,1300.0,1285.0, 1286.99,1286.75,1288.57,470,6.06,13, 348, 74.04
IIFL, EQ, 21-Jan-2020,162.15,160.7,174.9,159.0, 171.80,171.55,169.48,1756497,2976.84,23170, 521642, 29.70
IIFLFIN, ND, 21-Jan-2020,1045.0,977.79,979.0,961.01, 979.00,979.0,978.33,735,7.19,9, 734, 99.86
IIFLFIN, NE, 21-Jan-2020,995.0,995.0,995.0,995.0, 995.00,995.0,995.0,105,1.04,4, 105, 100.00
IIFLFIN, NF, 21-Jan-2020,975.25,970.0,980.65,970.0, 980.65,980.65,976.29,190,1.85,3, 190, 100.00
IIFLFIN, NG, 21-Jan-2020,1055.82,980.0,1001.1,980.0, 1001.10,1001.1,990.55,10,0.1,2, 5, 50.00
IIFLFIN, NH, 21-Jan-2020,924.52,924.0,950.0,924.0, 930.00,930.0,935.92,279,2.61,15, 275, 98.57
IIFLFIN, NJ, 21-Jan-2020,1020.14,1010.0,1011.5,1004.0, 1010.65,1010.65,1010.26,225,2.27,6, 225, 100.00
IIFLFIN, NN, 21-Jan-2020,925.0,975.0,975.0,975.0, 975.00,975.0,975.0,68,0.66,1, 68, 100.00
IIFLSEC, EQ, 21-Jan-2020,49.0,46.6,51.45,46.6, 51.45,51.4,50.47,788175,397.77,3445, 392813, 49.84
IIFLWAM, EQ, 21-Jan-2020,1351.45,1335.85,1399.0,1299.0, 1309.00,1308.9,1361.32,10834,147.49,938, 6683, 61.69
IIHFL, N3, 21-Jan-2020,1950.0,1950.0,1950.0,1950.0, 1950.00,1950.0,1950.0,10,0.2,1, 10, 100.00
IITL, EQ, 21-Jan-2020,63.55,61.05,66.5,61.05, 66.35,66.35,62.96,25,0.02,5, 16, 64.00
IL&FSENGG, BZ, 21-Jan-2020,1.95,2.0,2.0,1.9, 1.90,1.9,1.98,10183,0.2,35, -, -
IL&FSTRANS, BZ, 21-Jan-2020,1.95,1.9,2.0,1.9, 1.90,1.9,1.92,58617,1.12,63, -, -
IMFA, EQ, 21-Jan-2020,227.1,233.0,233.0,225.0, 227.55,228.0,228.37,29889,68.26,785, 18481, 61.83
IMPAL, EQ, 21-Jan-2020,591.1,585.0,591.0,583.0, 586.00,584.6,585.76,1354,7.93,155, 970, 71.64
IMPEXFERRO, BE, 21-Jan-2020,0.45,0.4,0.45,0.4, 0.40,0.4,0.43,1701,0.01,4, -, -
INDBANK, EQ, 21-Jan-2020,8.8,9.0,9.0,8.5, 8.65,8.55,8.64,8021,0.69,135, 6155, 76.74
INDHOTEL, EQ, 21-Jan-2020,143.4,141.55,144.5,141.55, 144.00,144.1,143.19,1250565,1790.67,7641, 1095057, 87.56
INDIACEM, EQ, 21-Jan-2020,85.0,84.75,87.0,84.5, 86.25,86.45,85.83,2202339,1890.28,8482, 1063761, 48.30
INDIAGLYCO, EQ, 21-Jan-2020,304.7,301.0,311.3,299.2, 304.80,303.0,304.09,433083,1316.95,8928, 85755, 19.80
INDIAMART, EQ, 21-Jan-2020,2133.35,2100.0,2164.55,2061.2, 2075.00,2092.75,2124.11,25896,550.06,2736, 11083, 42.80
INDIANB, EQ, 21-Jan-2020,103.85,103.85,106.2,103.0, 104.50,104.7,104.99,4372470,4590.83,29267, 1401625, 32.06
INDIANCARD, EQ, 21-Jan-2020,127.6,121.65,128.75,121.65, 124.20,124.35,125.32,490,0.61,33, 327, 66.73
INDIANHUME, EQ, 21-Jan-2020,247.85,250.35,250.35,239.25, 240.45,241.4,244.1,35913,87.66,1407, 19068, 53.09
INDIGO, EQ, 21-Jan-2020,1472.35,1460.0,1462.8,1426.1, 1440.00,1438.8,1443.08,1294690,18683.45,43882, 372055, 28.74
INDIGRID, IV, 21-Jan-2020,96.43,96.5,96.5,96.4, 96.45,96.46,96.48,285768,275.7,139, 284067, 99.40
INDLMETER, BE, 21-Jan-2020,25.05,23.95,24.95,23.95, 24.95,24.95,24.06,200,0.05,5, -, -
INDNIPPON, EQ, 21-Jan-2020,421.3,421.3,421.85,406.35, 407.05,409.25,411.1,34778,142.97,1032, 17234, 49.55
INDOCO, EQ, 21-Jan-2020,212.3,212.3,235.4,210.1, 225.15,229.8,225.54,788043,1777.39,17618, 273113, 34.66
INDORAMA, EQ, 21-Jan-2020,24.25,24.7,24.7,24.15, 24.35,24.25,24.36,8409,2.05,80, 8152, 96.94
INDOSOLAR, BZ, 21-Jan-2020,0.8,0.8,0.85,0.75, 0.75,0.8,0.77,35639,0.27,54, -, -
INDOSTAR, EQ, 21-Jan-2020,237.7,237.95,238.7,228.5, 234.10,232.95,233.04,77181,179.86,1375, 36868, 47.77
INDOTECH, BE, 21-Jan-2020,113.3,112.25,115.0,112.25, 113.55,113.55,113.45,1785,2.03,15, -, -
INDOTHAI, EQ, 21-Jan-2020,26.7,27.65,27.65,26.15, 26.50,26.5,26.56,5515,1.47,511, 730, 13.24
INDOWIND, BE, 21-Jan-2020,3.2,3.15,3.25,3.1, 3.10,3.15,3.19,42285,1.35,61, -, -
INDRAMEDCO, EQ, 21-Jan-2020,44.8,44.75,46.8,44.2, 45.95,46.05,45.75,154840,70.84,1094, 86593, 55.92
INDSWFTLAB, EQ, 21-Jan-2020,24.5,24.95,25.1,23.85, 25.05,25.0,24.52,180994,44.37,157, 176115, 97.30
INDSWFTLTD, EQ, 21-Jan-2020,3.15,3.15,3.15,3.1, 3.15,3.15,3.11,10025,0.31,13, 10025, 100.00
INDTERRAIN, EQ, 21-Jan-2020,66.6,66.2,67.65,65.65, 67.20,67.0,66.62,6324,4.21,149, 4640, 73.37
INDUSINDBK, EQ, 21-Jan-2020,1331.95,1332.0,1350.0,1320.0, 1334.05,1336.35,1338.01,4501887,60235.86,111945, 895613, 19.89
INEOSSTYRO, EQ, 21-Jan-2020,762.5,755.0,760.95,747.05, 755.00,756.4,755.06,958,7.23,217, 529, 55.22
INFIBEAM, EQ, 21-Jan-2020,57.15,57.2,59.0,56.35, 58.05,57.95,58.05,2364179,1372.35,5196, 976562, 41.31
INFOBEAN, EQ, 21-Jan-2020,65.05,65.9,66.0,64.05, 65.05,65.35,65.23,1461,0.95,124, 925, 63.31
INFRABEES, EQ, 21-Jan-2020,346.13,345.95,345.97,343.01, 344.97,345.46,344.64,357,1.23,17, 157, 43.98
INFRATEL, EQ, 21-Jan-2020,221.85,224.4,243.55,224.4, 241.00,240.5,235.7,24634362,58062.58,180054, 2319178, 9.41
INFY, EQ, 21-Jan-2020,768.45,768.45,770.5,760.75, 761.15,762.5,764.09,4448374,33989.78,83703, 2831904, 63.66
INGERRAND, EQ, 21-Jan-2020,650.75,647.55,659.9,645.0, 657.00,657.15,654.12,13960,91.31,1906, 8956, 64.15
INNOVANA, SM, 21-Jan-2020,111.5,113.0,113.0,111.0, 111.00,111.0,112.0,2000,2.24,2, 2000, 100.00
INNOVATIVE, SM, 21-Jan-2020,12.5,12.15,12.15,12.15, 12.15,12.15,12.15,3000,0.36,1, 3000, 100.00
INOXLEISUR, EQ, 21-Jan-2020,393.95,393.8,409.35,390.3, 400.00,400.85,403.02,532896,2147.67,16783, 191343, 35.91
INOXWIND, EQ, 21-Jan-2020,42.85,42.3,46.95,42.3, 42.60,44.0,44.74,478390,214.02,3148, 170890, 35.72
INSECTICID, EQ, 21-Jan-2020,566.5,564.15,567.0,555.4, 561.00,559.25,562.89,13298,74.85,514, 9852, 74.09
INSPIRISYS, EQ, 21-Jan-2020,38.5,38.35,40.05,38.25, 38.95,39.0,39.02,1096,0.43,42, 637, 58.12
INTEGRA, BE, 21-Jan-2020,0.45,0.45,0.45,0.45, 0.45,0.45,0.45,1,0.0,1, -, -
INTELLECT, EQ, 21-Jan-2020,158.8,157.1,164.75,157.05, 161.40,161.85,162.28,221121,358.83,2931, 76321, 34.52
INTENTECH, EQ, 21-Jan-2020,30.05,30.0,30.45,29.2, 29.25,29.5,29.65,5222,1.55,35, 4821, 92.32
INVENTURE, EQ, 21-Jan-2020,13.6,13.7,14.45,13.5, 13.50,13.6,13.8,21131,2.92,25, 1048, 4.96
IOB, EQ, 21-Jan-2020,11.35,11.35,11.7,11.3, 11.45,11.45,11.49,907024,104.17,1245, 390423, 43.04
IOC, EQ, 21-Jan-2020,117.5,118.0,118.45,114.25, 115.15,114.8,115.56,46511802,53747.85,151583, 28972528, 62.29
IOLCP, EQ, 21-Jan-2020,179.65,178.0,181.2,177.0, 178.05,178.6,179.02,148910,266.57,2213, 64990, 43.64
IPAPPM, EQ, 21-Jan-2020,312.45,312.45,318.4,307.4, 308.15,308.95,312.11,9082,28.35,407, 4110, 45.25
IPCALAB, EQ, 21-Jan-2020,1219.5,1219.5,1230.0,1201.0, 1225.00,1225.85,1221.27,86170,1052.37,9504, 60853, 70.62
IRB, EQ, 21-Jan-2020,115.0,115.1,120.0,111.0, 116.30,116.9,115.54,7114808,8220.78,51859, 1188540, 16.71
IRBINVIT, IV, 21-Jan-2020,54.15,54.85,54.85,54.08, 54.43,54.37,54.29,195000,105.86,56, 140000, 71.79
IRCON, EQ, 21-Jan-2020,436.9,435.0,439.7,430.0, 434.10,432.2,434.84,61772,268.61,2115, 24594, 39.81
IRCTC, EQ, 21-Jan-2020,993.35,992.4,994.4,978.0, 982.55,982.75,986.01,576489,5684.22,20689, 149774, 25.98
IRFC, N1, 21-Jan-2020,1074.0,1074.0,1076.0,1074.0, 1074.00,1074.0,1075.13,170,1.83,14, 170, 100.00
IRFC, N2, 21-Jan-2020,1155.0,1150.0,1162.99,1150.0, 1153.00,1153.0,1152.01,733,8.44,27, 711, 97.00
IRFC, N3, 21-Jan-2020,1057.0,1059.9,1060.0,1059.9, 1060.00,1059.99,1060.0,300,3.18,2, 300, 100.00
IRFC, NA, 21-Jan-2020,1289.0,1266.0,1266.0,1263.35, 1263.35,1263.35,1264.75,400,5.06,5, 400, 100.00
IRFC, ND, 21-Jan-2020,1142.0,1144.1,1144.1,1144.1, 1144.10,1144.1,1144.1,250,2.86,1, 250, 100.00
IRFC, NE, 21-Jan-2020,1354.0,1320.0,1339.0,1320.0, 1320.00,1320.0,1320.19,102,1.35,3, 101, 99.02
IRFC, NI, 21-Jan-2020,1085.0,1088.0,1098.6,1088.0, 1098.60,1098.6,1091.44,442,4.82,8, 441, 99.77
IRFC, NJ, 21-Jan-2020,1164.48,1154.0,1164.0,1154.0, 1164.00,1164.0,1157.33,3,0.03,3, 1, 33.33
IRFC, NK, 21-Jan-2020,1200.0,1200.0,1200.0,1200.0, 1200.00,1200.0,1200.0,385,4.62,1, 385, 100.00
IRFC, NN, 21-Jan-2020,1099.99,1095.0,1095.0,1095.0, 1095.00,1095.0,1095.0,5,0.05,1, 5, 100.00
ISEC, EQ, 21-Jan-2020,423.95,417.95,439.7,415.4, 430.00,430.3,429.67,725349,3116.63,19640, 325275, 44.84
ISFT, EQ, 21-Jan-2020,68.55,66.0,71.5,66.0, 68.50,68.65,69.1,490,0.34,30, 224, 45.71
ISMTLTD, EQ, 21-Jan-2020,4.5,4.5,5.15,4.4, 4.90,4.9,4.89,491856,24.04,667, 292799, 59.53
ITC, EQ, 21-Jan-2020,241.9,241.45,241.45,238.0, 238.45,238.45,239.25,9571070,22899.06,90383, 6175670, 64.52
ITDC, EQ, 21-Jan-2020,309.05,307.0,308.9,300.55, 301.75,301.95,303.94,66035,200.71,2682, 23202, 35.14
ITDCEM, EQ, 21-Jan-2020,60.05,59.9,61.95,59.5, 61.10,61.25,60.8,262001,159.3,3200, 184633, 70.47
ITI, EQ, 21-Jan-2020,102.9,101.15,102.0,98.6, 99.15,99.35,99.76,808063,806.15,7386, 314718, 38.95
IVC, EQ, 21-Jan-2020,3.4,3.45,3.5,3.4, 3.45,3.4,3.43,51410,1.76,87, 28249, 54.95
IVP, EQ, 21-Jan-2020,57.0,55.1,56.9,53.1, 54.50,54.75,54.47,20307,11.06,192, 18851, 92.83
IVZINGOLD, EQ, 21-Jan-2020,3700.0,3700.0,3700.0,3651.0, 3665.00,3665.0,3662.81,16,0.59,4, 11, 68.75
IVZINNIFTY, EQ, 21-Jan-2020,1300.5,1290.95,1291.75,1290.95, 1291.75,1291.75,1291.68,11,0.14,2, 11, 100.00
IZMO, EQ, 21-Jan-2020,25.8,25.8,25.8,24.55, 24.55,24.7,24.95,14000,3.49,121, 10677, 76.26
J&KBANK, EQ, 21-Jan-2020,29.6,29.75,29.9,29.15, 29.20,29.2,29.58,927569,274.4,5159, 711153, 76.67
JAGRAN, EQ, 21-Jan-2020,68.75,68.7,68.75,67.6, 68.50,68.3,68.43,421986,288.79,2916, 339159, 80.37
JAGSNPHARM, EQ, 21-Jan-2020,27.75,28.35,28.35,27.15, 27.15,27.3,27.44,11156,3.06,111, 8593, 77.03
JAIBALAJI, EQ, 21-Jan-2020,26.15,26.15,26.5,25.8, 26.50,26.35,26.09,7144,1.86,33, 6540, 91.55
JAICORPLTD, EQ, 21-Jan-2020,113.6,112.35,114.6,110.55, 111.15,111.5,112.54,1734528,1951.97,13059, 402605, 23.21
JAINSTUDIO, BE, 21-Jan-2020,1.65,1.6,1.65,1.6, 1.65,1.65,1.65,2100,0.03,5, -, -
JALAN, SM, 21-Jan-2020,3.8,3.95,3.95,3.95, 3.95,3.95,3.95,3000,0.12,1, 3000, 100.00
JAMNAAUTO, EQ, 21-Jan-2020,44.85,44.6,45.55,44.2, 45.35,45.2,45.01,489599,220.39,2600, 211454, 43.19
JASH, EQ, 21-Jan-2020,133.0,125.4,135.0,125.4, 134.50,134.25,133.47,855,1.14,55, 450, 52.63
JAYAGROGN, EQ, 21-Jan-2020,130.05,132.0,132.15,127.3, 130.45,130.2,129.68,7371,9.56,311, 4390, 59.56
JAYBARMARU, EQ, 21-Jan-2020,243.7,242.2,272.0,240.05, 261.20,260.45,262.16,1252815,3284.35,25515, 183233, 14.63
JAYNECOIND, EQ, 21-Jan-2020,3.95,4.05,4.05,3.8, 3.95,3.85,3.86,31143,1.2,56, 22111, 71.00
JAYSREETEA, EQ, 21-Jan-2020,54.2,53.15,54.95,53.05, 53.05,53.55,54.03,75203,40.63,1000, 29509, 39.24
JBCHEPHARM, EQ, 21-Jan-2020,482.25,484.8,486.0,467.3, 481.20,484.0,480.19,64328,308.9,2982, 35237, 54.78
JBFIND, EQ, 21-Jan-2020,7.3,7.6,7.6,7.15, 7.35,7.4,7.35,35691,2.62,103, 24230, 67.89
JBMA, EQ, 21-Jan-2020,270.55,267.5,282.65,267.5, 270.00,270.3,276.39,131718,364.05,5248, 18787, 14.26
JCHAC, EQ, 21-Jan-2020,2043.6,2061.0,2126.55,2035.15, 2110.10,2111.55,2083.86,13066,272.28,1724, 7576, 57.98
JETAIRWAYS, BZ, 21-Jan-2020,42.45,40.35,40.35,40.35, 40.35,40.35,40.35,7545,3.04,164, -, -
JHS, EQ, 21-Jan-2020,15.15,15.15,15.4,14.75, 14.85,14.95,14.95,59510,8.9,194, 47661, 80.09
JIKIND, BE, 21-Jan-2020,0.35,0.3,0.35,0.3, 0.35,0.35,0.3,30030,0.09,18, -, -
JINDALPHOT, EQ, 21-Jan-2020,14.35,14.85,14.85,13.65, 14.10,14.1,14.16,1883,0.27,30, 1326, 70.42
JINDALPOLY, EQ, 21-Jan-2020,268.35,265.15,275.0,260.25, 260.50,261.5,266.1,22149,58.94,1167, 10187, 45.99
JINDALSAW, EQ, 21-Jan-2020,95.3,94.45,96.7,93.15, 93.90,94.3,95.18,1233059,1173.61,13011, 451761, 36.64
JINDALSTEL, EQ, 21-Jan-2020,179.3,177.0,186.95,176.4, 184.50,185.8,182.03,30489750,55501.69,117332, 4485662, 14.71
JINDCOT, BE, 21-Jan-2020,1.8,1.8,1.8,1.75, 1.80,1.75,1.76,5807,0.1,11, -, -
JINDRILL, EQ, 21-Jan-2020,98.95,101.0,101.0,96.45, 97.90,97.85,98.54,13929,13.72,391, 7494, 53.80
JINDWORLD, EQ, 21-Jan-2020,62.4,62.45,62.45,60.5, 61.40,60.85,61.53,137862,84.83,2600, 24839, 18.02
JISLDVREQS, EQ, 21-Jan-2020,8.15,8.0,8.25,8.0, 8.15,8.15,8.16,21072,1.72,82, 19241, 91.31
JISLJALEQS, EQ, 21-Jan-2020,7.95,8.05,8.05,7.8, 7.85,7.85,7.87,2468797,194.27,3925, 1388354, 56.24
JITFINFRA, BE, 21-Jan-2020,9.4,9.85,9.85,8.95, 8.95,8.95,8.96,5616,0.5,56, -, -
JIYAECO, EQ, 21-Jan-2020,25.15,24.3,24.95,23.9, 23.90,23.9,24.02,236508,56.8,728, 144179, 60.96
JKCEMENT, EQ, 21-Jan-2020,1278.05,1278.0,1303.3,1276.05, 1290.00,1289.7,1298.67,155821,2023.61,5482, 134952, 86.61
JKIL, EQ, 21-Jan-2020,152.95,153.8,170.7,152.5, 161.00,161.25,163.96,1163279,1907.31,11733, 498240, 42.83
JKLAKSHMI, EQ, 21-Jan-2020,344.15,344.15,345.0,340.1, 340.60,341.2,341.63,447678,1529.41,2090, 427945, 95.59
JKPAPER, EQ, 21-Jan-2020,134.95,134.3,137.4,133.0, 136.10,135.7,135.15,895855,1210.74,9080, 289821, 32.35
JKTYRE, EQ, 21-Jan-2020,82.0,80.0,81.6,80.0, 80.60,80.5,80.83,651751,526.79,5822, 253328, 38.87
JMA, EQ, 21-Jan-2020,26.05,26.05,27.0,24.3, 26.50,26.5,26.18,7774,2.04,70, 5060, 65.09
JMCPROJECT, EQ, 21-Jan-2020,102.7,102.0,103.35,101.05, 101.70,101.55,101.69,120352,122.39,3697, 94346, 78.39
JMFINANCIL, EQ, 21-Jan-2020,103.75,103.4,104.8,102.5, 104.05,103.9,103.7,267953,277.86,3632, 115894, 43.25
JMTAUTOLTD, EQ, 21-Jan-2020,1.4,1.4,1.4,1.35, 1.40,1.35,1.37,214917,2.94,70, 76867, 35.77
JOCIL, EQ, 21-Jan-2020,127.3,125.6,131.9,117.95, 122.90,123.25,124.46,11183,13.92,375, 7161, 64.03
JPASSOCIAT, EQ, 21-Jan-2020,2.1,2.1,2.1,2.05, 2.10,2.05,2.07,1452326,30.0,766, 1380405, 95.05
JPINFRATEC, EQ, 21-Jan-2020,1.2,1.25,1.25,1.15, 1.25,1.2,1.21,4113081,49.65,843, 2588354, 62.93
JPOLYINVST, EQ, 21-Jan-2020,14.1,14.65,14.65,14.0, 14.10,14.1,14.34,1773,0.25,14, 1751, 98.76
JPPOWER, EQ, 21-Jan-2020,2.1,2.2,2.2,2.0, 2.05,2.05,2.12,15769867,334.52,2198, 9403851, 59.63
JSL, EQ, 21-Jan-2020,43.3,42.9,44.6,42.9, 43.40,43.45,43.62,1138574,496.6,3696, 507126, 44.54
JSLHISAR, EQ, 21-Jan-2020,79.5,78.4,82.0,77.85, 79.00,78.9,79.78,332590,265.34,1915, 78925, 23.73
JSWENERGY, EQ, 21-Jan-2020,66.2,66.4,67.2,66.05, 66.30,66.3,66.48,340244,226.2,2313, 166592, 48.96
JSWHL, EQ, 21-Jan-2020,2462.15,2492.6,2492.6,2428.85, 2490.00,2485.3,2470.36,669,16.53,131, 598, 89.39
JSWSTEEL, EQ, 21-Jan-2020,271.35,270.0,270.9,264.35, 266.80,267.25,267.53,4799667,12840.51,36482, 518723, 10.81
JSWSTEEL, P2, 21-Jan-2020,1.2,1.25,1.25,1.2, 1.20,1.2,1.23,7706,0.09,21, 7406, 96.11
JTEKTINDIA, EQ, 21-Jan-2020,90.25,90.2,91.5,88.8, 89.00,89.3,89.89,44924,40.38,664, 31215, 69.48
JUBILANT, EQ, 21-Jan-2020,604.15,605.0,637.0,604.15, 620.35,622.5,625.71,1290001,8071.7,30236, 195489, 15.15
JUBLFOOD, EQ, 21-Jan-2020,1765.15,1758.95,1771.45,1745.25, 1765.25,1764.25,1761.61,341470,6015.36,12198, 51608, 15.11
JUBLINDS, BE, 21-Jan-2020,132.85,138.0,139.45,132.0, 139.45,139.45,138.57,18871,26.15,246, -, -
JUMPNET, EQ, 21-Jan-2020,53.35,52.0,54.9,52.0, 53.00,54.05,53.52,1337670,715.97,1276, 785468, 58.72
JUNIORBEES, EQ, 21-Jan-2020,299.07,300.0,300.8,295.2, 297.90,297.71,298.59,88960,265.62,1305, 82051, 92.23
JUSTDIAL, EQ, 21-Jan-2020,579.9,567.5,592.75,560.0, 573.40,575.55,580.08,4107286,23825.72,56137, 106800, 2.60
JVLAGRO, BZ, 21-Jan-2020,0.5,0.5,0.55,0.5, 0.50,0.55,0.53,91729,0.49,49, -, -
JYOTHYLAB, EQ, 21-Jan-2020,154.85,155.2,156.25,152.2, 153.05,153.45,153.96,81209,125.03,2317, 49224, 60.61
KABRAEXTRU, EQ, 21-Jan-2020,77.4,76.1,76.45,71.0, 73.05,73.25,73.32,42644,31.26,438, 37047, 86.88
KAJARIACER, EQ, 21-Jan-2020,557.6,560.4,563.65,545.1, 550.45,549.1,558.39,298865,1668.83,6994, 245228, 82.05
KAKATCEM, EQ, 21-Jan-2020,236.4,234.0,244.0,230.0, 239.00,236.1,237.41,107427,255.04,3473, 31330, 29.16
KALPATPOWR, EQ, 21-Jan-2020,457.25,460.0,463.05,445.5, 451.00,448.95,452.25,57532,260.19,3305, 30627, 53.23
KALYANIFRG, BE, 21-Jan-2020,177.0,175.0,178.45,172.0, 172.10,172.1,173.52,146,0.25,10, -, -
KAMATHOTEL, EQ, 21-Jan-2020,38.4,37.55,44.0,37.55, 39.50,39.85,40.6,749414,304.25,5079, 140725, 18.78
KAMDHENU, EQ, 21-Jan-2020,97.3,97.7,98.0,95.55, 95.55,96.0,96.82,12013,11.63,255, 9330, 77.67
KANANIIND, BE, 21-Jan-2020,2.9,2.8,2.9,2.8, 2.80,2.8,2.82,8750,0.25,20, -, -
KANORICHEM, EQ, 21-Jan-2020,44.25,45.0,45.0,43.85, 44.10,44.25,44.16,17695,7.81,223, 10130, 57.25
KANSAINER, EQ, 21-Jan-2020,524.0,525.0,526.0,516.05, 516.55,518.6,519.43,172256,894.74,4737, 132889, 77.15
KAPSTON, SM, 21-Jan-2020,105.0,107.0,107.0,107.0, 107.00,107.0,107.0,1200,1.28,1, 1200, 100.00
KARDA, EQ, 21-Jan-2020,131.7,131.7,134.0,131.7, 133.00,133.1,133.33,2868,3.82,76, 2077, 72.42
KARMAENG, BE, 21-Jan-2020,14.5,14.5,14.5,13.85, 14.50,14.4,14.39,1143,0.16,6, -, -
KARURVYSYA, EQ, 21-Jan-2020,56.2,56.1,56.5,55.35, 55.50,55.55,55.78,275345,153.59,1799, 198209, 71.99
KAUSHALYA, BE, 21-Jan-2020,0.55,0.5,0.5,0.5, 0.50,0.5,0.5,9000,0.05,5, -, -
KAVVERITEL, BE, 21-Jan-2020,1.9,1.95,1.95,1.9, 1.95,1.95,1.95,1820,0.04,10, -, -
KAYA, EQ, 21-Jan-2020,392.0,393.0,433.8,386.4, 429.05,429.5,422.64,147716,624.31,6084, 53800, 36.42
KCP, EQ, 21-Jan-2020,68.5,68.6,69.15,66.25, 67.00,67.05,67.55,48989,33.09,528, 42358, 86.46
KCPSUGIND, EQ, 21-Jan-2020,15.45,15.4,15.65,15.05, 15.40,15.35,15.38,65369,10.06,254, 38904, 59.51
KDDL, EQ, 21-Jan-2020,315.7,312.45,322.35,312.0, 312.60,313.15,312.7,341,1.07,33, 215, 63.05
KEC, EQ, 21-Jan-2020,339.85,338.85,343.4,334.0, 337.10,337.95,338.51,554754,1877.9,12131, 431285, 77.74
KECL, EQ, 21-Jan-2020,14.6,14.5,15.3,14.05, 15.30,15.3,15.05,164817,24.81,405, 128457, 77.94
KEI, EQ, 21-Jan-2020,517.35,534.0,550.9,527.35, 531.00,531.2,536.95,1155461,6204.22,28832, 199740, 17.29
KELLTONTEC, EQ, 21-Jan-2020,15.9,16.4,16.4,15.55, 16.10,16.05,15.85,62858,9.96,203, 52049, 82.80
KENNAMET, EQ, 21-Jan-2020,1126.8,1150.0,1159.4,1103.6, 1140.00,1137.5,1140.03,5509,62.8,632, 2509, 45.54
KERNEX, BE, 21-Jan-2020,20.75,20.5,20.6,19.75, 20.50,19.95,20.27,9612,1.95,82, -, -
KESORAMIND, EQ, 21-Jan-2020,54.65,54.2,55.3,54.2, 54.60,54.6,54.69,80701,44.13,747, 43606, 54.03
KGL, BZ, 21-Jan-2020,0.3,0.3,0.35,0.3, 0.30,0.3,0.33,229440,0.76,54, -, -
KHADIM, EQ, 21-Jan-2020,178.75,177.0,181.85,176.9, 177.50,178.15,179.28,53435,95.8,1670, 24878, 46.56
KHAITANLTD, BE, 21-Jan-2020,22.0,21.75,21.95,21.75, 21.95,21.95,21.75,52,0.01,4, -, -
KICL, EQ, 21-Jan-2020,1796.65,1815.0,1815.0,1748.1, 1755.50,1757.45,1774.42,358,6.35,196, 137, 38.27
KILITCH, EQ, 21-Jan-2020,128.75,131.7,132.6,127.25, 128.00,128.0,130.1,10531,13.7,419, 5843, 55.48
KINGFA, EQ, 21-Jan-2020,681.5,676.1,695.0,676.0, 683.00,689.7,688.9,3201,22.05,203, 2500, 78.10
KIOCL, EQ, 21-Jan-2020,121.8,120.0,122.0,118.45, 121.00,120.4,120.09,14763,17.73,373, 8449, 57.23
KIRIINDUS, EQ, 21-Jan-2020,391.25,385.2,396.5,382.1, 387.00,389.5,389.06,101469,394.77,3209, 39595, 39.02
KIRLFER, EQ, 21-Jan-2020,73.25,75.9,75.9,67.05, 71.50,72.25,72.8,27547,20.05,715, 15663, 56.86
KIRLOSBROS, EQ, 21-Jan-2020,144.0,144.05,147.1,143.2, 145.00,145.3,144.76,18458,26.72,465, 13207, 71.55
KIRLOSENG, EQ, 21-Jan-2020,150.25,153.2,153.2,148.05, 148.90,148.6,149.01,23074,34.38,323, 16616, 72.01
KIRLOSIND, EQ, 21-Jan-2020,660.45,654.0,695.0,654.0, 685.00,684.05,682.32,2337,15.95,322, 1699, 72.70
KITEX, EQ, 21-Jan-2020,125.05,125.1,129.5,122.6, 126.95,127.0,126.87,234367,297.34,3452, 101104, 43.14
KKCL, EQ, 21-Jan-2020,999.2,999.95,1005.0,990.7, 994.10,994.1,996.24,112,1.12,34, 69, 61.61
KMSUGAR, EQ, 21-Jan-2020,8.95,9.1,9.15,8.95, 9.10,9.0,9.03,70256,6.34,145, 46871, 66.71
KNRCON, EQ, 21-Jan-2020,296.25,294.9,296.0,287.6, 296.00,295.1,291.49,172059,501.53,4624, 96133, 55.87
KOHINOOR, BE, 21-Jan-2020,9.15,9.35,9.4,8.8, 9.20,9.0,9.14,24053,2.2,122, -, -
KOKUYOCMLN, EQ, 21-Jan-2020,84.85,83.6,85.5,82.0, 82.25,82.3,83.4,31016,25.87,377, 24591, 79.28
KOLTEPATIL, EQ, 21-Jan-2020,265.35,262.5,270.8,262.5, 264.50,263.95,266.1,37598,100.05,1620, 14378, 38.24
KOPRAN, EQ, 21-Jan-2020,36.2,36.2,37.3,35.65, 37.00,37.1,36.57,143673,52.54,1299, 75302, 52.41
KOTAKBANK, EQ, 21-Jan-2020,1617.9,1605.0,1630.6,1585.2, 1627.35,1625.1,1608.02,5745469,92388.54,185564, 1823235, 31.73
KOTAKBKETF, EQ, 21-Jan-2020,319.67,319.67,320.11,317.15, 318.80,317.73,318.3,197393,628.29,969, 119244, 60.41
KOTAKGOLD, EQ, 21-Jan-2020,352.45,355.0,356.7,351.5, 353.00,352.9,353.19,74178,261.99,621, 66051, 89.04
KOTAKNIFTY, EQ, 21-Jan-2020,127.02,127.02,127.07,126.05, 126.20,126.25,126.61,13467,17.05,335, 8338, 61.91
KOTAKNV20, EQ, 21-Jan-2020,59.06,59.49,59.93,59.0, 59.01,59.23,59.29,4926,2.92,81, 2692, 54.65
KOTAKPSUBK, EQ, 21-Jan-2020,241.98,240.0,244.38,236.0, 238.12,238.55,239.61,2238,5.36,110, 1273, 56.88
KOTARISUG, EQ, 21-Jan-2020,12.35,12.85,13.0,11.9, 12.85,12.9,12.61,147141,18.56,647, 87842, 59.70
KOTHARIPET, EQ, 21-Jan-2020,18.8,18.1,19.35,18.1, 18.50,18.5,18.68,20405,3.81,106, 16962, 83.13
KOTHARIPRO, EQ, 21-Jan-2020,75.6,75.0,75.0,72.45, 73.05,73.25,73.54,6140,4.52,173, 4431, 72.17
KPITTECH, EQ, 21-Jan-2020,102.35,102.45,103.95,97.9, 98.00,98.35,99.25,129903,128.93,2033, 90775, 69.88
KPRMILL, EQ, 21-Jan-2020,661.5,660.0,667.0,658.85, 660.60,663.85,664.24,11759,78.11,308, 10955, 93.16
KRBL, EQ, 21-Jan-2020,269.4,269.8,288.8,268.0, 274.45,275.65,278.98,386403,1077.97,9449, 151699, 39.26
KREBSBIO, EQ, 21-Jan-2020,94.2,92.05,99.0,92.05, 93.05,94.9,96.82,6054,5.86,110, 5661, 93.51
KRIDHANINF, BE, 21-Jan-2020,2.7,2.6,2.75,2.6, 2.60,2.6,2.61,28285,0.74,61, -, -
KRITIKA, SM, 21-Jan-2020,33.5,33.7,33.7,33.7, 33.70,33.7,33.7,12000,4.04,3, 12000, 100.00
KSB, EQ, 21-Jan-2020,728.4,720.65,759.0,711.05, 717.00,719.65,738.35,26365,194.67,3060, 8179, 31.02
KSCL, EQ, 21-Jan-2020,474.0,479.0,480.5,472.5, 475.55,476.45,476.39,56795,270.57,2954, 22130, 38.96
KSERASERA, BE, 21-Jan-2020,0.15,0.1,0.15,0.1, 0.15,0.1,0.11,494634,0.53,127, -, -
KSK, BE, 21-Jan-2020,0.5,0.5,0.55,0.5, 0.50,0.55,0.53,137691,0.73,79, -, -
KSL, EQ, 21-Jan-2020,258.0,256.0,261.0,255.0, 255.30,256.7,259.0,44311,114.77,2512, 15926, 35.94
KTKBANK, EQ, 21-Jan-2020,74.85,74.65,75.4,73.15, 73.65,73.9,74.54,949985,708.14,3419, 628551, 66.16
KUANTUM, EQ, 21-Jan-2020,520.0,510.05,514.4,500.0, 501.60,505.45,506.9,842,4.27,75, 554, 65.80
KWALITY, BE, 21-Jan-2020,2.25,2.25,2.3,2.15, 2.30,2.25,2.22,276837,6.13,427, -, -
L&TFH, EQ, 21-Jan-2020,118.1,117.55,119.5,116.1, 118.90,119.1,118.19,11074692,13088.75,44569, 1882528, 17.00
L&TFINANCE, NE, 21-Jan-2020,1024.0,1024.0,1024.0,1024.0, 1024.00,1024.0,1024.0,1,0.01,1, 1, 100.00
L&TFINANCE, NU, 21-Jan-2020,1082.01,1082.0,1088.5,1082.0, 1082.25,1082.25,1083.34,489,5.3,17, 489, 100.00
L&TFINANCE, Y5, 21-Jan-2020,1009.65,1009.9,1030.0,1009.5, 1030.00,1029.74,1026.44,300,3.08,5, 299, 99.67
L&TFINANCE, Y7, 21-Jan-2020,1023.99,1015.0,1015.0,1015.0, 1015.00,1015.0,1015.0,220,2.23,5, 220, 100.00
L&TFINANCE, Y9, 21-Jan-2020,1013.5,1014.25,1014.25,1012.6, 1013.00,1013.0,1013.04,912,9.24,17, 912, 100.00
L&TINFRA, N2, 21-Jan-2020,1934.0,1925.01,1931.0,1925.01, 1931.00,1931.0,1928.14,61,1.18,6, 61, 100.00
L&TINFRA, N3, 21-Jan-2020,986.11,986.11,986.11,986.01, 986.01,986.01,986.06,20,0.2,3, 20, 100.00
L&TINFRA, N4, 21-Jan-2020,1879.69,1878.04,1885.0,1878.04, 1885.00,1885.0,1881.31,80,1.51,6, 80, 100.00
L&TINFRA, N5, 21-Jan-2020,1045.0,1045.0,1047.25,1045.0, 1045.89,1045.89,1046.16,210,2.2,10, 210, 100.00
L&TINFRA, N6, 21-Jan-2020,1975.51,1970.0,1980.0,1969.12, 1975.11,1976.06,1976.35,316,6.25,15, 314, 99.37
LAKPRE, BZ, 21-Jan-2020,2.4,2.4,2.4,2.4, 2.40,2.4,2.4,4,0.0,2, -, -
LAKSHVILAS, EQ, 21-Jan-2020,15.95,15.95,16.15,15.6, 15.70,15.7,15.85,474333,75.18,1313, 349545, 73.69
LALPATHLAB, EQ, 21-Jan-2020,1650.95,1635.0,1650.45,1611.25, 1619.00,1615.55,1626.39,27457,446.56,4949, 15378, 56.01
LAMBODHARA, EQ, 21-Jan-2020,38.65,38.0,38.5,36.5, 38.50,37.9,37.51,10334,3.88,524, 5239, 50.70
LAOPALA, EQ, 21-Jan-2020,175.25,175.25,179.75,167.1, 167.50,169.05,172.63,36563,63.12,1525, 16154, 44.18
LASA, BE, 21-Jan-2020,24.1,23.5,25.3,23.1, 23.95,23.95,24.2,25594,6.19,108, -, -
LATTEYS, SM, 21-Jan-2020,47.5,45.5,45.5,45.5, 45.50,45.5,45.5,2000,0.91,1, 2000, 100.00
LAURUSLABS, EQ, 21-Jan-2020,403.1,405.95,409.0,402.15, 405.70,404.3,404.58,42477,171.86,1482, 30033, 70.70
LAXMIMACH, EQ, 21-Jan-2020,3700.25,3664.0,3728.9,3652.0, 3654.00,3665.3,3681.27,2493,91.77,583, 1474, 59.13
LEMONTREE, EQ, 21-Jan-2020,55.3,54.65,55.0,53.5, 53.60,53.75,54.14,614940,332.94,6695, 417838, 67.95
LFIC, EQ, 21-Jan-2020,50.1,50.05,54.9,50.0, 50.00,50.25,50.41,127,0.06,7, 123, 96.85
LGBBROSLTD, EQ, 21-Jan-2020,320.65,321.0,326.0,317.0, 322.00,322.55,321.4,15118,48.59,709, 8090, 53.51
LGBFORGE, BE, 21-Jan-2020,3.45,3.45,3.5,3.3, 3.50,3.5,3.47,20060,0.7,31, -, -
LIBERTSHOE, EQ, 21-Jan-2020,150.55,149.75,153.85,147.85, 149.70,149.95,150.92,127496,192.42,2532, 37839, 29.68
LICHSGFIN, EQ, 21-Jan-2020,463.35,462.0,486.75,459.65, 478.75,478.4,476.08,6905432,32875.72,82813, 1974813, 28.60
LICNETFGSC, EQ, 21-Jan-2020,19.99,19.9,19.99,19.67, 19.70,19.83,19.77,3836,0.76,34, 3481, 90.75
LICNETFN50, EQ, 21-Jan-2020,125.41,121.02,128.0,113.0, 125.10,125.5,122.19,666,0.81,105, 255, 38.29
LICNETFSEN, EQ, 21-Jan-2020,510.0,481.02,519.6,481.02, 499.10,499.1,515.61,50,0.26,8, 47, 94.00
LINCOLN, EQ, 21-Jan-2020,204.0,202.1,204.2,201.1, 201.50,201.75,202.78,24456,49.59,671, 13312, 54.43
LINCPEN, EQ, 21-Jan-2020,235.95,238.9,238.9,224.2, 227.00,228.7,230.73,3878,8.95,162, 3386, 87.31
LINDEINDIA, EQ, 21-Jan-2020,735.95,725.1,742.45,724.0, 728.50,729.95,732.49,28445,208.36,1464, 12164, 42.76
LIQUIDBEES, EQ, 21-Jan-2020,999.99,1000.0,1000.01,999.99, 999.99,1000.0,1000.0,718691,7186.95,2999, 613062, 85.30
LIQUIDETF, EQ, 21-Jan-2020,1000.01,1000.04,1000.04,999.99, 999.99,999.99,1000.0,9288,92.88,79, 7666, 82.54
LOKESHMACH, EQ, 21-Jan-2020,35.5,35.8,35.8,34.25, 34.70,34.65,34.84,5941,2.07,160, 4490, 75.58
LOTUSEYE, EQ, 21-Jan-2020,24.9,25.9,25.9,23.6, 24.00,24.0,24.0,16614,3.99,129, 11891, 71.57
LOVABLE, EQ, 21-Jan-2020,81.65,81.45,82.0,79.2, 79.75,79.65,80.5,22092,17.78,577, 10985, 49.72
LPDC, EQ, 21-Jan-2020,1.65,1.6,1.65,1.6, 1.60,1.6,1.61,1694,0.03,9, 1694, 100.00
LSIL, EQ, 21-Jan-2020,0.5,0.5,0.55,0.45, 0.50,0.45,0.5,661575,3.29,437, 421194, 63.67
LT, EQ, 21-Jan-2020,1309.6,1304.75,1313.9,1300.45, 1302.10,1302.35,1306.33,1361576,17786.66,74036, 642210, 47.17
LTI, EQ, 21-Jan-2020,1895.9,1897.0,1920.0,1895.1, 1907.00,1908.75,1911.94,104946,2006.51,7099, 70864, 67.52
LTTS, EQ, 21-Jan-2020,1627.8,1624.0,1630.0,1606.85, 1622.20,1626.1,1619.23,123496,1999.69,11250, 101033, 81.81
LUMAXIND, EQ, 21-Jan-2020,1487.25,1480.0,1499.95,1454.2, 1488.00,1479.5,1478.45,1357,20.06,218, 848, 62.49
LUMAXTECH, EQ, 21-Jan-2020,112.8,111.05,113.5,110.9, 112.40,111.4,112.21,20092,22.55,305, 16528, 82.26
LUPIN, EQ, 21-Jan-2020,732.7,733.0,744.25,727.25, 739.80,741.15,737.52,1619921,11947.2,35460, 423597, 26.15
LUXIND, EQ, 21-Jan-2020,1484.45,1486.6,1534.9,1464.0, 1519.00,1497.1,1488.36,57004,848.42,2649, 11805, 20.71
LYKALABS, EQ, 21-Jan-2020,21.35,21.05,21.75,20.2, 21.25,21.3,21.39,29505,6.31,223, 18062, 61.22
LYPSAGEMS, EQ, 21-Jan-2020,6.35,6.7,6.95,6.5, 6.95,6.95,6.89,390352,26.9,656, 255222, 65.38
M&M, EQ, 21-Jan-2020,567.2,564.0,564.9,550.1, 550.95,552.8,555.36,3101684,17225.53,46464, 1102829, 35.56
M&MFIN, EQ, 21-Jan-2020,350.7,347.65,355.85,344.2, 352.50,352.8,352.37,1415647,4988.28,24545, 523278, 36.96
M&MFIN, N2, 21-Jan-2020,1066.0,1063.0,1063.0,1061.11, 1061.11,1061.11,1062.54,500,5.31,8, 500, 100.00
M100, EQ, 21-Jan-2020,18.91,18.9,19.4,18.69, 18.99,19.08,18.95,283469,53.71,241, 200148, 70.61
M14RG, MF, 21-Jan-2020,7.05,6.92,7.43,6.92, 7.43,7.4,7.37,14646,1.08,6, 13638, 93.12
M15RG, MF, 21-Jan-2020,6.72,6.6,7.29,6.6, 7.29,7.22,7.21,17687,1.27,7, 16687, 94.35
M17RD, MF, 21-Jan-2020,5.0,5.07,5.07,5.07, 5.07,5.07,5.07,807,0.04,1, 807, 100.00
M17RG, MF, 21-Jan-2020,5.12,4.88,5.13,4.88, 5.13,5.07,4.99,2929,0.15,7, 2929, 100.00
M50, EQ, 21-Jan-2020,119.57,119.58,119.58,118.71, 118.79,118.81,118.94,515,0.61,52, 497, 96.50
MAANALU, EQ, 21-Jan-2020,68.85,69.0,69.35,67.05, 68.85,68.55,68.11,4695,3.2,153, 3311, 70.52
MACPOWER, SM, 21-Jan-2020,61.75,60.4,62.0,60.4, 61.50,61.5,60.97,45500,27.74,5, 45500, 100.00
MADHAV, EQ, 21-Jan-2020,35.5,38.0,38.0,34.3, 35.90,35.2,35.34,3360,1.19,98, 2381, 70.86
MADHUCON, EQ, 21-Jan-2020,3.8,3.75,3.75,3.65, 3.65,3.65,3.68,38465,1.42,61, 37875, 98.47
MADRASFERT, EQ, 21-Jan-2020,21.05,20.9,21.2,20.3, 20.75,20.65,20.76,202942,42.14,850, 85261, 42.01
MAGADSUGAR, EQ, 21-Jan-2020,131.9,130.25,135.0,129.6, 129.75,130.0,131.72,19738,26.0,792, 12296, 62.30
MAGMA, EQ, 21-Jan-2020,67.7,67.5,68.0,65.25, 65.30,65.45,66.02,263266,173.81,665, 227674, 86.48
MAGMA, N6, 21-Jan-2020,900.0,900.0,900.0,900.0, 900.00,900.0,900.0,5,0.05,1, 5, 100.00
MAGNUM, EQ, 21-Jan-2020,4.0,3.9,3.95,3.8, 3.95,3.95,3.87,120,0.0,3, 70, 58.33
MAHABANK, EQ, 21-Jan-2020,14.35,14.45,14.85,13.05, 13.80,13.85,14.1,2188868,308.72,3865, 851749, 38.91
MAHAPEXLTD, BE, 21-Jan-2020,96.85,93.0,101.6,93.0, 101.00,100.1,93.44,8801,8.22,35, -, -
MAHASTEEL, EQ, 21-Jan-2020,89.0,89.5,92.7,87.5, 90.30,89.75,89.91,6598,5.93,133, 6037, 91.50
MAHESHWARI, EQ, 21-Jan-2020,245.75,247.0,272.9,246.45, 262.85,264.95,261.71,183001,478.93,1460, 52989, 28.96
MAHICKRA, SM, 21-Jan-2020,91.3,90.0,90.0,88.0, 88.00,88.0,88.51,21000,18.59,7, 18000, 85.71
MAHINDCIE, EQ, 21-Jan-2020,169.7,169.3,173.0,168.1, 171.65,171.65,170.73,83108,141.89,2334, 49506, 59.57
MAHLIFE, EQ, 21-Jan-2020,410.45,410.55,416.45,407.0, 413.05,414.05,411.51,126083,518.84,1790, 114184, 90.56
MAHLOG, EQ, 21-Jan-2020,426.6,428.95,432.7,422.0, 428.80,427.75,428.25,6727,28.81,594, 4358, 64.78
MAHSCOOTER, EQ, 21-Jan-2020,4334.05,4379.95,4379.95,4302.25, 4320.00,4329.5,4336.19,5864,254.27,389, 5330, 90.89
MAHSEAMLES, EQ, 21-Jan-2020,408.05,404.0,417.95,403.1, 412.65,409.8,410.62,21494,88.26,1257, 11797, 54.89
MAITHANALL, EQ, 21-Jan-2020,537.75,530.6,573.55,529.25, 559.00,557.1,551.59,97399,537.25,4885, 30076, 30.88
MAJESCO, EQ, 21-Jan-2020,409.15,402.25,407.5,401.2, 401.20,403.1,404.2,7385,29.85,661, 5333, 72.21
MALUPAPER, EQ, 21-Jan-2020,34.85,36.1,36.75,35.65, 36.35,36.25,36.13,126812,45.82,1168, 48299, 38.09
MAN50ETF, EQ, 21-Jan-2020,124.23,124.23,124.23,123.4, 123.40,123.4,123.77,1122,1.39,25, 1116, 99.47
MANAKALUCO, EQ, 21-Jan-2020,4.4,4.6,4.85,4.45, 4.85,4.75,4.65,25153,1.17,65, 19443, 77.30
MANAKCOAT, EQ, 21-Jan-2020,4.4,4.6,4.6,4.3, 4.30,4.35,4.43,452726,20.07,73, 452487, 99.95
MANAKSIA, EQ, 21-Jan-2020,35.8,36.85,36.85,34.2, 35.00,34.95,35.28,17978,6.34,125, 15609, 86.82
MANAKSTEEL, EQ, 21-Jan-2020,13.0,12.65,13.25,12.5, 12.95,12.95,12.93,20485,2.65,81, 15663, 76.46
MANALIPETC, EQ, 21-Jan-2020,22.2,21.75,22.05,21.1, 21.90,21.8,21.65,328983,71.21,1746, 102034, 31.01
MANAPPURAM, EQ, 21-Jan-2020,180.2,179.3,181.65,178.2, 179.05,179.15,180.1,2038351,3671.02,13685, 477019, 23.40
MANGALAM, EQ, 21-Jan-2020,36.9,37.0,37.95,35.7, 36.05,36.25,36.72,10745,3.95,165, 7149, 66.53
MANGCHEFER, EQ, 21-Jan-2020,33.65,33.65,34.4,33.0, 33.95,33.95,33.72,102985,34.72,580, 69731, 67.71
MANGLMCEM, EQ, 21-Jan-2020,296.7,296.5,302.8,295.0, 301.40,299.75,298.21,6782,20.22,277, 4409, 65.01
MANGTIMBER, BE, 21-Jan-2020,10.0,10.0,10.0,10.0, 10.00,10.0,10.0,1688,0.17,4, -, -
MANINDS, EQ, 21-Jan-2020,55.85,55.4,56.9,55.0, 55.60,55.5,55.96,114373,64.0,600, 57185, 50.00
MANINFRA, EQ, 21-Jan-2020,31.65,31.8,33.3,31.3, 32.40,32.2,32.52,393241,127.88,1876, 231256, 58.81
MANUGRAPH, EQ, 21-Jan-2020,14.75,14.1,16.2,14.1, 16.20,16.2,15.85,36456,5.78,340, 29439, 80.75
MARALOVER, EQ, 21-Jan-2020,17.5,16.75,17.9,16.7, 17.65,16.9,16.89,4924,0.83,35, 4186, 85.01
MARATHON, EQ, 21-Jan-2020,91.95,92.0,94.0,89.6, 93.00,92.35,91.78,4942,4.54,141, 3585, 72.54
MARICO, EQ, 21-Jan-2020,346.1,344.0,345.0,336.0, 336.50,336.75,338.39,1786886,6046.65,34906, 1025124, 57.37
MARINE, SM, 21-Jan-2020,99.0,99.1,100.95,98.0, 100.95,100.95,98.21,78000,76.6,11, 72000, 92.31
MARKSANS, EQ, 21-Jan-2020,19.65,19.35,19.45,18.9, 19.05,19.1,19.15,1045469,200.16,2181, 438052, 41.90
MARSHALL, SM, 21-Jan-2020,16.0,16.0,16.0,16.0, 16.00,16.0,16.0,6000,0.96,2, 6000, 100.00
MARUTI, EQ, 21-Jan-2020,7449.6,7411.5,7434.65,7287.8, 7297.90,7302.65,7350.84,442561,32531.96,36589, 130675, 29.53
MASFIN, EQ, 21-Jan-2020,911.9,911.9,939.4,890.9, 903.20,918.35,921.67,28123,259.2,2711, 11151, 39.65
MASTEK, EQ, 21-Jan-2020,442.05,440.0,446.0,430.05, 442.10,443.25,442.53,19095,84.5,793, 8210, 43.00
MATRIMONY, EQ, 21-Jan-2020,472.65,475.9,480.95,464.15, 467.10,468.15,475.21,6025,28.63,456, 704, 11.68
MAWANASUG, EQ, 21-Jan-2020,45.0,44.0,45.55,42.55, 42.70,42.9,43.95,240876,105.87,1709, 108856, 45.19
MAXINDIA, EQ, 21-Jan-2020,79.8,79.75,80.35,79.75, 79.75,79.8,79.92,31016,24.79,335, 20802, 67.07
MAXVIL, EQ, 21-Jan-2020,54.1,53.55,54.7,52.25, 54.45,54.25,54.01,21665,11.7,190, 17873, 82.50
MAYURUNIQ, EQ, 21-Jan-2020,230.55,231.0,234.05,226.85, 230.10,231.9,230.25,82896,190.87,1550, 45215, 54.54
MAZDA, EQ, 21-Jan-2020,474.8,482.0,484.2,461.6, 464.90,466.5,476.3,10800,51.44,547, 2076, 19.22
MBAPL, BE, 21-Jan-2020,71.0,71.0,71.0,71.0, 71.00,71.0,71.0,2,0.0,1, -, -
MBECL, BE, 21-Jan-2020,4.3,4.3,4.3,4.15, 4.30,4.2,4.19,437,0.02,11, -, -
MBLINFRA, EQ, 21-Jan-2020,4.6,4.5,4.7,4.45, 4.70,4.65,4.64,17788,0.82,41, 9962, 56.00
MCDHOLDING, EQ, 21-Jan-2020,26.8,27.75,27.75,24.9, 25.00,25.05,25.75,50268,12.94,384, 31672, 63.01
MCDOWELL-N, EQ, 21-Jan-2020,578.1,578.1,580.5,570.2, 580.35,578.2,575.88,1266923,7295.96,19403, 744131, 58.74
MCL, SM, 21-Jan-2020,123.25,116.6,117.95,115.0, 116.95,116.7,116.67,15600,18.2,13, 9600, 61.54
MCLEODRUSS, EQ, 21-Jan-2020,4.8,4.8,4.8,4.6, 4.60,4.6,4.65,233462,10.85,611, 157046, 67.27
MCX, EQ, 21-Jan-2020,1387.0,1395.0,1443.0,1392.0, 1400.05,1400.0,1417.61,935374,13259.95,31213, 213750, 22.85
MDL, SM, 21-Jan-2020,23.0,21.85,21.85,21.85, 21.85,21.85,21.85,2000,0.44,1, 2000, 100.00
MEGASOFT, EQ, 21-Jan-2020,7.25,7.3,7.4,7.05, 7.40,7.35,7.28,16002,1.16,56, 11909, 74.42
MEGH, EQ, 21-Jan-2020,61.1,61.15,61.65,60.3, 60.35,60.55,60.77,671221,407.9,2433, 357324, 53.23
MELSTAR, BE, 21-Jan-2020,2.9,3.0,3.0,3.0, 3.00,3.0,3.0,658,0.02,7, -, -
MENONBE, EQ, 21-Jan-2020,59.0,58.6,63.0,57.1, 60.25,60.35,60.04,14472,8.69,362, 6456, 44.61
MEP, EQ, 21-Jan-2020,39.55,38.7,40.65,38.5, 39.00,39.0,39.77,138084,54.92,1792, 60251, 43.63
MERCATOR, EQ, 21-Jan-2020,0.8,0.8,0.85,0.75, 0.75,0.75,0.76,2985000,22.67,393, 2262206, 75.79
METALFORGE, EQ, 21-Jan-2020,4.6,4.5,4.6,4.5, 4.60,4.6,4.57,9858,0.45,58, 7857, 79.70
METKORE, BZ, 21-Jan-2020,0.3,0.25,0.3,0.25, 0.30,0.3,0.29,28192,0.08,11, -, -
METROPOLIS, EQ, 21-Jan-2020,1667.2,1677.0,1677.0,1615.0, 1642.00,1643.6,1637.42,34602,566.58,2681, 12916, 37.33
MFSL, EQ, 21-Jan-2020,516.8,515.0,527.35,510.0, 526.25,524.35,521.83,1559439,8137.61,26025, 409037, 26.23
MGEL, SM, 21-Jan-2020,52.9,52.95,52.95,52.95, 52.95,52.95,52.95,2000,1.06,1, 2000, 100.00
MGL, EQ, 21-Jan-2020,1134.7,1125.0,1161.0,1125.0, 1147.00,1146.3,1149.79,1018999,11716.33,26203, 125594, 12.33
MHHL, SM, 21-Jan-2020,19.4,20.35,20.35,20.35, 20.35,20.35,20.35,6000,1.22,2, 6000, 100.00
MHRIL, EQ, 21-Jan-2020,241.1,239.55,242.0,239.0, 240.00,240.8,240.38,25910,62.28,669, 19041, 73.49
MIC, BE, 21-Jan-2020,0.6,0.6,0.65,0.6, 0.65,0.65,0.62,28281,0.18,40, -, -
MIDHANI, EQ, 21-Jan-2020,166.95,166.65,167.45,163.55, 164.80,164.15,164.95,285626,471.15,3684, 167826, 58.76
MINDACORP, EQ, 21-Jan-2020,106.0,105.95,108.35,103.65, 104.60,104.35,105.65,140869,148.82,1704, 69457, 49.31
MINDAIND, EQ, 21-Jan-2020,385.55,386.0,388.8,383.0, 385.00,385.7,385.67,48561,187.29,1912, 24210, 49.85
MINDTECK, EQ, 21-Jan-2020,29.1,30.25,30.25,28.3, 28.70,29.0,29.3,9391,2.75,380, 3925, 41.80
MINDTREE, EQ, 21-Jan-2020,892.75,890.1,907.25,885.2, 896.10,897.75,898.29,725781,6519.65,12702, 119020, 16.40
MIRCELECTR, EQ, 21-Jan-2020,9.3,9.3,9.35,9.0, 9.10,9.05,9.08,107670,9.78,233, 75498, 70.12
MIRZAINT, EQ, 21-Jan-2020,62.1,61.9,63.4,60.0, 61.15,61.05,61.47,425402,261.49,3386, 185022, 43.49
MMFL, EQ, 21-Jan-2020,419.2,425.0,425.0,419.5, 425.00,423.4,421.3,7813,32.92,257, 6588, 84.32
MMP, EQ, 21-Jan-2020,111.25,111.0,115.95,109.0, 109.00,110.75,111.06,2633,2.92,52, 1115, 42.35
MMTC, EQ, 21-Jan-2020,22.6,22.55,22.75,22.05, 22.10,22.15,22.35,790875,176.78,2146, 353439, 44.69
MODIRUBBER, BE, 21-Jan-2020,30.0,31.0,31.5,30.0, 30.00,30.0,30.45,1598,0.49,6, -, -
MOHOTAIND, EQ, 21-Jan-2020,10.45,10.45,10.75,10.15, 10.75,10.75,10.36,23688,2.46,40, 21388, 90.29
MOIL, EQ, 21-Jan-2020,163.35,160.1,162.5,158.05, 160.55,160.6,160.11,141898,227.19,3535, 62945, 44.36
MOLDTECH, EQ, 21-Jan-2020,50.6,49.25,51.0,49.25, 50.00,50.2,50.15,6063,3.04,116, 3479, 57.38
MOLDTKPAC, EQ, 21-Jan-2020,278.3,278.3,281.8,276.95, 281.75,281.15,279.42,13016,36.37,573, 7329, 56.31
MONTECARLO, EQ, 21-Jan-2020,291.85,292.7,293.0,287.05, 290.90,290.75,290.62,9787,28.44,537, 4219, 43.11
MORARJEE, EQ, 21-Jan-2020,15.9,15.85,15.9,15.15, 15.25,15.3,15.53,7998,1.24,89, 5989, 74.88
MOREPENLAB, EQ, 21-Jan-2020,15.5,15.5,15.65,15.4, 15.55,15.5,15.52,349153,54.2,530, 245621, 70.35
MOTHERSUMI, EQ, 21-Jan-2020,137.65,136.4,139.45,134.0, 138.00,138.45,137.33,7541631,10357.05,47463, 2543420, 33.73
MOTILALOFS, EQ, 21-Jan-2020,860.8,860.8,869.2,846.5, 857.20,856.95,860.08,46967,403.95,2179, 20087, 42.77
MOTOGENFIN, EQ, 21-Jan-2020,33.6,33.6,34.2,31.1, 32.55,32.55,32.78,2062,0.68,74, 1310, 63.53
MPHASIS, EQ, 21-Jan-2020,885.9,883.5,886.8,878.0, 880.10,880.0,880.28,731989,6443.56,8185, 700853, 95.75
MPSLTD, EQ, 21-Jan-2020,485.55,485.6,490.05,475.0, 476.00,475.6,478.91,3386,16.22,250, 2329, 68.78
MRF, EQ, 21-Jan-2020,68510.75,68400.0,68550.0,67586.9, 67994.00,67930.15,68066.26,3847,2618.51,2689, 703, 18.27
MRO-TEK, BE, 21-Jan-2020,35.2,35.9,36.95,35.3, 36.95,36.15,35.91,3169,1.14,15, -, -
MRPL, EQ, 21-Jan-2020,46.65,46.3,46.65,45.05, 45.70,45.5,45.64,890009,406.16,3918, 452707, 50.87
MSPL, EQ, 21-Jan-2020,6.6,6.6,6.75,6.5, 6.75,6.75,6.56,769,0.05,9, 769, 100.00
MSTCLTD, EQ, 21-Jan-2020,140.45,139.0,141.65,138.05, 138.60,138.45,139.69,67989,94.97,807, 43607, 64.14
MTEDUCARE, EQ, 21-Jan-2020,13.75,13.8,14.1,13.5, 14.10,13.85,13.84,22497,3.11,130, 16370, 72.77
MTNL, EQ, 21-Jan-2020,12.1,11.5,12.15,11.5, 11.90,11.85,11.72,3232782,378.98,3388, 1506778, 46.61
MUKANDENGG, EQ, 21-Jan-2020,12.95,12.9,13.35,12.55, 12.80,12.8,12.85,3055,0.39,31, 2474, 80.98
MUKANDLTD, EQ, 21-Jan-2020,31.4,31.25,34.0,31.0, 31.25,31.3,32.36,29673,9.6,282, 12282, 41.39
MUKTAARTS, EQ, 21-Jan-2020,38.85,39.85,42.25,39.0, 42.10,41.35,40.86,386114,157.76,3114, 43990, 11.39
MUNJALAU, EQ, 21-Jan-2020,48.45,47.95,51.4,47.3, 51.30,50.85,49.72,380957,189.4,2590, 234910, 61.66
MUNJALSHOW, EQ, 21-Jan-2020,140.1,140.15,144.35,138.45, 144.00,143.7,141.46,24240,34.29,517, 16635, 68.63
MURUDCERA, EQ, 21-Jan-2020,20.65,20.95,22.5,20.65, 22.15,21.95,21.92,197501,43.3,1443, 113404, 57.42
MUTHOOTCAP, EQ, 21-Jan-2020,608.75,608.0,613.95,580.05, 588.00,587.15,595.38,6172,36.75,581, 4279, 69.33
MUTHOOTFIN, EQ, 21-Jan-2020,774.2,774.05,775.8,761.65, 771.95,769.0,768.72,574086,4413.11,38574, 238970, 41.63
N100, EQ, 21-Jan-2020,653.82,660.0,660.0,640.0, 640.00,641.48,642.42,21617,138.87,708, 17112, 79.16
NABARD, N2, 21-Jan-2020,1202.68,1200.25,1201.75,1200.0, 1200.25,1200.25,1200.23,2607,31.29,12, 2607, 100.00
NACLIND, EQ, 21-Jan-2020,28.0,28.0,28.4,27.3, 27.30,27.4,27.72,18446,5.11,119, 14583, 79.06
NAGAFERT, BE, 21-Jan-2020,5.85,6.0,6.05,5.6, 5.60,5.6,5.72,259630,14.86,372, -, -
NAGREEKCAP, EQ, 21-Jan-2020,7.8,7.95,7.95,7.9, 7.90,7.9,7.9,110,0.01,2, 110, 100.00
NAGREEKEXP, EQ, 21-Jan-2020,17.5,16.4,17.8,16.3, 17.00,17.6,17.05,12031,2.05,95, 4470, 37.15
NAHARCAP, EQ, 21-Jan-2020,78.9,76.75,80.8,75.1, 75.10,75.1,76.17,1025,0.78,30, 739, 72.10
NAHARINDUS, EQ, 21-Jan-2020,28.55,28.15,29.4,26.75, 27.50,27.6,27.61,12343,3.41,222, 8760, 70.97
NAHARPOLY, EQ, 21-Jan-2020,38.65,39.25,39.25,38.15, 39.00,39.0,38.88,4954,1.93,30, 4742, 95.72
NAHARSPING, EQ, 21-Jan-2020,50.65,50.0,50.0,47.8, 48.10,48.75,49.07,13768,6.76,145, 11653, 84.64
NATCOPHARM, EQ, 21-Jan-2020,640.0,640.0,649.4,634.75, 644.15,645.35,644.32,308012,1984.59,4962, 244752, 79.46
NATHBIOGEN, EQ, 21-Jan-2020,360.45,367.0,367.0,356.15, 358.00,360.0,360.83,80108,289.05,990, 76723, 95.77
NATIONALUM, EQ, 21-Jan-2020,46.15,45.95,46.5,45.05, 45.40,45.35,45.59,7764564,3539.86,12072, 2751011, 35.43
NAUKRI, EQ, 21-Jan-2020,2591.7,2600.0,2675.0,2525.05, 2545.00,2567.9,2614.05,272694,7128.36,29978, 105277, 38.61
NAVINFLUOR, EQ, 21-Jan-2020,1088.5,1089.9,1098.0,1070.5, 1087.00,1080.25,1081.85,67719,732.62,2245, 54730, 80.82
NAVKARCORP, EQ, 21-Jan-2020,32.85,32.5,33.0,31.6, 32.00,32.25,32.13,250233,80.39,895, 122436, 48.93
NAVNETEDUL, EQ, 21-Jan-2020,96.9,96.9,98.95,96.15, 98.50,98.4,97.95,71588,70.12,1056, 56694, 79.19
NBCC, EQ, 21-Jan-2020,37.6,37.75,38.35,36.6, 37.10,37.1,37.57,18335740,6888.0,27072, 2521007, 13.75
NBIFIN, EQ, 21-Jan-2020,1690.0,1700.0,1708.0,1700.0, 1700.00,1702.55,1701.51,37,0.63,5, 37, 100.00
NBVENTURES, EQ, 21-Jan-2020,86.1,86.05,93.3,85.05, 90.40,90.6,90.4,454396,410.8,4764, 173619, 38.21
NCC, EQ, 21-Jan-2020,58.2,57.95,58.75,56.8, 57.50,57.4,57.72,7231421,4174.11,17119, 779371, 10.78
NCLIND, EQ, 21-Jan-2020,94.7,94.25,97.45,94.1, 94.80,95.1,95.45,48624,46.41,1070, 27908, 57.40
NDGL, EQ, 21-Jan-2020,599.1,572.0,577.05,572.0, 577.00,577.0,574.73,22,0.13,4, 10, 45.45
NDL, EQ, 21-Jan-2020,32.75,32.45,34.45,32.0, 32.80,32.9,33.26,6137,2.04,245, 2527, 41.18
NDTV, EQ, 21-Jan-2020,27.35,27.35,27.9,27.05, 27.20,27.4,27.47,24328,6.68,136, 23283, 95.70
NECCLTD, EQ, 21-Jan-2020,5.8,5.6,6.25,5.6, 5.65,5.75,5.75,35806,2.06,110, 28742, 80.27
NECLIFE, EQ, 21-Jan-2020,14.65,14.8,15.15,14.4, 14.45,14.45,14.56,119294,17.37,421, 81188, 68.06
NELCAST, EQ, 21-Jan-2020,55.8,55.0,56.3,54.5, 56.00,55.75,55.42,73304,40.63,836, 31183, 42.54
NELCO, EQ, 21-Jan-2020,238.8,238.5,242.0,237.2, 239.05,239.05,239.72,23503,56.34,993, 13487, 57.38
NEOGEN, EQ, 21-Jan-2020,367.0,368.9,376.0,368.05, 376.00,373.9,372.07,5772,21.48,281, 4171, 72.26
NESCO, EQ, 21-Jan-2020,740.35,739.0,759.85,732.0, 751.00,752.0,749.25,103227,773.43,6099, 53324, 51.66
NESTLEIND, EQ, 21-Jan-2020,15417.25,15361.05,15501.6,15200.0, 15270.25,15280.75,15337.86,63258,9702.42,18689, 35411, 55.98
NETF, EQ, 21-Jan-2020,125.67,125.0,125.0,123.0, 123.00,123.0,124.34,157,0.2,7, 111, 70.70
NETFCONSUM, EQ, 21-Jan-2020,54.82,54.8,54.8,54.24, 54.61,54.61,54.31,577,0.31,13, 429, 74.35
NETFDIVOPP, EQ, 21-Jan-2020,30.01,29.79,29.79,29.45, 29.61,29.61,29.61,575,0.17,14, 572, 99.48
NETFLTGILT, EQ, 21-Jan-2020,20.26,20.26,20.26,20.2, 20.20,20.2,20.26,4339,0.88,34, 4277, 98.57
NETFMID150, EQ, 21-Jan-2020,66.38,66.36,66.47,65.95, 66.34,66.27,66.36,85652,56.83,90, 82240, 96.02
NETFNIF100, EQ, 21-Jan-2020,127.38,127.33,127.33,126.83, 126.83,126.83,126.93,6,0.01,3, 6, 100.00
NETFNV20, EQ, 21-Jan-2020,59.16,60.5,60.5,58.78, 59.01,59.06,59.16,734,0.43,34, 520, 70.84
NETWORK18, BE, 21-Jan-2020,26.85,26.5,28.15,26.35, 27.80,27.9,27.61,329446,90.95,401, -, -
NEULANDLAB, EQ, 21-Jan-2020,486.35,486.3,492.8,482.5, 483.80,483.9,486.94,9493,46.22,616, 4235, 44.61
NEWGEN, EQ, 21-Jan-2020,204.5,202.15,243.7,196.6, 236.20,239.3,232.96,494692,1152.43,14310, 61479, 12.43
NEXTMEDIA, EQ, 21-Jan-2020,8.9,8.8,9.2,8.7, 8.70,8.7,8.76,429,0.04,13, 399, 93.01
NFL, EQ, 21-Jan-2020,28.7,28.5,29.4,28.25, 28.85,28.8,28.9,444083,128.35,1488, 166939, 37.59
NH, EQ, 21-Jan-2020,364.2,362.9,367.7,355.0, 355.65,357.15,359.76,107497,386.73,4345, 43521, 40.49
NHAI, N1, 21-Jan-2020,1069.23,1068.0,1072.5,1068.0, 1072.50,1071.25,1071.03,3173,33.98,44, 2848, 89.76
NHAI, N2, 21-Jan-2020,1172.61,1174.0,1180.0,1171.0, 1180.00,1177.93,1174.17,7470,87.71,31, 6520, 87.28
NHAI, N4, 21-Jan-2020,1171.61,1172.5,1172.5,1172.5, 1172.50,1172.5,1172.5,5,0.06,1, 5, 100.00
NHAI, N6, 21-Jan-2020,1286.65,1290.99,1291.0,1286.51, 1287.15,1290.35,1290.36,1200,15.48,6, 1000, 83.33
NHAI, N8, 21-Jan-2020,1134.0,1120.0,1135.0,1120.0, 1128.50,1128.75,1122.71,555,6.23,12, 530, 95.50
NHAI, NA, 21-Jan-2020,1196.33,1195.05,1197.0,1192.0, 1196.01,1196.01,1196.22,2675,32.0,24, 2045, 76.45
NHAI, NC, 21-Jan-2020,1085.0,1100.0,1100.0,1074.11, 1074.11,1074.11,1085.37,23,0.25,2, 23, 100.00
NHAI, NE, 21-Jan-2020,1165.0,1164.9,1167.25,1164.01, 1167.00,1167.2,1164.85,1384,16.12,14, 1279, 92.41
NHBTF2014, N2, 21-Jan-2020,6450.0,5990.0,5990.0,5990.0, 5990.00,5990.0,5990.0,20,1.2,1, 20, 100.00
NHBTF2014, N5, 21-Jan-2020,6025.0,6030.0,6030.0,6030.0, 6030.00,6030.0,6030.0,75,4.52,5, 75, 100.00
NHBTF2014, N6, 21-Jan-2020,6590.0,6580.0,6596.0,6560.0, 6596.00,6568.3,6577.59,126,8.29,4, 126, 100.00
NHPC, EQ, 21-Jan-2020,27.05,26.8,26.8,25.65, 26.00,25.85,25.99,10549907,2741.93,11770, 5941954, 56.32
NHPC, N5, 21-Jan-2020,1290.55,1305.25,1325.0,1305.25, 1325.00,1325.0,1315.13,100,1.32,3, 100, 100.00
NHPC, N6, 21-Jan-2020,1380.0,1382.0,1384.84,1382.0, 1384.84,1384.84,1384.73,52,0.72,3, 50, 96.15
NIACL, EQ, 21-Jan-2020,158.35,157.0,168.35,156.1, 160.40,160.5,162.46,445828,724.28,7258, 118052, 26.48
NIBL, EQ, 21-Jan-2020,5.75,5.85,5.85,5.65, 5.70,5.7,5.78,1812,0.1,15, 1811, 99.94
NIFTYBEES, EQ, 21-Jan-2020,129.78,130.35,130.35,129.05, 129.28,129.27,129.38,458654,593.42,3082, 376433, 82.07
NIFTYEES, EQ, 21-Jan-2020,15502.0,15590.0,16015.83,15590.0, 15751.00,15751.0,15853.54,12,1.9,12, 5, 41.67
NIITLTD, EQ, 21-Jan-2020,101.1,101.0,102.65,98.3, 98.75,99.1,100.36,345633,346.89,5972, 142986, 41.37
NIITTECH, EQ, 21-Jan-2020,1781.2,1787.4,1818.0,1775.15, 1801.00,1801.65,1802.45,374093,6742.86,13009, 56054, 14.98
NILAINFRA, EQ, 21-Jan-2020,5.35,5.35,6.1,5.2, 5.35,5.3,5.64,2054486,115.8,1737, 421727, 20.53
NILASPACES, EQ, 21-Jan-2020,1.15,1.2,1.2,1.2, 1.20,1.2,1.2,149913,1.8,62, 129446, 86.35
NILKAMAL, EQ, 21-Jan-2020,1443.65,1453.95,1483.0,1409.45, 1454.20,1459.45,1456.25,23557,343.05,2713, 7532, 31.97
NIPPOBATRY, EQ, 21-Jan-2020,520.3,520.35,520.4,502.0, 505.55,508.65,510.41,3465,17.69,304, 2929, 84.53
NITCO, EQ, 21-Jan-2020,32.35,32.5,32.7,32.0, 32.15,32.15,32.23,15606,5.03,158, 10868, 69.64
NITINFIRE, BZ, 21-Jan-2020,0.4,0.4,0.4,0.35, 0.35,0.35,0.4,36279,0.14,32, -, -
NITINSPIN, EQ, 21-Jan-2020,57.1,56.9,56.9,54.0, 54.65,55.05,55.77,20647,11.51,411, 15488, 75.01
NKIND, EQ, 21-Jan-2020,21.4,20.5,22.45,20.4, 21.40,21.4,20.86,1768,0.37,35, 1567, 88.63
NLCINDIA, EQ, 21-Jan-2020,61.05,60.8,61.2,60.55, 60.80,61.0,60.96,391426,238.62,2729, 285714, 72.99
NMDC, EQ, 21-Jan-2020,138.8,138.0,138.4,133.8, 134.30,134.2,135.65,5849307,7934.72,21971, 1126546, 19.26
NOCIL, EQ, 21-Jan-2020,118.55,117.6,121.5,116.1, 121.10,120.95,119.05,1448488,1724.45,13245, 524474, 36.21
NOIDATOLL, EQ, 21-Jan-2020,3.65,3.75,3.8,3.5, 3.50,3.5,3.7,104529,3.87,86, 64637, 61.84
NPBET, EQ, 21-Jan-2020,174.87,172.7,174.22,172.5, 173.93,173.7,173.94,221,0.38,10, 219, 99.10
NRAIL, EQ, 21-Jan-2020,259.1,261.0,262.95,251.3, 257.00,255.4,257.12,8877,22.82,339, 5185, 58.41
NRBBEARING, EQ, 21-Jan-2020,106.35,106.3,106.9,104.1, 104.25,104.5,105.32,41503,43.71,566, 21707, 52.30
NSIL, EQ, 21-Jan-2020,757.1,755.0,760.25,735.0, 757.00,752.25,751.66,169,1.27,139, 22, 13.02
NTL, BE, 21-Jan-2020,0.35,0.35,0.4,0.3, 0.35,0.35,0.33,3359,0.01,8, -, -
NTPC, EQ, 21-Jan-2020,118.25,118.4,119.55,116.95, 117.50,117.15,118.34,5150830,6095.41,30246, 3125514, 60.68
NTPC, N4, 21-Jan-2020,1148.0,1142.0,1142.0,1142.0, 1142.00,1142.0,1142.0,25,0.29,2, 25, 100.00
NTPC, N6, 21-Jan-2020,1343.0,1316.3,1316.3,1316.3, 1316.30,1316.3,1316.3,68,0.9,1, 68, 100.00
NTPC, N7, 21-Jan-2020,13.88,13.88,13.91,13.82, 13.87,13.87,13.88,99254,13.78,96, 98854, 99.60
NUCLEUS, EQ, 21-Jan-2020,310.5,310.0,313.5,306.0, 306.15,308.4,309.01,12642,39.06,358, 9146, 72.35
NXTDIGITAL, EQ, 21-Jan-2020,385.3,385.0,395.0,385.0, 390.30,391.25,386.76,583,2.25,44, 528, 90.57
OAL, EQ, 21-Jan-2020,215.9,216.0,221.0,211.3, 211.30,212.5,216.41,7813,16.91,246, 5167, 66.13
OBEROIRLTY, EQ, 21-Jan-2020,543.4,540.0,552.7,537.0, 548.80,549.75,542.45,384251,2084.37,3398, 295458, 76.89
OCCL, EQ, 21-Jan-2020,1045.85,1044.85,1053.3,1042.0, 1042.00,1044.6,1045.82,1744,18.24,133, 1393, 79.87
OFSS, EQ, 21-Jan-2020,2919.2,2944.9,2974.9,2912.0, 2950.00,2949.6,2949.1,12687,374.15,2672, 3619, 28.53
OIL, EQ, 21-Jan-2020,149.55,149.45,149.55,145.1, 145.50,145.9,147.24,1489991,2193.87,10840, 691648, 46.42
OILCOUNTUB, BE, 21-Jan-2020,5.85,5.85,6.1,5.7, 5.85,5.95,5.95,20129,1.2,52, -, -
OISL, EQ, 21-Jan-2020,2.95,2.95,3.0,2.95, 3.00,3.0,3.0,7289,0.22,20, 7269, 99.73
OLECTRA, EQ, 21-Jan-2020,175.4,174.0,177.15,173.05, 175.50,174.75,175.15,34900,61.13,717, 16284, 46.66
OMAXAUTO, EQ, 21-Jan-2020,58.9,60.25,60.85,57.05, 59.50,58.95,59.61,26046,15.53,399, 13131, 50.41
OMAXE, EQ, 21-Jan-2020,155.4,155.8,155.95,155.0, 155.25,155.5,155.44,141204,219.48,439, 107198, 75.92
OMKARCHEM, EQ, 21-Jan-2020,4.75,4.65,4.85,4.6, 4.80,4.75,4.74,8127,0.38,61, 5145, 63.31
OMMETALS, EQ, 21-Jan-2020,25.15,25.65,25.65,24.2, 24.45,24.5,24.96,29160,7.28,193, 22213, 76.18
ONELIFECAP, EQ, 21-Jan-2020,8.1,8.0,8.0,8.0, 8.00,8.0,8.0,160,0.01,2, 160, 100.00
ONEPOINT, EQ, 21-Jan-2020,16.0,16.5,16.8,15.3, 16.80,16.8,16.53,26663,4.41,94, 12603, 47.27
ONGC, EQ, 21-Jan-2020,122.9,123.05,124.5,122.4, 122.80,122.75,123.33,6497799,8013.79,38709, 2823391, 43.45
ONMOBILE, EQ, 21-Jan-2020,31.05,31.8,31.8,30.35, 30.90,30.85,30.88,71665,22.13,547, 53641, 74.85
ONWARDTEC, EQ, 21-Jan-2020,65.6,65.6,66.0,65.6, 65.90,66.0,65.97,8921,5.88,47, 8115, 90.97
OPTIEMUS, EQ, 21-Jan-2020,32.65,33.05,33.05,31.05, 31.95,31.45,31.43,25228,7.93,260, 16770, 66.47
OPTOCIRCUI, EQ, 21-Jan-2020,2.85,2.85,2.9,2.8, 2.85,2.8,2.83,152512,4.31,152, 76514, 50.17
ORBTEXP, EQ, 21-Jan-2020,84.35,84.0,84.95,83.0, 84.60,83.4,83.74,3118,2.61,230, 1928, 61.83
ORICONENT, EQ, 21-Jan-2020,19.9,20.0,20.2,19.35, 19.75,19.5,19.78,34622,6.85,209, 25240, 72.90
ORIENTABRA, EQ, 21-Jan-2020,18.45,18.1,18.65,18.05, 18.25,18.4,18.22,14268,2.6,178, 8670, 60.77
ORIENTALTL, EQ, 21-Jan-2020,10.3,10.4,10.4,10.0, 10.05,10.05,10.19,182972,18.65,17, 182272, 99.62
ORIENTBANK, EQ, 21-Jan-2020,54.15,53.3,55.7,53.3, 54.80,54.95,55.04,1450787,798.51,6305, 391716, 27.00
ORIENTBELL, EQ, 21-Jan-2020,129.85,129.1,131.0,126.8, 127.55,128.1,128.24,12552,16.1,332, 7689, 61.26
ORIENTCEM, EQ, 21-Jan-2020,83.6,85.0,85.0,82.6, 83.60,84.0,83.52,58512,48.87,3398, 36176, 61.83
ORIENTELEC, EQ, 21-Jan-2020,210.15,209.8,212.0,208.05, 210.90,209.5,210.05,79745,167.5,2078, 52318, 65.61
ORIENTHOT, EQ, 21-Jan-2020,35.6,35.1,35.75,34.55, 34.65,34.7,34.92,20722,7.24,183, 10993, 53.05
ORIENTLTD, EQ, 21-Jan-2020,94.45,94.1,98.05,94.05, 96.95,96.95,96.62,76,0.07,23, 53, 69.74
ORIENTPPR, EQ, 21-Jan-2020,28.25,28.2,28.75,27.85, 28.40,28.35,28.24,408031,115.21,1540, 160193, 39.26
ORIENTREF, EQ, 21-Jan-2020,245.3,245.0,246.85,242.0, 245.00,245.55,244.87,12630,30.93,652, 9146, 72.41
ORISSAMINE, EQ, 21-Jan-2020,1441.05,1426.0,1470.0,1417.55, 1444.00,1446.8,1448.29,13998,202.73,1156, 5452, 38.95
ORTEL, BZ, 21-Jan-2020,0.55,0.55,0.55,0.5, 0.55,0.55,0.54,11350,0.06,9, -, -
ORTINLABSS, EQ, 21-Jan-2020,9.5,9.5,9.7,9.3, 9.55,9.4,9.5,4713,0.45,30, 4507, 95.63
OSWALAGRO, EQ, 21-Jan-2020,6.35,6.5,6.6,6.15, 6.50,6.4,6.44,6589,0.42,64, 4892, 74.24
PAEL, BE, 21-Jan-2020,3.25,3.4,3.4,3.1, 3.10,3.1,3.24,446,0.01,7, -, -
PAGEIND, EQ, 21-Jan-2020,25377.85,25377.85,25600.0,25160.6, 25260.00,25299.95,25394.66,79781,20260.11,8659, 61814, 77.48
PAISALO, EQ, 21-Jan-2020,410.35,407.95,413.0,407.95, 410.00,410.55,411.2,116660,479.7,1187, 6176, 5.29
PALASHSECU, BE, 21-Jan-2020,31.15,31.15,32.5,29.6, 30.25,30.25,30.12,831,0.25,10, -, -
PALREDTEC, EQ, 21-Jan-2020,18.1,18.0,18.7,17.65, 18.35,18.35,17.98,1852,0.33,86, 1291, 69.71
PANACEABIO, EQ, 21-Jan-2020,132.45,131.5,135.0,126.35, 128.00,129.15,132.99,27705,36.84,597, 16089, 58.07
PANACHE, EQ, 21-Jan-2020,69.7,70.1,70.1,67.0, 68.00,67.4,68.55,19043,13.05,84, 17462, 91.70
PANAMAPET, EQ, 21-Jan-2020,69.45,72.7,72.7,68.4, 69.00,68.9,69.38,5466,3.79,175, 3776, 69.08
PAPERPROD, EQ, 21-Jan-2020,260.4,260.9,262.05,257.5, 258.90,258.5,259.29,14422,37.4,472, 7912, 54.86
PARABDRUGS, BE, 21-Jan-2020,1.75,1.7,1.7,1.7, 1.70,1.7,1.7,9592,0.16,20, -, -
PARACABLES, EQ, 21-Jan-2020,8.1,8.25,8.25,7.6, 8.20,8.15,8.05,114319,9.2,176, 57553, 50.34
PARAGMILK, EQ, 21-Jan-2020,152.0,150.7,152.8,148.5, 149.70,150.05,150.91,122626,185.05,4071, 64492, 52.59
PARIN, SM, 21-Jan-2020,54.0,59.8,59.8,59.8, 59.80,59.8,59.8,2000,1.2,1, 2000, 100.00
PARSVNATH, BE, 21-Jan-2020,2.2,2.2,2.25,2.15, 2.20,2.15,2.16,140213,3.03,47, -, -
PATELENG, EQ, 21-Jan-2020,19.0,19.2,20.1,19.2, 19.70,19.6,19.75,307589,60.76,1409, 182772, 59.42
PATINTLOG, EQ, 21-Jan-2020,25.7,25.65,25.9,24.5, 24.90,24.65,24.92,10353,2.58,335, 8053, 77.78
PATSPINLTD, BE, 21-Jan-2020,5.4,5.15,5.15,5.15, 5.15,5.15,5.15,210,0.01,2, -, -
PCJEWELLER, EQ, 21-Jan-2020,22.95,23.2,23.25,22.65, 23.05,23.0,22.96,2787641,640.12,8371, 617694, 22.16
PDMJEPAPER, EQ, 21-Jan-2020,16.55,16.9,16.9,16.2, 16.75,16.75,16.64,23035,3.83,182, 11100, 48.19
PDPL, BE, 21-Jan-2020,3.1,2.95,3.1,2.95, 2.95,2.95,2.96,383,0.01,5, -, -
PDSMFL, EQ, 21-Jan-2020,320.95,325.0,332.85,315.0, 315.00,315.7,319.92,12998,41.58,296, 11222, 86.34
PEARLPOLY, BE, 21-Jan-2020,17.35,18.15,18.2,17.0, 17.00,17.0,17.87,10564,1.89,53, -, -
PEL, EQ, 21-Jan-2020,1586.2,1574.95,1617.0,1560.0, 1610.30,1611.25,1594.71,1504542,23993.09,44075, 121851, 8.10
PENIND, EQ, 21-Jan-2020,28.9,28.6,28.85,28.3, 28.45,28.6,28.56,168291,48.06,346, 140226, 83.32
PENINLAND, BE, 21-Jan-2020,5.9,6.0,6.05,5.7, 6.00,5.95,5.92,170260,10.07,181, -, -
PERSISTENT, EQ, 21-Jan-2020,702.25,695.15,727.0,695.05, 716.50,714.1,720.77,199359,1436.92,6080, 114104, 57.24
PETRONENGG, BE, 21-Jan-2020,8.45,8.45,8.45,8.35, 8.35,8.35,8.44,121,0.01,4, -, -
PETRONET, EQ, 21-Jan-2020,273.4,272.95,274.95,269.0, 273.55,274.1,272.68,1401384,3821.29,31979, 783569, 55.91
PFC, EQ, 21-Jan-2020,112.35,112.1,112.65,106.2, 106.20,106.65,109.27,13825454,15106.89,49064, 5015500, 36.28
PFC, N4, 21-Jan-2020,1063.0,1063.0,1063.0,1063.0, 1063.00,1063.0,1063.0,100,1.06,1, 100, 100.00
PFC, N8, 21-Jan-2020,1320.0,1324.5,1324.5,1320.75, 1320.75,1322.25,1323.27,160,2.12,12, 85, 53.13
PFIZER, EQ, 21-Jan-2020,4004.05,4024.8,4025.0,3986.4, 4009.00,4010.5,4007.75,8818,353.4,1558, 4712, 53.44
PFOCUS, EQ, 21-Jan-2020,43.0,42.5,43.65,42.45, 42.90,42.8,42.79,3349,1.43,87, 2722, 81.28
PFS, EQ, 21-Jan-2020,14.85,14.8,14.8,14.4, 14.45,14.5,14.59,728221,106.27,1431, 420090, 57.69
PGEL, EQ, 21-Jan-2020,80.1,79.7,83.9,78.25, 82.50,82.15,82.53,93404,77.09,1186, 60119, 64.36
PGHH, EQ, 21-Jan-2020,11308.5,11222.05,11300.0,11200.0, 11210.20,11250.1,11248.94,7450,838.05,2043, 6630, 88.99
PGHL, EQ, 21-Jan-2020,4327.5,4326.0,4370.0,4276.0, 4335.00,4320.0,4333.26,7739,335.35,1791, 3485, 45.03
PGIL, EQ, 21-Jan-2020,154.1,155.0,155.0,151.0, 151.00,151.0,151.79,2071,3.14,94, 1629, 78.66
PHILIPCARB, EQ, 21-Jan-2020,138.6,137.5,145.95,137.5, 144.40,144.2,142.8,2112751,3016.93,21146, 660407, 31.26
PHOENIXLTD, EQ, 21-Jan-2020,880.95,889.75,898.0,863.15, 885.00,895.65,887.73,21239,188.54,3218, 12697, 59.78
PIDILITIND, EQ, 21-Jan-2020,1440.4,1439.25,1440.0,1412.5, 1416.00,1414.75,1421.29,235201,3342.89,17207, 121764, 51.77
PIIND, EQ, 21-Jan-2020,1428.45,1422.0,1453.0,1417.9, 1439.00,1443.45,1431.54,245541,3515.01,4388, 224847, 91.57
PILANIINVS, EQ, 21-Jan-2020,1767.95,1799.0,1799.0,1742.95, 1750.00,1760.1,1767.39,2777,49.08,233, 382, 13.76
PILITA, EQ, 21-Jan-2020,5.25,5.15,5.3,4.85, 5.30,5.15,5.13,44134,2.26,58, 11721, 26.56
PIONDIST, EQ, 21-Jan-2020,119.4,121.0,122.25,118.5, 119.05,119.05,119.42,1433,1.71,53, 851, 59.39
PIONEEREMB, EQ, 21-Jan-2020,31.8,32.8,32.8,31.35, 31.45,31.95,32.15,4275,1.37,287, 2619, 61.26
PITTIENG, EQ, 21-Jan-2020,48.15,48.15,50.45,46.6, 47.50,47.9,49.11,234986,115.4,4745, 81594, 34.72
PLASTIBLEN, EQ, 21-Jan-2020,208.3,206.0,212.0,206.0, 206.00,207.0,209.34,15993,33.48,310, 9803, 61.30
PNB, EQ, 21-Jan-2020,61.6,61.55,62.3,61.25, 61.30,61.45,61.73,13678963,8444.48,26169, 2224531, 16.26
PNBGILTS, EQ, 21-Jan-2020,28.35,28.6,29.35,28.4, 28.75,28.75,28.78,195875,56.36,987, 82563, 42.15
PNBHOUSING, EQ, 21-Jan-2020,532.85,530.0,562.8,525.25, 554.25,551.25,550.67,2155343,11868.87,42661, 340385, 15.79
PNC, EQ, 21-Jan-2020,17.75,17.75,18.6,16.6, 16.80,16.8,17.24,14732,2.54,161, 12791, 86.82
PNCINFRA, EQ, 21-Jan-2020,196.55,195.0,196.0,193.1, 195.00,195.1,194.72,143579,279.57,4554, 76694, 53.42
PODDARHOUS, EQ, 21-Jan-2020,299.6,299.1,308.95,298.25, 298.25,298.75,302.95,519,1.57,17, 232, 44.70
PODDARMENT, EQ, 21-Jan-2020,181.45,184.4,184.4,180.0, 181.20,181.4,180.8,1753,3.17,157, 932, 53.17
POKARNA, EQ, 21-Jan-2020,94.7,94.65,96.25,94.65, 96.15,95.85,95.62,24960,23.87,239, 23131, 92.67
POLYCAB, EQ, 21-Jan-2020,1129.15,1133.6,1147.0,1067.1, 1084.00,1082.75,1118.8,528861,5916.89,18679, 280638, 53.06
POLYMED, EQ, 21-Jan-2020,259.0,262.0,265.0,260.45, 262.30,263.35,263.31,27363,72.05,928, 18466, 67.49
POLYPLEX, EQ, 21-Jan-2020,571.75,570.95,589.2,565.5, 583.00,582.75,581.15,51412,298.78,1821, 26974, 52.47
PONNIERODE, EQ, 21-Jan-2020,175.0,172.0,175.3,171.1, 174.65,175.1,172.58,2172,3.75,176, 1401, 64.50
POWERGRID, EQ, 21-Jan-2020,204.65,203.65,204.3,199.0, 201.05,200.6,201.51,9722202,19590.73,96666, 6044830, 62.18
POWERMECH, EQ, 21-Jan-2020,709.35,718.9,726.8,692.1, 716.00,716.8,715.28,29294,209.53,3124, 16574, 56.58
PPAP, EQ, 21-Jan-2020,196.9,205.0,211.5,198.3, 201.15,202.5,206.14,21231,43.76,851, 10899, 51.34
PPL, EQ, 21-Jan-2020,67.0,65.6,66.7,65.0, 65.00,65.35,65.84,183637,120.9,507, 175273, 95.45
PRABHAT, EQ, 21-Jan-2020,86.55,85.75,86.8,84.95, 86.80,85.9,85.46,18243,15.59,134, 12569, 68.90
PRADIP, BE, 21-Jan-2020,0.5,0.55,0.55,0.45, 0.50,0.5,0.47,1862,0.01,6, -, -
PRAENG, EQ, 21-Jan-2020,6.65,6.65,7.5,6.5, 6.75,7.0,6.95,34620,2.4,102, 22076, 63.77
PRAJIND, EQ, 21-Jan-2020,122.1,121.0,121.0,117.4, 118.85,118.95,119.44,952342,1137.51,9361, 250189, 26.27
PRAKASH, EQ, 21-Jan-2020,55.45,54.9,57.1,53.2, 53.80,53.6,55.16,914113,504.2,3860, 669152, 73.20
PRAXIS, EQ, 21-Jan-2020,72.0,75.6,75.6,72.55, 75.60,75.55,75.43,41084,30.99,216, 37390, 91.01
PRECAM, BE, 21-Jan-2020,40.4,40.4,40.4,39.3, 39.90,39.85,39.53,4219,1.67,26, -, -
PRECOT, EQ, 21-Jan-2020,26.4,26.2,26.95,25.0, 26.50,26.5,26.46,1325,0.35,15, 1323, 99.85
PRECWIRE, EQ, 21-Jan-2020,168.25,165.0,171.4,165.0, 166.00,166.2,167.66,1531,2.57,142, 972, 63.49
PREMEXPLN, EQ, 21-Jan-2020,152.85,152.9,155.2,149.1, 150.10,150.05,152.36,8544,13.02,306, 5521, 64.62
PREMIER, BE, 21-Jan-2020,2.2,2.1,2.3,2.1, 2.20,2.2,2.11,3053,0.06,15, -, -
PREMIERPOL, EQ, 21-Jan-2020,26.2,27.3,27.3,23.1, 24.45,24.2,24.79,54805,13.59,491, 28443, 51.90
PRESSMN, EQ, 21-Jan-2020,27.9,28.95,29.75,27.6, 28.05,28.1,28.57,18788,5.37,238, 14913, 79.38
PRESTIGE, EQ, 21-Jan-2020,414.95,416.8,417.5,380.0, 382.50,381.85,394.11,1699457,6697.69,62748, 523817, 30.82
PRICOLLTD, EQ, 21-Jan-2020,57.55,57.55,59.95,56.3, 59.45,59.1,58.55,422466,247.36,3233, 227266, 53.80
PRIMESECU, EQ, 21-Jan-2020,42.15,43.55,44.0,40.6, 41.85,42.0,42.2,2120,0.89,90, 1185, 55.90
PRINCEPIPE, EQ, 21-Jan-2020,166.3,169.0,172.8,168.05, 171.90,171.65,171.07,579708,991.69,6947, 238418, 41.13
PROZONINTU, EQ, 21-Jan-2020,19.3,19.15,20.25,19.15, 20.05,20.15,19.98,39878,7.97,272, 29576, 74.17
PRSMJOHNSN, EQ, 21-Jan-2020,68.4,68.05,68.9,66.5, 66.50,67.0,67.79,166307,112.73,1295, 105385, 63.37
PSB, EQ, 21-Jan-2020,20.8,21.3,21.3,20.5, 20.55,20.6,20.81,108518,22.58,744, 46585, 42.93
PSPPROJECT, EQ, 21-Jan-2020,534.35,538.0,545.0,528.05, 532.80,530.65,537.16,17519,94.1,698, 13162, 75.13
PSUBNKBEES, EQ, 21-Jan-2020,26.65,26.75,26.75,26.52, 26.67,26.65,26.68,16798,4.48,59, 15074, 89.74
PTC, EQ, 21-Jan-2020,60.95,60.9,60.95,59.5, 59.70,59.7,60.14,473758,284.92,3202, 276144, 58.29
PTL, EQ, 21-Jan-2020,37.8,37.6,37.9,37.6, 37.65,37.7,37.78,15254,5.76,38, 14909, 97.74
PUNJABCHEM, EQ, 21-Jan-2020,566.15,565.6,568.95,556.0, 565.00,565.0,564.45,1514,8.55,241, 943, 62.29
PUNJLLOYD, BZ, 21-Jan-2020,1.1,1.15,1.15,1.1, 1.15,1.15,1.13,89210,1.01,72, -, -
PURVA, EQ, 21-Jan-2020,63.2,63.0,63.4,61.4, 62.00,62.1,62.46,45562,28.46,449, 29616, 65.00
PUSHPREALM, SM, 21-Jan-2020,4.65,4.85,4.85,4.85, 4.85,4.85,4.85,2000,0.1,1, 2000, 100.00
PVR, EQ, 21-Jan-2020,1920.5,1923.0,1959.0,1920.35, 1940.00,1937.65,1945.64,679631,13223.17,29890, 179770, 26.45
QGOLDHALF, EQ, 21-Jan-2020,1750.8,1755.2,1763.0,1749.0, 1752.00,1751.9,1754.81,1836,32.22,219, 1040, 56.64
QUESS, EQ, 21-Jan-2020,566.4,564.0,580.0,557.35, 569.55,574.45,566.98,969460,5496.66,10261, 779200, 80.37
QUICKHEAL, EQ, 21-Jan-2020,136.45,135.8,143.0,134.25, 137.30,137.5,139.64,531954,742.81,9618, 120762, 22.70
RADICO, EQ, 21-Jan-2020,348.35,349.9,368.95,344.55, 364.70,363.5,360.86,846320,3054.05,16178, 288349, 34.07
RADIOCITY, EQ, 21-Jan-2020,26.7,26.95,27.4,26.4, 27.30,27.0,26.88,91798,24.67,697, 72993, 79.51
RAIN, EQ, 21-Jan-2020,120.2,118.7,122.7,118.05, 121.30,121.1,121.09,1625756,1968.56,13145, 432148, 26.58
RAJESHEXPO, EQ, 21-Jan-2020,709.4,711.5,718.9,707.05, 718.50,713.6,712.02,179698,1279.49,2897, 31463, 17.51
RAJRAYON, BZ, 21-Jan-2020,0.1,0.05,0.1,0.05, 0.10,0.1,0.06,143733,0.09,35, -, -
RAJSREESUG, EQ, 21-Jan-2020,21.05,21.45,23.9,21.45, 21.85,21.65,22.6,68170,15.41,731, 31398, 46.06
RAJTV, EQ, 21-Jan-2020,40.85,42.0,42.7,41.25, 41.25,41.7,41.64,251,0.1,9, 246, 98.01
RALLIS, EQ, 21-Jan-2020,228.2,226.1,235.9,225.35, 233.55,234.5,232.4,2082657,4840.19,32883, 629075, 30.21
RAMANEWS, EQ, 21-Jan-2020,15.55,15.35,15.95,15.3, 15.90,15.8,15.77,12285,1.94,139, 7377, 60.05
RAMASTEEL, EQ, 21-Jan-2020,45.15,44.5,45.75,44.3, 44.50,44.7,44.75,1412,0.63,54, 1011, 71.60
RAMCOCEM, EQ, 21-Jan-2020,819.25,815.0,830.85,814.25, 818.00,819.6,820.6,335449,2752.69,13152, 127349, 37.96
RAMCOIND, EQ, 21-Jan-2020,206.4,205.75,206.55,202.1, 202.10,202.65,204.69,36355,74.42,229, 33876, 93.18
RAMCOSYS, EQ, 21-Jan-2020,189.05,187.2,188.55,182.35, 183.05,184.55,185.42,65616,121.67,3383, 37839, 57.67
RAMKY, EQ, 21-Jan-2020,35.3,35.3,35.85,34.75, 35.60,35.5,35.27,30149,10.63,352, 21885, 72.59
RAMSARUP, BZ, 21-Jan-2020,0.35,0.4,0.4,0.4, 0.40,0.4,0.4,89,0.0,12, -, -
RANASUG, BE, 21-Jan-2020,4.45,4.5,4.65,4.25, 4.65,4.65,4.46,808066,36.03,661, -, -
RANEENGINE, BE, 21-Jan-2020,268.35,259.0,273.3,259.0, 270.00,268.6,263.95,906,2.39,38, -, -
RANEHOLDIN, EQ, 21-Jan-2020,825.4,815.0,830.05,801.1, 806.75,809.7,819.05,3555,29.12,410, 1655, 46.55
RATNAMANI, EQ, 21-Jan-2020,1199.4,1195.0,1239.5,1175.25, 1215.00,1208.4,1212.4,10722,129.99,1493, 4948, 46.15
RAYMOND, EQ, 21-Jan-2020,684.65,681.8,690.0,674.45, 680.50,679.65,682.99,378094,2582.33,10230, 60508, 16.00
RBL, EQ, 21-Jan-2020,642.0,642.9,649.0,630.15, 635.00,632.95,637.87,13265,84.61,1111, 4232, 31.90
RBLBANK, EQ, 21-Jan-2020,328.15,324.1,342.7,321.35, 342.10,341.3,336.49,15717772,52888.62,134911, 2053141, 13.06
RCF, EQ, 21-Jan-2020,52.65,52.45,53.95,52.0, 52.50,52.6,53.04,1767225,937.37,6810, 353701, 20.01
RCOM, BE, 21-Jan-2020,0.9,0.85,0.9,0.85, 0.90,0.85,0.85,7673270,65.6,2649, -, -
RECLTD, EQ, 21-Jan-2020,137.2,136.0,138.0,134.05, 134.30,134.4,135.57,3093908,4194.55,24692, 856611, 27.69
RECLTD, N1, 21-Jan-2020,1040.11,1045.0,1045.0,1040.0, 1040.05,1040.7,1041.69,517,5.39,19, 211, 40.81
RECLTD, N2, 21-Jan-2020,1114.0,1105.0,1106.0,1102.1, 1102.10,1103.07,1103.99,1050,11.59,20, 1000, 95.24
RECLTD, N8, 21-Jan-2020,1117.7,1081.2,1099.99,1081.2, 1099.99,1082.9,1082.91,275,2.98,2, 250, 90.91
REDINGTON, EQ, 21-Jan-2020,115.25,115.0,120.25,114.0, 117.60,117.2,117.91,380775,448.96,6583, 120083, 31.54
REFEX, EQ, 21-Jan-2020,52.75,52.5,55.0,52.1, 54.25,54.0,54.16,83749,45.36,717, 49896, 59.58
RELAXO, EQ, 21-Jan-2020,695.55,696.0,700.0,685.45, 691.00,691.0,694.22,113496,787.91,6416, 57005, 50.23
RELCAPITAL, EQ, 21-Jan-2020,10.4,9.9,10.25,9.9, 9.90,9.9,9.96,4872716,485.37,5330, 3678669, 75.50
RELIANCE, EQ, 21-Jan-2020,1532.35,1528.6,1545.85,1522.0, 1535.00,1533.9,1535.68,8650831,132848.92,233395, 3328773, 38.48
RELIGARE, EQ, 21-Jan-2020,46.45,46.0,48.0,46.0, 47.55,47.6,46.83,313236,146.68,971, 184426, 58.88
RELINFRA, EQ, 21-Jan-2020,20.2,19.2,20.15,19.2, 19.75,19.5,19.57,8824050,1726.5,19393, 3881538, 43.99
REMSONSIND, EQ, 21-Jan-2020,74.95,75.0,75.0,75.0, 75.00,75.0,75.0,13,0.01,13, 13, 100.00
RENUKA, EQ, 21-Jan-2020,8.6,8.5,8.8,8.4, 8.50,8.5,8.58,1004563,86.19,1065, 626953, 62.41
REPCOHOME, EQ, 21-Jan-2020,324.9,326.9,366.2,321.9, 343.30,346.95,351.88,1441230,5071.36,31014, 407561, 28.28
REPL, SM, 21-Jan-2020,39.5,40.0,40.4,40.0, 40.40,40.4,40.2,6000,2.41,2, 3000, 50.00
REPRO, EQ, 21-Jan-2020,606.9,605.05,649.0,605.05, 635.00,630.0,631.51,7613,48.08,847, 2365, 31.07
RESPONIND, EQ, 21-Jan-2020,92.9,92.95,93.3,91.2, 93.00,93.05,92.56,106778,98.84,611, 4248, 3.98
REVATHI, EQ, 21-Jan-2020,435.6,434.5,450.0,432.5, 446.00,446.8,440.05,820,3.61,82, 685, 83.54
RGL, EQ, 21-Jan-2020,390.35,393.95,393.95,375.25, 388.00,386.8,385.15,7983,30.75,300, 5674, 71.08
RHFL, EQ, 21-Jan-2020,1.9,1.85,1.85,1.85, 1.85,1.85,1.85,221456,4.1,371, 221456, 100.00
RHFL, N6, 21-Jan-2020,264.0,250.05,264.99,250.0, 250.00,250.0,258.16,1010,2.61,9, 910, 90.10
RHFL, N8, 21-Jan-2020,223.0,205.0,205.0,205.0, 205.00,205.0,205.0,1,0.0,1, 1, 100.00
RICOAUTO, EQ, 21-Jan-2020,46.65,46.3,47.3,46.1, 47.20,46.8,46.66,416597,194.4,2123, 102895, 24.70
RIIL, EQ, 21-Jan-2020,424.4,419.0,428.5,415.55, 416.70,418.0,421.11,364567,1535.24,9991, 75398, 20.68
RITES, EQ, 21-Jan-2020,317.8,317.0,319.0,312.0, 312.90,312.85,314.87,280906,884.48,6190, 135449, 48.22
RKDL, EQ, 21-Jan-2020,5.25,5.25,5.45,5.25, 5.45,5.45,5.36,3022,0.16,19, 2272, 75.18
RKEC, SM, 21-Jan-2020,59.75,57.8,58.0,56.1, 56.10,56.1,57.3,3000,1.72,3, 3000, 100.00
RKFORGE, EQ, 21-Jan-2020,392.25,392.3,403.2,381.65, 387.60,389.15,391.2,7116,27.84,486, 3271, 45.97
RMCL, BE, 21-Jan-2020,6.15,5.9,6.4,5.9, 6.20,6.15,6.18,49252,3.05,77, -, -
RMDRIP, SM, 21-Jan-2020,20.2,21.2,21.2,21.2, 21.20,21.2,21.2,2000,0.42,1, 2000, 100.00
RML, EQ, 21-Jan-2020,318.65,317.5,324.7,307.0, 309.20,310.8,313.83,93300,292.8,2830, 20091, 21.53
RNAM, EQ, 21-Jan-2020,339.95,340.05,343.95,337.85, 338.80,338.85,340.76,630169,2147.36,18547, 283073, 44.92
RNAVAL, BE, 21-Jan-2020,2.85,2.75,2.75,2.75, 2.75,2.75,2.75,255502,7.03,311, -, -
ROHITFERRO, BE, 21-Jan-2020,0.5,0.5,0.5,0.45, 0.50,0.5,0.45,6549,0.03,13, -, -
ROHLTD, EQ, 21-Jan-2020,84.05,85.0,87.0,83.0, 86.15,86.2,85.6,191021,163.51,1913, 86639, 45.36
ROLLT, EQ, 21-Jan-2020,1.75,1.8,1.8,1.7, 1.70,1.7,1.77,10470,0.19,24, 8015, 76.55
ROLTA, BE, 21-Jan-2020,4.1,4.25,4.3,4.0, 4.30,4.25,4.18,61213,2.56,172, -, -
ROSSELLIND, BE, 21-Jan-2020,77.45,74.45,78.95,74.45, 76.25,76.25,75.92,3070,2.33,23, -, -
RPGLIFE, EQ, 21-Jan-2020,337.9,337.9,346.0,335.5, 338.00,338.0,340.96,103398,352.54,3906, 26614, 25.74
RPOWER, EQ, 21-Jan-2020,2.3,2.2,2.2,2.2, 2.20,2.2,2.2,2528966,55.64,1921, 2528965, 100.00
RPPINFRA, EQ, 21-Jan-2020,68.65,68.65,71.0,68.15, 68.50,68.5,68.96,8898,6.14,83, 5361, 60.25
RPPL, SM, 21-Jan-2020,96.0,95.6,95.6,95.6, 95.60,95.6,95.6,4000,3.82,2, 2000, 50.00
RSSOFTWARE, EQ, 21-Jan-2020,24.0,23.6,24.2,23.05, 23.50,23.65,23.66,14171,3.35,126, 12518, 88.34
RSWM, EQ, 21-Jan-2020,100.2,100.05,102.9,99.1, 101.15,101.3,101.02,11782,11.9,395, 7860, 66.71
RSYSTEMS, EQ, 21-Jan-2020,69.85,69.35,74.4,69.0, 69.80,69.55,70.9,32814,23.27,631, 19891, 60.62
RTNINFRA, BE, 21-Jan-2020,2.25,2.25,2.35,2.2, 2.20,2.35,2.29,230110,5.27,49, -, -
RTNPOWER, EQ, 21-Jan-2020,1.95,1.95,2.0,1.9, 2.00,2.0,1.94,496137,9.64,178, 371488, 74.88
RUBYMILLS, EQ, 21-Jan-2020,234.25,238.0,242.7,222.55, 222.55,222.55,230.3,3834,8.83,204, 2294, 59.83
RUCHINFRA, BE, 21-Jan-2020,2.95,3.05,3.05,3.05, 3.05,3.05,3.05,18178,0.55,20, -, -
RUCHIRA, EQ, 21-Jan-2020,86.55,86.0,89.0,85.55, 86.50,86.7,86.81,37642,32.68,703, 15421, 40.97
RUPA, EQ, 21-Jan-2020,237.6,236.45,239.1,230.05, 230.05,232.15,234.72,34430,80.81,1047, 13951, 40.52
RUSHIL, EQ, 21-Jan-2020,146.9,147.0,154.2,147.0, 151.75,150.7,152.29,18070,27.52,736, 8823, 48.83
RVNL, EQ, 21-Jan-2020,25.05,25.0,25.2,24.4, 24.60,24.65,24.71,3180114,785.74,11967, 1551004, 48.77
SABTN, EQ, 21-Jan-2020,1.35,1.35,1.35,1.3, 1.30,1.3,1.32,8702,0.11,34, 8326, 95.68
SADBHAV, EQ, 21-Jan-2020,138.75,136.4,138.15,132.65, 134.50,133.7,134.86,203396,274.3,5024, 94388, 46.41
SADBHIN, EQ, 21-Jan-2020,41.65,41.5,42.75,40.4, 41.00,41.05,41.48,584159,242.3,2197, 342752, 58.67
SAFARI, EQ, 21-Jan-2020,621.05,629.0,629.95,621.0, 626.00,626.8,626.02,5732,35.88,263, 3122, 54.47
SAGARDEEP, BE, 21-Jan-2020,61.55,61.5,63.0,61.45, 63.00,62.2,62.1,2042,1.27,8, -, -
SAGCEM, EQ, 21-Jan-2020,554.0,545.2,559.45,545.0, 545.00,546.5,550.8,1177,6.48,160, 614, 52.17
SAIL, EQ, 21-Jan-2020,50.75,50.4,51.2,49.65, 49.65,49.8,50.28,24173709,12153.63,33469, 2955271, 12.23
SAKAR, BE, 21-Jan-2020,66.65,66.9,66.9,65.9, 65.90,65.9,66.43,5800,3.85,25, -, -
SAKHTISUG, EQ, 21-Jan-2020,10.25,9.85,10.45,9.85, 10.15,10.2,10.23,33803,3.46,212, 18768, 55.52
SAKSOFT, EQ, 21-Jan-2020,242.85,241.0,243.15,235.1, 236.10,236.6,238.6,4412,10.53,115, 3511, 79.58
SAKUMA, EQ, 21-Jan-2020,6.55,6.55,6.6,6.45, 6.50,6.5,6.5,65796,4.28,1111, 55801, 84.81
SALASAR, EQ, 21-Jan-2020,114.05,113.9,115.95,108.3, 109.75,109.8,111.27,18043,20.08,656, 12822, 71.06
SALONA, EQ, 21-Jan-2020,76.8,76.0,76.0,71.0, 72.95,72.05,72.69,3853,2.8,166, 2221, 57.64
SALSTEEL, EQ, 21-Jan-2020,2.95,3.05,3.05,2.85, 3.05,3.05,2.97,27367,0.81,67, 18541, 67.75
SALZERELEC, EQ, 21-Jan-2020,121.65,121.0,123.4,119.4, 122.80,121.9,122.09,9331,11.39,315, 7442, 79.76
SAMBHAAV, EQ, 21-Jan-2020,2.45,2.5,2.5,2.35, 2.45,2.35,2.42,2510,0.06,30, 1485, 59.16
SANCO, EQ, 21-Jan-2020,13.25,13.0,13.65,12.4, 13.50,13.45,13.16,138381,18.21,223, 99834, 72.14
SANDESH, EQ, 21-Jan-2020,638.45,642.55,656.85,631.0, 635.00,634.65,641.21,258,1.65,57, 169, 65.50
SANDHAR, EQ, 21-Jan-2020,282.05,281.1,284.0,273.6, 284.00,280.0,278.75,7509,20.93,662, 4822, 64.22
SANGAMIND, BE, 21-Jan-2020,60.25,61.45,61.45,58.1, 59.75,59.75,59.18,1830,1.08,19, -, -
SANGHIIND, EQ, 21-Jan-2020,40.6,40.5,40.7,39.6, 40.10,40.2,40.05,41516,16.63,369, 31014, 74.70
SANGHVIFOR, EQ, 21-Jan-2020,20.4,20.0,20.95,19.4, 20.55,20.5,19.66,14903,2.93,268, 11762, 78.92
SANGHVIMOV, EQ, 21-Jan-2020,96.2,98.9,98.9,96.0, 96.00,96.15,96.62,21215,20.5,157, 19960, 94.08
SANGINITA, BE, 21-Jan-2020,163.85,165.0,167.5,164.15, 167.50,167.3,166.24,63434,105.45,689, -, -
SANOFI, EQ, 21-Jan-2020,6659.25,6687.5,6720.0,6635.0, 6700.00,6661.3,6653.71,35950,2392.01,1744, 28895, 80.38
SANWARIA, EQ, 21-Jan-2020,1.75,1.7,1.75,1.7, 1.70,1.7,1.7,1782269,30.34,657, 1000282, 56.12
SARDAEN, EQ, 21-Jan-2020,253.7,250.25,256.85,245.8, 247.30,247.15,250.82,41565,104.25,1236, 21061, 50.67
SAREGAMA, EQ, 21-Jan-2020,440.1,431.0,440.0,431.0, 435.20,435.85,436.7,5444,23.77,356, 2742, 50.37
SARLAPOLY, EQ, 21-Jan-2020,26.7,27.25,27.45,26.1, 26.15,26.4,26.8,344992,92.46,2477, 227853, 66.05
SARVESHWAR, SM, 21-Jan-2020,15.8,16.35,16.55,15.75, 16.00,16.0,16.03,32000,5.13,10, 32000, 100.00
SASKEN, EQ, 21-Jan-2020,615.35,620.25,634.45,616.05, 629.00,629.65,628.68,36163,227.35,1451, 12862, 35.57
SASTASUNDR, EQ, 21-Jan-2020,73.25,75.0,75.8,73.65, 75.45,74.85,74.73,1385,1.03,151, 650, 46.93
SATIA, EQ, 21-Jan-2020,86.7,87.1,87.95,85.8, 86.50,86.5,86.41,21177,18.3,171, 3683, 17.39
SATIN, EQ, 21-Jan-2020,235.8,234.0,242.0,230.05, 234.95,234.55,236.82,159309,377.27,3512, 87578, 54.97
SBIETFQLTY, EQ, 21-Jan-2020,101.92,103.0,103.0,101.25, 101.48,101.49,101.75,550,0.56,37, 502, 91.27
SBILIFE, EQ, 21-Jan-2020,981.5,980.0,987.0,970.2, 972.75,972.75,974.27,355550,3464.02,35107, 234617, 65.99
SBIN, EQ, 21-Jan-2020,314.0,313.8,316.95,312.0, 313.90,313.7,314.33,30591772,96158.57,195704, 8007764, 26.18
SBIN, N2, 21-Jan-2020,11143.0,11249.99,11249.99,11200.0, 11239.00,11230.0,11233.13,51,5.73,8, 51, 100.00
SBIN, N5, 21-Jan-2020,11345.94,11345.0,11359.5,11345.0, 11353.50,11353.59,11353.65,567,64.38,69, 552, 97.35
SBIN, N6, 21-Jan-2020,11077.83,11150.0,11150.0,11080.0, 11082.01,11084.63,11101.12,192,21.31,13, 192, 100.00
SCAPDVR, EQ, 21-Jan-2020,0.2,0.2,0.2,0.15, 0.20,0.2,0.18,104211,0.19,49, 38342, 36.79
SCHAEFFLER, EQ, 21-Jan-2020,4511.0,4480.0,4643.95,4454.05, 4639.00,4634.55,4590.74,2178,99.99,792, 1177, 54.04
SCHAND, BE, 21-Jan-2020,90.6,91.2,94.9,90.0, 90.85,90.45,91.22,3826,3.49,42, -, -
SCHNEIDER, EQ, 21-Jan-2020,82.35,84.4,84.4,81.0, 81.90,81.25,82.1,63867,52.43,889, 32535, 50.94
SCI, EQ, 21-Jan-2020,61.35,61.1,61.25,59.8, 59.95,60.1,60.58,863943,523.36,7383, 265898, 30.78
SDBL, BE, 21-Jan-2020,106.25,107.9,107.9,104.0, 106.80,106.65,105.71,5533,5.85,118, -, -
SEAMECLTD, EQ, 21-Jan-2020,473.8,473.3,474.9,465.0, 468.15,473.2,470.55,3123,14.7,136, 2264, 72.49
SECURCRED, SM, 21-Jan-2020,22.95,22.5,22.5,21.9, 21.90,21.9,22.11,2400,0.53,4, 2400, 100.00
SELAN, EQ, 21-Jan-2020,159.95,158.0,159.9,155.1, 156.00,156.4,157.91,26849,42.4,522, 16051, 59.78
SELMCL, BE, 21-Jan-2020,0.75,0.8,0.8,0.7, 0.75,0.75,0.75,59222,0.44,29, -, -
SEPOWER, EQ, 21-Jan-2020,2.4,2.55,2.55,2.25, 2.35,2.35,2.32,56423,1.31,57, 30835, 54.65
SEQUENT, EQ, 21-Jan-2020,84.2,84.0,85.0,82.5, 83.50,83.65,84.03,332679,279.54,1561, 100601, 30.24
SESHAPAPER, EQ, 21-Jan-2020,172.75,173.6,175.7,170.65, 174.95,174.45,173.33,29053,50.36,713, 12862, 44.27
SETCO, EQ, 21-Jan-2020,15.15,14.8,15.2,14.8, 15.05,15.0,15.03,49118,7.38,210, 27390, 55.76
SETF10GILT, EQ, 21-Jan-2020,183.63,188.5,189.99,183.01, 189.89,189.94,187.96,20,0.04,6, 10, 50.00
SETFGOLD, EQ, 21-Jan-2020,3608.85,3608.0,3627.45,3602.6, 3607.00,3607.4,3618.93,2627,95.07,1215, 1984, 75.52
SETFNIF50, EQ, 21-Jan-2020,126.21,127.45,127.45,125.25, 125.72,125.75,125.8,160022,201.31,1357, 155016, 96.87
SETFNIFBK, EQ, 21-Jan-2020,315.43,321.7,321.7,313.0, 314.20,314.19,314.41,25031,78.7,687, 18412, 73.56
SETFNN50, EQ, 21-Jan-2020,296.83,292.96,296.88,292.95, 294.01,295.03,295.76,4814,14.24,109, 4728, 98.21
SETUINFRA, EQ, 21-Jan-2020,1.0,0.95,1.05,0.95, 0.95,0.95,0.96,223948,2.15,90, 172524, 77.04
SEYAIND, EQ, 21-Jan-2020,110.75,110.7,112.05,108.25, 110.50,110.55,110.7,7030,7.78,253, 5461, 77.68
SFL, EQ, 21-Jan-2020,1396.1,1407.0,1420.0,1376.05, 1418.70,1411.25,1393.54,5068,70.62,696, 2992, 59.04
SGBAUG24, GB, 21-Jan-2020,3802.0,3825.0,3844.95,3806.5, 3830.00,3832.14,3833.18,276,10.58,47, 251, 90.94
SGBAUG27, GB, 21-Jan-2020,3810.0,3825.0,3825.0,3810.0, 3810.00,3814.43,3814.62,105,4.01,7, 105, 100.00
SGBDC27VII, GB, 21-Jan-2020,3880.0,3792.8,3800.01,3792.8, 3800.00,3800.0,3798.1,6,0.23,5, 4, 66.67
SGBDEC26, GB, 21-Jan-2020,3740.0,3745.0,3745.0,3745.0, 3745.00,3745.0,3745.0,5,0.19,1, 5, 100.00
SGBFEB24, GB, 21-Jan-2020,3815.6,3820.0,3825.0,3812.25, 3825.00,3825.0,3819.81,54,2.06,5, 52, 96.30
SGBJAN27, GB, 21-Jan-2020,3700.0,3790.0,3790.0,3790.0, 3790.00,3790.0,3790.0,20,0.76,1, 20, 100.00
SGBJUL25, GB, 21-Jan-2020,3784.26,3800.0,3820.0,3763.1, 3800.00,3767.95,3791.26,148,5.61,22, 138, 93.24
SGBJUL27, GB, 21-Jan-2020,3800.0,3751.0,3751.0,3751.0, 3751.00,3751.0,3751.0,10,0.38,1, 10, 100.00
SGBJUN27, GB, 21-Jan-2020,3946.0,3723.0,3789.99,3723.0, 3779.99,3777.08,3751.74,63,2.36,4, 33, 52.38
SGBMAR24, GB, 21-Jan-2020,3815.0,3800.0,3820.0,3800.0, 3820.00,3820.0,3815.56,9,0.34,3, 9, 100.00
SGBMAR25, GB, 21-Jan-2020,3751.0,3774.0,3780.0,3770.5, 3780.00,3780.0,3779.07,57,2.15,8, 56, 98.25
SGBMAY25, GB, 21-Jan-2020,3756.0,3762.0,3765.0,3750.0, 3750.00,3750.0,3754.09,193,7.25,19, 192, 99.48
SGBMAY26, GB, 21-Jan-2020,3745.0,3747.0,3777.0,3747.0, 3777.00,3777.0,3761.09,22,0.83,6, 22, 100.00
SGBNOV23, GB, 21-Jan-2020,3860.0,3865.0,3865.0,3802.0, 3802.00,3820.5,3847.38,141,5.42,24, 134, 95.04
SGBNOV24, GB, 21-Jan-2020,3797.0,3800.0,3830.0,3780.0, 3824.00,3824.0,3824.68,609,23.29,51, 583, 95.73
SGBNOV26, GB, 21-Jan-2020,3785.0,3730.0,3755.0,3730.0, 3755.00,3755.0,3742.5,2,0.07,2, 1, 50.00
SGBOCT25, GB, 21-Jan-2020,3925.0,3925.0,3925.0,3775.0, 3775.00,3775.0,3778.95,38,1.44,4, 37, 97.37
SGBOCT25IV, GB, 21-Jan-2020,3782.66,3751.0,3762.0,3751.0, 3762.00,3762.0,3761.58,26,0.98,2, 26, 100.00
SGBOCT26, GB, 21-Jan-2020,3762.0,3788.0,3788.0,3788.0, 3788.00,3788.0,3788.0,2,0.08,2, 2, 100.00
SGBOCT27, GB, 21-Jan-2020,3807.27,3773.0,3830.0,3700.0, 3830.00,3830.0,3778.35,34,1.28,9, 25, 73.53
SGBOCT27VI, GB, 21-Jan-2020,3785.0,3785.0,3835.0,3785.0, 3835.00,3835.0,3807.83,69,2.63,14, 69, 100.00
SGBSEP24, GB, 21-Jan-2020,3791.0,3800.0,3816.0,3790.0, 3816.00,3816.0,3802.87,70,2.66,23, 59, 84.29
SGL, EQ, 21-Jan-2020,7.15,7.15,7.5,6.9, 7.05,7.35,7.17,6953,0.5,36, 5250, 75.51
SHAHALLOYS, EQ, 21-Jan-2020,8.65,8.9,8.9,8.25, 8.85,8.8,8.45,245,0.02,10, 115, 46.94
SHAKTIPUMP, EQ, 21-Jan-2020,256.75,254.9,255.65,248.0, 249.00,249.15,251.28,77108,193.76,3406, 32568, 42.24
SHALBY, EQ, 21-Jan-2020,100.85,101.9,101.9,97.95, 99.80,99.2,99.44,70625,70.23,1014, 34014, 48.16
SHALPAINTS, EQ, 21-Jan-2020,89.75,89.0,90.0,86.6, 87.40,87.7,87.67,34844,30.55,676, 22789, 65.40
SHANKARA, EQ, 21-Jan-2020,395.7,394.8,406.95,385.15, 387.00,387.35,393.26,62033,243.95,2395, 31423, 50.66
SHANTIGEAR, EQ, 21-Jan-2020,103.65,103.05,105.0,102.35, 102.35,102.6,103.24,4872,5.03,133, 4145, 85.08
SHARDACROP, EQ, 21-Jan-2020,281.05,283.1,300.0,275.05, 293.00,291.1,293.35,51626,151.44,2528, 24152, 46.78
SHARDAMOTR, EQ, 21-Jan-2020,1033.3,1015.0,1039.9,1005.8, 1038.00,1033.25,1026.72,4485,46.05,425, 2880, 64.21
SHARIABEES, EQ, 21-Jan-2020,262.74,262.01,262.04,262.01, 262.04,262.04,262.01,31,0.08,2, 31, 100.00
SHEMAROO, EQ, 21-Jan-2020,166.35,173.4,173.95,167.1, 171.50,171.6,170.46,7115,12.13,424, 4621, 64.95
SHIL, EQ, 21-Jan-2020,170.55,170.5,174.0,165.0, 172.00,171.75,169.98,38369,65.22,424, 31579, 82.30
SHILPAMED, EQ, 21-Jan-2020,269.55,269.3,272.3,264.75, 265.00,267.0,268.42,10039,26.95,407, 8635, 86.01
SHIRPUR-G, BE, 21-Jan-2020,13.0,13.65,13.65,12.35, 13.65,13.65,13.44,33963,4.56,138, -, -
SHIVAMAUTO, EQ, 21-Jan-2020,24.35,23.85,24.75,23.65, 24.60,24.4,24.22,70967,17.18,722, 24782, 34.92
SHIVAMILLS, EQ, 21-Jan-2020,37.95,37.35,37.7,34.0, 35.45,35.75,35.25,30054,10.6,378, 17040, 56.70
SHIVATEX, EQ, 21-Jan-2020,103.7,108.5,108.5,96.4, 98.40,98.0,100.45,4582,4.6,242, 3244, 70.80
SHK, EQ, 21-Jan-2020,116.0,116.5,116.65,113.0, 114.65,114.5,114.87,17018,19.55,405, 11203, 65.83
SHOPERSTOP, EQ, 21-Jan-2020,413.15,409.05,447.5,403.0, 427.50,426.5,423.14,378084,1599.84,7316, 202173, 53.47
SHREDIGCEM, EQ, 21-Jan-2020,27.85,27.55,27.9,27.25, 27.60,27.6,27.61,132322,36.53,539, 115847, 87.55
SHREECEM, EQ, 21-Jan-2020,23133.1,23160.1,23398.7,22831.55, 22901.15,22953.5,23040.46,29652,6831.96,6831, 17519, 59.08
SHREEPUSHK, EQ, 21-Jan-2020,117.85,117.95,119.1,112.4, 113.05,113.7,115.81,23573,27.3,645, 16472, 69.88
SHREERAMA, EQ, 21-Jan-2020,4.9,4.85,5.05,4.8, 4.90,4.85,4.84,7805,0.38,176, 7710, 98.78
SHRENIK, EQ, 21-Jan-2020,40.8,41.6,41.8,37.65, 39.75,39.35,39.66,146127,57.95,638, 56104, 38.39
SHREYANIND, EQ, 21-Jan-2020,122.9,122.5,124.95,120.65, 121.35,122.25,121.83,10046,12.24,281, 6068, 60.40
SHREYAS, EQ, 21-Jan-2020,100.9,100.05,104.95,97.1, 102.35,101.9,101.91,44935,45.79,812, 18966, 42.21
SHRIPISTON, BE, 21-Jan-2020,724.95,702.0,723.0,698.0, 713.00,701.45,703.31,325,2.29,23, -, -
SHRIRAMCIT, EQ, 21-Jan-2020,1376.45,1395.0,1395.0,1361.25, 1386.00,1378.4,1375.46,956,13.15,243, 766, 80.13
SHRIRAMEPC, EQ, 21-Jan-2020,4.25,4.2,4.3,4.15, 4.30,4.3,4.24,85655,3.63,105, 69163, 80.75
SHUBHLAXMI, SM, 21-Jan-2020,48.4,50.1,50.2,49.0, 50.20,49.6,49.8,4000,1.99,4, 1000, 25.00
SHYAMCENT, EQ, 21-Jan-2020,4.25,4.25,4.45,4.25, 4.40,4.4,4.38,114850,5.03,173, 84923, 73.94
SICAGEN, EQ, 21-Jan-2020,18.05,18.25,18.5,17.5, 18.20,18.05,18.07,13678,2.47,79, 10567, 77.26
SICAL, EQ, 21-Jan-2020,14.3,14.5,14.5,13.6, 13.60,13.6,13.69,110256,15.1,244, 87004, 78.91
SIEMENS, EQ, 21-Jan-2020,1591.75,1591.7,1611.0,1575.1, 1578.25,1583.1,1595.48,581928,9284.53,25907, 60287, 10.36
SIGIND, EQ, 21-Jan-2020,21.85,21.55,22.7,21.5, 21.55,21.7,21.63,2291,0.5,90, 1442, 62.94
SIL, BE, 21-Jan-2020,13.25,13.25,13.5,12.6, 13.50,13.5,13.02,495,0.06,6, -, -
SILINV, EQ, 21-Jan-2020,160.4,163.4,163.4,155.85, 160.00,160.0,159.7,1384,2.21,94, 964, 69.65
SILVERTUC, SM, 21-Jan-2020,114.5,118.0,118.0,115.0, 115.00,115.0,117.0,3000,3.51,3, 3000, 100.00
SIMBHALS, EQ, 21-Jan-2020,8.0,7.8,8.2,7.8, 7.95,7.95,7.97,84710,6.75,97, 80537, 95.07
SIMPLEXINF, EQ, 21-Jan-2020,58.15,55.25,58.0,55.25, 55.25,55.25,55.47,664557,368.64,1903, 477503, 71.85
SINTERCOM, SM, 21-Jan-2020,78.5,79.0,79.0,79.0, 79.00,79.0,79.0,2000,1.58,1, 2000, 100.00
SINTEX, BE, 21-Jan-2020,0.85,0.85,0.9,0.8, 0.90,0.9,0.83,1811766,15.04,685, -, -
SIRCA, BE, 21-Jan-2020,227.95,228.0,233.95,224.05, 230.75,229.05,226.83,7863,17.84,77, -, -
SIS, EQ, 21-Jan-2020,505.0,505.0,510.0,492.6, 501.80,503.9,504.09,13182,66.45,810, 8178, 62.04
SITINET, BE, 21-Jan-2020,1.7,1.65,1.75,1.65, 1.65,1.65,1.68,271616,4.55,133, -, -
SIYSIL, EQ, 21-Jan-2020,268.1,265.15,274.9,252.2, 254.00,254.35,258.24,12525,32.34,594, 8044, 64.22
SJVN, EQ, 21-Jan-2020,27.05,27.05,27.2,26.2, 26.65,26.7,26.7,1177597,314.43,4604, 630234, 53.52
SKFINDIA, EQ, 21-Jan-2020,2180.05,2200.75,2207.3,2170.0, 2181.00,2182.1,2184.0,1262,27.56,348, 570, 45.17
SKIL, BE, 21-Jan-2020,4.8,5.0,5.0,4.6, 5.00,5.0,4.8,10100,0.49,11, -, -
SKIPPER, EQ, 21-Jan-2020,50.65,50.15,51.0,49.3, 49.40,49.85,50.1,87469,43.82,736, 73992, 84.59
SKMEGGPROD, EQ, 21-Jan-2020,36.65,36.35,36.9,36.25, 36.65,36.4,36.5,19241,7.02,202, 10734, 55.79
SKSTEXTILE, SM, 21-Jan-2020,39.0,38.0,38.0,38.0, 38.00,38.0,38.0,1000,0.38,1, 1000, 100.00
SMARTLINK, EQ, 21-Jan-2020,84.4,84.4,87.6,82.35, 84.00,83.2,83.73,9713,8.13,310, 2728, 28.09
SMLISUZU, EQ, 21-Jan-2020,598.6,592.25,604.45,592.25, 596.35,595.45,597.79,26347,157.5,1354, 6629, 25.16
SMPL, BZ, 21-Jan-2020,0.15,0.1,0.2,0.1, 0.20,0.15,0.17,15752,0.03,10, -, -
SMSLIFE, EQ, 21-Jan-2020,278.15,286.9,286.9,273.45, 277.05,279.6,280.02,1438,4.03,345, 812, 56.47
SMSPHARMA, EQ, 21-Jan-2020,46.95,47.65,48.05,46.2, 46.50,46.8,47.15,22739,10.72,194, 14865, 65.37
SNOWMAN, EQ, 21-Jan-2020,42.55,42.55,42.85,42.55, 42.65,42.6,42.63,240362,102.48,532, 165907, 69.02
SOBHA, EQ, 21-Jan-2020,451.25,447.8,452.65,442.4, 444.00,444.0,446.57,225242,1005.85,10577, 148447, 65.91
SOFTTECH, SM, 21-Jan-2020,60.1,57.75,61.85,55.1, 61.30,61.3,58.31,16000,9.33,8, 8000, 50.00
SOLARA, EQ, 21-Jan-2020,430.55,428.5,438.75,425.0, 429.10,429.15,430.27,7118,30.63,2121, 3474, 48.81
SOLARINDS, EQ, 21-Jan-2020,1145.2,1127.2,1165.0,1125.0, 1161.00,1160.85,1154.81,6681,77.15,602, 4380, 65.56
SOMANYCERA, EQ, 21-Jan-2020,232.5,234.4,234.4,225.05, 228.30,228.45,228.65,76802,175.61,1793, 47083, 61.30
SOMATEX, EQ, 21-Jan-2020,3.2,3.2,3.35,3.05, 3.30,3.3,3.13,8911,0.28,48, 7262, 81.49
SOMICONVEY, EQ, 21-Jan-2020,14.25,14.2,17.1,14.05, 16.80,16.95,16.54,87911,14.54,375, 39912, 45.40
SONATSOFTW, EQ, 21-Jan-2020,331.1,328.6,333.55,324.0, 332.80,332.3,331.12,83429,276.25,2965, 43985, 52.72
SORILINFRA, EQ, 21-Jan-2020,123.55,119.0,129.7,118.95, 129.70,129.7,126.86,41405,52.53,561, 23561, 56.90
SOTL, EQ, 21-Jan-2020,905.15,905.0,910.65,878.0, 887.95,885.0,891.35,1134,10.11,380, 820, 72.31
SOUTHBANK, EQ, 21-Jan-2020,11.1,11.15,11.45,11.1, 11.15,11.15,11.25,7302526,821.41,5051, 3049758, 41.76
SOUTHWEST, EQ, 21-Jan-2020,19.05,19.95,19.95,17.55, 19.20,19.1,18.98,32505,6.17,186, 31011, 95.40
SPAL, EQ, 21-Jan-2020,228.0,221.35,221.35,205.5, 207.60,208.0,210.27,47228,99.31,1978, 22824, 48.33
SPANDANA, EQ, 21-Jan-2020,985.1,975.05,1030.0,975.05, 1025.70,1025.05,1009.42,82957,837.38,3812, 45365, 54.68
SPARC, EQ, 21-Jan-2020,193.3,191.85,194.0,184.0, 186.05,186.15,189.19,475198,899.01,6435, 162830, 34.27
SPCENET, BE, 21-Jan-2020,1.2,1.15,1.15,1.15, 1.15,1.15,1.15,5300,0.06,5, -, -
SPECIALITY, EQ, 21-Jan-2020,66.95,68.0,69.0,65.2, 66.90,66.6,66.81,2603954,1739.73,17461, 1304154, 50.08
SPENCERS, EQ, 21-Jan-2020,74.75,74.85,89.7,74.0, 89.70,89.7,85.16,11181076,9521.8,58799, 2352101, 21.04
SPENTEX, BE, 21-Jan-2020,0.35,0.3,0.35,0.3, 0.35,0.35,0.31,12097,0.04,9, -, -
SPIC, EQ, 21-Jan-2020,21.8,21.95,22.1,21.1, 21.90,21.9,21.87,60523,13.24,515, 30610, 50.58
SPICEJET, EQ, 21-Jan-2020,102.8,102.1,102.7,101.25, 101.50,101.65,101.92,695955,709.34,12417, 340286, 48.89
SPLIL, EQ, 21-Jan-2020,35.0,35.6,35.6,33.7, 34.00,34.2,34.26,46822,16.04,470, 28155, 60.13
SPMLINFRA, EQ, 21-Jan-2020,13.45,14.05,14.1,13.55, 14.10,14.05,13.98,104562,14.61,304, 66501, 63.60
SPTL, BE, 21-Jan-2020,1.1,1.15,1.15,1.05, 1.15,1.1,1.08,2730166,29.46,825, -, -
SPYL, BE, 21-Jan-2020,0.3,0.35,0.35,0.25, 0.30,0.3,0.25,45795,0.11,22, -, -
SREEL, EQ, 21-Jan-2020,176.95,177.9,180.0,175.0, 176.30,176.8,177.95,5949,10.59,184, 4179, 70.25
SREIBNPNCD, N7, 21-Jan-2020,992.0,982.0,982.0,980.0, 980.00,980.0,980.6,100,0.98,4, 100, 100.00
SREIBNPNCD, NJ, 21-Jan-2020,850.0,850.0,850.0,840.0, 840.00,840.0,845.0,60,0.51,4, 60, 100.00
SREIBNPNCD, NL, 21-Jan-2020,850.0,880.0,880.0,865.0, 870.00,867.34,871.38,138,1.2,5, 94, 68.12
SREIBNPNCD, NO, 21-Jan-2020,850.0,880.0,880.0,880.0, 880.00,880.0,880.0,30,0.26,4, 30, 100.00
SREINFRA, EQ, 21-Jan-2020,9.4,9.45,10.3,9.45, 10.30,10.3,10.22,2114560,216.01,1635, 1208820, 57.17
SREINFRA, NZ, 21-Jan-2020,779.0,900.0,900.0,900.0, 900.00,900.0,900.0,40,0.36,2, 40, 100.00
SREINFRA, Y2, 21-Jan-2020,1090.0,1100.0,1100.0,1100.0, 1100.00,1100.0,1100.0,25,0.28,1, 25, 100.00
SREINFRA, Y5, 21-Jan-2020,985.0,990.0,990.0,990.0, 990.00,990.0,990.0,20,0.2,2, 20, 100.00
SREINFRA, Y6, 21-Jan-2020,1061.02,1066.6,1066.6,1065.0, 1065.00,1065.0,1065.15,55,0.59,5, 55, 100.00
SREINFRA, Y8, 21-Jan-2020,813.8,841.0,850.0,841.0, 850.00,850.0,843.57,35,0.3,3, 35, 100.00
SREINFRA, YH, 21-Jan-2020,820.1,880.1,920.0,880.1, 920.00,920.0,902.9,35,0.32,2, 35, 100.00
SREINFRA, YI, 21-Jan-2020,1050.0,1055.0,1060.0,1055.0, 1060.00,1058.12,1058.12,100,1.06,3, 100, 100.00
SREINFRA, YK, 21-Jan-2020,786.8,795.0,795.0,795.0, 795.00,795.0,795.0,134,1.07,7, 134, 100.00
SRF, EQ, 21-Jan-2020,3616.15,3615.0,3647.0,3602.1, 3613.00,3609.6,3621.86,94049,3406.32,6886, 13903, 14.78
SRHHYPOLTD, EQ, 21-Jan-2020,126.5,124.1,132.4,122.25, 127.80,127.2,129.55,24227,31.39,1047, 13946, 57.56
SRIPIPES, EQ, 21-Jan-2020,202.65,201.5,204.75,199.0, 200.10,200.7,201.77,76746,154.85,1559, 43532, 56.72
SRTRANSFIN, EQ, 21-Jan-2020,1073.4,1071.0,1103.8,1062.85, 1086.95,1089.4,1088.53,1110266,12085.55,40788, 311914, 28.09
SRTRANSFIN, Y3, 21-Jan-2020,1106.0,1106.0,1106.0,1106.0, 1106.00,1106.0,1106.0,200,2.21,1, 200, 100.00
SRTRANSFIN, Y9, 21-Jan-2020,1072.0,1071.1,1071.1,1071.1, 1071.10,1071.1,1071.1,50,0.54,3, 50, 100.00
SRTRANSFIN, YB, 21-Jan-2020,1025.01,1049.9,1060.0,1011.05, 1034.00,1035.49,1028.06,219,2.25,17, 115, 52.51
SRTRANSFIN, YH, 21-Jan-2020,996.99,998.95,1000.0,990.01, 999.00,999.0,997.78,181,1.81,11, 129, 71.27
SRTRANSFIN, YI, 21-Jan-2020,1001.85,1000.0,1001.85,999.0, 999.00,999.0,999.63,99,0.99,8, 99, 100.00
SRTRANSFIN, YJ, 21-Jan-2020,1022.1,1025.0,1032.0,1025.0, 1032.00,1032.0,1028.41,195,2.01,3, 195, 100.00
SRTRANSFIN, YK, 21-Jan-2020,1020.0,1020.0,1020.0,1020.0, 1020.00,1020.0,1020.0,4,0.04,1, 4, 100.00
SRTRANSFIN, YL, 21-Jan-2020,1027.89,1045.55,1045.55,1034.8, 1034.80,1034.8,1036.67,144,1.49,2, 144, 100.00
SRTRANSFIN, YM, 21-Jan-2020,1120.0,1133.35,1133.35,1116.0, 1116.00,1116.0,1118.12,320,3.58,5, 295, 92.19
SRTRANSFIN, YN, 21-Jan-2020,1089.83,1132.3,1132.3,1082.39, 1082.39,1082.39,1099.03,75,0.82,2, 50, 66.67
SRTRANSFIN, YO, 21-Jan-2020,980.1,999.0,999.95,999.0, 999.95,999.95,999.65,25,0.25,2, 25, 100.00
SRTRANSFIN, YP, 21-Jan-2020,999.95,999.95,999.95,999.95, 999.95,999.95,999.95,25,0.25,1, 25, 100.00
SRTRANSFIN, YQ, 21-Jan-2020,1005.0,1014.7,1017.0,1002.0, 1017.00,1015.49,1014.92,163,1.65,12, 161, 98.77
SRTRANSFIN, YR, 21-Jan-2020,1008.64,1019.6,1019.6,1016.0, 1019.00,1017.5,1017.73,225,2.29,5, 225, 100.00
SRTRANSFIN, YT, 21-Jan-2020,1104.9,1104.9,1104.9,1104.9, ,1104.9,1104.9,25,0.28,1, 25, 100.00
SRTRANSFIN, YU, 21-Jan-2020,1099.0,1110.29,1110.29,1096.9, 1096.90,1096.9,1104.34,45,0.5,2, 45, 100.00
SRTRANSFIN, YV, 21-Jan-2020,995.1,998.0,998.0,991.0, 991.00,991.0,996.09,36,0.36,4, 36, 100.00
SRTRANSFIN, YW, 21-Jan-2020,980.1,999.95,999.95,980.0, 995.00,995.0,987.98,166,1.64,11, 141, 84.94
SRTRANSFIN, YX, 21-Jan-2020,986.63,991.0,991.0,990.0, 990.00,990.0,990.5,2,0.02,2, 2, 100.00
SRTRANSFIN, YY, 21-Jan-2020,1031.22,1030.0,1030.0,1030.0, 1030.00,1030.0,1030.0,200,2.06,3, 100, 50.00
SRTRANSFIN, YZ, 21-Jan-2020,1047.9,1047.9,1047.9,1047.9, 1047.90,1047.9,1047.9,50,0.52,1, 50, 100.00
SRTRANSFIN, Z1, 21-Jan-2020,1075.0,1084.99,1084.99,1065.0, 1084.00,1084.0,1079.09,575,6.2,9, 475, 82.61
SRTRANSFIN, Z2, 21-Jan-2020,1086.2,1086.2,1086.2,1086.2, 1086.20,1086.2,1086.2,25,0.27,1, 25, 100.00
SRTRANSFIN, Z3, 21-Jan-2020,999.95,999.95,999.95,999.95, 999.95,999.95,999.95,25,0.25,1, 25, 100.00
SRTRANSFIN, Z5, 21-Jan-2020,975.5,999.95,999.95,999.95, 999.95,999.95,999.95,25,0.25,2, 25, 100.00
SRTRANSFIN, Z6, 21-Jan-2020,1005.0,1036.15,1036.15,1036.15, 1036.15,1036.15,1036.15,4,0.04,1, 4, 100.00
SRTRANSFIN, Z7, 21-Jan-2020,1037.0,1037.0,1037.0,1037.0, 1037.00,1037.0,1037.0,25,0.26,1, 25, 100.00
SRTRANSFIN, ZA, 21-Jan-2020,1029.45,1033.75,1033.75,1029.75, 1029.75,1029.75,1030.25,200,2.06,4, 200, 100.00
SSWL, EQ, 21-Jan-2020,750.6,745.05,760.0,745.05, 756.00,757.5,755.51,5890,44.5,234, 4513, 76.62
STAMPEDE, EQ, 21-Jan-2020,0.45,0.45,0.45,0.4, 0.45,0.45,0.45,340231,1.52,74, 262881, 77.27
STAN, DR, 21-Jan-2020,59.05,58.5,58.8,58.05, 58.80,58.8,58.18,1182,0.69,29, 1121, 94.84
STAR, EQ, 21-Jan-2020,389.5,389.6,396.3,388.6, 393.90,392.3,392.19,1370349,5374.3,13950, 920080, 67.14
STARCEMENT, EQ, 21-Jan-2020,92.75,93.85,93.85,87.95, 90.95,90.7,90.98,60905,55.41,981, 46380, 76.15
STARPAPER, EQ, 21-Jan-2020,132.7,131.5,137.0,129.6, 135.80,135.5,134.21,179066,240.33,4232, 60011, 33.51
STCINDIA, EQ, 21-Jan-2020,49.55,49.5,50.0,48.0, 48.85,48.95,48.87,8738,4.27,218, 5566, 63.70
STEELCITY, EQ, 21-Jan-2020,31.7,30.0,31.65,30.0, 30.15,30.4,30.4,1630,0.5,37, 1207, 74.05
STEELXIND, BE, 21-Jan-2020,23.8,22.8,24.75,22.8, 24.00,24.0,23.64,11226,2.65,55, -, -
STEL, EQ, 21-Jan-2020,69.0,68.1,74.4,67.65, 71.30,72.0,72.03,41118,29.62,877, 15873, 38.60
STERTOOLS, EQ, 21-Jan-2020,243.95,248.8,248.85,237.8, 239.00,239.15,241.23,7206,17.38,484, 3046, 42.27
STINDIA, EQ, 21-Jan-2020,4.0,3.8,4.15,3.8, 4.15,4.15,3.82,1418,0.05,8, 1320, 93.09
STRTECH, EQ, 21-Jan-2020,136.55,135.0,137.6,130.25, 131.40,131.25,133.8,1654732,2213.99,19294, 599623, 36.24
SUBCAPCITY, BE, 21-Jan-2020,9.95,10.4,10.4,10.4, 10.40,10.4,10.4,5,0.0,1, -, -
SUBEX, EQ, 21-Jan-2020,6.25,6.35,6.35,6.2, 6.25,6.25,6.27,236158,14.8,166, 155845, 65.99
SUBROS, EQ, 21-Jan-2020,285.1,285.1,289.3,282.65, 286.50,286.45,285.51,32124,91.72,973, 16169, 50.33
SUDARSCHEM, EQ, 21-Jan-2020,462.8,466.0,491.0,460.1, 486.00,486.35,479.92,411589,1975.3,10283, 136502, 33.16
SUJANAUNI, BZ, 21-Jan-2020,0.15,0.1,0.15,0.1, 0.15,0.15,0.14,46494,0.06,15, -, -
SUMEETINDS, BE, 21-Jan-2020,1.85,1.8,1.9,1.8, 1.90,1.8,1.84,50267,0.92,74, -, -
SUMIT, BE, 21-Jan-2020,19.0,18.05,18.05,18.05, 18.05,18.05,18.05,16600,3.0,8, -, -
SUMMITSEC, EQ, 21-Jan-2020,458.9,458.9,465.6,450.05, 457.05,457.0,456.81,4281,19.56,447, 2840, 66.34
SUNCLAYLTD, EQ, 21-Jan-2020,2249.85,2259.9,2329.0,2259.9, 2279.00,2277.65,2291.93,3521,80.7,346, 2238, 63.56
SUNDARAM, EQ, 21-Jan-2020,1.45,1.45,1.55,1.45, 1.45,1.5,1.51,342097,5.15,273, 229050, 66.95
SUNDARMFIN, EQ, 21-Jan-2020,1678.55,1680.0,1680.0,1657.65, 1666.00,1662.2,1667.9,145432,2425.66,987, 137619, 94.63
SUNDARMHLD, EQ, 21-Jan-2020,70.25,71.75,71.75,67.25, 68.50,68.45,69.38,42970,29.81,616, 33249, 77.38
SUNDRMBRAK, EQ, 21-Jan-2020,316.7,318.3,323.9,311.15, 315.40,312.4,316.16,1271,4.02,131, 577, 45.40
SUNDRMFAST, EQ, 21-Jan-2020,508.3,507.95,509.6,498.0, 500.00,500.25,503.65,60771,306.07,2212, 40577, 66.77
SUNFLAG, EQ, 21-Jan-2020,44.9,44.3,45.45,44.0, 44.60,44.25,44.65,206663,92.27,2763, 93671, 45.33
SUNPHARMA, EQ, 21-Jan-2020,449.45,448.0,451.75,446.0, 448.00,447.4,448.84,2573651,11551.68,64119, 943823, 36.67
SUNTECK, EQ, 21-Jan-2020,411.2,409.75,409.75,393.1, 393.85,396.2,400.61,148232,593.84,4909, 46956, 31.68
SUNTV, EQ, 21-Jan-2020,476.55,475.0,483.5,473.45, 479.60,480.8,479.37,1520871,7290.63,16691, 111506, 7.33
SUPERHOUSE, EQ, 21-Jan-2020,95.55,95.3,98.95,95.3, 97.20,97.2,96.68,9741,9.42,137, 8895, 91.32
SUPERSPIN, BE, 21-Jan-2020,3.65,3.6,3.75,3.55, 3.75,3.7,3.68,5799,0.21,12, -, -
SUPPETRO, EQ, 21-Jan-2020,190.9,182.1,195.2,182.1, 185.00,185.9,187.88,19940,37.46,882, 10951, 54.92
SUPRAJIT, EQ, 21-Jan-2020,205.65,205.0,205.0,201.0, 202.00,202.95,203.33,136902,278.37,4170, 112719, 82.34
SUPREMEENG, SM, 21-Jan-2020,21.5,20.5,20.5,20.5, 20.50,20.5,20.5,4000,0.82,1, 4000, 100.00
SUPREMEIND, EQ, 21-Jan-2020,1320.9,1327.0,1340.25,1313.0, 1324.00,1324.1,1327.1,49282,654.02,6080, 29554, 59.97
SUPREMEINF, BE, 21-Jan-2020,15.95,16.6,16.7,16.6, 16.70,16.7,16.69,13654,2.28,38, -, -
SURANASOL, BE, 21-Jan-2020,8.6,8.2,8.9,8.2, 8.65,8.5,8.46,18892,1.6,100, -, -
SURANAT&P, EQ, 21-Jan-2020,3.75,3.9,3.95,3.75, 3.95,3.95,3.93,27151,1.07,28, 25933, 95.51
SURYALAXMI, EQ, 21-Jan-2020,22.25,21.0,22.25,20.5, 22.00,21.7,21.35,6755,1.44,90, 3796, 56.20
SURYAROSNI, EQ, 21-Jan-2020,181.55,179.0,192.8,179.0, 185.00,184.85,186.94,127811,238.94,2949, 45936, 35.94
SUTLEJTEX, EQ, 21-Jan-2020,37.3,37.0,37.9,36.3, 37.00,36.8,37.16,31150,11.58,280, 22998, 73.83
SUVEN, BE, 21-Jan-2020,301.45,15.2,15.95,15.2, 15.95,15.95,15.24,893840,136.21,170, -, -
SUZLON, EQ, 21-Jan-2020,2.45,2.4,2.55,2.4, 2.55,2.55,2.52,8778196,221.11,4839, 4679692, 53.31
SVLL, SM, 21-Jan-2020,100.7,101.2,101.2,101.2, 101.20,101.2,101.2,1000,1.01,1, 1000, 100.00
SWANENERGY, EQ, 21-Jan-2020,121.8,121.5,122.4,118.25, 118.25,119.35,120.48,74177,89.37,2355, 6665, 8.99
SWARAJENG, EQ, 21-Jan-2020,1307.3,1299.95,1317.4,1292.05, 1308.00,1309.9,1307.25,1471,19.23,211, 1228, 83.48
SWELECTES, EQ, 21-Jan-2020,157.5,160.5,160.7,153.1, 156.00,155.85,156.83,9765,15.31,351, 5594, 57.29
SWSOLAR, EQ, 21-Jan-2020,309.85,308.5,310.85,303.4, 305.10,307.1,307.41,97745,300.47,2120, 69217, 70.81
SYMPHONY, EQ, 21-Jan-2020,1192.9,1200.0,1200.0,1155.65, 1184.80,1178.05,1173.8,38991,457.68,5538, 23377, 59.95
SYNDIBANK, EQ, 21-Jan-2020,27.75,27.8,27.9,27.2, 27.70,27.7,27.66,423593,117.18,1338, 110157, 26.01
SYNGENE, EQ, 21-Jan-2020,309.4,309.0,310.55,306.0, 306.90,306.45,307.08,166581,511.54,3272, 133662, 80.24
TAINWALCHM, EQ, 21-Jan-2020,55.6,59.05,59.8,54.0, 57.50,58.1,56.54,2609,1.48,184, 1582, 60.64
TAJGVK, EQ, 21-Jan-2020,177.5,176.0,180.55,174.05, 177.50,178.0,177.87,17066,30.36,524, 7237, 42.41
TAKE, EQ, 21-Jan-2020,107.5,106.7,107.8,105.0, 105.15,105.5,106.48,106547,113.45,1463, 68418, 64.21
TALBROAUTO, EQ, 21-Jan-2020,148.3,147.65,148.95,144.3, 146.00,145.4,145.86,14544,21.21,581, 9244, 63.56
TALWALKARS, EQ, 21-Jan-2020,3.1,2.95,2.95,2.95, 2.95,2.95,2.95,19164,0.57,78, 19163, 99.99
TALWGYM, EQ, 21-Jan-2020,2.85,2.85,2.95,2.75, 2.85,2.85,2.83,32790,0.93,105, 25790, 78.65
TANLA, EQ, 21-Jan-2020,66.05,65.7,69.35,65.7, 69.35,69.35,68.83,293798,202.21,1131, 188037, 64.00
TANTIACONS, BE, 21-Jan-2020,1.8,1.85,1.85,1.75, 1.75,1.75,1.78,1434,0.03,9, -, -
TARACHAND, SM, 21-Jan-2020,39.65,40.0,40.6,40.0, 40.00,40.0,40.18,12000,4.82,4, 8000, 66.67
TARAPUR, BE, 21-Jan-2020,3.55,3.4,3.7,3.4, 3.70,3.7,3.47,1413,0.05,6, -, -
TARMAT, EQ, 21-Jan-2020,26.35,25.6,28.7,25.6, 27.35,27.35,27.46,3386,0.93,45, 1206, 35.62
TASTYBITE, EQ, 21-Jan-2020,8958.65,9075.0,9075.0,8900.0, 8985.00,8993.7,8967.65,829,74.34,239, 539, 65.02
TATACAPHSG, N2, 21-Jan-2020,1000.0,997.2,997.2,995.0, 995.00,995.0,995.22,200,1.99,3, 200, 100.00
TATACAPHSG, N4, 21-Jan-2020,1000.0,1002.5,1002.5,1002.0, 1002.00,1002.0,1002.02,140,1.4,4, 140, 100.00
TATACAPHSG, N6, 21-Jan-2020,997.0,999.0,999.0,998.0, 998.00,998.0,998.03,1420,14.17,16, 1418, 99.86
TATACAPHSG, N8, 21-Jan-2020,1002.0,1002.9,1002.9,1002.9, 1002.90,1002.9,1002.9,1250,12.54,9, 1250, 100.00
TATACAPHSG, NA, 21-Jan-2020,999.97,999.0,1001.0,999.0, 1001.00,1001.0,1000.53,1315,13.16,27, 1250, 95.06
TATACAPHSG, NB, 21-Jan-2020,1001.0,1000.0,1000.0,1000.0, 1000.00,1000.0,1000.0,25,0.25,1, 25, 100.00
TATACHEM, EQ, 21-Jan-2020,746.3,741.0,755.7,741.0, 749.05,749.45,747.29,799303,5973.1,14675, 160423, 20.07
TATACOFFEE, EQ, 21-Jan-2020,100.45,99.5,106.95,99.5, 103.60,102.95,104.37,3702445,3864.27,24247, 924688, 24.98
TATACOMM, EQ, 21-Jan-2020,438.6,435.0,449.8,430.6, 449.50,447.2,444.9,141648,630.19,24269, 48735, 34.41
TATAELXSI, EQ, 21-Jan-2020,936.75,935.0,964.0,925.0, 951.25,954.7,947.74,474265,4494.8,23215, 82279, 17.35
TATAGLOBAL, EQ, 21-Jan-2020,383.15,382.0,389.4,379.05, 385.80,385.8,384.17,5981471,22979.16,46503, 1808669, 30.24
TATAINVEST, EQ, 21-Jan-2020,828.25,834.0,836.65,830.05, 832.00,834.7,833.57,7460,62.18,492, 4320, 57.91
TATAMETALI, EQ, 21-Jan-2020,637.05,637.0,658.0,600.0, 656.00,647.35,639.68,49097,314.07,2846, 27385, 55.78
TATAMOTORS, EQ, 21-Jan-2020,195.0,195.5,196.4,190.2, 190.25,191.4,193.54,20859400,40370.92,101560, 2045869, 9.81
TATAMTRDVR, EQ, 21-Jan-2020,80.95,80.9,81.3,78.25, 78.30,78.6,79.64,4060190,3233.54,11647, 950112, 23.40
TATAPOWER, EQ, 21-Jan-2020,60.25,59.6,60.3,59.35, 59.60,59.55,59.74,6250007,3733.7,20400, 2789655, 44.63
TATASTEEL, E1, 21-Jan-2020,65.15,64.8,64.8,60.0, 60.40,60.65,62.05,376631,233.68,2399, 218882, 58.12
TATASTEEL, EQ, 21-Jan-2020,490.65,487.8,487.8,473.5, 474.50,476.15,481.02,11315803,54431.6,123037, 2759455, 24.39
TATASTLBSL, EQ, 21-Jan-2020,31.15,30.85,31.0,30.0, 30.00,30.15,30.44,965701,293.98,1493, 464202, 48.07
TATASTLLP, EQ, 21-Jan-2020,431.5,430.0,442.0,425.2, 431.30,433.5,434.63,47165,204.99,2099, 18282, 38.76
TBZ, EQ, 21-Jan-2020,39.55,40.35,40.35,38.35, 38.90,39.15,39.43,18865,7.44,309, 9939, 52.68
TCFSL, NA, 21-Jan-2020,1033.0,1025.05,1025.05,1025.05, 1025.05,1025.05,1025.05,200,2.05,1, 200, 100.00
TCFSL, NB, 21-Jan-2020,1037.28,1037.1,1037.1,1035.75, 1035.75,1035.75,1036.2,258,2.67,8, 258, 100.00
TCFSL, ND, 21-Jan-2020,1047.65,1045.0,1049.75,1041.0, 1045.23,1045.22,1044.82,1108,11.58,31, 832, 75.09
TCFSL, NF, 21-Jan-2020,1064.0,1063.0,1065.0,1061.0, 1063.10,1063.81,1062.84,1030,10.95,23, 550, 53.40
TCFSL, NH, 21-Jan-2020,1028.0,1026.0,1030.0,1026.0, 1028.25,1029.41,1028.97,309,3.18,7, 309, 100.00
TCFSL, NL, 21-Jan-2020,1043.63,1043.0,1043.0,1043.0, 1043.00,1043.0,1043.0,2,0.02,2, 0, 0.00
TCI, EQ, 21-Jan-2020,268.25,267.0,271.2,265.1, 266.00,266.2,266.86,12722,33.95,406, 8874, 69.75
TCIDEVELOP, EQ, 21-Jan-2020,372.45,370.05,370.05,370.05, 370.05,370.05,370.05,9,0.03,1, 9, 100.00
TCIEXP, EQ, 21-Jan-2020,752.8,755.0,755.0,730.15, 732.50,733.4,742.61,8263,61.36,693, 4830, 58.45
TCIFINANCE, EQ, 21-Jan-2020,8.45,8.75,8.75,8.3, 8.45,8.45,8.44,2848,0.24,31, 2223, 78.05
TCNSBRANDS, EQ, 21-Jan-2020,593.85,595.0,595.95,585.0, 586.00,588.65,593.98,13132,78.0,412, 11697, 89.07
TCPLPACK, EQ, 21-Jan-2020,290.7,284.9,308.7,266.65, 291.00,290.75,289.66,48401,140.2,1750, 20430, 42.21
TCS, EQ, 21-Jan-2020,2170.35,2169.95,2186.55,2158.05, 2172.35,2171.05,2170.95,1902980,41312.69,115866, 865491, 45.48
TDPOWERSYS, EQ, 21-Jan-2020,147.0,143.1,146.95,143.1, 145.00,145.0,145.77,5196,7.57,119, 4491, 86.43
TEAMLEASE, EQ, 21-Jan-2020,2799.55,2783.25,2790.95,2717.0, 2730.00,2731.0,2772.42,38354,1063.33,1425, 35382, 92.25
TECHM, EQ, 21-Jan-2020,778.2,777.25,783.4,775.0, 779.50,778.9,779.2,976954,7612.44,54605, 433814, 44.40
TECHNOE, EQ, 21-Jan-2020,307.15,308.0,308.0,296.05, 305.00,302.15,303.16,5886,17.84,547, 4910, 83.42
TECHNOFAB, EQ, 21-Jan-2020,22.5,23.6,23.6,21.4, 21.40,21.4,22.49,8514,1.92,93, 6477, 76.07
TEJASNET, EQ, 21-Jan-2020,89.55,91.4,94.0,89.25, 90.00,90.3,91.68,140406,128.72,2263, 61147, 43.55
TERASOFT, EQ, 21-Jan-2020,26.75,26.55,27.6,26.35, 27.60,26.8,26.72,6779,1.81,102, 3788, 55.88
TEXINFRA, EQ, 21-Jan-2020,46.0,45.95,47.25,45.55, 45.65,45.8,46.37,27477,12.74,495, 11194, 40.74
TEXMOPIPES, EQ, 21-Jan-2020,16.1,16.5,16.5,16.0, 16.20,16.2,16.21,19088,3.09,174, 14464, 75.78
TEXRAIL, EQ, 21-Jan-2020,38.9,38.6,40.85,38.0, 39.60,39.55,39.54,483184,191.06,3827, 120505, 24.94
TFCILTD, EQ, 21-Jan-2020,68.35,68.05,70.8,68.05, 69.55,69.3,69.18,148183,102.52,1282, 64506, 43.53
TFL, BE, 21-Jan-2020,4.7,4.7,4.75,4.5, 4.50,4.5,4.57,4740,0.22,7, -, -
TGBHOTELS, EQ, 21-Jan-2020,3.65,3.8,3.8,3.5, 3.80,3.8,3.74,16578,0.62,47, 11577, 69.83
THANGAMAYL, EQ, 21-Jan-2020,392.65,388.6,388.6,372.55, 372.60,373.75,378.78,4413,16.72,184, 2011, 45.57
THEINVEST, EQ, 21-Jan-2020,125.0,125.0,125.9,121.35, 125.55,125.55,123.69,1361,1.68,19, 754, 55.40
THEMISMED, BE, 21-Jan-2020,360.0,355.0,355.0,355.0, 355.00,355.0,355.0,300,1.07,1, -, -
THERMAX, EQ, 21-Jan-2020,1063.45,1060.0,1067.0,1046.35, 1051.50,1053.15,1057.09,13891,146.84,1846, 6254, 45.02
THIRUSUGAR, BZ, 21-Jan-2020,3.95,3.8,4.1,3.8, 3.95,3.95,4.01,510,0.02,6, -, -
THOMASCOOK, EQ, 21-Jan-2020,60.55,59.75,60.3,58.45, 59.95,60.0,59.11,1923639,1137.15,1892, 1783408, 92.71
THYROCARE, EQ, 21-Jan-2020,552.3,552.7,557.0,542.0, 548.00,549.15,550.5,13295,73.19,1062, 7345, 55.25
TI, BE, 21-Jan-2020,13.7,13.45,14.35,13.45, 14.35,14.35,14.28,36831,5.26,92, -, -
TIDEWATER, EQ, 21-Jan-2020,4698.85,4700.1,4840.0,4700.1, 4790.00,4799.6,4790.41,1291,61.84,540, 839, 64.99
TIIL, EQ, 21-Jan-2020,353.55,353.2,358.9,349.9, 356.20,357.0,352.06,1727,6.08,258, 1230, 71.22
TIINDIA, EQ, 21-Jan-2020,523.2,520.1,527.9,520.05, 523.10,523.5,524.43,17618,92.39,1748, 13672, 77.60
TIJARIA, EQ, 21-Jan-2020,7.8,7.4,8.2,7.3, 7.65,7.55,7.55,19357,1.46,94, 14223, 73.48
TIL, EQ, 21-Jan-2020,219.8,216.7,219.5,211.5, 212.25,214.95,216.63,5659,12.26,210, 3783, 66.85
TIMESGTY, EQ, 21-Jan-2020,30.3,32.7,32.7,29.5, 29.60,29.85,29.97,1866,0.56,15, 1315, 70.47
TIMETECHNO, EQ, 21-Jan-2020,58.95,58.5,59.4,57.75, 58.05,58.2,58.58,145072,84.98,1285, 74367, 51.26
TIMKEN, EQ, 21-Jan-2020,934.35,929.95,940.0,912.0, 925.00,924.4,925.41,17117,158.4,1585, 9517, 55.60
TINPLATE, EQ, 21-Jan-2020,153.15,151.0,157.4,151.0, 155.30,155.75,154.74,541982,838.69,7834, 168091, 31.01
TIPSINDLTD, BE, 21-Jan-2020,103.65,104.0,106.95,104.0, 105.05,105.05,105.07,3467,3.64,35, -, -
TIRUMALCHM, EQ, 21-Jan-2020,77.7,77.4,78.25,76.0, 76.65,76.5,76.79,431998,331.71,3127, 139066, 32.19
TIRUPATIFL, SM, 21-Jan-2020,28.65,28.7,28.7,28.7, 28.70,28.7,28.7,3200,0.92,1, 3200, 100.00
TITAN, EQ, 21-Jan-2020,1187.85,1183.45,1183.9,1161.0, 1179.15,1176.2,1173.88,925998,10870.15,54553, 294599, 31.81
TMRVL, EQ, 21-Jan-2020,11.75,12.0,12.0,11.7, 11.90,11.9,11.89,25882,3.08,110, 18137, 70.08
TNPETRO, EQ, 21-Jan-2020,42.75,42.65,43.9,42.6, 43.35,43.25,43.2,150204,64.89,1042, 81665, 54.37
TNPL, EQ, 21-Jan-2020,190.3,190.95,193.7,188.3, 192.00,190.9,191.16,63688,121.75,1639, 43589, 68.44
TOKYOPLAST, EQ, 21-Jan-2020,73.6,75.5,75.5,71.75, 73.00,73.0,73.13,1413,1.03,14, 1302, 92.14
TORNTPHARM, EQ, 21-Jan-2020,2027.7,2025.0,2056.85,1992.0, 2017.85,2020.15,2032.51,520403,10577.25,22271, 154986, 29.78
TORNTPOWER, EQ, 21-Jan-2020,313.8,313.7,319.4,311.85, 314.10,314.3,316.01,1184498,3743.14,11901, 365791, 30.88
TOTAL, SM, 21-Jan-2020,45.25,44.0,47.5,44.0, 45.60,45.6,46.76,27000,12.63,9, 21000, 77.78
TOUCHWOOD, EQ, 21-Jan-2020,89.25,93.25,93.25,84.8, 84.80,84.8,84.95,8178,6.95,20, 8148, 99.63
TPLPLASTEH, EQ, 21-Jan-2020,131.3,131.0,136.05,125.15, 130.05,128.45,129.43,2051,2.65,223, 1131, 55.14
TRANSWIND, SM, 21-Jan-2020,3.8,3.95,3.95,3.85, 3.85,3.85,3.87,20000,0.77,2, 20000, 100.00
TREEHOUSE, EQ, 21-Jan-2020,5.35,5.3,5.6,5.25, 5.60,5.6,5.58,60736,3.39,61, 52176, 85.91
TREJHARA, EQ, 21-Jan-2020,12.5,11.5,12.8,11.5, 12.50,12.5,12.41,3859,0.48,90, 2811, 72.84
TRENT, EQ, 21-Jan-2020,600.3,599.25,603.4,588.35, 599.00,594.3,595.33,217977,1297.69,4014, 161391, 74.04
TRF, EQ, 21-Jan-2020,121.6,120.0,122.4,119.1, 120.80,121.1,121.04,51210,61.98,1112, 26068, 50.90
TRIDENT, EQ, 21-Jan-2020,7.15,7.1,7.25,7.05, 7.20,7.15,7.18,3359502,241.33,3155, 1363705, 40.59
TRIGYN, EQ, 21-Jan-2020,54.3,52.35,54.25,52.3, 52.80,52.75,53.42,46861,25.03,386, 23247, 49.61
TRIL, EQ, 21-Jan-2020,8.95,9.1,9.15,8.6, 8.95,9.05,8.99,98244,8.83,259, 82494, 83.97
TRITURBINE, EQ, 21-Jan-2020,96.4,98.95,98.95,95.55, 96.70,96.7,96.73,22302,21.57,428, 17508, 78.50
TRIVENI, EQ, 21-Jan-2020,79.25,79.25,80.45,77.7, 79.10,79.3,79.17,476090,376.9,4532, 159829, 33.57
TTKHLTCARE, EQ, 21-Jan-2020,553.45,542.25,567.4,541.0, 543.00,549.15,553.81,1865,10.33,243, 860, 46.11
TTKPRESTIG, EQ, 21-Jan-2020,6122.35,6139.9,6140.6,5981.05, 6050.00,6016.65,6002.91,35875,2153.54,1976, 33420, 93.16
TTL, EQ, 21-Jan-2020,45.05,44.95,45.9,44.1, 44.95,44.5,44.73,1988,0.89,80, 1347, 67.76
TTML, EQ, 21-Jan-2020,2.6,2.6,2.75,2.6, 2.60,2.6,2.64,635624,16.81,407, 453969, 71.42
TV18BRDCST, EQ, 21-Jan-2020,26.45,26.25,27.95,26.05, 27.00,26.95,27.09,5065251,1372.03,8856, 2361513, 46.62
TVSELECT, EQ, 21-Jan-2020,120.1,117.0,121.0,114.1, 114.40,114.3,115.44,74598,86.12,1146, 47724, 63.97
TVSMOTOR, EQ, 21-Jan-2020,470.25,467.85,470.35,458.75, 461.80,461.4,462.26,1139830,5269.0,15261, 376033, 32.99
TVSSRICHAK, EQ, 21-Jan-2020,1761.2,1753.8,1777.95,1746.1, 1759.50,1754.7,1760.04,2422,42.63,474, 1316, 54.34
TVTODAY, EQ, 21-Jan-2020,252.65,252.0,253.45,247.4, 250.00,248.65,250.08,11496,28.75,542, 7411, 64.47
TWL, EQ, 21-Jan-2020,56.5,56.3,59.65,55.5, 58.20,58.05,57.97,1100776,638.12,7984, 344356, 31.28
UBL, EQ, 21-Jan-2020,1303.45,1300.4,1305.3,1256.0, 1271.35,1271.85,1276.68,384005,4902.51,15313, 132378, 34.47
UCALFUEL, EQ, 21-Jan-2020,142.6,142.0,146.0,140.5, 143.00,143.7,143.09,13352,19.11,625, 8146, 61.01
UCOBANK, EQ, 21-Jan-2020,16.25,16.25,16.4,16.1, 16.20,16.15,16.24,561390,91.17,1109, 233278, 41.55
UFLEX, EQ, 21-Jan-2020,220.95,219.0,224.35,218.6, 222.15,222.55,221.86,39761,88.21,1780, 14269, 35.89
UFO, EQ, 21-Jan-2020,133.2,133.0,134.95,131.4, 132.00,132.4,132.62,34150,45.29,1303, 23565, 69.00
UGARSUGAR, EQ, 21-Jan-2020,15.0,14.9,15.1,14.55, 14.80,14.8,14.93,84741,12.65,386, 30187, 35.62
UJAAS, EQ, 21-Jan-2020,4.4,4.2,4.2,4.2, 4.20,4.2,4.2,86597,3.64,136, 86585, 99.99
UJJIVAN, EQ, 21-Jan-2020,330.65,325.65,336.85,325.0, 334.40,335.25,332.04,1116174,3706.18,10442, 194586, 17.43
UJJIVANSFB, EQ, 21-Jan-2020,49.05,49.25,50.6,48.35, 50.20,49.95,49.73,4427125,2201.61,23488, 1835212, 41.45
ULTRACEMCO, EQ, 21-Jan-2020,4467.65,4455.0,4520.0,4440.0, 4484.00,4483.55,4483.31,283173,12695.53,33184, 80925, 28.58
UMANGDAIRY, EQ, 21-Jan-2020,48.9,48.35,53.3,47.6, 49.10,49.3,49.77,17120,8.52,326, 10048, 58.69
UNICHEMLAB, EQ, 21-Jan-2020,165.7,167.0,180.0,166.15, 172.00,170.35,173.27,113582,196.81,3571, 50174, 44.17
UNIENTER, EQ, 21-Jan-2020,68.15,70.95,70.95,66.0, 67.70,67.35,66.86,2158,1.44,53, 1582, 73.31
UNIINFO, SM, 21-Jan-2020,26.8,28.9,28.9,26.5, 27.65,27.65,27.55,10000,2.76,5, 2000, 20.00
UNIONBANK, EQ, 21-Jan-2020,52.0,51.8,52.3,51.5, 51.80,51.75,51.94,2308022,1198.88,7198, 478778, 20.74
UNIPLY, EQ, 21-Jan-2020,13.95,13.35,13.7,13.3, 13.30,13.3,13.32,302953,40.36,546, 254538, 84.02
UNITECH, BE, 21-Jan-2020,1.2,1.25,1.25,1.25, 1.25,1.25,1.25,3006148,37.58,443, -, -
UNITEDBNK, EQ, 21-Jan-2020,8.95,8.9,9.05,8.85, 8.95,8.9,8.93,254130,22.7,539, 159998, 62.96
UNITEDTEA, EQ, 21-Jan-2020,281.05,281.05,289.9,280.0, 282.00,281.95,282.72,1836,5.19,105, 1058, 57.63
UNITY, BZ, 21-Jan-2020,0.3,0.35,0.35,0.25, 0.35,0.35,0.31,75052,0.23,14, -, -
UNIVCABLES, EQ, 21-Jan-2020,180.45,180.45,181.7,176.0, 176.10,176.4,177.96,12274,21.84,419, 9062, 73.83
UPL, EQ, 21-Jan-2020,584.6,582.8,582.8,572.2, 578.00,577.7,577.88,4789489,27677.55,55347, 3325848, 69.44
URAVI, SM, 21-Jan-2020,101.35,101.55,101.55,101.0, 101.00,101.0,101.18,3600,3.64,3, 3600, 100.00
URJA, BE, 21-Jan-2020,1.7,1.75,1.75,1.7, 1.75,1.7,1.72,751481,12.89,771, -, -
USHAMART, EQ, 21-Jan-2020,26.6,26.75,26.95,26.35, 26.45,26.5,26.71,556854,148.71,959, 470267, 84.45
UTIFEFRGR4, MF, 21-Jan-2020,9.99,9.8,9.97,9.8, 9.97,9.97,9.94,26750,2.66,18, 26750, 100.00
UTINEXT50, EQ, 21-Jan-2020,290.03,295.75,295.75,292.35, 292.35,292.35,294.95,578,1.7,14, 444, 76.82
UTINIFTETF, EQ, 21-Jan-2020,1300.0,1293.7,1296.55,1289.9, 1294.55,1294.55,1295.87,4342,56.27,23, 4341, 99.98
UTISENSETF, EQ, 21-Jan-2020,440.69,440.0,440.0,438.0, 438.25,438.25,438.36,113,0.5,21, 96, 84.96
UTISXN50, EQ, 21-Jan-2020,325.85,315.1,325.79,310.0, 310.00,310.0,312.02,33,0.1,10, 30, 90.91
UTTAMSTL, EQ, 21-Jan-2020,7.95,8.05,8.1,7.85, 7.95,7.9,7.96,28673,2.28,116, 26391, 92.04
UTTAMSUGAR, EQ, 21-Jan-2020,119.4,119.4,120.9,116.6, 117.45,117.75,118.87,79171,94.11,1977, 24381, 30.80
UVSL, EQ, 21-Jan-2020,0.1,0.1,0.15,0.05, 0.05,0.1,0.11,4016655,4.25,790, 3568838, 88.85
V2RETAIL, EQ, 21-Jan-2020,116.35,116.0,125.95,112.1, 122.25,122.5,122.11,1583454,1933.62,23511, 515094, 32.53
VADILALIND, EQ, 21-Jan-2020,790.85,784.35,810.0,784.35, 800.00,800.3,804.02,12491,100.43,656, 7213, 57.75
VAIBHAVGBL, EQ, 21-Jan-2020,913.1,910.0,919.0,893.55, 893.55,897.2,902.61,3806,34.35,392, 2624, 68.94
VAISHALI, EQ, 21-Jan-2020,50.15,52.65,52.65,49.05, 52.65,52.65,52.27,11620,6.07,81, 7297, 62.80
VAKRANGEE, EQ, 21-Jan-2020,48.45,48.7,48.85,48.2, 48.25,48.35,48.44,1774877,859.82,2368, 1369204, 77.14
VARDHACRLC, EQ, 21-Jan-2020,35.1,35.7,35.7,34.55, 35.20,35.15,34.97,14310,5.0,82, 13466, 94.10
VARDMNPOLY, BE, 21-Jan-2020,2.8,2.75,2.75,2.7, 2.70,2.7,2.72,1200,0.03,4, -, -
VARROC, EQ, 21-Jan-2020,490.4,490.0,492.0,480.0, 491.90,485.65,485.43,19703,95.64,1358, 6163, 31.28
VASCONEQ, EQ, 21-Jan-2020,16.05,15.65,16.2,15.6, 15.70,15.75,15.78,74081,11.69,261, 55210, 74.53
VASWANI, EQ, 21-Jan-2020,5.05,4.85,5.2,4.85, 4.95,5.0,4.99,12922,0.64,194, 7773, 60.15
VBL, EQ, 21-Jan-2020,761.45,763.0,792.0,761.8, 786.20,788.1,781.33,421368,3292.26,23086, 264580, 62.79
VCL, ST, 21-Jan-2020,23.95,23.5,24.0,23.5, 23.50,23.75,23.8,42000,10.0,7, 42000, 100.00
VEDL, EQ, 21-Jan-2020,156.9,157.0,158.4,153.55, 154.05,153.9,155.5,10481008,16298.27,46124, 2619852, 25.00
VENKEYS, EQ, 21-Jan-2020,1794.1,1785.0,1809.0,1772.25, 1780.95,1780.9,1788.28,85759,1533.61,5665, 17241, 20.10
VENUSREM, EQ, 21-Jan-2020,22.8,23.2,23.3,22.65, 23.30,23.05,22.97,9057,2.08,208, 7040, 77.73
VERTOZ, SM, 21-Jan-2020,80.55,78.5,78.5,78.5, 78.50,78.5,78.5,9600,7.54,2, 9600, 100.00
VESUVIUS, EQ, 21-Jan-2020,1114.25,1116.1,1133.95,1110.0, 1112.00,1119.1,1119.73,8151,91.27,324, 7074, 86.79
VETO, EQ, 21-Jan-2020,45.7,46.55,49.2,44.4, 46.80,46.65,47.03,35216,16.56,645, 26670, 75.73
VGUARD, EQ, 21-Jan-2020,229.8,229.3,229.65,226.45, 227.05,227.55,228.1,88745,202.43,2570, 41023, 46.23
VHL, EQ, 21-Jan-2020,1312.25,1345.0,1345.0,1306.25, 1325.00,1313.4,1319.7,701,9.25,236, 424, 60.49
VICEROY, BE, 21-Jan-2020,1.5,1.45,1.55,1.45, 1.50,1.45,1.46,18847,0.28,58, -, -
VIDEOIND, BZ, 21-Jan-2020,3.0,2.85,2.85,2.85, 2.85,2.85,2.85,15161,0.43,68, -, -
VIDHIING, EQ, 21-Jan-2020,69.65,68.35,70.0,68.05, 68.70,68.5,68.83,21608,14.87,346, 15248, 70.57
VIJIFIN, EQ, 21-Jan-2020,0.4,0.4,0.4,0.35, 0.40,0.4,0.39,61281,0.24,41, 45137, 73.66
VIKASECO, EQ, 21-Jan-2020,2.7,2.7,2.7,2.6, 2.60,2.6,2.64,329763,8.71,250, 210501, 63.83
VIKASMCORP, EQ, 21-Jan-2020,2.75,2.7,2.75,2.65, 2.65,2.65,2.67,161874,4.31,122, 100841, 62.30
VIKASPROP, EQ, 21-Jan-2020,7.8,7.95,7.95,7.95, 7.95,7.95,7.95,30930,2.46,24, 30930, 100.00
VIKASWSP, EQ, 21-Jan-2020,8.5,8.4,8.55,8.25, 8.30,8.3,8.4,197992,16.62,301, 152134, 76.84
VIMALOIL, BE, 21-Jan-2020,3.5,3.65,3.65,3.4, 3.40,3.4,3.42,500,0.02,9, -, -
VIMTALABS, EQ, 21-Jan-2020,100.8,100.9,100.9,96.35, 98.05,98.2,98.22,22177,21.78,679, 10856, 48.95
VINATIORGA, EQ, 21-Jan-2020,2146.15,2141.85,2144.95,2076.0, 2085.00,2084.8,2109.65,80491,1698.07,4845, 68077, 84.58
VINDHYATEL, EQ, 21-Jan-2020,972.5,968.05,983.3,965.0, 965.00,969.95,974.15,2491,24.27,281, 1547, 62.10
VINYLINDIA, EQ, 21-Jan-2020,68.3,68.05,69.0,68.0, 68.00,68.05,68.51,6702,4.59,157, 5774, 86.15
VIPCLOTHNG, EQ, 21-Jan-2020,8.3,8.4,8.55,8.15, 8.15,8.25,8.35,33320,2.78,106, 24375, 73.15
VIPIND, EQ, 21-Jan-2020,451.85,449.95,457.0,445.75, 453.80,453.7,449.59,217604,978.33,5551, 143380, 65.89
VIPULLTD, EQ, 21-Jan-2020,34.15,34.15,34.6,30.75, 30.75,30.75,32.08,164081,52.64,1016, 67135, 40.92
VISAKAIND, EQ, 21-Jan-2020,278.0,277.85,286.5,275.0, 278.50,277.7,280.84,52223,146.66,1667, 18129, 34.71
VISASTEEL, EQ, 21-Jan-2020,4.8,4.8,5.0,4.7, 4.90,4.9,4.79,9202,0.44,32, 6652, 72.29
VISESHINFO, BE, 21-Jan-2020,0.05,0.1,0.1,0.05, 0.10,0.1,0.07,1649423,1.15,330, -, -
VISHAL, BE, 21-Jan-2020,243.0,243.0,245.0,240.0, 240.00,240.0,240.0,11015,26.44,15, -, -
VISHNU, EQ, 21-Jan-2020,141.35,141.35,145.3,137.1, 140.15,141.65,142.28,12361,17.59,605, 5953, 48.16
VISHWARAJ, EQ, 21-Jan-2020,89.3,89.95,89.95,86.95, 87.95,87.9,88.66,114748,101.74,754, 12521, 10.91
VIVIDHA, BE, 21-Jan-2020,0.35,0.35,0.35,0.3, 0.35,0.35,0.33,46510,0.15,22, -, -
VIVIMEDLAB, EQ, 21-Jan-2020,13.35,13.3,13.65,12.85, 12.90,13.0,13.2,187254,24.71,877, 125478, 67.01
VLSFINANCE, EQ, 21-Jan-2020,58.25,59.75,59.8,57.5, 58.60,58.35,58.42,21831,12.75,229, 18429, 84.42
VMART, EQ, 21-Jan-2020,1868.7,1868.0,1924.0,1867.95, 1885.00,1894.0,1897.14,75845,1438.88,4255, 46109, 60.79
VOLTAMP, EQ, 21-Jan-2020,1314.55,1301.15,1318.65,1290.0, 1297.25,1307.05,1306.16,7734,101.02,1022, 4705, 60.84
VOLTAS, EQ, 21-Jan-2020,700.25,697.0,704.95,696.0, 702.00,702.5,701.6,562545,3946.79,9979, 149098, 26.50
VRLLOG, EQ, 21-Jan-2020,267.75,266.6,269.8,265.1, 265.95,265.85,266.75,14217,37.92,671, 8193, 57.63
VSSL, EQ, 21-Jan-2020,82.95,82.0,82.7,80.05, 82.45,81.95,81.34,3704,3.01,336, 2383, 64.34
VSTIND, EQ, 21-Jan-2020,4557.75,4560.95,4778.95,4560.95, 4720.00,4677.25,4690.24,8095,379.68,2046, 4640, 57.32
VSTTILLERS, EQ, 21-Jan-2020,1337.95,1330.05,1347.95,1315.55, 1340.00,1340.05,1335.63,2323,31.03,350, 1360, 58.54
VTL, EQ, 21-Jan-2020,1039.4,1046.0,1058.2,1011.35, 1047.95,1047.8,1048.82,5373,56.35,660, 2250, 41.88
WABAG, EQ, 21-Jan-2020,226.2,224.5,232.5,222.15, 224.10,224.9,228.49,1066555,2437.0,20313, 345796, 32.42
WABCOINDIA, EQ, 21-Jan-2020,6456.85,6493.5,6493.5,6420.1, 6425.00,6437.15,6446.72,641,41.32,277, 367, 57.25
WALCHANNAG, EQ, 21-Jan-2020,68.2,67.6,69.25,67.05, 67.30,67.4,67.86,279127,189.42,2101, 86022, 30.82
WANBURY, BE, 21-Jan-2020,19.65,19.0,19.7,19.0, 19.70,19.7,19.49,707,0.14,4, -, -
WATERBASE, EQ, 21-Jan-2020,149.5,149.1,155.6,148.55, 153.50,153.45,153.13,397342,608.44,5993, 93551, 23.54
WEBELSOLAR, EQ, 21-Jan-2020,30.1,30.4,30.4,28.8, 29.70,29.8,29.68,80625,23.93,526, 45612, 56.57
WEIZFOREX, EQ, 21-Jan-2020,395.35,395.35,403.9,378.05, 393.00,391.45,391.53,5927,23.21,288, 2150, 36.27
WEIZMANIND, EQ, 21-Jan-2020,30.8,29.4,30.9,29.3, 29.30,29.3,29.42,8819,2.59,79, 8118, 92.05
WELCORP, EQ, 21-Jan-2020,171.8,170.7,175.5,168.0, 168.50,168.6,172.04,560191,963.76,8955, 240730, 42.97
WELENT, EQ, 21-Jan-2020,87.3,86.9,87.95,86.25, 86.80,87.0,87.29,156229,136.38,1455, 76943, 49.25
WELINV, EQ, 21-Jan-2020,180.0,183.0,189.0,183.0, 189.00,189.0,188.62,142,0.27,4, 133, 93.66
WELSPUNIND, EQ, 21-Jan-2020,50.1,49.8,50.7,49.6, 49.75,49.85,50.07,582239,291.5,4341, 286420, 49.19
WENDT, EQ, 21-Jan-2020,2850.0,2770.0,2874.0,2770.0, 2848.00,2802.05,2821.27,212,5.98,113, 142, 66.98
WESTLIFE, EQ, 21-Jan-2020,381.5,380.0,384.9,369.05, 382.60,381.4,377.59,47450,179.17,2766, 26217, 55.25
WHEELS, EQ, 21-Jan-2020,653.9,654.6,665.0,642.05, 665.00,658.95,655.94,1516,9.94,256, 1022, 67.41
WHIRLPOOL, EQ, 21-Jan-2020,2490.0,2490.0,2500.0,2470.0, 2491.05,2492.3,2490.72,20563,512.17,3122, 9907, 48.18
WILLAMAGOR, EQ, 21-Jan-2020,16.65,17.0,18.3,16.75, 18.30,18.3,18.0,43154,7.77,246, 32164, 74.53
WINDMACHIN, EQ, 21-Jan-2020,22.55,22.75,23.4,22.1, 22.90,22.55,22.59,11711,2.65,66, 8789, 75.05
WIPL, BE, 21-Jan-2020,60.0,57.0,57.0,57.0, 57.00,57.0,57.0,862,0.49,11, -, -
WIPRO, EQ, 21-Jan-2020,248.0,247.9,248.2,246.0, 246.85,247.1,247.13,1507942,3726.61,26134, 599581, 39.76
WOCKPHARMA, EQ, 21-Jan-2020,284.15,285.0,288.0,279.05, 282.15,282.15,282.85,879800,2488.51,11075, 140865, 16.01
WONDERLA, EQ, 21-Jan-2020,250.85,251.0,255.95,250.35, 254.35,252.8,254.07,8194,20.82,464, 4301, 52.49
WORTH, SM, 21-Jan-2020,46.0,45.0,45.0,44.9, 44.90,44.95,44.95,3000,1.35,2, 3000, 100.00
WSTCSTPAPR, EQ, 21-Jan-2020,244.1,242.0,249.5,240.35, 248.00,246.95,245.27,84023,206.08,2440, 38537, 45.86
XCHANGING, EQ, 21-Jan-2020,57.0,56.2,57.15,55.9, 55.90,56.15,56.47,17064,9.64,300, 11772, 68.99
XELPMOC, EQ, 21-Jan-2020,63.5,64.75,64.75,61.8, 63.00,63.55,62.76,8435,5.29,67, 4235, 50.21
XPROINDIA, EQ, 21-Jan-2020,23.0,22.65,23.85,22.15, 23.15,23.25,23.09,3101,0.72,27, 2862, 92.29
YESBANK, EQ, 21-Jan-2020,38.65,38.6,39.2,38.1, 38.35,38.35,38.56,67215936,25916.9,139699, 10373238, 15.43
ZEEL, EQ, 21-Jan-2020,270.75,269.0,286.7,267.15, 283.00,284.1,280.29,21251797,59566.32,146370, 5123105, 24.11
ZEEL, P2, 21-Jan-2020,5.65,5.65,5.75,5.65, 5.70,5.7,5.7,682541,38.9,20, 677555, 99.27
ZEELEARN, EQ, 21-Jan-2020,19.6,19.65,19.9,19.5, 19.60,19.65,19.67,53116,10.45,291, 34630, 65.20
ZEEMEDIA, BE, 21-Jan-2020,5.9,5.8,6.0,5.8, 5.90,5.9,5.91,187297,11.06,381, -, -
ZENITHEXPO, BE, 21-Jan-2020,47.5,45.2,47.95,45.2, 46.95,46.95,47.31,2991,1.41,15, -, -
ZENSARTECH, EQ, 21-Jan-2020,187.45,187.45,188.75,185.5, 186.90,186.0,187.21,20638,38.64,511, 14085, 68.25
ZENTEC, EQ, 21-Jan-2020,61.6,61.6,62.7,60.15, 60.65,60.7,61.17,36360,22.24,437, 23898, 65.73
ZICOM, BE, 21-Jan-2020,1.9,1.95,1.95,1.85, 1.85,1.85,1.88,11739,0.22,15, -, -
ZODIAC, SM, 21-Jan-2020,20.4,19.5,19.5,19.4, 19.40,19.4,19.43,6000,1.17,3, 6000, 100.00
ZODIACLOTH, EQ, 21-Jan-2020,181.3,184.75,184.8,176.55, 176.55,176.8,179.15,790,1.42,98, 542, 68.61
ZODJRDMKJ, EQ, 21-Jan-2020,29.9,29.9,30.85,29.9, 30.15,30.15,30.06,342,0.1,13, 276, 80.70
ZOTA, EQ, 21-Jan-2020,182.7,182.75,183.9,181.6, 183.90,183.65,182.83,22852,41.78,91, 1810, 7.92
ZUARI, EQ, 21-Jan-2020,110.65,111.0,113.95,109.5, 111.50,112.45,112.16,142241,159.54,2747, 47626, 33.48
ZUARIGLOB, EQ, 21-Jan-2020,64.55,64.35,65.0,63.0, 63.20,63.3,63.99,58083,37.17,727, 31380, 54.03
ZYDUSWELL, EQ, 21-Jan-2020,1505.3,1520.0,1520.0,1500.0, 1501.70,1500.25,1501.86,3171,47.62,479, 2128, 67.11
