SYMBOL, SERIES, DATE1, PREV_CLOSE, OPEN_PRICE, HIGH_PRICE, LOW_PRICE, LAST_PRICE, CLOSE_PRICE, AVG_PRICE, TTL_TRD_QNTY, TURNOVER_LACS, NO_OF_TRADES, DELIV_QTY, DELIV_PER
20MICRONS, EQ, 17-Feb-2020,34.8,35.1,35.5,33.4, 33.40,33.5,33.92,22503,7.63,355, 18172, 80.75
21STCENMGM, EQ, 17-Feb-2020,13.15,13.2,13.2,12.9, 12.90,12.9,12.93,1370,0.18,9, 1370, 100.00
3IINFOTECH, EQ, 17-Feb-2020,2.05,2.05,2.1,2.05, 2.10,2.1,2.08,1121792,23.35,672, 691517, 61.64
3MINDIA, EQ, 17-Feb-2020,22299.95,22305.0,22749.0,22200.0, 22210.00,22233.1,22344.78,2131,476.17,1007, 1180, 55.37
3PLAND, EQ, 17-Feb-2020,5.2,5.0,5.0,5.0, 5.00,5.0,5.0,1,0.0,1, 1, 100.00
3RDROCK, IT, 17-Feb-2020,68.0,64.6,64.6,64.6, ,64.6,64.6,5200,3.36,1, 5200, 100.00
5PAISA, EQ, 17-Feb-2020,185.15,181.4,189.0,181.35, 184.30,183.7,185.04,10440,19.32,177, 6516, 62.41
617GS2021, GS, 17-Feb-2020,94.0,94.5,94.5,94.5, 94.50,94.5,94.5,15,0.01,1, 15, 100.00
63MOONS, EQ, 17-Feb-2020,102.45,102.8,105.35,101.35, 102.55,102.15,103.44,156985,162.39,2882, 60875, 38.78
8KMILES, BZ, 17-Feb-2020,32.95,34.55,34.55,31.6, 33.00,32.8,33.46,76894,25.73,245, -, -
A2ZINFRA, EQ, 17-Feb-2020,5.45,5.6,5.6,4.85, 4.95,5.0,5.06,336270,17.0,746, 258162, 76.77
AARON, SM, 17-Feb-2020,48.9,48.65,48.65,48.65, 48.65,48.65,48.65,3300,1.61,1, 3300, 100.00
AARTIDRUGS, EQ, 17-Feb-2020,654.05,660.05,675.0,631.0, 635.00,635.1,655.92,49208,322.76,3917, 26126, 53.09
AARTIIND, EQ, 17-Feb-2020,1012.8,1016.3,1021.45,975.3, 993.00,990.05,1000.11,237417,2374.44,10505, 105737, 44.54
AARVEEDEN, EQ, 17-Feb-2020,13.3,13.05,13.75,12.95, 12.95,13.0,13.25,4144,0.55,61, 3366, 81.23
AARVI, SM, 17-Feb-2020,23.2,22.05,22.05,22.05, 22.05,22.05,22.05,2000,0.44,1, 2000, 100.00
AAVAS, EQ, 17-Feb-2020,1890.25,1900.0,1914.0,1860.0, 1900.00,1900.05,1888.66,49349,932.04,4624, 32134, 65.12
ABAN, EQ, 17-Feb-2020,23.25,23.85,23.9,21.3, 22.25,22.35,22.65,76373,17.3,769, 47296, 61.93
ABB, EQ, 17-Feb-2020,1233.1,1254.0,1254.0,1213.0, 1221.05,1223.5,1223.44,85129,1041.51,5258, 57155, 67.14
ABBOTINDIA, EQ, 17-Feb-2020,14785.05,14780.0,14860.0,14541.2, 14685.00,14650.95,14733.49,16890,2488.49,3095, 13168, 77.96
ABCAPITAL, EQ, 17-Feb-2020,89.85,89.9,90.25,86.3, 86.90,86.85,88.13,1527453,1346.09,13980, 745795, 48.83
ABFRL, EQ, 17-Feb-2020,265.5,264.7,267.4,254.0, 265.90,265.1,261.89,567062,1485.06,15909, 253261, 44.66
ABSLBANETF, EQ, 17-Feb-2020,310.0,306.8,306.85,306.8, 306.85,306.85,306.85,65000,199.45,8, 65000, 100.00
ABSLFTSGRN, MF, 17-Feb-2020,10.07,10.2,10.2,10.2, 10.20,10.2,10.2,2000,0.2,1, 2000, 100.00
ABSLNN50ET, EQ, 17-Feb-2020,288.7,287.57,287.57,282.83, 282.83,282.83,285.69,7,0.02,6, 2, 28.57
ACC, EQ, 17-Feb-2020,1440.4,1445.0,1446.55,1416.1, 1422.00,1423.95,1428.18,571157,8157.14,21768, 125156, 21.91
ACCELYA, EQ, 17-Feb-2020,1033.1,1026.45,1036.45,1005.0, 1016.20,1021.4,1022.16,6473,66.16,447, 4379, 67.65
ACCORD, SM, 17-Feb-2020,17.6,16.5,16.5,16.5, 16.50,16.5,16.5,2000,0.33,1, 2000, 100.00
ACCURACY, SM, 17-Feb-2020,24.0,24.5,24.5,24.5, 24.50,24.5,24.5,1600,0.39,1, 1600, 100.00
ACE, EQ, 17-Feb-2020,77.3,77.4,78.5,77.05, 77.20,77.4,77.93,54549,42.51,593, 36930, 67.70
ADANIENT, EQ, 17-Feb-2020,256.15,256.9,257.4,251.65, 252.60,252.5,254.82,2411524,6145.1,18128, 248964, 10.32
ADANIGAS, EQ, 17-Feb-2020,165.0,165.8,169.5,163.25, 165.90,166.05,166.08,1187408,1972.0,10340, 311837, 26.26
ADANIGREEN, EQ, 17-Feb-2020,206.8,208.4,208.4,198.0, 198.10,198.35,200.53,773097,1550.31,10575, 404150, 52.28
ADANIPORTS, EQ, 17-Feb-2020,366.85,366.85,366.85,359.4, 362.45,362.8,361.85,1979626,7163.34,26024, 700597, 35.39
ADANIPOWER, EQ, 17-Feb-2020,59.6,59.3,59.45,56.55, 56.80,57.55,58.32,4879254,2845.7,11523, 984290, 20.17
ADANITRANS, EQ, 17-Feb-2020,328.45,330.0,331.9,310.65, 314.90,314.65,319.04,173660,554.05,4687, 95362, 54.91
ADFFOODS, EQ, 17-Feb-2020,299.7,298.2,303.9,295.0, 303.80,301.25,298.07,15972,47.61,664, 8118, 50.83
ADHUNIKIND, EQ, 17-Feb-2020,37.7,36.05,38.3,35.85, 36.30,36.3,36.21,6648,2.41,89, 4778, 71.87
ADLABS, BE, 17-Feb-2020,3.7,3.55,3.75,3.55, 3.55,3.55,3.62,31693,1.15,73, -, -
ADORWELD, EQ, 17-Feb-2020,330.45,335.0,335.0,306.15, 308.00,308.8,314.14,10244,32.18,599, 7554, 73.74
ADROITINFO, BE, 17-Feb-2020,5.75,5.75,5.75,5.5, 5.50,5.5,5.51,2401,0.13,10, -, -
ADSL, BE, 17-Feb-2020,22.6,22.6,23.0,21.5, 21.85,21.65,22.13,10113,2.24,76, -, -
ADVANIHOTR, EQ, 17-Feb-2020,58.25,58.25,59.6,56.85, 57.20,57.2,57.99,3250,1.88,91, 2643, 81.32
ADVENZYMES, EQ, 17-Feb-2020,166.05,164.4,166.15,161.25, 161.25,162.05,163.58,34409,56.29,1430, 23235, 67.53
AEGISCHEM, EQ, 17-Feb-2020,244.6,246.05,255.5,243.35, 252.75,252.85,250.77,661921,1659.89,16987, 312514, 47.21
AFFLE, EQ, 17-Feb-2020,1961.3,1977.7,2040.4,1856.1, 1972.45,1980.7,1955.09,263894,5159.37,21798, 50629, 19.19
AGARIND, EQ, 17-Feb-2020,81.7,88.8,88.8,82.0, 82.85,82.8,84.42,12803,10.81,295, 9860, 77.01
AGCNET, EQ, 17-Feb-2020,337.85,321.0,354.7,321.0, 347.00,346.45,334.08,108746,363.3,2151, 71865, 66.09
AGRITECH, EQ, 17-Feb-2020,42.25,42.05,42.8,41.55, 41.55,41.7,41.94,12290,5.15,156, 8852, 72.03
AGROPHOS, EQ, 17-Feb-2020,13.65,13.0,13.0,13.0, 13.00,13.0,13.0,1882,0.24,30, 1882, 100.00
AHLADA, SM, 17-Feb-2020,63.0,57.5,59.9,57.05, 59.80,58.4,58.35,5000,2.92,5, 2000, 40.00
AHLEAST, EQ, 17-Feb-2020,191.0,193.05,193.05,185.05, 186.05,186.2,187.53,215,0.4,65, 115, 53.49
AHLUCONT, EQ, 17-Feb-2020,325.55,325.0,328.45,315.95, 321.00,319.9,321.27,4731,15.2,186, 3431, 72.52
AHLWEST, EQ, 17-Feb-2020,337.85,341.2,360.0,338.0, 360.00,356.85,345.52,7267,25.11,235, 6908, 95.06
AIAENG, EQ, 17-Feb-2020,1874.05,1874.05,1886.75,1810.05, 1813.00,1824.6,1849.97,8037,148.68,1333, 3986, 49.60
AIONJSW, EQ, 17-Feb-2020,15.65,15.85,16.4,15.1, 15.45,15.35,15.74,201366,31.69,698, 123364, 61.26
AIRAN, EQ, 17-Feb-2020,12.55,13.35,13.6,11.75, 12.45,12.45,12.69,4546,0.58,64, 2188, 48.13
AIROLAM, SM, 17-Feb-2020,26.1,25.95,25.95,25.95, 25.95,25.95,25.95,6000,1.56,1, 6000, 100.00
AJANTPHARM, EQ, 17-Feb-2020,1414.4,1414.4,1420.0,1328.2, 1329.50,1354.05,1377.78,87952,1211.78,9915, 29636, 33.70
AJMERA, EQ, 17-Feb-2020,118.35,119.1,119.9,113.8, 114.00,114.8,115.76,20270,23.46,729, 13741, 67.79
AKSHARCHEM, EQ, 17-Feb-2020,280.0,280.8,311.0,279.95, 303.00,302.05,301.61,60056,181.14,2418, 35810, 59.63
AKSHOPTFBR, EQ, 17-Feb-2020,6.4,6.2,6.3,6.1, 6.10,6.1,6.14,237344,14.57,427, 189913, 80.02
AKZOINDIA, EQ, 17-Feb-2020,2380.8,2377.0,2500.0,2362.75, 2377.45,2388.2,2436.35,52188,1271.48,7329, 17438, 33.41
ALANKIT, EQ, 17-Feb-2020,15.45,15.55,15.9,14.25, 15.00,15.1,15.22,142876,21.75,381, 37458, 26.22
ALBERTDAVD, EQ, 17-Feb-2020,480.5,474.0,480.15,454.5, 460.00,458.85,466.05,16495,76.87,884, 11460, 69.48
ALBK, EQ, 17-Feb-2020,15.15,15.15,15.2,14.5, 14.60,14.65,14.84,714764,106.08,2797, 442136, 61.86
ALCHEM, BE, 17-Feb-2020,1.2,1.15,1.15,1.15, 1.15,1.15,1.15,152,0.0,4, -, -
ALEMBICLTD, EQ, 17-Feb-2020,51.0,51.05,51.7,49.65, 50.05,50.0,50.51,83288,42.07,746, 56458, 67.79
ALICON, EQ, 17-Feb-2020,366.4,361.0,369.95,361.0, 363.25,363.2,365.84,579,2.12,35, 489, 84.46
ALKALI, EQ, 17-Feb-2020,45.85,47.95,48.7,45.1, 45.10,46.05,46.78,6421,3.0,207, 4998, 77.84
ALKEM, EQ, 17-Feb-2020,2649.3,2650.0,2650.0,2535.0, 2595.40,2582.25,2597.41,53972,1401.87,7418, 25095, 46.50
ALKYLAMINE, EQ, 17-Feb-2020,1570.9,1570.9,1585.0,1527.5, 1558.90,1556.25,1564.24,22941,358.85,3058, 15026, 65.50
ALLCARGO, EQ, 17-Feb-2020,110.95,111.0,112.8,108.2, 109.45,110.2,110.14,230142,253.48,2487, 164748, 71.59
ALLSEC, EQ, 17-Feb-2020,264.75,264.75,271.95,256.0, 257.20,258.75,260.81,3479,9.07,211, 2355, 67.69
ALMONDZ, EQ, 17-Feb-2020,16.45,15.65,16.85,15.65, 16.80,16.3,16.1,1695,0.27,78, 1390, 82.01
ALPA, EQ, 17-Feb-2020,20.25,21.3,21.3,19.6, 19.60,19.8,20.31,19312,3.92,194, 14156, 73.30
ALPHAGEO, EQ, 17-Feb-2020,215.8,215.0,258.95,200.2, 243.30,244.1,247.43,370878,917.65,8054, 70181, 18.92
ALPSINDUS, BE, 17-Feb-2020,1.0,1.0,1.0,0.95, 1.00,1.0,0.96,5781,0.06,13, -, -
AMARAJABAT, EQ, 17-Feb-2020,755.8,760.5,766.95,746.5, 763.50,762.8,759.35,389015,2954.0,9014, 103139, 26.51
AMBER, EQ, 17-Feb-2020,1572.65,1574.0,1600.0,1506.2, 1561.00,1573.35,1548.56,102548,1588.02,8443, 32937, 32.12
AMBIKCO, EQ, 17-Feb-2020,814.4,814.4,825.55,800.0, 823.00,819.2,816.52,3580,29.23,381, 2479, 69.25
AMBUJACEM, EQ, 17-Feb-2020,205.65,205.35,206.35,202.3, 203.85,203.8,204.53,1397181,2857.69,13465, 513861, 36.78
AMDIND, EQ, 17-Feb-2020,15.75,15.5,16.25,15.2, 15.95,15.95,15.72,6879,1.08,29, 5776, 83.97
AMJLAND, EQ, 17-Feb-2020,21.15,20.55,21.2,19.9, 19.90,20.15,20.5,4977,1.02,66, 3426, 68.84
AMRUTANJAN, EQ, 17-Feb-2020,505.55,509.9,519.0,495.0, 495.00,500.2,507.5,37188,188.73,2226, 14172, 38.11
ANANTRAJ, EQ, 17-Feb-2020,32.7,33.5,33.55,32.3, 32.50,32.35,32.72,145079,47.47,1373, 63201, 43.56
ANDHRABANK, EQ, 17-Feb-2020,15.5,15.7,15.7,15.1, 15.15,15.15,15.26,520669,79.44,1931, 289870, 55.67
ANDHRACEMT, EQ, 17-Feb-2020,2.25,2.25,2.25,2.15, 2.15,2.15,2.19,30341,0.67,74, 22984, 75.75
ANDHRSUGAR, EQ, 17-Feb-2020,286.7,294.4,297.55,276.2, 277.90,279.15,286.04,52374,149.81,1904, 28542, 54.50
ANDPAPER, EQ, 17-Feb-2020,272.05,272.05,273.5,261.2, 268.45,267.5,267.2,7145,19.09,455, 3119, 43.65
ANIKINDS, BE, 17-Feb-2020,8.75,9.15,9.15,8.35, 8.35,8.35,8.74,1001,0.09,12, -, -
ANKITMETAL, BE, 17-Feb-2020,0.4,0.45,0.45,0.4, 0.45,0.45,0.45,10848,0.05,17, -, -
ANSALAPI, EQ, 17-Feb-2020,5.65,5.35,5.6,5.2, 5.25,5.3,5.41,56577,3.06,141, 36762, 64.98
ANSALHSG, BE, 17-Feb-2020,4.85,4.75,4.95,4.75, 4.75,4.75,4.81,7745,0.37,24, -, -
ANTGRAPHIC, BE, 17-Feb-2020,0.65,0.65,0.65,0.6, 0.65,0.65,0.63,2112,0.01,6, -, -
ANUP, EQ, 17-Feb-2020,579.1,580.0,581.7,561.05, 570.00,568.0,568.88,10944,62.26,723, 6868, 62.76
APARINDS, EQ, 17-Feb-2020,391.95,392.0,402.0,390.55, 392.20,394.85,394.57,21746,85.8,1167, 13815, 63.53
APCL, EQ, 17-Feb-2020,155.45,161.35,161.35,153.0, 155.05,153.7,154.79,4470,6.92,100, 3555, 79.53
APCOTEXIND, EQ, 17-Feb-2020,140.5,143.5,145.1,141.45, 142.35,143.15,143.46,19943,28.61,712, 10620, 53.25
APEX, EQ, 17-Feb-2020,367.35,367.35,369.95,352.45, 355.80,355.65,357.86,128910,461.32,4881, 43862, 34.03
APLAPOLLO, EQ, 17-Feb-2020,2004.65,2018.6,2018.6,1972.7, 2000.10,2000.15,1999.53,63420,1268.1,2496, 57875, 91.26
APLLTD, EQ, 17-Feb-2020,643.35,648.0,654.2,637.65, 644.00,644.0,648.23,119579,775.14,6431, 65530, 54.80
APOLLO, EQ, 17-Feb-2020,78.85,81.0,81.0,75.3, 78.80,77.65,77.24,30293,23.4,1352, 12952, 42.76
APOLLOHOSP, EQ, 17-Feb-2020,1704.4,1727.0,1737.0,1700.1, 1720.00,1715.05,1717.91,808709,13892.86,37542, 185540, 22.94
APOLLOPIPE, EQ, 17-Feb-2020,469.55,461.0,476.65,453.5, 455.10,457.85,459.83,6460,29.71,246, 5727, 88.65
APOLLOTYRE, EQ, 17-Feb-2020,159.05,159.3,159.3,153.35, 154.45,154.45,155.57,2621877,4078.91,21412, 373328, 14.24
APOLSINHOT, EQ, 17-Feb-2020,710.5,696.1,696.6,645.0, 649.05,651.1,659.52,3376,22.27,372, 1943, 57.55
APTECHT, EQ, 17-Feb-2020,151.9,152.9,153.7,146.7, 148.65,149.1,150.1,200130,300.39,5825, 46994, 23.48
ARCHIDPLY, BE, 17-Feb-2020,23.15,22.35,23.0,22.0, 22.00,22.0,22.29,22145,4.94,169, -, -
ARCHIES, EQ, 17-Feb-2020,16.75,16.6,16.95,15.9, 15.95,16.05,16.18,53629,8.68,207, 28600, 53.33
ARCOTECH, BE, 17-Feb-2020,1.5,1.5,1.55,1.45, 1.50,1.5,1.48,47762,0.71,52, -, -
ARIES, EQ, 17-Feb-2020,65.9,66.1,66.5,63.15, 64.00,63.9,65.06,16949,11.03,375, 12829, 75.69
ARIHANT, EQ, 17-Feb-2020,20.5,19.1,19.8,19.1, 19.70,19.7,19.23,727,0.14,28, 590, 81.16
ARIHANTSUP, EQ, 17-Feb-2020,27.3,27.3,27.3,25.95, 27.00,27.0,26.55,479,0.13,18, 472, 98.54
ARMANFIN, EQ, 17-Feb-2020,933.35,940.0,947.4,871.25, 901.60,902.7,905.02,21456,194.18,1458, 12117, 56.47
AROGRANITE, EQ, 17-Feb-2020,31.85,31.3,34.6,31.3, 33.00,33.8,33.11,4823,1.6,194, 4130, 85.63
ARROWGREEN, BE, 17-Feb-2020,45.95,43.8,45.7,43.7, 43.70,43.7,43.97,3931,1.73,80, -, -
ARSHIYA, EQ, 17-Feb-2020,16.35,16.4,16.65,16.0, 16.00,16.0,16.11,9364,1.51,82, 6645, 70.96
ARSSINFRA, EQ, 17-Feb-2020,16.55,16.1,17.15,15.6, 15.65,15.7,15.98,16676,2.67,117, 13747, 82.44
ARTEMISMED, EQ, 17-Feb-2020,227.75,215.5,226.7,186.8, 221.45,212.35,210.27,1503,3.16,47, 1404, 93.41
ARVIND, EQ, 17-Feb-2020,38.2,38.2,39.05,37.95, 38.80,38.55,38.6,1094902,422.67,6548, 757123, 69.15
ARVINDFASN, EQ, 17-Feb-2020,389.1,388.4,389.5,374.3, 381.25,382.1,380.76,13665,52.03,673, 8770, 64.18
ARVSMART, EQ, 17-Feb-2020,87.25,86.95,87.95,81.15, 82.00,82.35,83.97,20391,17.12,552, 15267, 74.87
ASAHIINDIA, EQ, 17-Feb-2020,259.5,261.05,264.0,252.0, 258.05,259.55,256.48,22604,57.97,848, 11433, 50.58
ASAHISONG, EQ, 17-Feb-2020,131.0,130.1,134.9,128.7, 129.90,130.1,131.03,4938,6.47,220, 4167, 84.39
ASAL, EQ, 17-Feb-2020,29.05,27.95,29.45,27.95, 28.30,28.3,28.46,1122,0.32,32, 782, 69.70
ASALCBR, EQ, 17-Feb-2020,272.75,280.7,297.75,265.0, 266.00,267.7,279.14,58283,162.69,1369, 31768, 54.51
ASHAPURMIN, EQ, 17-Feb-2020,40.2,40.2,42.1,38.35, 38.90,38.75,40.12,85231,34.2,658, 52785, 61.93
ASHIANA, EQ, 17-Feb-2020,108.15,108.95,109.0,103.0, 106.30,106.0,104.98,42231,44.33,847, 29835, 70.65
ASHIMASYN, EQ, 17-Feb-2020,6.6,6.55,6.8,6.15, 6.55,6.45,6.43,21832,1.4,125, 16612, 76.09
ASHOKA, EQ, 17-Feb-2020,102.65,102.0,102.45,98.5, 99.30,99.55,100.13,372660,373.13,12548, 204165, 54.79
ASHOKLEY, EQ, 17-Feb-2020,80.25,80.25,82.7,79.6, 81.65,81.55,81.4,19342729,15744.65,46189, 2332677, 12.06
ASIANHOTNR, EQ, 17-Feb-2020,83.75,85.4,85.4,80.0, 80.00,82.0,82.47,2185,1.8,105, 1534, 70.21
ASIANPAINT, EQ, 17-Feb-2020,1877.05,1879.9,1893.5,1870.6, 1880.25,1881.4,1884.02,676579,12746.89,26042, 222129, 32.83
ASIANTILES, EQ, 17-Feb-2020,241.7,235.8,248.0,235.5, 245.00,243.0,240.89,175063,421.71,3847, 71184, 40.66
ASPINWALL, EQ, 17-Feb-2020,135.5,133.55,139.9,133.55, 139.35,139.0,139.0,2044,2.84,27, 2024, 99.02
ASTEC, EQ, 17-Feb-2020,477.35,470.25,474.9,460.55, 463.55,467.25,465.27,4644,21.61,420, 1839, 39.60
ASTERDM, EQ, 17-Feb-2020,173.2,173.55,174.65,167.55, 168.65,168.15,170.45,69152,117.87,2064, 36710, 53.09
ASTRAL, EQ, 17-Feb-2020,1197.65,1200.0,1214.15,1185.0, 1186.00,1198.2,1199.08,101906,1221.93,12842, 77164, 75.72
ASTRAMICRO, EQ, 17-Feb-2020,95.8,95.25,100.9,94.1, 98.40,97.85,98.19,908794,892.3,6492, 466888, 51.37
ASTRAZEN, EQ, 17-Feb-2020,2865.15,2869.0,2899.6,2725.0, 2730.00,2740.25,2787.27,27316,761.37,4538, 15128, 55.38
ASTRON, EQ, 17-Feb-2020,38.4,38.25,38.5,38.0, 38.10,38.2,38.12,18017,6.87,116, 11806, 65.53
ATFL, EQ, 17-Feb-2020,704.25,714.0,714.0,677.15, 680.05,683.75,689.7,7427,51.22,528, 5431, 73.13
ATLANTA, EQ, 17-Feb-2020,5.6,5.8,5.8,5.4, 5.70,5.5,5.52,5009,0.28,49, 3340, 66.68
ATLASCYCLE, BE, 17-Feb-2020,48.05,49.95,49.95,46.5, 49.50,49.0,49.05,4372,2.14,49, -, -
ATNINTER, BE, 17-Feb-2020,0.1,0.05,0.15,0.05, 0.05,0.1,0.07,4207,0.0,19, -, -
ATUL, EQ, 17-Feb-2020,4968.25,5026.85,5030.0,4952.1, 5000.00,4975.6,4990.47,7951,396.79,2074, 4027, 50.65
ATULAUTO, EQ, 17-Feb-2020,242.65,242.65,247.3,238.1, 238.10,239.0,240.97,25271,60.9,1128, 14517, 57.45
AUBANK, EQ, 17-Feb-2020,1146.05,1159.7,1176.4,1129.0, 1137.00,1140.25,1150.07,480200,5522.62,38621, 249298, 51.92
AURIONPRO, EQ, 17-Feb-2020,44.1,43.5,45.1,37.1, 44.10,44.15,41.36,63944,26.45,788, 45061, 70.47
AUROPHARMA, EQ, 17-Feb-2020,514.35,515.05,519.0,492.2, 493.15,493.6,503.84,3731164,18799.15,65318, 760202, 20.37
AUSOMENT, BE, 17-Feb-2020,40.7,38.75,40.5,38.75, 40.00,40.0,39.39,108,0.04,10, -, -
AUTOAXLES, EQ, 17-Feb-2020,778.9,750.05,780.0,708.6, 779.00,765.4,745.44,30868,230.1,2244, 8716, 28.24
AUTOIND, BE, 17-Feb-2020,22.85,23.1,23.7,21.75, 22.55,22.65,22.63,14757,3.34,86, -, -
AUTOLITIND, EQ, 17-Feb-2020,22.3,22.0,22.0,20.5, 21.85,21.45,21.2,2248,0.48,61, 2113, 93.99
AVADHSUGAR, EQ, 17-Feb-2020,263.0,273.35,276.95,260.1, 262.00,263.55,267.53,134455,359.71,3424, 49271, 36.64
AVANTIFEED, EQ, 17-Feb-2020,609.1,609.9,610.8,582.25, 583.00,585.8,592.09,427652,2532.1,19336, 165726, 38.75
AVG, SM, 17-Feb-2020,63.65,61.65,69.0,61.65, 69.00,65.3,65.33,2400,1.57,2, 1200, 50.00
AVTNPL, EQ, 17-Feb-2020,40.3,40.85,41.3,38.45, 38.75,38.85,39.42,169408,66.78,1202, 91511, 54.02
AXISBANK, EQ, 17-Feb-2020,736.5,737.4,743.1,730.2, 738.50,738.4,736.29,4275465,31479.81,68454, 967309, 22.62
AXISCADES, BE, 17-Feb-2020,60.4,61.0,61.1,58.2, 59.90,59.7,59.27,8780,5.2,104, -, -
AXISGOLD, EQ, 17-Feb-2020,3589.8,3600.05,3626.95,3589.05, 3589.05,3596.45,3608.47,370,13.35,89, 219, 59.19
AXISNIFTY, EQ, 17-Feb-2020,1249.84,1252.94,1252.95,1238.54, 1246.98,1246.98,1244.84,187,2.33,17, 156, 83.42
AYMSYNTEX, EQ, 17-Feb-2020,34.85,33.6,36.45,33.6, 34.80,34.8,35.07,13276,4.66,216, 11307, 85.17
BAGFILMS, BE, 17-Feb-2020,1.7,1.65,1.75,1.65, 1.70,1.7,1.68,64663,1.08,67, -, -
BAJAJ-AUTO, EQ, 17-Feb-2020,3146.4,3152.55,3159.45,3070.0, 3071.95,3075.6,3100.65,269986,8371.33,19486, 56914, 21.08
BAJAJCON, EQ, 17-Feb-2020,197.8,198.0,200.0,188.2, 199.00,197.7,194.28,182617,354.79,5489, 92830, 50.83
BAJAJELEC, EQ, 17-Feb-2020,412.95,415.0,415.0,400.55, 404.50,406.2,406.26,55962,227.35,2200, 26441, 47.25
BAJAJFINSV, EQ, 17-Feb-2020,9690.5,9699.8,9785.25,9514.55, 9530.00,9528.85,9578.9,175401,16801.48,23128, 44837, 25.56
BAJAJHIND, EQ, 17-Feb-2020,6.0,6.1,6.25,6.05, 6.10,6.05,6.13,1011637,62.03,1020, 533600, 52.75
BAJAJHLDNG, EQ, 17-Feb-2020,3756.55,3766.0,3770.0,3680.0, 3727.00,3718.25,3719.31,32564,1211.16,11094, 15123, 46.44
BAJFINANCE, EQ, 17-Feb-2020,4781.75,4781.75,4798.0,4750.05, 4779.00,4776.65,4773.35,716484,34200.29,63968, 217791, 30.40
BALAJITELE, EQ, 17-Feb-2020,56.95,56.95,57.0,53.2, 53.50,53.55,54.67,39191,21.43,558, 22674, 57.86
BALAMINES, EQ, 17-Feb-2020,421.65,423.0,426.7,412.35, 418.80,413.4,417.57,32064,133.89,1617, 16340, 50.96
BALAXI, EQ, 17-Feb-2020,116.45,128.05,128.05,117.0, 123.90,125.1,124.07,3507,4.35,268, 1802, 51.38
BALKRISHNA, EQ, 17-Feb-2020,15.65,16.35,16.4,15.05, 16.00,16.2,16.03,3900,0.63,61, 2213, 56.74
BALKRISIND, EQ, 17-Feb-2020,1157.05,1175.0,1285.0,1174.85, 1278.00,1277.15,1258.45,5291533,66591.5,134917, 1092984, 20.66
BALLARPUR, BE, 17-Feb-2020,0.5,0.45,0.5,0.45, 0.45,0.45,0.45,1548206,6.98,357, -, -
BALMLAWRIE, EQ, 17-Feb-2020,112.5,114.95,114.95,110.2, 110.20,110.85,111.52,68675,76.59,1563, 44041, 64.13
BALPHARMA, EQ, 17-Feb-2020,41.85,41.45,42.5,40.0, 40.45,40.4,40.6,6074,2.47,152, 5121, 84.31
BALRAMCHIN, EQ, 17-Feb-2020,169.4,174.1,177.4,170.7, 172.00,171.85,173.47,1399596,2427.82,15064, 468484, 33.47
BANARBEADS, EQ, 17-Feb-2020,36.0,37.25,37.25,34.3, 35.05,35.05,35.36,1063,0.38,33, 751, 70.65
BANARISUG, EQ, 17-Feb-2020,1505.55,1516.0,1525.0,1500.0, 1500.00,1500.45,1502.89,1037,15.58,214, 713, 68.76
BANCOINDIA, EQ, 17-Feb-2020,96.8,98.0,98.0,94.5, 96.00,95.4,96.03,76670,73.63,809, 60821, 79.33
BANDHANBNK, EQ, 17-Feb-2020,452.55,452.9,456.55,432.6, 435.50,433.95,439.12,1056099,4637.54,29744, 559006, 52.93
BANG, EQ, 17-Feb-2020,19.0,19.0,19.75,18.25, 19.40,19.4,19.14,2285,0.44,35, 1996, 87.35
BANKBARODA, EQ, 17-Feb-2020,86.45,85.3,86.35,82.0, 82.25,82.3,83.6,22256419,18606.28,55335, 5238297, 23.54
BANKBEES, EQ, 17-Feb-2020,314.75,316.8,316.8,312.55, 313.49,313.06,313.46,156900,491.83,2501, 89500, 57.04
BANKINDIA, EQ, 17-Feb-2020,63.05,63.05,63.3,60.8, 60.85,61.15,61.77,1263934,780.67,8705, 268698, 21.26
BANSWRAS, BE, 17-Feb-2020,128.05,132.0,134.45,132.0, 134.45,134.45,133.41,16138,21.53,116, -, -
BARTRONICS, BE, 17-Feb-2020,1.0,1.0,1.05,0.95, 1.05,1.05,0.99,3964,0.04,20, -, -
BASF, EQ, 17-Feb-2020,873.65,880.0,882.95,862.0, 865.00,863.85,871.39,21388,186.37,1793, 13634, 63.75
BASML, EQ, 17-Feb-2020,124.05,124.55,124.55,116.95, 124.05,122.85,122.98,721,0.89,37, 512, 71.01
BATAINDIA, EQ, 17-Feb-2020,1783.25,1789.4,1804.75,1763.0, 1784.00,1785.15,1787.95,427930,7651.17,17011, 163441, 38.19
BAYERCROP, EQ, 17-Feb-2020,4357.05,4357.05,4444.0,4220.05, 4250.00,4254.9,4356.02,101414,4417.61,3167, 96145, 94.80
BBL, EQ, 17-Feb-2020,822.75,830.75,836.95,805.0, 807.80,807.0,815.72,10149,82.79,687, 6633, 65.36
BBTC, EQ, 17-Feb-2020,1155.6,1155.6,1167.9,1125.0, 1132.00,1128.55,1145.43,59099,676.94,4094, 25176, 42.60
BCG, BE, 17-Feb-2020,4.45,4.65,4.65,4.65, 4.65,4.65,4.65,185242,8.61,97, -, -
BCONCEPTS, SM, 17-Feb-2020,27.7,27.5,28.45,27.5, 28.45,28.45,27.98,6000,1.68,2, 3000, 50.00
BCP, BE, 17-Feb-2020,19.25,18.5,19.85,18.5, 19.85,19.65,19.58,5908,1.16,29, -, -
BDL, EQ, 17-Feb-2020,274.0,278.0,278.35,266.05, 267.85,267.25,271.51,55136,149.7,1951, 35745, 64.83
BEARDSELL, BE, 17-Feb-2020,8.3,8.0,8.7,7.9, 7.90,7.9,8.11,2510,0.2,17, -, -
BEDMUTHA, BE, 17-Feb-2020,15.65,15.65,16.25,14.9, 15.50,15.4,14.98,6549,0.98,20, -, -
BEL, EQ, 17-Feb-2020,83.05,83.1,83.55,80.5, 80.75,81.0,81.42,12270043,9990.13,45077, 6686165, 54.49
BEML, EQ, 17-Feb-2020,935.35,935.9,939.75,914.0, 919.55,920.25,921.16,177700,1636.9,6603, 34592, 19.47
BEPL, EQ, 17-Feb-2020,45.75,46.1,46.4,43.0, 43.40,43.15,44.43,254158,112.91,2257, 143437, 56.44
BERGEPAINT, EQ, 17-Feb-2020,579.6,578.5,587.65,577.0, 579.05,580.15,582.24,820521,4777.42,13835, 213986, 26.08
BFINVEST, EQ, 17-Feb-2020,319.55,321.2,322.8,316.5, 317.90,319.25,320.02,21629,69.22,533, 11753, 54.34
BFUTILITIE, EQ, 17-Feb-2020,322.75,328.0,329.75,314.5, 314.65,315.65,319.88,183602,587.31,4724, 72265, 39.36
BGLOBAL, BE, 17-Feb-2020,1.4,1.35,1.4,1.35, 1.40,1.4,1.36,17656,0.24,20, -, -
BGRENERGY, EQ, 17-Feb-2020,37.3,43.4,44.75,42.15, 44.25,44.2,44.0,2474558,1088.84,16205, 793504, 32.07
BHAGERIA, EQ, 17-Feb-2020,145.95,146.0,153.3,143.6, 151.00,149.65,149.36,126073,188.3,3338, 63036, 50.00
BHAGYANGR, EQ, 17-Feb-2020,19.0,21.5,21.8,19.0, 19.30,19.7,19.75,4843,0.96,128, 3925, 81.04
BHAGYAPROP, EQ, 17-Feb-2020,23.55,23.55,24.4,23.55, 24.40,24.4,24.29,20746,5.04,8, 20746, 100.00
BHANDARI, EQ, 17-Feb-2020,1.2,1.25,1.25,1.1, 1.25,1.2,1.2,167320,2.01,99, 112137, 67.02
BHARATFORG, EQ, 17-Feb-2020,485.45,486.0,488.4,481.25, 484.00,485.35,484.4,960652,4653.42,17382, 303212, 31.56
BHARATGEAR, BE, 17-Feb-2020,53.95,54.75,54.75,51.3, 51.30,51.35,51.74,11978,6.2,118, -, -
BHARATRAS, EQ, 17-Feb-2020,7340.15,7100.0,7100.0,6685.0, 6900.00,6902.25,6868.37,15988,1098.11,4199, 7514, 47.00
BHARATWIRE, EQ, 17-Feb-2020,28.7,29.65,29.65,27.15, 27.15,27.45,27.7,44644,12.37,615, 30473, 68.26
BHARTIARTL, EQ, 17-Feb-2020,565.0,564.95,568.7,556.5, 565.40,564.85,563.78,22924036,129242.02,209076, 7641415, 33.33
BHEL, EQ, 17-Feb-2020,36.2,36.2,36.4,34.75, 34.85,34.85,35.33,21604096,7632.76,30907, 3811158, 17.64
BIGBLOC, BE, 17-Feb-2020,34.5,35.0,35.0,35.0, 35.00,35.0,35.0,100,0.04,4, -, -
BIL, EQ, 17-Feb-2020,169.3,168.3,168.3,152.4, 152.40,152.4,156.82,2582,4.05,163, 1700, 65.84
BILENERGY, EQ, 17-Feb-2020,0.7,0.65,0.7,0.65, 0.65,0.65,0.65,256118,1.66,203, 246822, 96.37
BINANIIND, BZ, 17-Feb-2020,8.15,7.75,7.75,7.75, 7.75,7.75,7.75,2218,0.17,5, -, -
BINDALAGRO, EQ, 17-Feb-2020,11.8,11.25,12.05,11.25, 11.75,11.9,11.7,12442,1.46,132, 8013, 64.40
BIOCON, EQ, 17-Feb-2020,307.8,309.05,311.5,302.3, 303.30,303.15,306.42,3201093,9808.82,30192, 824402, 25.75
BIOFILCHEM, BE, 17-Feb-2020,11.4,11.4,11.95,10.85, 10.85,10.9,11.3,5486,0.62,62, -, -
BIRLACABLE, EQ, 17-Feb-2020,52.35,51.95,52.25,50.2, 50.80,50.7,51.15,40047,20.48,667, 27087, 67.64
BIRLACORPN, EQ, 17-Feb-2020,748.35,776.8,776.8,738.35, 751.60,749.95,751.51,75596,568.11,4170, 34472, 45.60
BIRLAMONEY, EQ, 17-Feb-2020,34.35,34.0,34.3,33.55, 33.60,33.7,33.84,53199,18.0,642, 37712, 70.89
BIRLATYRE, BE, 17-Feb-2020,11.7,11.15,11.15,11.15, 11.15,11.15,11.15,8410,0.94,34, -, -
BLBLIMITED, EQ, 17-Feb-2020,3.95,4.15,4.25,4.1, 4.10,4.1,4.13,13467,0.56,25, 12467, 92.57
BLISSGVS, EQ, 17-Feb-2020,136.65,138.7,142.75,133.55, 141.50,141.8,139.52,367256,512.4,4856, 204825, 55.77
BLKASHYAP, EQ, 17-Feb-2020,8.0,8.0,8.3,7.9, 7.90,7.9,8.08,32472,2.62,253, 18974, 58.43
BLS, EQ, 17-Feb-2020,71.7,71.55,71.55,66.95, 69.05,69.55,69.01,115412,79.65,3629, 109727, 95.07
BLUEBLENDS, BE, 17-Feb-2020,0.65,0.7,0.7,0.6, 0.60,0.65,0.65,5467,0.04,8, -, -
BLUECHIP, BE, 17-Feb-2020,0.1,0.05,0.1,0.05, 0.10,0.1,0.06,13911,0.01,23, -, -
BLUECOAST, BE, 17-Feb-2020,4.9,4.7,4.7,4.7, 4.70,4.7,4.7,1,0.0,1, -, -
BLUEDART, EQ, 17-Feb-2020,2884.2,2891.45,2982.7,2882.05, 2930.00,2929.3,2932.86,4816,141.25,1381, 2211, 45.91
BLUESTARCO, EQ, 17-Feb-2020,838.0,838.0,863.9,834.5, 850.00,854.1,851.42,133032,1132.66,9003, 49310, 37.07
BODALCHEM, EQ, 17-Feb-2020,80.9,81.55,86.9,81.55, 85.50,85.2,84.92,1159758,984.81,9907, 471807, 40.68
BOHRA, SM, 17-Feb-2020,1.05,1.0,1.0,1.0, 1.00,1.0,1.0,4000,0.04,1, 4000, 100.00
BOMDYEING, EQ, 17-Feb-2020,85.8,85.9,86.15,82.8, 83.00,83.3,84.07,1012844,851.48,7233, 328995, 32.48
BOROSIL, EQ, 17-Feb-2020,192.5,192.0,207.95,191.0, 201.50,201.65,202.87,306535,621.86,7671, 107895, 35.20
BOSCHLTD, EQ, 17-Feb-2020,14615.1,14600.0,14950.0,14600.0, 14910.00,14870.5,14786.62,14321,2117.59,4459, 5411, 37.78
BPCL, EQ, 17-Feb-2020,476.45,478.45,478.45,460.0, 461.75,461.65,465.84,4512992,21023.36,49885, 900744, 19.96
BPL, EQ, 17-Feb-2020,21.25,21.4,21.95,20.4, 20.85,20.95,21.04,65610,13.81,563, 34313, 52.30
BRFL, EQ, 17-Feb-2020,4.0,4.0,4.2,4.0, 4.10,4.1,4.07,26127,1.06,65, 21126, 80.86
BRIGADE, EQ, 17-Feb-2020,227.3,226.2,230.85,223.6, 228.50,228.4,227.95,35234,80.32,4980, 18062, 51.26
BRITANNIA, EQ, 17-Feb-2020,3096.65,3095.0,3112.3,3072.05, 3087.25,3084.1,3092.32,224912,6955.01,33675, 106793, 47.48
BRITANNIA, N2, 17-Feb-2020,31.96,31.7,32.0,31.7, 31.93,31.92,31.88,3121,0.99,97, 2760, 88.43
BRNL, EQ, 17-Feb-2020,60.2,58.7,61.9,58.7, 60.50,59.65,59.88,1594,0.95,94, 1516, 95.11
BROOKS, EQ, 17-Feb-2020,32.9,33.0,33.2,28.5, 28.70,29.05,30.24,55571,16.8,1021, 44354, 79.82
BSE, EQ, 17-Feb-2020,523.4,523.0,526.8,502.5, 506.00,506.6,511.78,105804,541.48,4536, 63249, 59.78
BSHSL, SM, 17-Feb-2020,109.0,109.8,109.8,109.8, 109.80,109.8,109.8,1200,1.32,1, 1200, 100.00
BSL, EQ, 17-Feb-2020,30.95,29.25,32.0,29.25, 31.20,30.8,30.8,1099,0.34,68, 1021, 92.90
BSLGOLDETF, EQ, 17-Feb-2020,3760.0,3761.5,3850.0,3732.05, 3733.30,3745.35,3749.08,153,5.74,47, 102, 66.67
BSLNIFTY, EQ, 17-Feb-2020,132.17,132.0,132.23,131.14, 131.14,131.14,131.54,269,0.35,8, 200, 74.35
BSOFT, EQ, 17-Feb-2020,95.15,95.7,96.7,93.75, 93.85,94.25,94.89,913800,867.14,6630, 377797, 41.34
BURNPUR, EQ, 17-Feb-2020,1.1,1.1,1.15,1.05, 1.05,1.05,1.06,4359,0.05,35, 4349, 99.77
BUTTERFLY, EQ, 17-Feb-2020,195.15,196.9,200.0,189.5, 190.00,190.05,191.5,50490,96.69,1433, 31873, 63.13
BVCL, BE, 17-Feb-2020,13.25,13.5,13.5,12.9, 13.00,13.0,13.0,215221,27.98,32, -, -
BYKE, EQ, 17-Feb-2020,19.2,19.05,20.4,18.3, 18.70,18.75,18.92,20546,3.89,307, 10732, 52.23
CADILAHC, EQ, 17-Feb-2020,270.0,271.3,276.8,263.15, 266.25,266.35,269.22,2360644,6355.29,26015, 608636, 25.78
CALSOFT, EQ, 17-Feb-2020,13.5,14.4,14.4,12.25, 12.75,12.6,13.08,65927,8.62,213, 19575, 29.69
CAMLINFINE, EQ, 17-Feb-2020,70.95,70.5,71.7,65.8, 68.10,67.95,68.11,498765,339.69,5326, 272696, 54.67
CANBK, EQ, 17-Feb-2020,180.3,180.8,181.3,174.2, 174.55,174.8,176.48,6859158,12105.21,37887, 552858, 8.06
CANDC, BZ, 17-Feb-2020,2.1,2.1,2.1,2.0, 2.00,2.0,2.02,2345,0.05,9, -, -
CANFINHOME, EQ, 17-Feb-2020,510.15,513.3,514.0,503.0, 509.00,509.65,508.09,389070,1976.81,22523, 182447, 46.89
CANTABIL, EQ, 17-Feb-2020,308.2,322.0,357.95,322.0, 348.10,348.9,346.22,214511,742.67,7098, 85298, 39.76
CAPACITE, EQ, 17-Feb-2020,183.05,185.0,185.0,179.0, 180.00,180.2,180.19,45742,82.42,643, 41995, 91.81
CAPLIPOINT, EQ, 17-Feb-2020,336.6,336.0,337.3,323.0, 332.90,333.4,329.36,161402,531.6,4231, 113608, 70.39
CAPTRUST, EQ, 17-Feb-2020,120.5,120.5,120.5,114.5, 114.50,115.05,114.78,2106,2.42,42, 1941, 92.17
CARBORUNIV, EQ, 17-Feb-2020,338.2,341.0,341.0,333.2, 335.10,335.95,335.52,59281,198.9,1864, 49533, 83.56
CAREERP, EQ, 17-Feb-2020,125.95,127.8,130.1,125.1, 129.50,128.8,128.14,33811,43.33,670, 24364, 72.06
CARERATING, EQ, 17-Feb-2020,527.3,525.0,536.0,504.1, 509.00,511.4,515.83,290494,1498.45,10096, 107429, 36.98
CASTEXTECH, BE, 17-Feb-2020,0.35,0.3,0.4,0.3, 0.35,0.35,0.37,36299,0.13,35, -, -
CASTROLIND, EQ, 17-Feb-2020,158.25,158.75,158.75,152.1, 156.00,154.85,154.13,1054095,1624.67,9202, 321265, 30.48
CCHHL, BE, 17-Feb-2020,2.9,2.9,3.0,2.8, 2.85,2.8,2.82,26226,0.74,67, -, -
CCL, EQ, 17-Feb-2020,242.75,244.3,244.7,237.5, 240.75,240.25,239.96,126404,303.32,5567, 71371, 56.46
CDSL, EQ, 17-Feb-2020,277.5,277.0,279.45,272.0, 276.50,275.4,274.97,407268,1119.85,9082, 145901, 35.82
CEATLTD, EQ, 17-Feb-2020,1014.95,1014.0,1035.0,1001.0, 1024.00,1015.5,1018.54,84142,857.02,4107, 14460, 17.19
CEBBCO, EQ, 17-Feb-2020,14.1,14.15,14.35,13.55, 13.55,13.65,13.97,115080,16.08,217, 107963, 93.82
CELEBRITY, EQ, 17-Feb-2020,5.6,5.6,5.7,5.05, 5.05,5.05,5.14,42581,2.19,154, 19838, 46.59
CELESTIAL, BE, 17-Feb-2020,2.1,2.0,2.15,2.0, 2.00,2.0,2.05,29402,0.6,31, -, -
CENTENKA, EQ, 17-Feb-2020,171.4,172.3,174.8,170.0, 171.25,171.2,172.1,33615,57.85,605, 24589, 73.15
CENTEXT, EQ, 17-Feb-2020,2.75,2.6,2.7,2.5, 2.60,2.6,2.59,124167,3.21,139, 50459, 40.64
CENTRALBK, EQ, 17-Feb-2020,17.15,17.25,17.25,16.55, 16.75,16.7,16.9,465240,78.61,1496, 312980, 67.27
CENTRUM, EQ, 17-Feb-2020,20.65,21.1,21.1,18.5, 19.60,19.2,19.44,360891,70.15,1746, 205394, 56.91
CENTUM, EQ, 17-Feb-2020,364.8,377.0,377.0,367.5, 370.00,370.1,370.25,3635,13.46,207, 2595, 71.39
CENTURYPLY, EQ, 17-Feb-2020,160.25,160.4,161.05,154.0, 156.00,155.6,156.06,284946,444.7,6483, 201747, 70.80
CENTURYTEX, EQ, 17-Feb-2020,583.25,584.15,587.75,574.0, 580.10,578.6,580.41,621374,3606.54,11951, 84577, 13.61
CERA, EQ, 17-Feb-2020,2454.4,2410.15,2465.0,2410.0, 2412.55,2425.05,2435.7,3587,87.37,535, 2549, 71.06
CEREBRAINT, BE, 17-Feb-2020,38.85,36.95,38.7,36.95, 36.95,36.95,37.08,335261,124.32,471, -, -
CESC, EQ, 17-Feb-2020,713.35,717.75,717.75,698.5, 701.80,701.75,704.4,249386,1756.69,8294, 83825, 33.61
CESCVENT, EQ, 17-Feb-2020,306.1,305.0,306.1,301.0, 303.00,301.3,302.12,7661,23.15,248, 5735, 74.86
CGCL, EQ, 17-Feb-2020,220.55,220.0,220.0,212.4, 215.00,215.95,216.41,354781,767.79,6550, 36402, 10.26
CGPOWER, EQ, 17-Feb-2020,8.95,8.85,8.85,8.55, 8.70,8.75,8.67,316923,27.47,710, 266846, 84.20
CHALET, EQ, 17-Feb-2020,341.35,350.0,354.0,340.0, 340.00,343.1,347.32,4326,15.03,400, 2328, 53.81
CHAMBLFERT, EQ, 17-Feb-2020,162.9,163.0,165.95,160.5, 161.25,161.75,163.33,315181,514.77,4923, 97875, 31.05
CHEMBOND, EQ, 17-Feb-2020,210.05,208.8,211.4,200.0, 203.00,203.65,204.93,3407,6.98,341, 2363, 69.36
CHEMFAB, EQ, 17-Feb-2020,173.0,179.0,179.0,168.95, 168.95,169.05,169.89,2458,4.18,81, 1939, 78.89
CHENNPETRO, EQ, 17-Feb-2020,118.3,119.25,119.25,116.7, 117.55,117.45,117.53,128664,151.22,1928, 69040, 53.66
CHOLAFIN, EQ, 17-Feb-2020,332.75,334.35,334.35,327.0, 331.10,331.45,330.99,803122,2658.22,19865, 243658, 30.34
CHOLAHLDNG, EQ, 17-Feb-2020,544.0,548.5,548.5,525.1, 539.00,535.2,536.01,25320,135.72,1577, 12772, 50.44
CIGNITITEC, EQ, 17-Feb-2020,291.75,291.0,293.55,280.5, 281.50,282.5,284.52,27127,77.18,608, 24629, 90.79
CIMMCO, EQ, 17-Feb-2020,20.15,20.25,20.4,19.1, 19.70,19.45,19.74,12647,2.5,116, 10261, 81.13
CINELINE, EQ, 17-Feb-2020,38.6,39.4,39.7,36.8, 36.80,37.1,37.77,20852,7.88,272, 15007, 71.97
CINEVISTA, EQ, 17-Feb-2020,6.3,6.05,6.6,6.05, 6.50,6.5,6.15,1893,0.12,14, 1751, 92.50
CIPLA, EQ, 17-Feb-2020,447.1,444.5,445.75,430.1, 433.25,431.9,433.76,4581786,19873.96,80822, 1453094, 31.71
CKFSL, EQ, 17-Feb-2020,0.3,0.35,0.35,0.3, 0.35,0.35,0.34,280449,0.94,96, 200673, 71.55
CKPLEISURE, SM, 17-Feb-2020,6.1,5.75,5.75,5.5, 5.75,5.75,5.72,72000,4.12,18, 68000, 94.44
CLEDUCATE, EQ, 17-Feb-2020,70.2,70.2,70.45,68.15, 68.20,68.6,69.12,2511,1.74,72, 2370, 94.38
CLNINDIA, EQ, 17-Feb-2020,432.05,414.0,414.1,355.5, 359.00,361.5,377.55,261749,988.23,8387, 152072, 58.10
CMICABLES, EQ, 17-Feb-2020,36.75,36.35,37.55,33.2, 34.90,34.1,35.54,42074,14.95,637, 32242, 76.63
CMMIPL, SM, 17-Feb-2020,8.05,7.65,7.65,7.65, 7.65,7.65,7.65,6000,0.46,2, 6000, 100.00
CNOVAPETRO, BE, 17-Feb-2020,8.2,7.8,7.8,7.8, 7.80,7.8,7.8,255,0.02,6, -, -
COALINDIA, EQ, 17-Feb-2020,174.75,174.75,175.2,166.8, 168.10,167.85,169.14,15997350,27057.25,97423, 5844355, 36.53
COCHINSHIP, EQ, 17-Feb-2020,352.1,353.25,355.95,340.1, 342.70,342.25,345.03,226906,782.89,20143, 136397, 60.11
COLPAL, EQ, 17-Feb-2020,1340.3,1347.35,1352.0,1328.45, 1332.35,1332.35,1338.18,314694,4211.18,26480, 170055, 54.04
COMPINFO, EQ, 17-Feb-2020,15.35,15.35,15.8,14.7, 15.20,15.0,15.0,56444,8.47,158, 52788, 93.52
COMPUSOFT, EQ, 17-Feb-2020,6.3,6.35,6.45,5.8, 6.00,5.95,6.02,58245,3.51,133, 35721, 61.33
CONCOR, EQ, 17-Feb-2020,560.2,561.7,562.2,548.85, 548.85,551.35,555.51,551122,3061.56,26053, 317126, 57.54
CONFIPET, EQ, 17-Feb-2020,25.1,25.5,26.05,24.55, 25.90,25.55,25.19,89574,22.56,666, 55154, 61.57
CONSOFINVT, EQ, 17-Feb-2020,34.6,34.6,34.7,34.6, 34.70,34.7,34.63,508,0.18,2, 508, 100.00
CONTROLPR, EQ, 17-Feb-2020,278.55,280.3,282.5,272.45, 282.50,277.55,275.68,3027,8.34,107, 2376, 78.49
CORALFINAC, EQ, 17-Feb-2020,13.65,13.7,14.8,13.7, 14.35,14.35,14.34,99215,14.22,293, 89754, 90.46
CORDSCABLE, EQ, 17-Feb-2020,47.4,46.7,46.7,45.15, 45.15,45.45,45.92,8060,3.7,195, 6445, 79.96
COROMANDEL, EQ, 17-Feb-2020,633.2,638.0,638.9,616.7, 623.05,626.8,629.71,285111,1795.37,2650, 251179, 88.10
CORPBANK, EQ, 17-Feb-2020,22.65,22.7,22.7,21.5, 21.65,21.75,22.03,432240,95.21,1517, 197403, 45.67
COSMOFILMS, EQ, 17-Feb-2020,324.7,331.0,336.8,325.2, 328.60,328.6,330.69,187122,618.79,4237, 83556, 44.65
COUNCODOS, EQ, 17-Feb-2020,1.7,1.7,1.7,1.65, 1.65,1.65,1.66,386,0.01,3, 286, 74.09
COX&KINGS, BZ, 17-Feb-2020,0.8,0.85,0.85,0.75, 0.85,0.85,0.82,321032,2.62,311, -, -
CPSEETF, EQ, 17-Feb-2020,19.96,19.75,20.1,19.36, 19.50,19.54,19.57,12354629,2418.36,115008, 10979161, 88.87
CREATIVE, BE, 17-Feb-2020,110.1,110.1,112.0,110.1, 110.55,110.55,111.41,5988,6.67,31, -, -
CREDITACC, EQ, 17-Feb-2020,848.1,848.25,848.3,816.1, 833.00,831.65,826.89,47808,395.32,6814, 24190, 50.60
CREST, EQ, 17-Feb-2020,98.05,99.45,100.0,97.95, 98.00,98.05,98.27,3047,2.99,204, 2455, 80.57
CRISIL, EQ, 17-Feb-2020,1585.3,1587.45,1616.3,1580.0, 1582.70,1582.25,1597.9,42323,676.28,4254, 36056, 85.19
CROMPTON, EQ, 17-Feb-2020,281.9,282.9,301.0,282.9, 290.40,290.5,294.38,2112998,6220.32,38838, 1107525, 52.41
CSBBANK, EQ, 17-Feb-2020,171.4,170.6,170.6,165.0, 166.15,166.2,166.74,167817,279.81,3027, 63645, 37.93
CTE, EQ, 17-Feb-2020,22.05,23.5,23.5,20.2, 22.65,22.3,21.48,18259,3.92,361, 10472, 57.35
CUB, EQ, 17-Feb-2020,220.35,220.5,221.65,217.0, 220.70,220.35,219.43,1147459,2517.86,14606, 791228, 68.95
CUBEXTUB, EQ, 17-Feb-2020,11.85,11.85,11.85,11.3, 11.30,11.35,11.65,199,0.02,13, 157, 78.89
CUMMINSIND, EQ, 17-Feb-2020,536.95,534.0,539.45,528.65, 537.00,536.75,535.71,391945,2099.68,8987, 195139, 49.79
CUPID, EQ, 17-Feb-2020,214.05,214.95,225.0,214.95, 222.00,221.7,221.44,101667,225.13,2650, 48306, 47.51
CURATECH, BE, 17-Feb-2020,1.7,1.7,1.7,1.7, 1.70,1.7,1.7,10,0.0,1, -, -
CYBERTECH, EQ, 17-Feb-2020,46.6,47.7,47.7,45.45, 46.50,46.15,46.16,13077,6.04,153, 11320, 86.56
CYIENT, EQ, 17-Feb-2020,456.05,452.25,452.7,438.7, 446.00,445.1,445.42,341490,1521.05,14321, 296257, 86.75
DAAWAT, EQ, 17-Feb-2020,28.3,28.4,28.5,27.75, 28.10,28.1,28.04,685462,192.19,2158, 352026, 51.36
DABUR, EQ, 17-Feb-2020,506.1,506.45,510.0,500.25, 501.70,500.95,503.44,1336491,6728.37,29101, 818392, 61.23
DALBHARAT, EQ, 17-Feb-2020,852.8,864.0,873.05,855.1, 863.65,864.8,865.89,35847,310.4,1934, 23257, 64.88
DALMIASUG, EQ, 17-Feb-2020,111.7,117.0,119.0,112.5, 113.00,113.6,115.15,180205,207.51,3423, 48664, 27.00
DAMODARIND, EQ, 17-Feb-2020,29.0,29.0,29.9,26.5, 27.10,27.25,27.78,2476,0.69,78, 2059, 83.16
DANGEE, SM, 17-Feb-2020,133.0,134.45,134.45,134.45, 134.45,134.45,134.45,1600,2.15,1, 1600, 100.00
DATAMATICS, EQ, 17-Feb-2020,69.4,70.0,70.0,67.3, 67.30,67.75,68.46,19660,13.46,362, 12829, 65.25
DBCORP, EQ, 17-Feb-2020,126.0,125.5,126.9,124.0, 126.90,124.35,125.03,17299,21.63,583, 8727, 50.45
DBL, EQ, 17-Feb-2020,375.0,378.95,378.95,355.05, 358.95,356.05,362.15,206241,746.9,5748, 106840, 51.80
DBREALTY, BE, 17-Feb-2020,9.35,9.0,9.35,9.0, 9.10,9.0,9.06,59581,5.4,114, -, -
DBSTOCKBRO, BE, 17-Feb-2020,9.0,9.0,9.0,8.55, 8.55,8.55,8.56,34,0.0,6, -, -
DCAL, EQ, 17-Feb-2020,95.3,91.55,94.45,90.55, 91.00,91.05,91.19,1184898,1080.55,6369, 434800, 36.70
DCBBANK, EQ, 17-Feb-2020,173.9,172.1,175.8,167.9, 169.00,168.75,170.75,398636,680.66,9562, 195252, 48.98
DCI, SM, 17-Feb-2020,45.2,45.25,45.25,45.2, 45.20,45.2,45.23,6000,2.71,2, 3000, 50.00
DCM, EQ, 17-Feb-2020,21.1,20.95,21.7,20.05, 20.10,20.6,20.45,4289,0.88,120, 2990, 69.71
DCMNVL, EQ, 17-Feb-2020,30.3,32.8,32.8,29.9, 29.90,30.0,30.31,5291,1.6,58, 4351, 82.23
DCMSHRIRAM, EQ, 17-Feb-2020,358.95,361.15,365.0,355.05, 361.25,360.2,359.29,38048,136.7,1313, 15056, 39.57
DCW, EQ, 17-Feb-2020,13.75,13.75,13.95,13.6, 13.80,13.75,13.78,57324,7.9,191, 42635, 74.38
DECCANCE, EQ, 17-Feb-2020,270.2,270.0,270.0,260.0, 270.00,268.9,263.95,5981,15.79,304, 4379, 73.22
DEEPAKFERT, EQ, 17-Feb-2020,99.95,99.95,99.95,96.2, 97.05,96.55,97.27,189013,183.86,3652, 85129, 45.04
DEEPAKNTR, EQ, 17-Feb-2020,459.85,459.9,462.35,445.7, 454.60,454.3,452.74,436983,1978.39,14119, 175660, 40.20
DEEPIND, EQ, 17-Feb-2020,95.5,96.05,96.05,93.0, 93.10,93.35,93.78,11199,10.5,331, 6481, 57.87
DELTACORP, EQ, 17-Feb-2020,161.25,161.0,161.2,154.3, 155.75,156.05,156.33,765517,1196.76,12640, 331034, 43.24
DELTAMAGNT, EQ, 17-Feb-2020,32.75,32.7,32.7,28.75, 30.50,30.45,30.29,7757,2.35,247, 6000, 77.35
DEN, EQ, 17-Feb-2020,51.8,51.3,56.95,51.3, 56.20,54.15,55.37,159592,88.37,1473, 92462, 57.94
DENORA, EQ, 17-Feb-2020,223.25,224.6,226.15,208.05, 212.05,212.5,215.37,14950,32.2,620, 11662, 78.01
DEVIT, SM, 17-Feb-2020,86.5,87.0,89.0,87.0, 89.00,89.0,88.02,7500,6.6,5, 1500, 20.00
DFMFOODS, EQ, 17-Feb-2020,274.55,276.0,279.8,265.0, 266.00,267.05,271.51,65737,178.48,1498, 33021, 50.23
DGCONTENT, BE, 17-Feb-2020,4.8,4.6,5.0,4.6, 5.00,5.0,4.94,1887,0.09,18, -, -
DHAMPURSUG, EQ, 17-Feb-2020,191.9,197.0,199.8,190.6, 190.75,192.15,194.5,537928,1046.24,9567, 159774, 29.70
DHANBANK, EQ, 17-Feb-2020,13.7,13.9,14.0,13.4, 13.55,13.5,13.62,292017,39.77,722, 181503, 62.15
DHANUKA, EQ, 17-Feb-2020,532.35,532.35,532.35,512.6, 525.00,525.55,523.48,42882,224.48,3740, 25948, 60.51
DHARSUGAR, EQ, 17-Feb-2020,6.9,7.1,7.2,6.7, 7.00,6.8,6.95,26067,1.81,98, 15779, 60.53
DHFL, EQ, 17-Feb-2020,10.05,10.25,10.35,9.55, 9.90,9.8,9.84,2915643,286.86,6287, 1409763, 48.35
DHFL, N6, 17-Feb-2020,200.0,200.01,200.01,200.0, 200.00,200.0,200.0,146,0.29,4, 146, 100.00
DHFL, NA, 17-Feb-2020,233.15,265.0,265.0,195.05, 195.05,195.05,264.01,284,0.75,2, 284, 100.00
DHFL, NC, 17-Feb-2020,219.0,230.0,230.0,210.0, 210.00,210.0,228.18,11,0.03,2, 10, 90.91
DHFL, NH, 17-Feb-2020,250.0,250.0,250.01,250.0, 250.00,250.0,250.0,873,2.18,7, 873, 100.00
DHFL, NN, 17-Feb-2020,245.0,241.0,241.0,241.0, 241.00,241.0,241.0,44,0.11,1, 44, 100.00
DHFL, NP, 17-Feb-2020,215.92,216.25,233.0,216.25, 230.00,230.43,224.06,46744,104.73,474, 30186, 64.58
DHFL, NQ, 17-Feb-2020,215.0,205.0,230.0,205.0, 230.00,229.95,224.81,753,1.69,21, 723, 96.02
DHFL, NX, 17-Feb-2020,200.0,185.0,200.1,185.0, 200.00,200.07,192.33,230,0.44,4, 230, 100.00
DHUNINV, EQ, 17-Feb-2020,226.1,226.05,233.0,226.0, 227.20,229.4,229.34,454,1.04,39, 204, 44.93
DIAMONDYD, EQ, 17-Feb-2020,756.3,749.0,760.0,749.0, 750.00,754.95,753.12,190,1.43,34, 178, 93.68
DIAPOWER, BZ, 17-Feb-2020,0.5,0.55,0.55,0.45, 0.45,0.45,0.47,1058,0.01,5, -, -
DICIND, EQ, 17-Feb-2020,376.3,372.2,379.0,361.05, 362.25,365.85,371.3,2237,8.31,159, 1497, 66.92
DIGISPICE, EQ, 17-Feb-2020,5.3,5.1,5.45,5.05, 5.05,5.05,5.18,9963,0.52,26, 3492, 35.05
DIGJAMLTD, BZ, 17-Feb-2020,0.9,0.9,0.95,0.9, 0.95,0.95,0.93,18284,0.17,16, -, -
DISHTV, EQ, 17-Feb-2020,11.8,11.9,11.95,11.2, 11.35,11.3,11.48,6922804,794.55,13467, 2648575, 38.26
DIVISLAB, EQ, 17-Feb-2020,2146.45,2158.0,2170.0,2133.6, 2157.00,2154.85,2152.39,243414,5239.23,14594, 94872, 38.98
DIXON, EQ, 17-Feb-2020,4489.7,4512.6,4646.0,4290.0, 4520.50,4535.85,4512.87,119285,5383.18,23501, 49774, 41.73
DLF, EQ, 17-Feb-2020,226.2,228.4,229.8,217.85, 219.50,219.4,222.82,10788768,24039.89,59075, 3916933, 36.31
DLINKINDIA, EQ, 17-Feb-2020,102.75,103.5,107.5,102.0, 103.60,103.25,104.37,43478,45.38,1288, 19319, 44.43
DMART, EQ, 17-Feb-2020,2408.35,2354.5,2379.3,2330.05, 2336.00,2339.45,2354.47,3097697,72934.31,120935, 1248897, 40.32
DNAMEDIA, BE, 17-Feb-2020,0.4,0.4,0.4,0.35, 0.35,0.35,0.35,25403,0.09,24, -, -
DOLAT, EQ, 17-Feb-2020,61.7,61.95,62.0,57.45, 57.55,57.85,58.83,66656,39.22,702, 48888, 73.34
DOLLAR, EQ, 17-Feb-2020,150.75,151.7,152.05,148.6, 148.60,150.0,150.19,16981,25.5,203, 15385, 90.60
DOLPHINOFF, BZ, 17-Feb-2020,4.75,4.75,4.75,4.55, 4.55,4.55,4.62,529,0.02,9, -, -
DONEAR, EQ, 17-Feb-2020,29.95,30.0,30.75,29.7, 30.25,30.1,30.05,10621,3.19,120, 10110, 95.19
DPABHUSHAN, SM, 17-Feb-2020,66.0,65.0,67.45,64.3, 67.45,67.45,65.95,16000,10.55,4, 12000, 75.00
DPSCLTD, EQ, 17-Feb-2020,6.5,6.5,7.05,6.25, 6.40,6.4,6.52,7699,0.5,54, 6644, 86.30
DPWIRES, EQ, 17-Feb-2020,78.0,88.0,89.8,77.65, 80.10,79.35,83.83,410,0.34,19, 271, 66.10
DQE, EQ, 17-Feb-2020,0.75,0.8,0.8,0.8, 0.80,0.8,0.8,157399,1.26,25, 157399, 100.00
DREDGECORP, EQ, 17-Feb-2020,333.0,348.0,349.7,336.0, 336.70,337.3,342.62,640945,2195.98,13526, 134612, 21.00
DRREDDY, EQ, 17-Feb-2020,3304.3,3325.8,3342.05,3287.2, 3290.00,3295.55,3315.96,640661,21244.05,45499, 243129, 37.95
DSML, SM, 17-Feb-2020,6.3,6.5,6.5,6.5, 6.50,6.5,6.5,6000,0.39,1, 6000, 100.00
DSSL, EQ, 17-Feb-2020,26.0,25.6,26.15,25.25, 25.95,25.55,25.43,2273,0.58,32, 2129, 93.66
DTIL, EQ, 17-Feb-2020,168.05,167.05,167.05,162.05, 162.75,162.85,165.37,1378,2.28,45, 1270, 92.16
DUCON, BE, 17-Feb-2020,6.1,5.8,6.4,5.8, 6.15,6.15,6.22,92787,5.77,203, -, -
DVL, EQ, 17-Feb-2020,67.5,66.45,67.9,65.35, 65.65,65.75,66.3,6861,4.55,263, 4703, 68.55
DWARKESH, EQ, 17-Feb-2020,36.4,37.5,37.75,35.7, 36.00,36.05,36.49,1690816,617.03,5725, 826273, 48.87
DYNAMATECH, EQ, 17-Feb-2020,999.8,999.8,999.8,891.0, 900.00,935.0,951.02,3802,36.16,499, 2894, 76.12
DYNPRO, EQ, 17-Feb-2020,161.1,166.0,166.9,153.0, 156.50,154.1,156.49,22970,35.95,1253, 13942, 60.70
EASTSILK, BE, 17-Feb-2020,0.9,0.9,0.9,0.85, 0.85,0.85,0.86,2021,0.02,10, -, -
EASUNREYRL, BZ, 17-Feb-2020,2.3,2.2,2.4,2.2, 2.20,2.2,2.22,1073,0.02,9, -, -
EBBETF0423, EQ, 17-Feb-2020,1018.33,1018.0,1020.08,1018.0, 1019.35,1019.38,1019.34,3728,38.0,92, 3044, 81.65
EBBETF0430, EQ, 17-Feb-2020,1027.01,1027.01,1032.0,1027.01, 1030.99,1030.96,1030.83,15676,161.59,69, 15618, 99.63
ECLERX, EQ, 17-Feb-2020,617.65,619.55,621.75,605.15, 610.90,608.5,612.3,15086,92.37,1299, 10069, 66.74
ECLFINANCE, N5, 17-Feb-2020,999.0,993.0,999.9,993.0, 996.00,996.17,997.56,855,8.53,28, 855, 100.00
ECLFINANCE, NF, 17-Feb-2020,966.87,960.0,965.0,955.0, 960.00,960.0,959.72,449,4.31,16, 314, 69.93
ECLFINANCE, NG, 17-Feb-2020,915.03,901.05,910.0,901.0, 905.01,905.01,908.62,290,2.64,17, 290, 100.00
ECLFINANCE, NJ, 17-Feb-2020,868.26,870.0,871.0,850.1, 865.00,865.71,858.28,449,3.85,21, 387, 86.19
ECLFINANCE, NK, 17-Feb-2020,904.43,880.0,880.0,880.0, 880.00,880.0,880.0,10,0.09,1, 10, 100.00
ECLFINANCE, NM, 17-Feb-2020,960.0,951.0,951.0,951.0, 951.00,951.0,951.0,110,1.05,2, 110, 100.00
ECLFINANCE, NN, 17-Feb-2020,1046.83,1044.8,1044.9,1005.0, 1044.90,1044.9,1025.34,2658,27.25,5, 1329, 50.00
ECLFINANCE, NO, 17-Feb-2020,947.15,947.0,947.0,939.99, 940.00,940.0,940.69,441,4.15,15, 420, 95.24
ECLFINANCE, NQ, 17-Feb-2020,989.99,955.05,956.21,955.05, 956.21,956.21,956.11,12,0.11,3, 11, 91.67
ECLFINANCE, NR, 17-Feb-2020,956.35,964.9,970.0,826.0, 956.00,956.22,962.9,14206,136.79,92, 12738, 89.67
EDELWEISS, EQ, 17-Feb-2020,88.55,82.9,87.05,78.1, 85.00,85.15,82.5,3882995,3203.45,27663, 1542368, 39.72
EDL, BZ, 17-Feb-2020,3.45,3.3,3.55,3.3, 3.55,3.55,3.41,5100,0.17,10, -, -
EDUCOMP, BZ, 17-Feb-2020,1.0,1.0,1.05,0.95, 1.05,1.05,1.01,47704,0.48,59, -, -
EHFLNCD, N3, 17-Feb-2020,950.0,950.0,1000.0,950.0, 955.00,955.0,974.45,143,1.39,6, 70, 48.95
EHFLNCD, N5, 17-Feb-2020,875.0,850.01,884.99,850.01, 864.00,864.0,868.55,228,1.98,18, 227, 99.56
EHFLNCD, N6, 17-Feb-2020,922.01,851.0,851.0,849.0, 849.00,849.0,849.03,79,0.67,2, 79, 100.00
EICHERMOT, EQ, 17-Feb-2020,18703.55,18900.0,18948.75,18450.1, 18568.95,18535.9,18672.52,129268,24137.59,30268, 35434, 27.41
EIDPARRY, EQ, 17-Feb-2020,215.15,218.9,221.45,207.15, 210.00,210.1,212.14,340032,721.35,4478, 192299, 56.55
EIFFL, SM, 17-Feb-2020,114.45,114.5,114.85,114.5, 114.65,114.65,114.58,4800,5.5,5, 4800, 100.00
EIHAHOTELS, EQ, 17-Feb-2020,293.5,292.25,297.5,290.1, 291.00,291.9,292.27,758,2.22,50, 476, 62.80
EIHOTEL, EQ, 17-Feb-2020,138.4,137.75,141.2,130.5, 139.50,138.0,135.9,264994,360.12,4366, 141250, 53.30
EIMCOELECO, EQ, 17-Feb-2020,319.1,315.05,315.15,310.05, 310.05,310.15,311.77,283,0.88,28, 142, 50.18
EKC, EQ, 17-Feb-2020,26.45,27.0,27.4,25.5, 25.50,25.7,26.07,32874,8.57,355, 20413, 62.09
ELECON, EQ, 17-Feb-2020,33.6,33.5,33.9,32.05, 32.35,32.55,32.78,49942,16.37,947, 22620, 45.29
ELECTCAST, EQ, 17-Feb-2020,14.7,14.9,15.3,14.65, 14.75,14.8,15.09,358707,54.12,606, 229163, 63.89
ELECTHERM, EQ, 17-Feb-2020,137.8,138.7,138.95,135.85, 138.40,136.35,137.57,7780,10.7,216, 6965, 89.52
ELGIEQUIP, EQ, 17-Feb-2020,224.75,224.85,228.0,220.3, 228.00,226.75,224.76,53974,121.31,924, 49542, 91.79
ELGIRUBCO, EQ, 17-Feb-2020,17.9,17.8,18.0,17.15, 17.90,17.95,17.85,18357,3.28,87, 16445, 89.58
EMAMILTD, EQ, 17-Feb-2020,275.8,276.35,289.75,275.25, 285.20,284.35,283.3,536759,1520.65,12425, 245283, 45.70
EMAMIPAP, EQ, 17-Feb-2020,98.45,98.35,98.35,93.55, 93.55,93.55,94.43,20176,19.05,395, 13624, 67.53
EMAMIREAL, BE, 17-Feb-2020,55.0,55.0,55.5,52.25, 52.25,52.25,52.61,6003,3.16,49, -, -
EMBASSY, RR, 17-Feb-2020,448.42,426.0,448.95,426.0, 448.30,447.47,440.05,369200,1624.65,382, 342600, 92.80
EMCO, BZ, 17-Feb-2020,0.6,0.6,0.65,0.55, 0.65,0.65,0.6,5702,0.03,12, -, -
EMKAY, EQ, 17-Feb-2020,60.05,58.5,62.0,58.2, 60.00,59.05,59.09,7248,4.28,174, 4164, 57.45
EMKAYTOOLS, SM, 17-Feb-2020,130.0,128.0,128.0,128.0, 128.00,128.0,128.0,600,0.77,1, 600, 100.00
EMMBI, EQ, 17-Feb-2020,100.15,103.95,103.95,99.15, 99.15,99.6,99.66,8685,8.66,167, 6536, 75.26
EMOFSR1RDP, MF, 17-Feb-2020,9.6,9.51,9.53,9.51, 9.53,9.53,9.52,6000,0.57,9, 6000, 100.00
EMOFSR1RGG, MF, 17-Feb-2020,9.63,9.53,9.64,9.53, 9.60,9.6,9.6,14300,1.37,12, 13000, 90.91
ENDURANCE, EQ, 17-Feb-2020,1063.95,1067.25,1074.0,1050.0, 1050.00,1052.65,1054.7,4881,51.48,814, 2483, 50.87
ENERGYDEV, EQ, 17-Feb-2020,5.3,5.4,5.4,5.0, 5.30,5.3,5.16,32503,1.68,72, 26946, 82.90
ENGINERSIN, EQ, 17-Feb-2020,84.65,84.55,84.8,80.7, 81.60,81.85,82.09,1395363,1145.46,14296, 817029, 58.55
ENIL, EQ, 17-Feb-2020,225.45,225.0,226.75,218.0, 219.00,218.7,221.64,4356,9.65,201, 3946, 90.59
EON, EQ, 17-Feb-2020,12.55,13.0,13.0,12.25, 12.80,12.5,12.74,5302,0.68,55, 3219, 60.71
EQ30, EQ, 17-Feb-2020,325.41,345.0,345.0,332.0, 343.50,343.21,341.22,23,0.08,13, 8, 34.78
EQUITAS, EQ, 17-Feb-2020,108.05,108.0,109.75,106.1, 106.85,106.4,107.55,2257330,2427.79,10206, 463199, 20.52
ERFLNCDI, N2, 17-Feb-2020,1039.9,980.1,980.15,980.1, 980.15,980.15,980.14,50,0.49,3, 50, 100.00
ERFLNCDI, N4, 17-Feb-2020,1000.0,950.0,950.0,900.8, 901.00,901.0,902.55,231,2.08,4, 231, 100.00
ERIS, EQ, 17-Feb-2020,465.5,465.0,478.15,422.65, 438.00,441.55,443.12,191560,848.84,8353, 78892, 41.18
EROSMEDIA, EQ, 17-Feb-2020,13.8,14.2,14.2,13.2, 13.40,13.4,13.59,104345,14.18,472, 91045, 87.25
ESABINDIA, EQ, 17-Feb-2020,1696.1,1699.95,1709.0,1640.0, 1648.00,1659.9,1680.8,2922,49.11,1241, 1817, 62.18
ESCORTS, EQ, 17-Feb-2020,883.05,884.0,889.5,871.35, 886.30,885.65,881.29,1663801,14662.9,25659, 204748, 12.31
ESSARSHPNG, EQ, 17-Feb-2020,6.8,7.0,7.0,6.55, 6.55,6.6,6.71,7236,0.49,52, 5248, 72.53
ESSELPACK, EQ, 17-Feb-2020,185.4,186.25,191.0,180.75, 185.70,185.15,185.53,101268,187.88,1980, 72685, 71.77
ESTER, EQ, 17-Feb-2020,39.35,39.5,40.0,38.55, 39.20,38.9,39.12,30288,11.85,360, 21890, 72.27
EUROCERA, BZ, 17-Feb-2020,0.5,0.5,0.5,0.5, 0.50,0.5,0.5,10,0.0,1, -, -
EUROMULTI, BE, 17-Feb-2020,0.45,0.5,0.5,0.5, 0.50,0.5,0.5,2116,0.01,8, -, -
EUROTEXIND, EQ, 17-Feb-2020,9.0,8.15,8.2,8.15, 8.15,8.15,8.15,100,0.01,4, 50, 50.00
EVEREADY, EQ, 17-Feb-2020,71.45,73.0,74.0,67.55, 69.30,68.8,69.76,556661,388.34,3663, 261941, 47.06
EVERESTIND, EQ, 17-Feb-2020,247.8,248.0,251.6,235.15, 237.40,239.15,243.78,41586,101.38,2033, 26939, 64.78
EXCEL, BE, 17-Feb-2020,1.1,1.05,1.15,1.05, 1.15,1.1,1.09,59858,0.65,51, -, -
EXCELINDUS, EQ, 17-Feb-2020,778.6,778.6,788.65,735.9, 743.00,748.65,754.23,15436,116.42,1372, 9176, 59.45
EXIDEIND, EQ, 17-Feb-2020,179.05,179.5,179.85,175.55, 177.65,177.25,177.49,1764795,3132.31,15999, 662891, 37.56
EXPLEOSOL, EQ, 17-Feb-2020,293.9,293.8,308.8,293.0, 308.80,299.05,296.54,3396,10.07,315, 2344, 69.02
FACT, EQ, 17-Feb-2020,36.55,36.75,36.75,35.5, 35.75,35.9,36.19,62824,22.73,543, 27837, 44.31
FAIRCHEM, EQ, 17-Feb-2020,550.3,558.9,655.0,558.85, 630.00,632.55,620.46,702093,4356.19,33237, 126151, 17.97
FCL, EQ, 17-Feb-2020,26.95,27.25,27.25,25.2, 26.10,25.85,26.14,119208,31.16,873, 78578, 65.92
FCONSUMER, EQ, 17-Feb-2020,21.6,21.4,21.7,21.2, 21.30,21.4,21.39,1004369,214.83,2843, 660178, 65.73
FCSSOFT, EQ, 17-Feb-2020,0.2,0.2,0.25,0.15, 0.15,0.15,0.19,552883,1.06,186, 464637, 84.04
FDC, EQ, 17-Feb-2020,246.9,247.0,248.9,242.05, 245.10,245.95,245.32,80467,197.4,5269, 64672, 80.37
FEDERALBNK, EQ, 17-Feb-2020,87.15,87.15,87.4,84.0, 84.50,84.45,85.26,8590333,7324.52,29328, 3474559, 40.45
FEL, EQ, 17-Feb-2020,23.65,24.0,24.0,22.2, 22.45,22.5,23.04,239496,55.18,1368, 173938, 72.63
FELDVR, EQ, 17-Feb-2020,22.6,24.65,24.65,22.0, 22.05,22.05,22.53,3516,0.79,34, 2629, 74.77
FIEMIND, EQ, 17-Feb-2020,483.05,487.8,492.0,475.5, 483.00,485.75,483.1,9626,46.5,522, 5721, 59.43
FILATEX, EQ, 17-Feb-2020,39.5,39.05,43.5,39.05, 39.50,39.7,40.18,218362,87.74,1040, 118926, 54.46
FINCABLES, EQ, 17-Feb-2020,380.5,376.5,378.9,365.1, 374.00,371.0,371.54,69303,257.49,1836, 53246, 76.83
FINEORG, EQ, 17-Feb-2020,2228.1,2228.1,2235.7,2159.95, 2205.00,2201.45,2194.5,15310,335.98,3008, 8001, 52.26
FINPIPE, EQ, 17-Feb-2020,539.95,538.15,562.0,538.0, 555.00,555.95,552.38,65738,363.12,4529, 41222, 62.71
FLEXITUFF, BE, 17-Feb-2020,7.05,7.15,7.15,7.0, 7.00,7.0,7.01,750,0.05,6, -, -
FLFL, EQ, 17-Feb-2020,388.15,389.0,397.85,388.0, 393.00,393.95,394.35,59089,233.02,1416, 33831, 57.25
FLUOROCHEM, EQ, 17-Feb-2020,556.4,559.8,569.7,544.95, 545.00,548.2,552.41,25929,143.23,3627, 14630, 56.42
FMGOETZE, EQ, 17-Feb-2020,565.15,560.0,576.05,551.15, 559.00,557.55,563.8,2700,15.22,384, 1621, 60.04
FMNL, EQ, 17-Feb-2020,25.85,25.6,26.0,25.4, 25.50,25.8,25.71,1019,0.26,53, 538, 52.80
FOCUS, SM, 17-Feb-2020,34.0,33.05,33.05,32.3, 33.00,33.0,32.84,12000,3.94,4, 9000, 75.00
FORCEMOT, EQ, 17-Feb-2020,1307.05,1300.0,1317.0,1266.25, 1274.05,1273.5,1292.78,44455,574.71,4558, 16954, 38.14
FORTIS, EQ, 17-Feb-2020,156.1,157.0,157.8,149.1, 152.35,150.75,151.81,1001496,1520.32,11764, 665859, 66.49
FOSECOIND, EQ, 17-Feb-2020,1384.65,1383.4,1391.15,1371.4, 1372.00,1375.05,1380.15,715,9.87,222, 450, 62.94
FRETAIL, EQ, 17-Feb-2020,375.2,375.0,382.0,370.0, 376.40,376.15,375.98,284842,1070.95,4529, 119944, 42.11
FSC, EQ, 17-Feb-2020,428.0,426.65,434.65,426.65, 434.60,433.9,432.29,26635,115.14,432, 3289, 12.35
FSL, EQ, 17-Feb-2020,41.85,42.35,42.8,41.9, 42.20,42.25,42.34,1006174,426.06,5251, 392427, 39.00
GABRIEL, EQ, 17-Feb-2020,109.4,109.0,109.9,107.1, 107.95,108.0,107.88,146217,157.73,1596, 122227, 83.59
GAEL, EQ, 17-Feb-2020,151.65,150.8,152.0,147.15, 147.35,148.7,150.01,21161,31.74,331, 17024, 80.45
GAIL, EQ, 17-Feb-2020,122.55,122.0,122.0,117.15, 118.00,118.0,118.82,19407061,23058.97,75114, 4730586, 24.38
GAL, EQ, 17-Feb-2020,1.95,1.9,2.0,1.9, 2.00,2.0,1.95,13814,0.27,27, 13397, 96.98
GALAXYSURF, EQ, 17-Feb-2020,1656.25,1665.0,1695.0,1575.15, 1584.00,1593.35,1622.56,36190,587.2,6457, 21941, 60.63
GALLANTT, EQ, 17-Feb-2020,27.85,28.8,28.85,27.1, 27.40,27.95,27.86,2851,0.79,53, 2211, 77.55
GALLISPAT, EQ, 17-Feb-2020,23.2,24.45,24.45,22.0, 23.00,23.05,22.64,8432,1.91,135, 7988, 94.73
GAMMNINFRA, BE, 17-Feb-2020,0.3,0.35,0.35,0.3, 0.30,0.3,0.32,596891,1.91,104, -, -
GANDHITUBE, EQ, 17-Feb-2020,239.8,240.0,245.3,230.2, 233.50,233.55,236.96,1154,2.73,82, 1045, 90.55
GANECOS, EQ, 17-Feb-2020,344.8,344.8,357.0,336.65, 350.50,353.0,348.4,45537,158.65,880, 30825, 67.69
GANESHHOUC, BE, 17-Feb-2020,33.4,32.25,33.5,31.75, 32.60,32.6,32.24,14620,4.71,91, -, -
GANGESSECU, EQ, 17-Feb-2020,36.9,36.05,39.45,36.05, 39.45,39.25,36.7,548,0.2,12, 520, 94.89
GANGOTRI, BZ, 17-Feb-2020,0.7,0.7,0.7,0.7, 0.70,0.7,0.7,553,0.0,5, -, -
GARDENSILK, BE, 17-Feb-2020,9.7,9.45,9.45,9.25, 9.25,9.25,9.33,8001,0.75,28, -, -
GARFIBRES, EQ, 17-Feb-2020,1496.0,1494.8,1529.0,1450.0, 1480.00,1486.95,1502.01,7257,109.0,1097, 4356, 60.02
GATI, EQ, 17-Feb-2020,67.3,67.4,67.65,66.7, 67.00,67.2,67.18,248015,166.61,966, 136349, 54.98
GAYAHWS, BE, 17-Feb-2020,0.3,0.3,0.3,0.25, 0.30,0.3,0.28,60843,0.17,45, -, -
GAYAPROJ, EQ, 17-Feb-2020,31.0,29.45,29.45,29.45, 29.45,29.45,29.45,28801,8.48,65, 28801, 100.00
GBGLOBAL, BE, 17-Feb-2020,6.5,6.2,6.2,6.2, 6.20,6.2,6.2,28,0.0,4, -, -
GDL, EQ, 17-Feb-2020,124.6,124.6,126.25,123.0, 123.00,123.15,123.93,30938,38.34,497, 24730, 79.93
GEECEE, EQ, 17-Feb-2020,77.7,81.45,81.45,77.15, 79.05,79.55,78.78,2572,2.03,107, 1758, 68.35
GENESYS, EQ, 17-Feb-2020,56.55,55.35,56.8,53.65, 54.10,54.35,55.02,6478,3.56,260, 3039, 46.91
GENUSPAPER, EQ, 17-Feb-2020,5.3,5.5,5.5,5.15, 5.25,5.15,5.23,65213,3.41,142, 54463, 83.52
GENUSPOWER, EQ, 17-Feb-2020,26.55,26.3,26.7,25.7, 26.30,26.25,26.24,80660,21.16,738, 70343, 87.21
GEOJITFSL, EQ, 17-Feb-2020,27.15,27.5,27.5,26.4, 26.40,26.5,26.66,114489,30.52,1428, 82478, 72.04
GEPIL, EQ, 17-Feb-2020,768.0,765.0,786.95,752.45, 780.00,777.45,774.71,21016,162.81,2690, 12862, 61.20
GESHIP, EQ, 17-Feb-2020,284.95,287.8,287.8,272.0, 277.00,277.9,277.76,136402,378.88,3407, 68966, 50.56
GET&D, EQ, 17-Feb-2020,144.4,143.25,149.0,142.6, 144.50,144.5,144.56,862271,1246.48,3625, 817927, 94.86
GFLLIMITED, EQ, 17-Feb-2020,152.65,160.0,160.25,146.6, 152.75,152.85,156.6,294250,460.8,4208, 130055, 44.20
GFSTEELS, BE, 17-Feb-2020,2.6,2.5,2.5,2.5, 2.50,2.5,2.5,186,0.0,9, -, -
GHCL, EQ, 17-Feb-2020,179.4,178.0,181.35,175.4, 176.00,175.8,177.34,299091,530.4,3698, 255006, 85.26
GICHSGFIN, EQ, 17-Feb-2020,129.45,128.0,129.95,120.6, 121.75,122.8,125.22,161278,201.95,2868, 99429, 61.65
GICRE, EQ, 17-Feb-2020,218.0,218.0,221.5,210.2, 211.90,213.0,215.62,195655,421.87,4870, 80193, 40.99
GILLANDERS, EQ, 17-Feb-2020,27.3,27.3,27.55,26.5, 26.80,26.8,27.04,2204,0.6,29, 2095, 95.05
GILLETTE, EQ, 17-Feb-2020,6260.65,6289.65,6289.65,6118.0, 6120.00,6133.25,6184.17,7861,486.14,2454, 5459, 69.44
GINNIFILA, EQ, 17-Feb-2020,8.2,8.3,8.3,7.85, 8.00,7.95,8.04,20516,1.65,98, 13386, 65.25
GIPCL, EQ, 17-Feb-2020,70.0,70.0,71.0,68.85, 69.50,69.55,69.84,107224,74.88,1174, 68283, 63.68
GKWLIMITED, EQ, 17-Feb-2020,656.3,651.5,655.05,651.15, 655.05,655.05,653.25,101,0.66,9, 71, 70.30
GLAXO, EQ, 17-Feb-2020,1335.95,1334.9,1334.9,1305.0, 1317.00,1317.05,1317.52,76166,1003.5,5946, 55714, 73.15
GLENMARK, EQ, 17-Feb-2020,333.8,342.0,346.45,305.4, 310.80,310.4,321.23,8581110,27565.3,108480, 1114104, 12.98
GLFL, EQ, 17-Feb-2020,0.45,0.5,0.5,0.5, 0.50,0.5,0.5,599,0.0,4, 599, 100.00
GLOBALVECT, EQ, 17-Feb-2020,54.25,55.45,55.45,52.3, 53.60,53.35,53.0,7797,4.13,246, 6591, 84.53
GLOBOFFS, EQ, 17-Feb-2020,4.45,4.45,4.6,4.25, 4.45,4.35,4.39,9003,0.4,244, 7952, 88.33
GLOBUSSPR, EQ, 17-Feb-2020,146.75,146.05,148.6,138.85, 140.00,140.25,143.44,135669,194.6,2994, 61785, 45.54
GMBREW, EQ, 17-Feb-2020,439.75,440.0,457.3,435.7, 438.10,436.55,444.96,36891,164.15,1937, 14927, 40.46
GMDCLTD, EQ, 17-Feb-2020,57.75,57.0,57.5,56.05, 57.00,56.95,56.79,111359,63.24,1108, 80957, 72.70
GMMPFAUDLR, EQ, 17-Feb-2020,3203.0,3226.6,3320.0,3220.0, 3268.00,3266.15,3273.52,35169,1151.27,4895, 12531, 35.63
GMRINFRA, EQ, 17-Feb-2020,23.1,23.15,23.35,22.4, 22.65,22.55,22.89,8594560,1967.7,7258, 2185713, 25.43
GNA, EQ, 17-Feb-2020,257.75,259.0,259.6,248.1, 248.80,248.8,251.56,14741,37.08,712, 8856, 60.08
GNFC, EQ, 17-Feb-2020,183.2,183.0,183.8,176.45, 176.50,177.55,178.74,390587,698.15,4909, 128070, 32.79
GOACARBON, BE, 17-Feb-2020,250.05,250.05,250.05,238.0, 238.30,238.8,242.24,9475,22.95,349, -, -
GOCLCORP, EQ, 17-Feb-2020,280.35,278.75,283.15,275.65, 276.50,277.9,277.07,10811,29.95,292, 5892, 54.50
GODFRYPHLP, EQ, 17-Feb-2020,1373.6,1386.75,1399.0,1325.0, 1345.50,1341.55,1365.58,64794,884.82,4223, 22894, 35.33
GODHA, SM, 17-Feb-2020,16.25,17.0,17.0,17.0, 17.00,17.0,17.0,4000,0.68,1, 4000, 100.00
GODREJAGRO, EQ, 17-Feb-2020,520.75,523.0,541.6,522.65, 540.00,536.55,531.45,507017,2694.54,9631, 390036, 76.93
GODREJCP, EQ, 17-Feb-2020,626.1,626.1,630.95,618.05, 625.75,625.75,626.93,1006447,6309.7,24811, 605363, 60.15
GODREJIND, EQ, 17-Feb-2020,410.25,408.1,420.0,406.0, 406.40,409.85,412.5,559445,2307.68,21366, 428952, 76.67
GODREJPROP, EQ, 17-Feb-2020,1139.75,1147.15,1151.85,1126.05, 1135.00,1132.6,1134.28,255879,2902.38,5026, 215807, 84.34
GOENKA, BZ, 17-Feb-2020,0.25,0.3,0.3,0.25, 0.30,0.3,0.26,91875,0.24,45, -, -
GOKEX, EQ, 17-Feb-2020,64.75,64.2,65.25,62.4, 62.85,62.9,64.1,50242,32.21,736, 37180, 74.00
GOKUL, EQ, 17-Feb-2020,10.7,10.7,10.75,10.2, 10.20,10.2,10.4,666160,69.27,60, 660530, 99.15
GOKULAGRO, EQ, 17-Feb-2020,13.0,13.0,13.65,12.6, 13.65,13.65,13.61,8949,1.22,53, 8921, 99.69
GOLDBEES, EQ, 17-Feb-2020,35.85,36.25,37.3,35.87, 35.95,35.93,36.01,1117666,402.44,3601, 699686, 62.60
GOLDENTOBC, EQ, 17-Feb-2020,26.0,26.0,26.8,25.05, 26.65,25.45,25.68,1054,0.27,27, 710, 67.36
GOLDIAM, EQ, 17-Feb-2020,154.7,154.7,156.15,152.0, 153.00,153.5,153.96,45557,70.14,514, 35005, 76.84
GOLDSHARE, EQ, 17-Feb-2020,3597.55,3602.6,3630.0,3602.6, 3625.95,3617.1,3617.47,638,23.08,166, 290, 45.45
GOLDSTAR, SM, 17-Feb-2020,23.6,24.2,24.3,24.2, 24.30,24.3,24.25,12000,2.91,2, 12000, 100.00
GOLDTECH, EQ, 17-Feb-2020,8.95,9.0,9.0,8.15, 8.25,8.3,8.49,38446,3.27,213, 25672, 66.77
GOODLUCK, EQ, 17-Feb-2020,46.75,47.9,48.95,45.0, 47.00,47.6,47.0,29765,13.99,879, 16702, 56.11
GPIL, EQ, 17-Feb-2020,206.95,207.0,207.05,194.5, 200.00,198.2,199.73,76010,151.82,5634, 22779, 29.97
GPPL, EQ, 17-Feb-2020,80.95,80.1,81.3,78.6, 80.25,80.0,79.91,155905,124.59,3671, 116912, 74.99
GPTINFRA, EQ, 17-Feb-2020,33.8,33.8,35.3,33.15, 34.40,34.2,34.14,2562,0.87,27, 2543, 99.26
GRANULES, EQ, 17-Feb-2020,175.6,175.0,179.7,173.05, 173.35,175.15,176.44,2554689,4507.55,25677, 848298, 33.21
GRAPHITE, EQ, 17-Feb-2020,283.1,275.0,275.0,266.05, 267.00,267.1,268.99,1338108,3599.4,21494, 538216, 40.22
GRASIM, EQ, 17-Feb-2020,743.05,743.0,750.0,733.5, 737.30,737.4,740.78,1516432,11233.36,26980, 416833, 27.49
GRAVITA, EQ, 17-Feb-2020,65.95,66.4,68.0,66.0, 66.05,66.5,66.8,103601,69.21,956, 52437, 50.61
GREAVESCOT, EQ, 17-Feb-2020,139.85,138.1,142.25,137.7, 139.10,139.6,140.05,143165,200.51,3976, 75649, 52.84
GREENLAM, EQ, 17-Feb-2020,954.7,939.0,1000.0,939.0, 989.30,988.75,985.59,7145,70.42,947, 4461, 62.44
GREENPANEL, EQ, 17-Feb-2020,56.85,56.85,56.85,54.0, 54.00,54.5,55.0,54959,30.23,329, 45534, 82.85
GREENPLY, EQ, 17-Feb-2020,144.5,146.95,146.95,137.1, 138.10,138.5,140.41,26769,37.59,1098, 13736, 51.31
GREENPOWER, BE, 17-Feb-2020,2.05,2.0,2.1,2.0, 2.10,2.05,2.04,27494,0.56,39, -, -
GRINDWELL, EQ, 17-Feb-2020,630.15,638.0,638.0,626.3, 633.00,629.5,632.57,6869,43.45,725, 4748, 69.12
GROBTEA, BE, 17-Feb-2020,409.0,389.0,393.3,388.55, 389.15,389.15,389.59,106,0.41,13, -, -
GRPLTD, EQ, 17-Feb-2020,783.0,785.0,798.0,764.5, 764.50,764.6,787.19,232,1.83,28, 119, 51.29
GRSE, EQ, 17-Feb-2020,169.75,169.75,170.75,159.6, 165.50,164.8,164.88,181017,298.47,3714, 87038, 48.08
GSCLCEMENT, EQ, 17-Feb-2020,25.05,25.5,25.5,23.85, 24.05,24.05,24.43,57997,14.17,307, 46683, 80.49
GSFC, EQ, 17-Feb-2020,73.2,73.25,73.85,70.3, 70.55,70.7,71.25,241491,172.05,2466, 122815, 50.86
GSKCONS, EQ, 17-Feb-2020,9690.25,9715.0,9844.0,9659.8, 9706.10,9695.15,9747.66,6181,602.5,1991, 3394, 54.91
GSPL, EQ, 17-Feb-2020,241.3,242.0,247.7,238.0, 240.80,241.25,241.55,288477,696.82,7373, 134582, 46.65
GSS, EQ, 17-Feb-2020,40.0,40.95,42.0,40.25, 41.70,41.55,41.52,13207,5.48,315, 7340, 55.58
GTL, EQ, 17-Feb-2020,1.65,1.6,1.7,1.6, 1.60,1.6,1.62,40653,0.66,58, 32910, 80.95
GTLINFRA, EQ, 17-Feb-2020,0.35,0.4,0.4,0.35, 0.40,0.4,0.37,3672353,13.57,517, 3635594, 99.00
GTNIND, BE, 17-Feb-2020,7.25,7.15,7.15,7.15, 7.15,7.15,7.15,1,0.0,1, -, -
GTPL, EQ, 17-Feb-2020,68.55,68.75,70.1,68.25, 68.80,68.45,69.0,31615,21.81,318, 19385, 61.32
GUFICBIO, EQ, 17-Feb-2020,68.75,69.0,70.0,65.75, 66.20,66.0,67.18,55747,37.45,607, 40575, 72.78
GUJALKALI, EQ, 17-Feb-2020,375.2,377.6,377.6,363.0, 370.90,369.7,367.18,43120,158.33,1468, 18695, 43.36
GUJAPOLLO, EQ, 17-Feb-2020,125.65,126.5,129.7,119.95, 121.20,121.65,121.41,2871,3.49,168, 2240, 78.02
GUJGASLTD, EQ, 17-Feb-2020,299.6,300.0,300.9,282.05, 285.50,285.3,290.29,753958,2188.68,27699, 423331, 56.15
GUJRAFFIA, BE, 17-Feb-2020,10.5,10.5,10.5,10.5, 10.50,10.5,10.5,50,0.01,1, -, -
GULFOILLUB, EQ, 17-Feb-2020,779.2,797.45,799.0,754.2, 756.75,756.85,763.88,4630,35.37,687, 2937, 63.43
GULFPETRO, EQ, 17-Feb-2020,47.3,47.1,48.0,45.25, 47.00,46.75,46.46,21087,9.8,408, 14100, 66.87
GULPOLY, EQ, 17-Feb-2020,44.4,44.0,44.55,42.55, 42.60,42.7,43.04,5540,2.38,116, 4697, 84.78
GVKPIL, EQ, 17-Feb-2020,4.1,4.05,4.1,3.95, 4.00,4.0,4.02,1388055,55.76,737, 954280, 68.75
HAL, EQ, 17-Feb-2020,748.75,783.0,784.95,707.0, 707.00,724.3,740.58,159329,1179.96,15161, 46710, 29.32
HARITASEAT, EQ, 17-Feb-2020,497.1,515.0,515.0,491.0, 491.55,494.1,498.48,1319,6.58,102, 609, 46.17
HARRMALAYA, EQ, 17-Feb-2020,62.2,62.65,63.5,61.2, 62.15,62.1,62.19,26407,16.42,725, 15134, 57.31
HATHWAY, EQ, 17-Feb-2020,18.65,19.35,19.85,18.5, 19.15,19.25,19.35,856580,165.76,3552, 503954, 58.83
HATSUN, EQ, 17-Feb-2020,659.6,655.1,660.0,640.0, 641.00,644.65,646.75,5397,34.9,416, 4225, 78.28
HAVELLS, EQ, 17-Feb-2020,611.65,613.0,613.95,600.0, 603.00,602.75,607.01,1035220,6283.84,21929, 297961, 28.78
HAVISHA, BE, 17-Feb-2020,0.65,0.65,0.7,0.6, 0.65,0.65,0.66,61904,0.41,21, -, -
HBLPOWER, EQ, 17-Feb-2020,16.5,16.55,17.25,16.55, 17.00,16.8,16.86,101988,17.2,476, 67711, 66.39
HCC, EQ, 17-Feb-2020,9.65,9.65,9.75,9.3, 9.40,9.4,9.46,992330,93.92,1667, 631318, 63.62
HCG, EQ, 17-Feb-2020,117.45,119.5,119.5,114.9, 115.00,115.05,116.53,23437,27.31,903, 16708, 71.29
HCL-INSYS, EQ, 17-Feb-2020,6.3,6.4,6.45,6.15, 6.20,6.2,6.23,421827,26.28,777, 313654, 74.36
HCLTECH, EQ, 17-Feb-2020,621.65,623.0,623.5,612.35, 613.45,613.45,615.53,2190578,13483.69,73941, 1371469, 62.61
HDFC, EQ, 17-Feb-2020,2401.75,2401.75,2406.65,2345.15, 2349.90,2350.25,2365.0,2398556,56725.97,113614, 1474533, 61.48
HDFCAMC, EQ, 17-Feb-2020,3327.0,3327.0,3335.65,3208.75, 3246.00,3244.3,3257.33,172453,5617.37,19995, 81565, 47.30
HDFCBANK, EQ, 17-Feb-2020,1219.35,1225.0,1233.0,1214.45, 1218.00,1217.15,1221.46,5076345,62005.35,157333, 3075780, 60.59
HDFCLIFE, EQ, 17-Feb-2020,573.95,574.9,575.0,564.05, 566.05,565.9,570.19,918309,5236.11,28081, 501316, 54.59
HDFCMFGETF, EQ, 17-Feb-2020,3665.1,3674.5,3693.0,3673.25, 3685.00,3685.1,3685.51,3403,125.42,319, 2729, 80.19
HDFCNIFETF, EQ, 17-Feb-2020,1275.29,1278.97,1278.97,1269.0, 1271.58,1270.51,1272.45,1051,13.37,64, 783, 74.50
HDFCSENETF, EQ, 17-Feb-2020,4352.94,4350.45,4360.0,4312.05, 4325.05,4325.05,4349.69,64,2.78,26, 57, 89.06
HDIL, BE, 17-Feb-2020,2.4,2.3,2.45,2.3, 2.30,2.3,2.3,263917,6.08,395, -, -
HEG, EQ, 17-Feb-2020,1025.95,1019.0,1019.0,980.75, 1003.00,993.85,995.91,325267,3239.38,18863, 83968, 25.82
HEIDELBERG, EQ, 17-Feb-2020,197.05,197.9,197.9,193.7, 197.30,196.9,195.98,170406,333.96,3224, 79278, 46.52
HEOF1100RG, MF, 17-Feb-2020,9.46,9.46,9.46,9.0, 9.30,9.3,9.35,4000,0.37,6, 4000, 100.00
HEOF1126RD, MF, 17-Feb-2020,8.8,8.81,9.22,8.7, 8.70,8.7,8.98,31500,2.83,14, 31500, 100.00
HERCULES, EQ, 17-Feb-2020,91.55,91.6,93.0,90.0, 90.00,90.2,90.77,5250,4.77,265, 3882, 73.94
HERITGFOOD, EQ, 17-Feb-2020,330.9,332.9,347.0,303.8, 345.40,344.9,329.78,155515,512.86,7276, 102637, 66.00
HEROMOTOCO, EQ, 17-Feb-2020,2356.5,2335.0,2335.0,2269.55, 2283.50,2283.35,2292.44,818134,18755.21,59116, 239245, 29.24
HESTERBIO, EQ, 17-Feb-2020,1511.85,1544.0,1544.0,1500.0, 1525.40,1522.4,1508.33,1597,24.09,271, 1164, 72.89
HEXATRADEX, BE, 17-Feb-2020,11.8,11.8,12.0,11.5, 11.50,11.5,11.52,2725,0.31,15, -, -
HEXAWARE, EQ, 17-Feb-2020,371.1,371.15,373.45,366.15, 370.05,371.45,369.77,168669,623.68,5968, 48012, 28.47
HFCL, EQ, 17-Feb-2020,16.9,16.9,16.95,16.85, 16.90,16.9,16.9,1029754,174.05,1321, 877486, 85.21
HGINFRA, EQ, 17-Feb-2020,248.5,250.0,254.95,246.0, 252.10,249.55,249.41,40189,100.23,3322, 19179, 47.72
HGS, EQ, 17-Feb-2020,860.85,870.0,940.0,863.7, 888.25,891.45,908.41,56373,512.1,4644, 11797, 20.93
HHOF1140RD, MF, 17-Feb-2020,9.0,8.1,8.5,8.1, 8.50,8.5,8.11,3100,0.25,2, 3000, 96.77
HHOF1140RG, MF, 17-Feb-2020,8.62,8.78,8.78,8.38, 8.52,8.52,8.47,9963,0.84,9, 6601, 66.26
HIGHGROUND, BZ, 17-Feb-2020,0.35,0.4,0.4,0.3, 0.35,0.35,0.34,72434,0.25,46, -, -
HIKAL, EQ, 17-Feb-2020,122.1,121.0,122.8,117.15, 117.80,118.15,120.35,170064,204.67,2692, 87426, 51.41
HIL, EQ, 17-Feb-2020,1187.6,1183.0,1197.2,1133.2, 1140.00,1140.0,1153.78,11998,138.43,1298, 9608, 80.08
HILTON, BE, 17-Feb-2020,10.8,11.0,11.0,10.75, 10.75,10.75,10.99,105,0.01,2, -, -
HIMATSEIDE, EQ, 17-Feb-2020,105.0,106.0,106.55,99.5, 102.00,101.35,102.24,121544,124.27,2087, 64441, 53.02
HINDALCO, EQ, 17-Feb-2020,194.0,194.0,194.7,189.75, 190.45,190.25,191.78,3484321,6682.18,18760, 638577, 18.33
HINDCOMPOS, EQ, 17-Feb-2020,192.3,192.25,199.7,184.0, 187.55,186.75,190.46,4546,8.66,404, 2892, 63.62
HINDCOPPER, EQ, 17-Feb-2020,38.0,38.2,38.25,35.55, 35.65,35.9,36.8,876239,322.43,3803, 470767, 53.73
HINDMOTORS, EQ, 17-Feb-2020,5.0,5.0,5.1,4.95, 5.05,5.0,4.99,77112,3.85,186, 56763, 73.61
HINDNATGLS, BE, 17-Feb-2020,36.05,34.25,36.85,34.25, 36.75,36.75,34.86,620,0.22,6, -, -
HINDOILEXP, EQ, 17-Feb-2020,93.0,93.05,96.2,92.05, 92.30,92.5,94.44,229161,216.41,1952, 94387, 41.19
HINDPETRO, EQ, 17-Feb-2020,233.85,234.0,234.7,229.15, 230.00,230.0,230.8,1282476,2959.9,16457, 352680, 27.50
HINDSYNTEX, BE, 17-Feb-2020,1.65,1.65,1.65,1.6, 1.60,1.6,1.61,589,0.01,6, -, -
HINDUNILVR, EQ, 17-Feb-2020,2255.05,2248.0,2289.0,2243.2, 2254.05,2252.6,2262.44,1420851,32145.83,62176, 745987, 52.50
HINDZINC, EQ, 17-Feb-2020,190.65,190.65,190.65,188.3, 189.75,189.15,189.25,135016,255.52,3093, 67628, 50.09
HIRECT, EQ, 17-Feb-2020,182.65,181.95,184.0,174.0, 174.50,176.45,178.67,35471,63.37,819, 28508, 80.37
HISARMETAL, EQ, 17-Feb-2020,61.15,61.35,61.75,58.0, 61.25,60.75,60.18,4623,2.78,125, 3076, 66.54
HITECH, EQ, 17-Feb-2020,178.15,178.95,182.8,173.15, 177.05,177.95,177.28,7754,13.75,261, 3786, 48.83
HITECHCORP, EQ, 17-Feb-2020,80.8,80.0,83.8,77.0, 79.00,78.0,79.61,8720,6.94,84, 5417, 62.12
HITECHGEAR, EQ, 17-Feb-2020,159.35,159.0,163.0,156.05, 156.10,160.15,160.21,2852,4.57,116, 2213, 77.59
HLVLTD, EQ, 17-Feb-2020,5.15,5.45,5.45,4.8, 4.80,4.85,4.95,267478,13.23,480, 215091, 80.41
HMT, BZ, 17-Feb-2020,12.4,12.7,12.7,11.8, 11.90,11.9,11.98,321,0.04,14, -, -
HMVL, EQ, 17-Feb-2020,72.3,75.0,75.0,70.25, 70.65,70.65,71.29,6107,4.35,88, 4491, 73.54
HNDFDS, EQ, 17-Feb-2020,727.8,734.95,735.0,717.1, 725.90,724.6,725.54,5806,42.12,1013, 3752, 64.62
HNGSNGBEES, EQ, 17-Feb-2020,350.6,353.0,358.9,348.0, 354.00,354.0,353.65,185,0.65,35, 156, 84.32
HONAUT, EQ, 17-Feb-2020,36750.45,36800.0,37300.0,36000.0, 36005.00,36098.0,36537.4,1831,669.0,1301, 1088, 59.42
HONDAPOWER, EQ, 17-Feb-2020,1201.25,1200.0,1260.0,1200.0, 1250.00,1247.55,1238.1,10500,130.0,4661, 6007, 57.21
HOVS, EQ, 17-Feb-2020,39.5,42.0,42.0,38.05, 38.35,38.85,39.72,5560,2.21,121, 3814, 68.60
HPIL, SM, 17-Feb-2020,41.0,41.05,41.05,41.0, 41.00,41.0,41.03,6000,2.46,2, 3000, 50.00
HPL, EQ, 17-Feb-2020,38.55,38.55,39.5,37.5, 37.50,37.65,38.0,41493,15.77,718, 28142, 67.82
HSCL, EQ, 17-Feb-2020,55.25,55.0,56.2,51.6, 51.70,51.9,53.21,808002,429.9,6602, 474516, 58.73
HSIL, EQ, 17-Feb-2020,65.35,65.0,66.0,58.1, 58.50,58.75,61.39,745687,457.81,5755, 399112, 53.52
HTMEDIA, EQ, 17-Feb-2020,14.2,14.25,14.4,13.55, 14.10,14.2,14.09,42855,6.04,144, 35404, 82.61
HUBTOWN, BE, 17-Feb-2020,12.1,12.3,12.5,11.95, 12.20,12.1,12.14,43690,5.31,45, -, -
HUDCO, EQ, 17-Feb-2020,34.25,34.45,34.5,33.25, 33.40,33.5,33.86,756952,256.33,3258, 328591, 43.41
HUDCO, N2, 17-Feb-2020,1234.0,1155.8,1155.8,1145.7, 1151.00,1151.0,1154.44,2707,31.25,11, 2637, 97.41
HUDCO, N3, 17-Feb-2020,1134.0,1094.0,1099.0,1052.05, 1053.70,1053.45,1054.61,4931,52.0,74, 4610, 93.49
HUDCO, N8, 17-Feb-2020,1160.0,1160.0,1160.0,1160.0, 1160.00,1160.0,1160.0,25,0.29,1, 25, 100.00
HUDCO, N9, 17-Feb-2020,1172.22,1170.0,1170.0,1170.0, 1170.00,1170.0,1170.0,199,2.33,1, 199, 100.00
HUDCO, ND, 17-Feb-2020,1270.0,1247.5,1254.0,1201.1, 1254.00,1254.0,1232.65,1005,12.39,10, 1000, 99.50
HUDCO, NE, 17-Feb-2020,1342.0,1350.0,1350.0,1325.0, 1344.90,1328.24,1325.43,1026,13.6,11, 1014, 98.83
IBMFNIFTY, EQ, 17-Feb-2020,118.75,118.75,120.9,117.0, 117.00,119.02,119.55,50,0.06,13, 25, 50.00
IBREALEST, EQ, 17-Feb-2020,89.95,90.5,91.3,86.6, 86.65,87.2,88.28,700186,618.16,5187, 388908, 55.54
IBULHSGFIN, EQ, 17-Feb-2020,320.8,320.7,324.4,306.2, 307.95,307.75,311.13,16954075,52749.29,159165, 1274318, 7.52
IBULHSGFIN, N5, 17-Feb-2020,967.0,800.05,999.0,800.05, 999.00,891.33,886.53,19,0.17,5, 1, 5.26
IBULHSGFIN, N6, 17-Feb-2020,930.0,930.0,930.0,930.0, 930.00,930.0,930.0,47,0.44,2, 47, 100.00
IBULHSGFIN, N8, 17-Feb-2020,848.0,848.0,850.0,848.0, 850.00,849.92,849.92,51,0.43,2, 51, 100.00
IBULHSGFIN, NA, 17-Feb-2020,705.0,750.0,750.0,700.0, 700.00,700.0,700.28,264,1.85,13, 264, 100.00
IBULISL, EQ, 17-Feb-2020,108.25,111.4,111.4,102.85, 102.85,102.85,105.64,109241,115.4,936, 89167, 81.62
IBVENTURES, E3, 17-Feb-2020,78.8,79.25,81.85,75.6, 77.80,78.05,78.22,94096,73.6,616, 64641, 68.70
IBVENTURES, EQ, 17-Feb-2020,187.05,188.0,192.9,181.25, 189.10,190.35,187.93,1701558,3197.77,12089, 850910, 50.01
ICEMAKE, SM, 17-Feb-2020,54.0,52.3,52.3,52.3, 52.30,52.3,52.3,2000,1.05,1, 2000, 100.00
ICFL, N2, 17-Feb-2020,983.1,976.4,1001.0,957.1, 957.10,957.1,989.32,244,2.41,11, 140, 57.38
ICFL, N3, 17-Feb-2020,960.0,960.0,960.0,960.0, 960.00,960.0,960.0,58,0.56,2, 58, 100.00
ICFL, N5, 17-Feb-2020,925.0,925.0,925.0,925.0, 925.00,925.0,925.0,1,0.01,1, 1, 100.00
ICFL, N6, 17-Feb-2020,956.0,952.0,952.0,952.0, 952.00,952.0,952.0,3,0.03,1, 3, 100.00
ICFL, N7, 17-Feb-2020,950.0,925.0,925.0,925.0, 925.00,925.0,925.0,100,0.93,1, 100, 100.00
ICFL, N8, 17-Feb-2020,895.0,900.0,900.0,900.0, 900.00,900.0,900.0,25,0.23,2, 25, 100.00
ICFL, N9, 17-Feb-2020,1000.0,1000.0,1000.0,1000.0, 1000.00,1000.0,1000.0,100,1.0,2, 100, 100.00
ICFL, NC, 17-Feb-2020,890.0,901.0,910.6,721.05, 899.00,899.0,842.94,293,2.47,14, 220, 75.09
ICICI500, EQ, 17-Feb-2020,161.67,160.83,161.1,160.37, 160.37,160.43,161.0,18940,30.49,36, 18889, 99.73
ICICIB22, EQ, 17-Feb-2020,32.38,32.26,32.55,31.81, 32.09,32.21,32.05,326178,104.54,4414, 184149, 56.46
ICICIBANK, EQ, 17-Feb-2020,545.8,543.0,545.35,537.75, 542.30,541.6,541.85,7793293,42228.11,86606, 3650518, 46.84
ICICIBANKN, EQ, 17-Feb-2020,309.36,318.65,318.65,307.65, 307.80,307.84,308.47,1398,4.31,66, 987, 70.60
ICICIBANKP, EQ, 17-Feb-2020,169.1,169.1,170.55,168.5, 168.50,168.66,169.28,1268,2.15,35, 1162, 91.64
ICICIGI, EQ, 17-Feb-2020,1353.6,1353.6,1356.0,1331.25, 1340.00,1338.65,1350.12,187423,2530.43,9267, 145186, 77.46
ICICIGOLD, EQ, 17-Feb-2020,36.79,37.29,37.29,36.8, 36.90,36.83,36.94,41700,15.4,7055, 32390, 77.67
ICICILIQ, EQ, 17-Feb-2020,999.99,999.95,1000.0,999.95, 1000.00,999.99,1000.0,21782,217.82,35, 10274, 47.17
ICICILOVOL, EQ, 17-Feb-2020,92.36,93.8,94.0,90.1, 91.95,91.89,92.0,35165,32.35,179, 34126, 97.05
ICICIM150, EQ, 17-Feb-2020,67.26,66.7,66.7,66.1, 66.10,66.31,66.45,299,0.2,9, 199, 66.56
ICICIMCAP, EQ, 17-Feb-2020,68.51,69.5,69.5,67.6, 67.82,67.71,67.68,29015,19.64,148, 28777, 99.18
ICICINF100, EQ, 17-Feb-2020,134.03,133.0,133.0,129.98, 130.52,130.48,130.86,3693,4.83,60, 3564, 96.51
ICICINIFTY, EQ, 17-Feb-2020,127.63,128.6,129.15,127.0, 127.20,127.26,127.52,93700,119.48,9100, 51926, 55.42
ICICINV20, EQ, 17-Feb-2020,58.03,59.0,59.0,56.0, 57.76,57.75,57.9,4059,2.35,609, 3212, 79.13
ICICINXT50, EQ, 17-Feb-2020,28.86,28.86,29.77,28.0, 28.53,28.51,28.64,20282,5.81,287, 18215, 89.81
ICICIPRULI, EQ, 17-Feb-2020,481.3,479.25,480.95,467.0, 474.00,474.4,473.67,795066,3765.98,15109, 347550, 43.71
ICICISENSX, EQ, 17-Feb-2020,439.7,441.87,441.87,437.51, 437.51,437.67,438.75,347,1.52,44, 326, 93.95
ICIL, EQ, 17-Feb-2020,57.75,57.1,59.4,55.0, 55.45,55.5,56.79,130779,74.27,1080, 85536, 65.40
ICRA, EQ, 17-Feb-2020,2999.85,3000.0,3024.0,2948.45, 3000.00,3000.05,3005.5,31686,952.32,1008, 30484, 96.21
ICSA, BZ, 17-Feb-2020,0.3,0.25,0.25,0.25, 0.25,0.25,0.25,4973,0.01,9, -, -
IDBI, EQ, 17-Feb-2020,35.45,36.2,36.6,34.3, 34.50,34.55,35.39,2667331,943.86,7808, 776004, 29.09
IDBIGOLD, EQ, 17-Feb-2020,3728.25,3794.95,3794.95,3721.0, 3722.00,3721.5,3741.55,199,7.45,21, 148, 74.37
IDEA, EQ, 17-Feb-2020,3.4,3.7,4.2,3.3, 3.35,3.4,3.68,814861351,29967.76,309219, 243104915, 29.83
IDFC, EQ, 17-Feb-2020,34.55,34.7,34.8,33.95, 34.00,34.2,34.23,789280,270.2,2438, 489508, 62.02
IDFCFIRSTB, EQ, 17-Feb-2020,39.6,39.7,39.9,38.75, 39.00,38.9,39.23,12010682,4711.86,22659, 3773488, 31.42
IDFCFIRSTB, N1, 17-Feb-2020,5000.0,5000.0,5000.0,4990.0, 5000.00,5000.0,4991.39,46,2.3,9, 46, 100.00
IDFCFIRSTB, N2, 17-Feb-2020,10015.0,10015.0,10015.0,10015.0, 10015.00,10015.0,10015.0,12,1.2,3, 12, 100.00
IDFCFIRSTB, N3, 17-Feb-2020,4955.0,4950.02,4980.0,4950.02, 4970.00,4970.0,4966.67,12,0.6,3, 8, 66.67
IDFCFIRSTB, N4, 17-Feb-2020,9585.5,9570.01,9583.1,9570.01, 9583.00,9583.0,9576.53,16,1.53,4, 12, 75.00
IDFCFIRSTB, N5, 17-Feb-2020,4910.0,4905.01,4905.01,4900.0, 4900.00,4901.25,4903.34,9,0.44,4, 5, 55.56
IDFCFIRSTB, N6, 17-Feb-2020,10001.0,9732.0,9732.0,9732.0, 9732.00,9732.0,9732.0,4,0.39,1, 4, 100.00
IDFCFIRSTB, N9, 17-Feb-2020,4961.05,4901.05,4970.0,4900.0, 4970.00,4970.0,4916.32,26,1.28,8, 20, 76.92
IDFCFIRSTB, NA, 17-Feb-2020,9887.0,9762.01,9825.0,9762.01, 9825.00,9825.0,9782.41,32,3.13,9, 19, 59.38
IDFCFIRSTB, NB, 17-Feb-2020,5265.01,5250.0,5250.0,5250.0, 5250.00,5250.0,5250.0,7,0.37,4, 7, 100.00
IDFCFIRSTB, NC, 17-Feb-2020,9380.0,9331.0,9357.0,9326.0, 9357.00,9357.0,9338.75,55,5.14,13, 53, 96.36
IDFCFIRSTB, NE, 17-Feb-2020,9050.0,9030.5,9030.5,9030.0, 9030.00,9030.0,9030.21,12,1.08,2, 12, 100.00
IDFNIFTYET, EQ, 17-Feb-2020,122.0,124.99,125.0,122.3, 122.30,124.85,124.93,116,0.14,10, 59, 50.86
IEX, EQ, 17-Feb-2020,189.85,189.0,190.0,186.1, 190.00,189.95,189.37,432824,819.64,4014, 330897, 76.45
IFBAGRO, EQ, 17-Feb-2020,370.45,370.0,384.8,351.6, 356.00,359.25,367.82,21835,80.31,1371, 9548, 43.73
IFBIND, EQ, 17-Feb-2020,528.95,538.8,544.8,520.0, 527.00,522.9,530.0,16478,87.33,1289, 9896, 60.06
IFCI, EQ, 17-Feb-2020,6.15,6.2,6.25,5.9, 6.00,6.0,6.02,2257268,135.89,29687, 1019257, 45.15
IFCI, NH, 17-Feb-2020,988.99,989.0,992.9,986.0, 990.00,989.97,989.51,424,4.2,14, 424, 100.00
IFCI, NL, 17-Feb-2020,938.0,949.86,949.86,941.0, 948.00,948.64,948.85,386,3.66,35, 386, 100.00
IFCI, NM, 17-Feb-2020,1432.0,1425.01,1425.01,1425.0, 1425.00,1425.0,1425.01,105,1.5,3, 105, 100.00
IFGLEXPOR, EQ, 17-Feb-2020,159.5,159.0,164.95,156.0, 156.55,159.25,158.82,2215,3.52,367, 1275, 57.56
IGARASHI, EQ, 17-Feb-2020,348.25,347.1,357.85,334.95, 339.65,339.95,347.2,455189,1580.42,12190, 89867, 19.74
IGL, EQ, 17-Feb-2020,487.5,487.2,487.2,465.95, 466.45,468.05,472.87,5607494,26515.98,75795, 3174220, 56.61
IGPL, EQ, 17-Feb-2020,174.3,173.7,176.85,171.5, 172.00,173.15,173.92,10727,18.66,650, 5194, 48.42
IIFCL, N2, 17-Feb-2020,1110.0,1110.0,1110.0,1110.0, 1110.00,1110.0,1110.0,35,0.39,3, 35, 100.00
IIFL, EQ, 17-Feb-2020,208.6,209.75,209.75,196.1, 198.35,201.7,202.41,428263,866.85,7423, 216644, 50.59
IIFLFIN, ND, 17-Feb-2020,985.3,986.1,999.0,986.1, 999.00,998.5,986.43,760,7.5,15, 740, 97.37
IIFLFIN, NE, 17-Feb-2020,1071.9,1080.0,1080.0,1080.0, 1080.00,1080.0,1080.0,10,0.11,1, 10, 100.00
IIFLFIN, NF, 17-Feb-2020,995.29,995.0,995.0,993.35, 995.00,995.0,993.71,915,9.09,18, 891, 97.38
IIFLFIN, NG, 17-Feb-2020,992.3,971.01,990.0,970.0, 990.00,983.78,975.99,2000,19.52,35, 1660, 83.00
IIFLFIN, NH, 17-Feb-2020,975.0,940.0,1005.0,930.0, 1000.00,1004.16,981.98,660,6.48,23, 580, 87.88
IIFLFIN, NJ, 17-Feb-2020,1040.0,1031.01,1043.0,1030.35, 1040.00,1040.0,1035.85,112,1.16,5, 102, 91.07
IIFLFIN, NK, 17-Feb-2020,996.25,997.35,997.35,997.35, 997.35,997.35,997.35,50,0.5,1, 50, 100.00
IIFLFIN, NN, 17-Feb-2020,1000.0,980.0,980.0,977.0, 980.00,980.0,977.06,2040,19.93,8, 2040, 100.00
IIFLSEC, EQ, 17-Feb-2020,56.7,53.9,56.1,53.9, 53.90,53.9,54.06,631940,341.64,1879, 315878, 49.99
IIFLWAM, EQ, 17-Feb-2020,1586.45,1585.0,1590.85,1520.0, 1549.00,1546.85,1550.45,7975,123.65,799, 5817, 72.94
IIHFL, N2, 17-Feb-2020,1008.55,1008.0,1008.0,1004.01, 1005.00,1005.0,1005.07,759,7.63,10, 759, 100.00
IITL, EQ, 17-Feb-2020,82.05,82.1,83.45,82.0, 83.45,83.45,82.63,491,0.41,11, 91, 18.53
IL&FSENGG, BZ, 17-Feb-2020,1.75,1.75,1.8,1.7, 1.75,1.75,1.76,19040,0.34,20, -, -
IL&FSTRANS, BZ, 17-Feb-2020,1.75,1.8,1.8,1.7, 1.75,1.75,1.74,11041,0.19,41, -, -
IMFA, EQ, 17-Feb-2020,205.85,205.05,205.15,200.0, 203.00,202.7,202.14,15141,30.61,439, 10075, 66.54
IMPAL, EQ, 17-Feb-2020,565.1,578.0,578.0,564.95, 565.00,565.75,565.51,1574,8.9,127, 1030, 65.44
IMPEXFERRO, BE, 17-Feb-2020,0.35,0.4,0.4,0.3, 0.40,0.4,0.33,2701,0.01,9, -, -
INDBANK, EQ, 17-Feb-2020,7.3,7.5,7.6,7.3, 7.45,7.55,7.48,47014,3.52,151, 34734, 73.88
INDHOTEL, EQ, 17-Feb-2020,134.05,134.45,135.0,130.9, 131.00,131.55,131.94,1703903,2248.05,6097, 1544344, 90.64
INDIACEM, EQ, 17-Feb-2020,74.2,74.45,74.75,73.0, 73.05,73.35,73.39,729473,535.33,5069, 277901, 38.10
INDIAGLYCO, EQ, 17-Feb-2020,301.9,308.2,331.0,305.9, 313.00,314.3,322.26,1484780,4784.86,32944, 292149, 19.68
INDIAMART, EQ, 17-Feb-2020,2501.75,2520.0,2586.6,2430.65, 2450.00,2456.0,2522.48,171848,4334.82,13914, 63658, 37.04
INDIANB, EQ, 17-Feb-2020,84.95,84.95,84.95,81.5, 81.75,81.95,82.65,1182349,977.17,9915, 414774, 35.08
INDIANCARD, EQ, 17-Feb-2020,116.9,116.9,117.0,112.1, 112.75,112.75,113.63,56,0.06,9, 50, 89.29
INDIANHUME, EQ, 17-Feb-2020,221.9,222.0,225.5,219.0, 219.00,219.5,222.23,20862,46.36,650, 12427, 59.57
INDIGO, EQ, 17-Feb-2020,1439.1,1441.3,1465.0,1436.05, 1455.00,1455.8,1454.2,507315,7377.37,17305, 104365, 20.57
INDIGRID, IV, 17-Feb-2020,96.71,95.61,97.15,95.61, 97.15,97.07,96.96,233037,225.94,108, 219429, 94.16
INDLMETER, BE, 17-Feb-2020,19.55,19.1,19.1,18.6, 18.60,18.6,18.6,1507,0.28,6, -, -
INDNIPPON, EQ, 17-Feb-2020,363.55,371.9,371.9,359.3, 360.00,360.65,362.97,4763,17.29,344, 3563, 74.81
INDOCO, EQ, 17-Feb-2020,250.7,250.9,260.0,240.1, 250.00,249.75,252.09,170080,428.76,4809, 62533, 36.77
INDORAMA, EQ, 17-Feb-2020,22.6,22.6,23.5,21.95, 22.00,22.05,22.15,15923,3.53,123, 12099, 75.98
INDOSOLAR, BZ, 17-Feb-2020,0.8,0.85,0.85,0.85, 0.85,0.85,0.85,55791,0.47,52, -, -
INDOSTAR, EQ, 17-Feb-2020,284.1,287.45,287.45,282.5, 282.50,283.0,283.83,43729,124.12,401, 40480, 92.57
INDOTECH, BE, 17-Feb-2020,113.75,115.9,115.9,114.05, 114.10,114.1,114.84,17515,20.11,917, -, -
INDOTHAI, EQ, 17-Feb-2020,22.6,22.25,23.2,21.75, 22.55,22.55,22.49,3355,0.75,100, 2509, 74.78
INDOWIND, BE, 17-Feb-2020,2.8,2.9,2.9,2.7, 2.80,2.8,2.73,25804,0.7,49, -, -
INDRAMEDCO, EQ, 17-Feb-2020,41.75,42.55,42.6,41.6, 41.70,41.85,42.01,51818,21.77,429, 37665, 72.69
INDSWFTLAB, EQ, 17-Feb-2020,21.55,21.9,22.0,21.15, 21.45,21.3,21.64,14787,3.2,114, 11958, 80.87
INDSWFTLTD, EQ, 17-Feb-2020,2.85,2.95,2.95,2.85, 2.85,2.85,2.91,3248,0.09,6, 3240, 99.75
INDTERRAIN, EQ, 17-Feb-2020,56.45,56.05,57.95,54.2, 54.30,54.9,55.3,5794,3.2,133, 3353, 57.87
INDUSINDBK, EQ, 17-Feb-2020,1176.0,1176.0,1209.0,1164.5, 1173.65,1172.95,1183.99,9900428,117219.96,210511, 1869031, 18.88
INEOSSTYRO, EQ, 17-Feb-2020,766.85,764.1,765.0,761.1, 761.10,761.15,761.59,1877,14.3,101, 1783, 94.99
INFIBEAM, EQ, 17-Feb-2020,57.35,57.8,57.85,56.75, 57.05,57.25,57.18,621199,355.21,2776, 124737, 20.08
INFOBEAN, EQ, 17-Feb-2020,113.55,113.5,119.0,108.5, 115.00,113.1,112.05,68696,76.98,417, 47082, 68.54
INFRABEES, EQ, 17-Feb-2020,337.55,335.0,336.0,334.0, 334.00,334.0,334.97,277,0.93,20, 250, 90.25
INFRATEL, EQ, 17-Feb-2020,235.45,234.85,239.95,232.0, 235.10,235.0,236.23,4423991,10450.82,36314, 519881, 11.75
INFY, EQ, 17-Feb-2020,786.45,790.3,793.45,783.3, 788.85,789.45,789.21,2929629,23120.86,69780, 1441936, 49.22
INGERRAND, EQ, 17-Feb-2020,639.85,639.85,654.95,636.55, 646.00,645.65,644.44,13465,86.77,1278, 5734, 42.58
INNOVANA, SM, 17-Feb-2020,111.3,111.3,114.0,110.1, 114.00,114.0,111.48,4000,4.46,4, 3000, 75.00
INOXLEISUR, EQ, 17-Feb-2020,473.25,474.9,476.2,458.15, 469.10,469.85,465.1,164803,766.49,11819, 96295, 58.43
INOXWIND, EQ, 17-Feb-2020,36.85,36.25,37.9,36.25, 37.60,37.65,37.42,111859,41.86,606, 63454, 56.73
INSECTICID, EQ, 17-Feb-2020,490.1,484.75,493.85,475.0, 481.00,481.3,481.42,14239,68.55,775, 9009, 63.27
INSPIRISYS, EQ, 17-Feb-2020,32.5,33.8,33.8,32.5, 33.00,32.7,33.23,1651,0.55,31, 1395, 84.49
INTEGRA, BE, 17-Feb-2020,0.6,0.6,0.6,0.55, 0.55,0.55,0.57,3,0.0,2, -, -
INTELLECT, EQ, 17-Feb-2020,144.35,140.0,142.8,132.55, 136.45,136.6,138.13,313000,432.35,4737, 168923, 53.97
INTENTECH, EQ, 17-Feb-2020,20.6,21.2,21.2,17.75, 20.50,19.85,19.02,41794,7.95,319, 25089, 60.03
INVENTURE, EQ, 17-Feb-2020,12.9,13.0,13.4,12.55, 13.40,13.15,12.98,27637,3.59,51, 3820, 13.82
IOB, EQ, 17-Feb-2020,9.35,9.2,9.35,9.1, 9.20,9.15,9.18,848907,77.91,1267, 489424, 57.65
IOC, EQ, 17-Feb-2020,115.1,115.0,115.3,111.25, 111.80,111.8,112.17,9671741,10849.22,36612, 3869203, 40.01
IOLCP, EQ, 17-Feb-2020,195.85,197.4,218.8,194.1, 208.70,207.1,209.21,2912857,6093.93,32929, 871001, 29.90
IPCALAB, EQ, 17-Feb-2020,1436.9,1439.0,1439.0,1342.0, 1373.00,1359.9,1378.23,296648,4088.48,28021, 140743, 47.44
IRB, EQ, 17-Feb-2020,100.3,98.25,100.4,95.2, 96.75,97.05,97.4,1454881,1417.09,10757, 522745, 35.93
IRBINVIT, IV, 17-Feb-2020,48.73,49.0,49.0,47.03, 47.21,47.45,47.61,632500,301.14,142, 500000, 79.05
IRCON, EQ, 17-Feb-2020,553.3,555.1,556.75,523.0, 525.00,525.35,536.42,512508,2749.22,16456, 175369, 34.22
IRCTC, EQ, 17-Feb-2020,1557.4,1564.9,1565.0,1510.0, 1523.85,1518.65,1529.26,1568959,23993.52,75102, 351265, 22.39
IREDA, N1, 17-Feb-2020,1149.6,1149.6,1149.6,1149.6, 1149.60,1149.6,1149.6,10,0.11,1, 10, 100.00
IREDA, N7, 17-Feb-2020,1165.0,1165.0,1167.0,1164.99, 1167.00,1166.44,1165.84,1190,13.87,6, 1190, 100.00
IRFC, N1, 17-Feb-2020,1078.5,1076.0,1079.0,1076.0, 1079.00,1079.0,1077.13,160,1.72,2, 160, 100.00
IRFC, N2, 17-Feb-2020,1174.0,1174.0,1177.0,1174.0, 1177.00,1175.0,1175.57,2701,31.75,10, 2701, 100.00
IRFC, N9, 17-Feb-2020,1200.1,1177.01,1199.0,1177.01, 1199.00,1199.0,1188.01,10,0.12,2, 5, 50.00
IRFC, NA, 17-Feb-2020,1281.0,1291.0,1291.0,1291.0, 1291.00,1291.0,1291.0,100,1.29,1, 100, 100.00
IRFC, NE, 17-Feb-2020,1430.0,1383.81,1383.81,1383.81, 1383.81,1383.81,1383.81,3,0.04,1, 3, 100.00
IRFC, NI, 17-Feb-2020,1103.49,1081.0,1081.0,1080.2, 1080.20,1080.2,1080.6,40,0.43,2, 40, 100.00
IRFC, NJ, 17-Feb-2020,1164.0,1172.0,1172.0,1172.0, 1172.00,1172.0,1172.0,162,1.9,6, 162, 100.00
IRFC, NN, 17-Feb-2020,1102.0,1080.0,1086.01,1080.0, 1086.01,1086.01,1080.15,159,1.72,2, 159, 100.00
IRFC, NO, 17-Feb-2020,1183.17,1181.0,1182.05,1181.0, 1182.05,1181.87,1181.71,1910,22.57,25, 1610, 84.29
IRISDOREME, SM, 17-Feb-2020,152.5,154.0,156.9,153.0, 153.00,153.0,154.23,12800,19.74,6, 8000, 62.50
ISEC, EQ, 17-Feb-2020,474.5,472.35,476.0,461.25, 470.00,468.45,470.14,145726,685.11,7049, 82308, 56.48
ISFT, EQ, 17-Feb-2020,63.05,61.0,66.2,59.9, 62.95,62.95,62.9,26318,16.55,176, 23129, 87.88
ISMTLTD, EQ, 17-Feb-2020,4.05,4.4,4.4,3.95, 3.95,4.0,4.01,64900,2.6,67, 53583, 82.56
ITC, EQ, 17-Feb-2020,207.7,208.0,208.65,204.0, 204.25,204.8,205.88,15561953,32039.06,113582, 11259627, 72.35
ITDC, EQ, 17-Feb-2020,319.4,321.95,321.95,304.65, 306.00,306.7,310.93,101872,316.75,4564, 30701, 30.14
ITDCEM, EQ, 17-Feb-2020,60.4,62.4,62.4,58.1, 59.05,59.0,59.54,137618,81.93,1369, 89599, 65.11
ITI, EQ, 17-Feb-2020,82.75,83.0,83.2,80.6, 81.25,81.3,81.5,433173,353.02,4396, 158259, 36.53
IVC, EQ, 17-Feb-2020,3.1,3.1,3.15,3.0, 3.05,3.05,3.04,68334,2.08,128, 58346, 85.38
IVP, EQ, 17-Feb-2020,45.05,46.9,47.9,42.0, 45.00,45.75,45.19,963,0.44,43, 518, 53.79
IVZINGOLD, EQ, 17-Feb-2020,3680.0,3680.0,3749.0,3680.0, 3709.95,3709.95,3710.14,21,0.78,7, 13, 61.90
IZMO, EQ, 17-Feb-2020,24.9,26.3,27.35,25.55, 27.35,27.35,26.94,33170,8.94,162, 23342, 70.37
J&KBANK, EQ, 17-Feb-2020,18.05,17.5,18.1,17.05, 18.00,17.45,17.32,1311580,227.1,3723, 673965, 51.39
JAGRAN, EQ, 17-Feb-2020,68.4,68.0,69.8,66.95, 69.25,68.5,68.02,465891,316.91,1823, 390677, 83.86
JAGSNPHARM, EQ, 17-Feb-2020,27.2,26.5,27.75,26.05, 26.50,26.5,26.77,10799,2.89,141, 8978, 83.14
JAIBALAJI, EQ, 17-Feb-2020,27.1,26.5,27.2,26.35, 27.00,27.1,26.98,3468,0.94,22, 3256, 93.89
JAICORPLTD, EQ, 17-Feb-2020,100.55,101.15,101.6,97.2, 98.30,98.2,98.46,865485,852.15,9625, 196204, 22.67
JAIHINDPRO, BZ, 17-Feb-2020,0.7,0.75,0.75,0.75, 0.75,0.75,0.75,250,0.0,1, -, -
JAINSTUDIO, BE, 17-Feb-2020,1.55,1.5,1.5,1.5, 1.50,1.5,1.5,485,0.01,3, -, -
JAKHARIA, SM, 17-Feb-2020,180.0,180.1,180.1,180.1, 180.10,180.1,180.1,21600,38.9,20, 21600, 100.00
JALAN, SM, 17-Feb-2020,6.5,6.2,6.2,6.2, 6.20,6.2,6.2,3000,0.19,1, 3000, 100.00
JAMNAAUTO, EQ, 17-Feb-2020,42.05,41.95,42.55,40.7, 40.85,40.95,41.69,539409,224.89,3743, 236178, 43.78
JASH, EQ, 17-Feb-2020,168.6,173.0,184.0,162.6, 179.35,180.2,175.27,240938,422.29,3175, 117850, 48.91
JAYAGROGN, EQ, 17-Feb-2020,99.6,99.6,101.8,94.15, 96.25,95.1,97.05,20119,19.53,1024, 13604, 67.62
JAYBARMARU, EQ, 17-Feb-2020,234.85,236.9,236.9,225.3, 226.00,227.25,231.31,21803,50.43,812, 11574, 53.08
JAYNECOIND, EQ, 17-Feb-2020,3.5,3.6,3.65,3.6, 3.65,3.65,3.62,12091,0.44,26, 10730, 88.74
JAYSREETEA, EQ, 17-Feb-2020,49.6,49.15,50.4,48.1, 48.35,48.3,49.02,35138,17.23,518, 22354, 63.62
JBCHEPHARM, EQ, 17-Feb-2020,583.9,588.9,588.9,533.95, 553.00,555.9,561.58,114082,640.66,4558, 59236, 51.92
JBFIND, BE, 17-Feb-2020,15.0,15.7,15.75,15.7, 15.75,15.75,15.75,46381,7.3,41, -, -
JBMA, EQ, 17-Feb-2020,234.55,235.0,238.95,230.1, 230.40,230.5,233.63,11494,26.85,496, 5442, 47.35
JCHAC, EQ, 17-Feb-2020,2858.1,2860.0,2904.25,2850.8, 2892.35,2874.1,2872.32,7304,209.79,1270, 4413, 60.42
JETAIRWAYS, BZ, 17-Feb-2020,27.75,26.4,27.75,26.4, 26.40,26.6,26.54,56927,15.11,602, -, -
JHS, EQ, 17-Feb-2020,12.3,12.3,12.85,11.85, 12.05,11.9,12.17,40973,4.99,371, 36146, 88.22
JIKIND, BE, 17-Feb-2020,0.3,0.25,0.35,0.25, 0.30,0.3,0.31,5007,0.02,12, -, -
JINDALPHOT, EQ, 17-Feb-2020,13.5,13.1,13.95,12.8, 13.00,13.1,13.27,5193,0.69,69, 4491, 86.48
JINDALPOLY, EQ, 17-Feb-2020,268.5,270.35,272.2,263.1, 265.00,265.0,267.69,20571,55.07,595, 13621, 66.21
JINDALSAW, EQ, 17-Feb-2020,88.5,88.95,92.2,86.5, 91.50,91.25,89.84,1769933,1590.17,11668, 559829, 31.63
JINDALSTEL, EQ, 17-Feb-2020,190.5,192.5,193.4,188.85, 189.90,190.4,191.16,12487268,23871.27,61428, 1134404, 9.08
JINDCOT, BE, 17-Feb-2020,1.6,1.6,1.6,1.55, 1.55,1.55,1.55,403,0.01,10, -, -
JINDRILL, EQ, 17-Feb-2020,98.25,98.15,99.75,95.1, 95.15,95.9,97.29,10890,10.6,276, 7726, 70.95
JINDWORLD, EQ, 17-Feb-2020,60.5,61.4,61.9,60.05, 60.60,60.4,60.99,91114,55.57,1669, 7251, 7.96
JISLDVREQS, EQ, 17-Feb-2020,6.6,6.6,6.6,5.95, 6.25,6.0,6.05,78102,4.72,257, 39758, 50.91
JISLJALEQS, EQ, 17-Feb-2020,7.0,6.85,6.9,6.65, 6.65,6.65,6.7,1575639,105.5,1882, 946143, 60.05
JITFINFRA, BE, 17-Feb-2020,8.85,9.25,9.25,9.0, 9.00,9.0,9.1,25,0.0,3, -, -
JIYAECO, EQ, 17-Feb-2020,15.2,14.45,15.95,14.45, 15.95,15.9,15.46,547914,84.68,727, 224522, 40.98
JKCEMENT, EQ, 17-Feb-2020,1423.85,1421.0,1438.0,1400.0, 1418.90,1418.1,1420.89,54201,770.14,6249, 34514, 63.68
JKIL, EQ, 17-Feb-2020,147.1,148.0,148.0,142.1, 142.50,144.55,144.91,90659,131.38,2884, 59266, 65.37
JKLAKSHMI, EQ, 17-Feb-2020,345.15,342.0,347.0,328.0, 330.00,330.65,334.39,81202,271.53,3936, 37930, 46.71
JKPAPER, EQ, 17-Feb-2020,125.6,125.0,126.0,122.6, 123.00,123.15,123.41,382524,472.08,4176, 197567, 51.65
JKTYRE, EQ, 17-Feb-2020,69.85,69.5,69.8,67.05, 67.35,67.55,68.31,440214,300.7,4697, 244382, 55.51
JMA, EQ, 17-Feb-2020,24.5,25.3,25.8,24.3, 25.60,25.6,25.28,1770,0.45,13, 1567, 88.53
JMCPROJECT, EQ, 17-Feb-2020,86.35,87.05,87.85,84.0, 84.65,84.35,85.58,62948,53.87,855, 29397, 46.70
JMFINANCIL, EQ, 17-Feb-2020,113.9,112.6,113.75,105.4, 109.25,108.5,109.12,440723,480.94,6424, 191075, 43.35
JMTAUTOLTD, EQ, 17-Feb-2020,1.2,1.3,1.3,1.2, 1.30,1.3,1.29,85143,1.1,58, 70126, 82.36
JOCIL, EQ, 17-Feb-2020,118.8,119.55,123.5,115.65, 120.00,120.1,118.83,1173,1.39,60, 635, 54.13
JPASSOCIAT, EQ, 17-Feb-2020,1.75,1.75,1.75,1.6, 1.65,1.6,1.66,5294554,88.08,1761, 2996176, 56.59
JPINFRATEC, EQ, 17-Feb-2020,1.05,1.05,1.05,1.0, 1.00,1.0,1.02,1301659,13.21,357, 842964, 64.76
JPOLYINVST, EQ, 17-Feb-2020,12.9,12.3,13.0,12.3, 12.55,12.55,12.59,257,0.03,10, 217, 84.44
JPPOWER, EQ, 17-Feb-2020,1.7,1.65,1.65,1.65, 1.65,1.65,1.65,200272,3.3,144, 200272, 100.00
JSL, EQ, 17-Feb-2020,41.05,41.15,41.95,39.7, 40.00,40.25,40.43,3006267,1215.47,2622, 2315373, 77.02
JSLHISAR, EQ, 17-Feb-2020,76.5,75.25,76.85,72.35, 75.00,76.0,75.17,182307,137.03,1951, 67323, 36.93
JSWENERGY, EQ, 17-Feb-2020,62.85,62.8,63.9,62.55, 63.05,63.15,63.15,249796,157.75,2705, 115614, 46.28
JSWHL, EQ, 17-Feb-2020,2752.35,2764.75,2765.4,2690.0, 2690.00,2691.7,2704.47,1305,35.29,295, 932, 71.42
JSWSTEEL, EQ, 17-Feb-2020,289.15,289.15,290.9,285.3, 288.00,288.15,288.29,6084235,17540.5,36285, 734415, 12.07
JSWSTEEL, P2, 17-Feb-2020,1.2,1.25,1.25,1.2, 1.20,1.2,1.23,5122,0.06,13, 5122, 100.00
JTEKTINDIA, EQ, 17-Feb-2020,82.05,81.8,82.05,78.7, 80.00,80.0,79.91,78688,62.88,812, 64266, 81.67
JUBILANT, EQ, 17-Feb-2020,525.6,524.4,527.95,511.1, 511.50,513.5,518.56,118963,616.89,3998, 36730, 30.88
JUBLFOOD, EQ, 17-Feb-2020,1812.6,1819.95,1840.85,1811.25, 1839.00,1833.05,1825.73,519225,9479.64,22748, 94517, 18.20
JUBLINDS, BE, 17-Feb-2020,128.0,133.7,133.7,128.0, 130.00,128.85,129.33,5272,6.82,74, -, -
JUMPNET, EQ, 17-Feb-2020,52.25,52.0,52.5,51.5, 51.50,52.1,52.17,860455,448.87,529, 499000, 57.99
JUNIORBEES, EQ, 17-Feb-2020,296.57,297.85,299.95,293.05, 293.66,293.4,295.0,47636,140.53,3414, 34771, 72.99
JUSTDIAL, EQ, 17-Feb-2020,507.6,508.0,509.0,487.1, 495.25,493.0,496.14,2571383,12757.65,31770, 131755, 5.12
JVLAGRO, BZ, 17-Feb-2020,0.35,0.4,0.4,0.35, 0.40,0.35,0.39,109345,0.42,60, -, -
JYOTHYLAB, EQ, 17-Feb-2020,135.45,136.0,136.9,125.5, 129.55,129.6,132.54,889508,1178.94,10350, 689728, 77.54
JYOTISTRUC, BZ, 17-Feb-2020,1.75,1.7,1.75,1.7, 1.70,1.7,1.7,78002,1.33,46, -, -
KABRAEXTRU, EQ, 17-Feb-2020,74.6,72.55,75.5,72.15, 73.60,73.35,72.85,9322,6.79,145, 7682, 82.41
KAJARIACER, EQ, 17-Feb-2020,538.7,536.0,540.95,530.1, 530.30,531.2,533.3,90837,484.44,12086, 63495, 69.90
KAKATCEM, EQ, 17-Feb-2020,179.85,181.2,187.7,180.0, 182.05,184.0,183.89,36878,67.81,1327, 17390, 47.16
KALPATPOWR, EQ, 17-Feb-2020,384.8,385.0,390.0,375.05, 377.70,379.8,380.98,716372,2729.27,17157, 660010, 92.13
KALYANIFRG, BE, 17-Feb-2020,144.6,144.6,144.6,137.4, 137.40,137.4,138.41,693,0.96,28, -, -
KAMATHOTEL, EQ, 17-Feb-2020,36.45,36.0,37.05,35.5, 35.55,35.7,36.22,12431,4.5,210, 7913, 63.66
KAMDHENU, EQ, 17-Feb-2020,85.0,83.3,87.9,83.3, 84.10,84.7,84.97,4616,3.92,110, 2672, 57.89
KANANIIND, BE, 17-Feb-2020,2.5,2.5,2.6,2.4, 2.60,2.6,2.53,1708,0.04,8, -, -
KANORICHEM, EQ, 17-Feb-2020,37.95,38.35,38.45,36.85, 36.90,37.1,37.47,15940,5.97,181, 12544, 78.70
KANSAINER, EQ, 17-Feb-2020,500.25,502.0,507.9,495.55, 506.00,502.5,501.85,125959,632.12,3691, 98642, 78.31
KAPSTON, SM, 17-Feb-2020,90.0,83.05,93.0,83.05, 93.00,93.0,88.03,2800,2.46,2, 1400, 50.00
KARDA, EQ, 17-Feb-2020,147.15,147.0,147.0,144.3, 146.00,146.1,146.32,47984,70.21,206, 43416, 90.48
KARMAENG, BE, 17-Feb-2020,13.05,13.0,13.0,13.0, 13.00,13.0,13.0,500,0.07,1, -, -
KARURVYSYA, EQ, 17-Feb-2020,49.7,50.35,50.35,48.25, 48.45,48.8,48.82,297074,145.02,1908, 178591, 60.12
KAUSHALYA, BE, 17-Feb-2020,0.45,0.45,0.45,0.4, 0.45,0.45,0.44,1175,0.01,6, -, -
KAYA, EQ, 17-Feb-2020,305.3,305.35,311.0,297.3, 298.00,298.35,302.34,9823,29.7,566, 6405, 65.20
KCP, EQ, 17-Feb-2020,62.4,63.95,63.95,61.5, 61.50,61.55,62.12,14190,8.81,173, 12586, 88.70
KCPSUGIND, EQ, 17-Feb-2020,14.15,15.1,15.35,14.0, 14.05,14.1,14.68,293658,43.12,955, 110349, 37.58
KDDL, EQ, 17-Feb-2020,297.85,307.35,307.35,281.0, 285.25,289.1,289.21,390,1.13,44, 179, 45.90
KEC, EQ, 17-Feb-2020,340.65,342.75,343.75,328.1, 341.95,339.4,333.86,301034,1005.03,7295, 160591, 53.35
KECL, EQ, 17-Feb-2020,15.5,16.25,16.25,15.7, 16.25,16.25,16.15,77261,12.48,339, 59842, 77.45
KEI, EQ, 17-Feb-2020,534.5,540.0,540.0,526.85, 529.00,528.8,530.32,61679,327.1,4966, 36652, 59.42
KELLTONTEC, EQ, 17-Feb-2020,16.55,17.0,17.15,16.25, 17.00,16.8,16.66,189501,31.58,784, 110931, 58.54
KENNAMET, EQ, 17-Feb-2020,984.25,984.25,1007.0,980.0, 980.00,984.4,987.61,1120,11.06,172, 586, 52.32
KERNEX, BE, 17-Feb-2020,19.0,19.0,19.95,18.5, 19.95,19.95,19.46,19246,3.75,108, -, -
KESORAMIND, EQ, 17-Feb-2020,45.65,45.7,45.8,42.7, 43.00,43.05,43.88,139067,61.02,1708, 78486, 56.44
KGL, BZ, 17-Feb-2020,0.25,0.25,0.3,0.2, 0.30,0.25,0.25,200646,0.5,68, -, -
KHADIM, EQ, 17-Feb-2020,120.25,120.8,121.7,117.0, 117.30,117.75,118.54,53902,63.89,1575, 24015, 44.55
KHAITANLTD, BE, 17-Feb-2020,20.15,20.0,20.0,19.9, 19.90,19.9,19.94,21,0.0,8, -, -
KHFM, SM, 17-Feb-2020,27.9,25.1,25.1,25.0, 25.00,25.0,25.05,6000,1.5,2, 6000, 100.00
KICL, EQ, 17-Feb-2020,1648.0,1637.05,1640.0,1575.6, 1610.00,1612.55,1604.83,524,8.41,101, 356, 67.94
KILITCH, EQ, 17-Feb-2020,119.8,118.8,122.0,111.0, 117.90,117.45,117.19,15089,17.68,758, 8127, 53.86
KINGFA, EQ, 17-Feb-2020,628.45,648.9,648.95,585.0, 585.00,589.55,602.98,10189,61.44,660, 7171, 70.38
KIOCL, EQ, 17-Feb-2020,112.65,112.05,112.05,109.2, 110.00,110.15,110.71,7548,8.36,283, 5618, 74.43
KIRIINDUS, EQ, 17-Feb-2020,392.2,393.9,397.5,385.25, 392.90,390.45,391.34,92582,362.31,2605, 39763, 42.95
KIRLFER, EQ, 17-Feb-2020,71.6,71.05,72.2,69.25, 69.30,69.35,70.94,4791,3.4,230, 3815, 79.63
KIRLOSBROS, EQ, 17-Feb-2020,156.3,161.0,168.5,157.75, 166.05,165.65,163.79,321807,527.09,9756, 134543, 41.81
KIRLOSENG, EQ, 17-Feb-2020,136.75,136.75,141.0,135.0, 137.60,136.6,137.92,28306,39.04,671, 17015, 60.11
KIRLOSIND, EQ, 17-Feb-2020,622.55,626.95,638.05,615.25, 615.25,621.65,625.19,837,5.23,224, 499, 59.62
KITEX, EQ, 17-Feb-2020,153.9,154.0,156.7,151.0, 152.40,152.65,153.58,184498,283.36,2950, 75274, 40.80
KKCL, EQ, 17-Feb-2020,997.2,975.55,997.2,975.55, 997.20,997.2,988.52,398,3.93,221, 156, 39.20
KMSUGAR, EQ, 17-Feb-2020,7.95,8.3,9.4,8.2, 8.40,8.35,8.52,132546,11.29,301, 95503, 72.05
KNRCON, EQ, 17-Feb-2020,276.6,283.7,285.0,279.0, 282.50,282.8,282.14,108327,305.63,3277, 57929, 53.48
KOHINOOR, EQ, 17-Feb-2020,8.35,8.45,8.65,8.0, 8.05,8.05,8.22,5806,0.48,58, 4502, 77.54
KOKUYOCMLN, EQ, 17-Feb-2020,72.05,74.9,74.9,69.85, 71.00,71.25,71.43,27078,19.34,320, 20531, 75.82
KOLTEPATIL, EQ, 17-Feb-2020,229.9,230.5,231.45,226.0, 227.00,226.9,229.22,30072,68.93,1152, 18192, 60.49
KOPRAN, EQ, 17-Feb-2020,29.5,29.5,29.85,28.1, 28.10,28.25,28.63,77061,22.06,786, 48993, 63.58
KOTAKBANK, EQ, 17-Feb-2020,1680.95,1685.0,1699.2,1672.25, 1693.85,1691.1,1691.07,1812765,30655.21,64474, 1043736, 57.58
KOTAKBKETF, EQ, 17-Feb-2020,316.36,316.91,317.92,314.0, 314.80,314.52,314.76,136671,430.18,2914, 114063, 83.46
KOTAKGOLD, EQ, 17-Feb-2020,359.0,357.05,361.85,357.05, 360.30,359.75,360.3,9618,34.65,560, 5643, 58.67
KOTAKNIFTY, EQ, 17-Feb-2020,125.29,131.8,131.8,124.73, 125.28,125.2,125.24,20226,25.33,307, 19645, 97.13
KOTAKNV20, EQ, 17-Feb-2020,58.79,59.37,59.37,58.5, 58.50,58.57,58.82,6721,3.95,90, 3611, 53.73
KOTAKPSUBK, EQ, 17-Feb-2020,220.73,220.01,220.01,211.9, 213.99,213.2,214.33,8674,18.59,243, 6075, 70.04
KOTARISUG, EQ, 17-Feb-2020,12.75,13.0,13.5,12.6, 12.80,12.75,12.95,52013,6.74,412, 31632, 60.82
KOTHARIPET, EQ, 17-Feb-2020,16.35,15.55,16.8,15.55, 16.30,16.3,16.32,8182,1.34,43, 8046, 98.34
KOTHARIPRO, EQ, 17-Feb-2020,66.4,66.05,68.45,58.1, 61.00,61.3,62.32,13815,8.61,485, 8940, 64.71
KPITTECH, EQ, 17-Feb-2020,89.8,91.5,93.5,85.5, 87.00,87.2,88.14,195849,172.61,2387, 150557, 76.87
KPRMILL, EQ, 17-Feb-2020,632.7,631.5,638.2,629.3, 636.00,635.25,633.6,4373,27.71,440, 2589, 59.20
KRBL, EQ, 17-Feb-2020,304.05,305.5,316.75,300.65, 303.25,304.1,308.68,273014,842.73,5942, 120525, 44.15
KREBSBIO, EQ, 17-Feb-2020,92.1,95.8,99.65,88.4, 90.40,91.25,92.33,7508,6.93,65, 6978, 92.94
KRIDHANINF, BE, 17-Feb-2020,2.1,2.05,2.1,2.0, 2.00,2.0,2.01,37727,0.76,58, -, -
KRISHANA, BE, 17-Feb-2020,53.0,53.0,53.0,50.5, 50.50,50.5,50.52,117,0.06,3, -, -
KSB, EQ, 17-Feb-2020,724.5,716.3,725.35,705.65, 715.00,713.9,715.43,2913,20.84,346, 1597, 54.82
KSCL, EQ, 17-Feb-2020,466.65,470.85,474.95,462.1, 471.80,471.85,470.84,51113,240.66,3193, 23046, 45.09
KSERASERA, BE, 17-Feb-2020,0.1,0.1,0.15,0.05, 0.10,0.1,0.09,486042,0.42,146, -, -
KSK, BE, 17-Feb-2020,0.4,0.4,0.45,0.35, 0.45,0.45,0.41,427301,1.77,155, -, -
KSL, EQ, 17-Feb-2020,235.9,235.05,236.9,226.25, 226.25,228.35,230.48,31385,72.34,1203, 13028, 41.51
KTKBANK, EQ, 17-Feb-2020,78.5,78.5,78.85,76.5, 76.95,76.85,77.58,625323,485.14,3546, 313777, 50.18
KUANTUM, EQ, 17-Feb-2020,534.35,535.0,540.7,500.2, 500.20,508.0,524.86,12709,66.7,678, 7573, 59.59
KWALITY, BE, 17-Feb-2020,1.85,1.85,1.85,1.8, 1.80,1.8,1.81,133791,2.42,219, -, -
L&TFH, EQ, 17-Feb-2020,126.3,126.3,127.0,123.35, 124.05,124.05,124.81,4676268,5836.4,32138, 526883, 11.27
L&TFINANCE, NC, 17-Feb-2020,1109.0,1107.0,1107.0,1107.0, 1107.00,1107.0,1107.0,16,0.18,3, 16, 100.00
L&TFINANCE, NK, 17-Feb-2020,1075.0,1075.0,1075.0,1075.0, 1075.00,1075.0,1075.0,9,0.1,1, 9, 100.00
L&TFINANCE, NO, 17-Feb-2020,1077.0,1078.0,1084.9,1078.0, 1084.90,1084.9,1081.78,356,3.85,3, 206, 57.87
L&TFINANCE, NQ, 17-Feb-2020,1025.0,1029.0,1029.0,1029.0, 1029.00,1029.0,1029.0,19,0.2,1, 19, 100.00
L&TFINANCE, NW, 17-Feb-2020,1119.0,1030.0,1030.0,1030.0, 1030.00,1030.0,1030.0,11,0.11,1, 11, 100.00
L&TFINANCE, NY, 17-Feb-2020,1015.0,1005.0,1015.0,1005.0, 1015.00,1015.0,1010.0,50,0.51,2, 25, 50.00
L&TFINANCE, Y3, 17-Feb-2020,1010.0,1010.0,1010.0,1010.0, 1010.00,1010.0,1010.0,5,0.05,1, 5, 100.00
L&TFINANCE, Y5, 17-Feb-2020,1009.41,1010.0,1010.0,1010.0, 1010.00,1010.0,1010.0,10,0.1,2, 10, 100.00
L&TINFRA, N2, 17-Feb-2020,1956.0,1985.0,1985.0,1952.02, 1953.00,1953.0,1959.6,55,1.08,5, 45, 81.82
L&TINFRA, N3, 17-Feb-2020,999.0,990.0,997.0,990.0, 997.00,997.0,992.79,55,0.55,5, 45, 81.82
L&TINFRA, N4, 17-Feb-2020,1911.0,1911.0,1911.5,1903.01, 1907.30,1911.15,1909.52,187,3.57,15, 185, 98.93
L&TINFRA, N5, 17-Feb-2020,1057.0,1057.0,1072.89,1010.01, 1070.00,1070.0,1068.43,434,4.64,9, 419, 96.54
L&TINFRA, N6, 17-Feb-2020,1998.26,1999.1,2004.9,1990.0, 1995.15,1995.15,1998.1,180,3.6,12, 170, 94.44
LAKPRE, BZ, 17-Feb-2020,2.0,1.9,1.9,1.9, 1.90,1.9,1.9,214,0.0,3, -, -
LAKSHVILAS, EQ, 17-Feb-2020,18.8,18.0,18.4,17.9, 17.90,17.9,17.98,572259,102.9,818, 460475, 80.47
LALPATHLAB, EQ, 17-Feb-2020,1649.5,1657.4,1676.2,1633.05, 1658.00,1660.95,1662.99,132303,2200.18,12026, 72567, 54.85
LAMBODHARA, EQ, 17-Feb-2020,33.65,34.4,34.4,32.0, 32.60,32.85,32.91,6861,2.26,116, 4230, 61.65
LAOPALA, EQ, 17-Feb-2020,193.9,199.0,199.0,190.7, 193.90,193.25,192.82,47695,91.96,3368, 29069, 60.95
LASA, BE, 17-Feb-2020,43.4,42.75,42.9,41.25, 41.25,41.25,42.12,46241,19.48,226, -, -
LATTEYS, SM, 17-Feb-2020,45.5,54.55,54.55,54.55, 54.55,54.55,54.55,2000,1.09,1, 2000, 100.00
LAURUSLABS, EQ, 17-Feb-2020,437.15,438.1,441.9,435.2, 438.50,438.4,439.44,78918,346.8,4189, 56083, 71.06
LAXMIMACH, EQ, 17-Feb-2020,3252.05,3231.0,3275.35,3231.0, 3250.00,3250.3,3250.55,13249,430.67,380, 11837, 89.34
LEEL, BZ, 17-Feb-2020,2.85,2.75,2.75,2.75, 2.75,2.75,2.75,12284,0.34,25, -, -
LEMONTREE, EQ, 17-Feb-2020,56.05,55.9,59.9,55.55, 59.10,59.45,58.55,5132662,3005.3,25975, 1648251, 32.11
LEXUS, SM, 17-Feb-2020,8.9,9.25,9.25,9.25, 9.25,9.25,9.25,1000,0.09,1, 1000, 100.00
LFIC, EQ, 17-Feb-2020,53.35,49.35,53.95,49.35, 53.90,53.1,52.85,706,0.37,10, 659, 93.34
LGBBROSLTD, EQ, 17-Feb-2020,296.35,296.35,296.35,280.05, 281.20,282.35,285.58,29925,85.46,3239, 15884, 53.08
LGBFORGE, BE, 17-Feb-2020,2.65,2.7,2.7,2.55, 2.55,2.55,2.55,27758,0.71,30, -, -
LIBAS, BE, 17-Feb-2020,49.0,50.0,50.5,46.55, 46.55,46.55,49.62,6433,3.19,24, -, -
LIBERTSHOE, EQ, 17-Feb-2020,129.9,130.95,131.8,128.0, 128.45,128.6,129.86,77254,100.32,1644, 28070, 36.33
LICHSGFIN, EQ, 17-Feb-2020,412.3,399.0,399.0,351.1, 380.50,379.85,377.14,36528007,137761.99,360867, 7759367, 21.24
LICNETFGSC, EQ, 17-Feb-2020,19.83,20.2,21.1,20.0, 20.39,20.38,20.45,24009,4.91,100, 20394, 84.94
LICNETFN50, EQ, 17-Feb-2020,126.38,126.0,126.94,126.0, 126.00,126.0,126.63,134,0.17,14, 81, 60.45
LICNETFSEN, EQ, 17-Feb-2020,505.74,519.0,519.0,482.0, 488.20,489.17,499.14,93,0.46,25, 24, 25.81
LICNFNHGP, EQ, 17-Feb-2020,132.11,132.11,132.11,125.55, 125.55,127.37,128.52,417,0.54,29, 130, 31.18
LINCOLN, EQ, 17-Feb-2020,181.0,180.5,182.7,178.3, 180.10,179.2,180.04,23905,43.04,457, 17142, 71.71
LINCPEN, EQ, 17-Feb-2020,221.9,221.9,229.8,220.1, 223.00,223.0,223.29,3263,7.29,207, 2327, 71.31
LINDEINDIA, EQ, 17-Feb-2020,735.75,750.0,785.9,735.1, 760.05,759.95,763.79,106644,814.54,4658, 57948, 54.34
LIQUIDBEES, EQ, 17-Feb-2020,1000.0,999.99,1000.01,999.99, 999.99,999.99,1000.0,767136,7671.36,3798, 532932, 69.47
LIQUIDETF, EQ, 17-Feb-2020,1000.0,999.99,1000.01,999.99, 999.99,999.99,1000.0,11764,117.64,71, 9172, 77.97
LOKESHMACH, EQ, 17-Feb-2020,31.5,31.5,31.5,28.95, 29.90,29.2,29.8,15146,4.51,215, 12674, 83.68
LOTUSEYE, EQ, 17-Feb-2020,25.25,24.5,26.0,23.4, 25.50,25.35,24.76,4242,1.05,64, 2895, 68.25
LOVABLE, EQ, 17-Feb-2020,71.1,71.7,71.8,69.7, 70.00,70.25,70.77,12804,9.06,338, 8425, 65.80
LPDC, EQ, 17-Feb-2020,1.3,1.35,1.35,1.25, 1.25,1.25,1.3,1098,0.01,5, 598, 54.46
LSIL, EQ, 17-Feb-2020,0.45,0.5,0.5,0.45, 0.50,0.5,0.46,490006,2.25,491, 474200, 96.77
LT, EQ, 17-Feb-2020,1295.15,1297.0,1297.85,1277.0, 1281.50,1280.2,1285.41,2155085,27701.6,70230, 1360987, 63.15
LTI, EQ, 17-Feb-2020,2032.5,2030.0,2039.95,1985.0, 1990.50,1990.8,2007.09,87972,1765.68,12773, 60196, 68.43
LTMFEOFR, MF, 17-Feb-2020,9.05,9.3,9.39,9.3, 9.33,9.34,9.33,20003,1.87,16, 12000, 59.99
LTTS, EQ, 17-Feb-2020,1673.85,1670.0,1744.0,1670.0, 1719.00,1712.0,1724.01,131252,2262.8,10337, 50050, 38.13
LUMAXIND, EQ, 17-Feb-2020,1495.8,1510.0,1522.9,1476.0, 1476.00,1492.65,1495.16,1750,26.17,279, 982, 56.11
LUMAXTECH, EQ, 17-Feb-2020,107.0,103.15,108.45,101.8, 103.00,102.7,104.06,21522,22.4,385, 18368, 85.35
LUPIN, EQ, 17-Feb-2020,717.65,718.5,731.25,710.6, 711.20,712.55,721.23,1402215,10113.26,25236, 245043, 17.48
LUXIND, EQ, 17-Feb-2020,1635.7,1634.0,1635.7,1565.0, 1609.80,1615.45,1605.77,49784,799.42,4152, 14016, 28.15
LYKALABS, EQ, 17-Feb-2020,19.25,19.15,20.0,18.3, 19.40,18.9,18.95,7930,1.5,138, 5049, 63.67
LYPSAGEMS, BE, 17-Feb-2020,4.65,4.85,4.85,4.45, 4.45,4.45,4.46,8149,0.36,19, -, -
M&M, EQ, 17-Feb-2020,523.0,524.1,525.4,516.0, 524.50,522.75,520.97,2652464,13818.65,61444, 984511, 37.12
M&MFIN, EQ, 17-Feb-2020,385.15,387.0,388.5,373.2, 374.00,374.8,378.48,1051946,3981.45,24586, 379691, 36.09
M&MFIN, N1, 17-Feb-2020,1040.0,1018.5,1018.5,1018.5, 1018.50,1018.5,1018.5,290,2.95,11, 290, 100.00
M100, EQ, 17-Feb-2020,18.97,19.09,19.09,18.7, 18.81,18.75,18.83,60100,11.32,329, 35513, 59.09
M17RD, MF, 17-Feb-2020,5.8,6.0,6.11,6.0, 6.11,6.11,6.09,18000,1.1,5, 18000, 100.00
M50, EQ, 17-Feb-2020,119.15,118.58,118.86,117.65, 117.71,117.68,117.89,4273,5.04,55, 3423, 80.11
MAANALU, EQ, 17-Feb-2020,60.7,61.05,61.05,58.0, 58.80,58.75,58.98,6620,3.9,162, 5193, 78.44
MADHAV, EQ, 17-Feb-2020,30.05,27.05,32.65,27.05, 30.00,30.0,30.23,8545,2.58,109, 7146, 83.63
MADHUCON, EQ, 17-Feb-2020,3.3,3.2,3.2,3.15, 3.15,3.15,3.16,3627,0.11,21, 2927, 80.70
MADRASFERT, EQ, 17-Feb-2020,17.5,17.5,17.65,16.6, 16.85,16.85,16.92,63606,10.77,563, 41358, 65.02
MAGADSUGAR, EQ, 17-Feb-2020,125.55,131.35,134.0,127.5, 129.20,130.25,130.57,47820,62.44,930, 29558, 61.81
MAGMA, EQ, 17-Feb-2020,53.85,52.5,53.25,50.15, 51.50,51.2,51.56,100754,51.95,677, 59256, 58.81
MAGNUM, EQ, 17-Feb-2020,2.95,2.85,2.9,2.85, 2.85,2.85,2.85,6500,0.19,8, 6500, 100.00
MAHABANK, EQ, 17-Feb-2020,12.0,12.05,12.15,11.8, 11.95,11.9,11.93,167552,20.0,620, 103079, 61.52
MAHAPEXLTD, BE, 17-Feb-2020,95.0,95.0,98.95,95.0, 98.95,97.65,95.03,5469,5.2,5, -, -
MAHASTEEL, EQ, 17-Feb-2020,107.5,102.5,114.9,102.5, 113.05,113.65,109.88,37221,40.9,468, 16473, 44.26
MAHEPC, EQ, 17-Feb-2020,146.95,149.45,152.0,136.5, 139.15,139.55,142.15,39556,56.23,528, 29946, 75.71
MAHESHWARI, EQ, 17-Feb-2020,251.75,250.35,254.95,246.15, 250.00,250.45,251.68,22211,55.9,148, 3262, 14.69
MAHICKRA, SM, 17-Feb-2020,88.5,86.0,86.0,86.0, 86.00,86.0,86.0,3000,2.58,1, 3000, 100.00
MAHINDCIE, EQ, 17-Feb-2020,169.55,169.25,169.95,164.0, 164.10,165.7,166.18,124658,207.16,4460, 70918, 56.89
MAHLIFE, EQ, 17-Feb-2020,385.6,384.45,389.75,374.4, 377.80,380.8,379.44,32486,123.27,5951, 19391, 59.69
MAHLOG, EQ, 17-Feb-2020,397.7,401.0,410.8,393.55, 407.50,405.95,401.34,18687,75.0,3751, 13340, 71.39
MAHSCOOTER, EQ, 17-Feb-2020,4785.95,4785.95,4830.0,4715.1, 4800.00,4806.65,4793.14,5746,275.41,933, 4546, 79.12
MAHSEAMLES, EQ, 17-Feb-2020,351.6,350.35,352.65,344.5, 345.00,345.4,347.69,13002,45.21,515, 11505, 88.49
MAITHANALL, EQ, 17-Feb-2020,589.5,589.5,603.9,578.2, 579.00,581.35,589.96,19918,117.51,1153, 8903, 44.70
MAJESCO, EQ, 17-Feb-2020,404.1,413.0,413.0,395.65, 400.00,400.7,401.49,10101,40.55,489, 7394, 73.20
MALUPAPER, EQ, 17-Feb-2020,32.0,31.95,32.7,30.2, 30.45,30.6,30.89,29786,9.2,500, 20314, 68.20
MAN50ETF, EQ, 17-Feb-2020,122.85,122.75,122.95,122.15, 122.25,122.25,122.62,706,0.87,47, 479, 67.85
MANAKALUCO, EQ, 17-Feb-2020,4.15,4.1,4.15,3.9, 4.05,4.05,4.01,5001,0.2,28, 4149, 82.96
MANAKCOAT, EQ, 17-Feb-2020,3.85,3.85,3.85,3.7, 3.85,3.85,3.73,249,0.01,5, 249, 100.00
MANAKSIA, EQ, 17-Feb-2020,43.5,43.5,43.9,41.65, 43.50,43.5,43.43,50178,21.79,248, 46103, 91.88
MANAKSTEEL, EQ, 17-Feb-2020,10.65,10.25,11.15,10.2, 10.20,10.2,10.5,19962,2.1,97, 12283, 61.53
MANALIPETC, EQ, 17-Feb-2020,17.45,17.7,17.85,17.0, 17.45,17.1,17.22,133368,22.97,728, 76956, 57.70
MANAPPURAM, EQ, 17-Feb-2020,160.75,161.4,169.65,160.75, 168.20,168.35,166.61,20303713,33828.2,74283, 8283948, 40.80
MANGALAM, EQ, 17-Feb-2020,29.7,30.7,30.7,28.35, 28.95,28.9,29.07,13404,3.9,295, 10536, 78.60
MANGCHEFER, EQ, 17-Feb-2020,31.25,30.9,32.5,30.85, 32.35,32.15,31.96,123537,39.48,810, 91357, 73.95
MANGLMCEM, EQ, 17-Feb-2020,283.05,276.0,284.0,271.0, 275.00,275.7,275.54,10273,28.31,449, 5618, 54.69
MANGTIMBER, BE, 17-Feb-2020,10.0,10.2,10.35,10.1, 10.10,10.1,10.12,4350,0.44,13, -, -
MANINDS, EQ, 17-Feb-2020,54.35,54.3,55.3,53.8, 55.30,54.5,54.34,34830,18.93,313, 27937, 80.21
MANINFRA, EQ, 17-Feb-2020,28.55,29.0,30.2,28.35, 29.00,28.95,28.88,1121038,323.74,1015, 1070636, 95.50
MANPASAND, BZ, 17-Feb-2020,8.8,8.4,8.4,8.4, 8.40,8.4,8.4,27475,2.31,72, -, -
MANUGRAPH, EQ, 17-Feb-2020,13.3,13.95,13.95,13.0, 13.05,13.05,13.63,309,0.04,3, 209, 67.64
MANXT50, EQ, 17-Feb-2020,287.5,286.5,286.5,283.0, 283.00,283.0,283.55,3089,8.76,41, 2873, 93.01
MARALOVER, EQ, 17-Feb-2020,14.65,15.85,15.85,14.3, 14.55,14.55,14.69,30730,4.52,88, 27081, 88.13
MARATHON, EQ, 17-Feb-2020,83.35,85.95,85.95,80.6, 82.00,82.0,82.51,22669,18.7,810, 11903, 52.51
MARICO, EQ, 17-Feb-2020,302.2,303.0,303.2,296.0, 296.20,296.6,298.21,2862510,8536.2,40752, 1666837, 58.23
MARINE, SM, 17-Feb-2020,97.25,99.0,99.0,96.1, 97.30,97.3,97.63,10000,9.76,5, 4000, 40.00
MARKSANS, EQ, 17-Feb-2020,19.8,19.95,20.0,18.75, 19.15,19.15,19.25,943844,181.72,2280, 454833, 48.19
MARUTI, EQ, 17-Feb-2020,6913.8,6920.0,6980.0,6880.0, 6925.00,6906.75,6927.1,463548,32110.43,33826, 83770, 18.07
MASFIN, EQ, 17-Feb-2020,1128.4,1137.0,1137.0,963.6, 979.00,980.85,1025.82,90874,932.21,9328, 36409, 40.07
MASKINVEST, BE, 17-Feb-2020,31.75,31.75,31.75,31.75, 31.75,31.75,31.75,5,0.0,1, -, -
MASTEK, EQ, 17-Feb-2020,407.2,410.1,411.65,396.05, 398.10,399.75,400.67,59886,239.94,10688, 46272, 77.27
MATRIMONY, EQ, 17-Feb-2020,452.65,442.0,457.05,442.0, 456.00,455.95,454.79,4087,18.59,145, 3905, 95.55
MAWANASUG, EQ, 17-Feb-2020,38.7,41.15,44.0,40.2, 40.55,40.75,41.88,898891,376.46,5947, 223179, 24.83
MAXINDIA, EQ, 17-Feb-2020,85.05,85.85,86.9,84.05, 84.55,84.75,85.36,55491,47.37,990, 29729, 53.57
MAXVIL, EQ, 17-Feb-2020,50.0,50.3,51.0,47.2, 47.45,47.85,48.68,100253,48.8,993, 88209, 87.99
MAYURUNIQ, EQ, 17-Feb-2020,226.45,226.0,248.9,226.0, 242.00,241.95,239.01,263573,629.97,5064, 158805, 60.25
MAZDA, EQ, 17-Feb-2020,503.25,500.0,510.0,493.05, 498.00,498.75,501.93,6839,34.33,415, 2569, 37.56
MBECL, BE, 17-Feb-2020,3.55,3.7,3.7,3.4, 3.40,3.4,3.54,76941,2.73,69, -, -
MBLINFRA, EQ, 17-Feb-2020,4.35,4.15,4.35,4.15, 4.15,4.15,4.16,11198,0.47,40, 9815, 87.65
MCDHOLDING, BE, 17-Feb-2020,21.4,21.95,21.95,20.35, 20.35,20.6,20.5,12873,2.64,78, -, -
MCDOWELL-N, EQ, 17-Feb-2020,703.55,703.65,713.8,695.8, 702.75,700.2,704.78,1275171,8987.1,23187, 252495, 19.80
MCL, SM, 17-Feb-2020,93.45,95.9,100.0,94.0, 95.45,94.7,95.77,10800,10.34,9, 8400, 77.78
MCLEODRUSS, EQ, 17-Feb-2020,4.0,3.9,4.15,3.8, 4.10,4.05,3.94,328414,12.94,341, 209387, 63.76
MCX, EQ, 17-Feb-2020,1272.95,1279.75,1279.75,1255.0, 1270.00,1267.1,1265.93,130535,1652.48,5688, 42144, 32.29
MEGASOFT, EQ, 17-Feb-2020,7.75,8.0,8.0,7.5, 7.50,7.55,7.56,43249,3.27,47, 40774, 94.28
MEGH, EQ, 17-Feb-2020,56.5,56.9,57.0,55.5, 55.65,55.75,55.99,304817,170.67,2235, 142184, 46.65
MELSTAR, BE, 17-Feb-2020,5.05,4.8,4.8,4.8, 4.80,4.8,4.8,3475,0.17,15, -, -
MENONBE, EQ, 17-Feb-2020,54.35,54.6,55.95,52.4, 52.40,52.65,53.07,6758,3.59,181, 4821, 71.34
MEP, EQ, 17-Feb-2020,36.25,34.7,37.0,30.1, 35.65,35.95,34.2,502954,172.01,3528, 226182, 44.97
MERCATOR, EQ, 17-Feb-2020,0.75,0.7,0.75,0.7, 0.70,0.7,0.7,1688708,11.88,334, 1254544, 74.29
METALFORGE, EQ, 17-Feb-2020,4.75,4.6,4.9,4.6, 4.70,4.75,4.7,23090,1.09,63, 13659, 59.16
METKORE, BZ, 17-Feb-2020,0.2,0.2,0.25,0.15, 0.25,0.25,0.2,34546,0.07,15, -, -
METROPOLIS, EQ, 17-Feb-2020,1769.65,1771.0,1785.0,1720.0, 1760.00,1749.55,1740.13,31018,539.75,2888, 13349, 43.04
MFSL, EQ, 17-Feb-2020,486.95,486.95,496.15,475.45, 491.50,491.95,487.22,1075322,5239.18,19066, 308519, 28.69
MGEL, SM, 17-Feb-2020,58.3,53.55,53.55,53.55, 53.55,53.55,53.55,2000,1.07,1, 2000, 100.00
MGL, EQ, 17-Feb-2020,1160.95,1167.0,1168.0,1130.0, 1132.70,1134.2,1142.01,799669,9132.31,22821, 293391, 36.69
MHHL, SM, 17-Feb-2020,19.0,19.5,19.5,19.0, 19.00,19.0,19.38,12000,2.33,2, 12000, 100.00
MHRIL, EQ, 17-Feb-2020,223.85,223.85,228.0,221.0, 228.00,225.65,224.93,36337,81.73,926, 27096, 74.57
MIC, BE, 17-Feb-2020,0.5,0.5,0.55,0.5, 0.55,0.55,0.53,57338,0.31,64, -, -
MIDHANI, EQ, 17-Feb-2020,180.4,185.55,216.45,185.55, 216.45,216.45,205.91,6840705,14085.62,67021, 1768274, 25.85
MILTON, SM, 17-Feb-2020,9.95,10.35,10.35,10.35, 10.35,10.35,10.35,4400,0.46,1, 4400, 100.00
MINDACORP, EQ, 17-Feb-2020,111.25,112.0,115.7,111.15, 112.55,112.3,113.69,207978,236.45,3204, 80330, 38.62
MINDAIND, EQ, 17-Feb-2020,379.65,381.5,383.0,370.55, 373.50,374.2,373.83,69495,259.79,8053, 41213, 59.30
MINDTECK, EQ, 17-Feb-2020,25.45,25.05,25.45,22.35, 23.30,23.15,23.52,22331,5.25,534, 14856, 66.53
MINDTREE, EQ, 17-Feb-2020,959.9,965.85,996.4,956.2, 987.00,981.95,979.27,1374753,13462.59,25506, 145145, 10.56
MIRCELECTR, EQ, 17-Feb-2020,8.45,8.7,8.85,8.7, 8.85,8.85,8.81,167192,14.74,206, 144386, 86.36
MIRZAINT, EQ, 17-Feb-2020,61.55,62.4,63.05,60.65, 61.45,61.2,62.2,298161,185.47,2626, 149887, 50.27
MITCON, SM, 17-Feb-2020,42.0,41.9,41.9,41.9, 41.90,41.9,41.9,2000,0.84,1, 2000, 100.00
MITTAL, SM, 17-Feb-2020,107.6,107.4,107.6,107.4, 107.60,107.55,107.54,6250,6.72,5, 2500, 40.00
MMFL, EQ, 17-Feb-2020,407.25,404.05,404.05,386.05, 389.00,390.15,391.83,4100,16.06,414, 2297, 56.02
MMP, EQ, 17-Feb-2020,100.15,100.0,100.0,98.2, 98.20,98.2,99.08,109,0.11,9, 100, 91.74
MMTC, EQ, 17-Feb-2020,20.4,20.25,20.4,19.25, 19.30,19.35,19.65,1225161,240.78,3300, 551712, 45.03
MODIRUBBER, BE, 17-Feb-2020,27.05,25.75,27.0,25.75, 27.00,27.0,26.82,70,0.02,3, -, -
MOHOTAIND, BE, 17-Feb-2020,8.4,8.1,8.25,8.0, 8.25,8.25,8.05,6120,0.49,16, -, -
MOIL, EQ, 17-Feb-2020,144.3,142.0,144.0,138.25, 138.80,139.15,140.85,169406,238.61,6894, 103287, 60.97
MOKSH, SM, 17-Feb-2020,27.8,29.0,29.0,29.0, 29.00,29.0,29.0,6000,1.74,2, 3000, 50.00
MOLDTECH, EQ, 17-Feb-2020,45.95,46.9,47.05,46.0, 46.00,46.2,46.15,8619,3.98,70, 6434, 74.65
MOLDTKPAC, EQ, 17-Feb-2020,275.6,278.9,278.9,270.85, 275.00,273.85,273.89,18087,49.54,1024, 11925, 65.93
MONTECARLO, EQ, 17-Feb-2020,263.35,263.0,264.55,252.0, 253.30,255.05,257.59,7611,19.6,480, 4996, 65.64
MORARJEE, EQ, 17-Feb-2020,15.45,14.45,18.5,14.45, 16.25,16.0,15.97,10492,1.68,204, 8436, 80.40
MOREPENLAB, EQ, 17-Feb-2020,14.45,15.7,15.95,14.45, 15.00,14.85,15.15,972357,147.34,1787, 572290, 58.86
MOTHERSUMI, EQ, 17-Feb-2020,123.95,124.05,124.4,122.1, 123.00,122.9,123.12,4565362,5620.97,20138, 1263692, 27.68
MOTILALOFS, EQ, 17-Feb-2020,784.0,792.0,792.0,766.3, 775.00,774.75,774.43,71965,557.32,1954, 58826, 81.74
MOTOGENFIN, EQ, 17-Feb-2020,32.95,34.5,39.3,33.0, 33.25,33.45,36.98,3655,1.35,98, 2453, 67.11
MPHASIS, EQ, 17-Feb-2020,906.75,913.95,924.0,907.0, 914.65,916.95,918.16,82913,761.27,7286, 53512, 64.54
MPSLTD, EQ, 17-Feb-2020,335.2,330.5,343.45,330.5, 336.90,336.35,337.37,4386,14.8,316, 2761, 62.95
MRF, EQ, 17-Feb-2020,71799.2,71800.0,72333.0,71200.0, 71365.00,71299.8,71525.62,3950,2825.26,2686, 868, 21.97
MRPL, EQ, 17-Feb-2020,42.25,42.3,42.5,40.9, 41.05,41.05,41.55,250271,103.98,2010, 89078, 35.59
MSPL, EQ, 17-Feb-2020,5.85,5.75,6.0,5.7, 6.00,5.8,5.77,4414,0.25,28, 4414, 100.00
MSTCLTD, EQ, 17-Feb-2020,154.55,155.5,181.75,155.45, 170.10,169.85,172.27,2528561,4355.91,40781, 549248, 21.72
MTEDUCARE, EQ, 17-Feb-2020,15.55,15.5,15.5,14.8, 14.90,14.85,14.89,102850,15.31,296, 81981, 79.71
MTNL, EQ, 17-Feb-2020,10.3,10.3,10.35,9.35, 9.45,9.45,9.6,1246383,119.7,1944, 708288, 56.83
MUKANDENGG, EQ, 17-Feb-2020,11.85,11.2,11.75,11.2, 11.40,11.4,11.41,904,0.1,24, 704, 77.88
MUKANDLTD, EQ, 17-Feb-2020,26.3,27.0,28.05,26.3, 26.80,26.8,26.7,15548,4.15,209, 10525, 67.69
MUKANDLTD, P1, 17-Feb-2020,5.8,4.7,6.95,4.7, 5.50,5.5,5.72,3,0.0,3, 1, 33.33
MUKTAARTS, EQ, 17-Feb-2020,37.55,38.7,38.7,36.5, 37.15,36.9,36.94,10364,3.83,175, 6389, 61.65
MUNJALAU, EQ, 17-Feb-2020,45.45,45.0,45.1,43.6, 43.80,43.75,44.16,77070,34.04,896, 52312, 67.88
MUNJALSHOW, EQ, 17-Feb-2020,120.25,120.25,121.35,117.0, 117.00,117.05,118.04,13337,15.74,355, 10340, 77.53
MURUDCERA, EQ, 17-Feb-2020,17.5,17.6,17.9,16.55, 16.90,16.85,16.96,39020,6.62,262, 25028, 64.14
MUTHOOTCAP, EQ, 17-Feb-2020,574.4,574.4,630.7,558.05, 583.30,595.85,604.98,85745,518.74,4656, 21461, 25.03
MUTHOOTFIN, EQ, 17-Feb-2020,746.9,782.0,882.0,769.0, 879.50,873.9,837.67,19143503,160358.75,315965, 2216169, 11.58
MVL, BZ, 17-Feb-2020,0.05,0.05,0.1,0.05, 0.10,0.1,0.07,132293,0.09,20, -, -
N100, EQ, 17-Feb-2020,678.01,691.6,705.1,678.0, 679.99,682.95,682.63,16796,114.66,708, 12070, 71.86
NABARD, N2, 17-Feb-2020,1222.0,1220.0,1225.0,1213.25, 1225.00,1225.0,1221.69,610,7.45,31, 575, 94.26
NACLIND, EQ, 17-Feb-2020,32.1,32.1,33.0,31.55, 31.70,31.8,32.34,68532,22.17,488, 50547, 73.76
NAGAFERT, BE, 17-Feb-2020,3.8,3.95,3.95,3.65, 3.65,3.65,3.71,56174,2.08,114, -, -
NAGREEKCAP, EQ, 17-Feb-2020,6.9,7.3,7.3,6.4, 7.30,7.25,6.89,201,0.01,6, 155, 77.11
NAGREEKEXP, EQ, 17-Feb-2020,13.55,13.4,13.45,13.0, 13.20,13.1,13.14,2532,0.33,48, 2196, 86.73
NAHARCAP, EQ, 17-Feb-2020,73.5,72.0,72.0,70.0, 70.50,70.5,71.07,2719,1.93,45, 2601, 95.66
NAHARINDUS, EQ, 17-Feb-2020,25.7,26.9,27.35,25.6, 25.75,26.25,26.37,6368,1.68,201, 3589, 56.36
NAHARPOLY, EQ, 17-Feb-2020,40.9,41.5,41.85,39.6, 40.70,40.35,40.8,18822,7.68,258, 11223, 59.63
NAHARSPING, EQ, 17-Feb-2020,40.0,39.55,40.7,38.0, 38.70,38.7,38.89,8947,3.48,262, 7166, 80.09
NAM-INDIA, EQ, 17-Feb-2020,393.75,393.7,393.7,378.0, 378.95,379.0,381.91,1133555,4329.12,24021, 525382, 46.35
NANDANI, SM, 17-Feb-2020,7.7,7.7,7.7,7.7, 7.70,7.7,7.7,10000,0.77,2, 10000, 100.00
NARMADA, SM, 17-Feb-2020,25.75,27.0,27.0,27.0, 27.00,27.0,27.0,8000,2.16,1, 8000, 100.00
NATCOPHARM, EQ, 17-Feb-2020,676.6,679.05,684.95,663.85, 670.00,665.85,671.69,88358,593.49,5017, 47015, 53.21
NATHBIOGEN, EQ, 17-Feb-2020,319.35,319.35,326.0,312.0, 318.00,316.8,317.17,10404,33.0,529, 6515, 62.62
NATIONALUM, EQ, 17-Feb-2020,40.8,41.0,41.3,39.85, 40.25,40.2,40.33,7279178,2935.83,9900, 1663820, 22.86
NAUKRI, EQ, 17-Feb-2020,2850.15,2836.0,2850.0,2772.0, 2817.00,2819.6,2823.71,132540,3742.55,19000, 81826, 61.74
NAVINFLUOR, EQ, 17-Feb-2020,1216.75,1225.0,1240.95,1190.0, 1204.25,1202.55,1209.14,69104,835.56,7550, 33187, 48.02
NAVKARCORP, EQ, 17-Feb-2020,32.15,32.7,32.7,29.4, 30.05,30.15,30.36,247358,75.1,1942, 142100, 57.45
NAVNETEDUL, EQ, 17-Feb-2020,90.05,90.8,90.8,88.25, 88.55,88.6,88.85,22313,19.83,868, 13851, 62.08
NBCC, EQ, 17-Feb-2020,32.0,31.9,31.95,30.4, 30.50,30.6,31.0,9119855,2827.0,31677, 2380841, 26.11
NBIFIN, EQ, 17-Feb-2020,1800.05,1776.0,1776.0,1760.0, 1760.00,1760.0,1774.71,724,12.85,11, 699, 96.55
NBVENTURES, EQ, 17-Feb-2020,68.95,69.15,71.1,67.35, 70.00,70.45,69.93,41958,29.34,750, 28138, 67.06
NCC, EQ, 17-Feb-2020,46.95,47.2,47.4,42.5, 42.75,42.8,44.28,20119896,8908.87,41153, 5833000, 28.99
NCLIND, EQ, 17-Feb-2020,87.25,88.0,91.0,85.2, 85.55,86.0,86.91,38381,33.36,485, 23126, 60.25
NDGL, EQ, 17-Feb-2020,586.15,574.95,579.0,546.6, 547.00,547.0,555.41,270,1.5,28, 195, 72.22
NDL, EQ, 17-Feb-2020,19.95,20.0,21.3,18.8, 20.85,20.85,20.11,62937,12.66,444, 37535, 59.64
NDTV, EQ, 17-Feb-2020,32.8,31.5,32.9,31.5, 32.60,32.55,32.38,20814,6.74,286, 15707, 75.46
NECCLTD, EQ, 17-Feb-2020,5.3,5.5,5.65,5.25, 5.25,5.3,5.38,11581,0.62,31, 11281, 97.41
NECLIFE, EQ, 17-Feb-2020,12.75,12.8,12.95,12.2, 12.20,12.3,12.52,94455,11.83,483, 64073, 67.83
NELCAST, EQ, 17-Feb-2020,48.15,48.9,48.9,45.3, 46.25,46.15,46.78,48373,22.63,803, 27266, 56.37
NELCO, EQ, 17-Feb-2020,218.95,219.55,227.0,217.35, 219.00,219.05,221.5,37757,83.63,1538, 14152, 37.48
NEOGEN, EQ, 17-Feb-2020,465.6,488.0,499.8,469.4, 481.00,485.05,487.01,61385,298.95,2271, 27434, 44.69
NESCO, EQ, 17-Feb-2020,747.8,753.0,753.9,738.5, 739.00,740.45,745.16,34213,254.94,1635, 21336, 62.36
NESTLEIND, EQ, 17-Feb-2020,16356.45,16413.0,16615.0,16373.0, 16614.95,16588.45,16529.88,139788,23106.79,24770, 85822, 61.39
NETF, EQ, 17-Feb-2020,123.01,122.1,122.34,122.1, 122.34,122.34,122.33,167,0.2,2, 163, 97.60
NETFCONSUM, EQ, 17-Feb-2020,55.06,54.72,55.25,54.62, 55.09,55.09,55.07,1104,0.61,24, 948, 85.87
NETFDIVOPP, EQ, 17-Feb-2020,29.2,29.15,29.15,28.63, 28.95,28.95,28.92,2442,0.71,17, 1889, 77.35
NETFLTGILT, EQ, 17-Feb-2020,20.65,20.71,20.79,20.69, 20.75,20.75,20.77,45493,9.45,60, 43922, 96.55
NETFMID150, EQ, 17-Feb-2020,67.08,67.25,67.3,66.16, 66.48,66.3,66.56,71914,47.87,234, 46131, 64.15
NETFNIF100, EQ, 17-Feb-2020,126.05,126.02,126.02,125.0, 125.00,125.15,125.56,1569,1.97,27, 1569, 100.00
NETFNV20, EQ, 17-Feb-2020,59.26,59.26,59.3,58.53, 58.58,58.58,58.83,2221,1.31,36, 2171, 97.75
NETWORK18, BE, 17-Feb-2020,28.8,28.0,29.7,28.0, 28.70,28.75,28.78,196413,56.53,395, -, -
NEULANDLAB, EQ, 17-Feb-2020,468.5,470.0,470.0,452.05, 461.95,463.0,461.09,19208,88.57,1266, 8023, 41.77
NEWGEN, EQ, 17-Feb-2020,203.35,206.85,206.9,192.95, 194.95,194.95,198.25,30252,59.98,927, 21463, 70.95
NEXTMEDIA, EQ, 17-Feb-2020,7.1,7.1,7.2,7.0, 7.00,7.0,7.04,3401,0.24,16, 3401, 100.00
NFL, EQ, 17-Feb-2020,24.25,24.05,24.35,23.6, 23.65,23.75,23.86,166286,39.67,791, 111460, 67.03
NH, EQ, 17-Feb-2020,345.85,344.6,349.45,335.0, 340.10,340.1,340.57,82376,280.54,5845, 44142, 53.59
NHAI, N1, 17-Feb-2020,1077.3,1077.31,1079.9,1076.99, 1079.80,1078.98,1077.83,7222,77.84,89, 4557, 63.10
NHAI, N2, 17-Feb-2020,1185.0,1185.0,1191.9,1185.0, 1185.01,1185.01,1185.75,1555,18.44,24, 1455, 93.57
NHAI, N6, 17-Feb-2020,1305.0,1307.5,1309.0,1305.99, 1308.95,1307.59,1307.16,498,6.51,30, 448, 89.96
NHAI, N8, 17-Feb-2020,1160.27,1143.0,1145.0,1121.0, 1145.00,1145.0,1142.38,270,3.08,9, 260, 96.30
NHAI, NA, 17-Feb-2020,1214.37,1213.0,1230.0,1213.0, 1216.00,1215.5,1214.7,3634,44.14,38, 3609, 99.31
NHAI, NE, 17-Feb-2020,1189.06,1183.0,1190.0,1183.0, 1190.00,1190.0,1189.65,853,10.15,11, 710, 83.24
NHBTF2014, N5, 17-Feb-2020,6400.0,6400.0,6400.0,6400.0, 6400.00,6400.0,6400.0,122,7.81,2, 122, 100.00
NHBTF2014, N6, 17-Feb-2020,6651.5,6690.0,6696.8,6685.0, 6685.00,6685.0,6685.99,17,1.14,4, 15, 88.24
NHPC, EQ, 17-Feb-2020,23.45,22.9,22.9,21.75, 22.00,22.0,22.08,13667692,3018.49,25633, 7115959, 52.06
NHPC, N4, 17-Feb-2020,1210.0,1210.0,1210.0,1210.0, 1210.00,1210.0,1210.0,100,1.21,1, 100, 100.00
NHPC, N5, 17-Feb-2020,1299.99,1318.99,1318.99,1291.0, 1291.00,1291.0,1295.0,7,0.09,3, 6, 85.71
NHPC, N6, 17-Feb-2020,1375.0,1357.0,1357.0,1357.0, 1357.00,1357.0,1357.0,10,0.14,1, 10, 100.00
NIACL, EQ, 17-Feb-2020,136.9,136.95,137.75,132.4, 132.85,132.85,134.41,141541,190.25,2830, 79668, 56.29
NIBL, EQ, 17-Feb-2020,4.6,4.6,4.6,4.4, 4.55,4.55,4.55,5723,0.26,13, 5723, 100.00
NIFTYBEES, EQ, 17-Feb-2020,128.38,128.92,129.0,127.7, 127.70,127.84,128.15,254024,325.54,3884, 164566, 64.78
NIITLTD, EQ, 17-Feb-2020,103.2,103.6,108.2,100.8, 106.20,107.25,105.63,1239823,1309.57,10270, 494165, 39.86
NIITTECH, EQ, 17-Feb-2020,1835.65,1846.45,1855.9,1792.85, 1826.05,1824.2,1818.09,208806,3796.29,10496, 31174, 14.93
NILAINFRA, EQ, 17-Feb-2020,4.85,4.85,4.85,4.6, 4.65,4.65,4.7,109280,5.13,199, 100210, 91.70
NILASPACES, EQ, 17-Feb-2020,1.05,1.05,1.1,1.0, 1.00,1.0,1.02,156495,1.59,71, 106696, 68.18
NILKAMAL, EQ, 17-Feb-2020,1488.45,1497.0,1534.0,1482.55, 1489.05,1495.45,1507.83,41385,624.01,4381, 12275, 29.66
NIPPOBATRY, EQ, 17-Feb-2020,573.4,578.0,584.0,564.95, 572.60,570.0,572.46,11495,65.8,864, 4325, 37.63
NITCO, EQ, 17-Feb-2020,25.65,25.35,26.4,23.7, 24.00,24.25,24.69,37546,9.27,315, 24285, 64.68
NITINFIRE, BZ, 17-Feb-2020,0.4,0.4,0.4,0.35, 0.35,0.35,0.39,21183,0.08,20, -, -
NITINSPIN, EQ, 17-Feb-2020,50.4,50.6,51.8,50.05, 50.95,50.65,50.78,21408,10.87,225, 14789, 69.08
NKIND, EQ, 17-Feb-2020,15.1,15.1,15.1,14.4, 15.10,15.1,14.71,205,0.03,4, 205, 100.00
NLCINDIA, EQ, 17-Feb-2020,52.4,52.65,52.8,51.35, 52.55,52.55,52.18,1173584,612.37,27031, 719719, 61.33
NMDC, EQ, 17-Feb-2020,106.35,106.75,107.75,105.8, 106.20,106.25,106.55,5740814,6116.87,31353, 2541614, 44.27
NOCIL, EQ, 17-Feb-2020,89.7,90.0,90.45,86.55, 87.00,86.95,87.83,641151,563.12,5129, 317083, 49.46
NOIDATOLL, EQ, 17-Feb-2020,4.0,3.9,3.95,3.8, 3.85,3.85,3.87,39775,1.54,44, 36025, 90.57
NPBET, EQ, 17-Feb-2020,171.25,171.72,171.72,171.0, 171.00,171.0,171.44,13,0.02,4, 13, 100.00
NRAIL, EQ, 17-Feb-2020,238.05,241.3,243.95,232.45, 235.75,235.35,238.39,22532,53.71,701, 14882, 66.05
NRBBEARING, EQ, 17-Feb-2020,95.7,94.1,95.95,92.55, 92.80,92.85,93.64,11571,10.83,313, 8396, 72.56
NSIL, EQ, 17-Feb-2020,759.5,760.0,765.35,750.0, 750.95,750.95,755.93,157,1.19,104, 32, 20.38
NTL, BE, 17-Feb-2020,0.45,0.45,0.45,0.4, 0.40,0.4,0.4,1170,0.0,2, -, -
NTPC, EQ, 17-Feb-2020,112.7,113.1,113.75,109.2, 110.10,110.3,110.78,22137354,24524.19,112421, 13184025, 59.56
NTPC, N4, 17-Feb-2020,1158.0,1165.0,1389.0,1165.0, 1260.00,1260.0,1317.44,464,6.11,6, 464, 100.00
NTPC, N5, 17-Feb-2020,1235.0,1250.0,1250.0,1187.22, 1187.22,1187.22,1208.15,30,0.36,2, 30, 100.00
NTPC, N6, 17-Feb-2020,1319.5,1339.0,1339.0,1316.01, 1322.00,1322.0,1327.31,247,3.28,13, 183, 74.09
NTPC, N7, 17-Feb-2020,14.12,13.98,14.15,13.98, 14.08,14.08,14.08,21474,3.02,83, 19922, 92.77
NTPC, ND, 17-Feb-2020,1210.05,1269.0,1269.0,1269.0, 1269.00,1269.0,1269.0,2,0.03,1, 2, 100.00
NUCLEUS, EQ, 17-Feb-2020,300.55,301.0,306.95,297.6, 301.50,303.25,302.09,10772,32.54,625, 5231, 48.56
NXTDIGITAL, EQ, 17-Feb-2020,402.45,402.45,421.0,402.45, 409.90,408.6,410.81,7289,29.94,403, 4779, 65.56
OAL, EQ, 17-Feb-2020,197.2,200.0,202.5,197.0, 202.50,200.8,200.12,1735,3.47,101, 1279, 73.72
OBEROIRLTY, EQ, 17-Feb-2020,507.1,508.35,511.75,492.95, 505.00,502.4,499.44,259122,1294.15,7993, 175118, 67.58
OCCL, EQ, 17-Feb-2020,970.0,970.0,970.0,945.0, 959.00,949.3,956.09,6150,58.8,552, 5456, 88.72
OFSS, EQ, 17-Feb-2020,2884.3,2885.0,2929.55,2868.0, 2870.60,2878.35,2891.12,3936,113.79,908, 2146, 54.52
OIL, EQ, 17-Feb-2020,130.25,131.05,131.8,127.05, 129.95,129.9,129.05,3755544,4846.48,33356, 1181223, 31.45
OILCOUNTUB, BE, 17-Feb-2020,3.5,3.65,3.65,3.35, 3.50,3.5,3.53,8216,0.29,42, -, -
OISL, EQ, 17-Feb-2020,2.65,2.65,2.9,2.55, 2.70,2.7,2.72,11972,0.33,26, 9722, 81.21
OLECTRA, EQ, 17-Feb-2020,156.95,157.5,159.05,150.45, 155.90,153.1,153.59,55614,85.42,1461, 37395, 67.24
OMAXAUTO, EQ, 17-Feb-2020,38.45,37.25,38.95,37.25, 38.90,38.35,38.29,8764,3.36,133, 6287, 71.74
OMAXE, EQ, 17-Feb-2020,155.45,155.5,157.05,155.0, 155.45,155.95,155.71,272276,423.96,1098, 105250, 38.66
OMKARCHEM, EQ, 17-Feb-2020,4.25,4.4,4.4,4.05, 4.15,4.05,4.13,17295,0.71,117, 12888, 74.52
OMMETALS, EQ, 17-Feb-2020,23.8,23.25,24.0,22.5, 22.55,22.7,22.92,56397,12.93,825, 40643, 72.07
ONELIFECAP, EQ, 17-Feb-2020,6.8,6.8,6.8,6.5, 6.50,6.5,6.51,874,0.06,8, 874, 100.00
ONEPOINT, EQ, 17-Feb-2020,22.25,21.15,22.0,21.15, 21.15,21.15,21.17,5043,1.07,26, 5043, 100.00
ONGC, EQ, 17-Feb-2020,103.3,101.5,102.9,98.8, 100.00,99.95,100.18,36666416,36730.59,123429, 14711236, 40.12
ONMOBILE, EQ, 17-Feb-2020,28.35,28.65,29.1,27.05, 27.05,27.25,27.37,607250,166.19,755, 567454, 93.45
ONWARDTEC, EQ, 17-Feb-2020,62.1,62.25,63.45,62.0, 62.65,62.5,62.22,4534,2.82,48, 3668, 80.90
OPTIEMUS, EQ, 17-Feb-2020,26.75,27.5,28.0,24.1, 27.00,27.05,26.57,69536,18.48,416, 23480, 33.77
OPTOCIRCUI, EQ, 17-Feb-2020,2.65,2.85,2.85,2.65, 2.75,2.75,2.77,293767,8.15,296, 185896, 63.28
ORBTEXP, EQ, 17-Feb-2020,80.3,80.0,81.75,79.5, 79.55,80.25,80.39,4880,3.92,240, 3146, 64.47
ORICONENT, EQ, 17-Feb-2020,15.9,16.2,16.35,15.65, 15.95,15.9,15.87,20835,3.31,187, 13517, 64.88
ORIENTABRA, EQ, 17-Feb-2020,17.5,18.0,18.0,17.05, 17.60,17.75,17.63,27761,4.89,156, 25086, 90.36
ORIENTALTL, EQ, 17-Feb-2020,10.05,10.05,10.05,10.0, 10.00,10.0,10.02,5705,0.57,16, 5705, 100.00
ORIENTBANK, EQ, 17-Feb-2020,45.65,45.7,45.8,43.3, 43.80,43.75,44.26,620531,274.65,5054, 218255, 35.17
ORIENTBELL, EQ, 17-Feb-2020,116.65,115.75,116.05,111.5, 112.30,113.2,113.24,17785,20.14,384, 10858, 61.05
ORIENTCEM, EQ, 17-Feb-2020,80.3,81.0,81.0,79.6, 80.70,80.35,80.17,240968,193.2,2299, 125569, 52.11
ORIENTELEC, EQ, 17-Feb-2020,254.15,256.35,275.0,252.0, 269.45,267.75,266.08,1079176,2871.51,29138, 445720, 41.30
ORIENTHOT, EQ, 17-Feb-2020,28.85,29.0,29.0,28.0, 28.00,28.0,28.2,10287,2.9,153, 8308, 80.76
ORIENTLTD, EQ, 17-Feb-2020,85.1,85.15,93.55,85.05, 93.55,93.55,85.63,28,0.02,6, 25, 89.29
ORIENTPPR, EQ, 17-Feb-2020,23.1,23.0,23.35,22.55, 22.70,22.6,22.92,241644,55.39,1202, 157916, 65.35
ORIENTREF, EQ, 17-Feb-2020,247.05,247.05,247.05,241.65, 242.95,243.45,245.82,84030,206.56,926, 75905, 90.33
ORISSAMINE, EQ, 17-Feb-2020,2433.95,2399.0,2429.0,2300.55, 2322.20,2322.2,2352.41,41643,979.61,6389, 11425, 27.44
ORTEL, BZ, 17-Feb-2020,0.5,0.45,0.55,0.45, 0.45,0.5,0.45,14698,0.07,14, -, -
ORTINLABSS, EQ, 17-Feb-2020,8.45,8.45,8.45,8.05, 8.15,8.15,8.18,10443,0.85,59, 7056, 67.57
OSIAHYPER, SM, 17-Feb-2020,250.0,250.0,250.0,250.0, 250.00,250.0,250.0,28000,70.0,1, 28000, 100.00
OSWALAGRO, EQ, 17-Feb-2020,6.95,7.15,7.15,6.35, 6.65,6.9,6.78,17551,1.19,116, 8958, 51.04
PAEL, BE, 17-Feb-2020,2.6,2.6,2.7,2.6, 2.70,2.7,2.6,717,0.02,8, -, -
PAGEIND, EQ, 17-Feb-2020,22447.05,22639.0,23278.9,22352.05, 22540.00,22549.35,22791.09,54006,12308.56,18683, 21135, 39.13
PAISALO, EQ, 17-Feb-2020,275.0,275.15,275.25,261.3, 271.00,272.85,266.89,12804,34.17,398, 9510, 74.27
PALASHSECU, BE, 17-Feb-2020,26.95,26.95,26.95,25.65, 25.75,25.75,25.86,815,0.21,8, -, -
PALREDTEC, EQ, 17-Feb-2020,19.05,18.2,18.9,18.1, 18.10,18.1,18.11,6772,1.23,45, 5972, 88.19
PANACEABIO, EQ, 17-Feb-2020,124.2,128.0,132.5,116.35, 119.50,119.2,126.17,46553,58.73,1640, 23481, 50.44
PANACHE, EQ, 17-Feb-2020,52.0,53.0,53.15,52.0, 52.00,52.0,52.87,3752,1.98,8, 752, 20.04
PANAMAPET, EQ, 17-Feb-2020,56.4,56.7,57.95,55.2, 56.50,56.55,56.09,10444,5.86,140, 7242, 69.34
PAPERPROD, EQ, 17-Feb-2020,248.3,248.0,254.4,247.15, 250.00,249.6,249.87,48146,120.3,1134, 38684, 80.35
PAR, SM, 17-Feb-2020,38.0,34.6,36.7,34.6, 36.70,36.7,35.7,8000,2.86,4, 2000, 25.00
PARABDRUGS, BE, 17-Feb-2020,1.25,1.3,1.3,1.3, 1.30,1.3,1.3,845,0.01,7, -, -
PARACABLES, EQ, 17-Feb-2020,7.05,7.0,7.25,7.0, 7.20,7.15,7.07,11865,0.84,56, 9049, 76.27
PARAGMILK, EQ, 17-Feb-2020,102.7,104.25,108.6,101.15, 101.70,102.15,104.14,505726,526.65,5836, 186784, 36.93
PARSVNATH, BE, 17-Feb-2020,2.0,2.0,2.1,1.9, 2.10,2.05,2.0,61603,1.23,54, -, -
PATELENG, EQ, 17-Feb-2020,16.8,16.7,16.85,14.3, 15.20,15.3,15.75,428117,67.43,1213, 309065, 72.19
PATINTLOG, EQ, 17-Feb-2020,19.85,19.6,20.65,18.9, 18.90,18.9,19.16,18094,3.47,138, 15940, 88.10
PATSPINLTD, BE, 17-Feb-2020,4.35,4.4,4.4,4.15, 4.15,4.15,4.15,5710,0.24,23, -, -
PCJEWELLER, EQ, 17-Feb-2020,18.75,18.75,18.85,17.7, 17.80,17.8,18.11,6263341,1134.26,14284, 1745707, 27.87
PDMJEPAPER, EQ, 17-Feb-2020,16.4,16.5,17.05,15.7, 17.00,16.9,16.5,139482,23.01,371, 98818, 70.85
PDPL, BE, 17-Feb-2020,3.25,3.25,3.4,3.1, 3.15,3.15,3.21,3059,0.1,13, -, -
PDSMFL, EQ, 17-Feb-2020,388.1,379.0,394.0,377.95, 386.00,386.0,386.24,34237,132.24,438, 32289, 94.31
PEARLPOLY, BE, 17-Feb-2020,14.35,14.35,14.35,14.35, 14.35,14.35,14.35,59,0.01,2, -, -
PEL, EQ, 17-Feb-2020,1530.65,1530.9,1540.0,1514.45, 1533.05,1531.65,1526.71,1205255,18400.73,28373, 372265, 30.89
PENIND, EQ, 17-Feb-2020,24.75,24.75,25.0,24.0, 24.95,24.85,24.62,166809,41.06,487, 104549, 62.68
PENINLAND, BE, 17-Feb-2020,4.05,4.2,4.2,3.85, 4.05,3.95,4.0,162377,6.49,110, -, -
PERSISTENT, EQ, 17-Feb-2020,701.25,694.15,704.85,694.15, 699.80,701.1,701.67,193928,1360.73,2956, 181338, 93.51
PETRONENGG, BE, 17-Feb-2020,5.75,5.75,5.75,5.5, 5.50,5.5,5.52,1058,0.06,6, -, -
PETRONET, EQ, 17-Feb-2020,260.8,260.8,260.8,255.1, 255.60,255.8,257.33,1713412,4409.2,28006, 1101940, 64.31
PFC, EQ, 17-Feb-2020,126.65,127.4,130.15,125.65, 126.30,126.45,127.45,7987532,10180.43,31999, 3487882, 43.67
PFC, N3, 17-Feb-2020,1208.0,1208.0,1208.0,1208.0, 1208.00,1208.0,1208.0,20,0.24,1, 20, 100.00
PFC, N4, 17-Feb-2020,1078.0,1073.0,1079.99,1073.0, 1079.99,1079.99,1079.19,346,3.73,24, 326, 94.22
PFC, N5, 17-Feb-2020,1176.66,1175.66,1175.66,1172.0, 1175.25,1175.25,1174.72,1000,11.75,3, 1000, 100.00
PFC, N8, 17-Feb-2020,1320.0,1320.0,1321.0,1320.0, 1321.00,1321.0,1320.42,120,1.58,4, 60, 50.00
PFIZER, EQ, 17-Feb-2020,4193.3,4176.0,4244.85,4000.0, 4019.80,4032.75,4078.08,73566,3000.08,12971, 28752, 39.08
PFOCUS, EQ, 17-Feb-2020,40.9,40.0,40.5,37.4, 40.10,40.2,39.48,30622,12.09,199, 18874, 61.64
PFS, EQ, 17-Feb-2020,13.5,13.4,13.5,12.8, 13.00,12.95,13.05,564700,73.68,1376, 428981, 75.97
PGEL, EQ, 17-Feb-2020,64.4,63.9,63.9,60.7, 61.55,61.55,61.9,46241,28.62,437, 37467, 81.03
PGHH, EQ, 17-Feb-2020,11498.55,11533.0,11533.0,11359.15, 11417.95,11411.95,11445.08,1878,214.94,614, 1288, 68.58
PGHL, EQ, 17-Feb-2020,4297.55,4300.0,4305.95,4200.0, 4205.00,4213.35,4274.49,21937,937.69,3399, 16598, 75.66
PGIL, EQ, 17-Feb-2020,139.85,140.0,143.5,130.95, 141.00,137.85,137.8,4995,6.88,155, 3478, 69.63
PHILIPCARB, EQ, 17-Feb-2020,126.8,127.0,128.0,124.1, 125.20,125.4,125.37,363439,455.64,4553, 158690, 43.66
PHOENIXLTD, EQ, 17-Feb-2020,868.3,867.95,874.85,841.0, 860.30,862.9,853.65,25598,218.52,3052, 11935, 46.62
PIDILITIND, EQ, 17-Feb-2020,1583.35,1582.1,1606.0,1575.1, 1582.90,1578.4,1590.37,361953,5756.38,15196, 174629, 48.25
PIIND, EQ, 17-Feb-2020,1549.65,1559.05,1567.8,1530.0, 1538.05,1541.0,1551.38,291537,4522.86,5020, 260374, 89.31
PILANIINVS, EQ, 17-Feb-2020,1764.5,1780.0,1780.0,1731.0, 1750.00,1759.5,1762.7,2938,51.79,247, 583, 19.84
PILITA, EQ, 17-Feb-2020,5.65,5.8,5.85,5.55, 5.65,5.7,5.75,53537,3.08,49, 3511, 6.56
PIONDIST, EQ, 17-Feb-2020,142.9,145.0,148.5,143.2, 145.50,145.05,146.94,55063,80.91,576, 37236, 67.62
PIONEEREMB, EQ, 17-Feb-2020,29.35,29.25,29.35,28.2, 28.40,28.45,28.56,3548,1.01,136, 2165, 61.02
PITTIENG, EQ, 17-Feb-2020,37.85,37.7,38.7,35.8, 38.25,38.2,37.09,55383,20.54,989, 30905, 55.80
PKTEA, BE, 17-Feb-2020,132.75,126.2,130.9,126.2, 129.90,129.9,126.9,365,0.46,12, -, -
PLASTIBLEN, EQ, 17-Feb-2020,195.55,194.05,196.95,190.3, 192.00,193.0,193.45,4165,8.06,126, 2794, 67.08
PNB, EQ, 17-Feb-2020,54.2,54.1,54.35,51.65, 51.80,51.95,52.56,18893364,9930.31,35266, 3010216, 15.93
PNBGILTS, EQ, 17-Feb-2020,29.05,29.2,29.45,28.85, 29.30,29.35,29.23,356266,104.12,959, 266570, 74.82
PNBHOUSING, EQ, 17-Feb-2020,417.1,418.0,421.5,406.55, 414.75,414.6,414.63,400513,1660.65,14361, 121983, 30.46
PNC, EQ, 17-Feb-2020,15.2,15.75,16.1,14.5, 15.10,14.65,15.11,31753,4.8,83, 13058, 41.12
PNCINFRA, EQ, 17-Feb-2020,202.4,204.0,214.85,200.2, 206.50,208.3,208.99,839531,1754.52,11839, 347771, 41.42
PODDARHOUS, EQ, 17-Feb-2020,293.55,292.25,293.0,273.0, 275.50,291.0,281.56,474,1.33,50, 314, 66.24
PODDARMENT, EQ, 17-Feb-2020,186.0,187.0,193.95,186.2, 192.60,191.1,190.52,26901,51.25,950, 15757, 58.57
POKARNA, EQ, 17-Feb-2020,86.35,85.05,87.85,82.05, 83.00,82.75,83.51,25626,21.4,463, 20281, 79.14
POLYCAB, EQ, 17-Feb-2020,1078.15,1083.8,1083.8,1042.65, 1052.00,1051.95,1053.27,144033,1517.05,11946, 88729, 61.60
POLYMED, EQ, 17-Feb-2020,298.55,299.0,304.8,290.0, 290.50,291.2,294.94,21546,63.55,833, 14245, 66.11
POLYPLEX, EQ, 17-Feb-2020,521.15,521.15,562.5,516.25, 535.00,539.75,541.08,350837,1898.31,11814, 98194, 27.99
PONNIERODE, EQ, 17-Feb-2020,140.65,143.15,147.8,141.5, 147.80,142.95,142.67,3377,4.82,234, 2136, 63.25
POWERGRID, EQ, 17-Feb-2020,184.1,185.0,185.8,180.55, 182.90,183.6,183.2,9939542,18209.66,91130, 6243795, 62.82
POWERMECH, EQ, 17-Feb-2020,734.05,734.0,749.0,725.05, 742.00,742.6,743.19,17541,130.36,729, 11276, 64.28
PPAP, EQ, 17-Feb-2020,183.75,185.6,185.6,176.05, 181.80,180.65,181.88,10924,19.87,375, 7271, 66.56
PPL, EQ, 17-Feb-2020,58.7,59.5,59.6,55.1, 55.10,55.9,56.77,25701,14.59,549, 19248, 74.89
PRABHAT, EQ, 17-Feb-2020,82.15,84.95,84.95,81.2, 81.20,81.8,82.05,34504,28.31,195, 24819, 71.93
PRADIP, BE, 17-Feb-2020,0.5,0.45,0.45,0.45, 0.45,0.45,0.45,2666,0.01,7, -, -
PRAENG, EQ, 17-Feb-2020,6.1,6.05,6.2,5.95, 6.00,6.0,6.07,5630,0.34,25, 4769, 84.71
PRAJIND, EQ, 17-Feb-2020,103.2,105.75,108.85,104.1, 104.60,104.85,106.72,2428378,2591.66,17440, 419648, 17.28
PRAKASH, EQ, 17-Feb-2020,44.2,44.2,44.45,41.8, 41.85,42.25,42.9,417646,179.18,2048, 293071, 70.17
PRAXIS, BE, 17-Feb-2020,76.55,72.75,72.75,72.75, 72.75,72.75,72.75,3559,2.59,12, -, -
PRECAM, BE, 17-Feb-2020,40.6,40.05,41.0,38.75, 39.05,39.3,39.31,19775,7.77,98, -, -
PRECOT, EQ, 17-Feb-2020,29.65,31.1,31.1,28.75, 31.10,31.1,31.07,7157,2.22,29, 7057, 98.60
PRECWIRE, EQ, 17-Feb-2020,143.6,143.5,147.85,138.65, 142.00,141.9,144.0,14824,21.35,593, 10248, 69.13
PREMEXPLN, EQ, 17-Feb-2020,116.65,116.0,122.0,114.8, 119.90,119.85,117.81,18696,22.03,476, 15082, 80.67
PREMIER, BE, 17-Feb-2020,1.8,1.8,1.8,1.75, 1.75,1.75,1.75,203,0.0,3, -, -
PREMIERPOL, EQ, 17-Feb-2020,24.55,24.55,24.55,23.4, 23.55,23.55,24.12,558,0.13,23, 536, 96.06
PRESSMN, EQ, 17-Feb-2020,22.55,22.95,22.95,20.4, 22.00,22.0,21.47,128746,27.64,440, 44242, 34.36
PRESTIGE, EQ, 17-Feb-2020,365.15,369.0,369.15,359.8, 359.80,360.7,361.62,73614,266.2,2024, 30852, 41.91
PRICOLLTD, EQ, 17-Feb-2020,50.65,50.0,51.6,47.25, 47.25,48.05,49.11,94610,46.47,980, 51372, 54.30
PRIMESECU, EQ, 17-Feb-2020,40.9,40.2,40.5,39.25, 39.30,39.35,39.63,5174,2.05,91, 3528, 68.19
PRINCEPIPE, EQ, 17-Feb-2020,190.3,190.8,196.65,186.8, 189.00,189.5,191.53,899695,1723.15,15065, 318623, 35.41
PROLIFE, SM, 17-Feb-2020,32.8,31.2,31.2,31.2, 31.20,31.2,31.2,3000,0.94,1, 3000, 100.00
PROZONINTU, EQ, 17-Feb-2020,18.35,18.0,19.0,18.0, 18.75,18.5,18.6,43424,8.08,317, 33337, 76.77
PRSMJOHNSN, EQ, 17-Feb-2020,63.4,63.4,63.85,62.4, 63.30,63.25,63.19,327650,207.04,1965, 275938, 84.22
PSB, EQ, 17-Feb-2020,17.05,17.4,17.4,16.9, 16.90,16.9,16.96,33759,5.73,289, 28414, 84.17
PSPPROJECT, EQ, 17-Feb-2020,507.35,519.0,524.7,516.0, 519.80,519.45,519.93,86871,451.67,2496, 58756, 67.64
PSUBNKBEES, EQ, 17-Feb-2020,24.3,24.55,24.55,23.6, 23.61,23.61,23.73,59268,14.07,201, 53989, 91.09
PTC, EQ, 17-Feb-2020,51.65,52.0,52.55,50.85, 51.00,50.95,51.43,465215,239.28,3780, 278744, 59.92
PTL, EQ, 17-Feb-2020,37.0,36.9,38.5,36.0, 36.00,36.0,36.35,12674,4.61,85, 12389, 97.75
PUNJABCHEM, EQ, 17-Feb-2020,455.25,460.0,460.0,430.05, 452.00,445.75,442.85,5499,24.35,438, 2648, 48.15
PUNJLLOYD, BZ, 17-Feb-2020,1.3,1.35,1.35,1.25, 1.25,1.25,1.27,265545,3.37,166, -, -
PURVA, EQ, 17-Feb-2020,58.35,55.65,58.3,55.3, 57.95,57.5,56.92,104188,59.3,725, 62132, 59.63
PUSHPREALM, SM, 17-Feb-2020,6.65,6.35,6.35,6.35, 6.35,6.35,6.35,2000,0.13,1, 2000, 100.00
PVR, EQ, 17-Feb-2020,2075.8,2076.0,2098.0,2067.5, 2088.00,2089.75,2088.29,187703,3919.79,10901, 32405, 17.26
QGOLDHALF, EQ, 17-Feb-2020,1782.0,1783.05,1793.0,1783.0, 1787.00,1786.3,1787.94,600,10.73,104, 374, 62.33
QNIFTY, EQ, 17-Feb-2020,1249.0,1249.0,1249.0,1243.0, 1243.00,1243.0,1244.2,5,0.06,5, 5, 100.00
QUESS, EQ, 17-Feb-2020,590.75,590.75,592.45,577.05, 589.40,589.05,584.5,93572,546.92,6489, 53508, 57.18
QUICKHEAL, EQ, 17-Feb-2020,123.25,125.5,133.0,125.5, 131.95,131.0,129.57,1622990,2102.98,19471, 277159, 17.08
RADICO, EQ, 17-Feb-2020,421.95,423.9,425.1,408.05, 414.60,412.45,413.36,271589,1122.63,8457, 118122, 43.49
RADIOCITY, EQ, 17-Feb-2020,26.95,26.75,28.0,26.6, 26.70,26.8,27.04,116213,31.43,3388, 83925, 72.22
RAIN, EQ, 17-Feb-2020,107.9,108.0,108.45,102.0, 103.35,103.5,104.62,623906,652.72,4372, 303990, 48.72
RAJESHEXPO, EQ, 17-Feb-2020,705.1,709.1,727.4,702.65, 712.95,715.65,716.8,179803,1288.84,5085, 41944, 23.33
RAJRAYON, BZ, 17-Feb-2020,0.1,0.05,0.1,0.05, 0.05,0.05,0.05,212414,0.11,45, -, -
RAJSREESUG, EQ, 17-Feb-2020,18.05,18.7,19.0,17.1, 17.15,17.25,17.86,41048,7.33,254, 29268, 71.30
RAJTV, EQ, 17-Feb-2020,39.3,39.9,40.5,39.35, 40.20,39.85,39.9,1048,0.42,53, 775, 73.95
RAJVIR, BE, 17-Feb-2020,10.9,10.4,10.4,10.4, 10.40,10.4,10.4,4,0.0,2, -, -
RALLIS, EQ, 17-Feb-2020,231.8,232.3,235.35,228.7, 230.60,231.05,232.0,244608,567.49,4125, 136071, 55.63
RAMANEWS, EQ, 17-Feb-2020,13.45,13.55,14.0,13.5, 13.65,13.6,13.62,4523,0.62,51, 4435, 98.05
RAMASTEEL, EQ, 17-Feb-2020,43.15,42.45,42.45,39.1, 40.10,39.4,40.44,9151,3.7,170, 7555, 82.56
RAMCOCEM, EQ, 17-Feb-2020,794.3,796.0,797.65,781.25, 789.30,789.2,786.39,237157,1864.98,10667, 127880, 53.92
RAMCOIND, EQ, 17-Feb-2020,175.8,174.6,179.9,172.8, 174.00,173.8,174.75,22349,39.05,503, 14206, 63.56
RAMCOSYS, EQ, 17-Feb-2020,163.3,164.0,164.15,157.25, 159.90,158.5,159.83,27403,43.8,953, 14262, 52.05
RAMKY, EQ, 17-Feb-2020,30.9,30.2,32.75,29.5, 30.00,29.9,30.22,55204,16.68,513, 37775, 68.43
RANASUG, BE, 17-Feb-2020,4.45,4.55,4.65,4.55, 4.65,4.65,4.64,206514,9.59,151, -, -
RANEENGINE, BE, 17-Feb-2020,216.05,213.0,226.85,211.1, 216.00,219.95,222.32,1370,3.05,39, -, -
RANEHOLDIN, EQ, 17-Feb-2020,720.4,720.4,733.9,690.0, 690.00,694.5,705.0,6122,43.16,604, 4814, 78.63
RATNAMANI, EQ, 17-Feb-2020,1307.05,1302.9,1344.0,1299.05, 1315.00,1326.8,1329.91,11677,155.29,1603, 7792, 66.73
RAYMOND, EQ, 17-Feb-2020,599.15,602.85,602.85,576.1, 586.50,584.8,586.19,257243,1507.94,9854, 71832, 27.92
RBL, EQ, 17-Feb-2020,571.7,577.0,587.9,566.3, 570.00,571.3,577.36,11325,65.39,970, 3767, 33.26
RBLBANK, EQ, 17-Feb-2020,316.55,316.0,318.25,306.0, 306.70,306.6,310.74,8296146,25779.79,61161, 1398622, 16.86
RCF, EQ, 17-Feb-2020,42.9,42.9,42.9,41.6, 41.75,41.8,41.96,608431,255.32,2736, 263320, 43.28
RCOM, BE, 17-Feb-2020,0.7,0.65,0.7,0.65, 0.65,0.7,0.67,6949796,46.84,1667, -, -
RECLTD, EQ, 17-Feb-2020,139.65,139.85,141.3,137.7, 137.90,138.1,139.39,2521778,3515.08,13123, 789647, 31.31
RECLTD, N1, 17-Feb-2020,1054.9,1058.55,1151.0,1051.0, 1070.00,1103.72,1103.73,1191,13.15,17, 1190, 99.92
RECLTD, N2, 17-Feb-2020,1152.25,1118.3,1118.3,1118.1, 1118.10,1118.15,1118.17,100,1.12,3, 100, 100.00
RECLTD, N9, 17-Feb-2020,1219.0,1225.0,1225.0,1209.0, 1220.00,1220.0,1219.4,910,11.1,13, 800, 87.91
REDINGTON, EQ, 17-Feb-2020,120.0,120.9,122.7,117.15, 117.85,118.0,119.94,134119,160.87,2640, 72729, 54.23
REFEX, EQ, 17-Feb-2020,69.8,73.25,73.25,72.0, 73.25,73.25,73.21,261224,191.24,1001, 174200, 66.69
REGENCERAM, BE, 17-Feb-2020,1.0,0.95,0.95,0.95, 0.95,0.95,0.95,64,0.0,2, -, -
RELAXO, EQ, 17-Feb-2020,795.0,799.95,830.0,795.05, 816.25,815.85,815.63,416333,3395.75,25284, 175718, 42.21
RELCAPITAL, EQ, 17-Feb-2020,7.05,7.0,7.15,6.7, 7.05,7.0,6.9,5356965,369.73,4971, 2002294, 37.38
RELIABLE, SM, 17-Feb-2020,33.4,34.0,34.0,34.0, 34.00,34.0,34.0,16800,5.71,1, 16800, 100.00
RELIANCE, EQ, 17-Feb-2020,1487.6,1489.0,1506.15,1474.3, 1478.50,1478.25,1487.62,6011340,89426.11,150631, 2236062, 37.20
RELIGARE, EQ, 17-Feb-2020,41.8,42.0,42.05,40.5, 41.30,41.5,41.26,118320,48.82,510, 86394, 73.02
RELINFRA, EQ, 17-Feb-2020,19.5,21.3,21.45,19.6, 21.45,21.35,20.64,6851867,1414.18,13111, 3075061, 44.88
REMSONSIND, EQ, 17-Feb-2020,80.0,80.0,80.0,75.6, 75.60,76.7,77.16,3537,2.73,95, 3139, 88.75
RENUKA, EQ, 17-Feb-2020,7.15,7.3,7.45,6.95, 7.05,7.0,7.16,973485,69.67,1114, 597015, 61.33
REPCOHOME, EQ, 17-Feb-2020,314.05,310.7,314.55,300.0, 301.00,300.7,303.85,67258,204.37,2856, 36296, 53.97
REPRO, EQ, 17-Feb-2020,551.8,550.6,576.0,550.0, 567.90,557.15,559.98,6201,34.72,307, 5356, 86.37
RESPONIND, EQ, 17-Feb-2020,90.25,90.0,94.15,85.2, 90.00,90.4,89.49,114715,102.66,2018, 10904, 9.51
REVATHI, EQ, 17-Feb-2020,499.75,488.0,498.8,462.7, 484.00,485.4,481.93,14358,69.2,1029, 6538, 45.54
RGL, EQ, 17-Feb-2020,394.15,392.05,393.7,380.2, 392.00,391.15,388.73,2629,10.22,143, 1521, 57.85
RHFL, EQ, 17-Feb-2020,1.0,1.0,1.0,0.95, 0.95,0.95,0.96,2540105,24.28,663, 1566531, 61.67
RHFL, N4, 17-Feb-2020,144.1,146.0,172.92,146.0, 172.92,170.65,160.65,1252,2.01,12, 1252, 100.00
RHFL, N6, 17-Feb-2020,125.0,149.99,150.0,149.99, 150.00,150.0,150.0,76,0.11,5, 76, 100.00
RHFL, N8, 17-Feb-2020,137.7,110.2,110.3,110.2, 110.30,110.3,110.24,140,0.15,2, 140, 100.00
RICOAUTO, EQ, 17-Feb-2020,42.0,42.0,42.3,40.6, 40.80,40.9,41.24,232680,95.95,1786, 99035, 42.56
RIIL, EQ, 17-Feb-2020,374.4,376.1,376.6,360.0, 360.60,361.1,364.98,208058,759.37,5636, 57546, 27.66
RITES, EQ, 17-Feb-2020,318.25,322.0,326.65,309.0, 311.45,311.5,317.89,955614,3037.81,18490, 285384, 29.86
RKDL, EQ, 17-Feb-2020,6.25,6.6,6.6,5.7, 5.95,5.85,6.13,21082,1.29,134, 12840, 60.91
RKEC, SM, 17-Feb-2020,54.0,54.0,55.0,54.0, 55.00,54.4,54.19,6000,3.25,6, 3000, 50.00
RKFORGE, EQ, 17-Feb-2020,325.3,326.65,333.65,324.5, 328.00,325.6,327.22,20558,67.27,461, 15977, 77.72
RMCL, BE, 17-Feb-2020,5.65,5.5,5.5,5.4, 5.40,5.4,5.41,6895,0.37,19, -, -
RMDRIP, SM, 17-Feb-2020,31.4,32.95,32.95,31.4, 32.95,32.95,32.77,40000,13.11,16, 22000, 55.00
RML, EQ, 17-Feb-2020,271.5,272.0,282.7,260.0, 261.00,261.3,265.61,13491,35.83,733, 6870, 50.92
RNAVAL, BE, 17-Feb-2020,1.7,1.65,1.65,1.65, 1.65,1.65,1.65,255718,4.22,210, -, -
ROHITFERRO, BE, 17-Feb-2020,0.55,0.5,0.5,0.5, 0.50,0.5,0.5,594,0.0,3, -, -
ROHLTD, EQ, 17-Feb-2020,71.2,70.35,71.45,68.2, 68.20,68.45,69.68,55917,38.96,875, 37642, 67.32
ROLLT, EQ, 17-Feb-2020,1.4,1.5,1.5,1.35, 1.50,1.5,1.48,12062,0.18,21, 11429, 94.75
ROLTA, BE, 17-Feb-2020,3.85,3.85,3.85,3.7, 3.70,3.7,3.73,131210,4.89,198, -, -
ROSSELLIND, BE, 17-Feb-2020,62.2,62.2,63.0,59.1, 59.25,59.25,60.36,1246,0.75,17, -, -
RPGLIFE, EQ, 17-Feb-2020,290.1,290.1,291.15,280.75, 282.85,281.45,283.2,13814,39.12,569, 7965, 57.66
RPOWER, EQ, 17-Feb-2020,1.75,1.7,1.8,1.7, 1.75,1.75,1.74,10629507,184.74,3137, 6059422, 57.01
RPPINFRA, EQ, 17-Feb-2020,54.05,54.0,64.7,50.5, 61.15,62.15,56.52,409569,231.48,3531, 217972, 53.22
RSSOFTWARE, EQ, 17-Feb-2020,19.8,20.0,20.0,19.15, 19.30,19.4,19.45,13911,2.71,55, 11393, 81.90
RSWM, EQ, 17-Feb-2020,117.9,119.7,126.0,115.4, 123.50,124.4,121.82,193701,235.96,4395, 63442, 32.75
RSYSTEMS, EQ, 17-Feb-2020,96.1,96.1,97.3,95.9, 95.90,95.9,95.92,66924,64.19,182, 62717, 93.71
RTNINFRA, BE, 17-Feb-2020,2.95,2.95,2.95,2.95, 2.95,2.95,2.95,308276,9.09,88, -, -
RTNPOWER, EQ, 17-Feb-2020,2.45,2.55,2.55,2.55, 2.55,2.55,2.55,851107,21.7,176, 851107, 100.00
RUBYMILLS, EQ, 17-Feb-2020,209.05,211.05,213.85,198.05, 204.50,201.6,204.72,3600,7.37,327, 2328, 64.67
RUCHI, EQ, 17-Feb-2020,40.05,42.05,42.05,42.05, 42.05,42.05,42.05,213,0.09,43, 213, 100.00
RUCHINFRA, BE, 17-Feb-2020,2.7,2.8,2.8,2.8, 2.80,2.8,2.8,6651,0.19,29, -, -
RUCHIRA, EQ, 17-Feb-2020,60.5,61.75,61.8,59.65, 60.10,60.05,60.33,60770,36.66,752, 38261, 62.96
RUPA, EQ, 17-Feb-2020,220.25,217.0,222.35,215.0, 215.10,215.9,216.24,21453,46.39,465, 13625, 63.51
RUSHIL, EQ, 17-Feb-2020,134.5,139.85,146.5,137.2, 138.00,138.2,141.74,27274,38.66,661, 17040, 62.48
RVNL, EQ, 17-Feb-2020,22.95,23.05,23.25,22.25, 22.40,22.35,22.65,3797942,860.08,20764, 2304789, 60.69
SABTN, EQ, 17-Feb-2020,1.35,1.35,1.4,1.25, 1.30,1.3,1.3,16471,0.21,55, 11308, 68.65
SADBHAV, EQ, 17-Feb-2020,99.75,99.0,100.8,95.05, 96.05,97.2,97.32,677280,659.1,10434, 321855, 47.52
SADBHIN, EQ, 17-Feb-2020,34.4,34.05,34.6,31.75, 32.05,32.2,32.35,246020,79.59,1327, 124802, 50.73
SAFARI, EQ, 17-Feb-2020,654.5,663.95,669.95,635.0, 647.50,646.7,651.71,7737,50.42,968, 5318, 68.73
SAGARDEEP, BE, 17-Feb-2020,78.8,82.4,82.4,74.9, 78.50,78.5,76.27,715,0.55,7, -, -
SAGCEM, EQ, 17-Feb-2020,528.15,537.95,537.95,520.05, 520.05,525.85,528.13,1531,8.09,132, 907, 59.24
SAIL, EQ, 17-Feb-2020,43.9,42.0,44.0,41.85, 42.75,42.8,43.12,32718648,14107.84,36832, 2690935, 8.22
SAKAR, BE, 17-Feb-2020,62.4,63.15,63.15,59.3, 62.30,62.25,62.33,3625,2.26,33, -, -
SAKHTISUG, EQ, 17-Feb-2020,9.8,10.05,10.45,9.2, 9.25,9.25,9.57,110488,10.58,729, 62611, 56.67
SAKSOFT, EQ, 17-Feb-2020,205.25,202.0,208.7,202.0, 204.00,205.5,204.69,2639,5.4,122, 1625, 61.58
SAKUMA, EQ, 17-Feb-2020,6.2,6.35,6.35,5.75, 6.00,6.0,6.02,76558,4.61,282, 55533, 72.54
SALASAR, EQ, 17-Feb-2020,117.75,117.0,118.0,114.0, 116.90,116.2,116.12,62116,72.13,595, 25857, 41.63
SALONA, EQ, 17-Feb-2020,67.15,65.25,69.8,65.25, 67.80,67.3,66.31,477,0.32,19, 200, 41.93
SALSTEEL, BE, 17-Feb-2020,3.0,2.85,3.15,2.85, 2.95,2.95,2.9,18610,0.54,29, -, -
SALZERELEC, EQ, 17-Feb-2020,109.35,110.4,111.0,105.55, 106.00,106.55,107.79,10485,11.3,381, 6605, 62.99
SAMBHAAV, EQ, 17-Feb-2020,2.25,2.1,2.2,2.05, 2.05,2.05,2.07,86317,1.78,38, 82887, 96.03
SANCO, EQ, 17-Feb-2020,15.0,15.25,15.25,14.65, 14.70,14.9,14.89,79177,11.79,167, 61737, 77.97
SANDESH, EQ, 17-Feb-2020,617.35,620.05,637.95,600.1, 600.10,600.6,606.84,925,5.61,374, 277, 29.95
SANDHAR, EQ, 17-Feb-2020,282.05,284.05,284.05,270.0, 270.00,272.9,275.89,1652,4.56,257, 957, 57.93
SANGAMIND, BE, 17-Feb-2020,52.0,50.05,52.95,50.05, 51.00,51.3,51.91,722,0.37,15, -, -
SANGHIIND, EQ, 17-Feb-2020,32.95,32.9,33.45,31.9, 32.30,31.95,32.43,79792,25.88,731, 63552, 79.65
SANGHVIFOR, EQ, 17-Feb-2020,16.6,17.3,17.35,15.8, 16.20,16.2,16.13,10155,1.64,138, 7739, 76.21
SANGHVIMOV, EQ, 17-Feb-2020,101.65,105.9,105.9,100.0, 102.95,103.15,101.61,5881,5.98,161, 4681, 79.60
SANGINITA, BE, 17-Feb-2020,158.35,150.45,150.45,150.45, 150.45,150.45,150.45,1213,1.82,42, -, -
SANOFI, EQ, 17-Feb-2020,7367.75,7360.0,7410.0,7193.65, 7247.00,7225.5,7262.35,10860,788.69,3425, 6553, 60.34
SANWARIA, EQ, 17-Feb-2020,1.75,1.6,1.6,1.6, 1.60,1.6,1.6,733937,11.74,387, 733937, 100.00
SARDAEN, EQ, 17-Feb-2020,205.55,210.0,210.0,200.0, 200.75,201.1,203.16,20236,41.11,677, 12436, 61.45
SAREGAMA, EQ, 17-Feb-2020,401.35,401.0,410.0,375.0, 409.95,404.25,388.22,8062,31.3,904, 4920, 61.03
SARLAPOLY, EQ, 17-Feb-2020,20.85,21.0,21.0,19.6, 20.65,20.4,20.2,88160,17.81,674, 69542, 78.88
SASKEN, EQ, 17-Feb-2020,579.7,575.05,589.95,575.05, 580.00,581.15,581.58,5242,30.49,182, 4774, 91.07
SASTASUNDR, EQ, 17-Feb-2020,70.1,72.35,72.55,68.35, 70.35,71.0,71.35,2739,1.95,226, 1806, 65.94
SATHAISPAT, BE, 17-Feb-2020,1.9,1.9,1.9,1.9, 1.90,1.9,1.9,500,0.01,3, -, -
SATIA, EQ, 17-Feb-2020,102.55,103.0,105.85,96.45, 97.70,97.95,100.41,100330,100.75,1293, 44774, 44.63
SATIN, EQ, 17-Feb-2020,206.2,204.0,205.8,193.0, 193.10,193.35,196.03,73291,143.67,1744, 43940, 59.95
SBIETFQLTY, EQ, 17-Feb-2020,101.5,102.99,103.0,99.5, 100.50,100.5,101.04,368,0.37,42, 309, 83.97
SBILIFE, EQ, 17-Feb-2020,914.25,915.5,919.45,904.0, 914.05,914.4,913.46,355839,3250.45,22896, 243177, 68.34
SBIN, EQ, 17-Feb-2020,319.4,320.95,321.15,311.65, 314.70,314.2,314.88,36950692,116349.19,244850, 6525823, 17.66
SBIN, N2, 17-Feb-2020,11357.09,11301.0,11330.0,11300.0, 11330.00,11316.5,11302.57,14,1.58,6, 14, 100.00
SBIN, N5, 17-Feb-2020,11645.21,11640.0,11660.0,11640.0, 11660.00,11654.46,11649.38,365,42.52,42, 355, 97.26
SBIN, N6, 17-Feb-2020,11325.75,11340.0,11340.0,11340.0, 11340.00,11340.0,11340.0,7,0.79,3, 7, 100.00
SCAPDVR, EQ, 17-Feb-2020,0.15,0.15,0.2,0.15, 0.15,0.15,0.17,81817,0.14,75, 18086, 22.11
SCHAEFFLER, EQ, 17-Feb-2020,4500.75,4480.0,4499.85,4409.95, 4479.00,4458.2,4452.95,1082,48.18,515, 554, 51.20
SCHAND, BE, 17-Feb-2020,75.5,75.8,75.8,72.1, 73.95,72.35,74.09,3475,2.57,48, -, -
SCHNEIDER, EQ, 17-Feb-2020,100.8,101.65,108.0,97.15, 104.30,103.6,104.53,441334,461.33,6558, 232734, 52.73
SCI, EQ, 17-Feb-2020,57.2,57.9,57.9,54.75, 55.05,55.1,56.16,779656,437.87,3925, 427598, 54.84
SDAXXVIIGR, MF, 17-Feb-2020,9.0,9.08,9.08,9.08, 9.08,9.08,9.08,500,0.05,1, 500, 100.00
SDBL, BE, 17-Feb-2020,102.55,102.0,104.6,99.05, 103.80,102.3,102.2,10860,11.1,222, -, -
SEAMECLTD, EQ, 17-Feb-2020,440.0,446.0,446.0,424.0, 439.00,432.55,435.59,1018,4.43,95, 702, 68.96
SECL, SM, 17-Feb-2020,46.5,46.9,47.0,46.9, 47.00,47.0,46.97,39000,18.32,7, 39000, 100.00
SECURCRED, SM, 17-Feb-2020,28.8,27.45,27.45,27.4, 27.40,27.4,27.44,3000,0.82,5, 2400, 80.00
SELAN, EQ, 17-Feb-2020,138.3,140.8,142.5,138.1, 140.90,139.45,140.53,25113,35.29,1292, 8117, 32.32
SELMCL, BE, 17-Feb-2020,0.65,0.65,0.7,0.65, 0.70,0.7,0.65,125689,0.82,35, -, -
SEPOWER, EQ, 17-Feb-2020,2.25,2.35,2.35,2.15, 2.35,2.35,2.26,11600,0.26,29, 10928, 94.21
SEQUENT, EQ, 17-Feb-2020,94.85,96.25,97.2,93.5, 94.00,93.6,94.67,384675,364.18,2686, 167195, 43.46
SERVOTECH, SM, 17-Feb-2020,11.5,11.0,12.6,10.5, 12.60,10.6,10.58,288000,30.48,16, 280000, 97.22
SESHAPAPER, EQ, 17-Feb-2020,153.15,154.0,154.0,150.0, 151.00,151.15,151.56,10415,15.78,384, 5242, 50.33
SETCO, EQ, 17-Feb-2020,9.05,9.5,9.95,9.1, 9.95,9.95,9.74,190733,18.58,448, 169948, 89.10
SETF10GILT, EQ, 17-Feb-2020,190.29,189.94,189.94,189.9, 189.90,189.9,189.91,7,0.01,3, 6, 85.71
SETFGOLD, EQ, 17-Feb-2020,3671.0,3678.5,3689.95,3675.0, 3689.45,3684.5,3683.81,1384,50.98,248, 935, 67.56
SETFNIF50, EQ, 17-Feb-2020,125.16,127.7,127.7,124.12, 124.48,124.4,124.79,178665,222.95,864, 131617, 73.67
SETFNIFBK, EQ, 17-Feb-2020,311.92,311.51,313.46,309.09, 310.35,310.29,310.79,21625,67.21,973, 16621, 76.86
SETFNN50, EQ, 17-Feb-2020,294.04,295.95,296.43,290.25, 291.25,291.06,292.29,8476,24.77,155, 7559, 89.18
SETUINFRA, EQ, 17-Feb-2020,0.85,0.8,0.85,0.8, 0.85,0.85,0.8,144936,1.16,57, 89035, 61.43
SEYAIND, EQ, 17-Feb-2020,97.95,93.1,93.1,93.1, 93.10,93.1,93.1,2147,2.0,43, 2147, 100.00
SFL, EQ, 17-Feb-2020,1658.5,1657.0,1690.0,1612.25, 1636.20,1639.2,1651.28,11485,189.65,1402, 5924, 51.58
SGBAUG24, GB, 17-Feb-2020,3869.13,3869.0,3890.0,3869.0, 3890.00,3880.82,3873.97,286,11.08,18, 199, 69.58
SGBAUG27, GB, 17-Feb-2020,3820.0,3859.9,3859.9,3801.0, 3830.00,3833.59,3832.07,2170,83.16,40, 2155, 99.31
SGBDC27VII, GB, 17-Feb-2020,3812.0,3812.0,3835.0,3812.0, 3835.00,3835.0,3813.62,116,4.42,8, 112, 96.55
SGBFEB24, GB, 17-Feb-2020,3869.8,3875.0,3880.0,3850.0, 3880.00,3875.0,3862.92,92,3.55,18, 71, 77.17
SGBFEB27, GB, 17-Feb-2020,3780.0,3785.0,3785.0,3785.0, 3785.00,3785.0,3785.0,128,4.84,2, 128, 100.00
SGBFEB28IX, GB, 17-Feb-2020,4080.54,3815.0,3815.0,3815.0, 3815.00,3815.0,3815.0,1,0.04,1, 1, 100.00
SGBJ28VIII, GB, 17-Feb-2020,3857.0,3857.0,4000.0,3857.0, 4000.00,4000.0,3928.5,2,0.08,2, 2, 100.00
SGBJUL25, GB, 17-Feb-2020,3811.0,3838.0,3838.0,3838.0, 3838.00,3838.0,3838.0,23,0.88,3, 23, 100.00
SGBJUL27, GB, 17-Feb-2020,3829.99,3922.0,3922.0,3757.5, 3757.50,3757.5,3839.75,2,0.08,2, 2, 100.00
SGBJUN27, GB, 17-Feb-2020,3801.0,3800.0,3800.0,3700.0, 3700.00,3700.0,3783.33,12,0.45,6, 12, 100.00
SGBMAR24, GB, 17-Feb-2020,3861.1,3900.0,3970.0,3861.1, 3900.00,3946.66,3884.83,13,0.51,5, 12, 92.31
SGBMAR25, GB, 17-Feb-2020,3826.0,3815.0,3850.0,3815.0, 3825.00,3825.0,3826.57,70,2.68,4, 70, 100.00
SGBMAY25, GB, 17-Feb-2020,3825.0,3800.0,3850.0,3800.0, 3827.00,3827.0,3827.37,54,2.07,6, 37, 68.52
SGBMAY26, GB, 17-Feb-2020,3795.0,3795.0,3810.0,3795.0, 3810.00,3810.0,3802.5,2,0.08,2, 2, 100.00
SGBNOV23, GB, 17-Feb-2020,3910.0,3910.0,3965.0,3910.0, 3915.00,3915.0,3917.16,44,1.72,7, 34, 77.27
SGBNOV24, GB, 17-Feb-2020,3856.0,3830.0,3833.1,3830.0, 3833.10,3833.1,3832.69,18,0.69,4, 18, 100.00
SGBNOV25VI, GB, 17-Feb-2020,3800.0,3800.0,3800.0,3800.0, 3800.00,3800.0,3800.0,1,0.04,1, 1, 100.00
SGBNOV26, GB, 17-Feb-2020,3790.0,3717.0,3717.0,3717.0, 3717.00,3717.0,3717.0,1,0.04,1, 1, 100.00
SGBOCT25, GB, 17-Feb-2020,3830.0,3800.0,3890.0,3800.0, 3890.00,3890.0,3860.0,3,0.12,2, 3, 100.00
SGBOCT25IV, GB, 17-Feb-2020,3750.0,3865.0,3865.0,3849.0, 3849.00,3849.5,3854.67,3,0.12,3, 2, 66.67
SGBOCT27, GB, 17-Feb-2020,4000.0,3831.0,3831.0,3831.0, 3831.00,3831.0,3831.0,1,0.04,1, 1, 100.00
SGBOCT27VI, GB, 17-Feb-2020,3850.0,3815.0,3831.0,3815.0, 3831.00,3831.0,3818.86,46,1.76,6, 46, 100.00
SGBSEP24, GB, 17-Feb-2020,3883.0,3885.0,3899.0,3866.0, 3881.00,3882.66,3869.33,186,7.2,21, 184, 98.92
SGBSEP27, GB, 17-Feb-2020,3840.0,3870.0,3870.0,3840.0, 3851.00,3851.0,3850.04,25,0.96,5, 25, 100.00
SGL, EQ, 17-Feb-2020,6.45,6.2,6.75,6.2, 6.75,6.7,6.6,23574,1.56,70, 11918, 50.56
SHAHALLOYS, BE, 17-Feb-2020,8.1,7.9,8.25,7.7, 8.25,8.25,7.82,135,0.01,9, -, -
SHAKTIPUMP, EQ, 17-Feb-2020,251.35,239.25,256.0,228.7, 253.00,250.2,243.97,262422,640.23,10175, 68125, 25.96
SHALBY, EQ, 17-Feb-2020,99.45,100.7,101.3,99.0, 99.55,99.45,99.64,32923,32.8,611, 21602, 65.61
SHALPAINTS, EQ, 17-Feb-2020,100.1,100.3,100.55,96.75, 97.05,97.45,98.35,87141,85.7,1354, 53340, 61.21
SHANKARA, EQ, 17-Feb-2020,539.25,520.1,533.9,512.3, 512.30,512.3,516.82,18043,93.25,895, 13606, 75.41
SHANTIGEAR, EQ, 17-Feb-2020,93.15,96.9,96.9,92.05, 92.70,93.45,92.76,5389,5.0,255, 2423, 44.96
SHARDACROP, EQ, 17-Feb-2020,215.7,217.65,219.9,209.45, 210.00,211.05,213.52,5959,12.72,497, 4016, 67.39
SHARDAMOTR, EQ, 17-Feb-2020,905.15,902.5,902.5,880.0, 880.00,880.15,890.04,1253,11.15,172, 1073, 85.63
SHARIABEES, EQ, 17-Feb-2020,269.0,268.8,269.73,268.15, 268.15,268.15,269.01,62,0.17,4, 40, 64.52
SHEMAROO, EQ, 17-Feb-2020,92.05,87.0,89.1,82.85, 82.85,82.85,84.6,90456,76.52,1422, 66731, 73.77
SHIL, EQ, 17-Feb-2020,153.0,151.05,153.1,146.2, 147.10,149.7,149.1,45889,68.42,902, 29564, 64.43
SHILPAMED, EQ, 17-Feb-2020,452.95,452.0,459.9,430.35, 430.35,430.35,439.57,72997,320.87,3109, 42340, 58.00
SHIRPUR-G, BE, 17-Feb-2020,10.5,10.0,10.0,10.0, 10.00,10.0,10.0,4434,0.44,32, -, -
SHIVAMAUTO, EQ, 17-Feb-2020,20.75,21.3,21.3,19.1, 19.50,19.3,19.79,76571,15.15,888, 51630, 67.43
SHIVAMILLS, EQ, 17-Feb-2020,31.85,32.9,32.9,31.0, 31.00,31.0,31.12,1103,0.34,18, 847, 76.79
SHIVATEX, EQ, 17-Feb-2020,93.05,94.5,96.8,84.8, 89.00,89.0,89.88,2856,2.57,122, 2202, 77.10
SHK, EQ, 17-Feb-2020,120.3,120.3,121.85,115.65, 115.80,116.7,117.87,15727,18.54,503, 12924, 82.18
SHOPERSTOP, EQ, 17-Feb-2020,380.85,381.05,389.75,371.45, 389.75,383.4,377.43,9112,34.39,574, 4960, 54.43
SHREDIGCEM, EQ, 17-Feb-2020,27.75,27.75,27.9,26.5, 26.50,26.75,27.05,215800,58.37,591, 150237, 69.62
SHREECEM, EQ, 17-Feb-2020,24433.6,24320.0,24445.5,23955.0, 23975.10,24028.05,24147.15,14630,3532.73,5728, 4387, 29.99
SHREEPUSHK, EQ, 17-Feb-2020,112.6,114.0,119.0,111.45, 116.90,117.4,116.06,62865,72.96,2099, 28381, 45.15
SHREERAMA, EQ, 17-Feb-2020,6.2,6.0,6.35,5.95, 5.95,5.95,6.08,9656,0.59,167, 9654, 99.98
SHRENIK, EQ, 17-Feb-2020,36.65,37.4,37.4,35.5, 36.00,36.35,36.36,57724,20.99,110, 47963, 83.09
SHREYANIND, EQ, 17-Feb-2020,112.7,112.65,114.15,111.0, 111.50,111.15,112.29,11315,12.71,162, 9878, 87.30
SHREYAS, EQ, 17-Feb-2020,82.45,86.5,86.5,78.35, 78.35,78.35,79.16,10096,7.99,237, 8794, 87.10
SHRIPISTON, BE, 17-Feb-2020,678.6,705.0,709.95,666.05, 691.00,690.15,696.52,292,2.03,21, -, -
SHRIRAMCIT, EQ, 17-Feb-2020,1460.5,1470.6,1479.8,1460.0, 1462.10,1465.3,1464.87,3744,54.84,590, 2680, 71.58
SHRIRAMEPC, EQ, 17-Feb-2020,4.1,4.05,4.05,3.9, 3.95,3.95,3.99,98783,3.94,89, 68624, 69.47
SHUBHLAXMI, SM, 17-Feb-2020,40.0,42.0,43.9,36.35, 37.95,37.2,37.64,21000,7.91,18, 16000, 76.19
SHYAMCENT, BE, 17-Feb-2020,2.95,3.05,3.05,2.95, 2.95,2.95,2.95,5151,0.15,13, -, -
SHYAMTEL, BE, 17-Feb-2020,7.4,7.4,7.4,7.4, 7.40,7.4,7.4,85,0.01,1, -, -
SICAGEN, EQ, 17-Feb-2020,16.4,16.85,18.4,15.0, 15.15,15.1,16.35,30822,5.04,369, 20328, 65.95
SICAL, EQ, 17-Feb-2020,8.1,8.5,8.5,8.5, 8.50,8.5,8.5,22322,1.9,38, 22322, 100.00
SIEMENS, EQ, 17-Feb-2020,1397.9,1406.55,1406.55,1374.3, 1383.70,1382.75,1384.36,542961,7516.52,31421, 195257, 35.96
SIGIND, EQ, 17-Feb-2020,19.1,20.45,20.5,18.85, 18.90,18.95,19.16,5934,1.14,57, 5290, 89.15
SIL, BE, 17-Feb-2020,11.55,11.05,11.95,11.05, 11.20,11.2,11.14,288,0.03,5, -, -
SILINV, EQ, 17-Feb-2020,137.6,147.2,149.95,131.6, 135.80,136.75,138.07,1470,2.03,168, 852, 57.96
SILVERTUC, SM, 17-Feb-2020,114.5,115.0,115.0,115.0, 115.00,115.0,115.0,1000,1.15,1, 1000, 100.00
SIMBHALS, EQ, 17-Feb-2020,6.85,6.8,6.95,6.6, 6.70,6.75,6.71,7791,0.52,27, 6457, 82.88
SIMPLEXINF, EQ, 17-Feb-2020,51.3,48.75,52.95,48.75, 48.75,48.75,49.67,1355162,673.04,2255, 845066, 62.36
SINTERCOM, SM, 17-Feb-2020,79.05,79.0,79.0,78.0, 78.00,78.0,78.5,4000,3.14,2, 4000, 100.00
SINTEX, BE, 17-Feb-2020,0.7,0.7,0.7,0.65, 0.70,0.65,0.68,1232719,8.4,579, -, -
SIRCA, BE, 17-Feb-2020,337.1,334.5,334.5,320.25, 320.25,320.25,327.17,13004,42.55,318, -, -
SIS, EQ, 17-Feb-2020,573.85,575.0,579.9,565.0, 576.95,574.9,573.82,23992,137.67,3237, 15490, 64.56
SITASHREE, BZ, 17-Feb-2020,0.4,0.35,0.35,0.35, 0.35,0.35,0.35,500,0.0,1, -, -
SITINET, BE, 17-Feb-2020,1.25,1.2,1.25,1.2, 1.20,1.2,1.21,24164,0.29,41, -, -
SIYSIL, EQ, 17-Feb-2020,224.2,228.9,228.9,222.0, 222.00,224.5,225.15,39799,89.61,612, 37248, 93.59
SJVN, EQ, 17-Feb-2020,25.05,25.2,25.6,24.7, 25.00,25.0,24.98,3396468,848.31,13838, 1994939, 58.74
SKFINDIA, EQ, 17-Feb-2020,1989.1,1980.0,2019.65,1923.9, 1950.00,1956.55,1994.43,50345,1004.09,1631, 44895, 89.17
SKIL, BE, 17-Feb-2020,4.3,4.15,4.45,4.15, 4.35,4.25,4.15,10572,0.44,11, -, -
SKIPPER, EQ, 17-Feb-2020,37.55,37.1,40.0,36.95, 37.00,37.1,37.59,40888,15.37,386, 27946, 68.35
SKMEGGPROD, EQ, 17-Feb-2020,31.3,31.6,32.2,30.25, 30.75,31.05,31.0,10577,3.28,249, 7464, 70.57
SKSTEXTILE, SM, 17-Feb-2020,45.0,46.95,46.95,46.95, 46.95,46.95,46.95,4000,1.88,1, 4000, 100.00
SMARTLINK, EQ, 17-Feb-2020,80.3,80.5,82.0,80.05, 81.50,81.65,80.86,3945,3.19,82, 1383, 35.06
SMLISUZU, EQ, 17-Feb-2020,588.0,588.0,602.5,572.1, 582.30,584.05,590.15,153290,904.64,7447, 26684, 17.41
SMPL, BZ, 17-Feb-2020,0.15,0.15,0.15,0.1, 0.15,0.15,0.12,12012,0.01,13, -, -
SMSLIFE, EQ, 17-Feb-2020,285.55,270.0,270.0,251.5, 252.10,252.1,258.84,19045,49.3,882, 12689, 66.63
SMSPHARMA, EQ, 17-Feb-2020,40.05,40.75,43.7,39.0, 40.60,40.15,40.84,30895,12.62,435, 16956, 54.88
SMVD, SM, 17-Feb-2020,8.25,8.45,8.45,8.45, 8.45,8.45,8.45,6000,0.51,1, 6000, 100.00
SNOWMAN, EQ, 17-Feb-2020,43.4,43.25,43.6,43.2, 43.45,43.45,43.46,988887,429.75,1671, 779555, 78.83
SOBHA, EQ, 17-Feb-2020,381.45,383.0,385.0,373.1, 378.05,378.4,378.1,63906,241.63,2348, 31056, 48.60
SOLARA, EQ, 17-Feb-2020,618.0,624.0,668.0,623.95, 639.00,640.35,649.77,177836,1155.52,8957, 62528, 35.16
SOLARINDS, EQ, 17-Feb-2020,1179.75,1171.0,1178.8,1160.0, 1165.00,1165.0,1165.12,104873,1221.9,699, 102923, 98.14
SOMANYCERA, EQ, 17-Feb-2020,210.0,209.9,212.75,208.6, 209.05,209.95,209.94,49879,104.71,458, 44685, 89.59
SOMATEX, EQ, 17-Feb-2020,2.3,2.2,2.25,2.2, 2.20,2.2,2.23,3005,0.07,13, 3005, 100.00
SOMICONVEY, EQ, 17-Feb-2020,13.9,14.5,14.5,13.2, 13.20,13.25,13.74,1847,0.25,30, 1752, 94.86
SONATSOFTW, EQ, 17-Feb-2020,335.95,336.0,343.65,333.65, 337.15,338.25,340.27,104782,356.54,2400, 46675, 44.54
SORILINFRA, EQ, 17-Feb-2020,108.35,112.9,112.9,102.95, 102.95,103.0,106.49,42082,44.81,1035, 22321, 53.04
SOTL, EQ, 17-Feb-2020,847.65,837.7,848.95,816.55, 824.80,831.55,828.6,524,4.34,155, 258, 49.24
SOUTHBANK, EQ, 17-Feb-2020,9.95,10.0,10.05,9.75, 9.85,9.85,9.9,5207241,515.32,5366, 2207468, 42.39
SOUTHWEST, EQ, 17-Feb-2020,17.75,17.75,17.75,17.0, 17.55,17.15,17.0,18295,3.11,19, 18282, 99.93
SPAL, EQ, 17-Feb-2020,187.9,166.0,183.95,162.2, 178.50,178.55,174.94,53453,93.51,1517, 30166, 56.43
SPANDANA, EQ, 17-Feb-2020,1004.25,1014.6,1014.6,999.0, 1005.00,1001.7,1001.83,21364,214.03,2135, 17309, 81.02
SPARC, EQ, 17-Feb-2020,165.85,165.2,168.8,161.1, 166.15,166.75,165.4,616971,1020.44,9725, 140389, 22.75
SPECIALITY, EQ, 17-Feb-2020,55.6,55.95,56.7,55.4, 56.00,55.85,56.0,70017,39.21,664, 38769, 55.37
SPENCERS, EQ, 17-Feb-2020,81.55,81.9,83.35,78.8, 79.05,79.4,80.72,571023,460.94,8369, 251240, 44.00
SPENTEX, BE, 17-Feb-2020,0.3,0.25,0.3,0.25, 0.30,0.3,0.25,19110,0.05,14, -, -
SPIC, EQ, 17-Feb-2020,18.6,18.5,18.55,17.6, 17.70,17.9,18.13,78347,14.2,207, 59360, 75.77
SPICEJET, EQ, 17-Feb-2020,89.15,89.3,89.3,85.1, 87.05,86.45,87.01,2644118,2300.68,17180, 1407765, 53.24
SPLIL, EQ, 17-Feb-2020,29.8,29.15,30.8,29.15, 29.95,29.75,30.05,28536,8.57,238, 19200, 67.28
SPMLINFRA, EQ, 17-Feb-2020,9.7,9.9,9.95,8.75, 8.75,8.75,9.1,80920,7.36,224, 53267, 65.83
SPTL, BE, 17-Feb-2020,0.85,0.85,0.85,0.8, 0.80,0.85,0.81,1748084,14.22,509, -, -
SPYL, BE, 17-Feb-2020,0.25,0.3,0.3,0.2, 0.30,0.3,0.26,38902,0.1,24, -, -
SREEL, EQ, 17-Feb-2020,175.3,173.0,173.65,156.15, 159.00,159.75,160.2,51814,83.01,918, 40224, 77.63
SREIBNPNCD, NJ, 17-Feb-2020,800.0,830.0,830.0,830.0, 830.00,830.0,830.0,23,0.19,1, 23, 100.00
SREINFRA, EQ, 17-Feb-2020,8.8,8.5,8.75,8.4, 8.45,8.5,8.54,357636,30.54,718, 264996, 74.10
SREINFRA, Y2, 17-Feb-2020,1150.0,1106.0,1106.0,1106.0, 1106.00,1106.0,1106.0,10,0.11,1, 10, 100.00
SREINFRA, Y8, 17-Feb-2020,888.0,866.0,866.0,841.0, 841.00,841.0,848.37,150,1.27,4, 150, 100.00
SREINFRA, Y9, 17-Feb-2020,860.0,850.01,920.0,850.0, 851.00,851.0,877.72,353,3.1,20, 282, 79.89
SREINFRA, YG, 17-Feb-2020,911.0,921.0,921.0,921.0, 921.00,921.0,921.0,50,0.46,1, 50, 100.00
SREINFRA, YM, 17-Feb-2020,800.0,750.0,750.0,750.0, 750.00,750.0,750.0,2,0.02,1, 2, 100.00
SRF, EQ, 17-Feb-2020,4192.95,4201.0,4217.0,4141.0, 4157.20,4152.15,4177.96,169852,7096.35,12837, 29596, 17.42
SRHHYPOLTD, EQ, 17-Feb-2020,124.55,128.0,128.0,118.95, 121.40,120.65,122.56,9313,11.41,283, 5851, 62.83
SRIPIPES, EQ, 17-Feb-2020,224.0,230.55,234.0,224.05, 225.00,225.65,228.68,405762,927.89,9002, 159632, 39.34
SRTRANSFIN, EQ, 17-Feb-2020,1286.4,1289.0,1300.0,1270.55, 1282.30,1279.2,1283.12,1034112,13268.85,36440, 203413, 19.67
SRTRANSFIN, Y3, 17-Feb-2020,1111.1,1105.0,1105.0,1105.0, 1105.00,1105.0,1105.0,15,0.17,1, 15, 100.00
SRTRANSFIN, Y9, 17-Feb-2020,1067.0,1074.0,1074.0,1070.0, 1074.00,1073.99,1073.68,239,2.57,8, 230, 96.23
SRTRANSFIN, YH, 17-Feb-2020,995.0,1001.8,1001.8,972.95, 1001.00,1001.0,1000.87,63,0.63,4, 37, 58.73
SRTRANSFIN, YJ, 17-Feb-2020,1034.0,1034.0,1034.0,1034.0, 1034.00,1034.0,1034.0,50,0.52,1, 50, 100.00
SRTRANSFIN, YL, 17-Feb-2020,1049.9,1048.5,1053.15,1040.0, 1040.00,1040.0,1048.33,37,0.39,4, 25, 67.57
SRTRANSFIN, YM, 17-Feb-2020,1140.0,1141.25,1145.0,1141.25, 1145.00,1145.0,1143.61,76,0.87,5, 76, 100.00
SRTRANSFIN, YN, 17-Feb-2020,1110.21,1144.75,1144.75,1144.75, 1144.75,1144.75,1144.75,25,0.29,1, 25, 100.00
SRTRANSFIN, YO, 17-Feb-2020,1002.0,1000.0,1000.0,999.95, 999.95,999.95,999.98,50,0.5,2, 50, 100.00
SRTRANSFIN, YP, 17-Feb-2020,1001.9,999.95,999.95,999.95, 999.95,999.95,999.95,25,0.25,3, 25, 100.00
SRTRANSFIN, YQ, 17-Feb-2020,1023.05,1026.4,1026.4,1008.6, 1020.00,1020.0,1017.73,80,0.81,5, 55, 68.75
SRTRANSFIN, YR, 17-Feb-2020,1023.3,1026.7,1026.7,1026.7, 1026.70,1026.7,1026.7,25,0.26,3, 25, 100.00
SRTRANSFIN, YS, 17-Feb-2020,1023.8,1023.8,1023.8,1023.0, 1023.00,1023.0,1023.27,75,0.77,2, 75, 100.00
SRTRANSFIN, YT, 17-Feb-2020,1116.15,1117.55,1117.55,1117.55, ,1117.55,1117.55,25,0.28,1, 25, 100.00
SRTRANSFIN, YU, 17-Feb-2020,1115.0,1118.85,1118.85,1118.85, 1118.85,1118.85,1118.85,25,0.28,1, 25, 100.00
SRTRANSFIN, YV, 17-Feb-2020,1002.0,999.95,999.95,999.95, 999.95,999.95,999.95,25,0.25,1, 25, 100.00
SRTRANSFIN, YW, 17-Feb-2020,1004.0,999.95,999.95,999.95, 999.95,999.95,999.95,25,0.25,1, 25, 100.00
SRTRANSFIN, YX, 17-Feb-2020,1000.0,1000.0,1000.0,998.0, 1000.00,1000.0,999.68,270,2.7,10, 270, 100.00
SRTRANSFIN, YY, 17-Feb-2020,1007.95,1003.75,1003.75,995.28, 995.28,995.28,999.35,52,0.52,3, 52, 100.00
SRTRANSFIN, YZ, 17-Feb-2020,980.21,1010.0,1010.0,1003.85, 1003.85,1003.85,1005.61,35,0.35,2, 35, 100.00
SRTRANSFIN, Z1, 17-Feb-2020,1086.0,1089.0,1089.0,1068.21, 1087.00,1087.0,1084.06,450,4.88,14, 350, 77.78
SRTRANSFIN, Z2, 17-Feb-2020,1085.0,1090.0,1090.0,1090.0, 1090.00,1090.0,1090.0,50,0.55,2, 50, 100.00
SRTRANSFIN, Z5, 17-Feb-2020,1001.9,999.95,999.95,960.6, 999.00,999.0,997.17,29,0.29,4, 27, 93.10
SRTRANSFIN, Z6, 17-Feb-2020,1039.0,1043.35,1043.35,1008.0, 1008.00,1033.25,1033.25,35,0.36,4, 35, 100.00
SRTRANSFIN, Z7, 17-Feb-2020,1040.8,1044.35,1044.35,1044.35, 1044.35,1044.35,1044.35,25,0.26,2, 25, 100.00
SRTRANSFIN, Z8, 17-Feb-2020,1041.0,1044.85,1044.85,1044.0, 1044.00,1044.0,1044.43,50,0.52,2, 50, 100.00
SRTRANSFIN, Z9, 17-Feb-2020,1041.7,1045.35,1045.35,1045.35, 1045.35,1045.35,1045.35,1,0.01,1, 1, 100.00
SRTRANSFIN, ZA, 17-Feb-2020,1020.0,1044.35,1044.35,1040.0, 1040.00,1040.0,1040.54,200,2.08,2, 200, 100.00
SSINFRA, SM, 17-Feb-2020,14.05,14.45,14.45,14.45, 14.45,14.45,14.45,3000,0.43,1, 3000, 100.00
SSWL, EQ, 17-Feb-2020,747.7,745.1,749.55,742.55, 748.90,748.25,747.27,4194,31.34,154, 3216, 76.68
STAMPEDE, BE, 17-Feb-2020,0.35,0.4,0.4,0.3, 0.40,0.4,0.36,90016,0.33,57, -, -
STAN, DR, 17-Feb-2020,52.5,51.4,55.9,51.4, 52.50,53.05,53.13,2299,1.22,45, 2012, 87.52
STAR, EQ, 17-Feb-2020,530.2,532.0,537.95,501.0, 503.00,506.05,512.65,544328,2790.52,16553, 100472, 18.46
STARCEMENT, EQ, 17-Feb-2020,87.95,86.15,88.35,85.0, 86.50,86.45,86.4,34514,29.82,882, 25124, 72.79
STARPAPER, EQ, 17-Feb-2020,122.1,122.05,122.1,116.2, 116.80,116.75,118.48,101651,120.44,2455, 43590, 42.88
STCINDIA, EQ, 17-Feb-2020,52.05,52.05,54.25,49.1, 49.50,49.8,52.02,32551,16.93,712, 15566, 47.82
STEELCITY, EQ, 17-Feb-2020,29.15,29.0,29.75,28.5, 28.50,28.6,28.96,10478,3.03,46, 9983, 95.28
STEELXIND, BE, 17-Feb-2020,24.8,24.6,25.15,24.6, 25.00,25.15,24.95,18100,4.52,47, -, -
STEL, EQ, 17-Feb-2020,62.9,62.1,63.2,60.55, 61.90,61.45,61.47,4799,2.95,50, 4510, 93.98
STERTOOLS, EQ, 17-Feb-2020,211.15,210.45,213.0,195.0, 195.40,195.6,198.7,16673,33.13,870, 11644, 69.84
STINDIA, EQ, 17-Feb-2020,4.55,4.65,4.65,4.35, 4.35,4.35,4.39,741,0.03,4, 741, 100.00
STRTECH, EQ, 17-Feb-2020,117.05,117.5,117.75,111.75, 112.30,112.5,113.25,990014,1121.14,9567, 398533, 40.26
SUBEX, EQ, 17-Feb-2020,5.4,5.6,5.65,5.4, 5.65,5.6,5.59,3395666,189.76,628, 3167281, 93.27
SUBROS, EQ, 17-Feb-2020,250.35,247.05,249.9,238.0, 239.65,239.0,241.18,29282,70.62,1191, 17229, 58.84
SUDARSCHEM, EQ, 17-Feb-2020,467.65,469.15,478.0,461.5, 462.25,463.9,468.98,126508,593.29,5430, 60358, 47.71
SUJANAUNI, BE, 17-Feb-2020,0.15,0.15,0.15,0.1, 0.10,0.1,0.13,201274,0.27,53, -, -
SUMEETINDS, BE, 17-Feb-2020,1.55,1.5,1.6,1.5, 1.60,1.55,1.55,25596,0.4,36, -, -
SUMICHEM, EQ, 17-Feb-2020,257.05,261.1,263.75,252.0, 253.50,254.55,257.16,304146,782.16,6649, 120540, 39.63
SUMIT, BE, 17-Feb-2020,17.0,16.3,16.3,16.25, 16.25,16.25,16.28,25,0.0,2, -, -
SUMMITSEC, EQ, 17-Feb-2020,439.6,433.0,435.0,424.0, 425.55,425.55,427.85,379,1.62,223, 114, 30.08
SUNCLAYLTD, EQ, 17-Feb-2020,2077.85,2030.05,2070.05,2002.15, 2010.00,2016.5,2021.65,609,12.31,157, 299, 49.10
SUNDARAM, EQ, 17-Feb-2020,1.65,1.6,1.65,1.6, 1.60,1.6,1.6,113165,1.81,77, 72105, 63.72
SUNDARMFIN, EQ, 17-Feb-2020,1639.8,1641.0,1656.75,1635.1, 1642.00,1640.95,1643.08,22953,377.14,1254, 14993, 65.32
SUNDARMHLD, EQ, 17-Feb-2020,65.25,66.75,67.0,64.0, 64.75,64.45,64.57,11942,7.71,155, 9959, 83.39
SUNDRMBRAK, EQ, 17-Feb-2020,301.35,308.85,308.85,292.0, 297.45,294.85,296.29,1621,4.8,186, 1265, 78.04
SUNDRMFAST, EQ, 17-Feb-2020,469.45,469.45,472.9,454.15, 457.65,459.0,462.15,25931,119.84,2219, 13893, 53.58
SUNFLAG, EQ, 17-Feb-2020,37.9,38.0,38.25,36.5, 36.50,36.65,37.11,121519,45.09,1017, 76964, 63.33
SUNPHARMA, EQ, 17-Feb-2020,418.55,416.2,418.5,407.3, 407.65,408.4,412.46,2625157,10827.71,41610, 798134, 30.40
SUNTECK, EQ, 17-Feb-2020,392.55,391.65,396.7,385.3, 388.50,389.0,389.05,162677,632.89,3658, 27587, 16.96
SUNTV, EQ, 17-Feb-2020,497.0,501.0,504.0,455.0, 475.70,473.6,473.04,7616530,36029.5,92126, 554442, 7.28
SUPERHOUSE, EQ, 17-Feb-2020,86.25,93.0,95.0,91.0, 92.00,92.4,92.86,27571,25.6,612, 17270, 62.64
SUPERSPIN, BE, 17-Feb-2020,3.1,3.15,3.25,3.05, 3.20,3.2,3.12,6350,0.2,20, -, -
SUPPETRO, EQ, 17-Feb-2020,174.15,173.2,177.0,171.6, 171.60,172.55,173.63,5849,10.16,174, 3509, 59.99
SUPRAJIT, EQ, 17-Feb-2020,200.35,202.0,203.9,189.0, 189.70,190.85,198.85,110950,220.63,4315, 83034, 74.84
SUPREMEENG, SM, 17-Feb-2020,26.2,27.2,27.2,26.6, 26.70,26.7,26.79,16000,4.29,4, 4000, 25.00
SUPREMEIND, EQ, 17-Feb-2020,1405.35,1409.7,1413.0,1390.3, 1391.00,1401.25,1406.65,27585,388.02,4828, 13377, 48.49
SUPREMEINF, BE, 17-Feb-2020,21.7,21.0,21.0,20.65, 20.65,20.65,20.67,3691,0.76,21, -, -
SURANASOL, BE, 17-Feb-2020,7.65,7.65,8.0,7.3, 7.80,7.6,7.7,11696,0.9,66, -, -
SURANAT&P, EQ, 17-Feb-2020,3.95,3.9,4.0,3.8, 3.80,3.8,3.89,12608,0.49,267, 12588, 99.84
SUREVIN, SM, 17-Feb-2020,74.55,78.25,78.25,78.25, 78.25,78.25,78.25,1000,0.78,1, 1000, 100.00
SURYALAXMI, EQ, 17-Feb-2020,18.35,18.1,18.75,17.35, 18.10,18.15,18.21,2779,0.51,67, 2368, 85.21
SURYAROSNI, EQ, 17-Feb-2020,172.35,173.45,175.9,163.8, 164.20,165.0,167.1,47305,79.04,1228, 25685, 54.30
SUTLEJTEX, EQ, 17-Feb-2020,31.55,31.0,32.85,31.0, 32.40,32.1,31.62,4911,1.55,103, 4027, 82.00
SUVEN, EQ, 17-Feb-2020,44.25,45.9,46.45,45.1, 46.45,46.45,46.28,960904,444.69,2116, 577699, 60.12
SUZLON, EQ, 17-Feb-2020,2.3,2.4,2.4,2.25, 2.30,2.3,2.32,7360424,170.57,7910, 3218516, 43.73
SWANENERGY, EQ, 17-Feb-2020,130.6,130.65,130.65,123.95, 126.00,127.1,127.64,22946,29.29,488, 9374, 40.85
SWARAJENG, EQ, 17-Feb-2020,1181.2,1181.2,1181.2,1120.0, 1120.00,1129.5,1150.32,3420,39.34,532, 2610, 76.32
SWELECTES, EQ, 17-Feb-2020,130.45,133.5,133.5,125.0, 125.05,125.9,128.16,5654,7.25,282, 3331, 58.91
SWSOLAR, EQ, 17-Feb-2020,274.75,274.0,277.15,254.2, 255.90,255.5,260.11,147195,382.87,5962, 101372, 68.87
SYMPHONY, EQ, 17-Feb-2020,1357.6,1357.0,1398.5,1344.95, 1349.00,1356.6,1375.47,112097,1541.86,11886, 50652, 45.19
SYNDIBANK, EQ, 17-Feb-2020,23.35,23.35,23.7,22.0, 22.50,22.5,22.7,825880,187.45,2327, 363252, 43.98
SYNGENE, EQ, 17-Feb-2020,306.4,306.4,311.75,303.5, 306.00,306.65,306.88,63787,195.75,2251, 35961, 56.38
TAINWALCHM, EQ, 17-Feb-2020,55.5,56.9,56.9,54.1, 54.95,54.65,55.12,2277,1.26,215, 1624, 71.32
TAJGVK, EQ, 17-Feb-2020,181.05,183.35,183.85,175.55, 176.65,176.25,178.48,23136,41.29,1349, 12695, 54.87
TAKE, EQ, 17-Feb-2020,105.55,107.0,107.0,99.05, 101.75,100.1,102.21,282965,289.22,4718, 152474, 53.88
TALBROAUTO, EQ, 17-Feb-2020,122.0,121.0,123.0,118.7, 122.00,120.35,120.32,7542,9.07,270, 5209, 69.07
TALWALKARS, EQ, 17-Feb-2020,2.15,2.15,2.25,2.05, 2.05,2.05,2.1,47391,0.99,100, 41445, 87.45
TALWGYM, EQ, 17-Feb-2020,1.5,1.45,1.45,1.45, 1.45,1.45,1.45,33250,0.48,26, 33250, 100.00
TANLA, EQ, 17-Feb-2020,80.9,80.6,81.1,76.0, 76.60,76.9,78.01,327755,255.67,2061, 165212, 50.41
TANTIACONS, BE, 17-Feb-2020,2.0,2.1,2.1,2.1, 2.10,2.1,2.1,1,0.0,1, -, -
TARACHAND, SM, 17-Feb-2020,37.95,34.6,39.0,34.6, 39.00,39.0,37.39,8000,2.99,4, 6000, 75.00
TARAPUR, BE, 17-Feb-2020,3.6,3.6,3.6,3.55, 3.55,3.55,3.57,26,0.0,3, -, -
TARMAT, EQ, 17-Feb-2020,29.5,30.5,30.7,28.7, 29.00,29.0,29.5,1637,0.48,61, 1472, 89.92
TASTYBITE, EQ, 17-Feb-2020,11485.85,11485.85,11799.95,11270.0, 11270.00,11383.95,11548.86,1254,144.82,601, 770, 61.40
TATACAPHSG, N2, 17-Feb-2020,1004.0,1002.0,1002.0,1002.0, 1002.00,1002.0,1002.0,125,1.25,2, 125, 100.00
TATACAPHSG, N4, 17-Feb-2020,1010.0,1012.0,1015.0,1012.0, 1014.00,1014.0,1012.31,201,2.03,12, 201, 100.00
TATACAPHSG, N8, 17-Feb-2020,1009.3,1002.0,1003.0,1002.0, 1002.25,1002.25,1002.13,317,3.18,3, 317, 100.00
TATACAPHSG, NA, 17-Feb-2020,1014.5,1005.0,1012.0,1005.0, 1012.00,1012.0,1005.34,1050,10.56,10, 1000, 95.24
TATACAPHSG, NB, 17-Feb-2020,1005.0,1005.5,1010.0,1005.2, 1005.25,1005.25,1006.33,260,2.62,5, 260, 100.00
TATACHEM, EQ, 17-Feb-2020,766.65,769.0,773.0,749.5, 754.70,752.7,760.55,621265,4725.02,17848, 180608, 29.07
TATACOFFEE, EQ, 17-Feb-2020,94.1,94.25,94.9,91.4, 91.80,91.75,93.04,258258,240.27,2835, 120711, 46.74
TATACOMM, EQ, 17-Feb-2020,390.4,388.1,394.25,383.0, 385.20,385.7,388.98,56024,217.92,7220, 19409, 34.64
TATAELXSI, EQ, 17-Feb-2020,1035.0,1041.0,1043.35,975.95, 985.50,987.55,999.27,866201,8655.7,35551, 308193, 35.58
TATAGLOBAL, EQ, 17-Feb-2020,396.9,397.7,401.9,375.85, 381.60,381.05,390.91,9537335,37281.99,92823, 2413259, 25.30
TATAINVEST, EQ, 17-Feb-2020,964.35,968.95,969.0,922.35, 924.95,929.9,940.33,49291,463.5,3346, 27513, 55.82
TATAMETALI, EQ, 17-Feb-2020,594.6,588.0,598.95,580.0, 585.05,587.2,585.77,18114,106.11,1564, 8517, 47.02
TATAMOTORS, EQ, 17-Feb-2020,169.1,170.4,171.35,166.35, 170.00,169.1,168.83,32893274,55534.81,142023, 1753432, 5.33
TATAMTRDVR, EQ, 17-Feb-2020,70.1,70.25,70.8,68.0, 69.20,68.85,69.23,2851462,1974.0,10082, 1314630, 46.10
TATAPOWER, EQ, 17-Feb-2020,53.8,53.9,53.95,51.5, 52.00,51.75,52.36,5167878,2705.76,13777, 1830466, 35.42
TATASTEEL, E1, 17-Feb-2020,53.85,53.9,55.2,53.5, 53.50,53.75,54.24,91476,49.61,584, 57924, 63.32
TATASTEEL, EQ, 17-Feb-2020,434.55,435.5,440.9,433.0, 437.95,436.85,437.28,9724765,42524.83,90008, 1308987, 13.46
TATASTLBSL, EQ, 17-Feb-2020,27.35,27.5,27.95,27.3, 27.60,27.5,27.59,915260,252.54,1274, 398379, 43.53
TATASTLLP, EQ, 17-Feb-2020,375.75,372.0,380.65,366.0, 366.00,367.3,372.1,17720,65.94,1008, 10974, 61.93
TBZ, EQ, 17-Feb-2020,39.15,39.55,39.55,37.35, 37.45,37.45,37.99,53795,20.44,653, 32177, 59.81
TCFSL, NB, 17-Feb-2020,1038.03,1037.5,1039.0,1037.1, 1037.10,1037.1,1038.04,778,8.08,19, 695, 89.33
TCFSL, ND, 17-Feb-2020,1050.28,1054.5,1054.5,1045.0, 1045.50,1045.68,1049.05,2985,31.31,41, 2020, 67.67
TCFSL, NF, 17-Feb-2020,1062.14,1061.6,1061.6,1061.5, 1061.50,1061.5,1061.55,20,0.21,2, 20, 100.00
TCFSL, NH, 17-Feb-2020,1035.0,1039.0,1039.0,1039.0, 1039.00,1039.0,1039.0,175,1.82,2, 175, 100.00
TCFSL, NJ, 17-Feb-2020,1047.28,1040.0,1042.5,1036.55, 1042.00,1042.0,1040.64,110,1.14,6, 100, 90.91
TCI, EQ, 17-Feb-2020,259.65,257.0,261.95,255.85, 260.25,260.1,259.93,14444,37.54,482, 10981, 76.02
TCIDEVELOP, EQ, 17-Feb-2020,363.65,360.0,361.0,350.0, 350.00,357.5,355.24,54,0.19,12, 25, 46.30
TCIEXP, EQ, 17-Feb-2020,912.9,902.1,949.0,890.7, 897.50,900.55,919.97,18865,173.55,4716, 8340, 44.21
TCIFINANCE, EQ, 17-Feb-2020,6.95,6.4,6.95,6.4, 6.50,6.45,6.52,15369,1.0,58, 13510, 87.90
TCNSBRANDS, EQ, 17-Feb-2020,587.05,572.7,582.35,570.0, 575.05,570.7,575.11,1104,6.35,244, 828, 75.00
TCPLPACK, EQ, 17-Feb-2020,291.45,282.35,291.95,282.35, 286.00,285.4,286.43,1208,3.46,189, 373, 30.88
TCS, EQ, 17-Feb-2020,2184.2,2196.95,2217.0,2190.2, 2202.05,2203.25,2204.55,1774724,39124.63,81968, 868712, 48.95
TDPOWERSYS, EQ, 17-Feb-2020,172.8,170.05,173.05,167.0, 167.00,168.1,168.5,33058,55.7,507, 25754, 77.91
TEAMLEASE, EQ, 17-Feb-2020,2365.7,2352.75,2378.0,2283.2, 2367.00,2359.65,2331.98,14495,338.02,4778, 9830, 67.82
TECHM, EQ, 17-Feb-2020,834.15,835.95,837.0,827.45, 834.20,833.25,832.46,793328,6604.17,23477, 275998, 34.79
TECHNOE, EQ, 17-Feb-2020,297.1,298.8,298.8,285.65, 293.00,293.1,292.75,1604,4.7,128, 1099, 68.52
TECHNOFAB, BE, 17-Feb-2020,15.25,14.5,14.5,14.5, 14.50,14.5,14.5,1698,0.25,11, -, -
TEJASNET, EQ, 17-Feb-2020,71.65,71.2,71.5,68.0, 68.75,68.5,69.36,97374,67.53,2759, 74831, 76.85
TERASOFT, EQ, 17-Feb-2020,26.1,27.5,27.5,25.3, 25.30,25.55,25.72,15277,3.93,246, 10514, 68.82
TEXINFRA, EQ, 17-Feb-2020,45.25,46.3,46.3,44.3, 44.30,44.8,44.8,2726,1.22,131, 2152, 78.94
TEXMOPIPES, EQ, 17-Feb-2020,14.35,14.9,15.1,14.45, 14.70,14.55,14.76,39296,5.8,246, 30086, 76.56
TEXRAIL, EQ, 17-Feb-2020,33.65,34.5,34.5,32.1, 32.40,32.4,32.92,110888,36.5,971, 55744, 50.27
TFCILTD, EQ, 17-Feb-2020,72.1,72.7,74.35,70.5, 72.60,73.1,72.7,180570,131.27,2119, 83588, 46.29
TFL, BE, 17-Feb-2020,4.0,3.95,4.2,3.95, 4.20,4.2,4.06,110,0.0,2, -, -
TGBHOTELS, EQ, 17-Feb-2020,3.3,3.15,3.45,3.15, 3.45,3.35,3.2,12279,0.39,169, 10868, 88.51
THANGAMAYL, EQ, 17-Feb-2020,428.3,424.0,450.0,424.0, 448.00,445.9,445.91,12754,56.87,504, 11708, 91.80
THEINVEST, EQ, 17-Feb-2020,117.5,119.85,120.0,115.1, 115.10,115.2,117.73,10779,12.69,165, 7721, 71.63
THEJO, SM, 17-Feb-2020,578.8,607.7,607.7,590.0, 607.70,607.7,602.64,1400,8.44,7, 1400, 100.00
THEMISMED, BE, 17-Feb-2020,432.6,416.0,432.0,411.0, 420.00,420.0,420.82,912,3.84,39, -, -
THERMAX, EQ, 17-Feb-2020,989.95,996.0,996.0,980.65, 990.00,989.75,987.48,60537,597.79,7414, 51737, 85.46
THOMASCOOK, EQ, 17-Feb-2020,42.9,43.0,43.8,40.5, 43.10,42.8,41.94,662218,277.71,2781, 561700, 84.82
THYROCARE, EQ, 17-Feb-2020,608.0,612.8,635.15,610.5, 616.50,619.7,625.15,168948,1056.17,8406, 76187, 45.09
TI, BE, 17-Feb-2020,18.9,18.9,19.2,18.4, 18.75,18.75,18.79,31652,5.95,64, -, -
TIDEWATER, EQ, 17-Feb-2020,4876.4,5120.0,5200.05,4925.0, 4938.00,4946.7,5013.56,3540,177.48,1241, 1784, 50.40
TIIL, EQ, 17-Feb-2020,316.4,311.75,328.0,305.0, 324.40,315.35,313.94,5250,16.48,465, 3374, 64.27
TIINDIA, EQ, 17-Feb-2020,503.1,507.0,507.0,492.35, 500.90,499.15,495.17,267641,1325.27,4846, 257680, 96.28
TIJARIA, EQ, 17-Feb-2020,5.15,5.0,5.15,4.9, 4.90,4.9,4.92,10924,0.54,31, 9409, 86.13
TIL, EQ, 17-Feb-2020,183.15,181.0,188.55,181.0, 182.20,183.25,185.11,2986,5.53,305, 1813, 60.72
TIMESGTY, EQ, 17-Feb-2020,29.7,28.65,28.65,28.65, 28.65,28.65,28.65,418,0.12,1, 418, 100.00
TIMETECHNO, EQ, 17-Feb-2020,52.5,52.6,53.15,51.5, 52.00,51.75,52.21,108329,56.56,1335, 63044, 58.20
TIMKEN, EQ, 17-Feb-2020,1041.2,1060.0,1070.0,1043.0, 1049.20,1054.55,1057.04,76058,803.96,4474, 28603, 37.61
TINPLATE, EQ, 17-Feb-2020,139.35,138.5,140.65,135.65, 137.05,137.4,138.13,226182,312.42,4558, 40768, 18.02
TIPSINDLTD, BE, 17-Feb-2020,124.95,124.0,127.8,124.0, 125.00,125.0,126.21,3958,5.0,59, -, -
TIRUMALCHM, EQ, 17-Feb-2020,64.05,64.0,64.0,61.7, 61.80,61.95,62.68,213339,133.72,1866, 103716, 48.62
TITAN, EQ, 17-Feb-2020,1293.45,1293.05,1321.6,1288.35, 1315.80,1316.05,1314.28,2347399,30851.43,70254, 682492, 29.07
TMRVL, EQ, 17-Feb-2020,8.0,8.4,8.4,8.05, 8.40,8.4,8.34,24593,2.05,95, 18181, 73.93
TNPETRO, EQ, 17-Feb-2020,35.9,36.7,36.7,35.15, 35.25,35.45,35.64,41346,14.74,527, 27824, 67.30
TNPL, EQ, 17-Feb-2020,174.95,174.5,175.55,169.0, 169.95,169.45,172.1,28366,48.82,1502, 22792, 80.35
TNTELE, BE, 17-Feb-2020,1.45,1.45,1.45,1.45, 1.45,1.45,1.45,2500,0.04,2, -, -
TOKYOPLAST, EQ, 17-Feb-2020,62.8,65.2,65.2,57.1, 62.10,62.15,62.07,2351,1.46,46, 2245, 95.49
TORNTPHARM, EQ, 17-Feb-2020,2112.5,2115.0,2155.0,2102.25, 2150.00,2143.35,2137.05,380411,8129.57,25114, 116152, 30.53
TORNTPOWER, EQ, 17-Feb-2020,321.5,323.5,330.35,319.35, 329.75,329.15,327.06,2533917,8287.33,19396, 997119, 39.35
TOUCHWOOD, EQ, 17-Feb-2020,75.4,75.5,77.95,72.0, 77.50,72.2,75.49,10190,7.69,249, 1929, 18.93
TPLPLASTEH, EQ, 17-Feb-2020,125.65,131.5,131.5,124.2, 127.50,126.75,126.45,4034,5.1,186, 3440, 85.28
TRANSWIND, SM, 17-Feb-2020,3.75,3.6,3.6,3.6, 3.60,3.6,3.6,4000,0.14,1, 4000, 100.00
TREEHOUSE, EQ, 17-Feb-2020,5.35,5.55,5.55,5.0, 5.40,5.3,5.19,15719,0.82,99, 7043, 44.81
TREJHARA, EQ, 17-Feb-2020,9.5,9.5,9.5,8.25, 8.45,8.5,8.4,39952,3.36,372, 35473, 88.79
TRENT, EQ, 17-Feb-2020,758.3,753.0,782.75,736.05, 754.80,749.8,760.36,848055,6448.23,32974, 245612, 28.96
TRF, EQ, 17-Feb-2020,115.55,110.9,114.9,110.9, 112.10,111.5,111.94,38935,43.58,915, 19949, 51.24
TRIDENT, EQ, 17-Feb-2020,5.65,5.7,5.75,5.65, 5.70,5.65,5.69,2594993,147.6,3716, 1245573, 48.00
TRIGYN, EQ, 17-Feb-2020,49.25,49.25,49.9,46.35, 46.80,46.9,48.07,40847,19.64,521, 24373, 59.67
TRIL, EQ, 17-Feb-2020,9.2,10.4,10.65,8.5, 9.55,9.5,9.62,734401,70.68,2108, 431385, 58.74
TRITURBINE, EQ, 17-Feb-2020,94.15,94.85,95.65,91.2, 92.75,92.6,92.65,28024,25.96,459, 13937, 49.73
TRIVENI, EQ, 17-Feb-2020,80.05,81.5,82.4,80.05, 80.40,80.75,81.02,715449,579.69,5891, 211123, 29.51
TTKHLTCARE, EQ, 17-Feb-2020,478.75,479.0,484.3,471.05, 476.00,475.0,476.58,2355,11.22,148, 2032, 86.28
TTKPRESTIG, EQ, 17-Feb-2020,5907.15,5939.9,5960.0,5844.0, 5940.00,5923.35,5888.28,4623,272.22,1130, 3654, 79.04
TTL, EQ, 17-Feb-2020,40.85,40.5,41.05,39.9, 41.00,41.0,40.91,3332,1.36,39, 3020, 90.64
TTML, EQ, 17-Feb-2020,3.3,3.45,3.6,3.2, 3.60,3.55,3.44,3563301,122.54,2087, 1885973, 52.93
TV18BRDCST, EQ, 17-Feb-2020,25.85,25.9,26.1,25.0, 25.00,25.05,25.42,1487851,378.16,2965, 718575, 48.30
TVSELECT, EQ, 17-Feb-2020,104.1,104.1,112.1,103.35, 105.55,105.15,108.97,170076,185.33,3941, 48231, 28.36
TVSMOTOR, EQ, 17-Feb-2020,439.2,436.0,440.5,428.15, 431.70,430.45,433.98,1104464,4793.1,22090, 307954, 27.88
TVSSRICHAK, EQ, 17-Feb-2020,1626.75,1626.75,1626.75,1600.0, 1610.00,1603.15,1611.73,3010,48.51,406, 2309, 76.71
TVTODAY, EQ, 17-Feb-2020,252.15,252.15,259.65,248.1, 250.25,251.6,252.76,32612,82.43,897, 23083, 70.78
TWL, EQ, 17-Feb-2020,49.5,49.5,49.65,46.6, 46.85,47.15,47.35,473608,224.27,3872, 196619, 41.52
UBL, EQ, 17-Feb-2020,1286.4,1290.0,1295.0,1267.65, 1276.00,1273.6,1281.37,162115,2077.3,5658, 33688, 20.78
UCALFUEL, EQ, 17-Feb-2020,121.85,121.0,121.85,117.5, 121.00,118.95,120.08,9193,11.04,405, 5240, 57.00
UCOBANK, EQ, 17-Feb-2020,14.1,14.2,14.2,13.8, 13.95,13.9,13.95,280673,39.16,1314, 160480, 57.18
UFLEX, EQ, 17-Feb-2020,229.95,231.5,232.45,225.5, 225.55,226.35,227.58,45163,102.78,2022, 22100, 48.93
UFO, EQ, 17-Feb-2020,126.15,127.0,132.0,120.5, 121.75,120.95,126.38,72361,91.45,1838, 38360, 53.01
UGARSUGAR, EQ, 17-Feb-2020,14.15,15.15,15.35,14.5, 14.50,14.65,14.96,385319,57.63,1591, 115939, 30.09
UJAAS, EQ, 17-Feb-2020,4.45,4.45,4.55,4.25, 4.25,4.25,4.27,197449,8.44,212, 97482, 49.37
UJJIVAN, EQ, 17-Feb-2020,385.55,386.0,395.9,381.85, 388.55,388.35,390.74,1635116,6389.08,19176, 375079, 22.94
UJJIVANSFB, EQ, 17-Feb-2020,54.5,54.0,54.45,53.2, 53.40,53.5,53.9,1305086,703.5,6461, 669665, 51.31
ULTRACEMCO, EQ, 17-Feb-2020,4434.35,4443.9,4465.0,4401.1, 4447.65,4449.85,4447.39,354909,15784.2,25384, 193852, 54.62
UMANGDAIRY, EQ, 17-Feb-2020,42.05,41.95,42.6,41.05, 42.00,42.05,42.09,2521,1.06,56, 2127, 84.37
UNICHEMLAB, EQ, 17-Feb-2020,140.95,139.6,143.35,138.65, 142.25,142.25,141.55,25440,36.01,651, 16916, 66.49
UNIENTER, EQ, 17-Feb-2020,71.7,71.7,74.0,69.0, 72.25,71.25,71.23,2294,1.63,67, 1845, 80.43
UNIINFO, SM, 17-Feb-2020,28.85,28.0,28.9,28.0, 28.80,28.8,28.31,14000,3.96,7, 2000, 14.29
UNIONBANK, EQ, 17-Feb-2020,47.75,47.75,47.75,46.55, 46.70,46.75,46.94,2161371,1014.53,6981, 454412, 21.02
UNIPLY, EQ, 17-Feb-2020,7.75,8.1,8.1,8.1, 8.10,8.1,8.1,76234,6.17,71, 76234, 100.00
UNITECH, BE, 17-Feb-2020,2.4,2.5,2.5,2.5, 2.50,2.5,2.5,742534,18.56,457, -, -
UNITEDBNK, EQ, 17-Feb-2020,8.0,8.0,8.1,7.75, 7.75,7.8,7.86,230928,18.15,696, 161392, 69.89
UNITEDTEA, EQ, 17-Feb-2020,265.0,256.6,277.95,256.55, 264.95,260.85,261.43,261,0.68,48, 121, 46.36
UNITY, BZ, 17-Feb-2020,0.35,0.3,0.35,0.3, 0.30,0.3,0.3,14472,0.04,16, -, -
UNIVCABLES, EQ, 17-Feb-2020,152.15,154.6,154.6,148.8, 149.50,149.75,150.68,7583,11.43,372, 3697, 48.75
UNIVPHOTO, BE, 17-Feb-2020,60.1,59.8,63.1,59.65, 60.00,60.0,61.99,4685,2.9,45, -, -
UPL, EQ, 17-Feb-2020,591.65,593.0,599.8,591.15, 595.20,595.0,595.31,2418399,14396.95,38912, 835341, 34.54
URJA, BE, 17-Feb-2020,1.5,1.55,1.55,1.45, 1.55,1.55,1.51,1115820,16.83,1173, -, -
USHAMART, EQ, 17-Feb-2020,24.75,24.8,25.25,24.1, 24.20,24.35,24.72,154952,38.3,552, 55003, 35.50
UTIFEFRGR4, MF, 17-Feb-2020,10.1,10.0,10.01,10.0, 10.00,10.0,10.0,6000,0.6,4, 6000, 100.00
UTIFEFRGR5, MF, 17-Feb-2020,9.65,9.65,9.7,9.65, 9.70,9.7,9.68,40000,3.87,3, 20000, 50.00
UTINEXT50, EQ, 17-Feb-2020,297.24,297.0,304.0,290.0, 294.00,294.0,297.94,399,1.19,48, 334, 83.71
UTINIFTETF, EQ, 17-Feb-2020,1288.02,1278.7,1286.85,1272.55, 1282.75,1282.22,1283.21,1265,16.23,45, 1255, 99.21
UTISENSETF, EQ, 17-Feb-2020,439.89,441.99,444.0,434.15, 435.02,435.68,437.63,4706,20.59,153, 3768, 80.07
UTISXN50, EQ, 17-Feb-2020,329.5,335.99,341.0,324.56, 325.00,325.0,329.23,11,0.04,9, 8, 72.73
UTTAMSTL, EQ, 17-Feb-2020,6.4,6.55,6.55,6.2, 6.30,6.3,6.26,54769,3.43,267, 30665, 55.99
UTTAMSUGAR, EQ, 17-Feb-2020,111.6,118.0,118.6,113.55, 114.50,115.6,115.98,233254,270.54,3098, 47889, 20.53
UVSL, EQ, 17-Feb-2020,0.1,0.1,0.1,0.05, 0.10,0.1,0.09,2560280,2.19,346, 1620234, 63.28
UWCSL, SM, 17-Feb-2020,22.25,23.3,23.3,23.3, 23.30,23.3,23.3,4000,0.93,1, 4000, 100.00
V2RETAIL, EQ, 17-Feb-2020,86.8,87.4,87.45,81.3, 82.50,81.85,83.24,90237,75.11,1479, 48564, 53.82
VADILALIND, EQ, 17-Feb-2020,833.55,837.1,848.05,831.25, 832.05,832.6,834.64,4420,36.89,285, 2369, 53.60
VAIBHAVGBL, EQ, 17-Feb-2020,1093.9,1090.0,1128.0,1090.0, 1125.00,1123.6,1115.69,14539,162.21,1582, 8146, 56.03
VAISHALI, EQ, 17-Feb-2020,50.0,54.0,54.0,50.0, 51.50,51.9,51.89,10576,5.49,35, 3198, 30.24
VAKRANGEE, EQ, 17-Feb-2020,46.15,46.45,46.5,45.8, 46.35,46.25,46.15,2745202,1266.93,4521, 1895252, 69.04
VARDHACRLC, EQ, 17-Feb-2020,34.3,33.5,35.0,33.5, 34.00,34.0,34.09,11157,3.8,26, 10933, 97.99
VARDMNPOLY, BE, 17-Feb-2020,2.0,1.95,1.95,1.95, 1.95,1.95,1.95,255,0.0,3, -, -
VARROC, EQ, 17-Feb-2020,423.1,423.0,423.0,407.0, 411.80,409.15,412.44,36967,152.47,2353, 18145, 49.08
VASA, SM, 17-Feb-2020,8.2,7.85,7.85,7.85, 7.85,7.85,7.85,4000,0.31,1, 4000, 100.00
VASCONEQ, EQ, 17-Feb-2020,15.75,16.0,16.2,15.0, 15.15,15.15,15.34,168487,25.85,879, 108799, 64.57
VASWANI, EQ, 17-Feb-2020,3.4,3.65,3.7,3.35, 3.55,3.45,3.6,36700,1.32,306, 15771, 42.97
VBL, EQ, 17-Feb-2020,819.45,824.9,824.9,800.0, 806.50,805.35,806.78,80096,646.2,4430, 43559, 54.38
VCL, SM, 17-Feb-2020,21.4,22.6,22.6,20.5, 20.50,20.5,21.55,12000,2.59,2, 6000, 50.00
VEDL, EQ, 17-Feb-2020,141.1,141.3,143.8,140.8, 142.30,142.1,142.45,8475514,12073.65,41891, 1942075, 22.91
VENKEYS, EQ, 17-Feb-2020,1453.4,1459.9,1466.2,1398.05, 1403.10,1406.3,1416.59,83784,1186.87,5473, 22996, 27.45
VENUSREM, EQ, 17-Feb-2020,26.45,25.0,26.75,24.25, 24.70,24.75,25.01,24460,6.12,530, 13358, 54.61
VERTOZ, SM, 17-Feb-2020,89.5,85.05,89.5,85.05, 89.50,89.5,86.53,7200,6.23,3, 2400, 33.33
VESUVIUS, EQ, 17-Feb-2020,1111.1,1129.0,1129.0,1103.5, 1105.00,1105.0,1108.31,887,9.83,97, 752, 84.78
VETO, EQ, 17-Feb-2020,51.65,51.85,54.7,50.1, 54.00,53.95,52.81,85876,45.35,880, 68064, 79.26
VGUARD, EQ, 17-Feb-2020,203.7,204.75,205.95,202.0, 202.65,203.35,204.39,221542,452.81,9118, 108891, 49.15
VHL, EQ, 17-Feb-2020,1290.15,1299.7,1330.0,1265.0, 1302.10,1308.0,1299.18,825,10.72,335, 511, 61.94
VICEROY, BE, 17-Feb-2020,1.25,1.25,1.3,1.2, 1.25,1.25,1.22,32094,0.39,55, -, -
VIDEOIND, BZ, 17-Feb-2020,2.25,2.35,2.35,2.15, 2.35,2.35,2.33,182096,4.23,206, -, -
VIDHIING, EQ, 17-Feb-2020,65.0,65.5,66.0,65.0, 65.00,65.0,65.12,20021,13.04,265, 15990, 79.87
VIJIFIN, EQ, 17-Feb-2020,0.4,0.35,0.4,0.35, 0.35,0.35,0.35,105215,0.37,47, 105114, 99.90
VIKASECO, EQ, 17-Feb-2020,2.4,2.4,2.4,2.2, 2.40,2.35,2.26,923824,20.88,450, 443858, 48.05
VIKASMCORP, EQ, 17-Feb-2020,2.45,2.55,2.55,2.45, 2.55,2.55,2.53,159416,4.04,115, 129480, 81.22
VIKASPROP, EQ, 17-Feb-2020,11.0,11.1,11.1,10.8, 11.10,11.1,11.09,2177502,241.47,1602, 1437219, 66.00
VIKASWSP, EQ, 17-Feb-2020,8.25,8.05,8.45,7.7, 8.00,8.1,8.17,359806,29.41,519, 229854, 63.88
VIMTALABS, EQ, 17-Feb-2020,107.85,108.8,110.65,101.6, 102.00,102.55,106.04,15309,16.23,489, 10568, 69.03
VINATIORGA, EQ, 17-Feb-2020,979.8,981.95,1000.0,975.2, 984.00,980.3,986.64,37480,369.79,3646, 20742, 55.34
VINDHYATEL, EQ, 17-Feb-2020,884.85,885.05,898.95,875.1, 879.30,879.8,883.68,6640,58.68,451, 6120, 92.17
VINYLINDIA, EQ, 17-Feb-2020,61.45,61.7,62.0,60.5, 61.20,61.1,61.13,8086,4.94,166, 6386, 78.98
VIPCLOTHNG, EQ, 17-Feb-2020,6.8,7.1,7.1,6.9, 7.10,7.1,7.07,78158,5.53,75, 56036, 71.70
VIPIND, EQ, 17-Feb-2020,467.65,470.0,470.55,452.25, 455.00,459.15,460.93,247237,1139.58,10618, 111979, 45.29
VIPULLTD, BE, 17-Feb-2020,21.65,21.65,21.65,20.6, 20.60,20.6,20.77,4450,0.92,25, -, -
VISAKAIND, EQ, 17-Feb-2020,257.45,259.0,264.5,256.55, 260.00,259.45,259.51,38950,101.08,959, 23319, 59.87
VISASTEEL, EQ, 17-Feb-2020,4.2,4.2,4.3,4.05, 4.30,4.25,4.17,6959,0.29,43, 4515, 64.88
VISESHINFO, BE, 17-Feb-2020,0.1,0.05,0.1,0.05, 0.05,0.05,0.06,4521033,2.59,490, -, -
VISHAL, BE, 17-Feb-2020,229.0,232.0,232.0,231.0, 231.00,231.0,231.67,22500,52.13,85, -, -
VISHNU, EQ, 17-Feb-2020,124.65,125.4,130.0,119.25, 123.00,120.6,123.94,10477,12.99,430, 6056, 57.80
VISHWARAJ, EQ, 17-Feb-2020,73.75,76.8,84.0,76.75, 78.75,78.55,79.46,32028,25.45,889, 13563, 42.35
VIVIDHA, BE, 17-Feb-2020,0.25,0.3,0.3,0.25, 0.25,0.25,0.28,118223,0.33,37, -, -
VIVIMEDLAB, EQ, 17-Feb-2020,10.7,10.45,10.7,8.95, 10.45,10.4,9.77,825296,80.61,2053, 384383, 46.58
VLSFINANCE, EQ, 17-Feb-2020,53.75,54.0,55.25,53.1, 54.50,54.5,54.1,36396,19.69,391, 28755, 79.01
VMART, EQ, 17-Feb-2020,2257.0,2257.0,2257.0,2170.0, 2196.00,2199.2,2209.96,13980,308.95,1437, 10232, 73.19
VOLTAMP, EQ, 17-Feb-2020,1426.55,1426.55,1432.05,1376.0, 1388.00,1382.1,1391.4,56356,784.14,1222, 53406, 94.77
VOLTAS, EQ, 17-Feb-2020,687.9,689.7,704.95,683.05, 695.00,694.85,698.02,1473125,10282.66,27191, 486608, 33.03
VRLLOG, EQ, 17-Feb-2020,253.0,253.75,256.5,250.05, 251.00,250.8,252.44,33401,84.32,1347, 18339, 54.91
VSCL, SM, 17-Feb-2020,13.2,12.55,12.55,12.55, 12.55,12.55,12.55,6000,0.75,2, 6000, 100.00
VSSL, EQ, 17-Feb-2020,69.9,68.9,69.85,67.15, 69.65,69.55,68.52,14993,10.27,167, 10869, 72.49
VSTIND, EQ, 17-Feb-2020,4336.25,4351.0,4360.45,4275.1, 4342.00,4335.25,4347.07,3848,167.28,531, 3521, 91.50
VSTTILLERS, EQ, 17-Feb-2020,1297.35,1319.0,1319.0,1256.0, 1290.00,1287.6,1281.99,4363,55.93,660, 2910, 66.70
VTL, EQ, 17-Feb-2020,992.85,985.0,1049.0,983.15, 1030.20,1030.2,1011.56,61817,625.32,2089, 54571, 88.28
WABAG, EQ, 17-Feb-2020,212.65,214.0,217.75,208.8, 209.50,210.05,212.61,117904,250.68,2572, 50738, 43.03
WABCOINDIA, EQ, 17-Feb-2020,6752.95,6710.0,6858.95,6710.0, 6801.00,6806.55,6816.24,3055,208.24,942, 1981, 64.84
WALCHANNAG, EQ, 17-Feb-2020,58.9,59.1,59.5,56.85, 57.30,57.15,58.16,86582,50.36,1157, 45290, 52.31
WANBURY, BE, 17-Feb-2020,22.85,23.95,23.95,23.95, 23.95,23.95,23.95,89083,21.34,61, -, -
WATERBASE, EQ, 17-Feb-2020,140.7,139.1,139.9,133.55, 134.75,134.25,136.03,196912,267.85,2685, 83999, 42.66
WEBELSOLAR, EQ, 17-Feb-2020,27.1,27.2,28.2,26.05, 27.40,27.1,27.24,42783,11.65,342, 30876, 72.17
WEIZFOREX, EQ, 17-Feb-2020,356.25,374.05,374.05,374.05, 374.05,374.05,374.05,1034,3.87,35, 1034, 100.00
WEIZMANIND, EQ, 17-Feb-2020,26.3,26.6,27.6,25.2, 25.35,25.4,26.4,21240,5.61,193, 14555, 68.53
WELCORP, EQ, 17-Feb-2020,207.35,208.6,208.8,201.25, 203.00,203.15,203.53,841955,1713.62,7487, 391070, 46.45
WELENT, EQ, 17-Feb-2020,78.45,77.1,77.5,73.5, 74.80,74.15,75.45,247454,186.71,2579, 141595, 57.22
WELINV, EQ, 17-Feb-2020,224.55,224.55,227.0,213.35, 213.35,213.35,214.72,443,0.95,15, 367, 82.84
WELSPUNIND, EQ, 17-Feb-2020,46.55,46.85,47.7,45.0, 45.60,45.45,46.45,1773193,823.67,3775, 936857, 52.83
WENDT, EQ, 17-Feb-2020,2756.05,2756.1,2768.0,2699.95, 2712.50,2726.8,2716.06,229,6.22,71, 203, 88.65
WESTLIFE, EQ, 17-Feb-2020,476.05,477.0,478.4,454.0, 459.00,456.85,466.76,242691,1132.8,5807, 158557, 65.33
WHEELS, EQ, 17-Feb-2020,576.8,575.25,585.65,572.0, 580.00,577.65,576.57,1051,6.06,125, 702, 66.79
WHIRLPOOL, EQ, 17-Feb-2020,2225.85,2239.0,2239.0,2196.0, 2209.00,2201.55,2204.89,276989,6107.31,7284, 248760, 89.81
WILLAMAGOR, EQ, 17-Feb-2020,16.9,17.65,17.65,16.1, 16.10,16.1,16.19,3663,0.59,22, 3307, 90.28
WINDMACHIN, EQ, 17-Feb-2020,22.4,21.35,21.95,21.3, 21.30,21.3,21.33,7621,1.63,39, 5000, 65.61
WINSOME, BZ, 17-Feb-2020,0.1,0.1,0.1,0.1, 0.10,0.1,0.1,476,0.0,3, -, -
WIPL, BE, 17-Feb-2020,51.05,51.05,51.05,51.05, 51.05,51.05,51.05,1,0.0,1, -, -
WIPRO, EQ, 17-Feb-2020,242.9,242.9,245.0,241.95, 243.85,243.8,243.37,1017778,2476.93,12576, 351106, 34.50
WOCKPHARMA, EQ, 17-Feb-2020,344.85,349.5,358.0,346.05, 348.85,348.75,350.52,1287236,4511.99,20969, 178045, 13.83
WONDERLA, EQ, 17-Feb-2020,239.2,241.4,243.85,237.5, 237.60,238.8,239.11,15022,35.92,580, 10681, 71.10
WORTH, SM, 17-Feb-2020,46.0,47.8,47.8,47.8, 47.80,47.8,47.8,6000,2.87,1, 6000, 100.00
WSTCSTPAPR, EQ, 17-Feb-2020,215.25,215.0,218.0,212.05, 212.90,213.15,214.6,40477,86.86,1329, 18085, 44.68
XCHANGING, EQ, 17-Feb-2020,54.5,53.8,54.7,52.5, 52.90,52.85,53.54,22193,11.88,372, 18106, 81.58
XELPMOC, EQ, 17-Feb-2020,60.45,61.0,61.35,60.0, 60.10,60.55,60.43,1095,0.66,115, 796, 72.69
XLENERGY, BZ, 17-Feb-2020,0.4,0.35,0.35,0.35, 0.35,0.35,0.35,3466,0.01,9, -, -
XPROINDIA, EQ, 17-Feb-2020,24.55,25.0,25.0,23.25, 24.05,24.05,24.54,751,0.18,21, 639, 85.09
YESBANK, EQ, 17-Feb-2020,38.9,39.5,40.1,36.6, 37.35,37.15,37.67,116075992,43727.53,202087, 15244704, 13.13
ZEEL, EQ, 17-Feb-2020,238.75,240.15,242.2,233.5, 240.15,239.2,238.53,8200081,19559.93,66862, 925386, 11.29
ZEEL, P2, 17-Feb-2020,5.55,5.5,5.6,5.5, 5.50,5.5,5.54,54075,3.0,11, 53927, 99.73
ZEELEARN, EQ, 17-Feb-2020,18.05,18.05,18.3,17.15, 17.60,17.45,17.59,70130,12.34,460, 48075, 68.55
ZEEMEDIA, BE, 17-Feb-2020,5.15,5.15,5.4,4.9, 5.05,5.1,5.12,343656,17.58,559, -, -
ZENSARTECH, EQ, 17-Feb-2020,150.5,150.35,151.4,142.2, 142.20,142.85,145.54,104594,152.23,3908, 78831, 75.37
ZENTEC, EQ, 17-Feb-2020,56.0,56.1,56.5,55.0, 55.00,55.35,55.63,28267,15.72,264, 22066, 78.06
ZICOM, BE, 17-Feb-2020,1.45,1.45,1.45,1.4, 1.40,1.4,1.42,2790,0.04,16, -, -
ZODIACLOTH, EQ, 17-Feb-2020,175.15,175.05,177.8,173.8, 174.20,174.65,174.86,431,0.75,27, 202, 46.87
ZODJRDMKJ, EQ, 17-Feb-2020,28.75,28.75,30.2,26.0, 28.70,28.7,28.22,692,0.2,56, 601, 86.85
ZOTA, EQ, 17-Feb-2020,181.05,179.1,183.0,179.0, 180.10,181.15,180.47,27004,48.73,115, 4444, 16.46
ZUARI, EQ, 17-Feb-2020,89.45,90.2,91.65,89.15, 90.30,89.7,90.63,39538,35.83,566, 23625, 59.75
ZUARIGLOB, EQ, 17-Feb-2020,51.55,51.55,51.55,48.4, 48.40,48.55,49.12,43809,21.52,621, 29506, 67.35
ZYDUSWELL, EQ, 17-Feb-2020,1478.9,1496.8,1496.8,1465.9, 1475.00,1473.65,1474.7,5069,74.75,908, 3128, 61.71
