SYMBOL, SERIES, DATE1, PREV_CLOSE, OPEN_PRICE, HIGH_PRICE, LOW_PRICE, LAST_PRICE, CLOSE_PRICE, AVG_PRICE, TTL_TRD_QNTY, TURNOVER_LACS, NO_OF_TRADES, DELIV_QTY, DELIV_PER
20MICRONS, EQ, 02-Dec-2020,32.95,33.6,34.55,32.15, 32.70,32.7,33.55,298100,100.03,1775, 156322, 52.44
21STCENMGM, EQ, 02-Dec-2020,9.7,9.85,9.85,9.55, 9.55,9.8,9.76,732,0.07,26, 550, 75.14
3IINFOTECH, EQ, 02-Dec-2020,3.55,3.7,3.7,3.65, 3.70,3.7,3.7,2710646,100.29,1134, 1615336, 59.59
3MINDIA, EQ, 02-Dec-2020,21945.45,22149.4,22599.4,21945.5, 22385.00,22420.1,22155.21,13083,2898.57,3494, 8903, 68.05
3PLAND, EQ, 02-Dec-2020,8.55,8.95,8.95,8.95, 8.95,8.95,8.95,6530,0.58,44, 6430, 98.47
5PAISA, EQ, 02-Dec-2020,330.6,328.05,340.15,327.0, 330.00,329.7,330.48,14946,49.39,322, 10113, 67.66
63MOONS, EQ, 02-Dec-2020,89.05,89.45,92.5,88.8, 90.20,90.4,90.62,202923,183.89,2680, 108329, 53.38
68GS2060, GS, 02-Dec-2020,103.0,103.0,105.0,103.0, 105.00,105.0,104.33,300,0.31,2, 300, 100.00
75GS2034, GS, 02-Dec-2020,110.46,104.98,104.98,104.98, 104.98,104.98,104.98,100,0.1,1, 100, 100.00
772GS2055, GS, 02-Dec-2020,116.86,119.0,119.0,116.0, 116.00,116.0,116.0,3401,3.95,3, 3401, 100.00
813GS2045, GS, 02-Dec-2020,122.56,122.0,122.0,116.5, 116.50,116.5,118.33,60,0.07,2, 60, 100.00
8KMILES, BE, 02-Dec-2020,84.35,80.15,84.95,80.15, 83.30,83.05,81.62,61096,49.86,644, -, -
A2ZINFRA, EQ, 02-Dec-2020,4.25,4.4,4.45,4.15, 4.45,4.45,4.37,665371,29.07,522, 476050, 71.55
AAATECH, SM, 02-Dec-2020,43.75,43.7,43.7,43.7, 43.70,43.7,43.7,3000,1.31,1, 3000, 100.00
AAKASH, EQ, 02-Dec-2020,53.45,53.5,53.9,52.8, 52.80,53.45,53.05,100450,53.29,526, 52223, 51.99
AARON, EQ, 02-Dec-2020,58.5,55.6,55.6,55.6, 55.60,55.6,55.6,3544,1.97,60, 3544, 100.00
AARTIDRUGS, EQ, 02-Dec-2020,705.05,709.95,730.0,705.1, 716.25,717.0,718.29,854129,6135.09,30395, 293311, 34.34
AARTIIND, EQ, 02-Dec-2020,1156.95,1158.0,1185.0,1140.55, 1178.60,1178.6,1169.74,390786,4571.16,20511, 253704, 64.92
AARTISURF, EQ, 02-Dec-2020,1099.9,1154.85,1154.85,1068.0, 1154.85,1154.85,1136.12,150119,1705.53,6375, 66626, 44.38
AARVEEDEN, EQ, 02-Dec-2020,11.2,11.35,11.8,11.0, 11.05,11.1,11.25,11930,1.34,96, 10332, 86.61
AARVI, EQ, 02-Dec-2020,40.0,41.2,42.7,38.15, 42.70,41.35,40.91,28113,11.5,65, 27058, 96.25
AAVAS, EQ, 02-Dec-2020,1638.4,1657.0,1699.0,1635.0, 1653.95,1653.25,1677.5,231610,3885.25,17536, 149403, 64.51
ABAN, EQ, 02-Dec-2020,29.45,29.45,29.45,28.3, 28.40,28.5,28.71,139692,40.1,997, 92768, 66.41
ABB, EQ, 02-Dec-2020,1138.05,1142.0,1200.0,1116.05, 1182.15,1190.8,1165.57,294829,3436.45,16588, 87419, 29.65
ABBOTINDIA, EQ, 02-Dec-2020,15398.6,15450.0,15450.0,15133.05, 15200.00,15215.2,15271.87,14017,2140.66,5323, 9446, 67.39
ABCAPITAL, EQ, 02-Dec-2020,93.6,94.3,95.45,90.05, 90.75,91.2,92.71,6964835,6457.17,33750, 2766941, 39.73
ABFRL, EQ, 02-Dec-2020,161.35,162.0,165.2,161.1, 164.90,164.05,163.55,1712879,2801.46,15683, 873565, 51.00
ABFRLPP, E1, 02-Dec-2020,105.05,107.0,107.0,103.05, 105.50,104.65,104.92,39753,41.71,623, 29995, 75.45
ABMINTLTD, BE, 02-Dec-2020,24.7,24.6,24.6,24.5, 24.50,24.5,24.58,122,0.03,4, -, -
ABSLBANETF, EQ, 02-Dec-2020,296.2,295.08,296.99,291.41, 294.46,295.38,294.43,365,1.07,26, 232, 63.56
ABSLNN50ET, EQ, 02-Dec-2020,296.09,298.97,298.97,290.0, 298.45,296.3,297.41,31,0.09,8, 16, 51.61
ABSLRIF6RG, MF, 02-Dec-2020,6.7,6.6,6.6,6.6, 6.60,6.6,6.6,2500,0.17,1, 2500, 100.00
ACC, EQ, 02-Dec-2020,1747.9,1745.0,1748.85,1701.3, 1728.00,1729.25,1726.07,1326419,22894.89,51393, 371978, 28.04
ACCELYA, EQ, 02-Dec-2020,871.6,856.05,876.0,856.05, 876.00,874.85,870.37,2200,19.15,341, 1612, 73.27
ACCURACY, SM, 02-Dec-2020,31.1,29.55,29.55,29.55, 29.55,29.55,29.55,1600,0.47,1, 1600, 100.00
ACE, EQ, 02-Dec-2020,126.95,128.0,133.0,117.15, 123.70,123.05,124.39,1690269,2102.5,19328, 661318, 39.13
ADANIENT, EQ, 02-Dec-2020,421.9,420.55,461.9,419.35, 452.45,453.75,445.42,16821595,74925.98,136223, 1122639, 6.67
ADANIGAS, EQ, 02-Dec-2020,360.95,361.0,377.95,354.0, 372.05,374.05,367.59,8405469,30897.93,90577, 2315625, 27.55
ADANIGREEN, EQ, 02-Dec-2020,1134.7,1140.0,1155.0,1112.0, 1145.00,1146.0,1132.28,875255,9910.33,37719, 370507, 42.33
ADANIPORTS, EQ, 02-Dec-2020,423.8,424.9,442.0,420.35, 437.50,438.2,433.96,13049398,56629.06,140237, 3050076, 23.37
ADANIPOWER, EQ, 02-Dec-2020,41.05,41.9,45.7,41.6, 45.30,45.15,43.57,38840737,16921.79,65479, 13190555, 33.96
ADANITRANS, EQ, 02-Dec-2020,378.95,380.0,433.9,375.6, 418.05,419.2,412.52,4614719,19036.54,70958, 937027, 20.31
ADFFOODS, EQ, 02-Dec-2020,476.15,479.75,487.3,470.45, 478.00,477.35,479.13,63924,306.28,2565, 37854, 59.22
ADHUNIKIND, EQ, 02-Dec-2020,17.25,17.25,17.6,17.0, 17.50,17.35,17.4,43872,7.63,237, 34993, 79.76
ADL, BE, 02-Dec-2020,21.4,21.4,22.45,20.8, 22.45,22.45,22.34,9620,2.15,66, -, -
ADORWELD, EQ, 02-Dec-2020,266.1,265.0,271.9,263.25, 267.90,267.35,268.05,34480,92.42,1470, 17610, 51.07
ADROITINFO, BE, 02-Dec-2020,6.2,6.15,6.5,6.1, 6.10,6.1,6.2,10345,0.64,29, -, -
ADSL, EQ, 02-Dec-2020,27.6,28.9,30.35,28.6, 30.35,30.35,29.78,304147,90.58,807, 191706, 63.03
ADVANIHOTR, EQ, 02-Dec-2020,56.2,58.85,59.65,57.8, 58.20,58.35,58.64,79648,46.7,1064, 38726, 48.62
ADVENZYMES, EQ, 02-Dec-2020,360.35,361.0,364.0,348.1, 352.25,352.35,353.7,156172,552.38,9184, 91610, 58.66
AEGISCHEM, EQ, 02-Dec-2020,261.55,258.0,265.0,253.1, 262.10,262.35,260.54,353660,921.42,7669, 115050, 32.53
AFFLE, EQ, 02-Dec-2020,3589.4,3768.85,3768.85,3565.6, 3768.85,3768.85,3706.32,185245,6865.77,23494, 85440, 46.12
AGARIND, EQ, 02-Dec-2020,86.3,86.05,92.85,85.0, 89.85,89.8,89.23,36335,32.42,590, 24929, 68.61
AGCNET, BE, 02-Dec-2020,606.6,595.0,620.0,585.05, 618.00,618.0,616.03,18310,112.8,112, -, -
AGRITECH, EQ, 02-Dec-2020,31.35,32.0,32.0,31.1, 31.15,31.15,31.5,3798,1.2,120, 2966, 78.09
AGROPHOS, EQ, 02-Dec-2020,11.9,12.25,12.45,11.4, 12.45,12.45,12.37,123885,15.32,427, 100442, 81.08
AHLADA, SM, 02-Dec-2020,66.4,72.9,73.0,69.0, 71.80,72.2,72.41,25000,18.1,24, 18000, 72.00
AHLEAST, EQ, 02-Dec-2020,137.7,142.95,143.95,135.6, 138.10,138.35,138.12,6590,9.1,188, 3741, 56.77
AHLUCONT, EQ, 02-Dec-2020,257.5,259.75,264.35,251.0, 256.50,255.25,257.39,41740,107.44,1466, 26578, 63.68
AHLWEST, EQ, 02-Dec-2020,248.2,252.85,252.85,243.05, 243.05,244.15,246.1,1127,2.77,141, 471, 41.79
AIAENG, EQ, 02-Dec-2020,1883.8,1906.95,2184.25,1906.0, 2100.00,2113.0,2052.0,218908,4491.99,26863, 56034, 25.60
AIRAN, EQ, 02-Dec-2020,16.9,17.35,18.55,15.3, 18.55,18.35,17.2,660636,113.61,1289, 574867, 87.02
AIROLAM, SM, 02-Dec-2020,26.0,26.5,26.5,26.5, 26.50,26.5,26.5,3000,0.8,1, 3000, 100.00
AISL, SM, 02-Dec-2020,20.35,19.55,19.55,19.55, 19.55,19.55,19.55,1200,0.23,1, 1200, 100.00
AJANTPHARM, EQ, 02-Dec-2020,1534.75,1539.0,1552.6,1527.1, 1543.00,1545.1,1542.96,85012,1311.7,7963, 28692, 33.75
AJMERA, EQ, 02-Dec-2020,107.45,109.4,128.8,109.0, 124.85,123.3,119.43,1375655,1642.94,14460, 332346, 24.16
AJOONI, SM, 02-Dec-2020,31.05,30.75,30.75,30.75, 30.75,30.75,30.75,4000,1.23,1, 4000, 100.00
AKASH, EQ, 02-Dec-2020,215.25,225.0,226.0,211.2, 226.00,223.45,219.99,15998,35.19,156, 10471, 65.45
AKG, SM, 02-Dec-2020,54.1,55.0,57.1,55.0, 57.10,56.75,56.68,88000,49.88,4, 88000, 100.00
AKSHARCHEM, EQ, 02-Dec-2020,219.3,221.0,222.5,213.1, 218.00,218.55,218.97,17085,37.41,966, 8860, 51.86
AKSHOPTFBR, EQ, 02-Dec-2020,6.85,6.85,6.95,6.6, 6.75,6.8,6.75,197111,13.3,394, 109340, 55.47
AKZOINDIA, EQ, 02-Dec-2020,2130.9,2120.0,2200.0,2112.35, 2172.00,2169.35,2155.74,8105,174.72,1684, 4798, 59.20
ALANKIT, EQ, 02-Dec-2020,15.75,15.65,15.9,15.45, 15.60,15.6,15.63,106732,16.68,421, 76717, 71.88
ALBERTDAVD, EQ, 02-Dec-2020,466.75,466.75,470.0,454.7, 457.45,459.2,461.55,25183,116.23,1588, 16312, 64.77
ALCHEM, EQ, 02-Dec-2020,5.05,5.1,5.25,5.05, 5.15,5.15,5.15,29896,1.54,181, 21952, 73.43
ALEMBICLTD, EQ, 02-Dec-2020,105.3,105.0,105.9,102.0, 103.25,103.05,103.46,582996,603.16,5697, 302012, 51.80
ALICON, EQ, 02-Dec-2020,337.45,337.55,347.95,333.2, 337.05,338.75,340.92,10949,37.33,817, 4336, 39.60
ALKALI, EQ, 02-Dec-2020,48.4,48.8,48.85,47.25, 47.80,47.75,48.12,31635,15.22,351, 22369, 70.71
ALKEM, EQ, 02-Dec-2020,2789.05,2805.05,2819.9,2778.0, 2798.00,2795.0,2799.23,57523,1610.2,5163, 18310, 31.83
ALKYLAMINE, EQ, 02-Dec-2020,3967.1,3994.9,4172.1,3967.5, 4118.00,4116.05,4104.05,71854,2948.92,12094, 27639, 38.47
ALLCARGO, EQ, 02-Dec-2020,125.65,126.65,126.9,123.4, 126.50,126.35,126.09,236255,297.88,2942, 152763, 64.66
ALLSEC, EQ, 02-Dec-2020,251.05,254.25,255.55,248.0, 255.55,253.0,252.13,6944,17.51,258, 5279, 76.02
ALMONDZ, EQ, 02-Dec-2020,16.25,16.25,16.5,16.05, 16.25,16.25,16.34,18576,3.04,73, 14728, 79.29
ALOKINDS, EQ, 02-Dec-2020,21.65,21.75,22.3,21.55, 21.80,21.8,21.84,9421439,2057.66,11701, 3982149, 42.27
ALPA, BE, 02-Dec-2020,35.3,35.0,36.9,34.65, 36.70,36.55,35.88,47156,16.92,226, -, -
ALPHAGEO, EQ, 02-Dec-2020,219.25,219.45,222.8,214.0, 219.10,219.9,218.4,58858,128.54,1705, 26496, 45.02
AMARAJABAT, EQ, 02-Dec-2020,922.15,928.3,934.9,909.05, 915.00,915.75,922.39,814057,7508.8,17998, 101832, 12.51
AMBER, EQ, 02-Dec-2020,2439.1,2453.85,2453.85,2355.0, 2377.95,2377.0,2379.81,100766,2398.04,16388, 32937, 32.69
AMBIKCO, EQ, 02-Dec-2020,721.75,722.0,725.0,713.05, 720.00,720.5,720.79,27412,197.58,792, 24306, 88.67
AMBUJACEM, EQ, 02-Dec-2020,262.0,262.0,264.2,259.2, 261.65,262.5,262.05,5076458,13303.0,29489, 1848131, 36.41
AMDIND, EQ, 02-Dec-2020,15.35,15.85,16.65,15.5, 16.00,16.25,15.99,21467,3.43,107, 13437, 62.59
AMJLAND, EQ, 02-Dec-2020,22.05,22.9,22.9,21.25, 21.75,21.8,21.79,5939,1.29,79, 3737, 62.92
AMRUTANJAN, EQ, 02-Dec-2020,497.85,498.0,503.2,494.1, 498.50,498.55,498.93,40867,203.9,1820, 21698, 53.09
ANANTRAJ, EQ, 02-Dec-2020,26.4,26.8,26.8,25.35, 26.45,26.35,26.11,452983,118.28,3431, 313493, 69.21
ANDHRACEMT, EQ, 02-Dec-2020,5.05,5.1,5.55,5.05, 5.55,5.55,5.35,1243517,66.58,1499, 676323, 54.39
ANDHRAPAP, EQ, 02-Dec-2020,203.0,201.1,205.85,196.35, 198.40,198.7,199.15,49137,97.86,1491, 29323, 59.68
ANDHRSUGAR, EQ, 02-Dec-2020,296.3,299.0,304.6,289.0, 295.95,294.95,297.59,38714,115.21,1798, 16331, 42.18
ANGELBRKG, EQ, 02-Dec-2020,350.55,351.45,353.95,348.75, 349.15,350.25,350.51,119345,418.31,3533, 64316, 53.89
ANIKINDS, EQ, 02-Dec-2020,12.55,12.8,13.8,11.85, 13.65,13.5,13.17,40892,5.39,237, 28651, 70.07
ANKITMETAL, EQ, 02-Dec-2020,0.95,0.95,1.0,0.95, 0.95,1.0,0.98,6894,0.07,30, 6883, 99.84
ANSALAPI, EQ, 02-Dec-2020,4.65,4.85,4.85,4.85, 4.85,4.85,4.85,32842,1.59,38, 32842, 100.00
ANSALHSG, EQ, 02-Dec-2020,4.3,4.5,4.5,4.45, 4.50,4.5,4.5,122272,5.5,102, 115861, 94.76
ANUP, EQ, 02-Dec-2020,621.55,625.0,635.9,608.0, 618.00,610.4,615.2,14061,86.5,1157, 9249, 65.78
APARINDS, EQ, 02-Dec-2020,354.9,357.35,372.4,354.4, 365.90,366.6,364.14,80699,293.86,5069, 50195, 62.20
APCL, EQ, 02-Dec-2020,219.3,219.3,220.9,215.05, 219.00,217.45,217.54,21640,47.08,787, 10223, 47.24
APCOTEXIND, EQ, 02-Dec-2020,171.2,171.2,184.0,170.85, 175.75,176.55,177.64,236216,419.62,5436, 58556, 24.79
APEX, EQ, 02-Dec-2020,296.4,297.8,298.8,289.3, 292.10,292.05,293.06,115804,339.38,3304, 45379, 39.19
APLAPOLLO, EQ, 02-Dec-2020,3446.85,3446.85,3525.0,3446.85, 3521.40,3514.55,3495.11,57916,2024.23,8752, 28500, 49.21
APLLTD, EQ, 02-Dec-2020,983.75,985.0,1007.0,982.0, 990.00,993.45,994.67,263060,2616.58,11585, 72639, 27.61
APOLLO, EQ, 02-Dec-2020,117.05,117.0,117.9,114.5, 115.75,115.5,115.83,60241,69.78,1403, 30506, 50.64
APOLLOHOSP, EQ, 02-Dec-2020,2463.0,2474.7,2485.05,2375.45, 2413.55,2411.55,2430.88,1611325,39169.31,58859, 347131, 21.54
APOLLOPIPE, EQ, 02-Dec-2020,692.7,698.7,701.75,667.0, 683.20,687.6,691.33,25843,178.66,1391, 18833, 72.87
APOLLOTYRE, EQ, 02-Dec-2020,187.0,186.0,189.45,185.5, 188.75,188.45,187.26,7457490,13964.57,33413, 535323, 7.18
APOLSINHOT, EQ, 02-Dec-2020,604.3,610.05,610.05,590.6, 601.00,600.5,600.39,1515,9.1,173, 869, 57.36
APTECHT, EQ, 02-Dec-2020,123.1,124.25,124.85,119.2, 120.60,120.6,121.91,319839,389.91,3596, 151047, 47.23
ARCHIDPLY, EQ, 02-Dec-2020,27.3,27.15,28.9,27.15, 27.50,27.65,27.78,40612,11.28,417, 28502, 70.18
ARCHIES, EQ, 02-Dec-2020,14.9,15.2,15.25,14.6, 15.10,15.0,14.96,72899,10.9,275, 65150, 89.37
ARCOTECH, EQ, 02-Dec-2020,1.95,2.0,2.0,1.9, 2.00,2.0,1.96,58122,1.14,261, 50645, 87.14
ARENTERP, EQ, 02-Dec-2020,10.75,10.5,11.0,9.8, 10.35,10.35,10.17,3942,0.4,43, 2472, 62.71
ARIES, EQ, 02-Dec-2020,92.15,95.0,98.0,88.0, 90.75,90.15,92.28,133676,123.35,2408, 78624, 58.82
ARIHANT, EQ, 02-Dec-2020,16.6,16.65,16.95,16.3, 16.95,16.7,16.59,2439,0.4,35, 1127, 46.21
ARIHANTSUP, EQ, 02-Dec-2020,25.7,24.7,25.9,24.7, 25.00,25.25,25.26,34862,8.81,2155, 29423, 84.40
ARMANFIN, EQ, 02-Dec-2020,649.1,650.0,658.1,630.0, 639.95,639.35,641.87,10742,68.95,887, 6832, 63.60
AROGRANITE, EQ, 02-Dec-2020,37.4,38.0,40.2,37.0, 39.50,39.05,39.14,78797,30.84,663, 51588, 65.47
ARROWGREEN, EQ, 02-Dec-2020,48.55,49.95,50.9,48.0, 48.65,48.75,49.63,14966,7.43,431, 7352, 49.12
ARSHIYA, EQ, 02-Dec-2020,15.65,16.2,16.4,15.4, 16.40,16.3,15.91,71209,11.33,183, 50882, 71.45
ARSSINFRA, EQ, 02-Dec-2020,17.85,18.7,18.7,18.7, 18.70,18.7,18.7,34769,6.5,51, 34769, 100.00
ARTEMISMED, EQ, 02-Dec-2020,175.85,175.85,194.75,173.0, 190.85,192.95,185.6,36927,68.54,602, 20698, 56.05
ARTNIRMAN, SM, 02-Dec-2020,26.25,21.0,21.0,21.0, 21.00,21.0,21.0,6000,1.26,1, 6000, 100.00
ARVIND, EQ, 02-Dec-2020,40.2,40.1,40.7,39.55, 40.30,40.2,40.14,1937572,777.65,7915, 942771, 48.66
ARVINDFASN, EQ, 02-Dec-2020,134.05,134.9,135.95,133.3, 134.50,134.55,134.91,709029,956.55,8790, 556305, 78.46
ARVSMART, EQ, 02-Dec-2020,93.95,94.0,106.0,91.5, 100.80,102.85,102.25,1135876,1161.47,9755, 330878, 29.13
ASAHIINDIA, EQ, 02-Dec-2020,256.7,258.45,262.5,251.05, 255.00,254.4,253.71,91416,231.93,3069, 72087, 78.86
ASAHISONG, EQ, 02-Dec-2020,217.5,219.35,225.0,215.0, 221.15,222.75,220.16,29387,64.7,780, 16832, 57.28
ASAL, EQ, 02-Dec-2020,26.2,25.6,27.45,25.6, 26.80,26.75,26.3,15215,4.0,291, 9003, 59.17
ASALCBR, EQ, 02-Dec-2020,280.8,281.65,302.8,280.95, 293.00,292.6,292.77,140812,412.25,4829, 55416, 39.35
ASHAPURMIN, EQ, 02-Dec-2020,81.3,80.05,82.0,78.15, 79.70,79.0,79.88,96332,76.95,937, 56099, 58.24
ASHIANA, EQ, 02-Dec-2020,91.55,91.6,93.4,91.0, 91.50,91.5,91.86,79297,72.84,1752, 56946, 71.81
ASHIMASYN, EQ, 02-Dec-2020,11.6,12.15,12.15,11.15, 11.95,12.0,11.79,227991,26.89,1059, 174521, 76.55
ASHOKA, EQ, 02-Dec-2020,79.35,80.15,81.9,79.25, 80.25,80.3,80.54,2607733,2100.21,13650, 1219978, 46.78
ASHOKLEY, EQ, 02-Dec-2020,92.65,93.3,93.75,92.45, 93.35,93.4,93.11,23691097,22057.78,66776, 4565510, 19.27
ASIANHOTNR, EQ, 02-Dec-2020,56.65,57.95,61.9,57.15, 60.25,60.9,59.66,40510,24.17,574, 16254, 40.12
ASIANPAINT, EQ, 02-Dec-2020,2230.05,2241.0,2325.95,2236.0, 2314.00,2315.85,2289.42,3305952,75686.97,114983, 808240, 24.45
ASIANTILES, EQ, 02-Dec-2020,294.7,296.0,304.9,235.8, 292.00,296.75,294.23,442763,1302.75,8620, 179514, 40.54
ASPINWALL, EQ, 02-Dec-2020,125.15,121.65,130.0,121.0, 123.65,127.7,125.03,5110,6.39,259, 3270, 63.99
ASTEC, EQ, 02-Dec-2020,981.85,989.85,994.7,965.1, 971.00,970.75,980.84,103935,1019.44,6558, 34604, 33.29
ASTERDM, EQ, 02-Dec-2020,172.25,172.25,172.25,166.85, 169.60,168.8,169.23,243489,412.05,4760, 141943, 58.30
ASTRAL, EQ, 02-Dec-2020,1427.95,1436.7,1470.0,1431.0, 1465.00,1462.6,1452.03,142916,2075.19,14074, 64061, 44.82
ASTRAMICRO, EQ, 02-Dec-2020,113.9,114.4,118.1,113.6, 116.15,115.75,115.47,589503,680.7,4787, 315450, 53.51
ASTRAZEN, EQ, 02-Dec-2020,4528.45,4544.6,4545.1,4491.0, 4508.00,4503.0,4509.45,35121,1583.76,4249, 16220, 46.18
ASTRON, EQ, 02-Dec-2020,45.05,45.9,47.75,44.85, 46.40,47.05,46.47,33749,15.68,365, 17382, 51.50
ATALREAL, SM, 02-Dec-2020,44.6,41.0,45.5,41.0, 45.50,45.5,42.9,8000,3.43,5, 6400, 80.00
ATFL, EQ, 02-Dec-2020,771.6,794.95,794.95,752.25, 772.20,773.9,768.78,20480,157.45,1980, 11331, 55.33
ATLANTA, EQ, 02-Dec-2020,8.05,8.45,8.45,8.45, 8.45,8.45,8.45,16606,1.4,60, 16606, 100.00
ATLASCYCLE, BZ, 02-Dec-2020,37.75,38.2,38.9,37.0, 38.25,38.35,37.9,3798,1.44,100, -, -
ATUL, EQ, 02-Dec-2020,6202.55,6251.9,6296.85,6150.0, 6199.00,6191.95,6194.61,22836,1414.6,4409, 7360, 32.23
ATULAUTO, EQ, 02-Dec-2020,173.4,174.8,177.0,173.0, 174.45,174.1,174.77,175126,306.07,3312, 82272, 46.98
AUBANK, EQ, 02-Dec-2020,872.9,877.2,890.0,862.0, 886.50,886.65,880.35,463500,4080.43,23805, 159707, 34.46
AURDIS, SM, 02-Dec-2020,25.9,27.15,27.15,27.15, 27.15,27.15,27.15,2000,0.54,1, 2000, 100.00
AURIONPRO, EQ, 02-Dec-2020,72.45,73.0,73.0,71.0, 72.45,72.6,72.28,12034,8.7,164, 9522, 79.13
AUROPHARMA, EQ, 02-Dec-2020,897.15,895.0,905.85,880.5, 888.80,889.95,892.7,2979597,26598.79,63544, 688016, 23.09
AUSOMENT, EQ, 02-Dec-2020,52.95,54.2,55.55,53.2, 55.45,55.1,54.44,16360,8.91,295, 10253, 62.67
AUTOAXLES, EQ, 02-Dec-2020,932.6,944.0,947.0,914.95, 915.05,916.5,928.4,10993,102.06,1095, 6402, 58.24
AUTOIND, EQ, 02-Dec-2020,29.8,30.3,30.85,29.3, 30.60,30.3,30.16,24255,7.31,281, 18997, 78.32
AUTOLITIND, EQ, 02-Dec-2020,20.25,21.0,21.0,19.55, 20.85,20.85,20.32,10105,2.05,99, 7029, 69.56
AVADHSUGAR, EQ, 02-Dec-2020,205.55,207.0,207.0,195.05, 197.70,197.1,199.67,98184,196.05,2310, 51821, 52.78
AVANTIFEED, EQ, 02-Dec-2020,536.3,538.0,545.5,529.15, 541.30,539.75,538.99,521920,2813.07,15591, 197893, 37.92
AVTNPL, EQ, 02-Dec-2020,46.15,47.1,47.6,46.15, 47.30,47.1,46.96,190226,89.33,1069, 107009, 56.25
AXISBANK, EQ, 02-Dec-2020,603.65,607.0,613.5,601.25, 608.85,608.1,606.87,19070722,115733.54,174255, 5911134, 31.00
AXISBNKETF, EQ, 02-Dec-2020,298.29,297.6,297.97,291.28, 292.68,293.42,293.3,5355,15.71,46, 5102, 95.28
AXISCADES, EQ, 02-Dec-2020,49.5,49.5,51.0,48.35, 49.50,49.4,49.44,71404,35.3,582, 52882, 74.06
AXISGOLD, EQ, 02-Dec-2020,42.19,42.5,42.9,42.3, 42.74,42.7,42.55,79382,33.78,2570, 57403, 72.31
AXISNIFTY, EQ, 02-Dec-2020,134.65,135.44,138.5,133.8, 134.85,134.85,135.04,2638,3.56,119, 1923, 72.90
AYMSYNTEX, EQ, 02-Dec-2020,44.45,44.6,46.95,42.8, 43.45,43.1,43.96,34474,15.15,318, 28299, 82.09
BAFNAPH, BE, 02-Dec-2020,127.25,120.9,133.6,120.9, 133.60,133.6,126.38,25377,32.07,263, -, -
BAGFILMS, EQ, 02-Dec-2020,2.55,2.5,2.7,2.45, 2.60,2.55,2.56,132236,3.39,155, 87597, 66.24
BAJAJ-AUTO, EQ, 02-Dec-2020,3243.65,3243.65,3348.0,3221.5, 3326.80,3338.15,3308.27,1707284,56481.64,74954, 381701, 22.36
BAJAJCON, EQ, 02-Dec-2020,207.3,208.0,208.4,200.7, 201.80,201.9,203.51,700798,1426.21,10636, 284731, 40.63
BAJAJELEC, EQ, 02-Dec-2020,590.7,590.7,591.05,571.85, 581.45,581.5,581.89,90925,529.08,4834, 28269, 31.09
BAJAJFINSV, EQ, 02-Dec-2020,8746.55,8750.0,8879.5,8661.65, 8788.50,8802.2,8766.95,884969,77584.81,74456, 158274, 17.88
BAJAJHIND, EQ, 02-Dec-2020,5.65,5.65,5.7,5.4, 5.50,5.45,5.52,2414599,133.18,2209, 1628029, 67.42
BAJAJHLDNG, EQ, 02-Dec-2020,3094.3,3094.3,3144.2,3070.0, 3116.95,3104.55,3108.12,105288,3272.47,11821, 40351, 38.32
BAJFINANCE, EQ, 02-Dec-2020,4861.1,4864.0,4884.0,4785.0, 4814.65,4823.9,4826.38,3654970,176402.9,187588, 706145, 19.32
BALAJITELE, EQ, 02-Dec-2020,62.8,63.2,64.9,61.8, 62.40,62.25,63.21,369804,233.75,3131, 203861, 55.13
BALAMINES, EQ, 02-Dec-2020,1005.85,1011.6,1035.0,1007.15, 1016.00,1015.05,1023.98,160653,1645.05,8220, 51647, 32.15
BALAXI, EQ, 02-Dec-2020,630.65,620.0,633.95,610.05, 616.90,616.9,618.32,3316,20.5,266, 2696, 81.30
BALKRISHNA, EQ, 02-Dec-2020,18.2,18.5,19.1,18.5, 19.10,19.1,18.97,35725,6.78,157, 31903, 89.30
BALKRISIND, EQ, 02-Dec-2020,1654.75,1654.0,1680.65,1630.0, 1675.25,1673.3,1652.83,753985,12462.07,28815, 244062, 32.37
BALLARPUR, BZ, 02-Dec-2020,1.2,1.25,1.25,1.2, 1.25,1.25,1.25,518284,6.48,122, -, -
BALMLAWRIE, EQ, 02-Dec-2020,108.3,108.15,117.8,106.95, 116.55,115.65,113.43,1640534,1860.91,15456, 866198, 52.80
BALPHARMA, BE, 02-Dec-2020,55.8,56.0,56.0,54.8, 55.00,54.95,55.14,23194,12.79,172, -, -
BALRAMCHIN, EQ, 02-Dec-2020,174.15,173.0,173.0,166.95, 167.90,168.25,169.1,1694339,2865.12,20551, 976526, 57.63
BANARBEADS, EQ, 02-Dec-2020,52.55,52.75,53.45,52.55, 52.95,52.95,53.01,5761,3.05,68, 5138, 89.19
BANARISUG, EQ, 02-Dec-2020,1380.2,1380.25,1381.1,1341.1, 1350.00,1351.6,1353.57,565,7.65,78, 469, 83.01
BANCOINDIA, EQ, 02-Dec-2020,130.2,132.55,135.65,132.5, 134.70,134.1,134.08,381451,511.46,7324, 183704, 48.16
BANDHANBNK, EQ, 02-Dec-2020,377.2,377.85,379.0,365.8, 372.00,372.3,372.55,6428691,23950.13,70022, 1672239, 26.01
BANG, EQ, 02-Dec-2020,20.3,20.45,20.45,19.8, 20.45,20.4,20.09,898,0.18,37, 670, 74.61
BANKA, EQ, 02-Dec-2020,41.9,41.9,42.9,41.55, 42.80,42.8,42.37,1491,0.63,37, 1468, 98.46
BANKBARODA, EQ, 02-Dec-2020,53.75,53.95,55.25,53.05, 54.20,54.1,54.13,61231380,33146.78,77421, 12793241, 20.89
BANKBEES, EQ, 02-Dec-2020,299.43,299.79,299.9,293.26, 296.39,296.68,296.7,732057,2172.0,8445, 224524, 30.67
BANKINDIA, EQ, 02-Dec-2020,46.6,47.15,48.8,46.75, 47.40,47.45,47.55,6978212,3318.39,16091, 2594581, 37.18
BANSWRAS, EQ, 02-Dec-2020,84.75,84.9,87.05,83.3, 86.50,84.45,85.39,8863,7.57,214, 6087, 68.68
BARTRONICS, BZ, 02-Dec-2020,1.65,1.7,1.7,1.7, 1.70,1.7,1.7,1067,0.02,10, -, -
BASF, EQ, 02-Dec-2020,1668.5,1661.3,1674.75,1614.0, 1628.00,1625.95,1643.71,24914,409.51,3017, 14671, 58.89
BASML, EQ, 02-Dec-2020,92.6,90.7,92.8,90.25, 90.25,90.45,91.24,11383,10.39,325, 7906, 69.45
BATAINDIA, EQ, 02-Dec-2020,1544.2,1546.0,1568.0,1525.0, 1543.50,1542.85,1546.82,883062,13659.41,33231, 142092, 16.09
BAYERCROP, EQ, 02-Dec-2020,5029.45,5033.0,5099.0,5033.0, 5050.00,5059.45,5065.73,29823,1510.75,6185, 13665, 45.82
BBL, EQ, 02-Dec-2020,890.25,908.0,919.0,886.9, 896.00,893.25,903.23,42431,383.25,3485, 23180, 54.63
BBTC, EQ, 02-Dec-2020,1302.55,1304.95,1322.0,1283.05, 1292.00,1289.25,1295.91,68567,888.57,4432, 22325, 32.56
BBTCL, SM, 02-Dec-2020,40.0,39.0,39.0,39.0, 39.00,39.0,39.0,3000,1.17,1, 3000, 100.00
BCG, EQ, 02-Dec-2020,4.9,4.95,5.0,4.85, 5.00,4.95,4.95,4570602,226.24,5705, 3634604, 79.52
BCONCEPTS, SM, 02-Dec-2020,15.5,15.0,15.0,15.0, 15.00,15.0,15.0,3000,0.45,1, 3000, 100.00
BCP, EQ, 02-Dec-2020,4.8,4.9,5.2,4.8, 5.05,5.0,4.93,205973,10.15,365, 150268, 72.96
BDL, EQ, 02-Dec-2020,325.4,326.0,328.8,320.2, 321.70,322.1,323.97,158120,512.27,5080, 66927, 42.33
BEARDSELL, EQ, 02-Dec-2020,8.2,8.3,8.6,8.2, 8.20,8.2,8.51,851,0.07,6, 851, 100.00
BEDMUTHA, EQ, 02-Dec-2020,21.35,22.35,22.4,20.8, 22.40,22.4,22.13,19457,4.31,90, 13476, 69.26
BEL, EQ, 02-Dec-2020,111.8,112.0,115.0,111.55, 113.40,113.55,113.34,16137127,18289.98,55481, 4264725, 26.43
BEML, EQ, 02-Dec-2020,727.55,728.25,732.2,710.4, 716.05,717.3,719.62,279029,2007.94,9727, 80977, 29.02
BEPL, EQ, 02-Dec-2020,122.3,122.5,127.0,122.5, 123.80,124.25,124.28,507119,630.25,4544, 253107, 49.91
BERGEPAINT, EQ, 02-Dec-2020,655.5,658.0,668.0,657.5, 665.00,665.2,663.25,1441948,9563.76,24663, 238753, 16.56
BETA, SM, 02-Dec-2020,118.0,118.0,118.0,118.0, 118.00,118.0,118.0,800,0.94,1, 800, 100.00
BFINVEST, EQ, 02-Dec-2020,288.2,290.7,290.7,280.0, 281.00,281.35,283.42,35370,100.24,1755, 15275, 43.19
BFUTILITIE, EQ, 02-Dec-2020,269.9,271.1,272.8,260.65, 265.20,265.35,266.85,295354,788.15,6341, 83845, 28.39
BGRENERGY, EQ, 02-Dec-2020,41.25,42.0,42.4,38.25, 39.10,38.7,39.55,450253,178.07,3126, 275088, 61.10
BHAGERIA, EQ, 02-Dec-2020,138.85,139.8,140.7,137.0, 139.40,138.65,139.36,21129,29.44,541, 13949, 66.02
BHAGYANGR, EQ, 02-Dec-2020,19.5,19.45,19.75,18.95, 19.70,19.65,19.49,27438,5.35,98, 17261, 62.91
BHAGYAPROP, EQ, 02-Dec-2020,22.6,23.0,23.45,22.6, 23.00,23.0,23.13,8970,2.07,31, 2879, 32.10
BHANDARI, EQ, 02-Dec-2020,1.25,1.25,1.25,1.2, 1.25,1.25,1.23,174378,2.15,172, 144767, 83.02
BHARATFORG, EQ, 02-Dec-2020,509.0,513.0,527.35,510.4, 516.95,515.65,518.22,3312276,17165.04,50346, 670390, 20.24
BHARATGEAR, EQ, 02-Dec-2020,54.4,55.5,55.9,53.15, 55.40,55.25,54.77,26575,14.55,292, 18029, 67.84
BHARATRAS, EQ, 02-Dec-2020,9408.5,9489.0,9500.0,9300.0, 9300.00,9395.0,9398.87,2883,270.97,1106, 1639, 56.85
BHARATWIRE, EQ, 02-Dec-2020,27.7,27.6,28.25,26.35, 26.50,26.65,26.91,37801,10.17,295, 25891, 68.49
BHARTIARTL, EQ, 02-Dec-2020,479.45,481.0,487.9,474.05, 484.20,484.9,481.44,20562558,98995.63,189680, 7813359, 38.00
BHEL, EQ, 02-Dec-2020,34.05,34.25,34.5,33.05, 33.80,33.8,33.88,52877271,17914.5,61073, 12109827, 22.90
BIGBLOC, BE, 02-Dec-2020,94.3,95.0,99.0,92.0, 98.25,98.95,97.92,13802,13.52,109, -, -
BIL, EQ, 02-Dec-2020,143.35,145.0,145.0,140.0, 140.25,141.25,141.42,3131,4.43,186, 2053, 65.57
BILENERGY, BZ, 02-Dec-2020,0.75,0.75,0.8,0.7, 0.75,0.75,0.75,173346,1.29,142, -, -
BINDALAGRO, EQ, 02-Dec-2020,13.4,13.9,13.9,13.1, 13.45,13.35,13.47,58442,7.87,282, 27824, 47.61
BIOCON, EQ, 02-Dec-2020,433.3,435.0,436.0,427.3, 430.45,430.3,431.6,2346320,10126.77,28663, 998606, 42.56
BIOFILCHEM, BE, 02-Dec-2020,229.65,241.1,241.1,241.1, 241.10,241.1,241.1,45864,110.58,972, -, -
BIRLACABLE, EQ, 02-Dec-2020,56.85,58.0,59.0,55.95, 56.30,56.3,57.45,195072,112.07,1661, 102837, 52.72
BIRLACORPN, EQ, 02-Dec-2020,734.5,739.7,749.0,731.0, 740.35,743.0,739.47,446147,3299.11,12797, 290589, 65.13
BIRLAMONEY, EQ, 02-Dec-2020,43.85,43.4,44.25,43.35, 43.55,43.6,43.71,163942,71.67,1039, 83665, 51.03
BIRLATYRE, EQ, 02-Dec-2020,21.5,21.7,21.7,20.95, 20.95,21.0,21.14,338263,71.5,1600, 231815, 68.53
BLBLIMITED, EQ, 02-Dec-2020,4.85,4.7,4.9,4.7, 4.70,4.8,4.75,12147,0.58,38, 8272, 68.10
BLISSGVS, EQ, 02-Dec-2020,169.8,172.35,174.9,166.5, 167.80,168.75,169.43,619946,1050.4,6188, 206931, 33.38
BLKASHYAP, EQ, 02-Dec-2020,8.05,8.1,8.1,7.75, 8.00,8.0,7.9,88243,6.97,171, 65720, 74.48
BLS, EQ, 02-Dec-2020,84.3,87.0,88.0,84.5, 87.00,86.65,86.85,85870,74.58,1053, 59749, 69.58
BLUEDART, EQ, 02-Dec-2020,3930.35,3940.0,3998.0,3885.0, 3895.10,3900.0,3936.47,22387,881.26,2939, 14778, 66.01
BLUESTARCO, EQ, 02-Dec-2020,783.15,786.4,794.9,760.15, 770.00,771.1,773.31,106163,820.97,7360, 43072, 40.57
BODALCHEM, EQ, 02-Dec-2020,72.25,72.9,73.95,70.55, 71.90,71.6,72.13,551613,397.88,3762, 287857, 52.18
BOHRA, SM, 02-Dec-2020,1.0,1.05,1.05,1.05, 1.05,1.05,1.05,18000,0.19,3, 18000, 100.00
BOMDYEING, EQ, 02-Dec-2020,71.2,71.3,71.75,70.3, 70.85,71.0,70.98,1510323,1072.03,7404, 554979, 36.75
BOROLTD, EQ, 02-Dec-2020,166.3,174.6,174.6,168.4, 170.00,171.05,173.77,488579,848.99,3309, 280298, 57.37
BORORENEW, EQ, 02-Dec-2020,133.85,135.45,140.7,130.45, 135.65,135.6,135.08,827217,1117.43,11738, 284973, 34.45
BOSCHLTD, EQ, 02-Dec-2020,13255.95,13379.15,13379.15,13100.0, 13200.15,13300.9,13248.36,138798,18388.46,25521, 21780, 15.69
BPCL, EQ, 02-Dec-2020,379.3,381.3,390.0,377.85, 384.45,384.5,385.57,9651256,37212.69,112436, 3509428, 36.36
BPL, EQ, 02-Dec-2020,25.7,25.9,26.0,24.45, 24.70,24.7,24.9,396129,98.62,1842, 231680, 58.49
BRFL, EQ, 02-Dec-2020,10.3,9.8,9.8,9.8, 9.80,9.8,9.8,68828,6.75,154, 68828, 100.00
BRIGADE, EQ, 02-Dec-2020,220.1,220.0,230.0,218.75, 222.80,222.8,226.51,598563,1355.8,12395, 212006, 35.42
BRIGHT, SM, 02-Dec-2020,6.3,6.35,6.35,6.3, 6.30,6.3,6.33,6000,0.38,2, 6000, 100.00
BRITANNIA, EQ, 02-Dec-2020,3629.35,3637.0,3648.0,3560.0, 3599.00,3597.0,3593.66,680870,24468.17,55219, 325327, 47.78
BRITANNIA, N2, 02-Dec-2020,31.96,31.88,32.25,31.85, 31.99,31.91,31.92,3298,1.05,80, 3026, 91.75
BRNL, EQ, 02-Dec-2020,30.2,30.0,30.45,30.0, 30.05,30.1,30.21,29604,8.94,400, 22744, 76.83
BROOKS, EQ, 02-Dec-2020,68.35,71.75,71.75,69.15, 71.75,71.75,71.16,100521,71.53,724, 70353, 69.99
BSE, EQ, 02-Dec-2020,548.45,550.0,557.25,547.1, 549.45,549.9,551.85,135670,748.69,4861, 59500, 43.86
BSELINFRA, EQ, 02-Dec-2020,1.0,1.0,1.05,0.95, 0.95,0.95,0.95,907958,8.65,193, 755899, 83.25
BSHSL, EQ, 02-Dec-2020,90.25,91.0,92.0,87.5, 87.70,87.7,91.12,1205,1.1,14, 1205, 100.00
BSL, BE, 02-Dec-2020,30.8,31.3,32.1,30.1, 31.25,31.6,31.44,10892,3.42,67, -, -
BSLGOLDETF, EQ, 02-Dec-2020,4440.0,4499.8,4500.0,4425.05, 4479.80,4469.0,4480.51,438,19.62,96, 264, 60.27
BSLNIFTY, EQ, 02-Dec-2020,144.4,145.0,145.0,143.9, 143.90,143.9,144.43,28,0.04,8, 28, 100.00
BSLRIFS4RG, MF, 02-Dec-2020,8.11,8.92,8.92,8.92, 8.92,8.92,8.92,1000,0.09,1, 1000, 100.00
BSOFT, EQ, 02-Dec-2020,193.25,195.0,196.0,189.5, 191.20,190.45,191.78,549409,1053.67,9110, 294107, 53.53
BURNPUR, EQ, 02-Dec-2020,1.65,1.7,1.7,1.7, 1.70,1.7,1.7,36728,0.62,33, 36728, 100.00
BUTTERFLY, EQ, 02-Dec-2020,407.85,411.0,414.1,405.0, 405.00,406.45,409.94,11633,47.69,489, 7792, 66.98
BVCL, BE, 02-Dec-2020,15.15,15.7,15.7,14.7, 15.65,15.55,15.46,5117,0.79,26, -, -
BYKE, EQ, 02-Dec-2020,14.4,14.5,14.8,14.15, 14.70,14.5,14.39,88401,12.72,305, 56667, 64.10
CADILAHC, EQ, 02-Dec-2020,453.65,453.0,455.85,445.1, 450.10,450.8,450.24,2976254,13400.19,31081, 551269, 18.52
CADSYS, SM, 02-Dec-2020,19.35,20.3,20.3,20.3, 20.30,20.3,20.3,4000,0.81,2, 2000, 50.00
CALSOFT, EQ, 02-Dec-2020,9.4,9.75,9.85,9.3, 9.85,9.65,9.62,89307,8.59,149, 70373, 78.80
CAMLINFINE, EQ, 02-Dec-2020,113.85,113.55,117.7,110.5, 112.00,112.3,113.6,600961,682.71,5749, 376120, 62.59
CAMS, EQ, 02-Dec-2020,1450.35,1450.0,1468.9,1425.65, 1457.90,1457.8,1455.43,102564,1492.74,10126, 78575, 76.61
CANBK, EQ, 02-Dec-2020,109.9,109.95,110.5,104.05, 105.50,105.75,106.97,29494304,31549.83,84355, 4636638, 15.72
CANDC, BZ, 02-Dec-2020,3.6,3.75,3.75,3.75, 3.75,3.75,3.75,4850,0.18,7, -, -
CANFINHOME, EQ, 02-Dec-2020,489.15,492.0,493.65,476.2, 479.70,479.15,483.05,266716,1288.37,11683, 114700, 43.00
CANTABIL, EQ, 02-Dec-2020,362.8,365.75,370.0,350.55, 350.55,356.7,362.7,100569,364.76,1816, 21660, 21.54
CAPACITE, EQ, 02-Dec-2020,193.35,195.35,195.35,187.0, 189.60,189.65,190.45,156838,298.69,4106, 57741, 36.82
CAPLIPOINT, EQ, 02-Dec-2020,484.7,488.55,491.05,476.0, 482.00,481.45,481.19,143657,691.27,5438, 67191, 46.77
CAPTRUST, EQ, 02-Dec-2020,69.35,70.0,72.5,68.25, 68.65,69.1,69.8,5166,3.61,173, 4419, 85.54
CARBORUNIV, EQ, 02-Dec-2020,385.8,383.0,401.5,368.9, 397.20,393.5,387.61,854388,3311.69,34702, 413349, 48.38
CAREERP, EQ, 02-Dec-2020,171.15,172.0,183.95,170.15, 175.10,175.65,178.4,508525,907.18,8368, 163581, 32.17
CARERATING, EQ, 02-Dec-2020,560.3,560.0,580.0,539.55, 574.45,573.45,563.32,797712,4493.67,26782, 218623, 27.41
CASTEXTECH, BE, 02-Dec-2020,0.45,0.5,0.5,0.5, 0.50,0.5,0.5,13801,0.07,10, -, -
CASTROLIND, EQ, 02-Dec-2020,128.55,129.3,131.85,128.95, 130.25,130.75,130.49,1457706,1902.14,19207, 725304, 49.76
CCCL, BE, 02-Dec-2020,0.35,0.3,0.35,0.3, 0.30,0.35,0.34,29809,0.1,13, -, -
CCHHL, EQ, 02-Dec-2020,3.55,3.6,3.7,3.45, 3.70,3.65,3.6,82412,2.96,175, 64250, 77.96
CCL, EQ, 02-Dec-2020,266.15,267.45,269.95,263.2, 266.00,266.5,266.4,136617,363.95,7437, 75708, 55.42
CDSL, EQ, 02-Dec-2020,494.3,494.3,505.2,491.25, 497.10,499.4,500.17,1142272,5713.32,26634, 416342, 36.45
CEATLTD, EQ, 02-Dec-2020,1170.3,1179.0,1180.0,1156.0, 1163.70,1168.65,1169.62,140792,1646.74,6737, 31056, 22.06
CEBBCO, EQ, 02-Dec-2020,15.15,15.45,16.6,14.25, 16.25,16.3,16.26,210164,34.17,693, 138605, 65.95
CELEBRITY, EQ, 02-Dec-2020,4.75,4.8,4.8,4.65, 4.75,4.75,4.69,42320,1.98,93, 32672, 77.20
CENTENKA, EQ, 02-Dec-2020,200.55,202.5,211.0,199.0, 208.00,207.75,206.89,198184,410.02,4490, 99039, 49.97
CENTEXT, EQ, 02-Dec-2020,3.85,3.85,4.2,3.7, 4.10,4.1,4.03,266867,10.75,305, 196196, 73.52
CENTRALBK, EQ, 02-Dec-2020,13.0,13.2,13.55,13.05, 13.40,13.35,13.38,7651695,1024.14,7043, 3234984, 42.28
CENTRUM, EQ, 02-Dec-2020,18.0,18.3,18.6,17.25, 17.90,18.35,17.94,1857589,333.22,3876, 633407, 34.10
CENTUM, EQ, 02-Dec-2020,322.65,324.0,329.65,321.0, 323.00,324.2,323.17,6630,21.43,289, 4931, 74.37
CENTURYPLY, EQ, 02-Dec-2020,208.95,209.8,210.0,205.5, 208.50,208.6,207.58,201052,417.35,5820, 100583, 50.03
CENTURYTEX, EQ, 02-Dec-2020,354.8,356.9,375.0,355.75, 374.25,373.1,367.0,2269996,8330.85,31285, 748726, 32.98
CERA, EQ, 02-Dec-2020,3304.5,3315.0,3320.85,3200.0, 3205.00,3212.0,3240.65,7729,250.47,2483, 4593, 59.43
CEREBRAINT, EQ, 02-Dec-2020,28.0,28.1,28.45,27.8, 27.80,27.9,28.03,133439,37.4,327, 104032, 77.96
CESC, EQ, 02-Dec-2020,592.1,595.0,606.0,590.0, 605.90,603.15,600.72,1103797,6630.74,20942, 658930, 59.70
CESCVENT, EQ, 02-Dec-2020,262.6,266.0,269.95,259.5, 263.55,264.0,264.94,46346,122.79,2274, 24357, 52.55
CGCL, EQ, 02-Dec-2020,296.65,298.95,304.4,289.1, 290.55,292.5,296.47,82997,246.06,4960, 15672, 18.88
CGPOWER, EQ, 02-Dec-2020,43.25,45.4,45.4,45.4, 45.40,45.4,45.4,1802912,818.52,1026, 1752902, 97.23
CHALET, EQ, 02-Dec-2020,152.05,154.45,163.3,153.6, 162.00,161.85,159.19,664894,1058.47,8610, 386137, 58.07
CHAMBLFERT, EQ, 02-Dec-2020,199.8,199.9,201.8,195.55, 199.00,198.25,198.88,1014496,2017.58,13557, 780455, 76.93
CHEMBOND, EQ, 02-Dec-2020,164.05,160.55,178.05,159.0, 162.00,161.8,165.62,29343,48.6,629, 11896, 40.54
CHEMCON, EQ, 02-Dec-2020,418.35,418.95,425.9,416.15, 419.45,420.25,420.81,251934,1060.16,7966, 84834, 33.67
CHEMFAB, EQ, 02-Dec-2020,135.7,136.55,142.0,136.45, 141.00,138.9,138.03,6650,9.18,160, 4009, 60.29
CHENNPETRO, EQ, 02-Dec-2020,87.75,87.85,92.35,87.65, 89.60,89.55,90.51,2547342,2305.55,17408, 822726, 32.30
CHOLAFIN, EQ, 02-Dec-2020,374.8,376.0,382.85,371.0, 374.65,374.9,376.1,4970169,18693.0,81966, 1172416, 23.59
CHOLAHLDNG, EQ, 02-Dec-2020,526.6,526.6,539.8,517.7, 534.90,531.85,528.68,130790,691.47,6802, 39341, 30.08
CHROMATIC, EQ, 02-Dec-2020,0.65,0.7,0.7,0.65, 0.65,0.65,0.67,29073,0.2,45, 15386, 52.92
CIGNITITEC, EQ, 02-Dec-2020,412.95,415.05,434.8,415.0, 425.00,426.55,427.57,74671,319.27,2320, 57166, 76.56
CINELINE, EQ, 02-Dec-2020,33.5,36.55,36.95,34.95, 35.10,35.15,35.76,283049,101.22,1848, 162405, 57.38
CINEVISTA, EQ, 02-Dec-2020,7.25,7.5,7.6,7.15, 7.30,7.3,7.54,18219,1.37,70, 15762, 86.51
CIPLA, EQ, 02-Dec-2020,755.6,758.0,761.0,751.15, 757.50,758.35,756.31,3983393,30126.9,60438, 882236, 22.15
CKPLEISURE, SM, 02-Dec-2020,2.8,2.9,2.9,2.9, 2.90,2.9,2.9,12000,0.35,3, 12000, 100.00
CLEDUCATE, EQ, 02-Dec-2020,62.5,62.65,63.4,60.55, 61.70,60.95,61.53,16223,9.98,419, 10998, 67.79
CLNINDIA, EQ, 02-Dec-2020,378.3,380.0,383.2,369.1, 371.00,370.8,375.18,87088,326.74,3676, 45830, 52.62
CMICABLES, EQ, 02-Dec-2020,32.25,32.5,33.0,32.2, 32.95,32.65,32.57,25695,8.37,246, 16336, 63.58
CMMIPL, SM, 02-Dec-2020,2.5,2.6,2.6,2.6, 2.60,2.6,2.6,12000,0.31,4, 12000, 100.00
CNOVAPETRO, EQ, 02-Dec-2020,6.25,6.25,6.55,5.95, 6.00,6.1,6.22,28278,1.76,59, 6781, 23.98
COALINDIA, EQ, 02-Dec-2020,126.4,127.0,131.15,126.4, 130.80,129.75,128.32,21081119,27050.89,76409, 7372393, 34.97
COCHINSHIP, EQ, 02-Dec-2020,369.5,369.8,370.7,362.0, 365.95,365.7,365.48,281437,1028.6,7673, 168232, 59.78
COFORGE, EQ, 02-Dec-2020,2455.4,2465.0,2481.6,2407.0, 2445.45,2443.25,2447.49,351021,8591.22,18821, 103730, 29.55
COLPAL, EQ, 02-Dec-2020,1504.0,1514.0,1524.85,1500.05, 1518.80,1519.9,1513.11,511249,7735.77,31208, 231104, 45.20
COMPINFO, EQ, 02-Dec-2020,13.7,13.85,15.4,13.8, 15.00,15.15,14.59,1286894,187.75,2092, 912836, 70.93
COMPUSOFT, EQ, 02-Dec-2020,7.25,7.4,7.6,7.15, 7.45,7.55,7.44,102785,7.64,305, 86414, 84.07
CONCOR, EQ, 02-Dec-2020,409.65,413.0,413.5,405.0, 408.70,409.8,409.21,2200909,9006.34,32720, 614515, 27.92
CONFIPET, EQ, 02-Dec-2020,31.15,31.8,32.5,29.9, 32.50,32.3,31.91,994737,317.38,3293, 496092, 49.87
CONSOFINVT, EQ, 02-Dec-2020,39.25,39.6,39.6,36.85, 37.95,38.85,38.91,2059,0.8,25, 1518, 73.73
CONTROLPR, EQ, 02-Dec-2020,223.5,225.0,225.0,215.2, 219.90,219.15,217.52,65094,141.59,1210, 47958, 73.67
CORALFINAC, EQ, 02-Dec-2020,19.75,19.75,20.3,19.75, 19.75,20.0,20.04,6978,1.4,71, 6444, 92.35
CORDSCABLE, EQ, 02-Dec-2020,43.25,43.1,44.6,42.3, 43.10,42.95,43.15,44328,19.13,394, 21361, 48.19
COROMANDEL, EQ, 02-Dec-2020,823.05,826.4,831.0,801.1, 803.75,806.2,809.33,362233,2931.66,15475, 198847, 54.89
COSMOFILMS, EQ, 02-Dec-2020,443.7,447.0,449.3,437.15, 440.90,441.35,445.54,53846,239.91,2462, 37485, 69.62
COUNCODOS, BE, 02-Dec-2020,2.55,2.65,2.65,2.65, 2.65,2.65,2.65,52945,1.4,70, -, -
COX&KINGS, BZ, 02-Dec-2020,1.4,1.4,1.4,1.35, 1.35,1.35,1.36,905163,12.34,285, -, -
CPSEETF, EQ, 02-Dec-2020,19.03,19.03,19.4,18.95, 19.29,19.39,19.23,14905525,2866.09,2744, 14295888, 95.91
CREATIVE, EQ, 02-Dec-2020,115.0,110.7,115.45,110.0, 110.00,111.05,112.4,12019,13.51,176, 4433, 36.88
CREATIVEYE, EQ, 02-Dec-2020,2.65,2.7,2.75,2.6, 2.75,2.75,2.63,4216,0.11,53, 2513, 59.61
CREDITACC, EQ, 02-Dec-2020,809.25,813.0,827.0,792.1, 814.00,814.3,813.35,100314,815.9,11430, 48753, 48.60
CREST, EQ, 02-Dec-2020,94.2,93.25,95.0,92.25, 93.50,93.0,93.82,16148,15.15,392, 10559, 65.39
CRISIL, EQ, 02-Dec-2020,2000.35,2014.9,2014.9,1960.0, 1979.80,1978.7,1979.46,33528,663.67,3084, 13827, 41.24
CROMPTON, EQ, 02-Dec-2020,321.25,324.25,333.0,322.2, 329.05,329.05,328.21,1966036,6452.82,71946, 1145597, 58.27
CSBBANK, EQ, 02-Dec-2020,247.5,245.0,245.0,232.0, 233.20,232.75,236.87,990111,2345.31,15767, 659899, 66.65
CTE, EQ, 02-Dec-2020,34.25,35.75,35.95,33.05, 35.95,35.95,35.59,19849,7.06,253, 15168, 76.42
CUB, EQ, 02-Dec-2020,182.1,183.8,185.6,180.1, 180.85,181.7,183.67,2309556,4241.85,19608, 1449764, 62.77
CUBEXTUB, EQ, 02-Dec-2020,19.5,19.5,20.25,18.1, 18.70,18.35,18.65,42560,7.94,402, 29175, 68.55
CUMMINSIND, EQ, 02-Dec-2020,578.45,577.65,579.95,565.25, 577.50,575.8,575.08,785663,4518.17,18733, 122974, 15.65
CUPID, EQ, 02-Dec-2020,233.6,235.65,238.5,232.0, 236.75,237.05,236.25,143709,339.51,2847, 84278, 58.64
CYBERTECH, EQ, 02-Dec-2020,84.45,85.4,86.4,81.45, 81.45,82.2,83.76,163248,136.74,1869, 100058, 61.29
CYIENT, EQ, 02-Dec-2020,480.2,480.7,484.55,471.15, 475.00,474.45,476.4,265635,1265.47,13456, 126386, 47.58
DAAWAT, EQ, 02-Dec-2020,53.8,54.8,58.0,54.15, 56.60,56.8,56.18,6804045,3822.7,25069, 2898055, 42.59
DABUR, EQ, 02-Dec-2020,506.0,507.5,509.5,497.25, 502.90,502.5,504.23,3467739,17485.4,46439, 1039620, 29.98
DALBHARAT, EQ, 02-Dec-2020,1151.6,1156.0,1175.0,1130.1, 1170.00,1165.8,1153.81,153038,1765.76,15537, 60646, 39.63
DALMIASUG, EQ, 02-Dec-2020,140.7,141.0,141.0,136.8, 138.20,138.15,138.92,135074,187.64,1757, 84363, 62.46
DAMODARIND, EQ, 02-Dec-2020,25.4,26.65,26.65,24.0, 26.00,25.95,25.74,28230,7.27,63, 26668, 94.47
DANGEE, EQ, 02-Dec-2020,123.7,122.1,126.0,119.0, 124.00,124.1,123.68,3515,4.35,145, 3013, 85.72
DATAMATICS, EQ, 02-Dec-2020,78.0,77.35,78.8,75.0, 76.25,76.2,76.5,74056,56.65,963, 52962, 71.52
DBCORP, EQ, 02-Dec-2020,82.5,83.45,85.8,82.6, 85.00,84.75,84.45,593764,501.42,4707, 232358, 39.13
DBL, EQ, 02-Dec-2020,362.45,362.0,368.0,360.1, 362.50,362.9,363.04,96337,349.74,2044, 50988, 52.93
DBREALTY, EQ, 02-Dec-2020,15.45,16.95,16.95,16.95, 16.95,16.95,16.95,102296,17.34,241, 102296, 100.00
DBSTOCKBRO, EQ, 02-Dec-2020,11.55,11.95,12.1,11.0, 11.00,11.05,11.04,455661,50.31,233, 453252, 99.47
DCAL, EQ, 02-Dec-2020,139.9,140.5,144.5,139.7, 142.70,142.95,142.16,260859,370.83,4057, 109703, 42.05
DCBBANK, EQ, 02-Dec-2020,112.25,113.9,117.5,113.7, 116.90,116.75,115.7,4985497,5768.44,34364, 2391128, 47.96
DCM, EQ, 02-Dec-2020,18.8,19.5,20.55,18.9, 20.55,20.35,19.77,43348,8.57,312, 27500, 63.44
DCMFINSERV, EQ, 02-Dec-2020,1.0,1.0,1.05,0.95, 1.00,1.0,1.03,5211,0.05,13, 5111, 98.08
DCMNVL, EQ, 02-Dec-2020,29.35,30.05,30.7,28.6, 28.80,28.9,29.79,23880,7.11,560, 9926, 41.57
DCMSHRIRAM, EQ, 02-Dec-2020,378.9,380.6,384.0,371.6, 375.50,374.95,376.92,132713,500.22,4947, 37723, 28.42
DCW, EQ, 02-Dec-2020,17.0,17.25,18.75,16.85, 18.25,18.2,17.85,2555696,456.3,4196, 1045247, 40.90
DECCANCE, EQ, 02-Dec-2020,356.1,362.2,372.3,360.5, 369.85,368.55,366.23,108427,397.1,4193, 54685, 50.43
DEEPAKFERT, EQ, 02-Dec-2020,146.9,149.35,150.9,146.3, 149.55,149.2,149.11,761135,1134.89,7836, 317127, 41.67
DEEPAKNTR, EQ, 02-Dec-2020,864.25,866.9,877.25,836.8, 841.00,840.25,849.67,784534,6665.96,35278, 319575, 40.73
DEEPENR, EQ, 02-Dec-2020,44.0,45.9,45.9,41.6, 43.00,42.8,43.66,107787,47.06,1043, 65469, 60.74
DELTACORP, EQ, 02-Dec-2020,131.75,133.9,135.75,132.0, 134.20,133.95,134.08,2295034,3077.19,16728, 840907, 36.64
DELTAMAGNT, EQ, 02-Dec-2020,26.65,27.95,27.95,26.0, 27.95,27.95,27.54,70833,19.51,464, 47896, 67.62
DEN, EQ, 02-Dec-2020,69.8,71.5,71.5,69.55, 70.00,70.0,70.13,143788,100.83,2514, 78005, 54.25
DENORA, EQ, 02-Dec-2020,208.4,210.25,214.8,206.95, 210.00,209.2,210.09,5851,12.29,251, 3406, 58.21
DEVIT, SM, 02-Dec-2020,135.5,133.75,133.75,133.75, 133.75,133.75,133.75,1500,2.01,1, 1500, 100.00
DFMFOODS, EQ, 02-Dec-2020,369.05,369.0,393.85,359.8, 386.05,384.0,382.86,211404,809.39,6095, 111156, 52.58
DGCONTENT, EQ, 02-Dec-2020,11.1,11.5,11.5,10.9, 10.90,11.0,11.24,28338,3.19,72, 21767, 76.81
DHAMPURSUG, EQ, 02-Dec-2020,163.8,164.0,164.0,155.9, 158.30,157.5,159.08,688932,1095.94,7163, 347216, 50.40
DHANBANK, EQ, 02-Dec-2020,12.45,12.35,12.65,12.35, 12.60,12.55,12.54,516858,64.81,813, 360891, 69.82
DHANI, EQ, 02-Dec-2020,287.35,288.0,295.0,276.0, 289.50,290.85,286.16,1049706,3003.8,13041, 424559, 40.45
DHANILOANS, N2, 02-Dec-2020,1155.0,1160.01,1160.02,1160.01, 1160.01,1160.01,1160.01,61,0.71,4, 61, 100.00
DHANILOANS, N3, 02-Dec-2020,975.0,900.0,979.0,900.0, 978.00,978.0,971.08,250,2.43,4, 230, 92.00
DHANILOANS, N4, 02-Dec-2020,991.0,999.1,999.1,999.1, 999.10,999.1,999.1,10,0.1,1, 10, 100.00
DHANILOANS, N5, 02-Dec-2020,1099.95,1095.0,1095.0,1090.0, 1090.00,1090.0,1090.61,114,1.24,4, 114, 100.00
DHANILOANS, N6, 02-Dec-2020,1025.0,990.0,990.0,970.0, 970.00,970.02,984.31,144,1.42,6, 144, 100.00
DHANILOANS, N7, 02-Dec-2020,975.0,999.99,999.99,975.0, 975.00,975.0,982.14,35,0.34,2, 35, 100.00
DHANILOANS, N8, 02-Dec-2020,925.0,870.1,968.0,815.2, 968.00,967.27,921.82,346,3.19,32, 270, 78.03
DHANILOANS, NF, 02-Dec-2020,959.0,959.0,959.0,959.0, 959.00,959.0,959.0,86,0.82,1, 86, 100.00
DHANIPP, E1, 02-Dec-2020,142.55,145.4,145.45,133.0, 138.90,139.6,138.96,284231,394.96,2443, 89424, 31.46
DHANUKA, EQ, 02-Dec-2020,778.2,789.0,789.0,755.0, 768.95,768.85,771.06,75223,580.01,5283, 41696, 55.43
DHARSUGAR, EQ, 02-Dec-2020,4.5,4.7,4.7,4.3, 4.40,4.4,4.37,11862,0.52,41, 8799, 74.18
DHFL, EQ, 02-Dec-2020,28.4,29.8,29.8,29.8, 29.80,29.8,29.8,1382747,412.06,953, 1382747, 100.00
DHFL, N4, 02-Dec-2020,315.0,350.0,350.0,350.0, 350.00,350.0,350.0,4,0.01,1, 4, 100.00
DHFL, N6, 02-Dec-2020,320.0,329.8,330.0,311.0, 311.00,329.1,329.2,415,1.37,8, 415, 100.00
DHFL, NA, 02-Dec-2020,322.0,330.0,330.0,330.0, 330.00,330.0,330.0,210,0.69,2, 210, 100.00
DHFL, NC, 02-Dec-2020,335.0,334.0,335.0,334.0, 334.00,334.0,334.45,2207,7.38,36, 1808, 81.92
DHFL, NF, 02-Dec-2020,461.0,461.0,461.0,400.0, 400.00,400.0,427.45,80,0.34,4, 80, 100.00
DHFL, NH, 02-Dec-2020,330.0,355.0,355.0,355.0, 355.00,355.0,355.0,5,0.02,1, 5, 100.00
DHFL, NN, 02-Dec-2020,305.0,324.0,334.0,324.0, 334.00,332.43,332.44,508,1.69,3, 508, 100.00
DHFL, NP, 02-Dec-2020,334.76,325.0,334.0,325.0, 334.00,334.0,331.09,1114,3.69,17, 957, 85.91
DHFL, NQ, 02-Dec-2020,310.0,300.0,315.0,300.0, 315.00,315.0,307.86,21,0.06,3, 21, 100.00
DHFL, NS, 02-Dec-2020,313.01,329.9,329.9,324.9, 324.90,324.9,325.13,110,0.36,3, 100, 90.91
DHFL, Y1, 02-Dec-2020,320.0,310.05,326.2,310.05, 326.20,326.2,316.57,116,0.37,3, 116, 100.00
DHUNINV, EQ, 02-Dec-2020,245.85,248.05,260.5,244.15, 255.00,253.5,253.98,4056,10.3,212, 2757, 67.97
DIAMONDYD, EQ, 02-Dec-2020,665.0,669.6,678.0,649.05, 672.00,664.05,661.63,7954,52.63,659, 5453, 68.56
DIAPOWER, BZ, 02-Dec-2020,0.7,0.7,0.7,0.65, 0.70,0.7,0.68,24113,0.16,27, -, -
DICIND, EQ, 02-Dec-2020,380.95,380.95,391.0,380.0, 389.40,387.4,386.56,12819,49.55,784, 4501, 35.11
DIGISPICE, EQ, 02-Dec-2020,10.75,11.25,11.25,11.25, 11.25,11.25,11.25,24033,2.7,54, 24033, 100.00
DIGJAMLTD, BZ, 02-Dec-2020,2.8,2.9,2.9,2.8, 2.90,2.85,2.87,29417,0.84,36, -, -
DISHTV, EQ, 02-Dec-2020,10.1,10.15,10.25,10.05, 10.15,10.15,10.15,8148318,826.73,4615, 4707765, 57.78
DIVISLAB, EQ, 02-Dec-2020,3620.75,3622.0,3654.85,3615.0, 3643.70,3639.55,3635.22,755137,27450.88,46140, 265098, 35.11
DIXON, EQ, 02-Dec-2020,11534.45,11521.0,11681.7,11274.95, 11400.00,11399.45,11498.63,28147,3236.52,10403, 16860, 59.90
DLF, EQ, 02-Dec-2020,195.1,194.75,202.3,194.0, 201.40,200.85,198.02,16010211,31702.93,85892, 2645331, 16.52
DLINKINDIA, EQ, 02-Dec-2020,107.15,109.0,114.7,107.8, 112.60,113.4,111.92,1244662,1393.02,14306, 547206, 43.96
DMART, EQ, 02-Dec-2020,2426.7,2435.0,2473.0,2380.15, 2458.00,2456.0,2431.29,494720,12028.09,38277, 154653, 31.26
DOLAT, EQ, 02-Dec-2020,46.65,46.6,47.35,46.45, 46.65,46.9,46.87,82529,38.68,550, 57994, 70.27
DOLLAR, EQ, 02-Dec-2020,192.55,193.5,193.5,186.25, 188.50,188.0,188.94,112817,213.16,2841, 45827, 40.62
DONEAR, EQ, 02-Dec-2020,29.45,29.5,30.2,29.05, 29.10,29.25,29.76,60355,17.96,429, 34397, 56.99
DPABHUSHAN, EQ, 02-Dec-2020,84.5,85.0,85.05,82.3, 84.60,84.05,83.91,9594,8.05,133, 9202, 95.91
DPSCLTD, EQ, 02-Dec-2020,11.5,11.45,11.95,11.15, 11.30,11.35,11.45,40294,4.61,159, 27921, 69.29
DPWIRES, EQ, 02-Dec-2020,73.1,75.0,79.8,72.75, 78.00,75.2,74.71,1729,1.29,56, 1378, 79.70
DQE, EQ, 02-Dec-2020,1.15,1.15,1.15,1.1, 1.15,1.1,1.11,50142,0.56,52, 49914, 99.55
DREDGECORP, EQ, 02-Dec-2020,282.8,284.0,287.5,278.25, 280.95,279.5,281.98,105375,297.14,4250, 34113, 32.37
DRREDDY, EQ, 02-Dec-2020,4830.4,4852.1,4889.0,4811.0, 4848.35,4850.25,4847.29,1223452,59304.23,76193, 299667, 24.49
DSML, SM, 02-Dec-2020,18.85,18.0,19.65,18.0, 19.65,19.65,18.83,12000,2.26,2, 0, 0.00
DSSL, EQ, 02-Dec-2020,43.05,43.5,45.0,42.6, 43.25,43.5,43.67,15749,6.88,379, 8360, 53.08
DTIL, EQ, 02-Dec-2020,265.75,272.95,272.95,266.15, 266.55,268.5,269.56,11016,29.69,400, 6948, 63.07
DUCON, EQ, 02-Dec-2020,4.45,4.65,4.65,4.35, 4.65,4.65,4.6,90239,4.15,125, 66208, 73.37
DVL, EQ, 02-Dec-2020,64.1,64.85,65.0,63.0, 64.15,64.55,64.14,17058,10.94,202, 16267, 95.36
DWARKESH, EQ, 02-Dec-2020,30.4,30.3,30.3,29.15, 29.45,29.45,29.7,1242959,369.12,2831, 716757, 57.67
DYNAMATECH, EQ, 02-Dec-2020,698.85,700.75,760.0,700.75, 739.00,740.5,736.99,40452,298.13,2933, 20343, 50.29
DYNPRO, EQ, 02-Dec-2020,231.15,233.2,236.0,226.35, 230.55,230.05,231.15,83066,192.01,1971, 44039, 53.02
E2E, SM, 02-Dec-2020,42.45,40.35,42.35,40.35, 40.35,40.35,40.69,12000,4.88,6, 8000, 66.67
EASUNREYRL, BZ, 02-Dec-2020,1.9,1.9,1.95,1.9, 1.95,1.95,1.93,2739,0.05,9, -, -
EBANK, EQ, 02-Dec-2020,3240.49,2916.01,3286.32,2916.01, 3286.32,3286.32,3148.67,25,0.79,15, 5, 20.00
EBBETF0423, EQ, 02-Dec-2020,1109.12,1109.75,1109.75,1108.02, 1108.02,1108.79,1109.05,2407,26.69,41, 2262, 93.98
EBBETF0425, EQ, 02-Dec-2020,1022.49,1021.15,1023.99,1020.5, 1023.90,1023.6,1022.69,67004,685.25,260, 54913, 81.95
EBBETF0430, EQ, 02-Dec-2020,1131.69,1200.0,1200.0,1125.0, 1129.47,1129.46,1127.63,31403,354.11,247, 29296, 93.29
EBBETF0431, EQ, 02-Dec-2020,1016.91,1017.4,1017.4,1014.0, 1015.70,1016.48,1015.48,28895,293.42,131, 27321, 94.55
EBIXFOREX, EQ, 02-Dec-2020,526.7,534.0,550.0,517.5, 518.00,519.15,525.39,2995,15.74,268, 1830, 61.10
ECLERX, EQ, 02-Dec-2020,728.9,730.0,737.5,715.0, 728.20,720.05,723.55,33755,244.23,2477, 20216, 59.89
ECLFINANCE, NE, 02-Dec-2020,1240.0,1205.4,1239.99,1205.4, 1239.99,1239.99,1208.54,11,0.13,2, 11, 100.00
ECLFINANCE, NG, 02-Dec-2020,951.1,950.0,960.0,947.0, 960.00,960.0,950.34,277,2.63,3, 277, 100.00
ECLFINANCE, NI, 02-Dec-2020,984.03,980.0,989.0,954.01, 983.00,983.0,968.43,40,0.39,6, 39, 97.50
ECLFINANCE, NJ, 02-Dec-2020,930.0,920.0,922.0,912.11, 915.00,914.99,915.4,1765,16.16,52, 1735, 98.30
ECLFINANCE, NK, 02-Dec-2020,895.01,880.57,900.0,880.01, 900.00,900.0,895.41,527,4.72,19, 428, 81.21
ECLFINANCE, NM, 02-Dec-2020,1070.0,1070.0,1070.0,1069.99, 1069.99,1069.99,1069.99,51,0.55,2, 51, 100.00
ECLFINANCE, NO, 02-Dec-2020,975.0,975.0,990.0,975.0, 984.00,984.0,983.13,232,2.28,11, 225, 96.98
ECLFINANCE, NP, 02-Dec-2020,1035.0,1030.01,1035.0,1030.0, 1035.00,1035.0,1030.24,105,1.08,7, 100, 95.24
ECLFINANCE, NQ, 02-Dec-2020,1150.0,1100.0,1100.0,1100.0, 1100.00,1100.0,1100.0,70,0.77,3, 70, 100.00
ECLFINANCE, NR, 02-Dec-2020,977.84,975.0,979.0,975.0, 976.00,976.32,975.92,401,3.91,19, 397, 99.00
ECLFINANCE, NS, 02-Dec-2020,1020.82,1030.0,1030.0,1018.0, 1020.00,1020.78,1025.39,330,3.38,15, 330, 100.00
EDELWEISS, EQ, 02-Dec-2020,73.5,75.0,77.15,72.55, 74.00,74.3,75.29,4044237,3044.84,18042, 2069892, 51.18
EDUCOMP, BZ, 02-Dec-2020,2.55,2.65,2.65,2.55, 2.65,2.65,2.64,17284,0.46,51, -, -
EHFLNCD, N5, 02-Dec-2020,926.0,936.55,990.0,936.55, 990.00,989.99,989.09,59,0.58,3, 58, 98.31
EHFLNCD, N6, 02-Dec-2020,895.95,896.0,905.0,896.0, 900.00,900.0,900.67,2214,19.94,28, 2214, 100.00
EICHERMOT, EQ, 02-Dec-2020,2532.7,2528.0,2549.9,2507.0, 2531.00,2532.5,2527.54,1293136,32684.56,67476, 255615, 19.77
EIDPARRY, EQ, 02-Dec-2020,343.95,344.0,346.95,336.5, 338.00,338.1,339.75,295896,1005.31,9307, 102096, 34.50
EIHAHOTELS, EQ, 02-Dec-2020,258.5,269.4,270.5,261.0, 263.80,264.8,264.22,36103,95.39,1028, 14530, 40.25
EIHOTEL, EQ, 02-Dec-2020,91.7,96.0,97.0,92.05, 94.15,94.05,94.65,2241467,2121.66,13093, 906437, 40.44
EIMCOELECO, EQ, 02-Dec-2020,338.15,338.25,343.6,325.5, 331.50,333.8,334.2,4336,14.49,761, 1863, 42.97
EKC, EQ, 02-Dec-2020,51.15,53.7,53.7,53.7, 53.70,53.7,53.7,252248,135.46,358, 252248, 100.00
ELECON, EQ, 02-Dec-2020,41.1,42.65,43.65,40.7, 40.90,41.1,42.05,799126,335.99,4655, 428667, 53.64
ELECTCAST, EQ, 02-Dec-2020,23.6,23.65,24.4,22.95, 23.95,23.95,23.92,1070877,256.19,2283, 582128, 54.36
ELECTHERM, EQ, 02-Dec-2020,102.2,103.0,122.6,102.7, 113.95,115.8,117.88,561630,662.05,7172, 146009, 26.00
ELGIEQUIP, EQ, 02-Dec-2020,135.1,134.1,135.95,131.0, 134.55,135.05,134.55,72779,97.93,2179, 49510, 68.03
ELGIRUBCO, EQ, 02-Dec-2020,18.6,18.3,19.4,18.3, 18.55,18.8,18.9,34418,6.5,109, 16861, 48.99
EMAMILTD, EQ, 02-Dec-2020,442.8,443.0,448.4,430.55, 433.50,434.85,438.86,661789,2904.32,15608, 353374, 53.40
EMAMIPAP, EQ, 02-Dec-2020,76.35,78.85,78.85,75.0, 75.20,75.25,76.14,13231,10.07,131, 11291, 85.34
EMAMIREAL, EQ, 02-Dec-2020,46.25,47.5,48.55,46.25, 48.55,48.55,48.28,52942,25.56,573, 28532, 53.89
EMBASSY, RR, 02-Dec-2020,350.14,349.8,350.0,333.6, 336.00,336.88,341.45,2379600,8125.13,2304, 2081800, 87.49
EMCO, BZ, 02-Dec-2020,1.25,1.25,1.3,1.25, 1.25,1.25,1.25,5611,0.07,6, -, -
EMKAY, EQ, 02-Dec-2020,71.65,71.95,73.5,69.35, 70.85,69.9,70.82,26046,18.44,348, 15519, 59.58
EMMBI, EQ, 02-Dec-2020,74.15,74.65,77.85,74.3, 75.30,75.6,75.7,86420,65.42,1249, 29019, 33.58
EMOFSR1RDP, MF, 02-Dec-2020,10.75,10.74,10.75,10.74, 10.75,10.74,10.74,3000,0.32,3, 3000, 100.00
EMOFSR1RGG, MF, 02-Dec-2020,10.65,10.47,11.0,10.47, 10.70,10.7,10.66,30285,3.23,27, 30285, 100.00
ENDURANCE, EQ, 02-Dec-2020,1141.0,1151.65,1151.65,1122.25, 1135.20,1137.3,1131.71,46967,531.53,4903, 30126, 64.14
ENERGYDEV, EQ, 02-Dec-2020,6.55,6.85,6.85,6.5, 6.75,6.8,6.67,24193,1.61,131, 19131, 79.08
ENGINERSIN, EQ, 02-Dec-2020,74.8,75.3,75.6,74.05, 74.30,74.4,74.75,2356928,1761.77,9569, 1236147, 52.45
ENIL, EQ, 02-Dec-2020,157.1,153.05,158.95,152.6, 153.45,153.85,154.1,14073,21.69,345, 9551, 67.87
EPL, EQ, 02-Dec-2020,256.95,256.85,260.65,252.45, 255.20,255.9,255.61,155965,398.65,5270, 112647, 72.23
EQ30, EQ, 02-Dec-2020,386.0,375.0,388.0,365.0, 387.00,387.0,377.55,60,0.23,18, 38, 63.33
EQUITAS, EQ, 02-Dec-2020,70.2,70.0,70.5,69.2, 69.60,69.6,69.7,2071085,1443.54,25955, 1371761, 66.23
EQUITASBNK, EQ, 02-Dec-2020,34.8,34.9,35.4,34.15, 34.40,34.4,34.55,1058999,365.85,4021, 762198, 71.97
ERFLNCDI, N3, 02-Dec-2020,942.5,930.0,930.0,930.0, 930.00,930.0,930.0,1,0.01,1, 1, 100.00
ERFLNCDI, N5, 02-Dec-2020,865.0,864.99,869.5,850.0, 850.00,862.98,865.04,350,3.03,12, 350, 100.00
ERIS, EQ, 02-Dec-2020,520.05,521.0,538.95,520.0, 528.70,530.15,528.25,419977,2218.52,14239, 300137, 71.47
EROSMEDIA, EQ, 02-Dec-2020,21.9,22.3,22.3,21.4, 22.00,22.0,21.94,281171,61.68,640, 242740, 86.33
ESABINDIA, EQ, 02-Dec-2020,1469.0,1469.0,1488.0,1445.5, 1468.00,1463.15,1461.66,2669,39.01,608, 1554, 58.22
ESCORTS, EQ, 02-Dec-2020,1373.7,1379.9,1422.0,1376.0, 1418.55,1417.9,1401.92,2446125,34292.68,75791, 571303, 23.36
ESSARSHPNG, EQ, 02-Dec-2020,8.25,8.45,8.65,8.05, 8.65,8.5,8.27,44203,3.66,245, 30327, 68.61
ESTER, EQ, 02-Dec-2020,126.45,127.95,129.55,123.3, 124.30,124.25,126.23,451454,569.89,9435, 176631, 39.12
EUROCERA, BZ, 02-Dec-2020,2.7,2.6,2.6,2.6, 2.60,2.6,2.6,1000,0.03,3, -, -
EUROMULTI, EQ, 02-Dec-2020,1.6,1.65,1.65,1.55, 1.60,1.6,1.62,28763,0.47,75, 25984, 90.34
EVEREADY, EQ, 02-Dec-2020,176.5,177.95,177.95,172.5, 173.85,173.4,174.48,355178,619.73,3449, 252727, 71.16
EVERESTIND, EQ, 02-Dec-2020,275.05,276.6,276.9,270.0, 272.00,271.75,272.88,61452,167.69,1499, 36657, 59.65
EXCEL, EQ, 02-Dec-2020,1.45,1.45,1.5,1.45, 1.50,1.5,1.48,74080,1.1,90, 62170, 83.92
EXCELINDUS, EQ, 02-Dec-2020,834.75,838.95,849.75,831.05, 840.00,836.0,840.59,13689,115.07,1191, 8386, 61.26
EXIDEIND, EQ, 02-Dec-2020,183.85,184.4,188.9,180.95, 184.00,183.7,185.09,6530456,12087.19,45055, 1625396, 24.89
EXPLEOSOL, EQ, 02-Dec-2020,478.35,478.3,478.95,470.0, 478.00,475.75,475.58,21670,103.06,599, 16594, 76.58
FACT, EQ, 02-Dec-2020,54.55,56.0,56.0,53.0, 53.25,53.55,54.18,268162,145.28,2514, 94108, 35.09
FCL, EQ, 02-Dec-2020,43.95,44.8,44.9,42.3, 42.80,42.55,43.18,361657,156.15,2151, 238517, 65.95
FCONSUMER, EQ, 02-Dec-2020,8.45,8.7,8.75,8.4, 8.55,8.5,8.56,10263252,878.73,7895, 3713560, 36.18
FCSSOFT, EQ, 02-Dec-2020,0.4,0.45,0.45,0.4, 0.45,0.4,0.43,1083679,4.69,521, 683208, 63.05
FDC, EQ, 02-Dec-2020,344.0,344.0,353.7,341.4, 345.45,345.3,349.03,401902,1402.74,8722, 165876, 41.27
FEDERALBNK, EQ, 02-Dec-2020,65.6,65.75,66.95,63.8, 65.25,65.05,65.45,52003516,34035.6,84314, 12277473, 23.61
FEL, EQ, 02-Dec-2020,10.75,11.0,11.25,10.85, 11.25,11.2,11.17,2373460,265.04,3583, 1640371, 69.11
FELDVR, EQ, 02-Dec-2020,14.35,14.95,15.0,14.05, 14.35,14.35,14.54,103544,15.05,379, 63268, 61.10
FELIX, SM, 02-Dec-2020,31.0,32.55,32.55,32.55, 32.55,32.55,32.55,4000,1.3,1, 4000, 100.00
FIEMIND, EQ, 02-Dec-2020,547.4,546.0,553.5,542.0, 542.00,543.4,546.55,18558,101.43,1336, 10397, 56.02
FILATEX, EQ, 02-Dec-2020,33.9,33.55,35.8,33.2, 33.45,33.7,34.45,2320793,799.61,7609, 1844310, 79.47
FINCABLES, EQ, 02-Dec-2020,330.55,336.7,346.35,333.6, 336.90,337.2,339.21,744285,2524.71,23792, 405781, 54.52
FINEORG, EQ, 02-Dec-2020,2638.9,2644.0,2666.0,2611.0, 2632.00,2626.5,2637.44,16530,435.97,3598, 6571, 39.75
FINPIPE, EQ, 02-Dec-2020,622.35,622.15,625.75,614.35, 622.50,622.7,620.63,55650,345.38,4190, 36950, 66.40
FLEXITUFF, EQ, 02-Dec-2020,14.5,15.15,15.2,14.55, 15.20,15.2,15.13,11249,1.7,57, 10598, 94.21
FLFL, EQ, 02-Dec-2020,89.55,90.95,92.7,86.3, 87.40,87.6,88.64,598370,530.42,5806, 372316, 62.22
FLUOROCHEM, EQ, 02-Dec-2020,590.55,595.3,600.0,588.0, 594.95,593.15,593.71,100369,595.9,6015, 46559, 46.39
FMGOETZE, EQ, 02-Dec-2020,338.75,339.95,339.95,328.4, 332.00,331.8,333.31,41181,137.26,2054, 15108, 36.69
FMNL, EQ, 02-Dec-2020,17.0,17.5,17.6,17.0, 17.20,17.05,17.23,40943,7.05,322, 27269, 66.60
FORCEMOT, EQ, 02-Dec-2020,1152.1,1157.9,1175.0,1148.0, 1149.05,1152.9,1161.37,22462,260.87,1712, 11186, 49.80
FORTIS, EQ, 02-Dec-2020,152.95,154.2,154.5,148.1, 149.80,150.05,151.56,2429671,3682.29,14708, 1105374, 45.49
FOSECOIND, EQ, 02-Dec-2020,1176.25,1178.95,1236.95,1170.95, 1234.00,1225.9,1218.82,8555,104.27,818, 4926, 57.58
FRETAIL, EQ, 02-Dec-2020,78.55,79.65,81.2,76.55, 77.10,77.2,78.1,7397827,5777.53,43854, 4380955, 59.22
FSC, EQ, 02-Dec-2020,103.75,105.6,106.9,101.6, 103.95,103.65,104.56,130919,136.88,2626, 72519, 55.39
FSL, EQ, 02-Dec-2020,78.0,78.2,78.55,76.6, 77.10,77.25,77.46,1901130,1472.58,28480, 1208196, 63.55
GABRIEL, EQ, 02-Dec-2020,107.15,107.15,108.3,104.15, 106.00,105.9,106.34,132667,141.08,2245, 71736, 54.07
GAEL, EQ, 02-Dec-2020,119.7,119.5,120.3,117.05, 117.60,117.5,118.42,99578,117.92,1817, 50969, 51.19
GAIL, EQ, 02-Dec-2020,110.7,111.0,120.5,110.15, 116.10,116.7,116.39,97500422,113481.52,256208, 14515464, 14.89
GAL, EQ, 02-Dec-2020,3.15,3.0,3.3,3.0, 3.15,3.1,3.04,31703,0.96,83, 27067, 85.38
GALAXYSURF, EQ, 02-Dec-2020,1914.0,1923.0,1945.0,1886.0, 1905.00,1893.85,1903.52,28923,550.55,5005, 17480, 60.44
GALLANTT, EQ, 02-Dec-2020,36.95,37.7,39.5,35.45, 38.00,37.9,37.81,75768,28.65,550, 47629, 62.86
GALLISPAT, EQ, 02-Dec-2020,31.45,30.95,36.9,30.35, 33.20,32.95,34.07,118272,40.29,1034, 54474, 46.06
GAMMNINFRA, EQ, 02-Dec-2020,0.55,0.6,0.6,0.55, 0.60,0.6,0.57,702048,3.98,253, 425769, 60.65
GANDHITUBE, EQ, 02-Dec-2020,234.45,239.95,239.95,230.95, 233.05,233.0,232.57,4772,11.1,172, 3352, 70.24
GANECOS, EQ, 02-Dec-2020,337.25,340.0,342.35,336.0, 337.95,337.45,337.58,22601,76.3,624, 17263, 76.38
GANESHHOUC, EQ, 02-Dec-2020,32.2,33.65,33.8,32.1, 33.80,33.8,33.67,32305,10.88,232, 28226, 87.37
GANGAFORGE, SM, 02-Dec-2020,19.8,19.9,20.35,19.05, 20.35,20.35,19.59,24000,4.7,4, 12000, 50.00
GANGESSECU, EQ, 02-Dec-2020,46.1,46.0,55.3,45.1, 54.35,53.85,53.99,97630,52.71,669, 37796, 38.71
GARDENSILK, EQ, 02-Dec-2020,10.25,10.75,10.75,10.75, 10.75,10.75,10.75,19044,2.05,43, 19044, 100.00
GARFIBRES, EQ, 02-Dec-2020,2202.85,2213.9,2220.25,2160.0, 2185.00,2177.55,2185.51,11096,242.5,2461, 6253, 56.35
GATI, EQ, 02-Dec-2020,89.7,90.0,90.3,88.0, 89.05,88.85,88.87,339931,302.08,4128, 172381, 50.71
GAYAHWS, EQ, 02-Dec-2020,0.4,0.4,0.4,0.35, 0.40,0.4,0.38,279093,1.06,162, 96518, 34.58
GAYAPROJ, EQ, 02-Dec-2020,33.35,35.0,35.0,32.8, 33.65,33.8,34.56,2564340,886.14,5122, 1439409, 56.13
GBGLOBAL, EQ, 02-Dec-2020,5.3,5.35,5.55,5.3, 5.55,5.55,5.48,728,0.04,42, 728, 100.00
GDL, EQ, 02-Dec-2020,103.9,104.45,105.6,102.6, 103.35,103.85,103.78,94360,97.93,4186, 57293, 60.72
GEECEE, EQ, 02-Dec-2020,76.1,75.8,82.3,75.8, 78.60,78.85,80.08,32265,25.84,972, 17399, 53.93
GEEKAYWIRE, BE, 02-Dec-2020,63.7,63.6,63.6,63.6, 63.60,63.6,63.6,5449,3.47,16, -, -
GENESYS, EQ, 02-Dec-2020,55.3,57.8,58.05,55.45, 57.50,57.35,56.76,119963,68.09,276, 114730, 95.64
GENUSPAPER, EQ, 02-Dec-2020,5.6,5.65,5.75,5.55, 5.65,5.7,5.66,435461,24.64,300, 369643, 84.89
GENUSPOWER, EQ, 02-Dec-2020,29.5,30.4,33.25,30.0, 33.20,32.7,32.21,1432429,461.32,4076, 820260, 57.26
GEOJITFSL, EQ, 02-Dec-2020,40.1,40.3,40.5,39.45, 39.85,39.9,40.15,277895,111.57,2911, 181399, 65.28
GEPIL, EQ, 02-Dec-2020,273.5,278.5,280.0,271.0, 279.40,278.4,276.39,226573,626.22,6955, 163801, 72.30
GESHIP, EQ, 02-Dec-2020,261.4,261.0,265.5,256.85, 264.00,262.9,261.41,663038,1733.25,8352, 434796, 65.58
GET&D, EQ, 02-Dec-2020,101.85,101.85,107.5,101.45, 105.75,105.85,105.14,168349,177.0,2487, 87551, 52.01
GFLLIMITED, EQ, 02-Dec-2020,83.3,83.4,88.3,83.0, 85.00,85.1,84.44,207542,175.24,2915, 119777, 57.71
GHCL, EQ, 02-Dec-2020,178.35,179.0,188.95,174.9, 184.40,184.5,183.86,984122,1809.38,13743, 254613, 25.87
GICHSGFIN, EQ, 02-Dec-2020,112.55,113.0,113.8,110.1, 111.20,111.25,112.03,660021,739.42,5828, 351225, 53.21
GICL, SM, 02-Dec-2020,21.85,20.8,20.8,20.8, 20.80,20.8,20.8,6000,1.25,1, 6000, 100.00
GICRE, EQ, 02-Dec-2020,140.0,143.0,143.0,138.5, 139.75,139.65,140.12,480226,672.89,7751, 258509, 53.83
GILLANDERS, EQ, 02-Dec-2020,33.3,34.75,34.75,32.95, 33.80,33.75,33.64,3288,1.11,54, 2234, 67.94
GILLETTE, EQ, 02-Dec-2020,5794.25,5812.0,5850.0,5658.1, 5760.00,5756.95,5769.29,12614,727.74,2725, 4639, 36.78
GINNIFILA, EQ, 02-Dec-2020,17.2,16.5,17.4,16.35, 16.35,16.55,16.7,85968,14.35,368, 70694, 82.23
GIPCL, EQ, 02-Dec-2020,78.45,79.05,82.9,78.85, 81.50,81.4,81.43,3868817,3150.39,20811, 1156156, 29.88
GISOLUTION, EQ, 02-Dec-2020,1.8,1.75,1.75,1.75, 1.75,1.75,1.75,320,0.01,3, 320, 100.00
GKWLIMITED, EQ, 02-Dec-2020,460.0,469.9,479.95,469.0, 469.00,469.0,472.18,53,0.25,20, 50, 94.34
GLAND, EQ, 02-Dec-2020,2191.05,2205.0,2212.9,2141.1, 2183.00,2184.75,2178.64,649329,14146.52,28826, 478264, 73.66
GLAXO, EQ, 02-Dec-2020,1550.95,1574.9,1574.9,1546.75, 1550.05,1551.05,1551.53,43707,678.13,2621, 18030, 41.25
GLENMARK, EQ, 02-Dec-2020,477.1,479.15,482.05,475.5, 479.35,479.7,479.36,1668367,7997.42,20565, 344224, 20.63
GLFL, EQ, 02-Dec-2020,2.45,2.55,2.55,2.5, 2.50,2.5,2.54,11212,0.28,53, 11210, 99.98
GLOBALVECT, EQ, 02-Dec-2020,53.75,53.05,57.95,53.05, 55.80,55.55,56.04,110951,62.17,1240, 57774, 52.07
GLOBE, EQ, 02-Dec-2020,58.0,59.0,59.0,58.0, 58.90,58.9,58.27,19148,11.16,90, 9908, 51.74
GLOBOFFS, EQ, 02-Dec-2020,8.35,8.0,8.75,8.0, 8.30,8.35,8.43,13567,1.14,80, 11796, 86.95
GLOBUSSPR, EQ, 02-Dec-2020,306.75,309.0,311.0,306.75, 308.00,307.95,308.58,47000,145.03,1657, 24589, 52.32
GMBREW, EQ, 02-Dec-2020,423.25,423.25,434.5,423.25, 428.80,427.25,429.2,35131,150.78,1787, 14866, 42.32
GMDCLTD, EQ, 02-Dec-2020,47.25,47.4,48.65,47.15, 47.90,47.75,47.87,1812573,867.61,6293, 756945, 41.76
GMMPFAUDLR, EQ, 02-Dec-2020,3803.85,3844.9,3844.9,3750.0, 3770.05,3773.55,3797.03,28548,1083.98,6920, 13977, 48.96
GMRINFRA, EQ, 02-Dec-2020,26.2,26.4,26.6,26.0, 26.40,26.35,26.31,13952200,3671.0,21892, 6927086, 49.65
GNA, EQ, 02-Dec-2020,255.95,257.6,257.6,251.15, 253.50,252.9,253.45,25759,65.29,1102, 14903, 57.86
GNFC, EQ, 02-Dec-2020,211.45,212.2,217.4,212.2, 214.95,214.6,214.78,1059861,2276.37,11586, 560731, 52.91
GOACARBON, EQ, 02-Dec-2020,279.9,279.05,297.3,275.9, 287.00,287.35,291.29,277719,808.97,7393, 78155, 28.14
GOCLCORP, EQ, 02-Dec-2020,202.0,209.5,209.5,201.1, 209.00,208.1,206.4,28404,58.62,606, 21637, 76.18
GODFRYPHLP, EQ, 02-Dec-2020,900.25,907.0,922.3,899.0, 901.00,902.0,905.98,76889,696.6,5292, 39389, 51.23
GODREJAGRO, EQ, 02-Dec-2020,509.2,509.2,514.65,505.1, 512.00,508.9,510.67,99416,507.68,6402, 50658, 50.96
GODREJCP, EQ, 02-Dec-2020,705.6,707.9,719.2,707.9, 719.00,717.9,715.24,1642706,11749.24,29627, 653272, 39.77
GODREJIND, EQ, 02-Dec-2020,408.15,409.95,418.1,405.0, 412.00,409.5,411.11,236832,973.65,5630, 112519, 47.51
GODREJPROP, EQ, 02-Dec-2020,1187.1,1194.7,1208.4,1175.0, 1195.00,1194.25,1192.19,977666,11655.67,44325, 155774, 15.93
GOENKA, BZ, 02-Dec-2020,0.8,0.85,0.85,0.8, 0.80,0.8,0.82,543517,4.47,185, -, -
GOKEX, EQ, 02-Dec-2020,77.5,78.65,79.9,77.0, 78.05,78.2,78.36,173549,135.99,1302, 92197, 53.12
GOKUL, EQ, 02-Dec-2020,13.55,13.75,13.9,13.45, 13.45,13.55,13.65,8551,1.17,99, 5417, 63.35
GOKULAGRO, EQ, 02-Dec-2020,13.65,13.9,13.9,12.65, 13.40,13.35,13.32,100239,13.35,227, 87741, 87.53
GOLDBEES, EQ, 02-Dec-2020,42.29,44.8,44.8,42.39, 42.78,42.83,42.63,4879683,2079.97,8546, 3507433, 71.88
GOLDENTOBC, EQ, 02-Dec-2020,27.55,26.55,27.5,26.1, 26.50,26.7,26.81,6044,1.62,122, 5615, 92.90
GOLDIAM, EQ, 02-Dec-2020,156.05,159.9,165.0,153.3, 163.50,162.75,161.58,87269,141.01,1445, 45970, 52.68
GOLDSHARE, EQ, 02-Dec-2020,4377.6,4381.55,4451.9,4381.5, 4411.00,4420.7,4406.53,2123,93.55,404, 1527, 71.93
GOLDTECH, EQ, 02-Dec-2020,9.0,9.45,9.45,9.45, 9.45,9.45,9.45,34844,3.29,88, 29410, 84.40
GOODLUCK, EQ, 02-Dec-2020,45.45,46.2,49.8,44.65, 48.50,48.5,48.45,551176,267.07,3393, 282980, 51.34
GOODYEAR, EQ, 02-Dec-2020,839.15,833.05,840.95,829.0, 832.00,834.0,835.1,4878,40.74,435, 3391, 69.52
GPIL, EQ, 02-Dec-2020,425.0,433.4,444.0,423.0, 444.00,439.95,433.98,255902,1110.57,5697, 150178, 58.69
GPPL, EQ, 02-Dec-2020,94.85,95.1,95.1,91.6, 92.85,92.25,92.69,558679,517.86,5321, 246568, 44.13
GPTINFRA, EQ, 02-Dec-2020,33.6,33.6,35.9,33.15, 33.80,33.7,34.0,35498,12.07,227, 23316, 65.68
GRANULES, EQ, 02-Dec-2020,428.0,428.0,428.0,415.15, 422.80,422.05,419.88,1106617,4646.47,23657, 515945, 46.62
GRAPHITE, EQ, 02-Dec-2020,241.7,242.95,258.2,240.85, 253.65,253.65,251.93,3273958,8248.09,45759, 913219, 27.89
GRASIM, EQ, 02-Dec-2020,907.8,901.55,918.95,900.1, 913.95,915.5,911.03,2843180,25902.33,35805, 1067949, 37.56
GRAVITA, EQ, 02-Dec-2020,49.75,50.35,51.4,49.0, 49.60,49.7,50.19,274804,137.91,1630, 131320, 47.79
GREAVESCOT, EQ, 02-Dec-2020,87.7,88.0,88.2,79.8, 84.25,84.55,85.02,2622547,2229.76,18981, 1107410, 42.23
GREENLAM, EQ, 02-Dec-2020,810.95,811.05,878.0,803.35, 855.25,868.3,849.14,11222,95.29,914, 7125, 63.49
GREENPANEL, EQ, 02-Dec-2020,89.55,91.5,93.8,88.1, 89.80,90.85,91.35,134433,122.81,2553, 93471, 69.53
GREENPLY, EQ, 02-Dec-2020,114.0,115.15,118.0,110.8, 112.85,112.55,114.71,712595,817.45,7959, 346509, 48.63
GREENPOWER, EQ, 02-Dec-2020,2.2,2.25,2.25,2.15, 2.25,2.2,2.21,1862294,41.11,665, 1373234, 73.74
GRINDWELL, EQ, 02-Dec-2020,602.75,605.75,626.0,598.3, 625.50,623.4,615.69,98078,603.86,9159, 55708, 56.80
GROBTEA, EQ, 02-Dec-2020,614.95,616.0,616.0,591.0, 591.00,604.0,604.2,225,1.36,31, 107, 47.56
GRPLTD, EQ, 02-Dec-2020,819.55,820.05,820.05,802.0, 802.00,809.2,809.38,672,5.44,105, 300, 44.64
GRSE, EQ, 02-Dec-2020,194.25,194.95,195.4,192.0, 194.30,193.3,193.1,78658,151.89,2037, 42113, 53.54
GSCLCEMENT, EQ, 02-Dec-2020,31.95,32.05,35.05,31.8, 34.65,34.6,34.1,935283,318.96,3564, 482605, 51.60
GSFC, EQ, 02-Dec-2020,70.7,71.35,72.1,70.5, 71.20,71.25,71.36,769229,548.91,4039, 369589, 48.05
GSPL, EQ, 02-Dec-2020,227.85,227.8,230.5,224.3, 229.00,229.6,227.05,1044861,2372.38,18483, 634501, 60.73
GSS, EQ, 02-Dec-2020,47.2,47.95,49.5,45.25, 47.50,47.9,47.51,300518,142.77,2058, 139595, 46.45
GTL, EQ, 02-Dec-2020,3.05,3.15,3.15,3.05, 3.05,3.05,3.07,108476,3.34,246, 65065, 59.98
GTLINFRA, EQ, 02-Dec-2020,0.55,0.5,0.55,0.5, 0.55,0.5,0.5,37829494,189.91,2920, 22907302, 60.55
GTNIND, EQ, 02-Dec-2020,8.55,9.35,9.4,8.4, 9.40,9.4,9.12,14862,1.36,99, 10903, 73.36
GTPL, EQ, 02-Dec-2020,120.15,120.8,121.75,120.05, 120.75,120.35,120.67,29040,35.04,538, 17733, 61.06
GUFICBIO, EQ, 02-Dec-2020,117.65,118.6,124.7,116.0, 123.50,123.75,120.4,340391,409.85,5263, 152702, 44.86
GUJALKALI, EQ, 02-Dec-2020,330.35,332.0,343.5,331.35, 338.40,337.95,338.89,440428,1492.56,9075, 166227, 37.74
GUJAPOLLO, EQ, 02-Dec-2020,195.15,193.8,197.0,193.75, 195.40,195.1,195.22,7756,15.14,221, 4549, 58.65
GUJGASLTD, EQ, 02-Dec-2020,340.8,344.0,353.0,335.0, 346.50,348.65,342.28,1625587,5564.08,33563, 662230, 40.74
GUJRAFFIA, BE, 02-Dec-2020,14.25,14.25,14.25,13.55, 14.25,14.25,13.73,1665,0.23,15, -, -
GULFOILLUB, EQ, 02-Dec-2020,790.55,794.0,794.9,783.0, 788.65,787.35,789.2,9597,75.74,830, 5900, 61.48
GULFPETRO, EQ, 02-Dec-2020,43.1,43.75,44.9,43.1, 43.50,43.5,43.98,31385,13.8,409, 16940, 53.97
GULPOLY, EQ, 02-Dec-2020,77.8,79.25,79.35,76.5, 78.00,77.4,77.8,50449,39.25,532, 33708, 66.82
GVKPIL, BZ, 02-Dec-2020,2.7,2.75,2.8,2.65, 2.80,2.8,2.75,972692,26.74,481, -, -
HAL, EQ, 02-Dec-2020,829.8,832.0,834.95,820.1, 826.00,828.3,826.4,367178,3034.35,18666, 121846, 33.18
HAPPSTMNDS, EQ, 02-Dec-2020,315.9,316.9,333.7,316.05, 332.95,331.35,328.14,2856086,9372.09,42868, 982848, 34.41
HARITASEAT, EQ, 02-Dec-2020,473.9,472.95,490.0,471.05, 484.95,479.95,476.93,1384,6.6,87, 932, 67.34
HARRMALAYA, EQ, 02-Dec-2020,109.2,109.0,112.0,105.55, 106.30,106.5,109.4,303941,332.52,5692, 75294, 24.77
HATHWAY, EQ, 02-Dec-2020,31.45,31.5,31.9,30.6, 31.25,31.15,31.48,350663,110.39,1741, 264903, 75.54
HATSUN, EQ, 02-Dec-2020,989.8,1003.8,1013.8,972.0, 984.00,984.15,992.83,93461,927.9,7437, 44593, 47.71
HAVELLS, EQ, 02-Dec-2020,823.4,828.7,837.9,823.0, 834.85,836.35,830.68,2062830,17135.47,40747, 853775, 41.39
HAVISHA, BE, 02-Dec-2020,0.6,0.6,0.6,0.55, 0.60,0.6,0.58,36817,0.22,53, -, -
HBANKETF, EQ, 02-Dec-2020,297.02,296.43,297.39,291.0, 294.63,294.9,294.91,4418,13.03,206, 2419, 54.75
HBLPOWER, EQ, 02-Dec-2020,23.2,23.65,23.7,22.85, 23.25,23.3,23.31,337077,78.58,1344, 198031, 58.75
HCC, EQ, 02-Dec-2020,6.0,6.05,6.15,5.9, 6.05,6.0,6.03,8478027,511.28,3905, 2529709, 29.84
HCG, EQ, 02-Dec-2020,149.0,149.0,151.75,146.3, 149.50,150.15,149.09,116151,173.17,1601, 84407, 72.67
HCL-INSYS, EQ, 02-Dec-2020,9.0,9.85,9.9,9.6, 9.90,9.9,9.88,1261689,124.69,1777, 951604, 75.42
HCLTECH, EQ, 02-Dec-2020,834.1,836.15,847.45,831.3, 844.00,843.15,839.26,7062229,59270.68,174376, 3252973, 46.06
HDFC, EQ, 02-Dec-2020,2306.95,2300.0,2304.0,2252.5, 2274.00,2276.35,2276.62,3191550,72659.61,148812, 1844122, 57.78
HDFC, W3, 02-Dec-2020,575.3,571.0,571.0,549.0, 549.00,549.0,552.14,30000,165.64,39, 26400, 88.00
HDFCAMC, EQ, 02-Dec-2020,2511.45,2515.0,2589.0,2511.55, 2553.00,2555.05,2556.28,514686,13156.84,62164, 204120, 39.66
HDFCBANK, EQ, 02-Dec-2020,1433.3,1431.0,1431.8,1394.8, 1405.35,1406.95,1410.23,8946075,126160.27,187793, 4083694, 45.65
HDFCLIFE, EQ, 02-Dec-2020,641.9,644.0,646.9,630.2, 635.85,636.5,637.67,6126982,39070.01,124249, 2617615, 42.72
HDFCMFGETF, EQ, 02-Dec-2020,4310.9,4348.5,4390.9,4335.0, 4381.00,4374.3,4354.94,9387,408.8,1084, 6395, 68.13
HDFCNIFETF, EQ, 02-Dec-2020,1379.27,1379.29,1380.85,1370.0, 1374.30,1374.74,1374.27,2010,27.62,87, 1902, 94.63
HDFCSENETF, EQ, 02-Dec-2020,4725.0,4724.99,4725.0,4685.07, 4725.00,4724.34,4722.29,96,4.53,41, 69, 71.88
HDIL, BZ, 02-Dec-2020,5.55,5.8,5.8,5.8, 5.80,5.8,5.8,110257,6.39,187, -, -
HEG, EQ, 02-Dec-2020,803.1,805.45,839.0,804.1, 816.00,817.25,823.08,1344736,11068.2,47500, 262303, 19.51
HEIDELBERG, EQ, 02-Dec-2020,209.85,210.15,214.1,210.0, 211.85,212.95,212.31,386862,821.36,5821, 176911, 45.73
HEMIPROP, EQ, 02-Dec-2020,64.2,64.0,73.9,63.5, 72.80,72.8,68.58,10245492,7026.02,35540, 4288131, 41.85
HERCULES, EQ, 02-Dec-2020,101.1,101.9,102.25,99.3, 100.50,100.35,100.68,63571,64.0,977, 36411, 57.28
HERITGFOOD, EQ, 02-Dec-2020,291.3,294.65,294.65,282.5, 286.50,284.85,286.3,53333,152.69,5362, 31511, 59.08
HEROMOTOCO, EQ, 02-Dec-2020,3110.25,3113.0,3177.1,3091.0, 3123.00,3126.2,3138.6,1748207,54869.31,84832, 369614, 21.14
HESTERBIO, EQ, 02-Dec-2020,1780.85,1775.05,1804.4,1761.3, 1796.00,1799.35,1787.89,7062,126.26,983, 4096, 58.00
HEXATRADEX, EQ, 02-Dec-2020,32.5,33.9,34.1,31.95, 33.80,34.1,34.0,37531,12.76,147, 34421, 91.71
HFCL, EQ, 02-Dec-2020,19.5,20.0,23.4,19.65, 22.80,22.95,21.99,48476583,10657.96,41419, 17123569, 35.32
HGINFRA, EQ, 02-Dec-2020,212.6,212.2,214.5,211.25, 213.00,212.55,212.9,19268,41.02,851, 12587, 65.33
HGS, EQ, 02-Dec-2020,913.4,918.0,918.0,902.1, 913.00,913.15,912.18,12585,114.8,873, 10543, 83.77
HHOF1140RG, MF, 02-Dec-2020,8.65,8.49,8.64,8.49, 8.51,8.51,8.59,40000,3.44,10, 40000, 100.00
HIKAL, EQ, 02-Dec-2020,171.35,172.4,172.5,170.5, 171.35,171.2,171.41,336158,576.22,3724, 141167, 41.99
HIL, EQ, 02-Dec-2020,2016.2,2025.0,2058.0,1993.95, 2020.00,2018.2,2012.57,10202,205.32,1811, 5942, 58.24
HILTON, EQ, 02-Dec-2020,9.6,9.75,10.55,9.6, 10.55,10.55,10.3,41653,4.29,214, 34036, 81.71
HIMATSEIDE, EQ, 02-Dec-2020,121.25,125.0,127.3,122.55, 127.30,127.2,125.26,545703,683.53,5361, 285037, 52.23
HINDALCO, EQ, 02-Dec-2020,229.3,229.35,236.9,228.55, 231.80,231.85,232.49,20100114,46731.22,113927, 4228646, 21.04
HINDCOMPOS, EQ, 02-Dec-2020,210.4,213.95,213.95,208.0, 212.50,212.15,211.59,4425,9.36,256, 2469, 55.80
HINDCON, SM, 02-Dec-2020,27.0,26.55,26.55,26.55, 26.55,26.55,26.55,8000,2.12,1, 8000, 100.00
HINDCOPPER, EQ, 02-Dec-2020,41.0,42.05,44.0,42.0, 43.50,43.55,43.32,4047572,1753.23,17242, 1876195, 46.35
HINDMOTORS, EQ, 02-Dec-2020,5.6,5.5,5.85,5.45, 5.70,5.75,5.63,172775,9.72,336, 117172, 67.82
HINDNATGLS, EQ, 02-Dec-2020,28.5,28.5,28.8,27.65, 27.75,27.9,28.09,14479,4.07,87, 10848, 74.92
HINDOILEXP, EQ, 02-Dec-2020,77.75,77.75,77.75,75.5, 76.05,76.25,76.56,305452,233.87,3468, 176710, 57.85
HINDPETRO, EQ, 02-Dec-2020,211.6,212.9,219.4,212.2, 215.00,214.7,215.48,9652752,20799.36,57696, 2625905, 27.20
HINDUNILVR, EQ, 02-Dec-2020,2133.05,2145.0,2149.9,2122.1, 2138.00,2139.3,2135.68,1634682,34911.57,113156, 1011324, 61.87
HINDZINC, EQ, 02-Dec-2020,227.6,230.0,235.0,228.45, 232.40,232.25,232.34,1639274,3808.69,36544, 718072, 43.80
HIRECT, EQ, 02-Dec-2020,143.95,145.65,145.7,142.5, 143.00,143.3,143.55,18396,26.41,433, 13001, 70.67
HISARMETAL, EQ, 02-Dec-2020,77.3,76.0,92.75,75.65, 92.75,92.75,90.58,188986,171.18,1038, 91823, 48.59
HITECH, EQ, 02-Dec-2020,157.4,155.0,165.0,153.0, 158.50,160.8,161.38,31523,50.87,444, 20303, 64.41
HITECHCORP, EQ, 02-Dec-2020,116.1,116.05,116.05,111.0, 111.80,112.8,115.19,12243,14.1,693, 10733, 87.67
HITECHGEAR, BE, 02-Dec-2020,147.35,153.35,153.35,146.0, 146.05,146.75,148.64,8696,12.93,146, -, -
HLVLTD, EQ, 02-Dec-2020,5.1,5.25,5.25,5.1, 5.20,5.15,5.18,236929,12.28,312, 194321, 82.02
HMT, BZ, 02-Dec-2020,15.0,15.25,15.5,14.75, 15.50,15.3,15.17,9685,1.47,61, -, -
HMVL, EQ, 02-Dec-2020,56.1,55.65,57.5,55.65, 57.00,56.65,56.65,18058,10.23,210, 13178, 72.98
HNDFDS, EQ, 02-Dec-2020,903.9,915.0,924.75,890.0, 918.95,914.05,913.19,7839,71.59,672, 5913, 75.43
HNGSNGBEES, EQ, 02-Dec-2020,346.5,356.95,356.95,345.0, 354.00,352.68,352.7,550,1.94,31, 518, 94.18
HONAUT, EQ, 02-Dec-2020,31749.55,31988.45,31988.45,31376.85, 31500.00,31494.1,31639.46,1637,517.94,995, 861, 52.60
HONDAPOWER, EQ, 02-Dec-2020,973.75,978.65,991.0,975.0, 986.50,985.2,983.69,5130,50.46,688, 3861, 75.26
HOVS, EQ, 02-Dec-2020,32.2,33.65,33.8,33.65, 33.80,33.8,33.79,13601,4.6,81, 11999, 88.22
HPL, EQ, 02-Dec-2020,35.75,36.2,36.5,35.15, 35.60,35.45,35.88,164864,59.16,1144, 114129, 69.23
HSCL, EQ, 02-Dec-2020,42.45,43.0,43.65,42.0, 42.50,42.45,42.76,4061224,1736.66,17748, 2173613, 53.52
HSIL, EQ, 02-Dec-2020,103.25,103.5,104.5,102.5, 103.00,102.95,103.22,291899,301.31,2927, 203667, 69.77
HTMEDIA, EQ, 02-Dec-2020,14.35,14.05,14.5,13.95, 13.95,14.05,14.21,101422,14.41,1229, 71797, 70.79
HUBTOWN, EQ, 02-Dec-2020,13.3,13.7,13.95,12.75, 13.50,13.4,13.73,300631,41.28,964, 211774, 70.44
HUDCO, EQ, 02-Dec-2020,37.25,37.55,38.15,36.3, 37.25,37.25,37.39,2397573,896.44,6742, 1086832, 45.33
HUDCO, N2, 02-Dec-2020,1270.0,1270.9,1275.0,1270.9, 1275.00,1275.0,1271.26,945,12.01,6, 825, 87.30
HUDCO, N3, 02-Dec-2020,1110.99,1113.0,1114.8,1113.0, 1113.00,1113.0,1113.8,1306,14.55,12, 1306, 100.00
HUDCO, N5, 02-Dec-2020,1250.01,1250.01,1255.0,1246.99, 1247.00,1246.99,1249.36,3535,44.16,27, 3535, 100.00
HUDCO, N8, 02-Dec-2020,1295.0,1296.99,1304.99,1296.99, 1304.00,1304.0,1298.09,900,11.68,12, 811, 90.11
HUDCO, N9, 02-Dec-2020,1275.28,1280.0,1280.0,1260.0, 1260.00,1260.2,1271.18,277,3.52,12, 162, 58.48
HUDCO, ND, 02-Dec-2020,1297.0,1297.0,1299.0,1290.0, 1290.00,1290.1,1293.64,1815,23.48,41, 1795, 98.90
HUDCO, NE, 02-Dec-2020,1514.5,1514.0,1518.0,1505.06, 1510.00,1510.0,1512.61,421,6.37,15, 396, 94.06
HUHTAMAKI, EQ, 02-Dec-2020,305.95,306.1,315.0,306.1, 311.90,311.55,310.66,58775,182.59,1489, 37387, 63.61
IBMFNIFTY, EQ, 02-Dec-2020,128.63,144.87,144.87,125.1, 130.95,130.37,129.75,719,0.93,79, 504, 70.10
IBREALEST, EQ, 02-Dec-2020,69.7,70.5,71.5,67.2, 68.30,68.3,68.81,5248008,3610.91,21512, 2468173, 47.03
IBULHSGFIN, EQ, 02-Dec-2020,188.85,189.75,192.0,186.85, 188.00,188.4,189.44,11210964,21237.77,71579, 2402437, 21.43
IBULHSGFIN, N6, 02-Dec-2020,972.1,961.0,970.01,955.0, 970.00,970.0,960.78,173,1.66,10, 150, 86.71
IBULHSGFIN, N7, 02-Dec-2020,1350.0,1350.0,1350.0,1350.0, 1350.00,1350.0,1350.0,70,0.95,2, 70, 100.00
IBULHSGFIN, N8, 02-Dec-2020,891.0,905.0,950.0,905.0, 950.00,950.0,925.0,9,0.08,2, 9, 100.00
IBULHSGFIN, NA, 02-Dec-2020,740.0,740.0,740.0,737.0, 737.00,739.43,739.58,414,3.06,10, 414, 100.00
IBULHSGFIN, NC, 02-Dec-2020,900.0,820.0,820.0,820.0, 820.00,820.0,820.0,110,0.9,2, 110, 100.00
IBULHSGFIN, NE, 02-Dec-2020,770.0,840.0,840.0,840.0, 840.00,840.0,840.0,30,0.25,1, 30, 100.00
IBULISL, EQ, 02-Dec-2020,56.45,59.25,59.25,59.25, 59.25,59.25,59.25,46353,27.46,228, 46353, 100.00
ICEMAKE, EQ, 02-Dec-2020,88.8,90.0,91.0,86.2, 89.35,89.05,88.75,19515,17.32,314, 11020, 56.47
ICICI500, EQ, 02-Dec-2020,176.87,182.0,182.0,176.26, 177.47,177.47,177.13,4003,7.09,93, 2909, 72.67
ICICIALPLV, EQ, 02-Dec-2020,130.0,130.0,130.81,129.15, 130.81,130.81,129.47,464,0.6,16, 390, 84.05
ICICIB22, EQ, 02-Dec-2020,29.53,29.45,30.05,29.33, 29.92,29.9,29.82,4066161,1212.61,7943, 3853091, 94.76
ICICIBANK, EQ, 02-Dec-2020,485.1,486.35,487.0,472.2, 479.45,480.45,478.74,21244707,101706.24,220838, 7404023, 34.85
ICICIBANKN, EQ, 02-Dec-2020,296.19,302.0,302.0,290.7, 293.17,293.56,292.69,253333,741.49,356, 205607, 81.16
ICICIBANKP, EQ, 02-Dec-2020,163.22,164.0,164.5,160.0, 161.20,161.57,161.52,5629,9.09,181, 4492, 79.80
ICICIGI, EQ, 02-Dec-2020,1471.15,1484.8,1530.0,1479.6, 1515.50,1521.55,1507.28,1035487,15607.72,66891, 491442, 47.46
ICICIGOLD, EQ, 02-Dec-2020,43.18,42.5,45.9,42.5, 43.76,43.71,43.88,926665,406.58,957, 909197, 98.11
ICICILIQ, EQ, 02-Dec-2020,999.99,1000.0,1000.0,999.99, 1000.00,999.99,1000.0,11085,110.85,26, 11046, 99.65
ICICILOVOL, EQ, 02-Dec-2020,106.29,107.7,109.7,105.86, 107.38,107.34,107.31,34448,36.96,275, 28969, 84.09
ICICIM150, EQ, 02-Dec-2020,75.95,75.7,76.3,75.7, 76.00,76.0,75.88,12758,9.68,54, 6306, 49.43
ICICIMCAP, EQ, 02-Dec-2020,74.46,74.6,75.57,73.7, 74.75,74.34,74.42,9031,6.72,150, 4852, 53.73
ICICINF100, EQ, 02-Dec-2020,142.06,154.8,154.8,141.88, 142.70,142.55,142.42,3164,4.51,109, 3035, 95.92
ICICINIFTY, EQ, 02-Dec-2020,139.25,143.1,143.1,135.15, 139.31,139.37,138.81,93314,129.53,2713, 59579, 63.85
ICICINV20, EQ, 02-Dec-2020,65.43,66.97,66.97,65.5, 66.38,66.31,66.01,4837,3.19,326, 2780, 57.47
ICICINXT50, EQ, 02-Dec-2020,31.1,29.27,32.0,29.27, 31.50,31.5,31.37,16650,5.22,187, 13852, 83.20
ICICIPRULI, EQ, 02-Dec-2020,457.35,458.0,476.0,458.0, 467.00,467.6,469.02,6009102,28183.87,82375, 2035217, 33.87
ICICISENSX, EQ, 02-Dec-2020,479.6,482.0,482.0,474.8, 478.84,477.74,478.28,927,4.43,74, 609, 65.70
ICICITECH, EQ, 02-Dec-2020,222.91,223.0,225.12,221.3, 225.12,223.89,222.58,2432,5.41,115, 1756, 72.20
ICIL, EQ, 02-Dec-2020,159.4,158.6,161.7,154.55, 155.85,155.7,157.09,160306,251.83,1296, 129458, 80.76
ICRA, EQ, 02-Dec-2020,2751.65,2770.0,2899.0,2758.85, 2836.00,2851.3,2811.24,13408,376.93,1247, 10322, 76.98
IDBI, EQ, 02-Dec-2020,38.45,38.4,38.75,37.85, 38.05,38.1,38.33,1780340,682.32,5573, 854237, 47.98
IDBIGOLD, EQ, 02-Dec-2020,4462.75,4537.0,4537.0,4426.0, 4495.00,4495.85,4468.15,1681,75.11,122, 1535, 91.31
IDEA, EQ, 02-Dec-2020,10.0,9.95,10.2,9.8, 9.95,9.9,9.96,172606976,17194.4,110954, 48429077, 28.06
IDFC, EQ, 02-Dec-2020,40.65,40.9,40.9,39.5, 40.10,39.9,40.13,3452180,1385.42,8120, 2280028, 66.05
IDFCFIRSTB, EQ, 02-Dec-2020,37.1,37.3,37.8,36.35, 36.65,36.8,37.0,33101193,12246.82,58197, 7493262, 22.64
IDFCFIRSTB, N6, 02-Dec-2020,10592.55,10595.05,10595.05,10595.05, 10595.05,10595.05,10595.05,5,0.53,2, 5, 100.00
IDFCFIRSTB, N9, 02-Dec-2020,5416.0,5440.0,5440.0,5420.0, 5420.00,5420.0,5435.0,4,0.22,2, 4, 100.00
IDFCFIRSTB, NA, 02-Dec-2020,10843.0,10843.0,10850.0,10843.0, 10850.00,10850.0,10847.67,12,1.3,5, 12, 100.00
IDFCFIRSTB, NB, 02-Dec-2020,5303.0,5303.0,5303.0,5300.01, 5300.01,5300.01,5302.25,16,0.85,8, 16, 100.00
IDFCFIRSTB, NC, 02-Dec-2020,10322.0,10322.0,10322.0,10322.0, 10322.00,10322.0,10322.0,5,0.52,2, 5, 100.00
IDFNIFTYET, EQ, 02-Dec-2020,147.5,140.01,149.99,138.15, 143.00,142.78,143.38,1830,2.62,152, 1062, 58.03
IEX, EQ, 02-Dec-2020,218.0,220.0,222.8,214.15, 215.30,216.8,217.85,834253,1817.42,33234, 458465, 54.96
IFBAGRO, EQ, 02-Dec-2020,498.8,503.0,503.0,485.3, 486.85,488.1,493.01,13320,65.67,887, 8368, 62.82
IFBIND, EQ, 02-Dec-2020,784.15,790.5,795.0,777.0, 789.00,787.85,786.44,44598,350.74,1489, 34257, 76.81
IFCI, EQ, 02-Dec-2020,6.65,6.65,7.05,6.55, 6.90,6.85,6.86,5318568,365.1,65204, 2835544, 53.31
IFCI, NF, 02-Dec-2020,1019.45,1021.9,1022.0,1015.0, 1015.00,1015.0,1021.42,415,4.24,10, 415, 100.00
IFCI, NH, 02-Dec-2020,1020.0,1035.0,1049.5,1030.0, 1030.00,1030.69,1036.85,2228,23.1,25, 1738, 78.01
IFCI, NL, 02-Dec-2020,1065.0,1073.75,1074.99,1073.75, 1074.10,1074.43,1074.11,193,2.07,7, 193, 100.00
IFGLEXPOR, EQ, 02-Dec-2020,180.15,180.0,197.25,179.95, 194.75,193.8,191.85,41503,79.62,1411, 26763, 64.48
IGARASHI, EQ, 02-Dec-2020,330.85,332.5,338.0,325.95, 329.20,329.25,331.57,42856,142.1,1733, 18959, 44.24
IGL, EQ, 02-Dec-2020,482.4,482.4,484.65,470.0, 479.00,479.3,476.7,5009720,23881.29,64651, 1727326, 34.48
IGPL, EQ, 02-Dec-2020,454.1,459.85,475.15,450.0, 474.95,472.85,463.29,56482,261.67,1960, 39238, 69.47
IIFCL, N4, 02-Dec-2020,1477.0,1477.1,1478.0,1476.5, 1478.00,1478.0,1477.74,130,1.92,6, 130, 100.00
IIFL, EQ, 02-Dec-2020,112.8,114.95,123.7,114.6, 120.00,119.35,119.55,4781436,5716.07,35679, 935032, 19.56
IIFL, N2, 02-Dec-2020,1071.4,1079.9,1079.9,1079.9, 1079.90,1079.9,1079.9,252,2.72,4, 252, 100.00
IIFL, N4, 02-Dec-2020,1029.0,1020.61,1029.0,1020.25, 1029.00,1029.0,1021.04,1806,18.44,20, 1786, 98.89
IIFL, N5, 02-Dec-2020,1104.0,1105.0,1105.0,1104.0, 1104.00,1104.41,1104.41,170,1.88,2, 170, 100.00
IIFL, NC, 02-Dec-2020,1000.0,1001.0,1001.0,1001.0, 1001.00,1001.0,1001.0,30,0.3,1, 30, 100.00
IIFL, ND, 02-Dec-2020,952.0,1025.0,1025.0,1025.0, 1025.00,1025.0,1025.0,21,0.22,2, 21, 100.00
IIFLSEC, EQ, 02-Dec-2020,42.85,43.05,43.6,42.5, 43.25,43.25,43.15,542734,234.2,1745, 350401, 64.56
IIFLWAM, EQ, 02-Dec-2020,997.7,997.0,1009.0,990.0, 996.00,997.55,999.84,10135,101.33,1081, 6176, 60.94
IITL, EQ, 02-Dec-2020,57.0,58.4,58.4,56.2, 56.95,56.95,56.48,447,0.25,18, 354, 79.19
IL&FSENGG, BZ, 02-Dec-2020,3.3,3.15,3.4,3.15, 3.40,3.25,3.29,30291,1.0,37, -, -
IL&FSTRANS, BZ, 02-Dec-2020,1.45,1.5,1.5,1.45, 1.50,1.5,1.5,102241,1.53,51, -, -
IMAGICAA, EQ, 02-Dec-2020,4.75,4.8,4.9,4.6, 4.80,4.8,4.78,135816,6.49,229, 90230, 66.44
IMFA, EQ, 02-Dec-2020,289.1,290.0,303.0,285.85, 297.50,297.1,295.45,68299,201.79,2958, 38299, 56.08
IMPAL, EQ, 02-Dec-2020,528.05,543.0,543.0,520.0, 523.00,522.65,524.89,4474,23.48,321, 3193, 71.37
IMPEXFERRO, EQ, 02-Dec-2020,0.75,0.75,0.8,0.7, 0.75,0.75,0.77,58672,0.45,28, 57442, 97.90
INDBANK, EQ, 02-Dec-2020,9.35,9.6,9.7,9.2, 9.35,9.4,9.43,60299,5.69,276, 41525, 68.87
INDHOTEL, EQ, 02-Dec-2020,120.1,121.0,130.0,121.0, 129.05,129.0,126.68,12923048,16370.54,53054, 5628892, 43.56
INDIACEM, EQ, 02-Dec-2020,156.05,156.05,157.9,151.25, 153.35,154.1,154.43,1406908,2172.66,12386, 577108, 41.02
INDIAGLYCO, EQ, 02-Dec-2020,294.35,295.25,297.3,287.2, 288.95,288.6,291.43,108740,316.9,3675, 54870, 50.46
INDIAMART, EQ, 02-Dec-2020,5145.25,5139.9,5198.95,4999.0, 5036.00,5053.15,5099.59,67938,3464.56,17542, 45438, 66.88
INDIANB, EQ, 02-Dec-2020,69.15,69.4,70.2,66.85, 67.90,68.1,68.67,2842503,1951.92,12256, 840900, 29.58
INDIANCARD, EQ, 02-Dec-2020,101.1,103.0,103.0,98.05, 101.00,100.95,100.08,1061,1.06,30, 608, 57.30
INDIANHUME, EQ, 02-Dec-2020,177.65,179.65,187.2,178.05, 183.95,183.2,184.15,116175,213.94,3430, 54549, 46.95
INDIGO, EQ, 02-Dec-2020,1559.75,1574.25,1605.4,1548.4, 1599.00,1593.1,1575.25,1640027,25834.56,40103, 318713, 19.43
INDIGRID, IV, 02-Dec-2020,110.49,110.5,112.45,110.5, 112.00,111.99,111.32,651483,725.21,273, 598752, 91.91
INDLMETER, EQ, 02-Dec-2020,14.25,13.75,14.5,13.55, 14.35,14.35,14.0,4480,0.63,26, 3108, 69.38
INDNIPPON, EQ, 02-Dec-2020,342.2,347.0,347.85,340.05, 343.00,344.3,344.72,9743,33.59,508, 6256, 64.21
INDOCO, EQ, 02-Dec-2020,268.15,270.0,289.7,264.5, 283.00,283.45,273.15,1144994,3127.49,12984, 848540, 74.11
INDORAMA, EQ, 02-Dec-2020,24.15,24.1,24.9,24.1, 24.65,24.75,24.53,63854,15.66,329, 46317, 72.54
INDOSOLAR, BZ, 02-Dec-2020,1.15,1.15,1.2,1.15, 1.20,1.2,1.17,75467,0.88,64, -, -
INDOSTAR, EQ, 02-Dec-2020,295.2,295.2,300.0,295.0, 300.00,296.9,296.44,6904,20.47,469, 4647, 67.31
INDOTECH, EQ, 02-Dec-2020,101.65,104.25,104.25,100.6, 101.25,101.85,102.5,24638,25.25,538, 11112, 45.10
INDOTHAI, EQ, 02-Dec-2020,20.6,21.05,21.15,19.75, 21.15,20.85,20.72,3171,0.66,61, 2687, 84.74
INDOWIND, EQ, 02-Dec-2020,3.35,3.5,3.55,3.3, 3.40,3.35,3.43,157840,5.42,266, 126164, 79.93
INDRAMEDCO, EQ, 02-Dec-2020,52.05,52.3,54.45,51.0, 53.80,53.3,52.8,565745,298.69,2399, 374259, 66.15
INDSWFTLAB, EQ, 02-Dec-2020,63.8,66.7,66.95,65.2, 66.30,65.8,66.29,164086,108.78,1103, 119338, 72.73
INDSWFTLTD, BE, 02-Dec-2020,3.45,3.6,3.6,3.6, 3.60,3.6,3.6,2312,0.08,6, -, -
INDTERRAIN, EQ, 02-Dec-2020,33.9,34.0,34.65,33.15, 33.20,33.35,33.74,209337,70.64,1543, 139827, 66.80
INDUSINDBK, EQ, 02-Dec-2020,895.5,902.0,905.75,881.3, 895.50,897.3,894.56,14965085,133871.83,227625, 1149173, 7.68
INEOSSTYRO, EQ, 02-Dec-2020,732.6,739.7,763.0,725.4, 735.25,738.25,749.14,105599,791.08,3501, 64268, 60.86
INFIBEAM, EQ, 02-Dec-2020,85.25,87.6,92.35,85.15, 91.95,91.6,90.6,6597413,5977.13,16848, 4192804, 63.55
INFOBEAN, EQ, 02-Dec-2020,132.0,135.0,135.0,128.0, 132.00,131.8,132.2,12923,17.08,586, 6348, 49.12
INFRABEES, EQ, 02-Dec-2020,360.17,359.7,363.08,359.5, 361.75,361.79,360.35,183,0.66,20, 150, 81.97
INFRATEL, EQ, 02-Dec-2020,216.0,225.0,227.95,210.35, 225.50,224.8,216.97,129639408,281273.0,277998, 79495901, 61.32
INFY, EQ, 02-Dec-2020,1137.85,1134.0,1147.45,1121.0, 1142.00,1140.9,1130.35,6741637,76204.27,153925, 2686601, 39.85
INGERRAND, EQ, 02-Dec-2020,638.05,638.05,649.0,637.95, 645.00,645.75,643.09,31623,203.37,1507, 23339, 73.80
INOXLEISUR, EQ, 02-Dec-2020,274.05,274.95,277.8,272.6, 275.50,275.85,275.44,392611,1081.41,8890, 196307, 50.00
INOXWIND, EQ, 02-Dec-2020,55.0,55.3,55.8,51.65, 52.50,52.35,53.06,248861,132.05,2298, 165272, 66.41
INSECTICID, EQ, 02-Dec-2020,448.25,450.0,455.5,448.05, 451.05,451.1,451.2,20121,90.79,1120, 9308, 46.26
INSPIRISYS, EQ, 02-Dec-2020,29.25,29.5,30.4,28.6, 29.90,29.3,29.57,6538,1.93,63, 4131, 63.18
INTEGRA, EQ, 02-Dec-2020,0.95,1.0,1.0,1.0, 1.00,1.0,1.0,2083,0.02,7, 2083, 100.00
INTELLECT, EQ, 02-Dec-2020,280.75,279.0,290.0,277.25, 287.00,287.4,286.6,324274,929.36,8629, 225476, 69.53
INTENTECH, EQ, 02-Dec-2020,33.2,33.25,33.95,33.2, 33.30,33.5,33.4,37409,12.49,304, 25450, 68.03
INVENTURE, EQ, 02-Dec-2020,22.55,22.55,23.2,22.0, 22.60,22.75,22.4,39067,8.75,183, 20957, 53.64
IOB, EQ, 02-Dec-2020,10.85,10.9,10.9,10.65, 10.70,10.7,10.74,3002553,322.48,3334, 1730108, 57.62
IOC, EQ, 02-Dec-2020,85.85,85.85,89.35,85.6, 88.35,88.4,88.4,44728000,39539.44,117377, 11184599, 25.01
IOLCP, EQ, 02-Dec-2020,785.15,785.15,789.9,766.05, 770.95,773.3,776.33,296596,2302.55,12825, 131474, 44.33
IPCALAB, EQ, 02-Dec-2020,2273.8,2272.0,2276.0,2205.0, 2266.50,2265.75,2234.76,512558,11454.46,69039, 217740, 42.48
IRB, EQ, 02-Dec-2020,119.15,120.0,120.7,116.95, 117.50,117.5,118.0,564562,666.19,4336, 237283, 42.03
IRBINVIT, IV, 02-Dec-2020,42.2,42.25,42.25,41.9, 42.00,41.99,42.08,330000,138.88,91, 320000, 96.97
IRCON, EQ, 02-Dec-2020,85.9,86.35,86.55,85.1, 85.70,85.4,85.83,341783,293.34,3032, 197894, 57.90
IRCTC, EQ, 02-Dec-2020,1358.1,1368.0,1368.8,1346.55, 1354.95,1349.9,1355.57,186840,2532.74,10739, 95856, 51.30
IREDA, N5, 02-Dec-2020,1364.99,1325.01,1325.01,1325.01, 1325.01,1325.01,1325.01,295,3.91,2, 295, 100.00
IREDA, N6, 02-Dec-2020,1479.4,1484.99,1489.0,1479.0, 1485.00,1485.0,1488.37,503,7.49,11, 503, 100.00
IRFC, N1, 02-Dec-2020,1059.94,1059.0,1060.35,1059.0, 1060.01,1060.3,1060.31,17078,181.08,25, 17058, 99.88
IRFC, N2, 02-Dec-2020,1214.99,1205.0,1224.0,1205.0, 1224.00,1221.48,1210.37,320,3.87,7, 320, 100.00
IRFC, N9, 02-Dec-2020,1210.0,1210.0,1210.0,1210.0, 1210.00,1210.0,1210.0,5,0.06,1, 5, 100.00
IRFC, NA, 02-Dec-2020,1323.0,1339.99,1339.99,1339.99, 1339.99,1339.99,1339.99,225,3.01,3, 225, 100.00
IRFC, NE, 02-Dec-2020,1379.0,1355.1,1365.0,1355.1, 1356.05,1356.05,1356.16,483,6.55,14, 483, 100.00
IRFC, NJ, 02-Dec-2020,1228.0,1239.69,1239.7,1233.0, 1233.00,1233.0,1238.58,60,0.74,3, 60, 100.00
IRFC, NN, 02-Dec-2020,1160.0,1160.0,1160.0,1160.0, 1160.00,1160.0,1160.0,30,0.35,1, 30, 100.00
IRFC, NO, 02-Dec-2020,1246.22,1246.0,1246.0,1245.0, 1245.00,1245.0,1245.05,20,0.25,3, 20, 100.00
IRISDOREME, SM, 02-Dec-2020,42.0,46.0,46.0,37.4, 37.40,37.4,40.9,28000,11.45,4, 11200, 40.00
ISEC, EQ, 02-Dec-2020,445.0,448.0,454.9,445.0, 452.00,450.7,451.52,419181,1892.69,13332, 199338, 47.55
ISFT, EQ, 02-Dec-2020,62.6,63.0,64.9,59.5, 59.50,59.6,60.71,24738,15.02,299, 18459, 74.62
ISMTLTD, EQ, 02-Dec-2020,10.7,11.15,11.2,11.15, 11.20,11.2,11.2,212552,23.8,350, 127999, 60.22
ITC, EQ, 02-Dec-2020,194.4,195.0,198.75,193.55, 195.85,195.95,196.15,28425948,55756.84,121841, 9411035, 33.11
ITDC, EQ, 02-Dec-2020,267.4,273.8,279.05,265.05, 269.50,269.7,272.98,134835,368.08,4336, 42406, 31.45
ITDCEM, EQ, 02-Dec-2020,56.15,56.75,58.9,56.3, 57.80,58.1,57.54,959168,551.91,6928, 491886, 51.28
ITI, EQ, 02-Dec-2020,124.2,124.8,126.85,124.2, 125.60,125.35,125.67,796450,1000.89,6573, 219406, 27.55
IVC, BE, 02-Dec-2020,4.05,4.15,4.25,4.15, 4.25,4.25,4.24,144970,6.15,156, -, -
IVP, EQ, 02-Dec-2020,70.05,73.0,73.0,66.55, 67.15,66.8,68.33,5965,4.08,127, 3448, 57.80
IVZINGOLD, EQ, 02-Dec-2020,4390.0,4388.7,4497.0,4307.0, 4425.00,4425.0,4380.06,78,3.42,26, 44, 56.41
IZMO, EQ, 02-Dec-2020,50.65,53.15,53.15,51.2, 53.15,53.15,53.09,59673,31.68,257, 44478, 74.54
J&KBANK, EQ, 02-Dec-2020,24.05,24.3,24.4,23.15, 23.60,23.55,23.59,3322451,783.8,8817, 1935239, 58.25
JAGRAN, EQ, 02-Dec-2020,40.6,41.15,41.5,39.9, 41.25,41.0,40.74,460287,187.54,2922, 281572, 61.17
JAGSNPHARM, EQ, 02-Dec-2020,61.7,63.0,64.5,62.0, 63.55,63.45,63.24,134741,85.21,1033, 61150, 45.38
JAIBALAJI, EQ, 02-Dec-2020,21.3,21.9,21.9,20.5, 21.55,21.45,21.26,28955,6.16,210, 19058, 65.82
JAICORPLTD, EQ, 02-Dec-2020,93.15,93.15,94.2,91.5, 92.30,92.45,92.89,1140939,1059.86,7037, 233331, 20.45
JAIHINDPRO, BZ, 02-Dec-2020,1.5,1.55,1.55,1.55, 1.55,1.55,1.55,861,0.01,3, -, -
JAINSTUDIO, BZ, 02-Dec-2020,1.45,1.5,1.5,1.5, 1.50,1.5,1.5,6524,0.1,10, -, -
JALAN, SM, 02-Dec-2020,3.55,3.4,3.4,3.4, 3.40,3.4,3.4,3000,0.1,1, 3000, 100.00
JAMNAAUTO, EQ, 02-Dec-2020,56.75,57.05,57.35,56.0, 56.30,56.3,56.65,812520,460.29,3678, 479488, 59.01
JASH, EQ, 02-Dec-2020,214.25,216.05,217.5,205.25, 212.95,209.15,211.13,27660,58.4,308, 24788, 89.62
JAYAGROGN, EQ, 02-Dec-2020,107.3,108.75,118.0,108.1, 116.55,116.55,115.37,84826,97.87,1716, 56557, 66.67
JAYBARMARU, EQ, 02-Dec-2020,255.85,259.9,265.0,251.0, 252.00,252.4,256.06,63006,161.33,2860, 32214, 51.13
JAYNECOIND, EQ, 02-Dec-2020,3.95,3.95,4.1,3.95, 4.10,4.1,4.07,146663,5.97,57, 137759, 93.93
JAYSREETEA, EQ, 02-Dec-2020,69.65,70.45,70.8,69.3, 69.90,69.75,70.0,156532,109.57,1630, 82974, 53.01
JBCHEPHARM, EQ, 02-Dec-2020,1005.55,1007.0,1009.8,988.25, 1000.00,1000.95,1001.71,234056,2344.57,12641, 173974, 74.33
JBFIND, EQ, 02-Dec-2020,7.15,7.2,7.2,7.0, 7.05,7.05,7.1,125186,8.89,1296, 108457, 86.64
JBMA, EQ, 02-Dec-2020,285.5,291.0,291.0,273.7, 275.50,277.5,282.19,59618,168.24,2577, 27331, 45.84
JCHAC, EQ, 02-Dec-2020,2242.85,2242.85,2264.95,2202.0, 2215.00,2212.4,2225.18,8892,197.86,1731, 4159, 46.77
JETAIRWAYS, BZ, 02-Dec-2020,69.5,71.0,71.0,68.0, 69.50,69.4,69.46,180799,125.59,1820, -, -
JHS, EQ, 02-Dec-2020,20.65,20.65,21.0,20.2, 20.50,20.4,20.46,74391,15.22,280, 54145, 72.78
JIKIND, BE, 02-Dec-2020,0.45,0.5,0.5,0.4, 0.45,0.45,0.48,76018,0.36,28, -, -
JINDALPHOT, EQ, 02-Dec-2020,14.35,14.3,14.35,13.2, 14.30,14.25,13.93,8753,1.22,117, 5103, 58.30
JINDALPOLY, EQ, 02-Dec-2020,473.55,474.15,482.4,468.0, 477.80,477.3,475.16,17891,85.01,968, 11733, 65.58
JINDALSAW, EQ, 02-Dec-2020,72.0,72.5,76.4,72.0, 75.80,75.4,74.3,3667046,2724.79,19768, 1332437, 36.34
JINDALSTEL, EQ, 02-Dec-2020,253.15,252.2,268.35,251.2, 258.55,259.1,260.47,22314238,58121.9,140155, 4719099, 21.15
JINDRILL, EQ, 02-Dec-2020,95.95,99.3,105.5,97.05, 100.90,101.7,102.65,553878,568.55,6488, 185596, 33.51
JINDWORLD, EQ, 02-Dec-2020,47.75,48.45,49.7,47.5, 48.25,47.85,48.19,159629,76.92,792, 28261, 17.70
JISLDVREQS, EQ, 02-Dec-2020,12.35,12.4,12.65,11.75, 12.05,12.0,12.13,51838,6.29,297, 39004, 75.24
JISLJALEQS, EQ, 02-Dec-2020,18.75,19.1,19.65,18.4, 19.05,19.05,19.18,6029883,1156.34,5806, 2792812, 46.32
JITFINFRA, BE, 02-Dec-2020,8.05,7.85,8.45,7.85, 8.45,8.45,8.34,21530,1.8,58, -, -
JIYAECO, BE, 02-Dec-2020,6.9,7.0,7.0,6.8, 6.95,6.9,6.9,77746,5.36,178, -, -
JKCEMENT, EQ, 02-Dec-2020,2064.1,2060.0,2106.95,2051.0, 2100.00,2098.1,2090.53,208659,4362.08,12388, 151401, 72.56
JKIL, EQ, 02-Dec-2020,119.1,118.9,131.0,118.9, 131.00,130.05,126.92,654814,831.06,8244, 341821, 52.20
JKLAKSHMI, EQ, 02-Dec-2020,354.55,357.0,360.0,346.1, 356.50,357.35,356.08,578297,2059.19,15230, 276023, 47.73
JKPAPER, EQ, 02-Dec-2020,97.5,98.2,98.55,96.5, 96.55,96.7,97.44,461695,449.87,4400, 228628, 49.52
JKTYRE, EQ, 02-Dec-2020,82.3,82.5,82.5,80.5, 81.15,81.15,81.63,817623,667.44,6263, 370139, 45.27
JMA, EQ, 02-Dec-2020,32.65,31.4,33.0,31.35, 32.10,32.4,32.48,6877,2.23,129, 5515, 80.19
JMCPROJECT, EQ, 02-Dec-2020,58.3,59.5,63.0,59.15, 61.90,61.8,61.17,882152,539.64,6025, 522859, 59.27
JMFINANCIL, EQ, 02-Dec-2020,82.55,82.7,85.3,80.65, 81.95,82.5,83.03,5188941,4308.32,15595, 2630710, 50.70
JMTAUTOLTD, EQ, 02-Dec-2020,2.65,2.7,2.75,2.55, 2.60,2.65,2.62,643357,16.88,673, 363624, 56.52
JOCIL, EQ, 02-Dec-2020,161.7,162.0,164.55,159.35, 164.30,163.6,163.02,3618,5.9,130, 2749, 75.98
JPASSOCIAT, EQ, 02-Dec-2020,3.85,3.9,3.95,3.7, 3.75,3.75,3.8,10806699,410.18,5454, 6021971, 55.72
JPINFRATEC, EQ, 02-Dec-2020,1.3,1.3,1.3,1.2, 1.30,1.25,1.25,2568180,32.17,717, 1811437, 70.53
JPOLYINVST, EQ, 02-Dec-2020,13.5,14.15,14.15,13.5, 14.05,14.05,13.91,1582,0.22,14, 1373, 86.79
JPPOWER, EQ, 02-Dec-2020,2.35,2.35,2.4,2.3, 2.35,2.35,2.34,4812841,112.44,1952, 2274004, 47.25
JSL, EQ, 02-Dec-2020,64.35,64.85,69.9,64.1, 69.50,69.25,68.47,2442543,1672.5,13308, 786712, 32.21
JSLHISAR, EQ, 02-Dec-2020,120.05,120.9,129.4,112.45, 124.75,124.5,124.83,1898515,2369.87,15463, 624803, 32.91
JSWENERGY, EQ, 02-Dec-2020,63.1,63.5,64.0,61.8, 62.70,62.65,62.82,1993644,1252.5,4859, 994880, 49.90
JSWHL, EQ, 02-Dec-2020,3306.45,3290.0,3350.0,3200.2, 3250.00,3231.6,3269.79,1305,42.67,408, 667, 51.11
JSWISPL, EQ, 02-Dec-2020,20.05,21.0,22.05,20.8, 22.05,22.05,21.86,3343309,730.84,2744, 2364745, 70.73
JSWSTEEL, EQ, 02-Dec-2020,358.15,357.0,370.75,356.05, 367.45,368.4,365.95,11048627,40432.04,82423, 1002249, 9.07
JTEKTINDIA, EQ, 02-Dec-2020,80.75,81.35,81.8,79.1, 80.00,79.6,80.41,174467,140.28,1317, 105234, 60.32
JUBILANT, EQ, 02-Dec-2020,727.1,730.5,804.0,730.5, 789.00,787.9,776.73,1708167,13267.81,45008, 695178, 40.70
JUBLFOOD, EQ, 02-Dec-2020,2511.95,2525.0,2553.95,2510.85, 2527.90,2534.2,2534.26,569296,14427.42,30090, 126980, 22.30
JUBLINDS, EQ, 02-Dec-2020,237.25,245.0,260.95,238.5, 250.00,251.25,251.3,317088,796.84,8684, 98572, 31.09
JUMPNET, EQ, 02-Dec-2020,19.5,19.15,19.15,19.15, 19.15,19.15,19.15,33154,6.35,169, 33154, 100.00
JUNIORBEES, EQ, 02-Dec-2020,321.77,370.0,370.0,309.0, 324.52,324.35,322.68,58314,188.17,3078, 39467, 67.68
JUSTDIAL, EQ, 02-Dec-2020,599.5,599.8,610.9,596.25, 602.30,604.15,603.88,599439,3619.87,16092, 134924, 22.51
JYOTHYLAB, EQ, 02-Dec-2020,143.4,144.0,145.8,141.0, 142.35,142.45,142.95,629516,899.87,12075, 284991, 45.27
JYOTISTRUC, BZ, 02-Dec-2020,3.6,3.7,3.75,3.55, 3.75,3.75,3.74,203314,7.59,98, -, -
KABRAEXTRU, EQ, 02-Dec-2020,77.55,77.55,78.05,76.5, 76.65,77.0,77.14,8465,6.53,133, 7384, 87.23
KAJARIACER, EQ, 02-Dec-2020,674.35,674.0,684.65,662.05, 678.00,678.55,676.32,446549,3020.11,24557, 259695, 58.16
KAKATCEM, EQ, 02-Dec-2020,176.55,177.0,183.0,175.75, 181.00,180.8,179.68,40868,73.43,768, 19732, 48.28
KALPATPOWR, EQ, 02-Dec-2020,323.9,326.8,326.8,318.0, 319.70,319.45,320.4,213400,683.74,4931, 119802, 56.14
KALYANIFRG, BE, 02-Dec-2020,135.95,133.4,139.8,131.35, 136.05,136.05,137.71,999,1.38,33, -, -
KAMATHOTEL, EQ, 02-Dec-2020,34.05,36.2,36.9,35.25, 35.35,35.45,35.88,424366,152.25,2331, 197500, 46.54
KAMDHENU, EQ, 02-Dec-2020,78.7,79.5,81.85,77.15, 79.65,79.25,80.02,48548,38.85,785, 29403, 60.56
KANANIIND, EQ, 02-Dec-2020,3.25,3.35,3.4,3.1, 3.40,3.4,3.32,14375,0.48,47, 11475, 79.83
KANORICHEM, EQ, 02-Dec-2020,41.9,42.5,43.9,41.6, 43.15,43.05,43.06,59737,25.72,553, 36297, 60.76
KANSAINER, EQ, 02-Dec-2020,547.65,549.9,551.7,531.55, 542.00,541.65,540.47,219080,1184.05,7746, 101923, 46.52
KAPSTON, BE, 02-Dec-2020,101.0,99.0,100.95,96.8, 100.95,100.0,98.92,1536,1.52,16, -, -
KARDA, EQ, 02-Dec-2020,116.85,117.5,117.55,113.6, 116.85,115.7,115.67,30041,34.75,307, 20001, 66.58
KARMAENG, EQ, 02-Dec-2020,9.4,9.0,9.4,9.0, 9.40,9.4,9.18,231,0.02,5, 231, 100.00
KARURVYSYA, EQ, 02-Dec-2020,37.35,37.6,37.75,37.2, 37.60,37.45,37.44,1156948,433.22,4341, 666975, 57.65
KAUSHALYA, EQ, 02-Dec-2020,1.35,1.4,1.4,1.3, 1.35,1.4,1.36,10303,0.14,55, 8353, 81.07
KAYA, EQ, 02-Dec-2020,261.5,262.0,262.8,250.45, 255.90,256.4,257.95,16230,41.87,549, 10625, 65.47
KCP, EQ, 02-Dec-2020,74.1,74.85,76.05,72.9, 73.50,73.6,74.46,876042,652.26,4669, 416089, 47.50
KCPSUGIND, EQ, 02-Dec-2020,15.9,15.65,16.0,15.45, 15.45,15.6,15.69,144997,22.75,628, 93986, 64.82
KDDL, EQ, 02-Dec-2020,185.15,187.3,192.5,184.0, 188.00,186.9,188.0,11932,22.43,523, 5607, 46.99
KEC, EQ, 02-Dec-2020,375.5,380.0,384.0,366.4, 368.50,372.65,376.58,768782,2895.1,19414, 398599, 51.85
KECL, EQ, 02-Dec-2020,12.9,13.8,14.1,12.95, 13.40,13.4,13.63,240894,32.84,1053, 165201, 68.58
KEERTI, EQ, 02-Dec-2020,25.2,26.25,26.45,25.2, 26.45,26.45,26.3,138866,36.53,134, 77574, 55.86
KEI, EQ, 02-Dec-2020,417.95,419.0,429.0,419.0, 424.00,422.9,422.45,222118,938.33,7215, 143015, 64.39
KELLTONTEC, EQ, 02-Dec-2020,54.2,54.6,55.25,53.45, 54.15,54.25,54.02,1192071,643.9,1860, 669358, 56.15
KENNAMET, EQ, 02-Dec-2020,844.45,844.45,848.0,830.3, 838.00,835.75,839.83,4206,35.32,293, 3494, 83.07
KERNEX, BE, 02-Dec-2020,23.0,23.95,23.95,22.15, 23.00,22.85,22.44,2044,0.46,28, -, -
KESORAMIND, EQ, 02-Dec-2020,50.8,51.35,52.4,48.55, 49.60,49.8,50.23,844381,424.15,3898, 469031, 55.55
KEYFINSERV, EQ, 02-Dec-2020,100.0,95.0,95.0,95.0, 95.00,95.0,95.0,3167,3.01,73, 3167, 100.00
KGL, BZ, 02-Dec-2020,0.25,0.3,0.3,0.25, 0.25,0.3,0.29,3640444,10.67,293, -, -
KHADIM, EQ, 02-Dec-2020,116.5,117.3,117.3,115.5, 116.00,116.2,116.58,61557,71.76,1172, 45095, 73.26
KHAICHEM, EQ, 02-Dec-2020,20.45,20.7,22.1,20.35, 21.90,21.9,21.35,692725,147.92,2871, 210457, 30.38
KHANDSE, EQ, 02-Dec-2020,8.9,8.85,9.2,8.75, 8.80,8.8,8.8,10006,0.88,50, 7775, 77.70
KICL, EQ, 02-Dec-2020,1317.55,1327.0,1385.45,1327.0, 1336.00,1337.0,1349.06,2040,27.52,372, 1324, 64.90
KILITCH, BE, 02-Dec-2020,93.6,91.2,93.75,91.2, 93.40,93.4,92.5,3213,2.97,36, -, -
KINGFA, EQ, 02-Dec-2020,537.75,546.55,546.75,528.55, 534.95,534.4,536.2,3115,16.7,284, 1891, 60.71
KIOCL, EQ, 02-Dec-2020,112.65,114.35,115.0,112.05, 112.50,112.4,113.08,75135,84.96,974, 47342, 63.01
KIRIINDUS, EQ, 02-Dec-2020,518.7,517.05,534.5,501.35, 509.00,510.2,510.99,160371,819.47,3676, 70841, 44.17
KIRLFER, EQ, 02-Dec-2020,126.25,128.0,135.0,124.4, 132.05,132.6,130.7,852721,1114.47,10172, 395389, 46.37
KIRLOSBROS, EQ, 02-Dec-2020,140.3,141.0,141.8,136.45, 137.00,137.15,138.74,80223,111.3,2405, 47872, 59.67
KIRLOSENG, EQ, 02-Dec-2020,125.6,123.6,124.95,120.1, 121.50,121.0,121.87,351659,428.58,5384, 190914, 54.29
KIRLOSIND, EQ, 02-Dec-2020,792.3,802.55,824.0,775.0, 790.00,795.8,806.96,10556,85.18,745, 7107, 67.33
KITEX, EQ, 02-Dec-2020,104.9,105.2,108.8,105.1, 106.70,106.65,107.22,426407,457.19,4518, 179380, 42.07
KKCL, EQ, 02-Dec-2020,779.25,779.25,786.0,752.0, 776.00,776.15,772.31,2054,15.86,333, 1061, 51.66
KMSUGAR, EQ, 02-Dec-2020,12.0,12.15,12.15,11.3, 11.50,11.55,11.67,326111,38.05,705, 217673, 66.75
KNRCON, EQ, 02-Dec-2020,286.25,289.8,290.0,285.15, 287.65,287.1,286.91,218851,627.91,7685, 178113, 81.39
KOKUYOCMLN, EQ, 02-Dec-2020,62.5,63.0,66.6,62.5, 64.90,64.85,65.44,1017839,666.05,6539, 276541, 27.17
KOLTEPATIL, EQ, 02-Dec-2020,214.35,213.2,217.0,207.5, 211.00,210.0,211.0,135960,286.87,4301, 67820, 49.88
KOPRAN, EQ, 02-Dec-2020,128.75,133.0,135.15,131.5, 135.15,135.15,134.5,2025192,2723.88,9269, 648638, 32.03
KOTAKBANK, EQ, 02-Dec-2020,1875.85,1880.0,1883.65,1809.0, 1813.00,1814.2,1834.13,7458011,136789.27,223059, 4637812, 62.19
KOTAKBKETF, EQ, 02-Dec-2020,300.95,302.0,302.0,294.38, 297.50,297.96,297.62,233587,695.21,4596, 68806, 29.46
KOTAKGOLD, EQ, 02-Dec-2020,422.15,423.1,428.4,423.1, 426.75,427.3,425.41,48967,208.31,1139, 35977, 73.47
KOTAKNIFTY, EQ, 02-Dec-2020,136.47,136.6,137.0,135.69, 136.94,136.63,136.22,29397,40.05,473, 15784, 53.69
KOTAKNV20, EQ, 02-Dec-2020,66.84,65.9,67.9,65.75, 67.48,67.24,67.06,5325,3.57,101, 2848, 53.48
KOTAKPSUBK, EQ, 02-Dec-2020,156.9,158.1,159.89,155.0, 157.00,156.96,157.64,21858,34.46,297, 13749, 62.90
KOTARISUG, EQ, 02-Dec-2020,15.7,15.7,16.2,15.3, 15.30,15.5,15.55,57520,8.95,147, 52661, 91.55
KOTHARIPET, EQ, 02-Dec-2020,16.25,16.8,16.8,16.2, 16.45,16.3,16.43,57379,9.43,199, 52173, 90.93
KOTHARIPRO, EQ, 02-Dec-2020,63.5,63.25,64.35,62.4, 62.55,63.75,63.26,8431,5.33,135, 5834, 69.20
KPITTECH, EQ, 02-Dec-2020,108.9,109.8,110.8,107.0, 109.15,108.5,108.65,271766,295.26,3691, 144180, 53.05
KPRMILL, EQ, 02-Dec-2020,773.5,783.0,811.05,775.0, 810.00,806.55,799.91,74141,593.06,4186, 41194, 55.56
KRBL, EQ, 02-Dec-2020,271.7,275.0,281.8,273.0, 275.80,276.75,277.45,865307,2400.81,13972, 244710, 28.28
KREBSBIO, EQ, 02-Dec-2020,96.5,96.0,96.95,92.0, 94.50,94.55,94.17,5699,5.37,216, 3434, 60.26
KRIDHANINF, EQ, 02-Dec-2020,2.65,2.7,2.9,2.6, 2.90,2.85,2.75,234630,6.45,260, 182664, 77.85
KRISHANA, BE, 02-Dec-2020,70.35,67.05,70.95,67.0, 70.00,70.0,69.09,977,0.68,24, -, -
KSB, EQ, 02-Dec-2020,567.75,567.7,575.05,567.05, 571.10,571.9,572.0,29840,170.68,2805, 21411, 71.75
KSCL, EQ, 02-Dec-2020,485.65,489.45,490.5,481.0, 481.50,482.65,485.24,288584,1400.32,11195, 143606, 49.76
KSHITIJPOL, SM, 02-Dec-2020,25.4,25.2,25.5,24.5, 25.00,25.05,24.97,68000,16.98,10, 44000, 64.71
KSK, BZ, 02-Dec-2020,0.35,0.4,0.4,0.35, 0.40,0.35,0.37,1467252,5.43,187, -, -
KSL, EQ, 02-Dec-2020,239.45,240.0,261.0,238.95, 254.00,254.65,254.48,851322,2166.42,17882, 266412, 31.29
KSOLVES, SM, 02-Dec-2020,415.0,435.0,435.0,435.0, 435.00,435.0,435.0,600,2.61,1, 600, 100.00
KTKBANK, EQ, 02-Dec-2020,48.05,48.3,49.9,48.05, 49.25,49.2,49.04,4683825,2296.91,11346, 1953335, 41.70
KUANTUM, EQ, 02-Dec-2020,43.1,43.1,44.9,42.7, 44.60,44.55,43.96,17428,7.66,161, 12792, 73.40
KWALITY, EQ, 02-Dec-2020,2.9,3.0,3.0,3.0, 3.00,3.0,3.0,90345,2.71,133, 90345, 100.00
L&TFH, EQ, 02-Dec-2020,87.75,87.9,88.95,86.05, 86.50,86.6,87.51,19446807,17018.36,50085, 4337861, 22.31
L&TFINANCE, NK, 02-Dec-2020,1066.01,1098.5,1100.0,1092.0, 1092.00,1092.0,1098.87,315,3.46,7, 300, 95.24
L&TFINANCE, NY, 02-Dec-2020,1109.99,1100.0,1100.0,1100.0, 1100.00,1100.0,1100.0,30,0.33,1, 30, 100.00
L&TFINANCE, Y1, 02-Dec-2020,1083.0,1077.0,1077.0,1075.0, 1075.00,1075.0,1076.2,250,2.69,9, 250, 100.00
L&TFINANCE, Y3, 02-Dec-2020,1020.0,1020.0,1020.0,1020.0, 1020.00,1020.0,1020.0,48,0.49,1, 48, 100.00
L&TFINANCE, Y7, 02-Dec-2020,1072.0,1080.55,1080.55,1080.55, 1080.55,1080.55,1080.55,5,0.05,1, 5, 100.00
L&TINFRA, N5, 02-Dec-2020,1056.15,1057.15,1057.15,1057.0, 1057.00,1057.0,1057.04,35,0.37,5, 35, 100.00
L&TINFRA, N6, 02-Dec-2020,2162.51,2163.0,2168.0,2163.0, 2168.00,2167.44,2166.08,831,18.0,31, 831, 100.00
LALPATHLAB, EQ, 02-Dec-2020,2278.6,2279.0,2288.25,2220.6, 2257.00,2246.65,2245.31,126082,2830.93,15843, 42554, 33.75
LAMBODHARA, EQ, 02-Dec-2020,29.5,28.5,31.3,28.5, 31.20,31.0,30.53,26130,7.98,224, 20448, 78.25
LAOPALA, EQ, 02-Dec-2020,229.7,230.0,231.8,227.05, 229.90,228.35,229.43,52337,120.08,3507, 27334, 52.23
LASA, EQ, 02-Dec-2020,83.15,83.15,91.4,83.05, 87.50,87.45,86.93,471044,409.48,4704, 126649, 26.89
LAURUSLABS, EQ, 02-Dec-2020,322.9,324.4,325.0,317.0, 320.00,321.15,321.02,3155485,10129.62,55743, 1683100, 53.34
LAXMICOT, SM, 02-Dec-2020,9.0,10.7,10.7,7.65, 10.25,10.25,9.53,18000,1.72,3, 18000, 100.00
LAXMIMACH, EQ, 02-Dec-2020,4195.95,4244.95,4340.0,4231.7, 4314.85,4319.85,4267.91,18638,795.45,2913, 13683, 73.41
LEMONTREE, EQ, 02-Dec-2020,36.3,36.7,39.9,36.4, 37.95,37.9,38.85,9980882,3877.37,27339, 4935560, 49.45
LEXUS, SM, 02-Dec-2020,15.75,16.0,16.5,15.8, 16.50,16.5,16.33,7000,1.14,6, 7000, 100.00
LFIC, EQ, 02-Dec-2020,59.85,58.7,62.8,58.7, 62.80,62.25,61.33,7130,4.37,43, 4968, 69.68
LGBBROSLTD, EQ, 02-Dec-2020,255.45,260.0,260.5,254.95, 259.00,257.05,256.84,102259,262.65,1911, 66513, 65.04
LGBFORGE, EQ, 02-Dec-2020,2.85,2.8,3.0,2.75, 2.95,2.9,2.93,79316,2.32,111, 64668, 81.53
LIBAS, EQ, 02-Dec-2020,28.05,28.75,28.75,28.3, 28.30,28.45,28.53,21097,6.02,201, 13432, 63.67
LIBERTSHOE, EQ, 02-Dec-2020,151.5,151.9,152.75,149.0, 149.50,149.65,150.72,91789,138.35,2304, 39329, 42.85
LICHSGFIN, EQ, 02-Dec-2020,339.3,341.8,346.9,340.05, 342.80,343.2,343.79,9687883,33306.09,82875, 3459545, 35.71
LICNETFGSC, EQ, 02-Dec-2020,21.92,21.7,21.97,21.66, 21.82,21.91,21.91,45377,9.94,84, 44296, 97.62
LICNETFN50, EQ, 02-Dec-2020,130.46,135.0,135.0,130.15, 130.60,130.89,132.16,716,0.95,86, 346, 48.32
LICNETFSEN, EQ, 02-Dec-2020,460.94,458.05,478.0,458.05, 468.00,468.0,469.64,80,0.38,27, 46, 57.50
LICNFNHGP, EQ, 02-Dec-2020,131.45,131.45,134.0,129.7, 132.00,133.27,131.76,923,1.22,44, 869, 94.15
LIKHITHA, EQ, 02-Dec-2020,154.0,155.15,155.15,152.0, 153.00,152.55,153.51,79997,122.8,1088, 20030, 25.04
LINCOLN, EQ, 02-Dec-2020,238.65,239.6,239.95,233.05, 234.00,234.45,235.64,59069,139.19,1851, 30176, 51.09
LINCPEN, EQ, 02-Dec-2020,188.35,192.0,195.0,185.05, 188.70,189.0,189.79,12346,23.43,1028, 6176, 50.02
LINDEINDIA, EQ, 02-Dec-2020,907.55,912.1,936.0,901.0, 916.00,912.75,915.7,138903,1271.93,7571, 42104, 30.31
LIQUIDBEES, EQ, 02-Dec-2020,999.99,1002.4,1002.4,999.5, 1000.00,999.99,1000.0,893453,8934.5,3079, 716387, 80.18
LIQUIDETF, EQ, 02-Dec-2020,999.99,1000.04,1000.04,999.99, 1000.00,999.99,1000.0,2159,21.59,32, 1408, 65.22
LOKESHMACH, EQ, 02-Dec-2020,24.05,24.55,24.9,23.8, 24.50,24.35,24.29,9415,2.29,145, 6623, 70.35
LOTUSEYE, EQ, 02-Dec-2020,32.6,33.75,33.75,32.1, 32.10,32.15,32.27,6218,2.01,44, 4436, 71.34
LOVABLE, EQ, 02-Dec-2020,83.75,84.0,85.95,81.05, 83.75,83.7,83.38,308156,256.94,3886, 127615, 41.41
LPDC, EQ, 02-Dec-2020,1.4,1.45,1.45,1.45, 1.45,1.45,1.45,8092,0.12,14, 8092, 100.00
LSIL, EQ, 02-Dec-2020,0.75,0.7,0.75,0.7, 0.75,0.7,0.71,632762,4.5,316, 487670, 77.07
LT, EQ, 02-Dec-2020,1115.95,1120.05,1132.05,1104.1, 1113.85,1113.75,1116.04,4434968,49496.06,84559, 2055661, 46.35
LTI, EQ, 02-Dec-2020,3353.45,3347.0,3401.0,3230.0, 3382.05,3393.75,3327.96,577260,19210.98,63854, 174421, 30.22
LTMFEOF2R, MF, 02-Dec-2020,11.3,10.5,11.0,10.5, 11.00,11.0,10.67,30000,3.2,9, 30000, 100.00
LTTS, EQ, 02-Dec-2020,1770.3,1780.0,1801.55,1753.25, 1785.10,1785.15,1781.19,173651,3093.05,15436, 76364, 43.98
LUMAXIND, EQ, 02-Dec-2020,1330.7,1333.75,1347.0,1300.0, 1315.00,1317.0,1326.13,4573,60.64,874, 2369, 51.80
LUMAXTECH, EQ, 02-Dec-2020,101.65,102.0,105.0,100.45, 102.10,102.65,102.39,100891,103.3,1342, 38645, 38.30
LUPIN, EQ, 02-Dec-2020,909.8,912.0,920.9,902.6, 914.00,914.3,914.17,3054564,27924.0,45208, 449915, 14.73
LUXIND, EQ, 02-Dec-2020,1599.35,1599.35,1618.9,1564.0, 1600.00,1599.65,1589.32,36090,573.59,2784, 6463, 17.91
LYKALABS, EQ, 02-Dec-2020,20.55,21.0,21.65,20.3, 20.90,21.1,20.99,55605,11.67,428, 34021, 61.18
LYPSAGEMS, EQ, 02-Dec-2020,3.05,3.05,3.1,3.0, 3.10,3.1,3.03,18560,0.56,65, 17310, 93.27
M&M, EQ, 02-Dec-2020,734.55,734.0,758.0,730.55, 752.20,753.6,744.08,6337698,47157.39,95542, 1806186, 28.50
M&MFIN, EQ, 02-Dec-2020,167.7,167.7,170.7,163.9, 165.85,165.45,166.93,8926930,14902.16,46123, 2104102, 23.57
M&MFIN, N1, 02-Dec-2020,1090.0,1041.0,1050.0,1041.0, 1050.00,1050.0,1045.8,150,1.57,3, 150, 100.00
M&MFIN, N2, 02-Dec-2020,1117.99,1115.0,1115.0,1111.0, 1111.00,1111.0,1111.02,503,5.59,10, 503, 100.00
M100, EQ, 02-Dec-2020,20.89,21.48,21.48,20.61, 20.95,20.94,20.98,109511,22.98,407, 80241, 73.27
M14RG, MF, 02-Dec-2020,7.53,7.35,7.35,6.83, 7.17,7.17,7.27,6500,0.47,4, 6500, 100.00
M15RD, MF, 02-Dec-2020,6.16,6.77,6.77,5.61, 5.61,5.61,6.77,1501,0.1,6, 1500, 99.93
M15RG, MF, 02-Dec-2020,7.17,7.55,7.55,6.5, 6.50,6.5,7.03,2,0.0,2, 1, 50.00
M17RD, MF, 02-Dec-2020,6.0,6.5,6.6,6.5, 6.60,6.51,6.52,26500,1.73,6, 26500, 100.00
M50, EQ, 02-Dec-2020,129.0,129.0,129.5,128.2, 129.42,129.23,128.96,1088,1.4,28, 845, 77.67
MAANALU, EQ, 02-Dec-2020,88.6,91.75,91.75,87.15, 88.40,88.7,89.42,29837,26.68,702, 16255, 54.48
MACPOWER, EQ, 02-Dec-2020,62.0,63.75,67.95,62.0, 64.00,64.55,63.78,3711,2.37,44, 3539, 95.37
MADHAV, EQ, 02-Dec-2020,28.35,29.0,29.8,28.55, 29.75,29.4,29.14,16261,4.74,160, 7209, 44.33
MADHUCON, EQ, 02-Dec-2020,3.4,3.55,3.55,3.35, 3.55,3.55,3.54,44887,1.59,91, 41961, 93.48
MADRASFERT, EQ, 02-Dec-2020,17.95,18.5,18.6,18.0, 18.30,18.25,18.31,286024,52.36,880, 167494, 58.56
MAESGETF, EQ, 02-Dec-2020,22.6,22.59,22.59,22.43, 22.43,22.43,22.52,1175,0.26,13, 1066, 90.72
MAGADSUGAR, EQ, 02-Dec-2020,114.85,117.5,117.5,110.25, 112.60,112.75,113.94,30898,35.2,527, 18063, 58.46
MAGMA, EQ, 02-Dec-2020,46.85,46.3,47.4,46.0, 46.20,46.25,46.48,252038,117.14,998, 190148, 75.44
MAGNUM, EQ, 02-Dec-2020,4.85,5.05,5.05,4.65, 5.05,4.85,4.91,25641,1.26,54, 20404, 79.58
MAHABANK, EQ, 02-Dec-2020,12.4,12.4,12.7,12.3, 12.70,12.65,12.56,3763566,472.54,3300, 2124389, 56.45
MAHAPEXLTD, BE, 02-Dec-2020,88.3,89.9,92.7,86.0, 92.70,92.7,91.61,26529,24.3,136, -, -
MAHASTEEL, EQ, 02-Dec-2020,94.15,93.7,97.7,93.7, 96.40,95.55,95.32,17101,16.3,382, 9857, 57.64
MAHEPC, EQ, 02-Dec-2020,145.85,146.0,146.95,144.5, 145.70,145.35,145.71,55540,80.93,1487, 28811, 51.87
MAHESHWARI, BE, 02-Dec-2020,82.95,83.0,83.95,82.0, 83.00,83.6,83.13,13387,11.13,152, -, -
MAHICKRA, SM, 02-Dec-2020,79.95,81.85,81.85,79.0, 79.50,79.25,80.07,7500,6.01,5, 6000, 80.00
MAHINDCIE, EQ, 02-Dec-2020,159.35,162.0,165.25,158.75, 165.20,163.2,162.22,297189,482.1,4720, 106283, 35.76
MAHLIFE, EQ, 02-Dec-2020,321.25,323.75,334.85,310.0, 325.00,319.2,322.57,129853,418.87,6785, 57202, 44.05
MAHLOG, EQ, 02-Dec-2020,397.45,399.5,408.55,388.9, 394.85,395.05,398.44,70951,282.7,2893, 46939, 66.16
MAHSCOOTER, EQ, 02-Dec-2020,3683.4,3690.0,3739.95,3643.25, 3650.00,3650.25,3677.17,9640,354.48,1289, 7430, 77.07
MAHSEAMLES, EQ, 02-Dec-2020,274.6,279.0,308.5,277.2, 299.00,300.5,294.71,683792,2015.23,12492, 259759, 37.99
MAITHANALL, EQ, 02-Dec-2020,564.15,562.0,593.35,558.85, 580.00,580.1,579.35,101107,585.77,4970, 52801, 52.22
MAJESCO, EQ, 02-Dec-2020,970.35,969.5,972.0,960.25, 969.00,969.45,967.09,300171,2902.93,1436, 280463, 93.43
MALUPAPER, EQ, 02-Dec-2020,25.25,25.4,26.0,25.1, 25.35,25.2,25.49,11742,2.99,116, 7345, 62.55
MAN50ETF, EQ, 02-Dec-2020,133.37,133.5,133.95,132.77, 133.95,133.95,133.3,8879,11.84,74, 6883, 77.52
MANAKALUCO, EQ, 02-Dec-2020,7.05,7.3,7.35,6.75, 6.90,6.9,6.9,12442,0.86,73, 9811, 78.85
MANAKCOAT, EQ, 02-Dec-2020,5.25,5.2,5.45,5.0, 5.05,5.3,5.24,16759,0.88,34, 14188, 84.66
MANAKSIA, EQ, 02-Dec-2020,44.9,45.9,45.9,44.05, 44.90,44.75,45.01,65782,29.61,653, 41527, 63.13
MANAKSTEEL, EQ, 02-Dec-2020,13.4,13.0,13.8,13.0, 13.40,13.4,13.47,28384,3.82,123, 25347, 89.30
MANALIPETC, EQ, 02-Dec-2020,36.65,36.65,37.9,35.5, 35.80,35.85,36.64,2527043,925.83,7283, 1095086, 43.33
MANAPPURAM, EQ, 02-Dec-2020,173.55,174.5,175.65,171.15, 173.95,173.5,173.4,4840325,8393.35,23975, 989837, 20.45
MANGALAM, EQ, 02-Dec-2020,147.35,147.25,150.35,146.6, 148.00,147.25,148.17,61451,91.05,1144, 41166, 66.99
MANGCHEFER, EQ, 02-Dec-2020,41.4,45.15,46.4,42.1, 42.25,42.75,44.25,10179256,4504.77,35271, 5275853, 51.83
MANGLMCEM, EQ, 02-Dec-2020,218.8,219.85,224.9,217.0, 220.80,218.9,221.18,89710,198.42,2018, 37927, 42.28
MANGTIMBER, EQ, 02-Dec-2020,9.2,9.6,9.65,9.6, 9.60,9.6,9.62,8170,0.79,37, 8170, 100.00
MANINDS, EQ, 02-Dec-2020,74.75,75.35,77.4,73.95, 74.75,75.1,75.67,336381,254.53,3252, 160512, 47.72
MANINFRA, EQ, 02-Dec-2020,34.7,34.7,34.7,33.05, 33.75,33.75,33.72,2397611,808.49,8977, 920068, 38.37
MANUGRAPH, EQ, 02-Dec-2020,10.0,10.45,10.45,9.65, 10.05,9.9,9.97,2547,0.25,48, 1675, 65.76
MANXT50, EQ, 02-Dec-2020,305.05,306.81,307.8,305.0, 307.02,307.33,306.71,3092,9.48,42, 3083, 99.71
MARALOVER, EQ, 02-Dec-2020,18.05,17.75,18.75,17.75, 17.95,18.05,18.3,9965,1.82,146, 7245, 72.70
MARATHON, EQ, 02-Dec-2020,77.3,78.0,81.15,75.6, 81.10,79.6,78.69,25000,19.67,412, 17727, 70.91
MARICO, EQ, 02-Dec-2020,373.8,373.0,381.65,372.1, 378.00,378.65,378.02,3617752,13675.82,50029, 903076, 24.96
MARINE, EQ, 02-Dec-2020,191.5,198.0,200.05,190.1, 198.95,197.1,196.79,158397,311.72,394, 97079, 61.29
MARKSANS, EQ, 02-Dec-2020,61.2,61.8,63.15,60.6, 61.85,61.8,62.03,2800314,1737.11,11480, 1228970, 43.89
MARSHALL, SM, 02-Dec-2020,7.8,7.8,8.15,7.8, 8.15,8.15,8.03,9000,0.72,3, 9000, 100.00
MARUTI, EQ, 02-Dec-2020,7101.7,7110.0,7220.0,7105.0, 7204.00,7206.5,7181.43,1106734,79479.29,92259, 383038, 34.61
MASFIN, EQ, 02-Dec-2020,1036.6,1044.8,1045.0,1017.35, 1028.00,1033.25,1033.35,11402,117.82,1929, 6373, 55.89
MASTEK, EQ, 02-Dec-2020,950.5,955.55,1005.0,953.05, 987.00,991.15,991.64,151687,1504.18,9309, 75597, 49.84
MATRIMONY, EQ, 02-Dec-2020,712.4,710.05,730.35,710.0, 725.00,721.4,723.43,5699,41.23,601, 2826, 49.59
MAWANASUG, EQ, 02-Dec-2020,27.95,28.25,28.25,27.15, 27.35,27.2,27.49,44528,12.24,275, 27527, 61.82
MAXHEALTH, EQ, 02-Dec-2020,127.4,128.9,130.9,126.0, 128.10,127.95,128.86,564404,727.28,7295, 385985, 68.39
MAXIND, EQ, 02-Dec-2020,60.3,60.3,60.4,58.15, 58.70,58.7,59.05,181544,107.2,2262, 147673, 81.34
MAXVIL, EQ, 02-Dec-2020,43.75,43.1,44.85,43.0, 43.55,43.75,43.5,71413,31.07,437, 53521, 74.95
MAYURUNIQ, EQ, 02-Dec-2020,272.4,272.45,275.5,267.0, 271.50,270.45,273.09,49317,134.68,1361, 33302, 67.53
MAZDA, EQ, 02-Dec-2020,537.55,550.0,559.0,539.0, 555.00,554.6,551.2,17119,94.36,876, 7837, 45.78
MAZDOCK, EQ, 02-Dec-2020,182.0,182.8,183.0,180.0, 181.05,180.9,181.3,797822,1446.49,7156, 288768, 36.19
MBAPL, BE, 02-Dec-2020,68.0,69.0,69.0,68.0, 68.00,68.0,68.56,1793,1.23,7, -, -
MBECL, BE, 02-Dec-2020,5.45,5.7,5.7,5.45, 5.70,5.7,5.69,33823,1.92,48, -, -
MBLINFRA, EQ, 02-Dec-2020,9.1,9.3,9.3,9.0, 9.10,9.1,9.1,48384,4.4,121, 31390, 64.88
MC1RG, MF, 02-Dec-2020,8.5,8.0,8.0,7.66, 7.66,7.66,7.9,7000,0.55,2, 7000, 100.00
MCDHOLDING, EQ, 02-Dec-2020,24.95,25.0,26.0,24.4, 26.00,25.9,25.28,33211,8.39,259, 24471, 73.68
MCDOWELL-N, EQ, 02-Dec-2020,566.95,569.5,572.0,561.1, 569.35,569.4,567.15,1899715,10774.3,47735, 780915, 41.11
MCL, EQ, 02-Dec-2020,61.0,62.5,72.95,62.05, 72.95,71.95,67.95,18434,12.53,304, 12876, 69.85
MCLEODRUSS, EQ, 02-Dec-2020,24.75,25.4,25.95,25.05, 25.95,25.85,25.79,1711690,441.45,2027, 1216391, 71.06
MCX, EQ, 02-Dec-2020,1592.25,1594.95,1598.8,1550.5, 1566.00,1567.7,1570.03,277605,4358.49,28592, 179589, 64.69
MEGASOFT, EQ, 02-Dec-2020,8.4,8.25,8.8,8.25, 8.70,8.55,8.68,75269,6.53,212, 50989, 67.74
MEGH, EQ, 02-Dec-2020,80.65,81.0,84.85,80.45, 84.30,84.0,83.35,3104776,2587.93,14362, 1349314, 43.46
MELSTAR, BZ, 02-Dec-2020,1.85,1.9,1.9,1.8, 1.80,1.8,1.8,5746,0.1,16, -, -
MENONBE, BE, 02-Dec-2020,48.2,48.9,49.0,47.6, 47.70,47.85,48.27,29824,14.39,181, -, -
MEP, EQ, 02-Dec-2020,13.75,13.95,13.95,13.4, 13.55,13.5,13.62,181239,24.68,365, 142432, 78.59
MERCATOR, EQ, 02-Dec-2020,0.8,0.8,0.85,0.8, 0.85,0.8,0.82,618195,5.08,150, 331235, 53.58
METALFORGE, EQ, 02-Dec-2020,4.4,4.5,4.5,4.25, 4.40,4.4,4.46,5920,0.26,51, 5691, 96.13
METKORE, BZ, 02-Dec-2020,0.5,0.45,0.55,0.45, 0.45,0.45,0.47,82072,0.39,26, -, -
METROPOLIS, EQ, 02-Dec-2020,2162.8,2180.0,2199.9,2110.5, 2115.00,2121.7,2133.41,81399,1736.58,8785, 42169, 51.81
MFSL, EQ, 02-Dec-2020,640.1,644.9,644.9,629.75, 639.00,637.75,636.97,682736,4348.79,11183, 210183, 30.79
MGEL, SM, 02-Dec-2020,40.0,40.0,40.0,39.8, 39.80,39.95,39.93,9000,3.59,2, 9000, 100.00
MGL, EQ, 02-Dec-2020,1059.35,1055.1,1070.85,1030.05, 1040.00,1040.25,1043.38,1212696,12653.02,35650, 454643, 37.49
MHHL, SM, 02-Dec-2020,16.9,17.7,17.7,17.7, 17.70,17.7,17.7,3000,0.53,1, 3000, 100.00
MHRIL, EQ, 02-Dec-2020,195.2,195.2,202.85,193.35, 196.50,196.1,197.83,211519,418.44,4000, 127646, 60.35
MIC, BE, 02-Dec-2020,0.8,0.8,0.85,0.75, 0.75,0.75,0.81,57779,0.47,45, -, -
MIDHANI, EQ, 02-Dec-2020,191.85,193.0,194.75,183.25, 192.55,192.4,192.95,309327,596.84,4348, 121758, 39.36
MINDACORP, EQ, 02-Dec-2020,84.3,84.8,85.25,81.85, 82.80,82.9,83.07,1299291,1079.37,5809, 625735, 48.16
MINDAIND, EQ, 02-Dec-2020,388.1,391.0,394.8,380.55, 390.30,391.95,390.06,196787,767.59,5716, 63226, 32.13
MINDSPACE, RR, 02-Dec-2020,314.82,314.0,332.17,313.1, 324.90,323.76,318.39,341600,1087.63,1027, 262800, 76.93
MINDTECK, EQ, 02-Dec-2020,36.6,36.85,37.8,35.45, 37.60,37.0,36.41,25437,9.26,240, 17618, 69.26
MINDTREE, EQ, 02-Dec-2020,1411.6,1411.6,1421.5,1394.0, 1413.75,1414.3,1409.92,672487,9481.51,23636, 151764, 22.57
MIRCELECTR, EQ, 02-Dec-2020,8.4,8.5,8.75,8.35, 8.70,8.7,8.63,269900,23.29,516, 197997, 73.36
MIRZAINT, EQ, 02-Dec-2020,56.6,57.0,58.6,56.6, 56.90,57.0,57.29,400118,229.22,3041, 178030, 44.49
MITCON, SM, 02-Dec-2020,37.0,37.0,38.8,37.0, 37.00,37.0,37.76,10000,3.78,4, 10000, 100.00
MITTAL, EQ, 02-Dec-2020,14.0,14.0,14.0,13.3, 13.45,13.4,13.49,57462,7.75,257, 44385, 77.24
MMFL, EQ, 02-Dec-2020,376.6,374.0,400.0,366.35, 395.75,395.75,392.3,18183,71.33,808, 12002, 66.01
MMP, EQ, 02-Dec-2020,83.55,81.85,85.05,76.55, 84.50,84.75,83.39,17469,14.57,269, 12742, 72.94
MMTC, EQ, 02-Dec-2020,19.0,19.2,19.45,19.0, 19.20,19.25,19.2,2348651,451.0,3340, 754440, 32.12
MODIRUBBER, BE, 02-Dec-2020,31.5,33.05,33.05,33.0, 33.05,33.05,33.04,813,0.27,9, -, -
MOHOTAIND, EQ, 02-Dec-2020,8.0,8.2,8.45,7.9, 8.40,8.15,8.05,306422,24.66,238, 184826, 60.32
MOIL, EQ, 02-Dec-2020,126.65,127.55,135.45,126.6, 134.45,134.25,132.69,2941826,3903.65,27388, 914373, 31.08
MOLDTECH, BE, 02-Dec-2020,47.6,49.4,49.4,47.25, 48.75,48.15,48.09,13296,6.39,102, -, -
MOLDTEKPP, E1, 02-Dec-2020,179.65,182.0,188.0,150.7, 169.90,165.95,168.95,6071,10.26,377, 4202, 69.21
MOLDTKPAC, EQ, 02-Dec-2020,288.15,290.0,294.75,290.0, 290.35,290.75,291.41,21385,62.32,987, 11889, 55.60
MOLDTKPAC, W1, 02-Dec-2020,66.2,79.4,79.4,79.4, 79.40,79.4,79.4,305,0.24,5, 305, 100.00
MONTECARLO, EQ, 02-Dec-2020,241.95,240.0,245.0,240.0, 241.00,241.5,241.87,46114,111.54,1726, 23938, 51.91
MORARJEE, EQ, 02-Dec-2020,10.25,10.25,10.75,9.75, 10.05,10.15,10.31,5691,0.59,29, 4535, 79.69
MOREPENLAB, EQ, 02-Dec-2020,29.0,29.2,29.35,28.2, 28.60,28.6,28.65,2231796,639.42,3930, 1163333, 52.13
MOTHERSUMI, EQ, 02-Dec-2020,157.2,155.6,156.65,152.3, 153.60,153.2,154.24,10683177,16477.82,74365, 3283575, 30.74
MOTILALOFS, EQ, 02-Dec-2020,604.05,610.75,620.45,606.0, 609.80,610.3,611.62,139318,852.1,3745, 52133, 37.42
MOTOGENFIN, EQ, 02-Dec-2020,21.0,20.8,20.9,19.95, 19.95,19.95,20.17,14305,2.89,89, 13951, 97.53
MPHASIS, EQ, 02-Dec-2020,1310.65,1322.85,1341.85,1305.0, 1335.00,1336.15,1324.53,268091,3550.95,17604, 112302, 41.89
MPSLTD, EQ, 02-Dec-2020,365.6,370.0,375.0,362.4, 366.00,366.6,367.35,7437,27.32,761, 2950, 39.67
MRF, EQ, 02-Dec-2020,79564.3,79800.0,80000.0,78631.95, 79401.15,79781.25,79335.79,38286,30374.5,19618, 3775, 9.86
MRO-TEK, EQ, 02-Dec-2020,26.9,26.2,26.9,25.85, 26.50,26.5,26.46,5073,1.34,44, 4660, 91.86
MRPL, EQ, 02-Dec-2020,31.95,32.25,34.2,32.25, 33.35,33.45,33.46,9190190,3074.84,21601, 3700893, 40.27
MSPL, EQ, 02-Dec-2020,7.45,7.8,7.8,7.1, 7.30,7.3,7.18,22949,1.65,101, 17600, 76.69
MSTCLTD, EQ, 02-Dec-2020,159.4,159.4,167.0,157.5, 162.20,162.1,162.96,814123,1326.72,9781, 238245, 29.26
MTEDUCARE, EQ, 02-Dec-2020,9.65,9.85,11.55,9.85, 11.55,11.55,11.19,308395,34.52,1259, 251543, 81.57
MTNL, EQ, 02-Dec-2020,9.7,9.75,9.9,9.65, 9.70,9.7,9.76,697923,68.13,5321, 389157, 55.76
MUKANDENGG, EQ, 02-Dec-2020,11.6,11.6,11.75,11.05, 11.30,11.3,11.28,5687,0.64,38, 5038, 88.59
MUKANDLTD, EQ, 02-Dec-2020,50.0,50.0,50.95,48.25, 49.50,49.85,50.13,49471,24.8,312, 44157, 89.26
MUKANDLTD, P1, 02-Dec-2020,4.7,4.7,4.75,4.5, 4.50,4.5,4.68,282,0.01,7, 282, 100.00
MUKTAARTS, EQ, 02-Dec-2020,30.05,33.0,33.05,33.0, 33.05,33.05,33.03,136411,45.06,584, 121762, 89.26
MUNJALAU, EQ, 02-Dec-2020,61.5,62.25,62.5,60.3, 60.35,60.6,61.4,360725,221.48,2738, 197604, 54.78
MUNJALSHOW, EQ, 02-Dec-2020,143.7,146.0,148.0,143.5, 143.95,144.15,145.28,48071,69.84,1032, 22645, 47.11
MURUDCERA, EQ, 02-Dec-2020,18.5,18.95,20.2,18.45, 20.00,19.7,19.48,837591,163.19,2908, 383296, 45.76
MUTHOOTCAP, EQ, 02-Dec-2020,452.65,453.45,465.0,450.0, 456.00,453.45,457.7,15219,69.66,715, 8784, 57.72
MUTHOOTFIN, EQ, 02-Dec-2020,1153.65,1130.0,1160.65,1118.4, 1154.00,1155.65,1148.22,2434046,27948.14,74263, 710520, 29.19
N100, EQ, 02-Dec-2020,895.77,881.11,910.0,842.0, 906.11,906.52,904.07,28524,257.88,1222, 19448, 68.18
NABARD, N1, 02-Dec-2020,1330.99,1266.0,1266.0,1266.0, 1266.00,1266.0,1266.0,2,0.03,1, 2, 100.00
NABARD, N2, 02-Dec-2020,1284.0,1290.0,1297.99,1289.0, 1297.99,1290.39,1290.07,1721,22.2,44, 1431, 83.15
NACLIND, EQ, 02-Dec-2020,39.1,41.0,42.3,39.9, 41.55,41.55,41.43,142557,59.06,865, 100790, 70.70
NAGAFERT, BE, 02-Dec-2020,5.45,5.5,5.7,5.2, 5.65,5.65,5.4,251751,13.6,474, -, -
NAGREEKEXP, EQ, 02-Dec-2020,15.2,15.05,15.7,15.0, 15.10,15.1,15.23,15324,2.33,70, 12604, 82.25
NAHARCAP, EQ, 02-Dec-2020,70.55,71.75,74.75,67.5, 72.15,72.75,72.74,15765,11.47,133, 11904, 75.51
NAHARINDUS, EQ, 02-Dec-2020,28.25,28.8,29.5,27.95, 28.15,28.2,28.71,48528,13.93,533, 31149, 64.19
NAHARPOLY, EQ, 02-Dec-2020,85.0,85.85,85.95,84.0, 85.00,85.25,84.85,32871,27.89,555, 18753, 57.05
NAHARSPING, EQ, 02-Dec-2020,47.45,49.6,51.6,45.75, 50.45,49.8,50.06,87662,43.88,945, 39526, 45.09
NAM-INDIA, EQ, 02-Dec-2020,290.4,287.5,291.0,286.0, 287.60,288.35,288.2,811911,2339.93,56898, 430715, 53.05
NANDANI, SM, 02-Dec-2020,12.7,13.2,13.2,13.2, 13.20,13.2,13.2,5000,0.66,1, 5000, 100.00
NATCOPHARM, EQ, 02-Dec-2020,914.0,922.5,922.5,904.0, 907.50,908.7,908.46,177061,1608.54,7195, 71692, 40.49
NATHBIOGEN, EQ, 02-Dec-2020,288.75,290.0,293.95,285.6, 290.00,290.5,289.1,172714,499.31,2184, 100234, 58.03
NATIONALUM, EQ, 02-Dec-2020,39.75,40.0,43.2,40.0, 41.55,41.5,41.94,57977356,24313.67,87380, 14098004, 24.32
NATNLSTEEL, EQ, 02-Dec-2020,4.3,4.3,4.5,4.3, 4.50,4.5,4.48,17744,0.8,30, 17744, 100.00
NAUKRI, EQ, 02-Dec-2020,4206.8,4247.0,4247.0,4135.2, 4186.50,4205.0,4175.34,582161,24307.18,50712, 232227, 39.89
NAVINFLUOR, EQ, 02-Dec-2020,2682.55,2698.95,2704.0,2591.0, 2669.00,2649.2,2643.94,114559,3028.88,15893, 48720, 42.53
NAVKARCORP, EQ, 02-Dec-2020,33.95,33.55,34.9,33.55, 34.10,34.1,34.09,857505,292.28,3438, 448498, 52.30
NAVNETEDUL, EQ, 02-Dec-2020,79.95,79.9,81.2,79.9, 80.25,80.2,80.4,53643,43.13,1078, 33788, 62.99
NBCC, EQ, 02-Dec-2020,28.05,28.6,29.0,28.2, 28.80,28.8,28.64,24599763,7045.68,39257, 9064293, 36.85
NBIFIN, EQ, 02-Dec-2020,1770.35,1796.0,1796.0,1740.0, 1750.40,1750.75,1747.42,108,1.89,30, 85, 78.70
NBVENTURES, EQ, 02-Dec-2020,54.15,54.4,56.9,54.3, 55.50,55.45,55.65,1717555,955.9,8681, 884541, 51.50
NCC, EQ, 02-Dec-2020,44.75,45.15,46.6,44.8, 46.20,46.0,45.65,13513252,6168.4,25958, 3421825, 25.32
NCLIND, EQ, 02-Dec-2020,145.35,146.4,147.8,143.0, 144.50,143.9,145.41,238517,346.83,4409, 104042, 43.62
NCPSESDL24, EQ, 02-Dec-2020,102.86,102.86,102.86,102.76, 102.78,102.79,102.8,9396,9.66,11, 9052, 96.34
NDGL, EQ, 02-Dec-2020,683.5,683.55,730.05,683.55, 700.05,701.55,697.16,865,6.03,434, 316, 36.53
NDL, EQ, 02-Dec-2020,20.65,20.75,21.25,20.6, 20.75,20.75,20.78,39640,8.24,198, 32880, 82.95
NDRAUTO, EQ, 02-Dec-2020,170.3,172.1,176.9,163.25, 169.80,168.8,170.36,12584,21.44,390, 9428, 74.92
NDTV, EQ, 02-Dec-2020,40.5,39.1,40.95,38.5, 38.50,38.7,39.61,117550,46.56,669, 79458, 67.60
NECCLTD, EQ, 02-Dec-2020,9.3,9.35,9.5,9.1, 9.10,9.1,9.29,32719,3.04,102, 27410, 83.77
NECLIFE, EQ, 02-Dec-2020,18.4,18.4,21.95,18.4, 21.60,21.25,20.52,2127067,436.39,5104, 1019744, 47.94
NELCAST, EQ, 02-Dec-2020,62.55,63.0,63.95,61.05, 61.85,61.85,62.94,268975,169.28,2312, 134135, 49.87
NELCO, EQ, 02-Dec-2020,188.65,188.75,207.95,188.0, 204.00,203.85,202.65,835037,1692.23,14520, 182358, 21.84
NEOGEN, EQ, 02-Dec-2020,623.55,625.0,685.9,625.0, 685.90,685.9,662.82,83072,550.62,3483, 45698, 55.01
NESCO, EQ, 02-Dec-2020,535.1,536.2,544.0,532.55, 543.00,538.9,538.82,55094,296.86,2658, 22567, 40.96
NESTLEIND, EQ, 02-Dec-2020,17418.15,17418.15,17449.8,17150.0, 17244.25,17266.45,17274.51,161952,27976.41,39684, 73609, 45.45
NETF, EQ, 02-Dec-2020,140.74,141.0,159.15,137.55, 159.15,157.13,155.78,2188,3.41,134, 1485, 67.87
NETFCONSUM, EQ, 02-Dec-2020,58.24,58.5,59.18,57.5, 58.49,58.49,58.25,1224,0.71,45, 755, 61.68
NETFDIVOPP, EQ, 02-Dec-2020,31.0,31.0,31.0,30.5, 31.00,31.0,30.94,427,0.13,10, 427, 100.00
NETFIT, EQ, 02-Dec-2020,22.22,22.28,22.5,22.0, 22.47,22.33,22.29,486672,108.48,1124, 333412, 68.51
NETFLTGILT, EQ, 02-Dec-2020,22.32,22.32,22.32,22.26, 22.32,22.32,22.29,29638,6.61,89, 17471, 58.95
NETFMID150, EQ, 02-Dec-2020,76.03,76.1,77.0,74.76, 76.49,76.31,76.17,78798,60.02,990, 40557, 51.47
NETFNIF100, EQ, 02-Dec-2020,132.26,130.3,133.9,128.3, 133.90,131.41,132.64,517,0.69,40, 377, 72.92
NETFNV20, EQ, 02-Dec-2020,67.54,67.72,68.85,67.66, 68.85,68.56,67.84,2120,1.44,33, 2115, 99.76
NETWORK18, EQ, 02-Dec-2020,35.8,35.9,37.7,35.85, 36.35,36.5,36.68,2439168,894.67,5776, 1032997, 42.35
NEULANDLAB, EQ, 02-Dec-2020,1053.5,1058.0,1084.0,1044.05, 1080.00,1077.9,1060.5,153074,1623.35,6244, 109158, 71.31
NEWGEN, EQ, 02-Dec-2020,267.4,268.75,270.0,265.45, 268.90,267.4,267.63,44395,118.81,1917, 21721, 48.93
NEXTMEDIA, EQ, 02-Dec-2020,4.6,4.6,4.8,4.4, 4.80,4.75,4.61,6367,0.29,21, 5666, 88.99
NFL, EQ, 02-Dec-2020,36.35,36.95,36.95,35.8, 36.10,36.1,36.4,670035,243.92,2669, 322592, 48.15
NH, EQ, 02-Dec-2020,383.7,381.8,391.0,380.1, 381.00,381.3,385.57,59420,229.1,3359, 31922, 53.72
NHAI, N1, 02-Dec-2020,1059.41,1059.41,1059.41,1057.0, 1058.99,1058.99,1058.04,1472,15.57,39, 1042, 70.79
NHAI, N2, 02-Dec-2020,1237.9,1235.0,1243.0,1235.0, 1239.99,1239.99,1238.21,1893,23.44,26, 1526, 80.61
NHAI, N4, 02-Dec-2020,1275.0,1290.0,1290.0,1290.0, 1290.00,1290.0,1290.0,200,2.58,1, 200, 100.00
NHAI, N6, 02-Dec-2020,1359.07,1354.0,1364.0,1354.0, 1358.90,1358.2,1357.97,2104,28.57,34, 1752, 83.27
NHAI, N8, 02-Dec-2020,1185.0,1185.01,1185.01,1179.99, 1179.99,1179.99,1182.83,380,4.49,11, 374, 98.42
NHAI, NA, 02-Dec-2020,1286.5,1287.12,1287.12,1285.38, 1285.38,1285.9,1286.59,800,10.29,11, 800, 100.00
NHAI, NE, 02-Dec-2020,1264.8,1251.4,1259.49,1250.0, 1258.50,1258.46,1253.24,1320,16.54,39, 885, 67.05
NHBTF2014, N4, 02-Dec-2020,6185.0,6185.1,6185.1,6185.1, 6185.10,6185.1,6185.1,10,0.62,1, 10, 100.00
NHBTF2014, N6, 02-Dec-2020,7590.0,7530.0,7590.0,7530.0, 7590.00,7590.0,7558.79,420,31.75,10, 405, 96.43
NHPC, EQ, 02-Dec-2020,21.75,21.95,21.95,21.2, 21.40,21.5,21.59,8945206,1931.32,9717, 3973880, 44.42
NHPC, N4, 02-Dec-2020,1170.0,1190.0,1190.0,1160.0, 1160.00,1160.0,1180.13,298,3.52,4, 200, 67.11
NIACL, EQ, 02-Dec-2020,117.25,117.75,118.7,115.4, 116.20,116.45,117.33,305928,358.96,5327, 169341, 55.35
NIBL, EQ, 02-Dec-2020,8.9,9.3,9.3,9.15, 9.30,9.3,9.23,10220,0.94,33, 10220, 100.00
NIFTYBEES, EQ, 02-Dec-2020,139.79,154.0,154.0,138.6, 139.95,139.96,139.48,1203053,1678.07,8460, 350186, 29.11
NIFTYEES, EQ, 02-Dec-2020,16450.0,16000.0,16880.0,16000.0, 16300.00,16416.2,16336.38,8,1.31,6, 7, 87.50
NIITLTD, EQ, 02-Dec-2020,171.4,172.7,176.4,170.5, 172.45,172.15,173.56,434757,754.55,9702, 220470, 50.71
NILAINFRA, EQ, 02-Dec-2020,5.0,5.1,5.15,4.8, 4.95,4.95,4.97,234730,11.66,358, 170409, 72.60
NILASPACES, EQ, 02-Dec-2020,1.25,1.3,1.3,1.25, 1.30,1.3,1.28,246586,3.16,136, 140108, 56.82
NILKAMAL, EQ, 02-Dec-2020,1408.75,1415.0,1424.0,1400.0, 1408.00,1407.7,1413.68,14319,202.43,1916, 8850, 61.81
NIPPOBATRY, EQ, 02-Dec-2020,667.25,666.0,674.0,655.0, 659.00,666.9,663.44,4345,28.83,580, 1401, 32.24
NIRAJ, BE, 02-Dec-2020,48.25,50.5,50.5,46.15, 50.50,49.6,49.61,7874,3.91,30, -, -
NITCO, EQ, 02-Dec-2020,21.7,23.85,23.85,23.75, 23.85,23.85,23.85,278950,66.53,801, 250883, 89.94
NITINFIRE, BZ, 02-Dec-2020,0.45,0.45,0.45,0.4, 0.45,0.45,0.44,122868,0.54,41, -, -
NITINSPIN, BE, 02-Dec-2020,59.85,60.0,60.0,56.9, 59.00,59.15,58.32,51186,29.85,262, -, -
NKIND, EQ, 02-Dec-2020,17.55,17.95,18.15,17.95, 18.10,18.1,18.09,1461,0.26,14, 1461, 100.00
NLCINDIA, EQ, 02-Dec-2020,51.75,51.9,52.25,51.5, 51.95,52.0,51.94,918157,476.88,4602, 549744, 59.87
NMDC, EQ, 02-Dec-2020,99.25,100.75,104.5,100.0, 103.15,103.2,102.57,25852342,26517.06,83764, 5725045, 22.15
NOCIL, EQ, 02-Dec-2020,139.85,140.65,145.5,140.4, 144.00,144.5,143.91,2401847,3456.47,18252, 1044204, 43.48
NOIDATOLL, BE, 02-Dec-2020,6.2,6.0,6.45,5.9, 6.25,6.15,6.15,19237,1.18,120, -, -
NORBTEAEXP, EQ, 02-Dec-2020,9.35,9.15,9.6,9.15, 9.55,9.5,9.44,2801,0.26,48, 2770, 98.89
NOVARTIND, EQ, 02-Dec-2020,640.6,647.95,652.25,638.0, 638.30,641.1,644.58,16663,107.41,892, 12218, 73.32
NPBET, EQ, 02-Dec-2020,158.84,159.49,159.49,154.05, 158.99,155.67,157.67,178,0.28,22, 137, 76.97
NRAIL, EQ, 02-Dec-2020,192.2,194.65,196.8,191.0, 192.00,192.5,194.48,18746,36.46,386, 15009, 80.07
NRBBEARING, EQ, 02-Dec-2020,84.75,85.65,86.8,84.1, 85.15,85.35,85.54,327587,280.21,3670, 181163, 55.30
NSIL, EQ, 02-Dec-2020,951.15,958.0,986.0,921.0, 928.00,935.1,958.71,1004,9.63,164, 786, 78.29
NTL, EQ, 02-Dec-2020,0.9,0.95,0.95,0.9, 0.95,0.95,0.94,50624,0.48,48, 46823, 92.49
NTPC, EQ, 02-Dec-2020,93.75,94.65,95.2,93.8, 94.85,94.8,94.43,27650080,26111.13,52240, 6606915, 23.89
NTPC, N4, 02-Dec-2020,1154.5,1120.0,1145.0,1120.0, 1145.00,1145.0,1128.65,284,3.21,4, 284, 100.00
NTPC, N6, 02-Dec-2020,1433.62,1440.0,1452.0,1433.62, 1451.00,1451.98,1441.29,846,12.19,14, 846, 100.00
NTPC, N7, 02-Dec-2020,14.53,14.5,14.6,14.5, 14.52,14.55,14.54,28250,4.11,107, 28205, 99.84
NTPC, NB, 02-Dec-2020,1112.21,1150.0,1150.0,1150.0, 1150.00,1150.0,1150.0,5,0.06,1, 5, 100.00
NTPC, ND, 02-Dec-2020,1316.35,1308.6,1308.7,1308.6, 1308.70,1308.65,1308.65,2,0.03,2, 2, 100.00
NUCLEUS, EQ, 02-Dec-2020,552.85,558.0,560.95,540.85, 550.70,551.0,551.83,30777,169.84,1722, 18005, 58.50
NXTDIGITAL, EQ, 02-Dec-2020,599.5,604.95,606.6,592.2, 606.60,605.65,598.29,16265,97.31,587, 2327, 14.31
OAL, EQ, 02-Dec-2020,599.35,610.0,617.95,572.55, 579.00,577.95,594.49,51783,307.85,3128, 30746, 59.37
OBEROIRLTY, EQ, 02-Dec-2020,480.7,482.0,520.3,479.95, 503.50,502.1,504.75,1562946,7889.0,52725, 539486, 34.52
OCCL, EQ, 02-Dec-2020,854.2,855.05,867.05,849.5, 855.00,854.65,857.26,2064,17.69,268, 1315, 63.71
OFSS, EQ, 02-Dec-2020,3018.0,3024.1,3037.5,2998.0, 3015.10,3016.45,3015.32,50780,1531.18,9768, 24738, 48.72
OIL, EQ, 02-Dec-2020,99.95,100.0,103.0,99.55, 102.25,102.0,101.6,2197697,2232.84,13004, 701438, 31.92
OILCOUNTUB, BE, 02-Dec-2020,5.1,5.35,5.35,4.85, 5.15,5.1,5.27,28131,1.48,32, -, -
OISL, BZ, 02-Dec-2020,2.85,2.85,2.95,2.8, 2.90,2.9,2.9,9247,0.27,27, -, -
OLECTRA, EQ, 02-Dec-2020,70.65,73.2,75.0,71.2, 74.70,74.45,73.51,347069,255.13,3647, 216189, 62.29
OMAXAUTO, EQ, 02-Dec-2020,42.25,42.25,43.7,41.25, 43.45,43.15,42.84,24834,10.64,596, 16007, 64.46
OMAXE, EQ, 02-Dec-2020,70.5,70.95,71.55,69.2, 71.55,70.6,70.63,42044,29.69,529, 33122, 78.78
OMKARCHEM, EQ, 02-Dec-2020,7.7,8.05,8.05,7.8, 8.05,8.05,8.04,63955,5.14,119, 63371, 99.09
OMMETALS, EQ, 02-Dec-2020,19.95,20.85,21.9,19.95, 21.90,21.9,21.51,237166,51.01,970, 137659, 58.04
ONELIFECAP, EQ, 02-Dec-2020,6.1,5.85,6.35,5.85, 6.00,6.0,6.29,1877,0.12,12, 1641, 87.43
ONEPOINT, BE, 02-Dec-2020,15.1,14.75,15.4,14.75, 14.75,14.75,15.02,7516,1.13,13, -, -
ONGC, EQ, 02-Dec-2020,81.55,81.5,85.05,80.95, 84.65,84.85,83.55,52652362,43989.59,145212, 15432089, 29.31
ONMOBILE, EQ, 02-Dec-2020,61.75,63.0,63.0,58.7, 58.70,58.7,59.2,870193,515.13,3214, 577305, 66.34
ONWARDTEC, EQ, 02-Dec-2020,66.45,66.4,68.5,65.05, 66.95,66.1,66.55,35586,23.68,623, 21181, 59.52
OPTIEMUS, BE, 02-Dec-2020,86.75,82.45,91.0,82.45, 89.95,87.35,87.29,174808,152.59,860, -, -
OPTOCIRCUI, BE, 02-Dec-2020,5.45,5.7,5.7,5.5, 5.70,5.7,5.69,1030751,58.67,790, -, -
ORBTEXP, EQ, 02-Dec-2020,66.05,67.7,72.85,67.5, 69.45,69.65,70.01,158046,110.65,2488, 66805, 42.27
ORCHPHARMA, BZ, 02-Dec-2020,44.6,46.8,46.8,46.8, 46.80,46.8,46.8,181,0.08,14, -, -
ORICONENT, EQ, 02-Dec-2020,21.65,21.5,22.05,20.6, 21.40,21.1,21.44,199314,42.72,815, 110977, 55.68
ORIENTABRA, EQ, 02-Dec-2020,23.35,23.0,24.3,21.6, 23.70,23.55,23.43,678297,158.95,3199, 323967, 47.76
ORIENTALTL, EQ, 02-Dec-2020,8.0,8.0,8.25,7.75, 8.25,8.2,8.14,20031,1.63,98, 12967, 64.73
ORIENTBELL, EQ, 02-Dec-2020,139.0,139.55,146.9,138.1, 138.15,138.9,141.6,17585,24.9,474, 9152, 52.04
ORIENTCEM, EQ, 02-Dec-2020,76.3,77.0,78.9,74.7, 78.25,78.25,77.32,966381,747.2,7729, 483585, 50.04
ORIENTELEC, EQ, 02-Dec-2020,237.7,238.8,238.8,227.8, 229.05,229.55,230.36,336516,775.19,7515, 135324, 40.21
ORIENTHOT, EQ, 02-Dec-2020,22.75,23.45,24.0,23.0, 23.35,23.7,23.49,86108,20.23,412, 68085, 79.07
ORIENTLTD, EQ, 02-Dec-2020,78.6,75.3,79.2,75.25, 75.25,75.25,76.41,217,0.17,17, 107, 49.31
ORIENTPPR, EQ, 02-Dec-2020,18.8,18.9,19.15,18.75, 19.00,18.9,18.92,433734,82.05,988, 278716, 64.26
ORIENTREF, EQ, 02-Dec-2020,211.65,212.75,220.0,211.65, 217.00,217.2,216.7,49216,106.65,887, 30251, 61.47
ORISSAMINE, EQ, 02-Dec-2020,2614.95,2620.0,2628.05,2520.2, 2574.05,2568.45,2561.65,12591,322.54,2499, 6573, 52.20
ORTEL, BZ, 02-Dec-2020,0.75,0.8,0.8,0.8, 0.80,0.8,0.8,13589,0.11,17, -, -
ORTINLABSS, EQ, 02-Dec-2020,23.25,24.15,24.4,23.5, 24.40,24.4,24.33,84581,20.58,329, 59907, 70.83
OSWALAGRO, EQ, 02-Dec-2020,9.3,9.45,9.45,9.25, 9.35,9.35,9.31,42602,3.97,158, 26888, 63.11
PAGEIND, EQ, 02-Dec-2020,22928.05,23129.5,23200.0,22661.0, 23055.10,23091.9,23000.53,51484,11841.59,15472, 18631, 36.19
PAISALO, EQ, 02-Dec-2020,385.4,385.05,394.6,382.3, 386.10,392.7,390.42,2332,9.1,179, 922, 39.54
PALASHSECU, EQ, 02-Dec-2020,36.1,34.55,37.9,34.5, 37.90,37.9,37.19,5453,2.03,30, 4557, 83.57
PALREDTEC, EQ, 02-Dec-2020,35.15,35.15,36.9,33.4, 35.80,34.85,34.25,50707,17.37,277, 35265, 69.55
PANACEABIO, EQ, 02-Dec-2020,206.0,207.5,247.2,201.0, 244.90,245.25,232.35,2133321,4956.68,23639, 679029, 31.83
PANACHE, EQ, 02-Dec-2020,41.85,42.85,42.85,41.0, 42.40,41.65,41.46,20217,8.38,178, 12883, 63.72
PANAMAPET, EQ, 02-Dec-2020,78.25,79.1,79.1,76.5, 77.00,77.1,77.65,86948,67.51,887, 63013, 72.47
PAR, SM, 02-Dec-2020,70.5,68.05,69.75,68.05, 69.75,69.75,68.9,4000,2.76,2, 2000, 50.00
PARABDRUGS, BZ, 02-Dec-2020,2.35,2.25,2.4,2.25, 2.35,2.35,2.31,31425,0.73,45, -, -
PARACABLES, EQ, 02-Dec-2020,6.75,6.8,7.25,6.75, 7.05,7.1,7.02,423886,29.75,603, 311573, 73.50
PARAGMILK, EQ, 02-Dec-2020,112.1,112.1,112.5,109.95, 111.20,111.05,111.1,271091,301.17,2750, 157759, 58.19
PARSVNATH, EQ, 02-Dec-2020,3.8,3.95,3.95,3.95, 3.95,3.95,3.95,25960,1.03,50, 25960, 100.00
PATELENG, EQ, 02-Dec-2020,13.05,13.65,13.7,12.65, 13.15,13.1,13.08,1184059,154.83,2098, 691978, 58.44
PATINTLOG, EQ, 02-Dec-2020,26.5,27.8,27.8,26.8, 27.75,27.6,27.65,70726,19.56,370, 52959, 74.88
PATSPINLTD, EQ, 02-Dec-2020,4.4,4.55,4.55,4.2, 4.40,4.4,4.34,13425,0.58,30, 9510, 70.84
PCJEWELLER, EQ, 02-Dec-2020,15.55,15.7,17.1,15.45, 16.75,16.75,16.32,5980779,975.82,14914, 2838938, 47.47
PDMJEPAPER, EQ, 02-Dec-2020,20.5,20.95,20.95,20.15, 20.25,20.25,20.31,64101,13.02,313, 47020, 73.35
PDSMFL, EQ, 02-Dec-2020,422.6,422.05,425.05,419.0, 425.00,423.85,423.0,5885,24.89,172, 4956, 84.21
PEARLPOLY, EQ, 02-Dec-2020,15.95,15.95,16.45,15.25, 15.70,15.7,15.95,6530,1.04,20, 5935, 90.89
PEL, EQ, 02-Dec-2020,1414.45,1424.8,1459.0,1404.05, 1421.40,1422.25,1434.49,1914803,27467.6,64601, 311112, 16.25
PENIND, EQ, 02-Dec-2020,18.35,18.35,21.85,18.35, 21.00,20.9,20.68,2109728,436.37,5274, 1125222, 53.33
PENINLAND, EQ, 02-Dec-2020,5.1,5.3,5.35,5.1, 5.35,5.35,5.29,540272,28.59,587, 374927, 69.40
PENTAGOLD, SM, 02-Dec-2020,29.75,30.5,30.5,30.5, 30.50,30.5,30.5,3000,0.92,1, 3000, 100.00
PERSISTENT, EQ, 02-Dec-2020,1207.65,1234.0,1234.0,1200.0, 1212.00,1211.1,1211.2,106344,1288.04,9161, 60760, 57.14
PETRONET, EQ, 02-Dec-2020,254.25,255.0,257.0,250.6, 252.70,252.35,253.58,3916284,9930.92,56052, 1827543, 46.67
PFC, EQ, 02-Dec-2020,108.85,109.25,110.05,108.25, 109.50,109.7,109.31,3919017,4283.85,16467, 1451351, 37.03
PFC, N2, 02-Dec-2020,1230.0,1238.5,1238.5,1238.0, 1238.00,1238.46,1238.46,1080,13.38,2, 1080, 100.00
PFC, N4, 02-Dec-2020,1053.95,1059.69,1061.0,1054.4, 1056.00,1056.0,1057.75,864,9.14,33, 763, 88.31
PFC, N5, 02-Dec-2020,1223.0,1222.95,1223.0,1222.95, 1223.00,1223.0,1222.96,45,0.55,2, 45, 100.00
PFC, N8, 02-Dec-2020,1422.75,1424.0,1424.0,1410.0, 1410.00,1410.47,1414.26,2010,28.43,29, 1469, 73.08
PFIZER, EQ, 02-Dec-2020,5107.65,5140.0,5385.0,5090.0, 5225.00,5227.25,5283.39,1029719,54404.06,114059, 193570, 18.80
PFOCUS, EQ, 02-Dec-2020,38.15,38.25,39.8,37.6, 38.70,38.75,38.87,77326,30.06,419, 37712, 48.77
PFS, EQ, 02-Dec-2020,18.4,18.6,18.9,18.15, 18.35,18.35,18.49,818891,151.43,1662, 461194, 56.32
PGEL, EQ, 02-Dec-2020,146.35,144.15,153.65,144.15, 153.50,153.3,150.89,67623,102.03,953, 53701, 79.41
PGHH, EQ, 02-Dec-2020,10659.95,10659.95,10700.0,10511.0, 10600.00,10560.1,10601.88,9588,1016.51,2139, 7738, 80.71
PGHL, EQ, 02-Dec-2020,6669.4,6731.4,6849.9,6672.0, 6770.00,6767.3,6758.87,24605,1663.02,6979, 8989, 36.53
PGIL, EQ, 02-Dec-2020,171.45,178.3,178.3,164.7, 174.50,169.65,172.04,3975,6.84,215, 2880, 72.45
PHILIPCARB, EQ, 02-Dec-2020,170.1,170.5,178.35,169.95, 174.10,174.25,174.65,1637381,2859.74,15269, 658575, 40.22
PHOENIXLTD, EQ, 02-Dec-2020,689.25,705.15,787.0,705.15, 767.95,767.95,759.68,2577813,19583.21,123717, 1144927, 44.41
PIDILITIND, EQ, 02-Dec-2020,1551.05,1554.95,1604.75,1552.0, 1602.00,1599.75,1588.56,1175274,18669.95,53311, 364100, 30.98
PIIND, EQ, 02-Dec-2020,2332.8,2326.3,2328.0,2258.05, 2300.00,2301.4,2293.29,444979,10204.67,46082, 226261, 50.85
PILANIINVS, EQ, 02-Dec-2020,2153.05,2156.45,2177.05,2153.05, 2165.00,2160.35,2163.32,2081,45.02,413, 1781, 85.58
PILITA, EQ, 02-Dec-2020,8.15,8.25,8.5,7.9, 8.25,8.35,8.21,403111,33.12,284, 261206, 64.80
PIONDIST, EQ, 02-Dec-2020,110.5,111.15,112.0,109.05, 111.90,111.25,111.32,20811,23.17,167, 17160, 82.46
PIONEEREMB, EQ, 02-Dec-2020,27.15,27.75,28.0,27.0, 27.50,27.55,27.53,86660,23.85,376, 55401, 63.93
PITTIENG, EQ, 02-Dec-2020,45.85,46.05,46.9,45.75, 46.45,46.55,46.57,202348,94.24,884, 44667, 22.07
PKTEA, BE, 02-Dec-2020,219.8,214.0,226.0,214.0, 216.05,216.1,221.05,798,1.76,18, -, -
PLASTIBLEN, EQ, 02-Dec-2020,259.7,259.7,271.05,258.0, 265.00,266.4,268.6,74431,199.92,1431, 56685, 76.16
PNB, EQ, 02-Dec-2020,34.45,34.55,35.05,33.5, 34.05,33.95,34.39,77155079,26533.33,64849, 10722651, 13.90
PNBGILTS, EQ, 02-Dec-2020,41.8,42.1,44.35,41.7, 43.10,43.2,43.51,2640342,1148.76,8214, 662129, 25.08
PNBHOUSING, EQ, 02-Dec-2020,376.65,378.55,381.7,370.0, 375.00,375.45,376.68,233713,880.35,5300, 65574, 28.06
PNC, EQ, 02-Dec-2020,15.1,16.4,16.4,14.15, 16.05,15.95,15.59,15256,2.38,100, 7198, 47.18
PNCINFRA, EQ, 02-Dec-2020,175.6,176.6,178.0,173.0, 174.00,173.9,174.83,395960,692.24,6084, 240457, 60.73
PODDARHOUS, EQ, 02-Dec-2020,171.05,170.3,174.5,165.65, 170.00,170.0,171.17,2470,4.23,254, 1624, 65.75
PODDARMENT, EQ, 02-Dec-2020,186.05,188.8,192.0,184.05, 187.45,187.65,187.1,8244,15.42,338, 4642, 56.31
POKARNA, EQ, 02-Dec-2020,138.85,139.1,152.7,138.0, 150.60,151.75,147.99,318829,471.85,2971, 219737, 68.92
POLYCAB, EQ, 02-Dec-2020,960.45,965.0,984.0,957.65, 966.20,966.85,968.26,841587,8148.73,30415, 413663, 49.15
POLYMED, EQ, 02-Dec-2020,489.75,495.0,495.5,484.0, 488.00,490.95,491.08,55010,270.14,2412, 20799, 37.81
POLYPLEX, EQ, 02-Dec-2020,733.15,734.95,754.6,734.9, 751.00,750.85,746.0,66404,495.37,2982, 38273, 57.64
PONNIERODE, EQ, 02-Dec-2020,163.25,162.05,165.4,158.2, 160.00,161.1,162.09,5454,8.84,268, 2532, 46.42
POWERGRID, EQ, 02-Dec-2020,192.35,192.85,195.2,189.55, 194.50,194.15,192.46,8908164,17144.28,48506, 4748884, 53.31
POWERINDIA, EQ, 02-Dec-2020,1253.9,1280.0,1295.0,1192.7, 1240.00,1234.0,1246.23,66384,827.3,6499, 24332, 36.65
POWERMECH, EQ, 02-Dec-2020,428.3,431.8,431.8,417.0, 422.50,422.35,423.52,64018,271.13,2193, 36555, 57.10
PPAP, EQ, 02-Dec-2020,279.15,279.15,282.9,275.3, 276.65,276.85,278.07,12307,34.22,427, 7420, 60.29
PPL, EQ, 02-Dec-2020,79.7,80.9,90.9,78.25, 88.30,87.8,85.66,432053,370.12,2842, 154400, 35.74
PRABHAT, EQ, 02-Dec-2020,69.3,70.4,70.4,67.8, 68.90,68.35,68.41,31924,21.84,402, 24036, 75.29
PRAENG, EQ, 02-Dec-2020,7.0,7.25,7.3,6.6, 6.70,6.7,7.1,39851,2.83,174, 32516, 81.59
PRAJIND, EQ, 02-Dec-2020,92.9,93.1,95.45,91.4, 93.50,93.25,93.84,2295129,2153.81,13205, 879659, 38.33
PRAKASH, EQ, 02-Dec-2020,47.8,47.95,52.55,47.25, 52.00,51.25,50.04,2826434,1414.4,10599, 1368627, 48.42
PRAKASHSTL, EQ, 02-Dec-2020,0.7,0.7,0.7,0.65, 0.70,0.65,0.68,375473,2.56,100, 145920, 38.86
PRAXIS, EQ, 02-Dec-2020,36.2,36.95,36.95,34.8, 35.60,35.6,35.85,8383,3.01,76, 7432, 88.66
PRECAM, EQ, 02-Dec-2020,48.55,49.0,49.0,45.0, 46.00,45.95,46.43,536368,249.06,4008, 285972, 53.32
PRECOT, BE, 02-Dec-2020,61.5,59.0,64.55,59.0, 60.00,64.5,63.21,7255,4.59,41, -, -
PRECWIRE, EQ, 02-Dec-2020,164.35,167.5,176.0,165.5, 167.55,169.35,170.83,283434,484.19,4876, 101754, 35.90
PREMEXPLN, EQ, 02-Dec-2020,142.85,148.0,148.05,138.05, 141.10,141.7,143.25,15471,22.16,536, 9644, 62.34
PREMIER, EQ, 02-Dec-2020,2.95,3.05,3.05,2.85, 2.95,2.95,3.04,7217,0.22,28, 6216, 86.13
PREMIERPOL, EQ, 02-Dec-2020,33.0,33.1,33.4,32.0, 32.30,32.3,32.75,11953,3.91,125, 9357, 78.28
PRESSMN, EQ, 02-Dec-2020,20.25,20.7,20.7,19.75, 19.80,19.85,20.11,17707,3.56,123, 15859, 89.56
PRESTIGE, EQ, 02-Dec-2020,289.45,289.9,295.35,285.5, 290.00,290.25,290.26,1005268,2917.91,16523, 661191, 65.77
PRICOLLTD, EQ, 02-Dec-2020,48.3,49.25,49.25,46.95, 47.30,47.25,47.72,195050,93.08,1390, 138849, 71.19
PRIMESECU, EQ, 02-Dec-2020,48.8,48.85,50.75,48.0, 48.15,48.25,48.79,16820,8.21,296, 12582, 74.80
PRINCEPIPE, EQ, 02-Dec-2020,264.8,266.0,279.8,264.75, 273.15,272.7,272.17,184552,502.29,4320, 110364, 59.80
PRIVISCL, EQ, 02-Dec-2020,553.85,550.05,560.05,541.55, 547.10,547.45,551.46,8120,44.78,395, 4939, 60.83
PROLIFE, SM, 02-Dec-2020,41.3,43.35,43.35,43.35, 43.35,43.35,43.35,6000,2.6,2, 6000, 100.00
PROSEED, EQ, 02-Dec-2020,0.4,0.4,0.4,0.35, 0.40,0.4,0.37,81672,0.3,77, 69921, 85.61
PROZONINTU, EQ, 02-Dec-2020,18.4,18.6,18.8,18.25, 18.75,18.6,18.55,263703,48.92,889, 176943, 67.10
PRSMJOHNSN, EQ, 02-Dec-2020,82.15,82.15,83.9,80.1, 81.50,81.5,82.4,231105,190.42,3320, 138357, 59.87
PSB, EQ, 02-Dec-2020,13.9,13.75,13.85,13.3, 13.50,13.45,13.61,605364,82.39,1570, 383850, 63.41
PSPPROJECT, EQ, 02-Dec-2020,407.85,409.0,421.0,409.0, 411.00,411.55,413.33,53602,221.55,2637, 39728, 74.12
PSUBNKBEES, EQ, 02-Dec-2020,17.64,17.64,17.75,17.23, 17.53,17.44,17.55,354332,62.19,1082, 223172, 62.98
PTC, EQ, 02-Dec-2020,57.2,57.3,58.7,57.3, 57.95,57.85,58.08,1606882,933.25,8840, 1142513, 71.10
PTL, EQ, 02-Dec-2020,41.65,41.85,42.9,41.05, 42.00,42.15,41.97,65243,27.38,605, 51937, 79.61
PUNJABCHEM, EQ, 02-Dec-2020,691.8,704.95,704.95,680.0, 680.20,682.2,689.31,11858,81.74,1083, 8073, 68.08
PUNJLLOYD, BZ, 02-Dec-2020,1.55,1.6,1.6,1.5, 1.60,1.6,1.6,273134,4.36,173, -, -
PURVA, EQ, 02-Dec-2020,74.7,74.8,77.0,73.5, 76.10,76.2,75.63,306881,232.1,2116, 178030, 58.01
PVR, EQ, 02-Dec-2020,1322.15,1329.0,1351.5,1309.15, 1329.40,1330.65,1329.52,1367657,18183.29,45849, 197566, 14.45
QGOLDHALF, EQ, 02-Dec-2020,2101.05,2100.1,2129.45,2099.95, 2129.00,2126.15,2117.68,1871,39.62,174, 898, 48.00
QNIFTY, EQ, 02-Dec-2020,1352.0,1355.0,1355.0,1347.0, 1347.00,1347.0,1351.0,4,0.05,2, 2, 50.00
QUESS, EQ, 02-Dec-2020,518.8,518.0,529.0,506.0, 515.95,511.85,512.19,222813,1141.22,8585, 166989, 74.95
QUICKHEAL, EQ, 02-Dec-2020,158.8,158.95,162.0,157.7, 158.25,158.6,159.69,273653,437.01,3805, 114508, 41.84
RADAAN, EQ, 02-Dec-2020,0.9,0.95,0.95,0.9, 0.95,0.95,0.95,14801,0.14,25, 14801, 100.00
RADICO, EQ, 02-Dec-2020,453.15,455.0,465.5,449.6, 452.60,452.1,456.47,295894,1350.67,10469, 142946, 48.31
RADIOCITY, BE, 02-Dec-2020,22.85,23.15,23.3,22.5, 23.00,23.2,23.01,89728,20.64,263, -, -
RAIN, EQ, 02-Dec-2020,116.1,116.5,124.15,116.2, 122.00,122.45,121.1,4268134,5168.91,31441, 1704987, 39.95
RAJESHEXPO, EQ, 02-Dec-2020,453.45,454.2,460.95,454.2, 457.20,457.35,457.44,152749,698.74,5566, 37395, 24.48
RAJRATAN, EQ, 02-Dec-2020,401.9,401.9,430.0,401.9, 429.00,425.9,418.24,14593,61.03,695, 10456, 71.65
RAJRAYON, BZ, 02-Dec-2020,0.15,0.2,0.2,0.15, 0.15,0.15,0.18,382059,0.68,35, -, -
RAJSREESUG, EQ, 02-Dec-2020,13.45,13.6,13.9,13.5, 13.80,13.8,13.64,8552,1.17,106, 6176, 72.22
RAJTV, EQ, 02-Dec-2020,35.1,35.65,35.65,33.35, 35.00,34.85,34.5,4841,1.67,70, 3544, 73.21
RALLIS, EQ, 02-Dec-2020,286.15,288.2,289.95,283.5, 287.00,287.2,286.73,651940,1869.31,12147, 238075, 36.52
RAMANEWS, EQ, 02-Dec-2020,14.25,14.8,15.3,14.15, 14.30,14.35,14.74,82176,12.11,488, 39858, 48.50
RAMASTEEL, EQ, 02-Dec-2020,50.0,52.0,52.0,47.5, 47.50,47.8,48.39,17181,8.31,288, 8623, 50.19
RAMCOCEM, EQ, 02-Dec-2020,889.55,892.0,898.05,868.05, 880.05,881.2,882.5,492872,4349.57,10078, 146214, 29.67
RAMCOIND, EQ, 02-Dec-2020,213.9,216.7,217.3,211.0, 213.90,212.95,214.22,52372,112.19,1667, 31921, 60.95
RAMCOSYS, EQ, 02-Dec-2020,467.95,475.4,478.8,455.1, 457.15,460.55,463.77,343172,1591.54,7747, 170193, 49.59
RAMKY, EQ, 02-Dec-2020,34.85,34.9,35.75,34.5, 35.10,35.15,35.27,95916,33.83,488, 75298, 78.50
RAMSARUP, BZ, 02-Dec-2020,0.5,0.5,0.55,0.45, 0.50,0.5,0.5,19057,0.1,24, -, -
RANASUG, EQ, 02-Dec-2020,6.0,6.05,6.05,5.9, 6.00,5.95,5.95,129987,7.74,181, 104210, 80.17
RANEENGINE, EQ, 02-Dec-2020,212.8,213.15,217.9,213.15, 213.70,214.2,215.69,3724,8.03,175, 2020, 54.24
RANEHOLDIN, EQ, 02-Dec-2020,492.7,495.55,495.55,481.3, 484.00,484.55,486.07,15623,75.94,717, 9475, 60.65
RATNAMANI, EQ, 02-Dec-2020,1688.15,1696.85,1797.1,1655.5, 1677.00,1674.2,1684.47,15812,266.35,2807, 7964, 50.37
RAYMOND, EQ, 02-Dec-2020,322.95,324.05,329.0,319.1, 321.80,322.1,323.52,1603426,5187.38,21064, 513727, 32.04
RBL, EQ, 02-Dec-2020,688.8,692.9,694.85,685.1, 692.00,693.05,690.69,5480,37.85,466, 2779, 50.71
RBLBANK, EQ, 02-Dec-2020,225.7,227.7,230.5,221.3, 225.35,225.75,225.64,15949367,35988.04,80539, 1947644, 12.21
RCF, EQ, 02-Dec-2020,47.85,48.1,49.25,47.9, 48.30,48.3,48.55,1473263,715.32,6460, 658296, 44.68
RCOM, EQ, 02-Dec-2020,1.55,1.6,1.6,1.55, 1.55,1.6,1.57,11251236,176.73,4352, 5271229, 46.85
RECLTD, EQ, 02-Dec-2020,120.8,121.45,122.8,120.25, 121.60,121.6,121.71,5752732,7001.64,25125, 1064786, 18.51
RECLTD, N1, 02-Dec-2020,1060.0,1050.74,1060.0,1050.0, 1060.00,1059.99,1053.8,1550,16.33,9, 1100, 70.97
RECLTD, N2, 02-Dec-2020,1186.01,1200.0,1200.0,1177.0, 1180.10,1180.1,1179.25,380,4.48,20, 380, 100.00
RECLTD, N8, 02-Dec-2020,1110.12,1150.0,1150.0,1150.0, 1150.00,1150.0,1150.0,40,0.46,1, 40, 100.00
RECLTD, N9, 02-Dec-2020,1302.26,1300.3,1303.0,1290.0, 1290.00,1290.0,1293.39,1920,24.83,36, 1560, 81.25
RECLTD, NF, 02-Dec-2020,1300.0,1300.0,1300.0,1290.0, 1290.00,1290.0,1296.79,28,0.36,5, 28, 100.00
RECLTD, NH, 02-Dec-2020,1315.0,1315.0,1315.0,1309.1, 1310.11,1310.11,1310.52,7,0.09,3, 7, 100.00
RECLTD, NI, 02-Dec-2020,1236.0,1238.0,1254.1,1238.0, 1254.10,1242.11,1238.84,495,6.13,12, 495, 100.00
REDINGTON, EQ, 02-Dec-2020,133.95,135.0,135.9,133.5, 134.05,134.45,134.45,585424,787.1,24222, 502162, 85.78
REFEX, EQ, 02-Dec-2020,97.25,102.0,105.45,95.5, 101.80,101.2,101.45,1112101,1128.27,13260, 486664, 43.76
RELAXO, EQ, 02-Dec-2020,728.95,734.0,735.0,725.35, 729.00,727.5,728.65,164622,1199.52,10958, 84644, 51.42
RELCAPITAL, EQ, 02-Dec-2020,9.3,9.35,9.6,8.85, 9.15,9.05,9.07,3344574,303.23,4747, 2025396, 60.56
RELIANCE, EQ, 02-Dec-2020,1954.9,1958.5,1962.0,1935.0, 1959.00,1958.15,1947.77,10240168,199454.7,236641, 3885070, 37.94
RELIANCEPP, E1, 02-Dec-2020,1062.5,1064.0,1072.0,1047.15, 1068.00,1067.75,1059.34,851858,9024.1,34945, 328017, 38.51
RELIGARE, EQ, 02-Dec-2020,66.0,67.0,67.8,63.95, 64.75,64.75,65.48,498075,326.16,3276, 315555, 63.35
RELINFRA, EQ, 02-Dec-2020,20.8,20.8,21.25,20.2, 20.90,20.75,20.76,3310564,687.44,5018, 1963021, 59.30
REMSONSIND, EQ, 02-Dec-2020,93.05,91.45,102.35,91.05, 102.35,102.35,97.9,11959,11.71,320, 9418, 78.75
RENUKA, EQ, 02-Dec-2020,9.9,9.95,10.0,9.85, 9.85,9.9,9.9,710616,70.33,803, 544582, 76.64
REPCOHOME, EQ, 02-Dec-2020,257.3,263.0,265.95,258.0, 264.55,263.45,262.08,409261,1072.61,9342, 179240, 43.80
REPL, SM, 02-Dec-2020,91.75,96.3,96.3,94.95, 96.30,96.3,95.79,30000,28.74,9, 27000, 90.00
REPRO, EQ, 02-Dec-2020,351.05,359.8,359.8,341.0, 343.00,345.15,348.07,8300,28.89,677, 4614, 55.59
RESPONIND, EQ, 02-Dec-2020,176.7,177.6,183.9,174.0, 176.00,175.85,177.72,223729,397.6,2657, 40927, 18.29
REVATHI, EQ, 02-Dec-2020,427.9,434.8,438.8,419.95, 424.85,424.1,430.21,4368,18.79,184, 2695, 61.70
RGL, EQ, 02-Dec-2020,264.45,265.05,269.85,262.1, 268.00,268.35,266.88,6984,18.64,317, 4876, 69.82
RHFL, EQ, 02-Dec-2020,2.0,2.0,2.0,1.9, 1.95,1.95,1.96,1302083,25.47,694, 874241, 67.14
RHFL, N4, 02-Dec-2020,195.43,170.0,170.0,170.0, 170.00,170.0,170.0,1,0.0,1, 1, 100.00
RHFL, N8, 02-Dec-2020,150.0,150.0,150.0,150.0, 150.00,150.0,150.0,200,0.3,3, 200, 100.00
RICOAUTO, EQ, 02-Dec-2020,32.75,33.0,33.8,32.55, 33.25,33.3,33.16,727063,241.13,2829, 351005, 48.28
RIIL, EQ, 02-Dec-2020,395.0,396.15,397.95,388.0, 394.00,393.55,393.71,189978,747.96,4286, 55189, 29.05
RITES, EQ, 02-Dec-2020,248.85,249.5,252.6,249.0, 252.20,251.5,250.81,275501,690.99,5595, 164196, 59.60
RKDL, EQ, 02-Dec-2020,6.3,6.45,6.45,6.2, 6.45,6.45,6.37,11915,0.76,62, 10457, 87.76
RKEC, SM, 02-Dec-2020,35.1,34.1,35.15,33.0, 34.75,34.9,34.24,12000,4.11,11, 7000, 58.33
RKFORGE, EQ, 02-Dec-2020,457.35,457.35,469.0,456.9, 460.10,460.0,460.47,37693,173.57,735, 7477, 19.84
RMCL, EQ, 02-Dec-2020,2.85,2.85,2.9,2.8, 2.85,2.8,2.82,45025,1.27,57, 44446, 98.71
RMDRIP, SM, 02-Dec-2020,50.6,51.0,52.4,50.6, 52.40,51.0,50.91,70000,35.64,15, 24000, 34.29
RML, EQ, 02-Dec-2020,233.7,232.6,235.2,226.5, 228.50,228.9,230.87,9910,22.88,378, 6953, 70.16
RNAVAL, EQ, 02-Dec-2020,3.15,3.2,3.3,3.2, 3.30,3.3,3.29,2353985,77.43,1088, 1469159, 62.41
ROHITFERRO, BE, 02-Dec-2020,0.9,0.9,0.95,0.85, 0.95,0.95,0.87,16177,0.14,26, -, -
ROHLTD, EQ, 02-Dec-2020,69.25,70.95,72.0,70.05, 70.90,71.1,71.25,54595,38.9,760, 29820, 54.62
ROLLT, EQ, 02-Dec-2020,2.15,2.25,2.25,2.1, 2.20,2.2,2.15,8921,0.19,62, 5055, 56.66
ROLTA, EQ, 02-Dec-2020,4.95,5.1,5.15,5.0, 5.15,5.15,5.12,240566,12.32,5304, 183450, 76.26
ROML, EQ, 02-Dec-2020,17.65,18.5,18.5,18.5, 18.50,18.5,18.5,549,0.1,5, 549, 100.00
ROSSARI, EQ, 02-Dec-2020,828.45,832.4,837.75,780.05, 829.80,828.1,828.68,150195,1244.64,12610, 55109, 36.69
ROSSELLIND, EQ, 02-Dec-2020,124.45,126.3,129.7,121.15, 124.80,124.75,125.37,25170,31.56,469, 15416, 61.25
ROUTE, EQ, 02-Dec-2020,1106.95,1150.0,1162.25,1078.1, 1095.75,1103.75,1131.94,1028984,11647.44,41160, 248262, 24.13
RPGLIFE, EQ, 02-Dec-2020,369.95,372.5,373.0,365.15, 367.00,368.45,368.22,36018,132.63,1683, 19302, 53.59
RPOWER, BE, 02-Dec-2020,3.1,3.15,3.15,3.0, 3.05,3.05,3.05,11920173,363.08,4722, -, -
RPPINFRA, EQ, 02-Dec-2020,45.5,46.95,46.95,45.0, 45.90,45.85,46.0,21190,9.75,190, 16206, 76.48
RPPL, SM, 02-Dec-2020,90.0,90.1,92.0,90.0, 92.00,92.0,90.44,5000,4.52,5, 4000, 80.00
RSSOFTWARE, EQ, 02-Dec-2020,19.45,19.5,20.2,19.25, 20.00,19.95,19.87,33046,6.57,206, 22908, 69.32
RSWM, EQ, 02-Dec-2020,96.7,95.15,99.8,95.1, 99.40,98.85,98.23,17638,17.33,361, 14204, 80.53
RSYSTEMS, EQ, 02-Dec-2020,119.3,117.6,121.9,117.0, 118.40,118.9,119.41,26958,32.19,530, 13557, 50.29
RTNINFRA, EQ, 02-Dec-2020,5.75,5.85,5.9,5.6, 5.80,5.8,5.77,169307,9.76,286, 110074, 65.01
RTNPOWER, EQ, 02-Dec-2020,2.0,1.95,2.05,1.95, 2.00,2.0,2.0,6911902,138.0,2845, 4733838, 68.49
RUBYMILLS, EQ, 02-Dec-2020,193.85,196.85,201.5,192.7, 195.30,195.9,196.12,10943,21.46,478, 5821, 53.19
RUCHI, BE, 02-Dec-2020,740.85,740.85,743.0,720.0, 732.00,730.25,728.42,27317,198.98,1836, -, -
RUCHINFRA, BE, 02-Dec-2020,7.95,7.95,8.3,7.6, 8.05,7.95,8.02,351690,28.19,708, -, -
RUCHIRA, EQ, 02-Dec-2020,55.25,57.0,60.1,56.45, 58.30,58.25,58.33,216771,126.45,1598, 145428, 67.09
RUPA, EQ, 02-Dec-2020,227.0,228.1,230.75,223.0, 225.00,224.7,225.87,33230,75.06,870, 18478, 55.61
RUSHIL, EQ, 02-Dec-2020,150.55,149.0,157.0,146.25, 148.90,147.35,151.12,118659,179.31,2129, 63282, 53.33
RVNL, EQ, 02-Dec-2020,22.95,23.3,23.3,22.65, 23.10,23.1,23.11,8449551,1952.63,14208, 5081594, 60.14
SABTN, EQ, 02-Dec-2020,1.55,1.5,1.6,1.5, 1.60,1.6,1.57,17181,0.27,123, 13786, 80.24
SADBHAV, EQ, 02-Dec-2020,52.6,52.9,53.9,52.25, 53.70,53.75,53.31,486430,259.31,2307, 279281, 57.41
SADBHIN, EQ, 02-Dec-2020,17.65,17.85,18.4,17.35, 17.55,17.55,17.77,407770,72.48,1140, 290257, 71.18
SAFARI, EQ, 02-Dec-2020,530.4,544.0,544.0,514.0, 515.05,521.55,531.95,5766,30.67,470, 3753, 65.09
SAGARDEEP, BE, 02-Dec-2020,41.65,40.1,43.0,40.1, 42.30,42.15,41.75,21718,9.07,277, -, -
SAGCEM, EQ, 02-Dec-2020,721.5,716.05,727.95,716.05, 718.05,720.25,721.86,13519,97.59,767, 9103, 67.33
SAIL, EQ, 02-Dec-2020,49.95,50.25,53.15,50.0, 51.50,51.7,51.71,71746317,37102.03,99873, 12888136, 17.96
SAKAR, EQ, 02-Dec-2020,83.05,82.05,87.9,82.0, 87.80,87.7,85.1,30953,26.34,229, 23272, 75.18
SAKHTISUG, EQ, 02-Dec-2020,9.3,9.4,9.45,8.55, 9.30,9.35,9.23,121875,11.25,334, 76544, 62.81
SAKSOFT, EQ, 02-Dec-2020,316.25,319.7,343.0,314.25, 343.00,334.65,329.79,62511,206.15,2452, 32003, 51.20
SAKUMA, EQ, 02-Dec-2020,5.25,5.15,5.3,5.1, 5.15,5.2,5.19,280763,14.56,695, 183881, 65.49
SALASAR, EQ, 02-Dec-2020,211.65,217.8,217.9,207.25, 212.60,213.05,213.87,54098,115.7,911, 20537, 37.96
SALONA, EQ, 02-Dec-2020,66.8,65.05,69.35,63.6, 63.60,63.9,65.06,3578,2.33,82, 2509, 70.12
SALSTEEL, EQ, 02-Dec-2020,2.95,3.1,3.2,2.85, 2.95,3.0,3.05,114972,3.51,133, 95100, 82.72
SALZERELEC, EQ, 02-Dec-2020,132.0,134.9,143.0,130.7, 140.20,139.7,136.27,422515,575.77,7509, 189399, 44.83
SAMBHAAV, EQ, 02-Dec-2020,1.95,1.9,2.0,1.9, 1.90,1.9,1.92,35368,0.68,31, 30113, 85.14
SANCO, EQ, 02-Dec-2020,13.85,14.0,14.0,13.55, 13.55,13.7,13.83,33031,4.57,84, 31182, 94.40
SANDESH, EQ, 02-Dec-2020,569.95,585.05,588.85,568.25, 579.45,579.45,579.59,2937,17.02,407, 586, 19.95
SANDHAR, EQ, 02-Dec-2020,260.55,260.0,261.95,254.9, 257.95,256.25,257.08,6786,17.45,576, 3614, 53.26
SANGAMIND, EQ, 02-Dec-2020,56.45,55.9,56.8,54.4, 55.45,55.55,55.72,15272,8.51,292, 8056, 52.75
SANGHIIND, EQ, 02-Dec-2020,34.8,35.05,35.25,33.8, 34.20,34.3,34.56,1089082,376.41,3294, 651615, 59.83
SANGHVIFOR, EQ, 02-Dec-2020,22.6,23.65,23.7,22.5, 23.00,22.95,23.11,10060,2.33,46, 9890, 98.31
SANGHVIMOV, EQ, 02-Dec-2020,101.8,103.0,103.5,100.5, 101.35,101.7,101.94,17856,18.2,424, 13355, 74.79
SANGINITA, EQ, 02-Dec-2020,27.15,25.8,28.5,25.8, 28.50,28.45,26.64,429434,114.4,968, 315692, 73.51
SANOFI, EQ, 02-Dec-2020,7990.3,8064.6,8064.6,7811.75, 7885.00,7890.7,7894.21,31332,2473.41,10304, 18134, 57.88
SANWARIA, BZ, 02-Dec-2020,1.4,1.4,1.4,1.35, 1.40,1.35,1.38,780356,10.76,501, -, -
SARDAEN, EQ, 02-Dec-2020,308.55,308.55,332.0,306.5, 331.00,328.35,323.55,262691,849.94,4579, 88131, 33.55
SAREGAMA, EQ, 02-Dec-2020,768.1,761.1,773.2,756.0, 765.05,766.95,762.95,10118,77.19,820, 5748, 56.81
SARLAPOLY, EQ, 02-Dec-2020,19.05,19.5,20.65,19.05, 20.10,19.9,19.89,302999,60.28,933, 219766, 72.53
SARVESHWAR, SM, 02-Dec-2020,12.45,12.9,13.05,12.9, 13.05,13.05,13.03,9600,1.25,5, 9600, 100.00
SASKEN, EQ, 02-Dec-2020,668.6,666.05,684.4,666.05, 678.95,676.3,676.23,12263,82.93,1141, 7182, 58.57
SASTASUNDR, EQ, 02-Dec-2020,134.1,137.95,137.95,130.1, 132.90,131.7,131.87,22890,30.18,454, 14710, 64.26
SATIA, EQ, 02-Dec-2020,93.2,94.6,94.6,89.0, 89.50,89.5,90.82,90717,82.39,1236, 39554, 43.60
SATIN, EQ, 02-Dec-2020,72.35,72.0,73.95,69.3, 71.00,71.0,71.64,234845,168.25,2597, 158176, 67.35
SATINPP, E1, 02-Dec-2020,37.1,38.0,38.5,35.65, 36.50,36.45,36.83,1588,0.58,32, 1449, 91.25
SBICARD, EQ, 02-Dec-2020,799.95,803.7,805.0,795.0, 797.00,796.95,799.24,832610,6654.53,32392, 463388, 55.65
SBIETFIT, EQ, 02-Dec-2020,220.51,225.4,226.9,220.12, 226.90,224.32,223.21,1435,3.2,56, 1203, 83.83
SBIETFPB, EQ, 02-Dec-2020,166.01,166.01,167.99,163.5, 166.99,166.99,166.41,383,0.64,22, 381, 99.48
SBIETFQLTY, EQ, 02-Dec-2020,114.6,115.0,116.45,114.12, 116.43,115.7,115.62,9068,10.48,77, 5786, 63.81
SBILIFE, EQ, 02-Dec-2020,851.35,853.0,879.25,850.3, 877.40,875.55,864.63,2097626,18136.64,89512, 878774, 41.89
SBIN, EQ, 02-Dec-2020,248.05,248.35,250.85,244.1, 246.55,246.95,247.75,56723083,140529.38,221604, 13306764, 23.46
SBIN, N5, 02-Dec-2020,10877.88,10890.0,10900.0,10861.3, 10900.00,10899.92,10886.93,573,62.38,79, 536, 93.54
SBIN, N6, 02-Dec-2020,10800.0,10815.0,10815.0,10780.0, 10780.00,10780.0,10781.84,106,11.43,3, 106, 100.00
SCAPDVR, EQ, 02-Dec-2020,1.3,1.35,1.35,1.3, 1.35,1.35,1.33,35220,0.47,45, 23974, 68.07
SCHAEFFLER, EQ, 02-Dec-2020,3949.85,3938.4,3981.4,3915.1, 3945.00,3965.9,3968.78,30238,1200.08,7980, 18590, 61.48
SCHAND, EQ, 02-Dec-2020,69.0,70.9,70.9,68.0, 69.00,68.7,68.88,18755,12.92,274, 15636, 83.37
SCHNEIDER, EQ, 02-Dec-2020,94.0,94.15,94.45,91.5, 92.50,92.1,92.59,232794,215.54,2872, 96563, 41.48
SCI, EQ, 02-Dec-2020,59.55,60.0,60.15,58.25, 58.95,58.9,59.17,2313484,1368.98,6247, 1326237, 57.33
SDBL, EQ, 02-Dec-2020,25.95,26.2,26.3,25.6, 25.90,26.0,26.08,88500,23.08,374, 68759, 77.69
SEAMECLTD, EQ, 02-Dec-2020,404.85,412.65,455.0,405.0, 424.90,431.75,422.3,192361,812.33,2796, 65430, 34.01
SECURCRED, SM, 02-Dec-2020,15.2,15.2,15.5,15.2, 15.50,15.5,15.35,2400,0.37,4, 2400, 100.00
SELAN, EQ, 02-Dec-2020,123.7,123.7,128.2,122.25, 124.05,124.8,125.22,148656,186.15,2827, 59023, 39.70
SELMCL, BZ, 02-Dec-2020,2.3,2.3,2.35,2.25, 2.30,2.3,2.3,32033,0.74,37, -, -
SEPOWER, EQ, 02-Dec-2020,2.45,2.4,2.45,2.35, 2.45,2.4,2.4,11043,0.27,52, 6523, 59.07
SEQUENT, EQ, 02-Dec-2020,158.75,159.65,165.6,158.3, 162.50,161.85,162.44,1288179,2092.58,15592, 468957, 36.40
SERVOTECH, SM, 02-Dec-2020,22.0,21.0,21.0,21.0, 21.00,21.0,21.0,4000,0.84,1, 4000, 100.00
SESHAPAPER, EQ, 02-Dec-2020,145.45,146.25,147.3,140.0, 141.90,141.8,142.98,51739,73.98,1094, 29571, 57.15
SETCO, EQ, 02-Dec-2020,12.2,12.65,12.65,11.8, 12.35,12.2,12.07,117301,14.16,425, 82425, 70.27
SETF10GILT, EQ, 02-Dec-2020,201.21,201.21,203.49,200.2, 202.90,202.9,202.22,168,0.34,7, 167, 99.40
SETFGOLD, EQ, 02-Dec-2020,4327.9,4352.15,4387.9,4335.15, 4381.00,4374.8,4358.03,9780,426.22,1535, 6343, 64.86
SETFNIF50, EQ, 02-Dec-2020,135.67,135.67,135.94,134.6, 135.80,135.78,135.38,100624,136.23,989, 60945, 60.57
SETFNIFBK, EQ, 02-Dec-2020,297.49,296.7,297.45,291.13, 293.62,294.62,294.74,71116,209.61,1167, 35957, 50.56
SETFNN50, EQ, 02-Dec-2020,318.56,319.0,322.2,317.38, 322.00,321.17,320.33,9418,30.17,226, 8229, 87.38
SETUINFRA, EQ, 02-Dec-2020,0.65,0.65,0.7,0.65, 0.70,0.65,0.66,78444,0.52,46, 78443, 100.00
SEYAIND, EQ, 02-Dec-2020,60.2,60.5,62.1,59.2, 61.00,60.6,60.41,12858,7.77,271, 8394, 65.28
SEZAL, BZ, 02-Dec-2020,1.95,1.9,2.0,1.9, 1.90,1.9,1.91,51584,0.99,55, -, -
SFL, EQ, 02-Dec-2020,1595.9,1589.0,1639.0,1558.1, 1600.00,1607.7,1605.51,28484,457.31,5304, 14136, 49.63
SGBAPR28I, GB, 02-Dec-2020,4744.32,4765.0,4765.0,4725.55, 4765.00,4765.0,4740.48,262,12.42,61, 223, 85.11
SGBAUG24, GB, 02-Dec-2020,4828.84,4849.0,4849.0,4775.0, 4785.00,4781.29,4789.31,1945,93.15,231, 1892, 97.28
SGBAUG27, GB, 02-Dec-2020,4767.51,4880.0,4881.51,4767.51, 4770.00,4773.0,4785.4,63,3.01,17, 38, 60.32
SGBAUG28V, GB, 02-Dec-2020,4801.96,4818.0,4820.74,4790.0, 4810.95,4805.09,4807.49,2502,120.28,282, 2408, 96.24
SGBDC27VII, GB, 02-Dec-2020,4752.0,4850.0,4850.0,4775.0, 4775.00,4825.0,4844.7,33,1.6,6, 31, 93.94
SGBDEC2512, GB, 02-Dec-2020,4825.0,4825.0,4825.0,4825.0, 4825.00,4825.0,4825.0,2,0.1,1, 2, 100.00
SGBDEC2513, GB, 02-Dec-2020,4799.0,4711.0,4780.0,4711.0, 4750.00,4750.16,4729.53,87,4.11,13, 43, 49.43
SGBDEC25XI, GB, 02-Dec-2020,4679.0,4950.0,4950.0,4950.0, 4950.00,4950.0,4950.0,5,0.25,3, 5, 100.00
SGBFEB24, GB, 02-Dec-2020,4800.22,4899.9,4900.0,4815.0, 4888.00,4888.0,4857.22,50,2.43,6, 50, 100.00
SGBFEB28IX, GB, 02-Dec-2020,4785.0,4785.0,4800.0,4785.0, 4800.00,4800.0,4799.0,15,0.72,4, 15, 100.00
SGBJ28VIII, GB, 02-Dec-2020,4770.0,4770.0,4770.0,4682.29, 4685.09,4685.09,4691.93,12,0.56,3, 12, 100.00
SGBJAN26, GB, 02-Dec-2020,4798.0,4800.0,4800.0,4800.0, 4800.00,4800.0,4800.0,11,0.53,2, 11, 100.00
SGBJAN27, GB, 02-Dec-2020,4769.87,4769.87,4769.87,4769.87, 4769.87,4769.87,4769.87,3,0.14,3, 3, 100.00
SGBJUL25, GB, 02-Dec-2020,4736.66,4779.0,4785.0,4738.0, 4753.00,4758.8,4762.89,193,9.19,20, 174, 90.16
SGBJUL28IV, GB, 02-Dec-2020,4737.99,4740.0,4785.0,4740.0, 4751.00,4753.53,4758.57,1032,49.11,114, 928, 89.92
SGBJUN27, GB, 02-Dec-2020,4725.0,4731.0,4743.01,4731.0, 4743.01,4743.01,4737.01,10,0.47,2, 5, 50.00
SGBJUN28, GB, 02-Dec-2020,4749.73,4760.0,4795.0,4756.0, 4760.00,4761.84,4770.36,721,34.39,80, 653, 90.57
SGBMAR24, GB, 02-Dec-2020,4800.0,4811.0,4880.0,4800.0, 4872.00,4874.5,4828.75,88,4.25,25, 63, 71.59
SGBMAR25, GB, 02-Dec-2020,4749.06,4816.9,4816.9,4750.0, 4750.00,4750.0,4786.61,14,0.67,6, 11, 78.57
SGBMAR28X, GB, 02-Dec-2020,4720.0,4720.0,4750.0,4720.0, 4720.20,4726.42,4723.37,116,5.48,15, 106, 91.38
SGBMAY25, GB, 02-Dec-2020,4721.99,4818.0,4818.0,4732.0, 4732.00,4734.92,4740.08,1772,83.99,55, 1738, 98.08
SGBMAY26, GB, 02-Dec-2020,4705.0,4705.0,4800.0,4705.0, 4705.00,4705.0,4726.92,13,0.61,3, 10, 76.92
SGBMAY28, GB, 02-Dec-2020,4709.78,4711.0,4747.99,4711.0, 4730.00,4732.13,4729.84,471,22.28,90, 458, 97.24
SGBN28VIII, GB, 02-Dec-2020,4864.95,4800.0,5250.0,4700.0, 4762.00,4872.7,4817.43,88,4.24,55, 81, 92.05
SGBNOV23, GB, 02-Dec-2020,4881.0,4890.0,4890.0,4866.68, 4870.00,4869.89,4880.5,100,4.88,23, 100, 100.00
SGBNOV24, GB, 02-Dec-2020,4800.67,4810.0,4819.0,4805.0, 4810.95,4812.02,4813.75,266,12.8,59, 254, 95.49
SGBNOV258, GB, 02-Dec-2020,4690.75,4702.0,4735.0,4700.0, 4728.00,4729.58,4705.83,1498,70.49,110, 1352, 90.25
SGBNOV25VI, GB, 02-Dec-2020,4840.0,4840.0,4840.0,4840.0, 4840.00,4840.0,4840.0,8,0.39,1, 8, 100.00
SGBNOV26, GB, 02-Dec-2020,4825.97,4825.97,4825.97,4825.97, 4825.97,4825.97,4825.97,2,0.1,2, 2, 100.00
SGBOC28VII, GB, 02-Dec-2020,4785.0,4890.0,4890.0,4785.0, 4790.00,4790.0,4800.12,84,4.03,26, 76, 90.48
SGBOCT25, GB, 02-Dec-2020,4815.0,4815.0,4815.0,4790.0, 4790.00,4790.0,4810.0,5,0.24,5, 5, 100.00
SGBOCT25IV, GB, 02-Dec-2020,4775.0,4780.0,4800.0,4780.0, 4800.00,4800.0,4795.0,4,0.19,4, 4, 100.00
SGBOCT27, GB, 02-Dec-2020,4840.0,4848.0,4848.0,4800.0, 4800.00,4800.0,4816.0,9,0.43,3, 9, 100.00
SGBOCT27VI, GB, 02-Dec-2020,4779.0,4740.0,4755.0,4740.0, 4755.00,4755.0,4743.33,9,0.43,3, 9, 100.00
SGBSEP24, GB, 02-Dec-2020,4785.0,4790.1,4830.0,4785.0, 4805.00,4805.0,4799.43,96,4.61,30, 95, 98.96
SGBSEP27, GB, 02-Dec-2020,4814.99,4865.0,4865.0,4706.0, 4706.00,4706.0,4834.36,11,0.53,7, 10, 90.91
SGBSEP28VI, GB, 02-Dec-2020,4815.14,4860.0,4860.0,4791.1, 4791.10,4803.11,4812.97,221,10.64,60, 183, 82.81
SGL, EQ, 02-Dec-2020,6.45,6.55,6.95,6.45, 6.60,6.55,6.61,69483,4.59,96, 58843, 84.69
SHAHALLOYS, EQ, 02-Dec-2020,8.5,9.35,9.35,8.9, 9.35,9.35,9.34,16763,1.57,48, 14762, 88.06
SHAKTIPUMP, BE, 02-Dec-2020,245.5,243.15,254.8,240.0, 250.00,251.85,250.01,49154,122.89,763, -, -
SHALBY, EQ, 02-Dec-2020,110.0,110.5,111.3,104.5, 107.75,108.45,107.97,824209,889.91,8188, 362516, 43.98
SHALPAINTS, EQ, 02-Dec-2020,73.4,74.35,74.5,71.2, 72.00,72.1,72.67,170832,124.14,1827, 95971, 56.18
SHANKARA, EQ, 02-Dec-2020,346.9,346.9,349.7,337.45, 342.70,345.35,342.56,91611,313.82,2763, 44925, 49.04
SHANTIGEAR, EQ, 02-Dec-2020,108.4,110.0,110.3,106.0, 107.50,108.1,107.81,46004,49.6,836, 25285, 54.96
SHARDACROP, EQ, 02-Dec-2020,284.4,287.55,292.0,282.15, 287.90,286.25,288.14,55983,161.31,2857, 30935, 55.26
SHARDAMOTR, EQ, 02-Dec-2020,1623.4,1650.0,1650.0,1600.0, 1611.80,1612.1,1613.42,4549,73.39,682, 3217, 70.72
SHAREINDIA, EQ, 02-Dec-2020,108.95,109.75,109.75,106.1, 107.90,107.85,108.79,15477,16.84,154, 2957, 19.11
SHARIABEES, EQ, 02-Dec-2020,321.93,322.0,326.0,320.84, 325.22,323.89,322.87,669,2.16,52, 516, 77.13
SHEMAROO, EQ, 02-Dec-2020,62.9,65.9,67.5,64.25, 65.05,65.3,66.13,241014,159.38,2658, 156880, 65.09
SHIL, EQ, 02-Dec-2020,122.65,124.4,126.8,120.0, 123.25,123.7,123.34,216152,266.61,2378, 130373, 60.32
SHILPAMED, EQ, 02-Dec-2020,475.15,479.7,479.7,463.6, 466.30,466.6,469.03,214345,1005.33,6174, 112552, 52.51
SHIRPUR-G, BE, 02-Dec-2020,7.65,8.0,8.0,7.65, 8.00,8.0,7.92,29961,2.37,90, -, -
SHIVAMAUTO, EQ, 02-Dec-2020,21.35,21.05,21.6,20.35, 20.50,20.6,20.62,183701,37.88,719, 113595, 61.84
SHIVAMILLS, EQ, 02-Dec-2020,26.7,27.25,27.5,26.45, 27.10,27.0,26.97,10306,2.78,110, 7414, 71.94
SHIVATEX, EQ, 02-Dec-2020,81.95,80.8,86.0,80.8, 86.00,86.0,85.43,11337,9.68,142, 9099, 80.26
SHK, EQ, 02-Dec-2020,138.8,139.4,140.75,132.95, 135.90,135.95,136.3,601576,819.97,6480, 270757, 45.01
SHOPER-RE, BE, 02-Dec-2020,38.2,36.05,39.0,34.0, 36.05,36.25,37.13,39548,14.68,771, -, -
SHOPERSTOP, EQ, 02-Dec-2020,184.55,186.0,186.0,184.0, 184.55,184.35,184.6,55654,102.74,1174, 32944, 59.19
SHRADHA, EQ, 02-Dec-2020,59.75,59.75,59.75,59.75, 59.75,59.75,59.75,1350,0.81,6, 1350, 100.00
SHREDIGCEM, EQ, 02-Dec-2020,61.3,61.7,63.35,61.05, 62.30,61.95,62.08,708218,439.65,3523, 357924, 50.54
SHREECEM, EQ, 02-Dec-2020,24908.4,24800.0,25043.7,24200.0, 24600.00,24635.7,24573.59,77649,19081.15,22732, 19991, 25.75
SHREEPUSHK, EQ, 02-Dec-2020,102.05,103.6,112.25,100.0, 112.00,104.45,104.16,1031654,1074.53,5716, 630131, 61.08
SHREERAMA, EQ, 02-Dec-2020,6.85,6.6,7.0,6.6, 6.90,6.75,6.81,35995,2.45,91, 27760, 77.12
SHRENIK, EQ, 02-Dec-2020,5.6,5.7,5.7,5.55, 5.60,5.6,5.61,239864,13.46,524, 166392, 69.37
SHREYANIND, EQ, 02-Dec-2020,82.8,83.25,84.9,81.0, 81.75,82.0,82.99,66639,55.3,1058, 26583, 39.89
SHREYAS, EQ, 02-Dec-2020,59.15,61.3,62.1,58.25, 62.10,62.1,61.54,42965,26.44,625, 34364, 79.98
SHRIPISTON, BE, 02-Dec-2020,604.7,625.0,625.0,600.0, 624.65,620.5,614.08,865,5.31,51, -, -
SHRIRAMCIT, EQ, 02-Dec-2020,1090.2,1070.2,1099.9,1070.0, 1082.10,1082.7,1078.84,34553,372.77,2114, 26744, 77.40
SHRIRAMEPC, EQ, 02-Dec-2020,3.5,3.45,3.6,3.45, 3.50,3.5,3.52,188534,6.64,174, 160323, 85.04
SHYAMCENT, EQ, 02-Dec-2020,4.0,4.15,4.2,4.05, 4.15,4.1,4.12,127884,5.27,179, 110475, 86.39
SICAGEN, EQ, 02-Dec-2020,13.15,13.2,13.75,12.95, 13.25,13.15,13.24,10668,1.41,94, 8040, 75.37
SICAL, EQ, 02-Dec-2020,9.65,9.75,10.0,9.3, 9.55,9.5,9.65,193739,18.7,476, 159974, 82.57
SIEMENS, EQ, 02-Dec-2020,1517.55,1516.2,1519.75,1490.9, 1509.90,1506.9,1505.08,482911,7268.21,21233, 110482, 22.88
SIGIND, EQ, 02-Dec-2020,22.5,23.3,23.9,22.75, 22.95,22.9,23.22,7347,1.71,97, 6124, 83.35
SIGMA, SM, 02-Dec-2020,45.0,45.0,46.5,45.0, 45.00,45.0,45.09,84000,37.88,5, 81000, 96.43
SIL, BE, 02-Dec-2020,8.75,8.75,9.15,8.45, 9.15,9.15,9.04,44106,3.99,72, -, -
SILINV, EQ, 02-Dec-2020,161.8,163.95,165.0,159.2, 162.00,160.2,160.7,2179,3.5,49, 1906, 87.47
SILLYMONKS, BE, 02-Dec-2020,21.4,22.4,22.45,20.35, 22.00,22.0,21.07,2276,0.48,8, -, -
SILVERTUC, SM, 02-Dec-2020,98.0,91.0,91.0,91.0, 91.00,91.0,91.0,1000,0.91,1, 1000, 100.00
SIMBHALS, EQ, 02-Dec-2020,6.05,6.3,6.3,5.8, 6.05,6.05,5.93,30097,1.78,73, 27227, 90.46
SIMPLEXINF, EQ, 02-Dec-2020,35.1,38.6,38.6,38.25, 38.60,38.6,38.6,355331,137.16,597, 288803, 81.28
SINTERCOM, EQ, 02-Dec-2020,73.0,73.0,76.65,73.0, 74.00,74.0,75.24,1822,1.37,36, 1715, 94.13
SINTEX, BE, 02-Dec-2020,3.35,3.5,3.5,3.5, 3.50,3.5,3.5,1185837,41.5,624, -, -
SIRCA, EQ, 02-Dec-2020,245.6,249.65,249.65,243.0, 247.65,245.7,246.51,10046,24.76,445, 6275, 62.46
SIS, EQ, 02-Dec-2020,465.75,466.3,475.0,455.0, 458.00,459.5,463.82,242290,1123.79,14007, 118842, 49.05
SITINET, EQ, 02-Dec-2020,0.8,0.85,0.85,0.8, 0.85,0.85,0.84,17839512,149.44,1291, 13624399, 76.37
SIYSIL, EQ, 02-Dec-2020,170.2,171.2,175.0,167.25, 169.00,169.95,171.49,245421,420.88,4229, 104053, 42.40
SJVN, EQ, 02-Dec-2020,24.15,24.25,24.25,23.9, 24.05,24.0,24.09,1269787,305.86,3472, 877216, 69.08
SKFINDIA, EQ, 02-Dec-2020,1570.3,1578.0,1580.0,1570.1, 1575.00,1576.25,1575.08,24123,379.96,1890, 19371, 80.30
SKIL, EQ, 02-Dec-2020,2.7,2.6,2.7,2.6, 2.60,2.6,2.6,156525,4.07,109, 123333, 78.79
SKIPPER, EQ, 02-Dec-2020,56.45,57.45,57.75,55.2, 55.50,55.5,56.25,73530,41.36,617, 55928, 76.06
SKMEGGPROD, EQ, 02-Dec-2020,49.5,50.05,50.3,48.3, 49.95,49.8,49.63,31406,15.59,300, 23289, 74.15
SMARTLINK, EQ, 02-Dec-2020,73.15,85.9,87.75,83.25, 87.75,87.75,87.15,123139,107.32,546, 65769, 53.41
SMLISUZU, EQ, 02-Dec-2020,432.7,435.0,442.2,427.85, 432.35,432.05,436.08,34779,151.66,2198, 15041, 43.25
SMPL, BZ, 02-Dec-2020,0.15,0.15,0.15,0.15, 0.15,0.15,0.15,11901,0.02,14, -, -
SMSLIFE, EQ, 02-Dec-2020,580.75,570.1,607.0,570.1, 605.00,598.95,591.17,8964,52.99,601, 4699, 52.42
SMSPHARMA, EQ, 02-Dec-2020,92.45,91.7,95.0,91.5, 92.70,92.45,92.91,236065,219.34,2272, 147274, 62.39
SNOWMAN, EQ, 02-Dec-2020,55.95,56.1,57.5,54.7, 55.00,55.15,55.78,3174614,1770.88,14277, 1944174, 61.24
SOBHA, EQ, 02-Dec-2020,316.85,318.4,326.0,315.4, 320.65,320.85,322.03,730309,2351.85,12890, 207667, 28.44
SOFTTECH, SM, 02-Dec-2020,86.15,88.0,88.0,88.0, 88.00,88.0,88.0,1600,1.41,1, 1600, 100.00
SOLARA, EQ, 02-Dec-2020,1174.6,1186.8,1197.0,1169.0, 1185.10,1191.0,1182.29,68725,812.53,9302, 48279, 70.25
SOLARINDS, EQ, 02-Dec-2020,1039.5,1035.0,1044.6,1031.0, 1039.00,1036.35,1036.92,10890,112.92,1033, 5580, 51.24
SOMANYCERA, EQ, 02-Dec-2020,300.2,302.8,307.4,295.05, 300.00,297.9,300.8,130902,393.75,3863, 73832, 56.40
SOMICONVEY, EQ, 02-Dec-2020,21.7,21.1,22.45,21.05, 21.65,21.7,21.82,9970,2.18,100, 7262, 72.84
SONAMCLOCK, SM, 02-Dec-2020,59.9,60.3,60.3,60.3, 60.30,60.3,60.3,6000,3.62,2, 6000, 100.00
SONATSOFTW, EQ, 02-Dec-2020,345.05,343.3,349.0,343.3, 345.00,344.25,345.02,163238,563.2,5776, 114082, 69.89
SORILINFRA, EQ, 02-Dec-2020,73.4,75.45,76.8,72.0, 73.30,73.2,73.68,55394,40.81,676, 32627, 58.90
SOTL, EQ, 02-Dec-2020,704.95,706.15,729.0,692.25, 705.00,701.1,700.74,10083,70.66,948, 3964, 39.31
SOUTHBANK, EQ, 02-Dec-2020,7.9,8.0,8.15,7.75, 7.95,7.9,7.92,20674977,1638.45,77297, 10174582, 49.21
SOUTHWEST, EQ, 02-Dec-2020,33.95,35.4,35.4,32.75, 32.75,32.9,33.29,6829,2.27,41, 5340, 78.20
SPAL, EQ, 02-Dec-2020,140.4,140.55,142.95,136.1, 137.60,137.9,139.35,16163,22.52,458, 10644, 65.85
SPANDANA, EQ, 02-Dec-2020,752.0,762.2,762.2,718.0, 747.00,751.8,746.57,26966,201.32,2188, 11615, 43.07
SPARC, EQ, 02-Dec-2020,185.2,186.6,188.1,182.1, 184.00,185.15,185.11,880617,1630.15,9235, 299467, 34.01
SPECIALITY, EQ, 02-Dec-2020,43.6,43.95,44.65,41.7, 41.85,42.05,43.16,245621,106.02,1596, 161823, 65.88
SPENCERS, EQ, 02-Dec-2020,80.95,81.0,81.55,78.95, 79.55,79.5,80.12,456116,365.43,3920, 234625, 51.44
SPENTEX, BZ, 02-Dec-2020,0.55,0.55,0.6,0.55, 0.60,0.6,0.6,13266,0.08,6, -, -
SPIC, EQ, 02-Dec-2020,19.85,20.35,23.8,20.1, 22.75,22.95,22.92,5804371,1330.25,12938, 2016162, 34.74
SPICEJET, EQ, 02-Dec-2020,74.05,75.7,77.75,74.2, 77.30,76.9,76.54,12277416,9396.59,47413, 4081350, 33.24
SPLIL, EQ, 02-Dec-2020,29.5,29.9,30.8,29.15, 30.00,30.15,30.08,91137,27.41,519, 56987, 62.53
SPMLINFRA, EQ, 02-Dec-2020,8.25,8.55,8.55,7.8, 7.95,8.0,8.2,70426,5.78,139, 35891, 50.96
SPTL, EQ, 02-Dec-2020,2.5,2.6,2.6,2.6, 2.60,2.6,2.6,493448,12.83,284, 493448, 100.00
SPYL, BE, 02-Dec-2020,0.65,0.7,0.7,0.6, 0.70,0.65,0.68,1047534,7.16,262, -, -
SREEL, EQ, 02-Dec-2020,155.0,156.85,156.85,149.0, 150.20,149.75,151.49,12734,19.29,443, 9087, 71.36
SREIBNPNCD, NJ, 02-Dec-2020,800.0,790.0,790.0,750.0, 750.00,750.05,755.5,74,0.56,8, 74, 100.00
SREIBNPNCD, NL, 02-Dec-2020,741.0,742.0,742.0,742.0, 742.00,742.0,742.0,27,0.2,1, 27, 100.00
SREIBNPNCD, NN, 02-Dec-2020,915.1,1098.12,1098.12,1098.12, 1098.12,1098.12,1098.12,7,0.08,1, 7, 100.00
SREIBNPNCD, NO, 02-Dec-2020,699.0,740.0,750.0,740.0, 750.00,750.0,746.92,130,0.97,6, 130, 100.00
SREIBNPNCD, NQ, 02-Dec-2020,942.0,815.22,815.22,800.0, 800.00,808.94,808.94,34,0.28,4, 34, 100.00
SREIBNPNCD, NU, 02-Dec-2020,551.77,577.0,590.0,569.45, 570.00,569.87,577.57,285,1.65,14, 282, 98.95
SREIBNPNCD, NV, 02-Dec-2020,675.0,675.0,675.0,675.0, 675.00,675.0,675.0,10,0.07,1, 10, 100.00
SREIBNPNCD, NX, 02-Dec-2020,800.0,800.0,800.0,800.0, 800.00,800.0,800.0,100,0.8,4, 100, 100.00
SREIBNPNCD, NY, 02-Dec-2020,760.0,900.0,900.0,900.0, 900.00,900.0,900.0,1,0.01,1, 1, 100.00
SREIBNPNCD, NZ, 02-Dec-2020,1050.0,1100.0,1100.0,1100.0, 1100.00,1100.0,1100.0,2,0.02,1, 2, 100.00
SREIBNPNCD, Y1, 02-Dec-2020,750.0,750.0,750.0,750.0, 750.00,750.0,750.0,14,0.11,1, 14, 100.00
SREIBNPNCD, Y2, 02-Dec-2020,720.0,720.0,720.0,720.0, 720.00,720.0,720.0,26,0.19,2, 26, 100.00
SREIBNPNCD, Y7, 02-Dec-2020,650.0,700.0,700.0,700.0, 700.00,700.0,700.0,5,0.04,1, 5, 100.00
SREIBNPNCD, Y8, 02-Dec-2020,560.2,614.45,614.45,613.45, 613.50,613.47,613.58,50,0.31,8, 50, 100.00
SREINFRA, EQ, 02-Dec-2020,5.95,5.95,6.05,5.95, 6.00,5.95,6.0,758421,45.53,877, 580328, 76.52
SRF, EQ, 02-Dec-2020,5098.0,5108.0,5242.2,5091.9, 5235.00,5212.75,5168.13,208526,10776.89,18031, 38650, 18.53
SRHHYPOLTD, EQ, 02-Dec-2020,249.65,254.0,255.0,236.95, 244.80,244.8,246.43,19687,48.51,696, 13229, 67.20
SRIPIPES, EQ, 02-Dec-2020,142.95,145.0,146.85,141.75, 142.40,142.15,143.04,287526,411.27,3258, 223866, 77.86
SRPL, EQ, 02-Dec-2020,30.9,31.05,32.7,30.05, 30.25,30.25,31.15,3094,0.96,34, 1104, 35.68
SRTRANSFIN, EQ, 02-Dec-2020,1023.55,1033.7,1045.0,1020.0, 1028.00,1030.5,1033.28,3681293,38038.07,76381, 608921, 16.54
SRTRANSFIN, Y9, 02-Dec-2020,1052.25,1050.11,1056.0,1050.11, 1056.00,1056.0,1055.76,50,0.53,2, 50, 100.00
SRTRANSFIN, YB, 02-Dec-2020,1040.0,1031.0,1031.0,1031.0, 1031.00,1031.0,1031.0,355,3.66,5, 355, 100.00
SRTRANSFIN, YH, 02-Dec-2020,1012.75,1004.1,1004.1,1004.0, 1004.00,1004.0,1004.02,85,0.85,2, 85, 100.00
SRTRANSFIN, YI, 02-Dec-2020,1000.01,1001.0,1012.8,1000.01, 1000.15,1000.15,1000.59,574,5.74,13, 574, 100.00
SRTRANSFIN, YJ, 02-Dec-2020,1032.01,1033.0,1034.5,1033.0, 1034.50,1034.5,1033.66,502,5.19,3, 502, 100.00
SRTRANSFIN, YK, 02-Dec-2020,1034.0,1031.0,1036.5,1026.0, 1032.00,1032.0,1031.45,211,2.18,10, 211, 100.00
SRTRANSFIN, YL, 02-Dec-2020,1018.0,1019.5,1019.5,1019.5, 1019.50,1019.5,1019.5,25,0.25,1, 25, 100.00
SRTRANSFIN, YP, 02-Dec-2020,1002.0,1025.0,1025.0,1022.0, 1022.00,1022.0,1023.5,20,0.2,2, 20, 100.00
SRTRANSFIN, YQ, 02-Dec-2020,1009.0,1007.8,1011.5,1007.8, 1009.00,1009.07,1009.89,295,2.98,7, 295, 100.00
SRTRANSFIN, YT, 02-Dec-2020,1199.05,1200.0,1200.0,1200.0, ,1200.0,1200.0,60,0.72,2, 60, 100.00
SRTRANSFIN, YW, 02-Dec-2020,1044.0,1055.0,1055.0,1051.0, 1051.00,1051.0,1053.13,235,2.47,5, 235, 100.00
SRTRANSFIN, YX, 02-Dec-2020,1073.0,1067.01,1071.0,1067.0, 1069.00,1069.0,1067.87,510,5.45,13, 510, 100.00
SRTRANSFIN, YY, 02-Dec-2020,1077.0,1075.0,1080.0,1075.0, 1080.00,1080.0,1075.54,221,2.38,10, 221, 100.00
SRTRANSFIN, Z4, 02-Dec-2020,999.9,1000.0,1000.0,1000.0, 1000.00,1000.0,1000.0,37,0.37,3, 37, 100.00
SRTRANSFIN, Z5, 02-Dec-2020,1000.0,1000.0,1000.0,1000.0, 1000.00,1000.0,1000.0,450,4.5,10, 450, 100.00
SRTRANSFIN, Z6, 02-Dec-2020,996.5,1006.0,1007.0,1006.0, 1007.00,1007.0,1006.5,10,0.1,2, 10, 100.00
SRTRANSFIN, Z7, 02-Dec-2020,1025.0,1020.0,1020.0,1020.0, 1020.00,1020.0,1020.0,30,0.31,1, 30, 100.00
SRTRANSFIN, Z9, 02-Dec-2020,1015.62,1016.0,1016.0,1012.0, 1012.00,1014.9,1014.91,55,0.56,2, 55, 100.00
SSINFRA, SM, 02-Dec-2020,6.8,6.8,6.8,6.8, 6.80,6.8,6.8,3000,0.2,1, 3000, 100.00
SSWL, EQ, 02-Dec-2020,503.7,508.7,512.8,502.1, 504.00,503.6,506.37,31983,161.95,1556, 16550, 51.75
STAR, EQ, 02-Dec-2020,796.85,789.8,797.0,765.2, 778.30,779.1,780.65,465060,3630.51,15309, 137058, 29.47
STARCEMENT, EQ, 02-Dec-2020,90.4,90.3,91.1,89.35, 89.40,89.55,90.23,141998,128.12,2124, 98105, 69.09
STARPAPER, EQ, 02-Dec-2020,96.35,96.5,97.25,94.75, 95.45,95.05,95.89,78274,75.06,1082, 41453, 52.96
STCINDIA, EQ, 02-Dec-2020,75.8,76.0,83.35,74.2, 78.30,78.0,79.26,355533,281.78,5402, 107143, 30.14
STEELCITY, EQ, 02-Dec-2020,35.9,36.75,36.75,34.6, 36.40,35.9,36.31,10309,3.74,82, 7993, 77.53
STEELXIND, EQ, 02-Dec-2020,32.15,31.8,33.45,30.3, 32.25,32.25,32.47,75488,24.51,270, 73539, 97.42
STEL, EQ, 02-Dec-2020,62.4,64.0,64.6,61.1, 62.90,62.8,62.93,18493,11.64,287, 14049, 75.97
STERTOOLS, EQ, 02-Dec-2020,192.65,194.95,194.95,187.15, 191.50,191.85,190.71,33548,63.98,1111, 17710, 52.79
STLTECH, EQ, 02-Dec-2020,160.55,160.7,160.95,156.0, 157.10,157.45,158.7,853551,1354.59,8226, 577798, 67.69
SUBCAPCITY, BE, 02-Dec-2020,21.95,21.95,21.95,20.9, 21.95,21.95,21.92,256,0.06,5, -, -
SUBEXLTD, EQ, 02-Dec-2020,27.3,28.3,32.75,27.5, 30.80,31.1,30.95,54881845,16988.26,76843, 16322772, 29.74
SUBROS, EQ, 02-Dec-2020,291.45,291.85,300.95,290.5, 298.05,297.9,294.76,67882,200.09,2154, 41461, 61.08
SUDARSCHEM, EQ, 02-Dec-2020,474.35,477.0,477.0,468.2, 471.50,471.4,471.26,65473,308.55,2630, 33543, 51.23
SUJANAUNI, BE, 02-Dec-2020,0.4,0.4,0.4,0.35, 0.40,0.35,0.37,166556,0.61,130, -, -
SUMEETINDS, EQ, 02-Dec-2020,1.95,2.0,2.0,1.9, 2.00,2.0,1.97,77998,1.54,106, 60764, 77.90
SUMICHEM, EQ, 02-Dec-2020,288.4,288.4,289.95,283.5, 285.70,286.85,286.32,411789,1179.04,11657, 211557, 51.38
SUMIT, EQ, 02-Dec-2020,8.2,8.1,8.55,7.45, 8.10,8.1,8.04,35977,2.89,153, 23235, 64.58
SUMMITSEC, EQ, 02-Dec-2020,482.15,482.55,490.75,451.1, 487.15,488.05,484.42,4111,19.91,236, 2460, 59.84
SUNCLAYLTD, EQ, 02-Dec-2020,1895.6,1905.1,2036.75,1873.0, 2000.00,1994.2,1947.93,7749,150.95,1253, 5796, 74.80
SUNDARAM, EQ, 02-Dec-2020,1.35,1.45,1.45,1.45, 1.45,1.45,1.45,276091,4.0,93, 236091, 85.51
SUNDARMFIN, EQ, 02-Dec-2020,1773.0,1775.0,1800.0,1756.05, 1800.00,1794.8,1782.35,89098,1588.03,7014, 36153, 40.58
SUNDARMHLD, EQ, 02-Dec-2020,55.85,55.45,57.05,55.3, 55.60,56.0,56.48,87237,49.27,920, 70412, 80.71
SUNDRMBRAK, EQ, 02-Dec-2020,301.75,305.05,305.05,296.0, 301.00,301.7,300.72,2363,7.11,187, 1979, 83.75
SUNDRMFAST, EQ, 02-Dec-2020,544.55,548.0,555.0,535.45, 548.00,549.2,549.52,359797,1977.17,17423, 128758, 35.79
SUNFLAG, EQ, 02-Dec-2020,55.7,56.1,62.3,56.1, 60.10,60.2,60.48,3318168,2006.95,17212, 1051739, 31.70
SUNPHARMA, EQ, 02-Dec-2020,539.35,540.9,547.0,536.0, 543.85,544.65,541.98,14234038,77145.96,133942, 3156054, 22.17
SUNTECK, EQ, 02-Dec-2020,326.85,327.5,333.5,320.6, 331.00,328.95,328.15,979353,3213.76,20661, 287899, 29.40
SUNTV, EQ, 02-Dec-2020,445.05,445.05,448.55,429.2, 433.20,431.85,435.62,4911269,21394.39,52401, 1799588, 36.64
SUPERHOUSE, EQ, 02-Dec-2020,108.35,109.9,110.0,106.0, 106.70,107.25,107.74,28319,30.51,390, 18675, 65.95
SUPERSPIN, EQ, 02-Dec-2020,4.75,4.85,4.95,4.55, 4.95,4.95,4.91,33462,1.64,111, 28239, 84.39
SUPPETRO, EQ, 02-Dec-2020,320.7,322.0,348.9,320.0, 344.00,345.1,337.68,200669,677.62,7973, 108431, 54.03
SUPRAJIT, EQ, 02-Dec-2020,194.65,196.2,204.25,193.85, 198.65,199.45,199.22,209045,416.47,5146, 106427, 50.91
SUPREMEENG, SM, 02-Dec-2020,22.75,21.5,22.65,20.7, 22.65,22.65,21.23,100000,21.23,18, 72000, 72.00
SUPREMEIND, EQ, 02-Dec-2020,1724.75,1733.7,1733.7,1685.9, 1718.00,1721.25,1718.19,92484,1589.05,12966, 39356, 42.55
SUPREMEINF, BZ, 02-Dec-2020,9.5,9.05,9.95,9.05, 9.90,9.9,9.87,3312,0.33,23, -, -
SURANASOL, EQ, 02-Dec-2020,7.95,8.0,8.15,7.6, 8.00,7.95,7.99,36910,2.95,192, 27059, 73.31
SURANAT&P, EQ, 02-Dec-2020,3.8,3.95,4.0,3.75, 3.85,3.95,3.88,41097,1.6,64, 35697, 86.86
SURANI, SM, 02-Dec-2020,20.0,19.0,19.0,19.0, 19.00,19.0,19.0,2000,0.38,1, 2000, 100.00
SURYALAXMI, EQ, 02-Dec-2020,18.5,19.3,19.4,19.0, 19.40,19.4,19.37,11456,2.22,143, 10756, 93.89
SURYAROSNI, EQ, 02-Dec-2020,260.2,260.7,270.0,258.8, 267.35,265.15,265.31,227270,602.97,6333, 94731, 41.68
SUTLEJTEX, EQ, 02-Dec-2020,29.2,29.8,29.8,28.6, 29.55,29.5,29.26,41028,12.01,242, 29791, 72.61
SUULD, EQ, 02-Dec-2020,102.05,102.1,105.0,102.0, 102.05,102.05,102.4,9696,9.93,53, 5451, 56.22
SUVEN, EQ, 02-Dec-2020,47.8,48.4,48.6,47.65, 48.50,48.25,48.19,580120,279.56,2204, 347390, 59.88
SUVENPHAR, EQ, 02-Dec-2020,384.75,390.0,390.0,376.25, 381.25,379.75,380.79,218136,830.64,8492, 111325, 51.03
SUZLON, BE, 02-Dec-2020,3.5,3.6,3.6,3.4, 3.50,3.5,3.51,16124448,566.44,5256, -, -
SVLL, SM, 02-Dec-2020,84.95,85.4,85.4,85.4, 85.40,85.4,85.4,1000,0.85,1, 1000, 100.00
SWANENERGY, EQ, 02-Dec-2020,140.25,140.1,142.1,139.0, 139.50,139.55,140.69,143317,201.63,2491, 12101, 8.44
SWARAJENG, EQ, 02-Dec-2020,1415.35,1424.0,1429.9,1414.35, 1416.05,1416.8,1420.99,7489,106.42,1175, 4301, 57.43
SWELECTES, EQ, 02-Dec-2020,157.2,157.3,165.05,155.1, 163.10,164.9,161.72,44611,72.14,1242, 36863, 82.63
SWSOLAR, EQ, 02-Dec-2020,227.25,231.0,254.0,230.0, 246.65,246.25,246.71,1789669,4415.32,22615, 939066, 52.47
SYMPHONY, EQ, 02-Dec-2020,840.2,845.9,845.9,820.0, 827.95,823.2,828.97,125577,1040.99,8984, 79973, 63.68
SYNCOM, BZ, 02-Dec-2020,1.7,1.75,1.75,1.75, 1.75,1.75,1.75,8491,0.15,18, -, -
SYNGENE, EQ, 02-Dec-2020,568.7,571.8,581.0,568.7, 575.00,575.6,574.96,568732,3269.96,33794, 338777, 59.57
TAINWALCHM, EQ, 02-Dec-2020,72.75,73.75,73.9,71.25, 72.00,72.05,72.37,11047,8.0,162, 8321, 75.32
TAJGVK, EQ, 02-Dec-2020,140.2,142.5,143.95,139.5, 141.15,141.3,141.82,241978,343.18,3741, 99415, 41.08
TAKE, EQ, 02-Dec-2020,44.55,45.7,46.6,43.4, 44.05,43.95,44.87,3603069,1616.67,13229, 2050977, 56.92
TALBROAUTO, EQ, 02-Dec-2020,155.95,155.95,159.15,152.7, 154.80,154.75,154.66,16245,25.12,500, 11008, 67.76
TANLA, EQ, 02-Dec-2020,643.25,675.4,675.4,675.4, 675.40,675.4,675.4,58176,392.92,515, 58176, 100.00
TANTIACONS, BZ, 02-Dec-2020,1.3,1.35,1.35,1.3, 1.35,1.35,1.35,4011,0.05,14, -, -
TARMAT, EQ, 02-Dec-2020,38.65,38.55,39.35,37.45, 38.70,38.35,38.42,18599,7.15,122, 17859, 96.02
TASTYBITE, EQ, 02-Dec-2020,11288.95,11390.0,11390.0,11106.0, 11180.00,11169.95,11210.94,1200,134.53,507, 528, 44.00
TATACAPHSG, N4, 02-Dec-2020,1065.0,1070.0,1070.0,1070.0, 1070.00,1070.0,1070.0,5,0.05,2, 5, 100.00
TATACHEM, EQ, 02-Dec-2020,404.95,408.55,430.0,404.0, 428.00,427.35,422.6,12177480,51461.61,102977, 2436150, 20.01
TATACOFFEE, EQ, 02-Dec-2020,105.25,106.15,108.7,105.5, 108.30,107.6,107.33,2228552,2391.96,15120, 822755, 36.92
TATACOMM, EQ, 02-Dec-2020,1038.95,1046.0,1068.0,1035.0, 1039.90,1051.05,1051.0,146526,1539.99,8797, 59185, 40.39
TATACONSUM, EQ, 02-Dec-2020,529.3,532.0,541.8,530.1, 538.35,539.25,537.7,3694795,19866.98,57247, 1335139, 36.14
TATAELXSI, EQ, 02-Dec-2020,1628.6,1628.0,1697.0,1606.0, 1690.10,1684.3,1657.72,493488,8180.66,25505, 127858, 25.91
TATAINVEST, EQ, 02-Dec-2020,945.75,950.4,987.55,940.15, 952.35,956.95,963.45,52650,507.26,4282, 12118, 23.02
TATAMETALI, EQ, 02-Dec-2020,620.85,625.9,662.9,600.0, 602.00,602.85,628.71,773674,4864.19,26543, 285961, 36.96
TATAMOTORS, EQ, 02-Dec-2020,179.75,184.0,187.35,181.1, 183.30,183.6,184.35,88107889,162429.25,311386, 9040666, 10.26
TATAMTRDVR, EQ, 02-Dec-2020,78.1,80.15,81.25,77.8, 78.30,78.6,79.45,9010259,7158.48,39928, 3959715, 43.95
TATAPOWER, EQ, 02-Dec-2020,68.85,69.5,69.65,66.7, 67.90,67.95,68.11,46261091,31509.35,94970, 8973653, 19.40
TATASTEEL, EQ, 02-Dec-2020,585.8,585.7,607.6,584.05, 603.50,604.35,599.82,24997085,149937.32,244452, 3185073, 12.74
TATASTLBSL, EQ, 02-Dec-2020,36.0,36.25,37.6,36.0, 37.15,37.1,36.96,6167452,2279.22,10006, 2634641, 42.72
TATASTLLP, EQ, 02-Dec-2020,526.05,549.0,578.65,540.0, 554.00,553.7,563.27,465111,2619.82,12673, 131420, 28.26
TATASTLPP, E1, 02-Dec-2020,140.7,142.5,154.75,139.5, 153.95,153.65,150.63,2323463,3499.91,18021, 781206, 33.62
TBZ, EQ, 02-Dec-2020,44.85,44.85,46.55,43.7, 45.75,46.05,45.36,606915,275.31,3505, 296918, 48.92
TCFSL, NB, 02-Dec-2020,1029.76,1030.05,1031.0,1030.0, 1030.06,1030.06,1030.32,886,9.13,25, 668, 75.40
TCFSL, ND, 02-Dec-2020,1086.0,1087.0,1091.0,1085.5, 1091.00,1091.0,1088.74,534,5.81,21, 368, 68.91
TCFSL, NH, 02-Dec-2020,1040.12,1042.0,1042.0,1036.05, 1041.00,1041.0,1039.47,1115,11.59,20, 1015, 91.03
TCFSL, NJ, 02-Dec-2020,1075.0,1075.01,1075.01,1070.0, 1070.00,1070.0,1070.92,1000,10.71,10, 1000, 100.00
TCFSL, NN, 02-Dec-2020,1121.0,1119.0,1119.0,1119.0, 1119.00,1119.0,1119.0,1,0.01,1, 1, 100.00
TCI, EQ, 02-Dec-2020,252.85,252.85,253.9,249.5, 252.00,250.95,251.26,15960,40.1,1321, 8751, 54.83
TCIDEVELOP, EQ, 02-Dec-2020,306.4,300.95,329.0,295.0, 315.00,315.0,305.92,899,2.75,136, 396, 44.05
TCIEXP, EQ, 02-Dec-2020,873.55,875.0,883.95,853.55, 866.00,863.3,866.38,35574,308.21,3299, 21706, 61.02
TCNSBRANDS, EQ, 02-Dec-2020,404.6,410.0,410.3,398.5, 401.20,401.5,403.1,13184,53.14,870, 9334, 70.80
TCPLPACK, EQ, 02-Dec-2020,372.9,378.7,378.95,369.95, 377.70,376.55,375.87,3013,11.33,285, 1471, 48.82
TCS, EQ, 02-Dec-2020,2726.8,2719.0,2754.7,2702.45, 2745.50,2749.55,2727.49,2509032,68433.51,106756, 1153028, 45.96
TDPOWERSYS, EQ, 02-Dec-2020,127.25,125.85,128.95,125.15, 126.00,126.1,126.77,54806,69.48,775, 40978, 74.77
TEAMLEASE, EQ, 02-Dec-2020,2671.95,2651.0,2669.8,2602.5, 2633.70,2647.0,2646.59,23156,612.84,3224, 7090, 30.62
TECHM, EQ, 02-Dec-2020,907.3,897.05,912.5,887.2, 906.10,908.7,899.04,5516684,49597.0,134449, 1799313, 32.62
TECHNOE, EQ, 02-Dec-2020,218.0,217.95,218.0,214.2, 216.75,215.95,216.96,28324,61.45,444, 24328, 85.89
TECHNOFAB, BZ, 02-Dec-2020,8.85,8.65,9.25,8.65, 9.25,9.25,9.1,6730,0.61,30, -, -
TEJASNET, EQ, 02-Dec-2020,107.95,108.7,113.3,108.65, 113.30,113.3,112.64,668242,752.69,2541, 319191, 47.77
TERASOFT, EQ, 02-Dec-2020,30.65,31.3,31.35,29.65, 30.35,30.3,30.33,24367,7.39,379, 14021, 57.54
TEXINFRA, EQ, 02-Dec-2020,38.65,38.8,39.55,38.0, 38.50,38.65,38.66,125485,48.51,568, 96158, 76.63
TEXMOPIPES, EQ, 02-Dec-2020,21.6,22.2,22.2,20.45, 21.30,21.5,21.36,115577,24.68,698, 63847, 55.24
TEXRAIL, EQ, 02-Dec-2020,26.95,27.15,27.65,26.55, 27.10,27.2,27.14,796410,216.13,2782, 470067, 59.02
TFCILTD, EQ, 02-Dec-2020,42.65,43.0,44.8,42.1, 43.90,43.95,43.84,1538597,674.46,5203, 588799, 38.27
TGBHOTELS, EQ, 02-Dec-2020,5.1,5.25,5.35,5.0, 5.20,5.15,5.18,14085,0.73,57, 9817, 69.70
THANGAMAYL, EQ, 02-Dec-2020,450.05,453.4,472.0,446.6, 467.15,467.05,460.42,64039,294.85,3066, 36559, 57.09
THEINVEST, EQ, 02-Dec-2020,129.55,133.0,134.9,127.1, 131.80,131.6,131.41,5045,6.63,99, 3603, 71.42
THEJO, SM, 02-Dec-2020,1225.0,1190.0,1190.0,1190.0, 1190.00,1190.0,1190.0,100,1.19,1, 100, 100.00
THEMISMED, EQ, 02-Dec-2020,353.8,352.95,367.0,352.95, 362.40,361.2,360.53,20261,73.05,811, 14608, 72.10
THERMAX, EQ, 02-Dec-2020,896.35,900.7,913.95,874.0, 905.20,894.8,891.79,61088,544.78,4176, 18155, 29.72
THOMASCOOK, EQ, 02-Dec-2020,49.6,52.05,52.05,52.05, 52.05,52.05,52.05,399696,208.04,857, 399685, 100.00
THOMASCOTT, BE, 02-Dec-2020,5.55,5.8,5.8,5.8, 5.80,5.8,5.8,500,0.03,1, -, -
THYROCARE, EQ, 02-Dec-2020,1071.8,1078.35,1080.25,1045.0, 1059.00,1052.45,1059.9,62354,660.89,4467, 25768, 41.33
TI, EQ, 02-Dec-2020,17.8,18.0,18.7,17.55, 18.30,18.35,18.21,186887,34.03,588, 106858, 57.18
TIDEWATER, EQ, 02-Dec-2020,4419.1,4440.9,4440.9,4373.8, 4396.90,4387.75,4403.05,2744,120.82,577, 1865, 67.97
TIIL, EQ, 02-Dec-2020,311.8,314.9,314.9,304.75, 308.00,308.5,308.77,5908,18.24,250, 3511, 59.43
TIINDIA, EQ, 02-Dec-2020,809.8,810.0,833.9,802.5, 830.40,828.9,819.56,1300086,10654.99,9913, 1210250, 93.09
TIJARIA, EQ, 02-Dec-2020,7.3,7.45,7.5,7.0, 7.35,7.15,7.13,18350,1.31,44, 13110, 71.44
TIL, EQ, 02-Dec-2020,161.2,167.0,175.4,164.9, 168.45,167.9,169.89,45522,77.34,1583, 23295, 51.17
TIMESGTY, EQ, 02-Dec-2020,28.6,29.8,30.0,27.3, 30.00,29.7,28.59,10464,2.99,79, 4682, 44.74
TIMETECHNO, EQ, 02-Dec-2020,46.35,46.8,49.25,46.1, 46.70,46.75,47.69,2261759,1078.73,6466, 1175216, 51.96
TIMKEN, EQ, 02-Dec-2020,1188.6,1188.0,1195.8,1166.55, 1174.80,1173.65,1174.36,12115,142.27,1628, 6472, 53.42
TINPLATE, EQ, 02-Dec-2020,149.7,150.9,153.6,146.05, 148.95,148.85,150.66,1255858,1892.09,15247, 353462, 28.15
TIPSINDLTD, EQ, 02-Dec-2020,263.95,261.2,267.95,260.4, 261.00,261.85,264.09,7334,19.37,315, 4390, 59.86
TIRUMALCHM, EQ, 02-Dec-2020,99.3,102.0,105.9,98.5, 104.35,104.55,102.73,1695718,1741.95,13084, 689813, 40.68
TIRUPATIFL, BE, 02-Dec-2020,25.9,25.1,25.85,25.1, 25.85,25.85,25.71,534,0.14,2, -, -
TITAN, EQ, 02-Dec-2020,1341.1,1347.95,1392.05,1343.5, 1386.25,1389.0,1372.59,2969071,40753.22,89002, 750247, 25.27
TMRVL, EQ, 02-Dec-2020,11.6,12.15,12.15,12.15, 12.15,12.15,12.15,46761,5.68,105, 46761, 100.00
TNPETRO, EQ, 02-Dec-2020,40.45,40.6,44.0,40.45, 42.00,42.2,42.53,1882382,800.55,7702, 589460, 31.31
TNPL, EQ, 02-Dec-2020,112.15,112.9,113.5,111.65, 112.00,111.95,112.37,103911,116.77,1662, 42244, 40.65
TNTELE, BE, 02-Dec-2020,1.5,1.5,1.55,1.5, 1.50,1.5,1.5,5629,0.08,9, -, -
TOKYOPLAST, EQ, 02-Dec-2020,70.85,71.0,72.0,68.0, 68.05,68.6,70.2,9687,6.8,286, 8022, 82.81
TORNTPHARM, EQ, 02-Dec-2020,2653.6,2659.0,2700.0,2644.6, 2691.00,2690.05,2675.87,358201,9584.98,24482, 138297, 38.61
TORNTPOWER, EQ, 02-Dec-2020,317.2,318.7,320.0,313.0, 316.00,315.0,316.0,1224098,3868.13,15905, 343443, 28.06
TOTAL, EQ, 02-Dec-2020,66.15,67.5,69.3,64.3, 68.00,67.3,67.75,49974,33.86,458, 35670, 71.38
TOUCHWOOD, EQ, 02-Dec-2020,50.05,50.05,52.0,48.05, 50.40,49.6,50.23,17951,9.02,96, 10340, 57.60
TPLPLASTEH, EQ, 02-Dec-2020,155.15,155.5,159.2,151.95, 156.15,158.2,157.24,88665,139.42,1041, 50807, 57.30
TREEHOUSE, EQ, 02-Dec-2020,6.05,5.8,6.1,5.75, 5.75,5.75,5.78,268851,15.53,320, 194355, 72.29
TREJHARA, EQ, 02-Dec-2020,35.0,36.75,36.75,36.75, 36.75,36.75,36.75,6990,2.57,35, 6980, 99.86
TRENT, EQ, 02-Dec-2020,715.5,714.0,717.5,685.0, 692.70,691.25,695.83,1483703,10324.03,48168, 761886, 51.35
TRF, EQ, 02-Dec-2020,87.9,91.0,91.8,86.0, 89.70,89.05,89.81,32503,29.19,808, 21239, 65.34
TRIDENT, EQ, 02-Dec-2020,7.95,8.0,8.35,7.95, 8.30,8.2,8.13,16704013,1358.65,22439, 8254051, 49.41
TRIGYN, EQ, 02-Dec-2020,68.65,69.4,70.0,65.25, 65.45,65.4,66.27,154556,102.43,1297, 108335, 70.09
TRIL, EQ, 02-Dec-2020,13.2,14.8,15.8,14.0, 15.80,15.8,15.46,2337160,361.22,3344, 1099963, 47.06
TRITURBINE, EQ, 02-Dec-2020,76.85,78.0,81.95,76.15, 79.85,79.45,80.17,491524,394.05,4749, 163798, 33.32
TRIVENI, EQ, 02-Dec-2020,71.35,72.0,72.5,69.6, 70.45,70.6,71.22,369506,263.16,2764, 215010, 58.19
TTKHLTCARE, EQ, 02-Dec-2020,487.8,491.5,498.95,485.0, 485.50,487.15,492.09,2549,12.54,200, 1781, 69.87
TTKPRESTIG, EQ, 02-Dec-2020,5823.65,5791.15,5824.8,5750.5, 5769.00,5761.7,5780.68,10507,607.38,1621, 6433, 61.23
TTL, EQ, 02-Dec-2020,44.15,45.45,45.5,42.55, 43.95,43.95,43.86,22701,9.96,473, 11065, 48.74
TTML, BE, 02-Dec-2020,7.0,6.95,7.2,6.65, 7.05,6.9,6.87,2296320,157.69,4468, -, -
TV18BRDCST, EQ, 02-Dec-2020,31.45,31.65,32.6,31.25, 32.10,32.1,32.1,11040742,3543.63,14900, 4413262, 39.97
TVSELECT, EQ, 02-Dec-2020,103.15,103.95,105.0,101.65, 101.85,102.75,103.31,67714,69.95,1041, 35870, 52.97
TVSMOTOR, EQ, 02-Dec-2020,500.35,505.0,508.9,485.15, 488.55,488.35,496.29,4884416,24240.82,49407, 1027401, 21.03
TVSSRICHAK, EQ, 02-Dec-2020,1576.3,1576.3,1598.0,1545.0, 1575.00,1584.65,1576.29,6868,108.26,1347, 3117, 45.38
TVTODAY, EQ, 02-Dec-2020,207.15,208.85,219.9,208.3, 218.50,217.9,215.91,287417,620.57,5220, 140395, 48.85
TVVISION, EQ, 02-Dec-2020,1.25,1.3,1.3,1.3, 1.30,1.3,1.3,615,0.01,10, 565, 91.87
TWL, EQ, 02-Dec-2020,47.15,46.9,48.65,46.85, 47.80,47.65,47.73,544263,259.77,3336, 238491, 43.82
UBL, EQ, 02-Dec-2020,1088.4,1083.5,1095.2,1061.0, 1067.65,1068.8,1076.85,850673,9160.45,30071, 296332, 34.84
UCALFUEL, EQ, 02-Dec-2020,126.85,128.0,128.0,123.6, 125.40,124.9,125.53,28381,35.63,614, 15725, 55.41
UCOBANK, EQ, 02-Dec-2020,12.4,12.5,12.55,12.3, 12.35,12.4,12.44,2019909,251.38,2247, 959891, 47.52
UFLEX, EQ, 02-Dec-2020,361.45,365.0,372.95,360.45, 365.30,365.0,367.54,370329,1361.1,9070, 128837, 34.79
UFO, EQ, 02-Dec-2020,79.75,80.4,81.7,79.4, 79.80,80.1,80.46,291613,234.64,2943, 157294, 53.94
UGARSUGAR, EQ, 02-Dec-2020,14.8,14.7,14.75,14.55, 14.55,14.6,14.63,35689,5.22,226, 23164, 64.91
UJAAS, EQ, 02-Dec-2020,3.0,3.0,3.0,2.9, 3.00,3.0,2.97,993893,29.53,770, 800064, 80.50
UJJIVAN, EQ, 02-Dec-2020,283.45,284.9,288.55,281.5, 285.30,285.45,285.02,357810,1019.85,6547, 152068, 42.50
UJJIVANSFB, EQ, 02-Dec-2020,38.05,38.5,38.85,37.8, 37.95,37.95,38.05,946728,360.24,4070, 589528, 62.27
ULTRACEMCO, EQ, 02-Dec-2020,4910.5,4910.5,4997.25,4872.8, 4925.00,4933.1,4933.38,696234,34347.84,52230, 306941, 44.09
UMANGDAIRY, EQ, 02-Dec-2020,50.9,52.8,52.8,46.8, 48.25,48.15,48.62,81358,39.55,1237, 50326, 61.86
UMESLTD, EQ, 02-Dec-2020,1.3,1.25,1.35,1.25, 1.25,1.25,1.3,8951,0.12,25, 7941, 88.72
UNICHEMLAB, EQ, 02-Dec-2020,259.85,260.7,260.7,251.5, 253.10,253.4,255.26,53771,137.26,2092, 33179, 61.70
UNIDT, EQ, 02-Dec-2020,260.0,259.95,284.0,255.45, 280.70,279.25,274.72,80183,220.28,1258, 41956, 52.33
UNIENTER, EQ, 02-Dec-2020,61.1,61.35,62.4,59.5, 61.10,61.85,61.4,9013,5.53,140, 5138, 57.01
UNIINFO, SM, 02-Dec-2020,16.5,17.3,17.3,17.3, 17.30,17.3,17.3,2000,0.35,1, 2000, 100.00
UNIONBANK, EQ, 02-Dec-2020,28.9,29.25,29.75,29.0, 29.45,29.4,29.36,10974145,3221.66,15417, 2827860, 25.77
UNITECH, BZ, 02-Dec-2020,1.45,1.45,1.5,1.4, 1.50,1.5,1.48,2442562,36.14,692, -, -
UNITEDTEA, EQ, 02-Dec-2020,322.4,321.65,327.85,282.05, 323.00,321.2,319.36,13808,44.1,214, 10658, 77.19
UNITY, BZ, 02-Dec-2020,1.2,1.2,1.2,1.2, 1.20,1.2,1.2,8851,0.11,7, -, -
UNIVASTU, EQ, 02-Dec-2020,31.85,31.15,31.8,31.05, 31.80,31.8,31.62,677,0.21,23, 409, 60.41
UNIVCABLES, EQ, 02-Dec-2020,144.05,145.3,148.8,142.25, 142.25,143.3,144.94,30253,43.85,623, 16460, 54.41
UNIVPHOTO, EQ, 02-Dec-2020,186.35,190.95,190.95,181.0, 185.00,184.8,183.22,2375,4.35,189, 2008, 84.55
UPL, EQ, 02-Dec-2020,433.05,442.75,447.0,437.45, 441.50,441.95,442.41,14187495,62766.93,145428, 4101496, 28.91
URJA, EQ, 02-Dec-2020,3.65,3.8,3.8,3.8, 3.80,3.8,3.8,979749,37.23,640, 979749, 100.00
USHAMART, EQ, 02-Dec-2020,25.3,25.3,26.15,24.95, 25.85,25.8,25.55,890323,227.49,1647, 492152, 55.28
UTIAMC, EQ, 02-Dec-2020,551.15,551.15,553.0,536.0, 539.75,539.2,545.19,403300,2198.74,8261, 265593, 65.85
UTIBANKETF, EQ, 02-Dec-2020,299.0,298.15,299.62,292.7, 294.27,296.06,296.47,219,0.65,39, 199, 90.87
UTIFEFRGR5, MF, 02-Dec-2020,10.55,10.68,10.68,10.6, 10.61,10.61,10.63,18100,1.92,4, 17100, 94.48
UTINEXT50, EQ, 02-Dec-2020,316.0,318.0,320.0,317.7, 317.70,317.79,318.09,396,1.26,14, 364, 91.92
UTINIFTETF, EQ, 02-Dec-2020,1400.0,1395.65,1400.0,1383.55, 1399.80,1399.8,1389.14,1606,22.31,44, 1555, 96.82
UTISENSETF, EQ, 02-Dec-2020,475.48,475.25,476.75,473.0, 476.75,476.69,475.96,836,3.98,37, 781, 93.42
UTISXN50, EQ, 02-Dec-2020,336.9,328.33,344.9,327.34, 327.60,327.6,335.8,38,0.13,19, 26, 68.42
UTTAMSTL, EQ, 02-Dec-2020,6.65,6.8,6.85,6.6, 6.60,6.6,6.69,160981,10.78,291, 132938, 82.58
UTTAMSUGAR, EQ, 02-Dec-2020,96.15,97.5,97.5,93.7, 94.10,94.3,94.77,72062,68.29,1144, 39238, 54.45
V2RETAIL, EQ, 02-Dec-2020,88.85,92.45,93.25,91.85, 93.25,93.25,93.2,234039,218.12,638, 203018, 86.75
VADILALIND, EQ, 02-Dec-2020,807.95,798.8,818.0,796.15, 805.00,805.15,812.13,7006,56.9,204, 6438, 91.89
VAIBHAVGBL, EQ, 02-Dec-2020,2148.65,2165.0,2165.0,2121.0, 2140.00,2138.8,2144.98,8333,178.74,1892, 5672, 68.07
VAISHALI, EQ, 02-Dec-2020,33.5,34.0,34.3,33.25, 33.55,33.9,33.72,7838,2.64,197, 3354, 42.79
VAKRANGEE, EQ, 02-Dec-2020,42.7,44.05,51.2,44.05, 51.20,51.2,48.07,23787285,11435.63,47308, 11100689, 46.67
VALIANTORG, EQ, 02-Dec-2020,3085.6,3119.5,3148.9,3080.6, 3101.00,3105.3,3109.05,5576,173.36,963, 4016, 72.02
VARDHACRLC, EQ, 02-Dec-2020,30.7,30.7,31.25,30.6, 30.80,30.7,30.91,51284,15.85,183, 33953, 66.21
VARDMNPOLY, EQ, 02-Dec-2020,7.95,8.45,8.5,7.8, 8.05,8.1,8.23,19332,1.59,76, 14636, 75.71
VARROC, EQ, 02-Dec-2020,408.05,410.8,411.85,392.0, 402.00,400.1,398.67,289919,1155.82,9831, 135028, 46.57
VASA, SM, 02-Dec-2020,5.0,5.2,5.2,5.2, 5.20,5.2,5.2,4000,0.21,1, 4000, 100.00
VASCONEQ, EQ, 02-Dec-2020,14.4,14.25,14.45,13.5, 13.90,13.85,13.79,891709,122.97,1322, 469641, 52.67
VASWANI, EQ, 02-Dec-2020,4.45,4.55,4.65,4.25, 4.65,4.55,4.42,17504,0.77,39, 11971, 68.39
VBL, EQ, 02-Dec-2020,835.6,835.6,885.0,823.0, 866.10,870.3,852.25,446312,3803.68,17396, 182494, 40.89
VEDL, EQ, 02-Dec-2020,121.55,122.15,126.8,122.0, 124.00,124.15,124.3,39093643,48593.6,129279, 8992753, 23.00
VENKEYS, EQ, 02-Dec-2020,1682.05,1693.0,1693.0,1655.0, 1665.00,1666.55,1669.79,45824,765.16,4158, 17512, 38.22
VENUSREM, EQ, 02-Dec-2020,136.3,140.0,142.0,135.35, 140.65,140.1,139.14,74362,103.47,824, 53850, 72.42
VERTOZ, EQ, 02-Dec-2020,180.4,180.0,183.35,176.0, 176.00,176.4,178.82,53081,94.92,739, 32789, 61.77
VESUVIUS, EQ, 02-Dec-2020,979.7,990.0,997.95,965.25, 995.00,981.7,987.34,10887,107.49,673, 9128, 83.84
VETO, EQ, 02-Dec-2020,67.85,68.8,74.6,67.05, 74.60,74.6,73.01,335180,244.7,1612, 221520, 66.09
VGUARD, EQ, 02-Dec-2020,189.4,191.0,196.0,187.4, 192.60,192.9,192.52,1524545,2935.08,22337, 641457, 42.08
VHL, EQ, 02-Dec-2020,1339.4,1300.6,1357.65,1300.5, 1354.00,1337.6,1332.82,224,2.99,82, 104, 46.43
VICEROY, BE, 02-Dec-2020,2.5,2.55,2.55,2.4, 2.50,2.5,2.51,22108,0.55,45, -, -
VIDEOIND, BZ, 02-Dec-2020,6.3,6.6,6.6,6.6, 6.60,6.6,6.6,39339,2.6,83, -, -
VIDHIING, EQ, 02-Dec-2020,121.85,121.85,122.45,114.5, 115.25,115.35,115.79,282109,326.67,4598, 218798, 77.56
VIJIFIN, EQ, 02-Dec-2020,0.5,0.5,0.5,0.45, 0.50,0.5,0.48,84288,0.4,64, 49174, 58.34
VIKASECO, EQ, 02-Dec-2020,4.95,4.75,5.05,4.75, 4.75,4.75,4.8,3036949,145.67,1222, 1316369, 43.35
VIKASMCORP, EQ, 02-Dec-2020,7.7,7.35,8.05,7.35, 7.85,7.55,7.75,18531970,1436.81,15495, 8595388, 46.38
VIKASPROP, EQ, 02-Dec-2020,2.6,2.7,2.7,2.6, 2.70,2.7,2.68,2365573,63.47,827, 957647, 40.48
VIKASWSP, EQ, 02-Dec-2020,4.4,4.4,4.8,4.35, 4.80,4.8,4.61,725503,33.47,894, 565861, 78.00
VIMTALABS, EQ, 02-Dec-2020,141.85,147.8,148.9,145.0, 147.30,147.7,147.11,112713,165.81,1857, 86990, 77.18
VINATIORGA, EQ, 02-Dec-2020,1175.0,1188.5,1188.5,1137.95, 1151.00,1142.65,1162.29,172610,2006.23,8056, 117582, 68.12
VINDHYATEL, EQ, 02-Dec-2020,795.5,805.0,853.65,793.65, 826.00,824.2,831.76,79526,661.47,4393, 47434, 59.65
VINYLINDIA, EQ, 02-Dec-2020,104.2,105.5,111.0,102.65, 111.00,109.3,108.03,248415,268.37,2605, 175148, 70.51
VIPCLOTHNG, EQ, 02-Dec-2020,10.35,10.45,10.7,10.3, 10.60,10.55,10.55,51589,5.44,175, 41588, 80.61
VIPIND, EQ, 02-Dec-2020,362.6,362.9,366.0,358.0, 363.50,363.15,362.18,299587,1085.05,8353, 139844, 46.68
VIPULLTD, EQ, 02-Dec-2020,15.85,16.5,17.6,16.0, 17.20,17.0,16.8,46924,7.89,317, 33026, 70.38
VISAKAIND, EQ, 02-Dec-2020,371.35,372.65,378.8,369.1, 371.05,372.25,373.91,42139,157.56,1911, 21747, 51.61
VISASTEEL, EQ, 02-Dec-2020,5.85,5.95,6.1,5.95, 6.10,6.1,6.06,28887,1.75,106, 22108, 76.53
VISHAL, EQ, 02-Dec-2020,110.2,108.0,108.0,108.0, 108.00,108.0,108.0,4674,5.05,117, 4674, 100.00
VISHNU, EQ, 02-Dec-2020,175.3,175.45,183.0,170.3, 181.15,181.25,179.09,15578,27.9,487, 10143, 65.11
VISHWARAJ, EQ, 02-Dec-2020,124.7,124.7,126.5,123.0, 125.00,124.85,124.55,4322,5.38,93, 3855, 89.19
VIVIDHA, EQ, 02-Dec-2020,0.45,0.45,0.45,0.4, 0.45,0.45,0.43,1055463,4.53,231, 369198, 34.98
VIVIMEDLAB, EQ, 02-Dec-2020,16.7,16.9,17.25,16.9, 17.00,16.95,17.04,160069,27.27,484, 124299, 77.65
VLSFINANCE, EQ, 02-Dec-2020,71.15,70.55,73.35,68.1, 72.10,72.5,70.86,172729,122.39,1393, 111362, 64.47
VMART, EQ, 02-Dec-2020,2205.85,2200.5,2240.0,2180.0, 2215.00,2218.0,2212.46,11134,246.34,3238, 6234, 55.99
VOLTAMP, EQ, 02-Dec-2020,1170.75,1176.5,1200.0,1172.0, 1184.00,1185.95,1182.26,20360,240.71,1443, 16163, 79.39
VOLTAS, EQ, 02-Dec-2020,794.5,794.0,810.3,790.1, 802.20,802.15,801.28,1847689,14805.14,30591, 435443, 23.57
VRLLOG, EQ, 02-Dec-2020,179.4,181.4,184.0,179.6, 180.25,180.95,181.75,214494,389.83,4305, 120230, 56.05
VSSL, EQ, 02-Dec-2020,103.9,107.0,107.0,103.15, 105.65,105.1,105.2,26844,28.24,479, 23992, 89.38
VSTIND, EQ, 02-Dec-2020,3592.4,3600.0,3650.0,3590.1, 3625.00,3621.75,3610.84,3813,137.68,916, 2334, 61.21
VSTTILLERS, EQ, 02-Dec-2020,1934.85,1942.0,1970.0,1910.0, 1918.00,1919.25,1929.11,12278,236.86,1860, 8135, 66.26
VTL, EQ, 02-Dec-2020,858.0,865.15,884.8,861.8, 870.50,869.85,872.13,68013,593.16,5686, 45658, 67.13
WABAG, EQ, 02-Dec-2020,196.3,196.3,209.9,196.05, 207.80,207.15,205.41,1177048,2417.77,17241, 453284, 38.51
WABCOINDIA, EQ, 02-Dec-2020,5818.9,5869.0,6140.0,5761.2, 5870.00,5851.55,5898.99,13026,768.4,2923, 2551, 19.58
WALCHANNAG, EQ, 02-Dec-2020,58.05,58.05,59.9,57.2, 58.00,58.35,58.65,211907,124.28,2396, 71037, 33.52
WANBURY, BE, 02-Dec-2020,36.55,37.6,37.6,36.0, 36.85,36.0,36.2,8357,3.03,43, -, -
WATERBASE, EQ, 02-Dec-2020,107.65,108.1,108.5,105.0, 106.05,105.8,106.46,152021,161.84,2322, 58577, 38.53
WEBELSOLAR, EQ, 02-Dec-2020,23.65,24.25,24.8,24.05, 24.80,24.8,24.68,153676,37.93,564, 126606, 82.39
WEIZMANIND, EQ, 02-Dec-2020,33.25,33.9,33.9,30.9, 32.00,32.55,32.78,12391,4.06,270, 5985, 48.30
WELCORP, EQ, 02-Dec-2020,125.65,126.6,128.0,122.8, 126.45,126.3,125.8,2033387,2558.04,14954, 798534, 39.27
WELENT, EQ, 02-Dec-2020,82.7,82.7,85.95,82.7, 83.55,83.55,83.72,248054,207.68,1548, 172050, 69.36
WELINV, EQ, 02-Dec-2020,296.1,290.05,298.95,290.05, 295.00,294.45,292.67,407,1.19,33, 304, 74.69
WELSPUNIND, EQ, 02-Dec-2020,67.2,67.2,68.05,65.8, 66.10,66.8,66.8,887207,592.69,5723, 473501, 53.37
WENDT, EQ, 02-Dec-2020,3252.95,3283.95,3283.95,3199.95, 3273.95,3232.9,3230.86,876,28.3,483, 193, 22.03
WESTLIFE, EQ, 02-Dec-2020,437.9,441.0,446.6,418.0, 425.40,426.55,430.67,215144,926.56,6623, 88876, 41.31
WHEELS, EQ, 02-Dec-2020,432.2,432.2,437.2,429.9, 435.00,433.65,433.55,5792,25.11,587, 3420, 59.05
WHIRLPOOL, EQ, 02-Dec-2020,2180.6,2198.85,2199.8,2125.55, 2166.00,2161.2,2162.51,51646,1116.85,5202, 18914, 36.62
WILLAMAGOR, EQ, 02-Dec-2020,18.4,19.1,19.3,18.15, 19.30,19.3,19.19,5677,1.09,56, 4857, 85.56
WINDMACHIN, EQ, 02-Dec-2020,15.3,15.7,16.05,14.75, 16.05,16.05,15.88,75725,12.03,266, 42372, 55.96
WIPL, BE, 02-Dec-2020,49.5,48.0,49.5,48.0, 48.00,48.0,48.04,150,0.07,3, -, -
WIPRO, EQ, 02-Dec-2020,352.85,354.45,360.3,354.2, 359.30,358.9,357.61,9434077,33737.39,76751, 3308017, 35.06
WOCKPHARMA, EQ, 02-Dec-2020,462.75,470.95,470.95,453.0, 455.50,457.35,460.65,507198,2336.42,12616, 217744, 42.93
WONDERLA, EQ, 02-Dec-2020,194.65,196.85,215.0,196.85, 210.05,210.55,207.88,613355,1275.03,12950, 168194, 27.42
WORTH, EQ, 02-Dec-2020,46.85,47.3,48.75,47.3, 47.65,47.95,48.18,25182,12.13,183, 22133, 87.89
WSI, EQ, 02-Dec-2020,3.05,3.05,3.2,3.05, 3.20,3.2,3.2,510,0.02,2, 510, 100.00
WSTCSTPAPR, EQ, 02-Dec-2020,164.25,165.7,165.7,161.55, 162.90,162.5,163.82,88021,144.19,1637, 54243, 61.63
XCHANGING, EQ, 02-Dec-2020,83.0,83.0,84.0,81.6, 84.00,83.15,82.9,285898,237.01,1350, 269356, 94.21
XELPMOC, EQ, 02-Dec-2020,243.2,242.0,249.85,239.0, 240.00,240.35,242.62,37888,91.92,1103, 25293, 66.76
XPROINDIA, BE, 02-Dec-2020,38.0,38.0,38.2,36.35, 37.95,37.6,37.25,5430,2.02,35, -, -
YESBANK, EQ, 02-Dec-2020,15.4,15.7,15.9,14.85, 15.45,15.45,15.35,311349886,47793.75,187537, 127569052, 40.97
ZEEL, EQ, 02-Dec-2020,195.65,195.6,200.0,193.85, 196.95,197.75,197.11,17412260,34322.14,78081, 3719230, 21.36
ZEEL, P2, 02-Dec-2020,3.9,3.9,3.95,3.85, 3.90,3.9,3.9,865234,33.73,77, 825976, 95.46
ZEELEARN, EQ, 02-Dec-2020,12.5,12.65,13.0,12.55, 12.65,12.65,12.81,1549978,198.49,2494, 863766, 55.73
ZEEMEDIA, EQ, 02-Dec-2020,4.9,4.95,5.0,4.8, 4.90,4.85,4.86,1399604,68.0,1201, 1053200, 75.25
ZENITHEXPO, EQ, 02-Dec-2020,46.9,47.95,48.25,45.6, 45.85,47.1,46.94,4568,2.14,93, 1747, 38.24
ZENSARTECH, EQ, 02-Dec-2020,227.6,228.0,234.6,220.5, 222.60,222.0,223.56,131023,292.92,4199, 76522, 58.40
ZENTEC, EQ, 02-Dec-2020,79.3,79.5,79.65,77.85, 78.35,78.15,78.58,131871,103.63,1581, 61783, 46.85
ZICOM, BZ, 02-Dec-2020,2.05,2.05,2.15,1.95, 1.95,1.95,1.96,102688,2.02,79, -, -
ZODIAC, SM, 02-Dec-2020,13.55,12.9,12.9,12.9, 12.90,12.9,12.9,16000,2.06,4, 16000, 100.00
ZODIACLOTH, EQ, 02-Dec-2020,99.9,99.95,100.05,97.5, 99.25,99.05,99.78,38177,38.09,547, 30411, 79.66
ZODJRDMKJ, EQ, 02-Dec-2020,24.6,25.0,25.35,23.9, 24.95,24.7,24.6,534,0.13,26, 227, 42.51
ZOTA, EQ, 02-Dec-2020,144.4,144.15,146.75,142.25, 142.25,143.25,144.2,12750,18.39,130, 1907, 14.96
ZUARI, EQ, 02-Dec-2020,88.45,90.65,96.0,87.55, 93.50,94.15,93.8,215317,201.96,1835, 135161, 62.77
ZUARIGLOB, EQ, 02-Dec-2020,57.4,58.5,62.0,58.05, 58.20,59.05,59.89,133282,79.82,1311, 61243, 45.95
ZYDUSWELL, EQ, 02-Dec-2020,1870.5,1870.5,1883.6,1812.0, 1829.00,1825.85,1839.78,47132,867.12,5777, 30508, 64.73
