SYMBOL, SERIES, DATE1, PREV_CLOSE, OPEN_PRICE, HIGH_PRICE, LOW_PRICE, LAST_PRICE, CLOSE_PRICE, AVG_PRICE, TTL_TRD_QNTY, TURNOVER_LACS, NO_OF_TRADES, DELIV_QTY, DELIV_PER
20MICRONS, EQ, 26-Feb-2020,33.5,33.9,33.9,33.0, 33.65,33.5,33.46,11548,3.86,266, 7137, 61.80
21STCENMGM, EQ, 26-Feb-2020,12.6,12.6,12.6,12.35, 12.35,12.35,12.35,780,0.1,17, 778, 99.74
3IINFOTECH, EQ, 26-Feb-2020,2.15,2.1,2.15,2.0, 2.05,2.05,2.07,1565461,32.47,582, 960870, 61.38
3MINDIA, EQ, 26-Feb-2020,20881.25,20815.0,21100.0,20700.0, 20868.00,20771.6,20925.39,3205,670.66,1112, 2102, 65.59
3PLAND, EQ, 26-Feb-2020,4.75,4.95,4.95,4.6, 4.60,4.65,4.75,3502,0.17,18, 3266, 93.26
5PAISA, EQ, 26-Feb-2020,173.45,165.05,177.9,161.0, 166.70,165.75,166.52,14956,24.91,439, 9462, 63.27
63MOONS, EQ, 26-Feb-2020,94.85,93.5,98.1,93.15, 94.10,94.25,95.23,95532,90.98,1839, 36559, 38.27
762GS2039, GS, 26-Feb-2020,101.43,106.5,106.5,106.5, 106.50,106.5,106.5,700,0.75,16, 700, 100.00
763GS2059, GS, 26-Feb-2020,107.0,110.1,110.1,110.1, 110.10,110.1,110.1,100,0.11,2, 100, 100.00
824GS2027, GS, 26-Feb-2020,104.0,104.0,104.0,104.0, 104.00,104.0,104.0,100,0.1,3, 100, 100.00
A2ZINFRA, EQ, 26-Feb-2020,4.7,4.45,4.85,4.4, 4.50,4.6,4.73,370494,17.52,446, 252663, 68.20
AARON, SM, 26-Feb-2020,49.4,49.1,49.1,49.1, 49.10,49.1,49.1,3300,1.62,1, 3300, 100.00
AARTIDRUGS, EQ, 26-Feb-2020,677.75,679.95,764.8,665.55, 749.00,747.0,731.77,328446,2403.46,17916, 94058, 28.64
AARTIIND, EQ, 26-Feb-2020,1019.95,1019.95,1027.0,995.95, 998.00,999.7,1015.11,342707,3478.86,12168, 232615, 67.88
AARVEEDEN, EQ, 26-Feb-2020,13.25,13.05,13.05,12.5, 12.60,12.65,12.77,4729,0.6,56, 2884, 60.99
AARVI, SM, 26-Feb-2020,23.15,22.55,22.55,22.5, 22.50,22.5,22.52,6000,1.35,3, 4000, 66.67
AAVAS, EQ, 26-Feb-2020,1913.8,1903.0,1944.85,1875.0, 1900.00,1903.75,1908.36,32924,628.31,3990, 18273, 55.50
ABAN, EQ, 26-Feb-2020,22.5,22.8,22.8,21.55, 22.00,22.2,22.22,45187,10.04,447, 29200, 64.62
ABB, EQ, 26-Feb-2020,1200.2,1195.0,1212.35,1190.0, 1200.00,1201.4,1202.29,25367,304.99,2002, 9992, 39.39
ABBOTINDIA, EQ, 26-Feb-2020,16202.65,16201.0,16499.0,15950.0, 16336.00,16237.1,16199.0,14286,2314.19,4981, 5282, 36.97
ABCAPITAL, EQ, 26-Feb-2020,84.4,84.0,85.4,82.95, 83.05,83.2,83.91,1274174,1069.17,14034, 595915, 46.77
ABFRL, EQ, 26-Feb-2020,267.3,266.5,266.5,260.0, 263.00,262.4,262.69,605177,1589.73,25776, 344257, 56.89
ABSLBANETF, EQ, 26-Feb-2020,305.57,302.85,302.85,302.85, 302.85,302.85,302.85,1,0.0,1, 1, 100.00
ABSLFTSGRN, MF, 26-Feb-2020,10.2,10.3,10.3,10.3, 10.30,10.3,10.3,2000,0.21,2, 2000, 100.00
ABSLNN50ET, EQ, 26-Feb-2020,283.85,281.07,281.07,276.34, 276.34,277.37,279.81,45,0.13,7, 43, 95.56
ACC, EQ, 26-Feb-2020,1401.1,1399.0,1418.7,1387.35, 1404.00,1399.5,1405.03,886570,12456.61,23267, 185921, 20.97
ACCELYA, EQ, 26-Feb-2020,1068.95,1068.95,1083.0,1068.0, 1080.00,1079.45,1077.63,13717,147.82,1119, 8312, 60.60
ACCURACY, SM, 26-Feb-2020,21.5,20.45,21.45,20.45, 21.45,21.45,21.35,97600,20.84,14, 94400, 96.72
ACE, EQ, 26-Feb-2020,71.75,71.5,74.75,70.1, 72.00,71.05,71.99,264451,190.37,2628, 80394, 30.40
ADANIENT, EQ, 26-Feb-2020,246.45,244.0,246.3,241.0, 241.40,242.8,244.05,2897390,7070.99,17903, 374678, 12.93
ADANIGAS, EQ, 26-Feb-2020,154.65,152.9,159.7,148.1, 148.70,149.0,152.55,4322437,6593.94,24758, 2278409, 52.71
ADANIGREEN, EQ, 26-Feb-2020,180.55,175.55,177.85,171.55, 171.55,171.55,173.74,996786,1731.83,23285, 485573, 48.71
ADANIPORTS, EQ, 26-Feb-2020,358.4,356.9,362.5,352.9, 357.60,358.4,357.72,4164401,14897.01,40532, 2054053, 49.32
ADANIPOWER, EQ, 26-Feb-2020,56.05,55.55,56.15,53.8, 54.30,54.45,54.95,9107030,5004.47,12907, 1942086, 21.33
ADANITRANS, EQ, 26-Feb-2020,288.9,285.0,286.0,261.25, 264.20,263.95,270.25,354124,957.02,15065, 196608, 55.52
ADFFOODS, EQ, 26-Feb-2020,291.75,292.0,294.95,286.1, 291.40,290.0,289.51,12209,35.35,374, 8666, 70.98
ADHUNIKIND, EQ, 26-Feb-2020,35.45,34.85,36.1,34.75, 35.80,35.8,35.79,31748,11.36,119, 17193, 54.15
ADLABS, BE, 26-Feb-2020,3.75,3.75,3.85,3.65, 3.75,3.8,3.75,26501,0.99,107, -, -
ADORWELD, EQ, 26-Feb-2020,314.85,314.1,316.05,309.2, 312.55,312.35,313.2,2954,9.25,179, 1771, 59.95
ADROITINFO, BE, 26-Feb-2020,5.75,5.75,6.0,5.7, 6.00,6.0,5.76,800,0.05,4, -, -
ADSL, BE, 26-Feb-2020,20.15,20.05,20.45,19.5, 20.45,19.55,19.74,21315,4.21,80, -, -
ADVANIHOTR, EQ, 26-Feb-2020,54.1,53.15,55.45,53.1, 53.55,53.75,53.89,9271,5.0,138, 6023, 64.97
ADVENZYMES, EQ, 26-Feb-2020,160.6,161.3,164.8,158.15, 160.65,160.65,162.5,62338,101.3,1675, 37458, 60.09
AEGISCHEM, EQ, 26-Feb-2020,239.75,239.95,248.0,237.2, 243.30,239.85,242.69,216287,524.91,4217, 90186, 41.70
AFFLE, EQ, 26-Feb-2020,2115.65,2088.7,2169.0,2070.15, 2129.95,2128.8,2125.42,169645,3605.67,15372, 28899, 17.03
AGARIND, EQ, 26-Feb-2020,78.85,77.05,79.05,76.0, 77.10,77.1,77.06,2084,1.61,53, 1788, 85.80
AGCNET, EQ, 26-Feb-2020,434.8,456.5,456.5,413.1, 418.80,420.15,429.31,141897,609.18,3106, 87184, 61.44
AGRITECH, EQ, 26-Feb-2020,41.1,41.15,41.5,38.65, 40.00,39.65,39.99,15993,6.4,281, 8549, 53.45
AGROPHOS, EQ, 26-Feb-2020,13.5,12.85,14.15,12.85, 14.15,14.15,13.3,554440,73.74,1379, 381250, 68.76
AHLEAST, EQ, 26-Feb-2020,192.05,188.25,191.95,188.1, 188.55,189.9,191.12,2888,5.52,67, 2624, 90.86
AHLUCONT, EQ, 26-Feb-2020,334.2,340.0,348.7,326.25, 337.50,338.75,338.02,4991,16.87,479, 3038, 60.87
AHLWEST, EQ, 26-Feb-2020,367.6,355.8,367.9,341.25, 341.25,344.6,357.11,4133,14.76,470, 1782, 43.12
AIAENG, EQ, 26-Feb-2020,1762.45,1760.2,1772.9,1732.0, 1755.00,1744.65,1750.8,58662,1027.06,3073, 51259, 87.38
AIONJSW, EQ, 26-Feb-2020,14.1,14.0,14.4,13.5, 13.60,13.65,13.81,86275,11.92,257, 61108, 70.83
AIRAN, EQ, 26-Feb-2020,11.85,11.9,12.7,11.8, 12.50,12.5,12.28,5086,0.62,28, 4941, 97.15
AJANTPHARM, EQ, 26-Feb-2020,1419.75,1420.0,1434.0,1360.85, 1429.90,1414.0,1400.02,254445,3562.27,18957, 63100, 24.80
AJMERA, EQ, 26-Feb-2020,109.7,109.5,109.5,104.2, 106.00,104.6,105.63,50495,53.34,1157, 33140, 65.63
AJOONI, SM, 26-Feb-2020,10.9,11.0,11.0,10.45, 10.45,10.45,10.91,24000,2.62,4, 24000, 100.00
AKSHARCHEM, EQ, 26-Feb-2020,292.95,293.0,317.05,293.0, 300.00,298.8,305.89,15205,46.51,682, 7909, 52.02
AKSHOPTFBR, EQ, 26-Feb-2020,6.3,6.1,6.2,6.0, 6.10,6.05,6.08,151773,9.23,298, 82523, 54.37
AKZOINDIA, EQ, 26-Feb-2020,2307.4,2318.9,2320.05,2265.0, 2306.20,2304.15,2298.27,13439,308.87,2338, 6941, 51.65
ALANKIT, EQ, 26-Feb-2020,15.05,15.45,16.1,14.8, 16.00,15.95,15.63,536215,83.82,1160, 215399, 40.17
ALBERTDAVD, EQ, 26-Feb-2020,433.05,422.35,429.8,394.1, 421.90,417.5,417.72,7513,31.38,782, 3788, 50.42
ALBK, EQ, 26-Feb-2020,13.75,13.65,13.75,13.25, 13.60,13.55,13.61,543694,74.02,1692, 288141, 53.00
ALCHEM, BE, 26-Feb-2020,0.9,0.85,0.95,0.85, 0.90,0.9,0.86,87940,0.75,34, -, -
ALEMBICLTD, EQ, 26-Feb-2020,50.2,50.0,51.7,48.2, 48.75,48.85,49.78,115875,57.69,2367, 82084, 70.84
ALICON, EQ, 26-Feb-2020,335.2,335.2,347.45,324.0, 335.80,338.15,338.98,935,3.17,128, 773, 82.67
ALKALI, EQ, 26-Feb-2020,45.0,44.55,48.0,44.55, 46.50,46.55,46.81,14992,7.02,261, 8106, 54.07
ALKEM, EQ, 26-Feb-2020,2643.65,2640.0,2671.45,2606.4, 2640.20,2632.8,2637.74,35926,947.63,4727, 19046, 53.01
ALKYLAMINE, EQ, 26-Feb-2020,1650.75,1645.0,1774.0,1635.05, 1758.00,1747.3,1730.22,106871,1849.11,9326, 27084, 25.34
ALLCARGO, EQ, 26-Feb-2020,110.7,109.15,113.2,108.0, 109.00,109.25,110.17,157405,173.42,1986, 51734, 32.87
ALLSEC, EQ, 26-Feb-2020,271.3,269.3,278.9,261.05, 268.00,268.25,267.52,3562,9.53,108, 2710, 76.08
ALMONDZ, EQ, 26-Feb-2020,17.0,16.4,17.5,16.35, 17.45,17.45,17.15,5561,0.95,23, 4610, 82.90
ALOKINDS, BE, 26-Feb-2020,14.5,13.8,13.8,13.8, 13.80,13.8,13.8,47194,6.51,239, -, -
ALPA, EQ, 26-Feb-2020,18.65,18.5,19.0,18.25, 18.75,18.5,18.67,13949,2.6,154, 8070, 57.85
ALPHAGEO, EQ, 26-Feb-2020,201.3,205.0,205.0,196.8, 199.50,197.85,200.95,24263,48.76,789, 15740, 64.87
ALPSINDUS, BE, 26-Feb-2020,0.85,0.8,0.85,0.8, 0.85,0.85,0.85,1200,0.01,5, -, -
AMARAJABAT, EQ, 26-Feb-2020,712.8,710.0,712.8,676.0, 693.45,695.3,688.12,2136846,14704.02,35474, 358573, 16.78
AMBER, EQ, 26-Feb-2020,1543.8,1531.0,1534.0,1465.1, 1470.00,1482.85,1503.56,55889,840.33,5462, 32389, 57.95
AMBIKCO, EQ, 26-Feb-2020,812.1,811.6,815.9,800.1, 800.10,807.25,809.33,2676,21.66,222, 2112, 78.92
AMBUJACEM, EQ, 26-Feb-2020,211.6,211.9,216.05,210.05, 213.40,213.6,213.85,6034979,12905.98,54065, 2586591, 42.86
AMDIND, EQ, 26-Feb-2020,15.7,15.8,15.8,15.35, 15.50,15.55,15.46,798,0.12,18, 685, 85.84
AMJLAND, EQ, 26-Feb-2020,19.35,19.35,19.95,19.05, 19.05,19.15,19.33,11562,2.24,116, 9166, 79.28
AMRUTANJAN, EQ, 26-Feb-2020,507.45,509.0,511.5,487.0, 495.00,492.35,501.55,43763,219.49,3611, 18855, 43.08
ANANTRAJ, EQ, 26-Feb-2020,30.5,30.5,30.75,30.05, 30.10,30.05,30.24,112430,34.0,766, 79680, 70.87
ANDHRABANK, EQ, 26-Feb-2020,14.7,14.7,14.9,14.55, 14.80,14.75,14.75,276510,40.78,1314, 158782, 57.42
ANDHRACEMT, EQ, 26-Feb-2020,2.05,2.05,2.05,1.95, 2.00,2.0,2.01,56835,1.14,78, 35963, 63.28
ANDHRSUGAR, EQ, 26-Feb-2020,265.45,265.35,274.1,262.8, 266.50,266.95,268.62,28680,77.04,1071, 17389, 60.63
ANDPAPER, EQ, 26-Feb-2020,263.0,263.0,265.5,259.0, 261.20,260.8,260.87,4011,10.46,226, 2663, 66.39
ANIKINDS, BE, 26-Feb-2020,7.95,8.3,8.3,7.6, 8.30,8.3,7.91,6238,0.49,26, -, -
ANKITMETAL, BE, 26-Feb-2020,0.55,0.55,0.55,0.5, 0.50,0.5,0.5,4894,0.02,22, -, -
ANSALAPI, EQ, 26-Feb-2020,6.7,6.6,6.6,6.4, 6.40,6.4,6.43,8671,0.56,36, 8544, 98.54
ANSALHSG, BE, 26-Feb-2020,5.2,5.25,5.3,4.95, 4.95,4.95,4.98,28162,1.4,53, -, -
ANTGRAPHIC, BE, 26-Feb-2020,0.65,0.6,0.65,0.6, 0.65,0.65,0.63,41020,0.26,22, -, -
ANUP, EQ, 26-Feb-2020,537.25,537.25,548.05,531.0, 544.00,542.75,541.07,35515,192.16,1460, 23155, 65.20
APARINDS, EQ, 26-Feb-2020,378.7,375.05,378.9,365.45, 370.00,367.9,369.83,23040,85.21,1661, 17486, 75.89
APCL, EQ, 26-Feb-2020,150.15,151.8,153.0,142.0, 145.20,145.25,147.63,4579,6.76,184, 3298, 72.02
APCOTEXIND, EQ, 26-Feb-2020,126.2,126.9,126.9,118.4, 120.50,119.4,123.01,93999,115.63,1537, 76664, 81.56
APEX, EQ, 26-Feb-2020,331.95,323.5,328.25,310.5, 311.10,312.35,319.81,204586,654.29,6266, 67739, 33.11
APLAPOLLO, EQ, 26-Feb-2020,2034.5,2021.0,2029.9,1990.1, 1995.00,1995.6,2005.44,87010,1744.93,4838, 76279, 87.67
APLLTD, EQ, 26-Feb-2020,646.6,647.0,664.0,645.05, 647.15,647.55,652.85,150491,982.49,11350, 99152, 65.89
APOLLO, EQ, 26-Feb-2020,77.25,77.0,79.8,75.8, 78.00,77.2,77.62,43983,34.14,800, 19441, 44.20
APOLLOHOSP, EQ, 26-Feb-2020,1790.45,1785.95,1796.95,1763.0, 1767.05,1767.2,1783.3,494854,8824.74,28373, 180615, 36.50
APOLLOPIPE, EQ, 26-Feb-2020,441.35,432.05,459.7,426.1, 443.00,438.15,437.27,11962,52.31,610, 8603, 71.92
APOLLOTYRE, EQ, 26-Feb-2020,154.4,153.7,158.0,146.4, 149.00,148.7,152.19,8017307,12201.66,44817, 1247231, 15.56
APOLSINHOT, EQ, 26-Feb-2020,598.35,600.0,610.0,563.6, 572.15,577.95,585.33,1105,6.47,160, 763, 69.05
APTECHT, EQ, 26-Feb-2020,134.1,133.7,135.75,130.5, 131.15,131.35,133.23,149450,199.11,4146, 43288, 28.96
ARCHIDPLY, BE, 26-Feb-2020,20.5,19.6,20.3,19.6, 19.85,19.85,19.86,10894,2.16,15, -, -
ARCHIES, EQ, 26-Feb-2020,14.0,13.85,14.25,12.75, 13.40,13.3,13.24,76467,10.12,272, 53659, 70.17
ARCOTECH, BE, 26-Feb-2020,1.35,1.3,1.4,1.3, 1.30,1.35,1.37,47285,0.65,55, -, -
ARENTERP, EQ, 26-Feb-2020,14.85,15.55,15.55,15.5, 15.55,15.55,15.55,380,0.06,12, 380, 100.00
ARIES, EQ, 26-Feb-2020,56.95,56.0,58.45,55.8, 57.00,56.6,56.9,12553,7.14,267, 9381, 74.73
ARIHANT, EQ, 26-Feb-2020,18.0,19.4,19.4,16.6, 18.00,18.0,17.3,704,0.12,18, 500, 71.02
ARIHANTSUP, EQ, 26-Feb-2020,25.8,24.85,25.9,24.85, 25.90,25.9,25.02,342,0.09,9, 342, 100.00
ARMANFIN, EQ, 26-Feb-2020,1012.85,1019.9,1100.0,1001.0, 1094.00,1092.4,1065.97,35003,373.12,2110, 19892, 56.83
AROGRANITE, EQ, 26-Feb-2020,32.3,32.85,32.85,31.0, 31.40,31.4,31.32,2682,0.84,71, 1809, 67.45
ARROWGREEN, BE, 26-Feb-2020,41.5,39.45,40.2,39.45, 39.45,39.45,39.59,5305,2.1,57, -, -
ARSHIYA, EQ, 26-Feb-2020,14.95,14.85,15.2,14.0, 14.35,14.4,14.4,34816,5.01,136, 27129, 77.92
ARSSINFRA, EQ, 26-Feb-2020,15.35,15.35,15.7,14.85, 14.90,15.1,15.0,10888,1.63,119, 10054, 92.34
ARTEMISMED, EQ, 26-Feb-2020,207.3,216.0,216.0,196.55, 199.00,199.2,204.51,984,2.01,24, 983, 99.90
ARVIND, EQ, 26-Feb-2020,38.7,38.65,39.5,38.3, 38.45,38.55,38.76,822245,318.74,8717, 380306, 46.25
ARVINDFASN, EQ, 26-Feb-2020,358.5,350.0,360.95,345.05, 360.00,358.7,352.69,54174,191.07,1014, 42488, 78.43
ARVSMART, EQ, 26-Feb-2020,83.65,82.1,84.75,82.0, 84.50,83.65,83.53,22796,19.04,343, 18115, 79.47
ASAHIINDIA, EQ, 26-Feb-2020,257.95,258.05,260.95,249.45, 260.50,256.2,254.5,71010,180.72,1272, 57277, 80.66
ASAHISONG, EQ, 26-Feb-2020,133.35,133.35,141.4,130.3, 132.25,133.9,135.98,14012,19.05,897, 7677, 54.79
ASAL, EQ, 26-Feb-2020,21.5,21.4,22.7,21.15, 21.50,21.5,22.08,33174,7.33,290, 22712, 68.46
ASALCBR, EQ, 26-Feb-2020,245.2,244.95,244.95,227.15, 235.10,235.8,237.62,34277,81.45,918, 25311, 73.84
ASHAPURMIN, EQ, 26-Feb-2020,36.05,36.0,36.3,34.25, 34.50,34.7,34.85,33443,11.65,331, 19558, 58.48
ASHIANA, EQ, 26-Feb-2020,103.1,102.1,103.65,100.05, 102.15,102.05,102.05,37163,37.92,527, 25333, 68.17
ASHIMASYN, EQ, 26-Feb-2020,6.4,6.5,6.5,6.05, 6.20,6.15,6.2,29958,1.86,118, 21374, 71.35
ASHOKA, EQ, 26-Feb-2020,93.5,92.9,93.4,90.55, 93.00,92.9,92.66,183003,169.56,2287, 92557, 50.58
ASHOKLEY, EQ, 26-Feb-2020,80.65,80.65,81.9,77.6, 77.90,77.95,78.94,32981809,26034.66,91202, 7839542, 23.77
ASIANHOTNR, EQ, 26-Feb-2020,77.0,79.45,79.45,72.3, 76.45,76.4,76.16,718,0.55,24, 606, 84.40
ASIANPAINT, EQ, 26-Feb-2020,1826.1,1826.0,1845.0,1820.0, 1825.00,1826.65,1832.53,1909619,34994.31,77766, 1005773, 52.67
ASIANTILES, EQ, 26-Feb-2020,258.55,262.0,262.0,255.0, 257.85,259.75,258.58,62932,162.73,2725, 19673, 31.26
ASPINWALL, EQ, 26-Feb-2020,134.05,135.0,136.2,133.0, 134.50,134.5,134.88,1183,1.6,17, 1124, 95.01
ASTEC, EQ, 26-Feb-2020,477.9,479.1,491.55,474.3, 475.60,475.7,481.24,10971,52.8,497, 8453, 77.05
ASTERDM, EQ, 26-Feb-2020,166.4,165.95,170.0,165.35, 168.00,167.55,167.6,73584,123.33,3146, 47089, 63.99
ASTRAL, EQ, 26-Feb-2020,1183.35,1180.0,1192.95,1171.15, 1176.95,1175.3,1176.56,71818,844.98,3826, 53049, 73.87
ASTRAMICRO, EQ, 26-Feb-2020,95.9,94.2,95.75,91.85, 92.80,92.65,93.74,436574,409.23,3418, 289467, 66.30
ASTRAZEN, EQ, 26-Feb-2020,2728.65,2749.9,2760.0,2650.0, 2669.90,2662.15,2696.15,15886,428.31,2423, 6843, 43.08
ASTRON, EQ, 26-Feb-2020,38.05,38.0,38.15,37.6, 38.00,38.0,37.94,29378,11.15,179, 22065, 75.11
ATFL, EQ, 26-Feb-2020,684.6,688.55,694.95,666.8, 672.00,672.1,677.98,9653,65.45,612, 7216, 74.75
ATLANTA, EQ, 26-Feb-2020,5.15,5.3,5.4,5.0, 5.40,5.4,5.27,20323,1.07,59, 16650, 81.93
ATLASCYCLE, BE, 26-Feb-2020,46.9,46.0,46.9,44.7, 46.65,46.55,45.14,289,0.13,13, -, -
ATUL, EQ, 26-Feb-2020,4904.45,4904.45,4970.0,4845.05, 4891.30,4890.45,4918.15,33592,1652.1,5543, 21167, 63.01
ATULAUTO, EQ, 26-Feb-2020,241.05,242.45,244.3,233.5, 237.80,235.95,238.88,21102,50.41,1527, 12839, 60.84
AUBANK, EQ, 26-Feb-2020,1158.1,1155.0,1201.0,1019.1, 1179.00,1178.95,1178.19,958992,11298.79,43192, 582470, 60.74
AURIONPRO, EQ, 26-Feb-2020,44.35,44.5,44.8,42.75, 43.90,43.7,43.61,27285,11.9,540, 17459, 63.99
AUROPHARMA, EQ, 26-Feb-2020,503.95,507.4,520.0,504.0, 510.20,510.0,510.3,7012760,35786.2,83121, 1231398, 17.56
AUSOMENT, BE, 26-Feb-2020,38.3,38.3,38.3,37.15, 37.90,37.15,37.7,1979,0.75,10, -, -
AUTOAXLES, EQ, 26-Feb-2020,732.9,730.0,733.95,716.0, 733.90,731.9,724.49,10664,77.26,331, 9581, 89.84
AUTOIND, BE, 26-Feb-2020,21.85,22.35,22.35,21.0, 21.00,21.05,21.26,1316,0.28,18, -, -
AUTOLITIND, EQ, 26-Feb-2020,20.3,20.6,20.6,18.25, 18.50,18.55,18.93,11501,2.18,233, 6160, 53.56
AVADHSUGAR, EQ, 26-Feb-2020,251.65,245.1,254.35,244.5, 245.90,247.25,248.27,105568,262.09,2568, 28602, 27.09
AVANTIFEED, EQ, 26-Feb-2020,534.05,528.85,533.95,510.0, 510.50,514.5,521.29,533848,2782.89,20045, 163309, 30.59
AVG, SM, 26-Feb-2020,58.5,53.55,55.1,52.0, 52.00,52.85,53.6,4800,2.57,4, 4800, 100.00
AVROIND, SM, 26-Feb-2020,62.9,59.9,59.9,56.0, 56.90,56.9,58.12,10000,5.81,5, 8000, 80.00
AVTNPL, EQ, 26-Feb-2020,39.35,38.5,40.4,38.05, 38.50,38.65,39.3,154335,60.65,1021, 89754, 58.16
AXISBANK, EQ, 26-Feb-2020,728.75,725.3,735.75,722.0, 728.30,729.4,729.54,7136975,52066.73,115827, 3438359, 48.18
AXISCADES, BE, 26-Feb-2020,56.65,56.0,59.35,54.4, 57.50,56.35,57.48,6320,3.63,111, -, -
AXISGOLD, EQ, 26-Feb-2020,3736.65,3732.5,3773.95,3695.0, 3739.00,3736.1,3739.98,1400,52.36,231, 776, 55.43
AXISNIFTY, EQ, 26-Feb-2020,1220.85,1212.43,1217.57,1206.0, 1209.72,1209.17,1214.74,180,2.19,23, 176, 97.78
AYMSYNTEX, EQ, 26-Feb-2020,31.4,32.45,32.5,30.5, 32.00,32.0,31.96,7931,2.53,72, 6757, 85.20
BAGFILMS, BE, 26-Feb-2020,1.65,1.6,1.7,1.6, 1.65,1.65,1.64,56813,0.93,43, -, -
BAJAJ-AUTO, EQ, 26-Feb-2020,2947.4,2937.0,2974.0,2920.0, 2935.00,2946.6,2941.94,445577,13108.63,25379, 211410, 47.45
BAJAJCON, EQ, 26-Feb-2020,192.7,189.0,190.0,184.0, 190.00,187.3,186.49,286981,535.19,8623, 176829, 61.62
BAJAJELEC, EQ, 26-Feb-2020,441.2,445.9,445.9,431.3, 440.00,436.35,436.7,184482,805.64,5417, 57588, 31.22
BAJAJFINSV, EQ, 26-Feb-2020,9525.0,9455.0,9494.9,9360.0, 9377.00,9387.0,9430.54,175517,16552.2,24442, 47448, 27.03
BAJAJHIND, EQ, 26-Feb-2020,5.8,5.8,5.8,5.65, 5.70,5.7,5.7,766252,43.7,831, 449154, 58.62
BAJAJHLDNG, EQ, 26-Feb-2020,3642.25,3648.0,3648.0,3465.0, 3494.00,3483.0,3500.79,53905,1887.1,6462, 37758, 70.05
BAJFINANCE, EQ, 26-Feb-2020,4825.95,4815.0,4837.75,4767.25, 4814.55,4810.0,4809.42,851346,40944.81,67774, 306017, 35.95
BALAJITELE, EQ, 26-Feb-2020,52.0,51.15,52.3,50.65, 51.00,50.75,51.33,43436,22.29,491, 28995, 66.75
BALAMINES, EQ, 26-Feb-2020,427.45,429.5,469.85,422.75, 464.00,455.2,456.4,357876,1633.34,10576, 90164, 25.19
BALAXI, EQ, 26-Feb-2020,112.45,102.15,114.5,102.15, 114.30,112.55,111.67,961,1.07,230, 240, 24.97
BALKRISHNA, EQ, 26-Feb-2020,15.75,16.25,16.45,15.4, 16.20,16.2,16.05,2185,0.35,34, 1593, 72.91
BALKRISIND, EQ, 26-Feb-2020,1212.0,1200.0,1210.0,1181.15, 1188.50,1186.3,1190.39,955428,11373.34,35259, 496803, 52.00
BALLARPUR, BE, 26-Feb-2020,0.5,0.5,0.5,0.45, 0.45,0.45,0.46,413756,1.9,56, -, -
BALMLAWRIE, EQ, 26-Feb-2020,108.45,108.0,108.0,105.7, 105.80,106.0,106.91,106505,113.86,2103, 70040, 65.76
BALPHARMA, EQ, 26-Feb-2020,37.0,37.05,39.0,35.1, 37.55,37.7,37.09,9964,3.7,309, 7981, 80.10
BALRAMCHIN, EQ, 26-Feb-2020,159.35,158.0,158.0,150.85, 151.45,151.6,154.2,1033308,1593.38,12754, 468032, 45.29
BANARBEADS, EQ, 26-Feb-2020,33.4,33.3,36.4,31.0, 33.20,33.25,33.04,2599,0.86,49, 1213, 46.67
BANARISUG, EQ, 26-Feb-2020,1395.7,1399.0,1400.05,1350.0, 1350.00,1369.2,1386.97,601,8.34,130, 321, 53.41
BANCOINDIA, EQ, 26-Feb-2020,92.6,92.6,93.4,91.05, 91.30,91.85,92.12,17644,16.25,422, 11400, 64.61
BANDHANBNK, EQ, 26-Feb-2020,403.9,415.0,423.0,391.3, 392.50,394.1,405.95,7223093,29322.43,151089, 3052505, 42.26
BANG, EQ, 26-Feb-2020,18.5,18.0,18.9,18.0, 18.35,18.4,18.52,2945,0.55,22, 2355, 79.97
BANKBARODA, EQ, 26-Feb-2020,80.05,79.25,81.05,79.05, 80.35,80.2,80.16,15584386,12492.08,29435, 1466395, 9.41
BANKBEES, EQ, 26-Feb-2020,310.54,309.99,311.4,307.5, 310.50,309.92,309.18,47536,146.97,2187, 32740, 68.87
BANKINDIA, EQ, 26-Feb-2020,58.35,57.9,58.05,56.55, 56.70,56.9,57.39,1283896,736.84,7988, 349153, 27.19
BANSWRAS, BE, 26-Feb-2020,134.9,138.15,138.15,128.8, 132.00,130.35,131.68,7464,9.83,86, -, -
BARTRONICS, BE, 26-Feb-2020,1.0,1.0,1.05,1.0, 1.00,1.0,1.04,1566,0.02,11, -, -
BASF, EQ, 26-Feb-2020,824.35,814.35,954.0,809.15, 936.00,940.95,908.09,436542,3964.21,25478, 95966, 21.98
BASML, EQ, 26-Feb-2020,109.35,113.0,113.0,110.0, 110.00,110.2,110.76,476,0.53,21, 324, 68.07
BATAINDIA, EQ, 26-Feb-2020,1719.6,1710.0,1711.9,1667.65, 1675.60,1676.85,1691.28,744063,12584.22,28303, 221417, 29.76
BAYERCROP, EQ, 26-Feb-2020,4500.2,4455.0,4560.0,4430.0, 4463.35,4457.7,4492.42,37471,1683.36,2661, 34239, 91.37
BBL, EQ, 26-Feb-2020,798.05,791.1,814.95,786.05, 786.20,792.6,798.58,6087,48.61,891, 2434, 39.99
BBTC, EQ, 26-Feb-2020,1076.55,1068.55,1109.8,1055.1, 1102.70,1099.45,1095.41,70895,776.59,4429, 31155, 43.95
BCG, BE, 26-Feb-2020,5.0,4.85,5.0,4.75, 4.90,4.85,4.83,225003,10.88,182, -, -
BCP, BE, 26-Feb-2020,19.0,19.65,19.65,18.1, 19.10,18.9,18.93,3237,0.61,26, -, -
BDL, EQ, 26-Feb-2020,283.85,284.65,287.35,278.0, 279.30,280.15,282.68,43911,124.13,2149, 21420, 48.78
BEARDSELL, BE, 26-Feb-2020,7.15,6.8,7.3,6.8, 6.80,6.8,6.85,1891,0.13,9, -, -
BEDMUTHA, BE, 26-Feb-2020,13.5,13.5,14.15,13.45, 13.95,13.6,13.57,3093,0.42,15, -, -
BEL, EQ, 26-Feb-2020,82.5,82.1,82.7,79.3, 80.15,80.3,81.04,6512548,5277.69,24420, 1738645, 26.70
BEML, EQ, 26-Feb-2020,850.55,843.0,845.0,817.0, 822.00,820.35,826.48,229225,1894.51,8512, 47658, 20.79
BEPL, EQ, 26-Feb-2020,42.55,42.5,46.5,42.3, 43.65,43.7,44.78,875963,392.25,6968, 172592, 19.70
BERGEPAINT, EQ, 26-Feb-2020,569.1,570.0,573.35,565.05, 566.00,567.0,569.63,792167,4512.42,16965, 289965, 36.60
BETA, SM, 26-Feb-2020,62.0,65.45,65.45,61.45, 61.45,61.6,62.9,4000,2.52,5, 4000, 100.00
BFINVEST, EQ, 26-Feb-2020,319.15,319.0,324.1,315.3, 320.00,319.75,319.29,39393,125.78,1232, 18931, 48.06
BFUTILITIE, EQ, 26-Feb-2020,298.3,296.0,316.5,290.6, 308.10,307.45,305.75,260555,796.66,7008, 75445, 28.96
BGLOBAL, BE, 26-Feb-2020,1.3,1.3,1.3,1.3, 1.30,1.3,1.3,10775,0.14,6, -, -
BGRENERGY, EQ, 26-Feb-2020,37.7,37.25,40.7,37.2, 37.95,38.2,39.07,582031,227.41,3085, 179084, 30.77
BHAGERIA, EQ, 26-Feb-2020,144.25,143.1,147.0,140.0, 142.50,142.05,143.52,72159,103.57,1302, 39014, 54.07
BHAGYANGR, EQ, 26-Feb-2020,19.0,19.0,19.95,18.7, 19.95,19.35,19.0,11394,2.17,20, 11095, 97.38
BHAGYAPROP, EQ, 26-Feb-2020,24.0,24.0,24.1,23.5, 23.50,23.5,23.98,23052,5.53,14, 22290, 96.69
BHANDARI, EQ, 26-Feb-2020,1.1,1.05,1.1,1.05, 1.10,1.05,1.06,107536,1.14,172, 81980, 76.23
BHARATFORG, EQ, 26-Feb-2020,464.85,458.6,465.15,452.65, 455.00,458.3,459.62,1382554,6354.54,39534, 538681, 38.96
BHARATGEAR, BE, 26-Feb-2020,45.8,45.4,45.4,43.55, 43.55,43.55,43.69,7321,3.2,79, -, -
BHARATRAS, EQ, 26-Feb-2020,7628.7,7555.0,7770.0,7490.0, 7611.00,7636.05,7675.7,3109,238.64,1095, 1551, 49.89
BHARATWIRE, EQ, 26-Feb-2020,26.6,26.4,26.9,25.0, 26.30,26.3,26.25,40413,10.61,316, 29249, 72.38
BHARTIARTL, EQ, 26-Feb-2020,535.25,532.7,539.4,520.3, 535.10,535.95,530.05,18615730,98673.27,148454, 9843560, 52.88
BHEL, EQ, 26-Feb-2020,33.9,33.6,33.95,33.1, 33.25,33.25,33.39,13462112,4495.11,21880, 2789055, 20.72
BIGBLOC, BE, 26-Feb-2020,35.1,35.25,35.25,35.0, 35.00,35.0,35.2,124,0.04,3, -, -
BIL, EQ, 26-Feb-2020,135.5,123.5,143.9,123.5, 135.00,135.0,133.59,501,0.67,118, 236, 47.11
BILENERGY, EQ, 26-Feb-2020,0.45,0.45,0.5,0.4, 0.50,0.45,0.45,1911332,8.68,457, 1619242, 84.72
BINDALAGRO, EQ, 26-Feb-2020,11.45,11.5,11.8,11.2, 11.20,11.3,11.34,9471,1.07,62, 8607, 90.88
BIOCON, EQ, 26-Feb-2020,303.85,299.9,307.7,297.65, 298.00,298.75,301.21,4964185,14952.84,43389, 1260650, 25.39
BIOFILCHEM, BE, 26-Feb-2020,9.0,9.0,9.35,8.55, 8.95,8.65,8.76,6513,0.57,49, -, -
BIRLACABLE, EQ, 26-Feb-2020,46.65,47.9,48.05,44.0, 44.70,44.85,45.44,53562,24.34,767, 31698, 59.18
BIRLACORPN, EQ, 26-Feb-2020,717.3,707.05,744.8,706.0, 724.65,723.8,734.75,89441,657.17,6019, 38340, 42.87
BIRLAMONEY, EQ, 26-Feb-2020,35.75,35.8,35.8,31.2, 34.30,34.05,33.98,196242,66.69,1858, 90261, 45.99
BIRLATYRE, EQ, 26-Feb-2020,8.25,7.45,7.45,7.45, 7.45,7.45,7.45,902307,67.22,411, 848519, 94.04
BLBLIMITED, EQ, 26-Feb-2020,3.8,3.8,3.8,3.6, 3.65,3.65,3.67,8351,0.31,22, 6930, 82.98
BLISSGVS, EQ, 26-Feb-2020,136.35,135.8,138.4,124.6, 127.75,128.15,131.16,383998,503.63,6322, 137864, 35.90
BLKASHYAP, EQ, 26-Feb-2020,7.7,7.7,8.05,7.6, 7.80,7.7,7.79,37297,2.91,111, 24918, 66.81
BLS, EQ, 26-Feb-2020,69.4,68.65,71.25,68.5, 70.00,70.0,69.89,44187,30.88,1312, 23591, 53.39
BLUEBLENDS, BE, 26-Feb-2020,0.8,0.75,0.8,0.75, 0.75,0.75,0.79,1356,0.01,4, -, -
BLUEDART, EQ, 26-Feb-2020,2852.8,2853.0,2893.9,2775.0, 2850.00,2856.0,2843.32,5088,144.67,1211, 2506, 49.25
BLUESTARCO, EQ, 26-Feb-2020,831.8,830.7,849.0,822.35, 847.00,846.0,840.8,54424,457.6,3548, 29281, 53.80
BODALCHEM, EQ, 26-Feb-2020,76.3,75.7,79.4,75.0, 76.95,77.25,78.01,487120,379.99,4329, 172385, 35.39
BOMDYEING, EQ, 26-Feb-2020,77.8,77.0,78.3,75.25, 75.60,75.8,76.82,1536121,1180.06,10197, 440696, 28.69
BORORENEW, EQ, 26-Feb-2020,200.1,197.0,204.9,197.0, 202.40,201.0,200.61,54506,109.34,2021, 29641, 54.38
BOSCHLTD, EQ, 26-Feb-2020,13796.85,13750.0,13834.75,13222.05, 13265.85,13290.65,13486.71,14261,1923.34,4940, 5287, 37.07
BPCL, EQ, 26-Feb-2020,456.75,457.6,459.55,443.2, 447.25,448.8,451.55,7245545,32717.15,71413, 2576965, 35.57
BPL, EQ, 26-Feb-2020,19.2,18.85,19.25,18.35, 18.50,18.5,18.76,62692,11.76,536, 30976, 49.41
BRFL, EQ, 26-Feb-2020,4.05,4.05,4.25,4.0, 4.00,4.0,4.06,19322,0.78,65, 18782, 97.21
BRIGADE, EQ, 26-Feb-2020,231.8,228.5,238.75,228.1, 236.00,236.15,235.59,204906,482.75,4320, 155999, 76.13
BRITANNIA, EQ, 26-Feb-2020,3033.55,3025.1,3069.9,3016.7, 3037.00,3041.35,3045.94,366302,11157.33,23858, 156408, 42.70
BRITANNIA, N2, 26-Feb-2020,32.02,31.98,32.02,31.9, 31.92,31.98,32.0,11401,3.65,98, 11400, 99.99
BRNL, EQ, 26-Feb-2020,55.9,56.75,56.8,55.0, 55.10,55.4,55.47,3339,1.85,78, 3194, 95.66
BROOKS, EQ, 26-Feb-2020,23.7,23.45,26.0,22.65, 26.00,25.9,25.0,78139,19.53,1285, 44996, 57.58
BSE, EQ, 26-Feb-2020,507.1,505.0,505.0,495.0, 497.95,497.05,497.29,88036,437.79,8346, 52896, 60.08
BSHSL, SM, 26-Feb-2020,111.0,109.5,109.5,109.5, 109.50,109.5,109.5,1200,1.31,1, 1200, 100.00
BSL, EQ, 26-Feb-2020,31.2,32.9,33.45,29.35, 31.75,30.75,30.94,6754,2.09,94, 5475, 81.06
BSLGOLDETF, EQ, 26-Feb-2020,3920.3,3907.95,3910.0,3880.2, 3900.00,3901.5,3902.46,129,5.03,33, 96, 74.42
BSLNIFTY, EQ, 26-Feb-2020,128.88,128.01,128.4,126.83, 127.66,127.48,127.84,277,0.35,15, 175, 63.18
BSOFT, EQ, 26-Feb-2020,99.9,99.25,101.65,96.8, 98.25,97.95,99.31,1977583,1963.94,13732, 825669, 41.75
BURNPUR, EQ, 26-Feb-2020,1.0,1.05,1.05,0.95, 1.05,1.0,0.97,72617,0.71,61, 46723, 64.34
BUTTERFLY, EQ, 26-Feb-2020,192.15,191.05,191.9,186.15, 191.00,191.0,190.09,44233,84.08,1480, 28887, 65.31
BVCL, BE, 26-Feb-2020,12.1,12.5,12.7,11.65, 12.70,12.7,12.59,1809,0.23,6, -, -
BYKE, EQ, 26-Feb-2020,16.05,16.0,16.2,15.25, 16.00,15.85,15.72,38797,6.1,169, 30649, 79.00
CADILAHC, EQ, 26-Feb-2020,272.2,270.2,271.6,262.0, 262.50,262.85,266.0,1172207,3118.12,15422, 415001, 35.40
CADSYS, SM, 26-Feb-2020,29.0,27.55,29.5,27.55, 29.50,29.5,29.18,12000,3.5,3, 12000, 100.00
CALSOFT, EQ, 26-Feb-2020,13.4,13.2,13.2,12.7, 13.15,13.05,12.89,11763,1.52,60, 3952, 33.60
CAMLINFINE, EQ, 26-Feb-2020,69.7,68.55,76.2,68.55, 75.55,74.75,73.63,2332074,1717.02,15576, 641432, 27.50
CANBK, EQ, 26-Feb-2020,162.9,161.5,163.1,159.1, 159.60,159.9,160.92,6950126,11184.32,36045, 561327, 8.08
CANDC, BZ, 26-Feb-2020,1.8,1.75,1.75,1.75, 1.75,1.75,1.75,100,0.0,3, -, -
CANFINHOME, EQ, 26-Feb-2020,510.05,505.0,510.0,505.0, 509.00,507.9,507.83,183689,932.83,6065, 103687, 56.45
CANTABIL, EQ, 26-Feb-2020,334.8,330.2,340.0,328.0, 328.25,329.65,334.55,36897,123.44,1912, 7725, 20.94
CAPACITE, EQ, 26-Feb-2020,172.1,171.5,172.55,165.55, 169.30,169.85,170.04,29931,50.9,2033, 19215, 64.20
CAPLIPOINT, EQ, 26-Feb-2020,318.2,315.2,327.9,315.2, 321.45,320.1,322.39,72597,234.04,5402, 33498, 46.14
CAPTRUST, EQ, 26-Feb-2020,108.7,109.0,110.0,103.3, 103.30,103.3,105.64,3076,3.25,58, 2192, 71.26
CARBORUNIV, EQ, 26-Feb-2020,343.3,346.5,346.5,332.35, 335.00,335.1,339.12,62229,211.03,1175, 41574, 66.81
CAREERP, EQ, 26-Feb-2020,150.6,151.55,155.4,147.0, 153.50,153.25,152.42,101006,153.96,1843, 60617, 60.01
CARERATING, EQ, 26-Feb-2020,510.75,513.1,513.1,490.5, 491.20,494.65,501.26,98433,493.41,3429, 45591, 46.32
CASTEXTECH, BE, 26-Feb-2020,0.35,0.35,0.4,0.3, 0.40,0.4,0.36,118599,0.43,52, -, -
CASTROLIND, EQ, 26-Feb-2020,153.8,153.8,157.5,151.35, 154.00,153.5,154.93,1249868,1936.42,15075, 353082, 28.25
CCHHL, EQ, 26-Feb-2020,2.8,2.9,2.9,2.7, 2.70,2.7,2.7,198893,5.37,22, 198851, 99.98
CCL, EQ, 26-Feb-2020,236.55,231.15,243.7,230.65, 238.00,236.5,237.61,264785,629.15,7550, 105352, 39.79
CDSL, EQ, 26-Feb-2020,285.25,282.5,290.0,280.35, 283.95,283.95,284.48,852357,2424.76,13894, 274492, 32.20
CEATLTD, EQ, 26-Feb-2020,1018.3,1014.0,1044.7,993.35, 1012.00,1008.3,1016.96,82981,843.88,5877, 15771, 19.01
CEBBCO, EQ, 26-Feb-2020,13.45,13.35,13.8,13.1, 13.55,13.6,13.48,27347,3.69,255, 19616, 71.73
CELEBRITY, EQ, 26-Feb-2020,5.25,5.2,5.75,4.85, 5.15,5.15,5.3,15289,0.81,90, 11655, 76.23
CELESTIAL, BE, 26-Feb-2020,2.0,2.0,2.1,2.0, 2.10,2.1,2.07,4264,0.09,10, -, -
CENTENKA, EQ, 26-Feb-2020,169.9,170.0,170.15,164.05, 165.00,165.0,165.45,94170,155.8,703, 74231, 78.83
CENTEXT, EQ, 26-Feb-2020,2.55,2.65,2.65,2.45, 2.45,2.5,2.48,15134,0.37,53, 14906, 98.49
CENTRALBK, EQ, 26-Feb-2020,16.4,16.4,16.45,16.05, 16.20,16.15,16.21,348873,56.55,1537, 232915, 66.76
CENTRUM, EQ, 26-Feb-2020,19.0,18.6,19.4,18.6, 19.35,19.1,19.01,56485,10.74,408, 37684, 66.72
CENTUM, EQ, 26-Feb-2020,350.6,350.75,356.8,344.0, 351.00,351.0,352.68,3208,11.31,296, 2755, 85.88
CENTURYPLY, EQ, 26-Feb-2020,155.0,156.9,157.35,153.0, 155.90,156.45,155.87,138132,215.3,2891, 94371, 68.32
CENTURYTEX, EQ, 26-Feb-2020,560.95,553.0,574.25,553.0, 558.00,559.15,563.9,1051786,5930.97,19018, 83014, 7.89
CERA, EQ, 26-Feb-2020,2455.4,2456.0,2456.05,2410.0, 2440.00,2443.6,2439.09,3812,92.98,590, 2898, 76.02
CEREBRAINT, BE, 26-Feb-2020,39.05,39.05,39.35,37.25, 38.85,38.95,38.48,62613,24.09,171, -, -
CESC, EQ, 26-Feb-2020,684.05,678.1,685.35,666.6, 667.20,669.1,674.27,130020,876.68,3594, 23257, 17.89
CESCVENT, EQ, 26-Feb-2020,289.0,294.0,298.0,283.2, 294.00,292.95,292.97,38812,113.71,1000, 22705, 58.50
CGCL, EQ, 26-Feb-2020,203.7,202.8,212.0,198.6, 209.50,209.85,205.27,339369,696.62,2768, 57243, 16.87
CGPOWER, EQ, 26-Feb-2020,7.65,7.3,7.7,7.3, 7.35,7.35,7.4,759621,56.24,1481, 529794, 69.74
CHALET, EQ, 26-Feb-2020,330.6,328.45,335.2,323.6, 329.00,329.0,329.02,92517,304.4,789, 90349, 97.66
CHAMBLFERT, EQ, 26-Feb-2020,155.2,153.35,153.65,148.7, 152.35,150.2,150.44,405579,610.16,6800, 246613, 60.81
CHEMBOND, EQ, 26-Feb-2020,199.35,192.35,199.3,190.35, 199.30,198.25,196.52,563,1.11,147, 339, 60.21
CHEMFAB, EQ, 26-Feb-2020,160.9,160.15,163.9,160.1, 162.85,162.5,162.45,786,1.28,32, 700, 89.06
CHENNPETRO, EQ, 26-Feb-2020,111.0,111.8,112.5,109.25, 109.40,109.7,110.49,106638,117.82,2589, 51677, 48.46
CHOLAFIN, EQ, 26-Feb-2020,325.35,325.0,325.2,312.9, 319.00,318.1,319.86,1060934,3393.55,29856, 426495, 40.20
CHOLAHLDNG, EQ, 26-Feb-2020,538.5,538.5,545.0,537.95, 543.50,543.05,540.15,535557,2892.81,3226, 526826, 98.37
CIGNITITEC, EQ, 26-Feb-2020,267.7,267.9,283.6,267.6, 276.25,275.3,277.15,21474,59.52,895, 10571, 49.23
CIMMCO, EQ, 26-Feb-2020,18.3,19.9,19.9,18.05, 19.10,18.9,18.74,9976,1.87,155, 6602, 66.18
CINELINE, EQ, 26-Feb-2020,34.2,33.0,34.0,32.65, 32.80,32.85,33.25,15949,5.3,319, 9611, 60.26
CINEVISTA, EQ, 26-Feb-2020,5.85,6.0,6.0,5.6, 5.60,5.6,5.77,2984,0.17,19, 2744, 91.96
CIPLA, EQ, 26-Feb-2020,425.8,406.0,425.0,405.8, 422.00,422.2,419.24,8068909,33827.87,107455, 2817881, 34.92
CKFSL, BE, 26-Feb-2020,0.3,0.3,0.35,0.3, 0.35,0.35,0.35,269819,0.93,72, -, -
CKPLEISURE, SM, 26-Feb-2020,6.0,5.9,5.9,5.7, 5.70,5.7,5.8,8000,0.46,2, 8000, 100.00
CLEDUCATE, EQ, 26-Feb-2020,64.95,64.95,68.45,60.65, 61.50,61.4,63.95,33273,21.28,2674, 8583, 25.80
CLNINDIA, EQ, 26-Feb-2020,330.1,325.5,362.9,323.2, 351.30,352.9,345.86,137773,476.51,6160, 56848, 41.26
CMICABLES, EQ, 26-Feb-2020,33.15,33.15,33.65,31.5, 31.85,31.6,32.2,19069,6.14,203, 13356, 70.04
CNOVAPETRO, BE, 26-Feb-2020,6.15,5.85,5.85,5.85, 5.85,5.85,5.85,899,0.05,10, -, -
COALINDIA, EQ, 26-Feb-2020,175.1,174.2,177.75,172.65, 173.70,173.8,175.28,10925243,19150.11,77432, 4142657, 37.92
COCHINSHIP, EQ, 26-Feb-2020,345.15,344.75,359.9,342.15, 344.80,344.75,351.67,971292,3415.71,6414, 853861, 87.91
COLPAL, EQ, 26-Feb-2020,1345.3,1344.8,1344.8,1315.55, 1329.85,1325.8,1330.24,400747,5330.91,31219, 193495, 48.28
COMPINFO, EQ, 26-Feb-2020,12.9,13.5,13.5,12.35, 13.50,13.45,12.97,33298,4.32,134, 23707, 71.20
COMPUSOFT, EQ, 26-Feb-2020,5.35,5.6,5.6,5.3, 5.30,5.35,5.41,7872,0.43,31, 4682, 59.48
CONCOR, EQ, 26-Feb-2020,542.0,535.4,542.2,510.15, 513.00,515.8,523.01,1684463,8809.95,32531, 785165, 46.61
CONFIPET, EQ, 26-Feb-2020,24.65,24.25,25.55,24.25, 24.85,24.85,24.84,129891,32.26,844, 95646, 73.64
CONSOFINVT, EQ, 26-Feb-2020,34.5,34.65,34.7,34.65, 34.65,34.65,34.65,772,0.27,8, 737, 95.47
CONTI, SM, 26-Feb-2020,37.5,35.65,35.65,35.65, 35.65,35.65,35.65,6666,2.38,1, 6666, 100.00
CONTROLPR, EQ, 26-Feb-2020,280.15,278.65,282.5,270.0, 281.00,279.75,275.71,7528,20.76,150, 3841, 51.02
CORALFINAC, EQ, 26-Feb-2020,14.1,14.0,14.3,13.75, 14.05,14.1,14.1,13563,1.91,81, 12447, 91.77
CORDSCABLE, EQ, 26-Feb-2020,41.8,41.8,42.0,40.55, 41.25,41.3,41.17,19635,8.08,218, 12675, 64.55
COROMANDEL, EQ, 26-Feb-2020,620.05,620.0,621.9,605.8, 612.50,612.2,612.78,210506,1289.93,14789, 160565, 76.28
CORPBANK, EQ, 26-Feb-2020,19.15,19.0,19.3,18.55, 18.70,18.7,18.9,261407,49.41,1606, 146637, 56.10
COSMOFILMS, EQ, 26-Feb-2020,315.75,319.95,356.2,316.25, 335.10,336.3,342.09,768295,2628.26,21179, 176464, 22.97
COUNCODOS, EQ, 26-Feb-2020,1.45,1.4,1.5,1.4, 1.45,1.45,1.43,4185,0.06,14, 4175, 99.76
COX&KINGS, BZ, 26-Feb-2020,0.8,0.85,0.85,0.75, 0.85,0.85,0.82,305719,2.52,215, -, -
CPSEETF, EQ, 26-Feb-2020,19.68,19.56,19.84,19.42, 19.42,19.47,19.69,6172211,1215.27,63837, 4233057, 68.58
CREATIVE, BE, 26-Feb-2020,117.15,120.0,122.0,118.0, 121.50,121.5,120.04,7655,9.19,61, -, -
CREDITACC, EQ, 26-Feb-2020,947.6,938.0,959.9,932.0, 935.45,935.85,944.35,97678,922.42,10056, 47882, 49.02
CREST, EQ, 26-Feb-2020,99.7,99.7,101.0,98.1, 100.00,99.8,99.5,5617,5.59,134, 3388, 60.32
CRISIL, EQ, 26-Feb-2020,1640.15,1600.0,1646.35,1550.0, 1563.10,1569.25,1594.88,52409,835.86,5788, 32278, 61.59
CROMPTON, EQ, 26-Feb-2020,286.9,287.2,289.15,280.65, 289.00,287.6,286.22,673356,1927.29,35814, 404380, 60.05
CSBBANK, EQ, 26-Feb-2020,165.25,165.0,179.3,161.95, 177.50,176.55,174.05,818604,1424.76,11075, 216039, 26.39
CTE, EQ, 26-Feb-2020,20.0,19.5,20.7,18.75, 19.80,19.0,19.35,6638,1.28,127, 3427, 51.63
CUB, EQ, 26-Feb-2020,219.35,220.0,220.0,217.0, 217.50,217.5,218.35,665945,1454.07,8249, 567113, 85.16
CUBEXTUB, EQ, 26-Feb-2020,21.0,22.5,23.1,21.4, 23.10,23.1,22.86,54227,12.39,235, 34069, 62.83
CUMMINSIND, EQ, 26-Feb-2020,535.65,535.0,543.5,527.0, 532.45,533.35,534.73,415081,2219.55,10044, 108559, 26.15
CUPID, EQ, 26-Feb-2020,218.6,215.0,219.25,213.0, 215.70,214.55,215.72,48717,105.09,1242, 27517, 56.48
CURATECH, BE, 26-Feb-2020,1.65,1.6,1.65,1.6, 1.65,1.65,1.6,4001,0.06,2, -, -
CYBERTECH, EQ, 26-Feb-2020,43.8,43.85,44.7,43.25, 43.25,43.35,44.04,9343,4.12,191, 6042, 64.67
CYIENT, EQ, 26-Feb-2020,434.15,438.0,440.0,426.05, 430.50,430.15,437.45,551065,2410.64,10726, 492404, 89.35
DAAWAT, EQ, 26-Feb-2020,26.5,26.45,26.75,25.05, 26.60,26.4,25.83,669833,173.03,2571, 312081, 46.59
DABUR, EQ, 26-Feb-2020,500.25,501.0,507.0,497.25, 500.50,501.95,503.61,2775398,13977.31,53166, 1703497, 61.38
DALBHARAT, EQ, 26-Feb-2020,815.65,805.0,825.0,800.0, 803.00,802.3,811.87,100626,816.95,5079, 64701, 64.30
DALMIASUG, EQ, 26-Feb-2020,105.75,105.9,107.65,103.15, 104.00,104.95,105.46,138595,146.16,2513, 26831, 19.36
DAMODARIND, EQ, 26-Feb-2020,26.9,27.9,28.75,25.65, 27.00,26.95,27.3,5090,1.39,46, 1860, 36.54
DANGEE, SM, 26-Feb-2020,134.45,132.0,132.0,132.0, 132.00,132.0,132.0,800,1.06,1, 800, 100.00
DATAMATICS, EQ, 26-Feb-2020,64.3,64.0,66.2,64.0, 64.80,64.3,64.91,26239,17.03,324, 18920, 72.11
DBCORP, EQ, 26-Feb-2020,117.6,115.0,119.75,115.0, 118.20,118.45,117.32,47074,55.23,1879, 24704, 52.48
DBL, EQ, 26-Feb-2020,337.4,335.0,336.1,328.0, 330.40,330.05,331.46,202488,671.16,12536, 129040, 63.73
DBREALTY, BE, 26-Feb-2020,8.5,8.5,8.7,8.1, 8.10,8.1,8.34,61697,5.15,174, -, -
DBSTOCKBRO, BE, 26-Feb-2020,8.1,7.7,7.7,7.7, 7.70,7.7,7.7,62,0.0,2, -, -
DCAL, EQ, 26-Feb-2020,84.55,83.45,87.4,81.5, 84.00,84.45,84.78,398221,337.61,4760, 120258, 30.20
DCBBANK, EQ, 26-Feb-2020,161.9,160.2,165.0,159.4, 165.00,162.0,161.57,457335,738.93,10220, 275231, 60.18
DCM, EQ, 26-Feb-2020,22.1,21.05,22.45,21.0, 21.40,21.35,21.22,5385,1.14,84, 4035, 74.93
DCMNVL, EQ, 26-Feb-2020,31.15,30.2,30.95,29.55, 29.55,29.55,29.86,4168,1.24,40, 3868, 92.80
DCMSHRIRAM, EQ, 26-Feb-2020,344.15,343.85,343.85,335.5, 340.00,339.65,338.83,56819,192.52,2292, 41457, 72.96
DCW, EQ, 26-Feb-2020,16.85,16.5,17.65,15.8, 16.10,16.15,16.82,553128,93.04,1438, 272577, 49.28
DECCANCE, EQ, 26-Feb-2020,277.35,277.5,292.05,272.85, 284.50,283.55,287.13,19399,55.7,931, 13613, 70.17
DEEPAKFERT, EQ, 26-Feb-2020,94.3,92.95,95.5,90.8, 92.50,92.8,93.31,328683,306.69,5465, 101796, 30.97
DEEPAKNTR, EQ, 26-Feb-2020,506.35,500.25,520.8,496.0, 506.80,501.45,510.35,2054528,10485.38,51599, 437326, 21.29
DEEPIND, EQ, 26-Feb-2020,80.7,82.0,83.85,81.0, 81.50,81.5,82.09,41639,34.18,599, 25720, 61.77
DELTACORP, EQ, 26-Feb-2020,153.6,153.0,157.6,151.05, 156.00,154.4,154.57,1333652,2061.41,11805, 387881, 29.08
DELTAMAGNT, EQ, 26-Feb-2020,29.0,28.5,30.9,27.4, 30.85,30.85,28.96,7,0.0,6, 2, 28.57
DEN, EQ, 26-Feb-2020,56.2,53.4,55.5,53.4, 53.40,53.4,53.53,108362,58.01,527, 43082, 39.76
DENORA, EQ, 26-Feb-2020,228.6,225.7,233.0,220.9, 221.25,221.85,226.11,25980,58.74,736, 18670, 71.86
DEVIT, SM, 26-Feb-2020,94.0,98.0,98.05,94.0, 94.00,94.0,95.96,7500,7.2,5, 3000, 40.00
DFMFOODS, EQ, 26-Feb-2020,295.9,294.95,295.55,286.0, 288.00,288.0,289.7,82440,238.83,3458, 54877, 66.57
DGCONTENT, BE, 26-Feb-2020,4.9,4.7,5.1,4.7, 5.10,5.1,5.04,2881,0.15,21, -, -
DHAMPURSUG, EQ, 26-Feb-2020,179.25,178.0,183.5,175.3, 179.55,179.95,179.27,401604,719.95,7296, 109064, 27.16
DHANBANK, EQ, 26-Feb-2020,14.6,14.75,14.75,14.1, 14.40,14.35,14.37,511254,73.49,927, 307261, 60.10
DHANUKA, EQ, 26-Feb-2020,495.75,490.05,500.4,480.1, 485.00,485.2,490.0,48475,237.53,2466, 32452, 66.95
DHARSUGAR, EQ, 26-Feb-2020,6.8,6.8,6.85,6.25, 6.40,6.4,6.52,14955,0.98,39, 14775, 98.80
DHFL, EQ, 26-Feb-2020,12.35,12.95,12.95,12.95, 12.95,12.95,12.95,516970,66.95,747, 516970, 100.00
DHFL, N4, 26-Feb-2020,200.0,212.0,212.0,212.0, 212.00,212.0,212.0,10,0.02,1, 10, 100.00
DHFL, N6, 26-Feb-2020,246.0,246.06,275.0,207.0, 228.20,228.2,241.88,159,0.38,18, 123, 77.36
DHFL, NO, 26-Feb-2020,170.0,170.0,170.0,170.0, 170.00,170.0,170.0,1,0.0,1, 1, 100.00
DHFL, NP, 26-Feb-2020,244.96,230.0,253.0,230.0, 245.00,244.75,241.65,36243,87.58,423, 23244, 64.13
DHFL, NQ, 26-Feb-2020,249.79,225.01,250.0,225.01, 250.00,250.0,235.69,262,0.62,3, 262, 100.00
DHFL, NS, 26-Feb-2020,237.0,202.25,215.55,202.25, 215.55,215.55,208.9,20,0.04,2, 10, 50.00
DHFL, NX, 26-Feb-2020,221.0,216.8,225.8,216.8, 225.05,225.05,221.27,331,0.73,7, 331, 100.00
DHFL, NY, 26-Feb-2020,236.99,212.9,283.8,212.9, 270.00,270.0,250.32,22,0.06,3, 2, 9.09
DHUNINV, EQ, 26-Feb-2020,207.95,214.35,229.9,202.1, 213.00,213.9,215.05,2061,4.43,319, 1052, 51.04
DIAMONDYD, EQ, 26-Feb-2020,732.95,730.05,749.85,702.8, 730.00,730.5,715.52,52719,377.21,440, 51869, 98.39
DIAPOWER, BZ, 26-Feb-2020,0.4,0.4,0.4,0.35, 0.35,0.35,0.35,9571,0.03,5, -, -
DICIND, EQ, 26-Feb-2020,352.2,351.0,368.0,351.0, 355.00,354.7,357.68,3010,10.77,116, 2467, 81.96
DIGISPICE, EQ, 26-Feb-2020,5.05,5.05,5.15,4.9, 4.90,4.9,5.0,1326,0.07,8, 694, 52.34
DIGJAMLTD, BZ, 26-Feb-2020,1.05,1.05,1.1,1.05, 1.10,1.1,1.08,21384,0.23,17, -, -
DISHTV, EQ, 26-Feb-2020,10.35,10.25,10.3,9.8, 9.90,9.9,10.03,9580311,960.49,15539, 3121660, 32.58
DIVISLAB, EQ, 26-Feb-2020,2116.0,2116.0,2162.95,2091.1, 2148.00,2142.1,2142.34,578955,12403.18,35668, 211441, 36.52
DIXON, EQ, 26-Feb-2020,4148.4,4130.0,4147.15,4002.2, 4019.90,4041.45,4096.52,47909,1962.6,7895, 30594, 63.86
DLF, EQ, 26-Feb-2020,216.75,214.85,217.7,210.6, 211.80,212.45,214.59,6037598,12956.2,39204, 1076660, 17.83
DLINKINDIA, EQ, 26-Feb-2020,101.85,103.45,106.7,99.9, 100.55,100.25,102.32,69941,71.56,884, 47993, 68.62
DMART, EQ, 26-Feb-2020,2331.75,2326.85,2419.0,2305.05, 2344.90,2358.4,2368.75,1302206,30846.02,81536, 406752, 31.24
DNAMEDIA, BE, 26-Feb-2020,0.35,0.3,0.35,0.3, 0.30,0.3,0.33,7124,0.02,25, -, -
DOLAT, EQ, 26-Feb-2020,55.85,55.5,56.6,54.95, 56.20,55.7,55.89,63123,35.28,192, 58722, 93.03
DOLLAR, EQ, 26-Feb-2020,170.55,169.0,175.8,167.55, 173.00,173.95,172.88,46209,79.89,894, 24758, 53.58
DONEAR, EQ, 26-Feb-2020,29.65,29.7,30.0,29.2, 30.00,29.8,29.55,15873,4.69,79, 13035, 82.12
DPABHUSHAN, SM, 26-Feb-2020,74.0,74.0,74.25,73.5, 73.50,73.5,73.92,12000,8.87,3, 12000, 100.00
DPSCLTD, EQ, 26-Feb-2020,7.6,9.1,9.1,8.0, 9.10,9.1,9.08,206786,18.77,418, 154418, 74.68
DPWIRES, EQ, 26-Feb-2020,78.8,78.7,87.8,72.75, 75.25,75.25,80.37,1979,1.59,31, 1591, 80.39
DQE, EQ, 26-Feb-2020,1.05,1.1,1.1,1.1, 1.10,1.1,1.1,56367,0.62,23, 56367, 100.00
DREDGECORP, EQ, 26-Feb-2020,317.55,314.05,321.85,310.2, 311.20,311.95,315.02,131557,414.43,4635, 34549, 26.26
DRREDDY, EQ, 26-Feb-2020,3086.9,3097.0,3115.5,3060.3, 3066.00,3075.35,3087.53,762169,23532.19,49957, 289193, 37.94
DRSDILIP, SM, 26-Feb-2020,75.15,75.05,75.05,75.05, 75.05,75.05,75.05,1600,1.2,1, 1600, 100.00
DSML, SM, 26-Feb-2020,6.0,6.3,6.3,6.3, 6.30,6.3,6.3,12000,0.76,2, 12000, 100.00
DSSL, EQ, 26-Feb-2020,23.5,24.15,24.15,22.95, 23.00,23.15,23.12,1911,0.44,39, 1252, 65.52
DTIL, EQ, 26-Feb-2020,156.55,155.1,159.95,152.0, 152.00,153.5,154.19,2162,3.33,107, 2056, 95.10
DUCON, BE, 26-Feb-2020,4.85,4.65,5.05,4.65, 5.05,5.0,4.89,38536,1.88,94, -, -
DVL, EQ, 26-Feb-2020,59.75,59.0,60.95,58.45, 59.50,59.5,60.01,13250,7.95,135, 11571, 87.33
DWARKESH, EQ, 26-Feb-2020,33.4,32.9,34.05,32.5, 33.15,33.25,33.25,874233,290.68,2983, 318777, 36.46
DYNAMATECH, EQ, 26-Feb-2020,905.9,901.0,906.0,875.0, 884.00,890.05,895.25,943,8.44,210, 769, 81.55
DYNPRO, EQ, 26-Feb-2020,151.0,154.7,154.7,147.05, 150.00,148.15,148.83,5660,8.42,476, 3759, 66.41
EASTSILK, BE, 26-Feb-2020,0.8,0.85,0.85,0.8, 0.80,0.8,0.82,2825,0.02,4, -, -
EASUNREYRL, BZ, 26-Feb-2020,2.05,2.1,2.1,2.0, 2.00,2.0,2.09,1077,0.02,5, -, -
EBBETF0423, EQ, 26-Feb-2020,1021.18,1021.3,1021.69,1020.8, 1021.66,1021.31,1021.26,3344,34.15,98, 3156, 94.38
EBBETF0430, EQ, 26-Feb-2020,1036.0,1036.0,1038.0,1036.0, 1036.75,1036.99,1037.0,24861,257.81,70, 23625, 95.03
ECLERX, EQ, 26-Feb-2020,604.05,591.0,617.7,587.0, 587.35,588.55,598.9,27696,165.87,4019, 16006, 57.79
ECLFINANCE, N5, 26-Feb-2020,999.5,999.0,999.0,997.0, 997.00,997.29,997.56,1764,17.6,16, 1702, 96.49
ECLFINANCE, N6, 26-Feb-2020,1096.38,1075.0,1075.0,1063.0, 1063.00,1067.41,1067.41,400,4.27,7, 400, 100.00
ECLFINANCE, NE, 26-Feb-2020,1087.38,1012.0,1080.0,1012.0, 1080.00,1080.0,1068.2,121,1.29,2, 100, 82.64
ECLFINANCE, NG, 26-Feb-2020,914.88,875.11,907.95,875.1, 907.95,907.95,895.38,81,0.73,3, 81, 100.00
ECLFINANCE, NH, 26-Feb-2020,1031.0,970.0,970.0,970.0, 970.00,970.0,970.0,10,0.1,1, 10, 100.00
ECLFINANCE, NJ, 26-Feb-2020,861.01,869.0,870.0,850.0, 870.00,860.52,861.18,425,3.66,4, 425, 100.00
ECLFINANCE, NM, 26-Feb-2020,954.79,930.0,935.0,916.1, 935.00,935.0,925.35,434,4.02,5, 432, 99.54
ECLFINANCE, NN, 26-Feb-2020,1038.51,1040.0,1040.0,830.81, 1030.00,1030.0,985.58,2161,21.3,31, 1252, 57.94
ECLFINANCE, NO, 26-Feb-2020,950.0,940.2,940.2,936.0, 936.00,936.0,936.63,750,7.02,18, 700, 93.33
ECLFINANCE, NQ, 26-Feb-2020,990.65,975.9,975.9,970.8, 972.00,972.0,972.53,8,0.08,3, 5, 62.50
ECLFINANCE, NR, 26-Feb-2020,964.0,970.0,977.9,906.0, 950.00,937.86,966.41,12267,118.55,53, 11418, 93.08
ECLFINANCE, NS, 26-Feb-2020,890.0,940.0,940.0,920.0, 920.00,920.0,930.0,2,0.02,2, 1, 50.00
EDELWEISS, EQ, 26-Feb-2020,97.4,98.6,100.8,94.75, 96.60,97.15,97.74,2741309,2679.25,21363, 1451427, 52.95
EDL, BZ, 26-Feb-2020,3.45,3.3,3.6,3.3, 3.60,3.55,3.31,3212,0.11,20, -, -
EDUCOMP, BZ, 26-Feb-2020,1.05,1.05,1.05,1.0, 1.05,1.0,1.01,17520,0.18,38, -, -
EHFLNCD, N3, 26-Feb-2020,955.0,950.0,1000.0,950.0, 1000.00,1000.0,986.5,137,1.35,2, 137, 100.00
EHFLNCD, N4, 26-Feb-2020,1278.0,1230.0,1230.0,1230.0, 1230.00,1230.0,1230.0,39,0.48,1, 39, 100.00
EHFLNCD, N5, 26-Feb-2020,880.0,855.0,855.0,855.0, 855.00,855.0,855.0,5,0.04,1, 5, 100.00
EHFLNCD, N6, 26-Feb-2020,905.67,915.0,915.0,880.0, 880.00,880.0,901.0,25,0.23,2, 25, 100.00
EICHERMOT, EQ, 26-Feb-2020,17532.3,17430.0,17600.0,17035.4, 17237.30,17156.95,17285.51,215113,37183.39,54182, 50775, 23.60
EIDPARRY, EQ, 26-Feb-2020,196.0,193.0,199.0,191.7, 199.00,196.05,194.68,134400,261.66,2633, 45058, 33.53
EIFFL, SM, 26-Feb-2020,112.85,106.0,112.7,106.0, 112.50,112.5,111.39,6400,7.13,7, 6400, 100.00
EIHAHOTELS, EQ, 26-Feb-2020,288.55,292.0,294.0,273.95, 277.00,279.35,281.75,1588,4.47,154, 1224, 77.08
EIHOTEL, EQ, 26-Feb-2020,138.35,135.3,138.1,134.6, 135.10,135.35,136.26,32222,43.91,820, 20527, 63.70
EIMCOELECO, EQ, 26-Feb-2020,300.2,306.0,306.0,300.05, 304.00,303.95,303.26,1189,3.61,37, 875, 73.59
EKC, EQ, 26-Feb-2020,23.85,23.8,23.85,22.75, 23.85,23.05,23.19,58909,13.66,501, 36814, 62.49
ELECON, EQ, 26-Feb-2020,30.75,30.5,31.2,28.8, 29.00,29.25,29.73,108325,32.21,873, 86197, 79.57
ELECTCAST, EQ, 26-Feb-2020,14.8,14.8,15.4,14.55, 15.00,15.0,14.97,237035,35.48,554, 159875, 67.45
ELECTHERM, EQ, 26-Feb-2020,133.15,133.15,139.0,130.35, 134.05,136.9,136.88,29886,40.91,268, 15574, 52.11
ELGIEQUIP, EQ, 26-Feb-2020,219.15,218.5,220.45,212.0, 213.30,215.2,215.38,88698,191.04,398, 6788, 7.65
ELGIRUBCO, EQ, 26-Feb-2020,17.9,19.7,21.0,17.1, 17.20,17.25,17.5,1246,0.22,41, 1125, 90.29
EMAMILTD, EQ, 26-Feb-2020,269.55,269.4,278.5,264.0, 269.10,270.3,271.4,479077,1300.21,10511, 198961, 41.53
EMAMIPAP, EQ, 26-Feb-2020,91.8,90.2,94.2,89.3, 89.30,90.35,91.37,9400,8.59,315, 5692, 60.55
EMAMIREAL, BE, 26-Feb-2020,44.25,44.2,45.8,43.35, 44.00,44.1,44.64,4364,1.95,62, -, -
EMBASSY, RR, 26-Feb-2020,434.53,427.65,440.75,426.31, 440.75,440.06,436.01,89400,389.79,348, 72800, 81.43
EMCO, BZ, 26-Feb-2020,0.7,0.7,0.75,0.65, 0.70,0.7,0.7,6751,0.05,5, -, -
EMKAY, EQ, 26-Feb-2020,58.8,59.8,59.8,56.25, 57.90,56.95,57.49,7351,4.23,160, 5982, 81.38
EMKAYTOOLS, SM, 26-Feb-2020,150.0,156.9,157.0,156.9, 157.00,157.0,157.0,160200,251.51,33, 160200, 100.00
EMMBI, EQ, 26-Feb-2020,96.1,96.05,98.45,92.0, 94.00,93.2,95.0,6002,5.7,298, 3812, 63.51
EMOFSR1RDP, MF, 26-Feb-2020,9.38,9.45,9.48,9.45, 9.48,9.48,9.47,8000,0.76,3, 8000, 100.00
EMOFSR1RGG, MF, 26-Feb-2020,9.57,9.52,9.55,9.52, 9.53,9.53,9.54,33162,3.16,34, 33162, 100.00
ENDURANCE, EQ, 26-Feb-2020,993.0,993.55,999.0,960.0, 966.10,974.35,980.0,22198,217.54,4664, 13941, 62.80
ENERGYDEV, EQ, 26-Feb-2020,5.05,5.05,5.2,5.0, 5.15,5.15,5.01,37592,1.88,30, 37091, 98.67
ENGINERSIN, EQ, 26-Feb-2020,80.7,80.4,80.65,74.5, 74.65,74.95,76.97,1564697,1204.42,12671, 1089155, 69.61
ENIL, EQ, 26-Feb-2020,212.3,206.5,210.7,205.0, 207.95,208.55,208.1,11010,22.91,351, 6801, 61.77
EON, EQ, 26-Feb-2020,12.1,12.1,12.5,11.75, 12.10,12.2,12.05,2457,0.3,48, 2122, 86.37
EQ30, EQ, 26-Feb-2020,332.11,332.11,340.98,332.01, 332.01,332.01,332.48,22,0.07,4, 13, 59.09
EQUITAS, EQ, 26-Feb-2020,114.15,114.8,115.95,113.5, 114.70,114.45,114.74,4163094,4776.64,24295, 1237636, 29.73
ERFLNCDI, N5, 26-Feb-2020,825.0,830.0,830.0,820.0, 820.00,820.0,828.87,398,3.3,9, 353, 88.69
ERFLNCDI, N6, 26-Feb-2020,910.0,902.3,902.3,895.0, 895.00,895.0,898.93,608,5.47,7, 608, 100.00
ERIS, EQ, 26-Feb-2020,422.0,421.95,431.5,405.1, 411.50,413.35,420.89,28392,119.5,2017, 12092, 42.59
EROSMEDIA, EQ, 26-Feb-2020,13.75,13.85,14.1,13.4, 14.10,13.9,13.94,145915,20.34,304, 131064, 89.82
ESABINDIA, EQ, 26-Feb-2020,1551.5,1535.1,1553.55,1472.65, 1490.00,1496.55,1515.95,4972,75.37,1307, 2878, 57.88
ESCORTS, EQ, 26-Feb-2020,830.25,827.3,839.45,818.55, 827.35,827.85,829.28,2403134,19928.7,39737, 292303, 12.16
ESSARSHPNG, EQ, 26-Feb-2020,6.5,6.3,6.75,6.25, 6.65,6.6,6.5,15852,1.03,65, 8387, 52.91
ESSELPACK, EQ, 26-Feb-2020,191.0,191.45,191.45,186.4, 188.30,188.25,189.1,125856,238.0,3688, 55812, 44.35
ESTER, EQ, 26-Feb-2020,37.4,37.9,38.8,37.15, 38.15,37.8,37.95,66963,25.41,674, 48728, 72.77
EUROCERA, BZ, 26-Feb-2020,0.45,0.45,0.5,0.45, 0.50,0.5,0.49,5271,0.03,6, -, -
EUROMULTI, BE, 26-Feb-2020,0.35,0.35,0.35,0.35, 0.35,0.35,0.35,500,0.0,1, -, -
EUROTEXIND, EQ, 26-Feb-2020,8.0,8.5,8.5,7.5, 8.20,8.2,7.68,358,0.03,6, 307, 85.75
EVEREADY, EQ, 26-Feb-2020,64.55,64.15,68.4,63.05, 68.00,68.0,66.6,327788,218.3,2659, 195246, 59.56
EVERESTIND, EQ, 26-Feb-2020,221.4,219.0,229.5,213.35, 218.50,218.7,221.39,59461,131.64,3401, 21978, 36.96
EXCEL, BE, 26-Feb-2020,1.1,1.05,1.15,1.05, 1.10,1.1,1.09,89933,0.98,64, -, -
EXCELINDUS, EQ, 26-Feb-2020,682.1,680.0,684.5,662.8, 667.00,665.15,669.47,20422,136.72,1730, 14484, 70.92
EXIDEIND, EQ, 26-Feb-2020,173.65,173.65,174.4,168.0, 169.80,170.1,169.94,3201542,5440.77,27614, 1220110, 38.11
EXPLEOSOL, EQ, 26-Feb-2020,295.3,291.8,294.0,286.45, 291.00,289.25,290.27,1257,3.65,115, 721, 57.36
FACT, EQ, 26-Feb-2020,36.5,35.8,36.5,35.0, 35.05,35.15,35.71,73714,26.32,797, 30765, 41.74
FAIRCHEM, EQ, 26-Feb-2020,614.15,618.8,719.8,606.8, 674.80,674.2,684.09,829214,5672.54,34766, 137886, 16.63
FCL, EQ, 26-Feb-2020,25.0,24.3,26.15,24.3, 25.15,25.1,25.26,260553,65.83,1264, 118062, 45.31
FCONSUMER, EQ, 26-Feb-2020,17.7,17.7,17.8,16.3, 16.90,16.65,16.85,5895168,993.44,6960, 3911420, 66.35
FCSSOFT, EQ, 26-Feb-2020,0.2,0.2,0.25,0.15, 0.20,0.2,0.2,503619,1.01,216, 385594, 76.56
FDC, EQ, 26-Feb-2020,260.7,259.0,260.7,245.0, 249.35,247.55,253.61,110208,279.5,7002, 66095, 59.97
FEDERALBNK, EQ, 26-Feb-2020,86.4,85.75,86.1,84.6, 85.20,85.05,85.45,4161156,3555.7,15017, 1159680, 27.87
FEL, EQ, 26-Feb-2020,21.1,21.1,21.4,20.5, 20.65,20.6,20.74,151707,31.47,1365, 103646, 68.32
FELDVR, EQ, 26-Feb-2020,20.4,20.55,20.6,20.05, 20.20,20.2,20.28,2049,0.42,19, 1487, 72.57
FIEMIND, EQ, 26-Feb-2020,476.8,477.0,477.0,459.0, 462.00,463.1,463.67,8129,37.69,421, 5457, 67.13
FILATEX, EQ, 26-Feb-2020,39.0,38.3,38.85,37.7, 37.85,38.0,38.22,96305,36.81,326, 70770, 73.49
FINCABLES, EQ, 26-Feb-2020,349.65,348.7,356.7,346.55, 349.35,347.8,351.0,43042,151.08,2204, 23169, 53.83
FINEORG, EQ, 26-Feb-2020,2241.45,2240.0,2284.0,2220.05, 2235.50,2241.65,2247.42,25109,564.3,3149, 16793, 66.88
FINPIPE, EQ, 26-Feb-2020,556.2,548.1,556.2,548.1, 553.45,553.4,553.3,12385,68.53,1262, 8119, 65.56
FLEXITUFF, BE, 26-Feb-2020,6.45,6.15,6.15,6.15, 6.15,6.15,6.15,1014,0.06,11, -, -
FLFL, EQ, 26-Feb-2020,365.0,362.85,373.55,350.6, 361.75,363.95,364.4,36547,133.18,2276, 22998, 62.93
FLUOROCHEM, EQ, 26-Feb-2020,541.9,552.95,552.95,538.0, 547.00,540.2,543.06,2914,15.82,238, 1684, 57.79
FMGOETZE, EQ, 26-Feb-2020,535.8,535.0,556.0,535.0, 556.00,554.3,547.45,1157,6.33,182, 635, 54.88
FMNL, EQ, 26-Feb-2020,23.3,24.65,24.65,22.5, 22.60,22.95,23.17,6590,1.53,96, 5266, 79.91
FOCUS, SM, 26-Feb-2020,33.05,34.0,34.0,34.0, 34.00,34.0,34.0,3000,1.02,1, 3000, 100.00
FORCEMOT, EQ, 26-Feb-2020,1208.0,1212.0,1223.8,1178.55, 1182.10,1188.65,1201.62,33222,399.2,3068, 10713, 32.25
FORTIS, EQ, 26-Feb-2020,154.6,154.6,160.25,153.1, 155.50,156.7,157.58,2099578,3308.47,12248, 1195513, 56.94
FOSECOIND, EQ, 26-Feb-2020,1354.85,1336.0,1355.0,1330.4, 1349.00,1345.7,1339.73,357,4.78,71, 196, 54.90
FRETAIL, EQ, 26-Feb-2020,329.9,328.8,329.5,316.6, 325.10,321.25,323.02,1413474,4565.8,7002, 409004, 28.94
FSC, EQ, 26-Feb-2020,431.2,425.0,428.9,410.0, 417.95,417.2,419.87,6516,27.36,636, 4810, 73.82
FSL, EQ, 26-Feb-2020,45.9,45.0,46.2,44.7, 45.55,45.65,45.67,1261510,576.09,6823, 535448, 42.45
GABRIEL, EQ, 26-Feb-2020,99.0,98.05,99.5,95.3, 98.80,98.1,97.72,41031,40.1,1338, 23183, 56.50
GAEL, EQ, 26-Feb-2020,166.3,163.75,179.0,161.3, 172.55,173.3,171.85,184563,317.17,6441, 61045, 33.08
GAIL, EQ, 26-Feb-2020,114.0,114.0,114.1,107.6, 108.15,108.05,109.93,18072839,19867.48,91833, 7234470, 40.03
GAL, EQ, 26-Feb-2020,1.9,1.85,1.95,1.85, 1.85,1.85,1.86,5204,0.1,27, 5104, 98.08
GALAXYSURF, EQ, 26-Feb-2020,1598.5,1598.5,1665.0,1572.2, 1620.00,1627.35,1618.06,17682,286.1,2258, 7607, 43.02
GALLANTT, EQ, 26-Feb-2020,26.0,26.0,26.0,23.1, 24.40,23.65,24.49,18033,4.42,190, 10954, 60.74
GALLISPAT, EQ, 26-Feb-2020,21.05,21.0,23.6,20.0, 21.45,21.4,20.91,19649,4.11,184, 18212, 92.69
GAMMNINFRA, BE, 26-Feb-2020,0.3,0.35,0.35,0.25, 0.35,0.3,0.31,2246405,7.03,202, -, -
GANDHITUBE, EQ, 26-Feb-2020,237.9,238.05,238.05,225.6, 225.80,228.9,233.97,1077,2.52,59, 796, 73.91
GANECOS, EQ, 26-Feb-2020,349.0,351.45,358.5,335.0, 339.00,341.25,345.3,18842,65.06,641, 13492, 71.61
GANESHHOUC, BE, 26-Feb-2020,30.0,29.1,30.0,28.5, 28.90,29.5,29.03,25764,7.48,212, -, -
GANGESSECU, EQ, 26-Feb-2020,35.5,32.55,33.95,32.4, 32.60,32.9,32.65,624,0.2,35, 411, 65.87
GANGOTRI, BZ, 26-Feb-2020,0.5,0.45,0.45,0.45, 0.45,0.45,0.45,2480,0.01,16, -, -
GARDENSILK, BE, 26-Feb-2020,9.25,9.25,9.25,9.0, 9.10,9.1,9.12,18254,1.66,40, -, -
GARFIBRES, EQ, 26-Feb-2020,1542.55,1565.0,1665.05,1545.1, 1647.85,1645.3,1622.01,23112,374.88,3031, 12408, 53.69
GATI, EQ, 26-Feb-2020,66.15,66.0,67.25,65.45, 67.05,67.0,66.4,774790,514.45,1614, 626205, 80.82
GAYAHWS, BE, 26-Feb-2020,0.3,0.3,0.3,0.25, 0.25,0.3,0.29,35503,0.1,19, -, -
GAYAPROJ, EQ, 26-Feb-2020,22.85,21.75,21.75,21.75, 21.75,21.75,21.75,32756,7.12,80, 32752, 99.99
GDL, EQ, 26-Feb-2020,123.0,123.5,123.5,120.9, 121.30,121.05,121.08,21549,26.09,416, 17708, 82.18
GEECEE, EQ, 26-Feb-2020,74.25,75.0,76.9,72.05, 72.35,72.3,73.01,3000,2.19,98, 2295, 76.50
GENESYS, EQ, 26-Feb-2020,57.7,57.0,61.95,56.1, 61.95,58.05,57.24,4648,2.66,125, 2610, 56.15
GENUSPAPER, EQ, 26-Feb-2020,5.05,5.1,5.1,4.9, 4.95,4.95,4.99,45115,2.25,105, 33464, 74.17
GENUSPOWER, EQ, 26-Feb-2020,26.0,26.0,26.0,24.75, 24.90,25.0,25.31,100234,25.37,406, 81925, 81.73
GEOJITFSL, EQ, 26-Feb-2020,27.1,27.0,27.15,26.1, 26.10,26.2,26.55,169144,44.91,1809, 114971, 67.97
GEPIL, EQ, 26-Feb-2020,740.7,740.7,745.45,720.0, 723.00,726.5,732.73,9288,68.06,955, 5658, 60.92
GESHIP, EQ, 26-Feb-2020,256.9,257.75,267.0,251.05, 262.95,258.55,254.23,324259,824.36,3253, 286401, 88.32
GET&D, EQ, 26-Feb-2020,130.6,130.1,131.4,126.05, 128.55,129.0,129.0,38505,49.67,1569, 23390, 60.75
GFLLIMITED, EQ, 26-Feb-2020,150.35,150.0,155.95,147.05, 149.90,148.95,152.09,61648,93.76,2115, 24809, 40.24
GHCL, EQ, 26-Feb-2020,173.85,172.55,180.5,171.45, 180.00,178.45,177.9,788188,1402.15,6966, 346235, 43.93
GICHSGFIN, EQ, 26-Feb-2020,106.6,105.2,107.6,101.15, 101.70,101.65,103.48,219817,227.46,4022, 121641, 55.34
GICRE, EQ, 26-Feb-2020,198.7,197.9,198.65,187.05, 189.60,190.05,191.7,375679,720.18,10956, 211062, 56.18
GILLANDERS, EQ, 26-Feb-2020,26.5,25.1,27.45,24.9, 26.00,26.0,25.56,2181,0.56,43, 1899, 87.07
GILLETTE, EQ, 26-Feb-2020,5818.85,5818.85,5899.95,5800.5, 5835.75,5832.85,5836.72,3262,190.39,1304, 2007, 61.53
GINNIFILA, EQ, 26-Feb-2020,8.9,8.8,9.15,8.15, 8.65,8.65,8.64,34542,2.98,165, 24737, 71.61
GIPCL, EQ, 26-Feb-2020,68.45,67.7,69.5,67.6, 68.00,67.95,68.46,64287,44.01,727, 40937, 63.68
GKWLIMITED, EQ, 26-Feb-2020,684.0,634.8,678.95,634.8, 673.90,660.15,658.42,19,0.13,8, 8, 42.11
GLAXO, EQ, 26-Feb-2020,1366.15,1364.9,1395.95,1340.0, 1344.40,1355.95,1373.33,81279,1116.23,5714, 39145, 48.16
GLENMARK, EQ, 26-Feb-2020,292.1,297.0,303.9,294.0, 296.35,295.9,298.75,4896790,14629.1,56585, 452389, 9.24
GLFL, EQ, 26-Feb-2020,0.7,0.75,0.75,0.75, 0.75,0.75,0.75,74,0.0,2, 74, 100.00
GLOBALVECT, EQ, 26-Feb-2020,54.25,53.1,62.4,52.25, 55.45,55.0,57.15,13483,7.71,312, 7167, 53.16
GLOBOFFS, EQ, 26-Feb-2020,4.4,4.3,4.55,4.3, 4.30,4.3,4.34,1236,0.05,11, 1136, 91.91
GLOBUSSPR, EQ, 26-Feb-2020,131.75,131.4,131.4,127.25, 127.90,128.85,129.35,119874,155.05,2270, 54975, 45.86
GMBREW, EQ, 26-Feb-2020,420.65,420.65,421.0,401.0, 407.95,404.45,409.6,30993,126.95,1200, 17549, 56.62
GMDCLTD, EQ, 26-Feb-2020,55.65,55.6,55.65,53.55, 53.90,53.9,54.45,163160,88.84,2253, 122220, 74.91
GMMPFAUDLR, EQ, 26-Feb-2020,3261.3,3261.3,3261.3,3100.1, 3180.00,3177.9,3167.8,32975,1044.58,4799, 15113, 45.83
GMRINFRA, EQ, 26-Feb-2020,25.55,25.45,25.45,24.2, 24.35,24.4,24.85,38602471,9593.08,34327, 14002992, 36.27
GNA, EQ, 26-Feb-2020,230.05,226.3,230.65,226.3, 228.00,228.25,228.68,14563,33.3,879, 8783, 60.31
GNFC, EQ, 26-Feb-2020,173.15,172.8,173.0,168.1, 168.70,169.15,170.76,321907,549.68,6685, 139913, 43.46
GOACARBON, BE, 26-Feb-2020,220.15,220.15,226.6,218.75, 226.00,225.45,223.18,5785,12.91,241, -, -
GOCLCORP, EQ, 26-Feb-2020,264.6,262.15,268.8,260.1, 260.10,261.0,263.7,2431,6.41,175, 1613, 66.35
GODFRYPHLP, EQ, 26-Feb-2020,1226.8,1215.95,1230.0,1182.55, 1188.00,1187.7,1201.86,117876,1416.71,9532, 43499, 36.90
GODREJAGRO, EQ, 26-Feb-2020,526.7,521.25,524.0,490.0, 505.90,501.2,505.86,72233,365.4,3732, 40285, 55.77
GODREJCP, EQ, 26-Feb-2020,615.75,610.2,612.75,599.0, 602.00,601.25,605.08,1089270,6590.98,26228, 650964, 59.76
GODREJIND, EQ, 26-Feb-2020,417.75,417.0,417.0,400.4, 414.00,410.65,406.34,174955,710.91,12335, 90528, 51.74
GODREJPROP, EQ, 26-Feb-2020,1099.95,1094.0,1099.45,1052.3, 1077.20,1082.1,1075.56,89304,960.52,6378, 42417, 47.50
GOENKA, BZ, 26-Feb-2020,0.25,0.25,0.3,0.25, 0.30,0.3,0.27,21164,0.06,16, -, -
GOKEX, EQ, 26-Feb-2020,64.45,64.95,67.95,63.25, 65.05,65.15,66.33,157673,104.59,2640, 49560, 31.43
GOKUL, EQ, 26-Feb-2020,9.35,9.35,9.55,8.9, 9.40,9.05,9.16,1756,0.16,21, 1152, 65.60
GOKULAGRO, EQ, 26-Feb-2020,12.1,12.7,12.7,11.6, 12.60,12.6,12.35,15173,1.87,110, 4940, 32.56
GOLDBEES, EQ, 26-Feb-2020,37.44,37.49,37.65,37.2, 37.49,37.52,37.43,2451716,917.62,6544, 1769834, 72.19
GOLDENTOBC, EQ, 26-Feb-2020,24.5,25.7,25.7,23.3, 24.05,24.05,24.24,985,0.24,31, 839, 85.18
GOLDIAM, EQ, 26-Feb-2020,155.05,155.0,176.4,152.0, 171.30,171.2,162.22,693030,1124.24,8647, 383697, 55.37
GOLDSHARE, EQ, 26-Feb-2020,3775.15,3770.0,3797.45,3760.05, 3780.00,3783.4,3771.4,1048,39.52,215, 671, 64.03
GOLDSTAR, SM, 26-Feb-2020,24.9,24.9,24.95,24.9, 24.95,24.95,24.92,102000,25.42,10, 102000, 100.00
GOLDTECH, EQ, 26-Feb-2020,8.35,8.75,8.75,8.05, 8.30,8.15,8.17,6380,0.52,111, 4749, 74.44
GOODLUCK, EQ, 26-Feb-2020,45.75,45.05,45.05,44.1, 44.60,44.6,44.67,6738,3.01,133, 4806, 71.33
GPIL, EQ, 26-Feb-2020,179.45,180.6,197.0,180.55, 184.90,184.9,189.11,113463,214.57,4544, 42198, 37.19
GPPL, EQ, 26-Feb-2020,75.8,76.1,78.05,75.05, 76.15,76.45,76.28,183270,139.8,3670, 98953, 53.99
GPTINFRA, EQ, 26-Feb-2020,32.4,34.15,34.15,28.75, 30.55,29.75,30.22,115731,34.97,296, 88586, 76.54
GRANULES, EQ, 26-Feb-2020,174.45,172.0,178.2,170.7, 173.30,173.4,174.87,1248658,2183.53,14719, 308133, 24.68
GRAPHITE, EQ, 26-Feb-2020,255.45,255.0,266.65,253.2, 254.45,255.05,259.64,1104550,2867.9,18221, 195959, 17.74
GRASIM, EQ, 26-Feb-2020,720.4,718.0,722.2,700.0, 700.00,702.8,707.06,2841126,20088.54,39543, 1019337, 35.88
GRAVITA, EQ, 26-Feb-2020,57.6,56.9,60.5,54.5, 59.25,59.5,57.99,321581,186.49,2695, 124584, 38.74
GREAVESCOT, EQ, 26-Feb-2020,137.05,136.5,136.95,132.0, 132.20,132.5,134.3,172129,231.17,6023, 93946, 54.58
GREENLAM, EQ, 26-Feb-2020,964.05,966.0,973.7,942.5, 956.00,949.4,954.26,1526,14.56,224, 849, 55.64
GREENPANEL, EQ, 26-Feb-2020,53.4,53.05,53.05,51.7, 52.55,52.35,52.46,83341,43.72,1050, 63829, 76.59
GREENPLY, EQ, 26-Feb-2020,128.85,129.2,134.85,125.6, 130.15,133.6,131.01,115056,150.74,5080, 39658, 34.47
GREENPOWER, BE, 26-Feb-2020,1.95,1.95,1.95,1.9, 1.90,1.9,1.91,40578,0.78,69, -, -
GRINDWELL, EQ, 26-Feb-2020,599.6,595.0,601.0,593.95, 596.00,596.0,596.12,33709,200.95,2378, 32035, 95.03
GROBTEA, BE, 26-Feb-2020,363.35,346.0,381.5,346.0, 370.00,370.0,374.55,104,0.39,11, -, -
GRPLTD, EQ, 26-Feb-2020,769.2,730.05,814.75,730.05, 756.30,757.5,759.62,368,2.8,83, 224, 60.87
GRSE, EQ, 26-Feb-2020,173.05,173.9,173.9,170.2, 171.75,171.45,171.9,283995,488.18,4899, 220912, 77.79
GSCLCEMENT, EQ, 26-Feb-2020,22.3,22.1,23.4,22.1, 22.20,22.25,22.6,218001,49.27,887, 109320, 50.15
GSFC, EQ, 26-Feb-2020,66.65,66.0,67.35,65.55, 66.40,66.5,66.67,203184,135.46,2257, 94514, 46.52
GSKCONS, EQ, 26-Feb-2020,9622.65,9610.0,9693.3,9459.0, 9613.00,9628.8,9644.33,16475,1588.9,4348, 7688, 46.66
GSPL, EQ, 26-Feb-2020,236.4,237.0,238.9,232.55, 234.00,235.9,235.49,448088,1055.2,16225, 343459, 76.65
GSS, EQ, 26-Feb-2020,35.9,36.3,36.3,34.5, 35.05,35.1,35.32,2831,1.0,52, 1957, 69.13
GTL, EQ, 26-Feb-2020,1.65,1.7,1.7,1.6, 1.65,1.6,1.66,37235,0.62,76, 31609, 84.89
GTLINFRA, EQ, 26-Feb-2020,0.4,0.4,0.45,0.35, 0.45,0.4,0.41,17979739,73.06,1676, 11753643, 65.37
GTNIND, BE, 26-Feb-2020,6.8,6.75,6.75,6.7, 6.70,6.7,6.73,300,0.02,3, -, -
GTPL, EQ, 26-Feb-2020,66.75,66.05,68.0,65.35, 68.00,67.0,66.15,41363,27.36,440, 35953, 86.92
GUFICBIO, EQ, 26-Feb-2020,67.95,66.15,70.4,66.15, 67.75,67.9,67.84,31741,21.53,511, 18099, 57.02
GUJALKALI, EQ, 26-Feb-2020,356.2,356.0,367.75,350.5, 353.00,353.25,359.5,42589,153.11,2982, 18326, 43.03
GUJAPOLLO, EQ, 26-Feb-2020,119.1,121.0,123.45,116.2, 121.00,121.1,119.47,797,0.95,114, 578, 72.52
GUJGASLTD, EQ, 26-Feb-2020,289.95,291.65,292.7,282.55, 284.00,284.5,285.7,1085650,3101.66,27488, 783828, 72.20
GUJRAFFIA, BE, 26-Feb-2020,10.0,10.0,10.0,10.0, 10.00,10.0,10.0,1,0.0,1, -, -
GULFOILLUB, EQ, 26-Feb-2020,737.45,726.0,735.0,708.0, 709.05,712.75,724.8,15570,112.85,1038, 13133, 84.35
GULFPETRO, EQ, 26-Feb-2020,46.9,46.9,47.0,46.0, 47.00,46.6,46.26,9026,4.18,159, 5738, 63.57
GULPOLY, EQ, 26-Feb-2020,46.2,46.1,47.8,43.1, 43.40,43.2,45.36,15415,6.99,252, 10870, 70.52
GVKPIL, EQ, 26-Feb-2020,4.1,4.1,4.15,3.95, 4.05,3.95,4.03,1022755,41.21,614, 739750, 72.33
HAL, EQ, 26-Feb-2020,714.2,707.0,720.0,700.4, 701.20,705.35,709.78,49062,348.23,2969, 17428, 35.52
HARITASEAT, EQ, 26-Feb-2020,473.3,474.95,476.0,468.1, 475.90,470.45,472.76,718,3.39,48, 369, 51.39
HARRMALAYA, EQ, 26-Feb-2020,62.65,62.0,62.5,60.65, 62.00,61.95,61.85,37739,23.34,380, 26999, 71.54
HATHWAY, EQ, 26-Feb-2020,21.35,20.75,21.4,20.1, 21.20,20.85,20.8,320608,66.68,1873, 151642, 47.30
HATSUN, EQ, 26-Feb-2020,665.75,671.95,674.0,664.95, 665.00,665.1,665.32,12036,80.08,1370, 11003, 91.42
HAVELLS, EQ, 26-Feb-2020,643.6,640.55,652.7,636.0, 644.60,646.8,645.9,1824325,11783.29,44703, 518434, 28.42
HAVISHA, BE, 26-Feb-2020,0.65,0.7,0.7,0.6, 0.60,0.6,0.69,16141,0.11,14, -, -
HBLPOWER, EQ, 26-Feb-2020,16.05,15.9,16.0,15.4, 15.60,15.55,15.73,118282,18.61,528, 81051, 68.52
HCC, EQ, 26-Feb-2020,8.85,8.75,8.85,8.6, 8.75,8.65,8.72,1060168,92.46,1577, 535622, 50.52
HCG, EQ, 26-Feb-2020,112.45,114.0,114.3,110.05, 113.00,112.05,112.03,207937,232.94,932, 205739, 98.94
HCL-INSYS, EQ, 26-Feb-2020,6.0,6.0,6.0,5.8, 5.90,5.9,5.93,282873,16.77,558, 170084, 60.13
HCLTECH, EQ, 26-Feb-2020,582.45,576.9,589.05,575.5, 583.25,583.6,582.92,5460070,31827.73,100228, 3912612, 71.66
HDFC, EQ, 26-Feb-2020,2302.6,2278.0,2309.5,2253.55, 2276.50,2281.45,2284.08,6163133,140770.71,176704, 4490066, 72.85
HDFCAMC, EQ, 26-Feb-2020,3264.5,3250.0,3315.0,3225.0, 3266.85,3273.75,3275.24,395946,12968.16,33015, 169295, 42.76
HDFCBANK, EQ, 26-Feb-2020,1200.3,1197.5,1204.7,1185.65, 1201.10,1199.25,1195.09,6907393,82549.56,191519, 4691104, 67.91
HDFCLIFE, EQ, 26-Feb-2020,569.5,565.3,571.45,555.0, 556.50,557.05,563.17,2313470,13028.79,53757, 1433996, 61.98
HDFCMFGETF, EQ, 26-Feb-2020,3827.85,3819.95,3848.0,3793.5, 3840.00,3839.8,3830.89,8588,329.0,786, 5266, 61.32
HDFCNIFETF, EQ, 26-Feb-2020,1243.81,1236.59,1240.0,1228.0, 1233.00,1232.75,1234.35,1453,17.94,161, 1273, 87.61
HDFCSENETF, EQ, 26-Feb-2020,4251.0,4366.0,4416.0,4210.0, 4220.00,4220.0,4252.88,207,8.8,36, 180, 86.96
HDIL, BE, 26-Feb-2020,2.6,2.7,2.7,2.5, 2.50,2.5,2.59,801712,20.79,694, -, -
HEG, EQ, 26-Feb-2020,963.1,959.5,995.0,948.1, 953.00,961.15,975.65,335090,3269.31,16224, 59458, 17.74
HEIDELBERG, EQ, 26-Feb-2020,199.35,197.2,212.7,197.2, 204.50,203.4,206.13,949547,1957.32,13600, 230772, 24.30
HEOF1126RD, MF, 26-Feb-2020,8.7,9.4,9.4,9.4, 9.40,9.4,9.4,1000,0.09,1, 1000, 100.00
HERCULES, EQ, 26-Feb-2020,81.15,80.95,82.9,80.0, 80.95,80.5,80.96,7111,5.76,230, 3672, 51.64
HERITGFOOD, EQ, 26-Feb-2020,352.4,350.0,350.0,337.0, 338.00,339.45,343.05,19382,66.49,1257, 10398, 53.65
HEROMOTOCO, EQ, 26-Feb-2020,2184.15,2180.0,2195.0,2136.0, 2149.00,2142.55,2162.58,972076,21021.96,54477, 426700, 43.90
HESTERBIO, EQ, 26-Feb-2020,1486.35,1495.0,1561.0,1490.05, 1561.00,1524.05,1508.86,3241,48.9,260, 2408, 74.30
HEXATRADEX, BE, 26-Feb-2020,10.7,10.2,10.7,10.2, 10.20,10.2,10.34,468,0.05,15, -, -
HEXAWARE, EQ, 26-Feb-2020,365.0,360.5,367.95,360.5, 365.00,365.05,364.85,355557,1297.26,9023, 205629, 57.83
HFCL, EQ, 26-Feb-2020,16.9,16.8,16.85,16.4, 16.60,16.5,16.56,752063,124.56,3314, 504570, 67.09
HGINFRA, EQ, 26-Feb-2020,244.95,236.0,241.7,231.0, 235.00,233.45,236.09,22127,52.24,822, 16914, 76.44
HGS, EQ, 26-Feb-2020,889.85,889.1,889.1,869.55, 870.00,871.55,874.5,9184,80.31,553, 5996, 65.29
HHOF1140RG, MF, 26-Feb-2020,8.5,8.35,8.6,8.35, 8.60,8.6,8.35,50005,4.18,6, 50005, 100.00
HIKAL, EQ, 26-Feb-2020,130.35,129.0,136.5,127.45, 134.75,133.9,133.15,799942,1065.1,9694, 389943, 48.75
HIL, EQ, 26-Feb-2020,1084.05,1084.05,1088.25,1070.0, 1070.20,1073.85,1079.68,7794,84.15,1165, 5463, 70.09
HILTON, BE, 26-Feb-2020,10.0,9.5,9.55,9.5, 9.55,9.55,9.51,7000,0.67,27, -, -
HIMATSEIDE, EQ, 26-Feb-2020,111.35,110.45,111.05,104.4, 107.90,106.45,108.08,102660,110.95,1701, 48535, 47.28
HINDALCO, EQ, 26-Feb-2020,174.45,172.95,173.2,167.75, 169.85,169.9,169.93,16855158,28641.67,86262, 7170275, 42.54
HINDCOMPOS, EQ, 26-Feb-2020,175.3,176.0,176.0,166.05, 170.35,171.9,172.42,4446,7.67,207, 3700, 83.22
HINDCOPPER, EQ, 26-Feb-2020,35.0,34.8,35.0,33.8, 34.15,34.25,34.26,551075,188.81,2553, 249370, 45.25
HINDMOTORS, EQ, 26-Feb-2020,4.9,4.9,4.9,4.85, 4.85,4.9,4.88,42577,2.08,97, 42152, 99.00
HINDNATGLS, BE, 26-Feb-2020,34.0,33.05,35.25,33.0, 35.25,35.25,33.11,5165,1.71,5, -, -
HINDOILEXP, EQ, 26-Feb-2020,88.7,88.0,88.65,83.0, 83.00,83.8,85.41,140540,120.03,1764, 88383, 62.89
HINDPETRO, EQ, 26-Feb-2020,211.05,211.0,211.3,207.15, 208.40,208.85,209.04,5069210,10596.79,43117, 2435380, 48.04
HINDSYNTEX, BE, 26-Feb-2020,1.5,1.45,1.45,1.45, 1.45,1.45,1.45,501,0.01,2, -, -
HINDUNILVR, EQ, 26-Feb-2020,2233.6,2238.8,2255.7,2202.35, 2233.00,2236.2,2243.92,2896154,64987.38,106783, 1965964, 67.88
HINDZINC, EQ, 26-Feb-2020,177.6,175.1,177.95,170.85, 175.00,172.8,174.09,542335,944.17,13429, 337508, 62.23
HIRECT, EQ, 26-Feb-2020,171.4,170.1,185.0,170.0, 173.40,172.2,175.54,54844,96.27,2148, 29712, 54.18
HISARMETAL, EQ, 26-Feb-2020,59.05,58.05,60.0,58.05, 60.00,59.95,59.92,1623,0.97,28, 1584, 97.60
HITECH, EQ, 26-Feb-2020,160.9,171.9,171.9,156.1, 156.10,158.8,161.03,15881,25.57,204, 14825, 93.35
HITECHCORP, EQ, 26-Feb-2020,74.0,73.0,75.0,72.1, 75.00,74.55,73.67,1199,0.88,24, 823, 68.64
HITECHGEAR, EQ, 26-Feb-2020,160.8,161.0,161.0,153.0, 153.00,153.15,156.24,3356,5.24,149, 1933, 57.60
HLVLTD, EQ, 26-Feb-2020,4.0,4.05,4.1,3.95, 4.00,4.0,4.01,250444,10.04,209, 242105, 96.67
HMT, BZ, 26-Feb-2020,11.6,11.05,11.2,11.05, 11.10,11.05,11.06,508,0.06,12, -, -
HMVL, EQ, 26-Feb-2020,67.7,67.2,69.5,65.6, 65.80,66.15,66.95,9934,6.65,142, 7870, 79.22
HNDFDS, EQ, 26-Feb-2020,701.15,695.1,695.1,660.0, 689.00,685.25,668.5,11842,79.16,659, 6939, 58.60
HNGSNGBEES, EQ, 26-Feb-2020,362.87,369.0,373.52,357.0, 373.52,373.52,369.52,609,2.25,31, 594, 97.54
HONAUT, EQ, 26-Feb-2020,34334.7,34210.0,34450.0,33691.35, 33750.10,33793.35,33825.63,13378,4525.19,884, 12934, 96.68
HONDAPOWER, EQ, 26-Feb-2020,1171.25,1177.7,1215.0,1145.5, 1203.05,1207.8,1196.85,11371,136.09,2995, 6336, 55.72
HOVS, EQ, 26-Feb-2020,36.5,36.1,37.5,36.1, 37.50,37.15,36.83,2391,0.88,72, 1233, 51.57
HPIL, SM, 26-Feb-2020,41.0,41.2,41.2,41.2, 41.20,41.2,41.2,3000,1.24,1, 3000, 100.00
HPL, EQ, 26-Feb-2020,35.95,36.95,37.35,35.05, 35.30,35.3,36.02,69307,24.97,1090, 25681, 37.05
HSCL, EQ, 26-Feb-2020,53.45,52.6,57.7,52.15, 55.75,55.8,56.1,2679291,1503.2,15609, 618924, 23.10
HSIL, EQ, 26-Feb-2020,51.7,51.5,54.25,50.55, 51.50,51.55,52.4,274995,144.11,3100, 106869, 38.86
HTMEDIA, EQ, 26-Feb-2020,14.05,14.05,14.1,13.2, 13.90,14.0,13.95,107386,14.98,216, 91839, 85.52
HUBTOWN, BE, 26-Feb-2020,10.95,10.75,11.45,10.5, 11.40,11.0,11.08,114755,12.71,61, -, -
HUDCO, EQ, 26-Feb-2020,31.6,31.6,32.5,31.3, 31.90,31.95,32.0,1157706,370.46,6936, 473575, 40.91
HUDCO, N2, 26-Feb-2020,1152.45,1155.0,1155.81,1151.5, 1155.81,1155.8,1155.15,2451,28.31,10, 2451, 100.00
HUDCO, N3, 26-Feb-2020,1042.1,1044.0,1045.4,1043.1, 1044.75,1044.75,1044.37,475,4.96,14, 375, 78.95
HUDCO, N5, 26-Feb-2020,1125.0,1130.0,1150.0,1130.0, 1150.00,1150.0,1140.31,194,2.21,6, 194, 100.00
HUDCO, N6, 26-Feb-2020,1119.5,1100.0,1100.0,1100.0, 1100.00,1100.0,1100.0,270,2.97,3, 270, 100.00
HUDCO, N9, 26-Feb-2020,1176.0,1176.1,1188.0,1175.0, 1188.00,1188.0,1175.27,521,6.12,7, 521, 100.00
HUDCO, ND, 26-Feb-2020,1251.91,1250.0,1250.0,1245.01, 1247.10,1247.1,1247.13,155,1.93,3, 155, 100.00
HUDCO, NE, 26-Feb-2020,1335.94,1343.99,1343.99,1335.0, 1335.00,1335.0,1335.1,931,12.43,10, 930, 99.89
IBMFNIFTY, EQ, 26-Feb-2020,117.0,139.0,139.0,116.0, 117.01,121.57,122.34,803,0.98,76, 181, 22.54
IBREALEST, EQ, 26-Feb-2020,82.15,81.5,82.5,78.05, 81.25,79.85,80.14,2581439,2068.89,8037, 1853644, 71.81
IBUCCREDIT, N9, 26-Feb-2020,850.0,820.05,820.05,820.05, 820.05,820.05,820.05,8,0.07,1, 8, 100.00
IBUCCREDIT, NB, 26-Feb-2020,830.0,830.0,830.0,830.0, 830.00,830.0,830.0,1,0.01,1, 1, 100.00
IBULHSGFIN, EQ, 26-Feb-2020,324.7,324.6,334.7,315.65, 322.75,321.5,324.57,31030962,100716.78,270160, 2317723, 7.47
IBULHSGFIN, N6, 26-Feb-2020,920.0,919.0,925.0,919.0, 925.00,924.3,921.48,107,0.99,4, 107, 100.00
IBULHSGFIN, NA, 26-Feb-2020,700.39,739.89,739.89,700.0, 700.00,700.0,702.38,266,1.87,11, 236, 88.72
IBULHSGFIN, NB, 26-Feb-2020,909.0,900.0,900.0,900.0, 900.00,900.0,900.0,299,2.69,1, 299, 100.00
IBULISL, EQ, 26-Feb-2020,108.15,107.1,109.5,102.75, 102.75,102.75,105.41,86067,90.72,1209, 46460, 53.98
IBVENTURES, E3, 26-Feb-2020,84.95,84.0,87.55,81.0, 84.00,83.8,84.75,22902,19.41,268, 11585, 50.59
IBVENTURES, EQ, 26-Feb-2020,192.75,192.5,197.95,185.2, 191.40,190.4,193.46,1856235,3591.11,14030, 770434, 41.51
ICFL, N1, 26-Feb-2020,955.1,935.1,935.1,925.01, 925.01,925.01,928.37,15,0.14,3, 10, 66.67
ICFL, N2, 26-Feb-2020,990.0,994.0,995.0,994.0, 995.00,995.0,994.08,132,1.31,9, 132, 100.00
ICFL, N3, 26-Feb-2020,955.0,942.0,942.0,942.0, 942.00,942.0,942.0,35,0.33,2, 35, 100.00
ICFL, N5, 26-Feb-2020,929.9,929.85,929.85,929.85, 929.85,929.85,929.85,4,0.04,1, 4, 100.00
ICFL, NI, 26-Feb-2020,925.0,999.0,999.0,999.0, 999.00,999.0,999.0,16,0.16,1, 16, 100.00
ICICI500, EQ, 26-Feb-2020,156.74,156.69,157.2,155.13, 155.13,155.26,156.46,1054,1.65,38, 1048, 99.43
ICICIB22, EQ, 26-Feb-2020,31.58,31.5,31.78,31.1, 31.10,31.16,31.37,469662,147.34,35504, 275151, 58.58
ICICIBANK, EQ, 26-Feb-2020,530.95,526.85,529.35,522.2, 522.50,523.7,525.34,15743918,82708.45,163585, 8924725, 56.69
ICICIBANKN, EQ, 26-Feb-2020,305.77,304.6,305.49,302.65, 305.00,304.48,304.1,1626,4.94,78, 1236, 76.01
ICICIBANKP, EQ, 26-Feb-2020,166.63,166.03,166.03,165.0, 166.00,165.5,165.36,4017,6.64,43, 4015, 99.95
ICICIGI, EQ, 26-Feb-2020,1286.9,1281.8,1292.7,1214.0, 1227.00,1235.45,1260.29,562415,7088.04,34874, 404958, 72.00
ICICIGOLD, EQ, 26-Feb-2020,38.54,38.01,38.99,38.01, 38.36,38.4,38.36,28992,11.12,802, 19168, 66.11
ICICILIQ, EQ, 26-Feb-2020,999.99,999.95,1000.0,999.95, 999.99,999.99,1000.0,9829,98.29,47, 3934, 40.02
ICICILOVOL, EQ, 26-Feb-2020,90.28,89.27,91.9,89.27, 89.46,89.46,89.63,2010,1.8,146, 1400, 69.65
ICICIM150, EQ, 26-Feb-2020,64.61,64.3,66.01,62.3, 65.56,65.56,64.12,5860,3.76,58, 3697, 63.09
ICICIMCAP, EQ, 26-Feb-2020,66.61,66.2,66.95,66.2, 66.46,66.52,66.3,314240,208.35,148, 305126, 97.10
ICICINF100, EQ, 26-Feb-2020,128.01,130.0,130.0,126.0, 126.53,126.71,126.75,2330,2.95,55, 2315, 99.36
ICICINIFTY, EQ, 26-Feb-2020,124.71,124.0,124.69,120.01, 123.50,123.34,123.75,166190,205.66,4992, 121063, 72.85
ICICINV20, EQ, 26-Feb-2020,57.0,56.1,58.77,56.06, 56.26,56.26,56.47,5492,3.1,393, 3614, 65.80
ICICINXT50, EQ, 26-Feb-2020,28.23,28.0,29.25,27.65, 27.85,27.78,28.05,674426,189.17,240, 654947, 97.11
ICICIPRULI, EQ, 26-Feb-2020,481.05,479.45,489.05,470.7, 471.50,475.65,480.66,1099701,5285.81,24433, 351239, 31.94
ICICISENSX, EQ, 26-Feb-2020,430.16,435.0,435.0,422.85, 426.00,425.94,425.99,1434,6.11,134, 886, 61.79
ICIL, EQ, 26-Feb-2020,61.05,60.9,62.3,59.0, 60.70,59.65,60.94,174010,106.04,2863, 97939, 56.28
ICRA, EQ, 26-Feb-2020,2910.4,2875.35,2969.95,2875.35, 2930.00,2931.2,2930.45,3473,101.77,1504, 2954, 85.06
IDBI, EQ, 26-Feb-2020,34.2,34.1,34.15,33.3, 33.45,33.45,33.63,1046436,351.92,4161, 438801, 41.93
IDBIGOLD, EQ, 26-Feb-2020,3884.8,3852.0,3923.9,3852.0, 3875.10,3875.1,3880.73,55,2.13,24, 26, 47.27
IDEA, EQ, 26-Feb-2020,3.95,3.85,4.15,3.6, 4.05,4.0,3.96,325151192,12860.49,170542, 77450879, 23.82
IDFC, EQ, 26-Feb-2020,34.0,34.1,34.25,33.45, 33.50,33.5,33.71,2808974,946.85,4138, 2347323, 83.57
IDFCFIRSTB, EQ, 26-Feb-2020,39.35,39.0,39.4,38.8, 38.95,38.95,39.1,10700264,4184.33,13770, 3881357, 36.27
IDFCFIRSTB, N1, 26-Feb-2020,5000.57,5000.57,5015.0,5000.57, 5004.00,5007.2,5008.55,33,1.65,9, 33, 100.00
IDFCFIRSTB, N2, 26-Feb-2020,10020.0,10020.0,10022.0,10020.0, 10022.00,10022.0,10020.74,19,1.9,7, 19, 100.00
IDFCFIRSTB, N3, 26-Feb-2020,4990.0,4990.0,4990.0,4950.02, 4989.00,4989.0,4972.44,7,0.35,3, 4, 57.14
IDFCFIRSTB, N6, 26-Feb-2020,9680.0,9710.01,9720.0,9710.0, 9710.00,9715.0,9712.51,8,0.78,3, 4, 50.00
IDFCFIRSTB, N8, 26-Feb-2020,9876.0,9877.0,9887.0,9877.0, 9887.00,9887.0,9879.0,5,0.49,3, 5, 100.00
IDFCFIRSTB, NA, 26-Feb-2020,9809.16,9798.01,9835.0,9798.01, 9835.00,9835.0,9829.9,29,2.85,10, 27, 93.10
IDFCFIRSTB, NB, 26-Feb-2020,5270.0,5270.0,5270.0,5270.0, 5270.00,5270.0,5270.0,6,0.32,3, 6, 100.00
IDFCFIRSTB, NC, 26-Feb-2020,9330.79,9331.0,9342.0,9331.0, 9342.00,9342.0,9335.73,30,2.8,11, 30, 100.00
IEX, EQ, 26-Feb-2020,189.7,188.3,190.15,183.1, 187.95,185.0,186.25,439629,818.81,14360, 327630, 74.52
IFBAGRO, EQ, 26-Feb-2020,330.1,332.05,332.05,316.0, 317.30,319.35,322.28,9837,31.7,644, 6237, 63.40
IFBIND, EQ, 26-Feb-2020,505.45,510.0,510.0,475.0, 482.90,479.45,490.69,22698,111.38,1779, 14422, 63.54
IFCI, EQ, 26-Feb-2020,5.75,5.7,5.7,5.55, 5.60,5.6,5.64,1595225,89.94,14643, 1074640, 67.37
IFCI, NH, 26-Feb-2020,989.06,992.0,992.0,987.11, 987.11,987.11,989.25,228,2.26,9, 228, 100.00
IFCI, NL, 26-Feb-2020,954.0,954.0,954.0,951.0, 953.00,951.88,952.76,241,2.3,8, 241, 100.00
IFGLEXPOR, EQ, 26-Feb-2020,155.65,153.0,156.5,148.0, 152.50,153.45,151.81,4158,6.31,117, 3488, 83.89
IGARASHI, EQ, 26-Feb-2020,335.9,332.0,345.8,327.25, 337.90,338.5,335.92,219442,737.14,6348, 77732, 35.42
IGL, EQ, 26-Feb-2020,453.6,454.0,463.5,451.4, 455.00,455.9,458.27,3439210,15760.9,56916, 987965, 28.73
IGPL, EQ, 26-Feb-2020,167.2,163.6,182.2,163.6, 170.90,172.0,174.35,48673,84.86,1845, 16731, 34.37
IIFCL, N2, 26-Feb-2020,1125.0,1124.99,1124.99,1124.99, 1124.99,1124.99,1124.99,50,0.56,2, 25, 50.00
IIFCL, N4, 26-Feb-2020,1315.03,1315.6,1320.0,1314.9, 1320.00,1320.0,1315.71,150,1.97,9, 148, 98.67
IIFL, EQ, 26-Feb-2020,182.8,182.35,183.5,180.0, 180.00,180.45,182.06,241288,439.29,2732, 132569, 54.94
IIFLFIN, ND, 26-Feb-2020,988.0,981.1,981.1,981.1, 981.10,981.1,981.1,20,0.2,1, 20, 100.00
IIFLFIN, NE, 26-Feb-2020,1060.0,1055.85,1055.85,1055.85, 1055.85,1055.85,1055.85,20,0.21,1, 20, 100.00
IIFLFIN, NF, 26-Feb-2020,988.19,990.0,997.98,988.1, 988.10,988.1,991.05,2191,21.71,16, 1991, 90.87
IIFLFIN, NG, 26-Feb-2020,989.58,988.65,988.65,988.65, 988.65,988.65,988.65,70,0.69,2, 70, 100.00
IIFLFIN, NH, 26-Feb-2020,985.0,990.0,990.0,950.0, 955.00,955.0,967.63,27,0.26,4, 20, 74.07
IIFLFIN, NJ, 26-Feb-2020,1032.8,1031.1,1038.0,1025.0, 1033.10,1033.1,1031.82,453,4.67,21, 441, 97.35
IIFLFIN, NK, 26-Feb-2020,994.9,979.9,985.65,979.0, 985.65,985.65,984.95,460,4.53,5, 450, 97.83
IIFLSEC, EQ, 26-Feb-2020,51.25,51.85,53.8,50.4, 53.10,53.25,52.93,894666,473.56,4171, 322177, 36.01
IIFLWAM, EQ, 26-Feb-2020,1549.2,1548.0,1548.0,1515.75, 1548.00,1525.7,1527.5,4818,73.6,462, 3476, 72.15
IIHFL, N2, 26-Feb-2020,1000.8,1000.8,1008.2,1000.8, 1000.80,1001.46,1001.02,1713,17.15,21, 1663, 97.08
IIHFL, N3, 26-Feb-2020,1963.77,1967.0,1967.0,1964.2, 1966.10,1965.04,1966.44,225,4.42,10, 200, 88.89
IITL, EQ, 26-Feb-2020,85.0,85.0,85.5,85.0, 85.50,85.5,85.03,306,0.26,7, 306, 100.00
IL&FSENGG, BZ, 26-Feb-2020,1.85,1.85,1.9,1.8, 1.80,1.8,1.86,6536,0.12,20, -, -
IL&FSTRANS, BZ, 26-Feb-2020,1.6,1.6,1.6,1.55, 1.60,1.6,1.57,13017,0.2,35, -, -
IMFA, EQ, 26-Feb-2020,204.2,208.5,208.5,200.0, 202.00,202.25,201.73,15198,30.66,215, 13615, 89.58
IMPAL, EQ, 26-Feb-2020,546.25,541.05,549.95,529.0, 535.00,538.15,538.98,556,3.0,68, 377, 67.81
IMPEXFERRO, BE, 26-Feb-2020,0.4,0.35,0.4,0.35, 0.35,0.35,0.35,1101,0.0,3, -, -
INDBANK, EQ, 26-Feb-2020,7.15,7.05,7.1,7.0, 7.05,7.1,7.04,12461,0.88,147, 10498, 84.25
INDHOTEL, EQ, 26-Feb-2020,139.9,138.75,141.2,138.0, 140.05,140.3,139.94,2288172,3201.99,11471, 2012013, 87.93
INDIACEM, EQ, 26-Feb-2020,87.05,87.85,104.45,87.75, 104.45,104.45,100.18,54639007,54736.52,162352, 15692582, 28.72
INDIAGLYCO, EQ, 26-Feb-2020,369.1,368.8,379.7,358.25, 365.00,363.2,368.15,370181,1362.84,8816, 98317, 26.56
INDIAMART, EQ, 26-Feb-2020,2594.25,2588.0,2646.85,2528.85, 2572.70,2574.1,2586.55,99805,2581.51,11204, 53849, 53.95
INDIANB, EQ, 26-Feb-2020,80.05,79.95,79.95,77.6, 77.95,78.15,78.56,867471,681.47,7740, 298913, 34.46
INDIANCARD, EQ, 26-Feb-2020,112.3,114.5,114.5,108.45, 109.00,109.0,109.94,402,0.44,23, 315, 78.36
INDIANHUME, EQ, 26-Feb-2020,204.3,203.0,203.0,196.85, 198.00,197.75,199.1,30848,61.42,1245, 18685, 60.57
INDIGO, EQ, 26-Feb-2020,1376.9,1365.1,1410.5,1351.1, 1397.55,1391.45,1384.13,1545234,21388.08,46429, 233494, 15.11
INDIGRID, IV, 26-Feb-2020,99.57,99.5,99.59,99.21, 99.50,99.41,99.44,289170,287.56,35, 287469, 99.41
INDLMETER, BE, 26-Feb-2020,15.95,15.25,16.4,15.25, 15.85,15.85,16.0,468,0.07,11, -, -
INDNIPPON, EQ, 26-Feb-2020,327.1,325.05,326.15,316.25, 318.00,318.45,321.92,9045,29.12,565, 5274, 58.31
INDOCO, EQ, 26-Feb-2020,260.5,263.4,272.5,259.0, 265.00,262.8,264.45,123899,327.65,2633, 61242, 49.43
INDORAMA, EQ, 26-Feb-2020,20.8,20.45,20.9,20.4, 20.55,20.85,20.54,13368,2.75,75, 11771, 88.05
INDOSOLAR, BZ, 26-Feb-2020,1.0,1.0,1.0,0.95, 0.95,0.95,0.97,30171,0.29,40, -, -
INDOSTAR, EQ, 26-Feb-2020,281.15,281.1,282.55,279.9, 280.10,280.1,280.63,197463,554.13,694, 163648, 82.88
INDOTECH, BE, 26-Feb-2020,114.35,114.25,114.3,114.25, 114.25,114.25,114.28,7292,8.33,110, -, -
INDOTHAI, EQ, 26-Feb-2020,22.3,23.5,23.5,21.9, 21.90,22.1,22.15,1343,0.3,58, 1165, 86.75
INDOWIND, BE, 26-Feb-2020,2.65,2.6,2.75,2.55, 2.75,2.75,2.73,23419,0.64,34, -, -
INDRAMEDCO, EQ, 26-Feb-2020,41.65,41.65,41.75,40.8, 41.65,41.4,41.44,69290,28.71,395, 46044, 66.45
INDSWFTLAB, EQ, 26-Feb-2020,20.3,20.0,20.9,19.7, 19.90,19.85,20.06,18598,3.73,92, 16411, 88.24
INDSWFTLTD, EQ, 26-Feb-2020,2.6,2.7,2.7,2.5, 2.70,2.55,2.58,9764,0.25,19, 8764, 89.76
INDTERRAIN, EQ, 26-Feb-2020,51.45,51.45,51.45,46.8, 47.75,48.25,48.36,8327,4.03,161, 7277, 87.39
INDUSINDBK, EQ, 26-Feb-2020,1153.85,1145.0,1150.0,1125.2, 1139.20,1135.0,1135.63,5870515,66667.59,98084, 1973131, 33.61
INEOSSTYRO, EQ, 26-Feb-2020,754.6,751.45,760.9,741.2, 741.20,743.7,748.88,2895,21.68,133, 2693, 93.02
INFIBEAM, EQ, 26-Feb-2020,57.9,57.95,58.4,57.05, 57.30,57.4,57.71,740207,427.19,2465, 191091, 25.82
INFOBEAN, EQ, 26-Feb-2020,131.7,131.95,138.9,123.7, 132.50,131.85,130.75,57676,75.41,1082, 26526, 45.99
INFRABEES, EQ, 26-Feb-2020,326.63,325.7,325.7,319.58, 319.88,322.15,322.53,266,0.86,45, 116, 43.61
INFRATEL, EQ, 26-Feb-2020,216.3,216.3,221.4,211.0, 216.60,218.75,215.36,7463028,16072.4,68784, 1614756, 21.64
INFY, EQ, 26-Feb-2020,798.4,793.95,801.45,780.5, 782.25,782.75,791.65,8760569,69353.14,168481, 5489084, 62.66
INGERRAND, EQ, 26-Feb-2020,652.1,650.0,654.95,643.1, 645.00,644.35,647.87,12538,81.23,1628, 6650, 53.04
INNOVANA, SM, 26-Feb-2020,115.0,110.0,110.0,110.0, 110.00,110.0,110.0,5000,5.5,1, 5000, 100.00
INNOVATIVE, SM, 26-Feb-2020,9.75,9.15,9.15,7.85, 8.85,8.85,8.49,21000,1.78,7, 18000, 85.71
INOXLEISUR, EQ, 26-Feb-2020,485.0,483.0,492.0,479.0, 486.80,483.95,484.34,609068,2949.95,13856, 508008, 83.41
INOXWIND, EQ, 26-Feb-2020,36.65,36.5,37.0,36.0, 36.20,36.15,36.31,99906,36.28,530, 53690, 53.74
INSECTICID, EQ, 26-Feb-2020,480.15,479.5,484.0,473.3, 475.10,475.95,476.12,12593,59.96,668, 9273, 73.64
INSPIRISYS, EQ, 26-Feb-2020,32.15,32.9,32.9,30.35, 31.10,31.3,31.89,1447,0.46,39, 1404, 97.03
INTEGRA, BE, 26-Feb-2020,0.6,0.6,0.6,0.6, 0.60,0.6,0.6,210,0.0,2, -, -
INTELLECT, EQ, 26-Feb-2020,133.2,131.85,134.65,122.45, 123.50,123.3,126.9,371547,471.49,8073, 220096, 59.24
INTENTECH, EQ, 26-Feb-2020,18.9,18.1,21.0,17.75, 18.40,18.1,18.16,18570,3.37,127, 13673, 73.63
INVENTURE, EQ, 26-Feb-2020,12.5,12.75,12.75,12.25, 12.25,12.25,12.61,85554,10.79,43, 545, 0.64
IOB, EQ, 26-Feb-2020,8.95,8.95,8.95,8.75, 8.80,8.8,8.84,1442665,127.54,1076, 1099694, 76.23
IOC, EQ, 26-Feb-2020,110.45,110.2,111.3,108.0, 108.35,108.35,109.3,11476899,12544.14,68117, 4073535, 35.49
IOLCP, EQ, 26-Feb-2020,268.4,276.0,310.45,275.55, 300.00,298.65,293.12,7807300,22884.93,108886, 1116443, 14.30
IPCALAB, EQ, 26-Feb-2020,1427.6,1436.5,1436.5,1365.0, 1370.05,1378.7,1404.84,150149,2109.36,20997, 64180, 42.74
IRB, EQ, 26-Feb-2020,97.75,99.0,101.9,92.1, 92.80,94.0,97.33,5523095,5375.57,43756, 1837204, 33.26
IRBINVIT, IV, 26-Feb-2020,45.1,45.12,46.59,45.11, 46.25,46.25,46.03,167500,77.1,61, 162500, 97.01
IRCON, EQ, 26-Feb-2020,536.85,536.85,555.0,520.0, 523.25,525.1,536.77,779719,4185.27,19725, 148887, 19.09
IRCTC, EQ, 26-Feb-2020,1951.95,1959.0,1983.7,1940.0, 1947.00,1951.65,1961.37,3688725,72349.65,150881, 452935, 12.28
IREDA, N5, 26-Feb-2020,1281.05,1240.0,1251.5,1240.0, 1240.00,1240.85,1240.85,338,4.19,5, 312, 92.31
IREDA, N6, 26-Feb-2020,1375.0,1317.95,1317.95,1317.95, 1317.95,1317.95,1317.95,5,0.07,2, 5, 100.00
IRFC, N1, 26-Feb-2020,1076.0,1074.5,1076.9,1074.5, 1074.50,1074.72,1075.44,152,1.63,6, 122, 80.26
IRFC, N2, 26-Feb-2020,1175.0,1175.0,1185.0,1175.0, 1185.00,1185.0,1175.14,74,0.87,5, 74, 100.00
IRFC, N3, 26-Feb-2020,1066.0,1070.12,1072.0,1070.12, 1072.00,1072.0,1070.12,25041,267.97,2, 25041, 100.00
IRFC, N7, 26-Feb-2020,1489.5,1485.0,1485.0,1485.0, 1485.00,1485.0,1485.0,10,0.15,1, 10, 100.00
IRFC, N8, 26-Feb-2020,1441.41,1250.01,1250.01,1250.01, 1250.01,1250.01,1250.01,3,0.04,1, 3, 100.00
IRFC, N9, 26-Feb-2020,1185.01,1181.0,1199.0,1181.0, 1182.85,1182.85,1183.12,2000,23.66,5, 2000, 100.00
IRFC, NA, 26-Feb-2020,1300.1,1329.0,1330.0,1329.0, 1330.00,1329.98,1329.99,600,7.98,8, 600, 100.00
IRFC, NC, 26-Feb-2020,1258.0,1295.0,1295.0,1295.0, 1295.00,1295.0,1295.0,15,0.19,1, 15, 100.00
IRFC, NI, 26-Feb-2020,1104.99,1090.1,1105.0,1085.3, 1105.00,1101.4,1100.97,100,1.1,7, 50, 50.00
IRFC, NJ, 26-Feb-2020,1175.0,1154.26,1171.0,1154.26, 1168.57,1168.57,1169.31,300,3.51,7, 300, 100.00
IRFC, NO, 26-Feb-2020,1191.88,1192.9,1192.9,1180.2, 1180.20,1180.2,1186.16,177,2.1,4, 108, 61.02
IRISDOREME, SM, 26-Feb-2020,174.05,174.0,174.0,173.0, 173.75,173.75,173.72,8000,13.9,5, 1600, 20.00
ISEC, EQ, 26-Feb-2020,504.2,500.1,504.9,496.0, 500.00,499.65,500.44,297790,1490.25,17274, 179213, 60.18
ISFT, EQ, 26-Feb-2020,55.1,52.35,55.85,52.35, 52.35,52.35,53.56,11222,6.01,122, 8328, 74.21
ISMTLTD, EQ, 26-Feb-2020,3.55,3.5,3.6,3.4, 3.40,3.45,3.51,177190,6.21,164, 105281, 59.42
ITC, EQ, 26-Feb-2020,201.8,200.65,201.95,196.3, 199.00,198.6,199.3,17869240,35614.19,140431, 9607883, 53.77
ITDC, EQ, 26-Feb-2020,291.55,291.0,291.0,275.35, 278.55,277.75,283.93,81354,230.98,2974, 35194, 43.26
ITDCEM, EQ, 26-Feb-2020,55.05,57.45,60.7,55.0, 56.80,56.0,58.21,611760,356.1,5214, 135922, 22.22
ITI, EQ, 26-Feb-2020,81.6,81.3,81.95,80.4, 80.60,80.65,81.19,429644,348.81,4220, 125058, 29.11
IVC, EQ, 26-Feb-2020,2.95,2.95,3.05,2.85, 2.90,2.9,2.93,79687,2.33,134, 67435, 84.62
IVP, EQ, 26-Feb-2020,44.0,44.5,45.0,42.0, 44.00,42.9,44.2,1272,0.56,30, 1160, 91.19
IVZINGOLD, EQ, 26-Feb-2020,4000.0,3861.0,4079.0,3802.0, 3900.00,3945.0,3912.35,23,0.9,16, 14, 60.87
IZMO, EQ, 26-Feb-2020,25.15,24.15,25.5,24.15, 24.70,25.25,24.86,4595,1.14,118, 3783, 82.33
J&KBANK, EQ, 26-Feb-2020,19.2,19.4,20.45,18.45, 19.70,19.7,19.6,1168626,229.11,3883, 521277, 44.61
JAGRAN, EQ, 26-Feb-2020,70.15,70.2,70.2,67.1, 67.40,67.35,68.35,114428,78.21,1105, 68422, 59.79
JAGSNPHARM, EQ, 26-Feb-2020,28.35,28.0,28.7,27.3, 27.90,27.95,28.13,10967,3.08,202, 7584, 69.15
JAIBALAJI, EQ, 26-Feb-2020,26.4,26.15,27.0,26.05, 27.00,26.8,26.59,15155,4.03,34, 12109, 79.90
JAICORPLTD, EQ, 26-Feb-2020,94.35,93.5,97.2,92.5, 93.95,94.1,94.77,1834948,1739.01,12568, 226088, 12.32
JAINSTUDIO, BE, 26-Feb-2020,1.3,1.3,1.3,1.25, 1.25,1.25,1.25,150,0.0,3, -, -
JAMNAAUTO, EQ, 26-Feb-2020,38.65,38.3,38.95,37.1, 37.50,37.3,37.83,559659,211.7,3469, 362100, 64.70
JASH, EQ, 26-Feb-2020,169.2,178.0,178.0,159.0, 167.00,168.15,166.0,28690,47.63,365, 17093, 59.58
JAYAGROGN, EQ, 26-Feb-2020,86.25,85.0,90.0,83.4, 90.00,89.3,86.34,12572,10.85,353, 8986, 71.48
JAYBARMARU, EQ, 26-Feb-2020,222.55,220.05,223.4,213.8, 217.10,217.05,219.25,29682,65.08,1413, 13427, 45.24
JAYNECOIND, EQ, 26-Feb-2020,3.4,3.25,3.5,3.25, 3.35,3.35,3.35,16147,0.54,25, 13764, 85.24
JAYSREETEA, EQ, 26-Feb-2020,47.85,47.55,48.45,46.8, 47.35,47.2,47.58,46752,22.25,726, 16239, 34.73
JBCHEPHARM, EQ, 26-Feb-2020,534.65,538.85,576.5,534.85, 567.00,561.75,563.58,308187,1736.88,17792, 101559, 32.95
JBFIND, BE, 26-Feb-2020,20.0,21.0,21.0,21.0, 21.00,21.0,21.0,21232,4.46,50, -, -
JBMA, EQ, 26-Feb-2020,222.7,219.85,232.8,217.0, 231.95,228.55,224.78,29578,66.48,1322, 17441, 58.97
JCHAC, EQ, 26-Feb-2020,2845.25,2800.0,2869.9,2771.55, 2850.10,2851.4,2839.8,6195,175.93,1021, 3715, 59.97
JETAIRWAYS, BZ, 26-Feb-2020,28.2,28.75,28.75,26.9, 27.85,27.25,27.43,35597,9.76,451, -, -
JHS, EQ, 26-Feb-2020,10.95,12.25,13.1,11.75, 13.10,12.75,12.78,935517,119.53,2298, 311357, 33.28
JIKIND, BE, 26-Feb-2020,0.35,0.35,0.35,0.3, 0.35,0.35,0.31,4600,0.01,8, -, -
JINDALPHOT, EQ, 26-Feb-2020,12.85,12.85,12.95,12.5, 12.95,12.75,12.83,3443,0.44,34, 2825, 82.05
JINDALPOLY, EQ, 26-Feb-2020,263.0,264.9,274.5,258.5, 261.35,262.9,267.43,38886,103.99,1744, 15159, 38.98
JINDALSAW, EQ, 26-Feb-2020,84.05,83.75,86.25,81.2, 82.50,82.5,83.86,665788,558.3,5682, 248516, 37.33
JINDALSTEL, EQ, 26-Feb-2020,179.0,172.05,175.8,169.15, 170.85,170.15,171.85,25605939,44003.52,129619, 3417988, 13.35
JINDCOT, BE, 26-Feb-2020,1.6,1.6,1.65,1.55, 1.65,1.65,1.64,6172,0.1,12, -, -
JINDRILL, EQ, 26-Feb-2020,85.55,85.0,86.85,80.55, 86.00,82.35,82.61,27568,22.77,705, 18854, 68.39
JINDWORLD, EQ, 26-Feb-2020,60.15,60.0,60.75,59.55, 60.25,60.1,60.1,171406,103.01,1449, 69511, 40.55
JISLDVREQS, EQ, 26-Feb-2020,5.6,5.6,5.8,5.25, 5.50,5.55,5.47,22214,1.22,120, 14004, 63.04
JISLJALEQS, EQ, 26-Feb-2020,6.0,6.0,6.05,5.75, 6.05,5.9,5.86,2443204,143.28,2793, 1535846, 62.86
JITFINFRA, BE, 26-Feb-2020,7.1,7.0,7.0,7.0, 7.00,7.0,7.0,494,0.03,10, -, -
JIYAECO, EQ, 26-Feb-2020,15.95,15.2,16.4,15.2, 15.30,15.2,15.42,302122,46.58,759, 177570, 58.77
JKCEMENT, EQ, 26-Feb-2020,1441.0,1439.0,1440.0,1420.75, 1432.00,1430.35,1429.89,48663,695.83,8735, 32239, 66.25
JKIL, EQ, 26-Feb-2020,133.95,134.0,137.2,132.4, 134.15,135.3,135.06,99736,134.71,3066, 51945, 52.08
JKLAKSHMI, EQ, 26-Feb-2020,323.25,323.25,340.0,315.0, 316.30,317.35,330.79,440303,1456.48,9781, 129793, 29.48
JKPAPER, EQ, 26-Feb-2020,123.25,121.6,123.15,120.5, 121.25,121.2,121.85,497291,605.92,4527, 231953, 46.64
JKTYRE, EQ, 26-Feb-2020,65.55,65.0,67.9,63.6, 65.70,65.7,65.85,743654,489.66,5871, 325342, 43.75
JMA, EQ, 26-Feb-2020,25.5,27.3,27.65,22.75, 23.15,23.4,24.32,4597,1.12,102, 2912, 63.35
JMCPROJECT, EQ, 26-Feb-2020,77.15,76.6,76.95,73.0, 75.00,75.2,75.14,74216,55.77,842, 44616, 60.12
JMFINANCIL, EQ, 26-Feb-2020,114.45,113.9,118.45,112.2, 116.00,116.4,116.53,1081102,1259.83,7774, 660124, 61.06
JMTAUTOLTD, EQ, 26-Feb-2020,1.3,1.3,1.4,1.25, 1.40,1.4,1.37,117571,1.61,109, 93282, 79.34
JOCIL, EQ, 26-Feb-2020,114.25,114.7,117.55,113.0, 115.15,115.0,115.33,2703,3.12,139, 2026, 74.95
JPASSOCIAT, EQ, 26-Feb-2020,2.15,2.05,2.1,2.05, 2.05,2.05,2.05,6818130,139.78,866, 4169676, 61.16
JPINFRATEC, EQ, 26-Feb-2020,1.05,1.05,1.1,1.0, 1.05,1.05,1.08,5079048,54.61,688, 1039384, 20.46
JPOLYINVST, EQ, 26-Feb-2020,10.9,10.75,11.25,10.75, 11.25,11.2,10.95,349,0.04,16, 195, 55.87
JPPOWER, EQ, 26-Feb-2020,1.4,1.35,1.35,1.35, 1.35,1.35,1.35,498628,6.73,194, 498628, 100.00
JSL, EQ, 26-Feb-2020,41.8,41.1,41.85,39.9, 40.30,40.15,40.77,1269038,517.36,2984, 671926, 52.95
JSLHISAR, EQ, 26-Feb-2020,72.9,72.1,72.25,68.3, 70.35,70.0,70.78,334156,236.51,2708, 133286, 39.89
JSWENERGY, EQ, 26-Feb-2020,61.45,61.0,61.95,60.2, 60.60,60.6,60.81,1175307,714.71,9142, 893645, 76.04
JSWHL, EQ, 26-Feb-2020,2801.95,2771.25,2782.35,2650.0, 2712.00,2676.7,2726.37,573,15.62,237, 264, 46.07
JSWSTEEL, EQ, 26-Feb-2020,262.6,256.0,263.7,255.55, 259.40,260.8,259.72,8111249,21066.83,57706, 1399153, 17.25
JSWSTEEL, P2, 26-Feb-2020,1.2,1.25,1.25,1.2, 1.20,1.2,1.25,11898,0.15,19, 11898, 100.00
JTEKTINDIA, EQ, 26-Feb-2020,76.55,76.0,78.25,75.0, 76.00,76.3,76.69,48891,37.5,694, 37360, 76.41
JUBILANT, EQ, 26-Feb-2020,518.05,515.2,523.4,506.0, 509.00,509.25,514.24,121561,625.12,5084, 20130, 16.56
JUBLFOOD, EQ, 26-Feb-2020,1840.65,1838.0,1865.0,1820.0, 1848.10,1846.2,1840.31,865435,15926.69,43037, 202792, 23.43
JUBLINDS, BE, 26-Feb-2020,128.05,131.0,132.7,125.0, 128.00,127.6,128.03,5147,6.59,92, -, -
JUMPNET, EQ, 26-Feb-2020,55.7,56.35,57.6,54.8, 55.60,55.5,55.26,805700,445.19,411, 592193, 73.50
JUNIORBEES, EQ, 26-Feb-2020,290.57,290.45,290.5,285.9, 286.35,286.48,287.74,76811,221.02,1932, 62965, 81.97
JUSTDIAL, EQ, 26-Feb-2020,492.0,491.4,492.75,483.15, 487.00,487.35,487.77,1386940,6765.06,15781, 70936, 5.11
JVLAGRO, BZ, 26-Feb-2020,0.35,0.4,0.4,0.3, 0.35,0.35,0.37,33871,0.12,38, -, -
JYOTHYLAB, EQ, 26-Feb-2020,131.5,130.05,133.3,129.25, 132.50,132.8,132.17,243876,322.33,4538, 142357, 58.37
KABRAEXTRU, EQ, 26-Feb-2020,66.95,66.55,69.15,66.0, 68.00,67.05,66.98,2216,1.48,94, 1498, 67.60
KAJARIACER, EQ, 26-Feb-2020,553.1,556.45,560.0,544.1, 544.40,546.25,549.94,183800,1010.78,3024, 151664, 82.52
KAKATCEM, EQ, 26-Feb-2020,175.7,173.5,184.45,171.0, 179.00,179.65,183.35,127546,233.86,2489, 31341, 24.57
KALPATPOWR, EQ, 26-Feb-2020,360.15,358.4,358.4,345.0, 348.00,348.35,350.41,108965,381.83,9675, 61958, 56.86
KALYANIFRG, BE, 26-Feb-2020,131.45,129.45,129.45,129.45, 129.45,129.45,129.45,40,0.05,1, -, -
KAMATHOTEL, EQ, 26-Feb-2020,33.8,33.6,34.35,33.2, 34.20,34.05,33.76,17271,5.83,157, 14263, 82.58
KAMDHENU, EQ, 26-Feb-2020,76.75,76.8,76.8,74.3, 75.25,75.0,74.96,6807,5.1,191, 6116, 89.85
KANANIIND, BE, 26-Feb-2020,2.35,2.25,2.25,2.25, 2.25,2.25,2.25,2410,0.05,10, -, -
KANORICHEM, EQ, 26-Feb-2020,44.6,44.4,47.25,42.5, 44.40,44.9,45.2,72917,32.96,1272, 34841, 47.78
KANSAINER, EQ, 26-Feb-2020,505.0,504.0,507.9,500.55, 502.50,502.25,502.69,95912,482.14,5145, 62281, 64.94
KARDA, EQ, 26-Feb-2020,152.6,154.5,154.5,151.0, 152.00,151.75,151.65,3447,5.23,83, 2477, 71.86
KARURVYSYA, EQ, 26-Feb-2020,45.1,45.0,45.0,43.8, 43.95,44.25,44.22,1763509,779.9,4842, 1551386, 87.97
KAUSHALYA, BE, 26-Feb-2020,0.4,0.4,0.45,0.35, 0.40,0.45,0.36,1562,0.01,6, -, -
KAYA, EQ, 26-Feb-2020,301.2,299.2,305.0,287.05, 298.95,299.15,297.63,12441,37.03,829, 8672, 69.71
KCP, EQ, 26-Feb-2020,59.8,59.15,64.25,59.15, 62.50,62.85,62.56,135474,84.75,1869, 83837, 61.88
KCPSUGIND, EQ, 26-Feb-2020,13.55,13.5,13.55,13.05, 13.30,13.15,13.32,33991,4.53,189, 22076, 64.95
KDDL, EQ, 26-Feb-2020,280.95,287.95,287.95,267.05, 267.10,271.85,279.01,2542,7.09,131, 1768, 69.55
KEC, EQ, 26-Feb-2020,341.85,342.0,342.6,330.0, 330.70,331.45,335.24,193703,649.37,8718, 105747, 54.59
KECL, EQ, 26-Feb-2020,13.8,13.2,13.65,13.15, 13.15,13.2,13.35,43981,5.87,157, 21797, 49.56
KEI, EQ, 26-Feb-2020,506.75,502.0,514.5,501.6, 507.10,507.35,508.71,282066,1434.91,24965, 218578, 77.49
KELLTONTEC, EQ, 26-Feb-2020,15.05,14.8,15.5,14.65, 15.40,15.3,15.25,98790,15.07,206, 67702, 68.53
KENNAMET, EQ, 26-Feb-2020,980.8,969.7,992.0,969.7, 992.00,977.6,979.16,1627,15.93,116, 1353, 83.16
KERNEX, BE, 26-Feb-2020,20.2,20.25,20.9,19.3, 20.25,20.45,20.14,10569,2.13,71, -, -
KESORAMIND, EQ, 26-Feb-2020,39.95,39.35,41.4,37.25, 39.60,39.7,40.13,215218,86.37,2703, 81940, 38.07
KEYFINSERV, BE, 26-Feb-2020,38.8,36.9,36.9,36.9, 36.90,36.9,36.9,1,0.0,1, -, -
KGL, BZ, 26-Feb-2020,0.25,0.25,0.3,0.2, 0.30,0.25,0.24,291256,0.71,59, -, -
KHADIM, EQ, 26-Feb-2020,118.5,117.4,119.75,112.05, 112.35,114.55,115.88,35638,41.3,1330, 17930, 50.31
KHAITANLTD, BE, 26-Feb-2020,20.2,19.25,19.25,19.2, 19.20,19.2,19.23,259,0.05,8, -, -
KICL, EQ, 26-Feb-2020,1548.75,1529.0,1545.05,1516.0, 1544.00,1541.1,1529.54,315,4.82,171, 142, 45.08
KILITCH, EQ, 26-Feb-2020,110.95,110.0,110.7,107.7, 108.60,109.2,109.14,10778,11.76,235, 9314, 86.42
KINGFA, EQ, 26-Feb-2020,617.4,606.35,624.7,601.4, 605.00,609.0,611.01,1212,7.41,121, 899, 74.17
KIOCL, EQ, 26-Feb-2020,106.9,106.0,108.9,102.15, 103.00,104.05,105.4,8400,8.85,255, 6717, 79.96
KIRIINDUS, EQ, 26-Feb-2020,446.75,447.0,464.7,438.0, 442.20,442.85,452.81,315907,1430.47,9466, 87519, 27.70
KIRLFER, EQ, 26-Feb-2020,69.1,70.35,70.35,66.55, 68.50,68.5,68.49,29768,20.39,372, 28530, 95.84
KIRLOSBROS, EQ, 26-Feb-2020,165.3,164.0,164.45,159.1, 159.35,159.95,161.34,13779,22.23,513, 8944, 64.91
KIRLOSENG, EQ, 26-Feb-2020,134.9,134.9,135.0,131.85, 135.00,132.85,132.76,8932,11.86,297, 6188, 69.28
KIRLOSIND, EQ, 26-Feb-2020,609.35,628.95,628.95,605.1, 606.50,608.3,612.11,950,5.82,238, 672, 70.74
KITEX, EQ, 26-Feb-2020,154.65,155.0,157.9,145.1, 148.00,150.25,152.47,244402,372.63,4545, 108755, 44.50
KKCL, EQ, 26-Feb-2020,982.6,998.9,998.9,943.55, 943.55,948.4,963.3,694,6.69,296, 358, 51.59
KMSUGAR, EQ, 26-Feb-2020,7.7,7.7,7.7,7.5, 7.60,7.55,7.58,48903,3.71,144, 31163, 63.72
KNRCON, EQ, 26-Feb-2020,271.25,269.0,274.95,265.75, 274.95,272.2,269.91,140537,379.32,3329, 97833, 69.61
KOHINOOR, EQ, 26-Feb-2020,7.45,7.65,7.75,7.3, 7.70,7.6,7.6,13965,1.06,103, 11913, 85.31
KOKUYOCMLN, EQ, 26-Feb-2020,70.75,70.1,73.0,69.3, 71.70,71.4,71.14,35813,25.48,689, 14200, 39.65
KOLTEPATIL, EQ, 26-Feb-2020,227.9,226.0,227.9,221.0, 222.00,221.95,223.28,50775,113.37,2137, 37019, 72.91
KOPRAN, EQ, 26-Feb-2020,29.35,29.8,30.55,28.3, 29.50,29.1,29.33,81879,24.02,776, 47485, 57.99
KOTAKBANK, EQ, 26-Feb-2020,1675.8,1670.1,1677.7,1657.0, 1673.80,1666.5,1666.52,2585895,43094.42,102345, 1583380, 61.23
KOTAKBKETF, EQ, 26-Feb-2020,312.82,311.0,313.28,309.32, 312.39,311.2,310.54,42151,130.89,2277, 26515, 62.90
KOTAKGOLD, EQ, 26-Feb-2020,376.6,374.9,380.45,373.05, 375.95,375.35,375.66,94580,355.3,743, 78638, 83.14
KOTAKNIFTY, EQ, 26-Feb-2020,122.56,122.0,122.3,120.77, 121.68,121.39,121.63,39079,47.53,676, 34703, 88.80
KOTAKNV20, EQ, 26-Feb-2020,57.85,57.8,58.9,57.2, 57.30,57.25,57.87,6573,3.8,105, 5407, 82.26
KOTAKPSUBK, EQ, 26-Feb-2020,210.0,207.85,209.01,205.5, 206.00,206.45,207.09,4327,8.96,128, 3258, 75.29
KOTARISUG, EQ, 26-Feb-2020,12.35,12.15,12.5,12.0, 12.20,12.1,12.1,20829,2.52,122, 14325, 68.77
KOTHARIPET, EQ, 26-Feb-2020,16.0,16.25,16.25,15.25, 15.50,15.6,15.69,7961,1.25,78, 6049, 75.98
KOTHARIPRO, EQ, 26-Feb-2020,59.95,60.05,61.0,58.3, 58.45,59.65,60.24,1863,1.12,48, 1650, 88.57
KPITTECH, EQ, 26-Feb-2020,88.35,87.75,89.0,86.15, 86.55,86.65,87.22,169304,147.66,1772, 127166, 75.11
KPRMILL, EQ, 26-Feb-2020,619.75,614.0,630.0,605.3, 621.00,616.8,610.46,40748,248.75,437, 38847, 95.33
KRBL, EQ, 26-Feb-2020,279.05,278.2,278.95,265.7, 268.85,270.3,274.85,77625,213.35,2073, 44709, 57.60
KREBSBIO, EQ, 26-Feb-2020,101.25,101.25,101.9,95.45, 101.90,101.65,101.29,6073,6.15,56, 5685, 93.61
KRIDHANINF, BE, 26-Feb-2020,1.95,1.95,1.95,1.9, 1.90,1.9,1.92,12935,0.25,35, -, -
KRISHANA, BE, 26-Feb-2020,51.05,51.0,51.0,51.0, 51.00,51.0,51.0,180,0.09,5, -, -
KRITIKA, SM, 26-Feb-2020,34.4,34.1,34.1,34.1, 34.10,34.1,34.1,12000,4.09,3, 12000, 100.00
KSB, EQ, 26-Feb-2020,674.95,672.0,676.75,642.55, 650.00,648.35,659.26,18982,125.14,958, 14276, 75.21
KSCL, EQ, 26-Feb-2020,448.3,445.0,450.0,438.1, 445.00,443.5,444.1,63950,284.0,3928, 38847, 60.75
KSERASERA, BE, 26-Feb-2020,0.1,0.1,0.15,0.05, 0.05,0.1,0.12,439168,0.51,127, -, -
KSK, BE, 26-Feb-2020,0.4,0.45,0.45,0.35, 0.40,0.4,0.41,297384,1.21,126, -, -
KSL, EQ, 26-Feb-2020,221.0,221.0,224.45,218.4, 223.20,221.45,221.41,27582,61.07,805, 11827, 42.88
KTKBANK, EQ, 26-Feb-2020,72.8,72.5,73.0,71.5, 71.70,71.75,71.99,437474,314.92,2929, 209192, 47.82
KUANTUM, EQ, 26-Feb-2020,476.35,479.0,480.0,469.35, 470.00,470.05,473.5,8752,41.44,105, 669, 7.64
KWALITY, BE, 26-Feb-2020,1.8,1.85,1.85,1.75, 1.80,1.8,1.8,188536,3.4,225, -, -
L&TFH, EQ, 26-Feb-2020,116.55,116.05,117.1,113.7, 115.30,115.0,115.19,6147100,7080.62,53955, 1349825, 21.96
L&TFINANCE, NC, 26-Feb-2020,1085.0,1024.9,1030.0,1009.0, 1009.00,1009.0,1018.48,40,0.41,6, 40, 100.00
L&TFINANCE, NG, 26-Feb-2020,1120.0,1036.0,1059.0,1036.0, 1059.00,1059.0,1044.6,564,5.89,20, 219, 38.83
L&TFINANCE, NK, 26-Feb-2020,1073.01,1075.0,1075.0,1075.0, 1075.00,1075.0,1075.0,35,0.38,1, 35, 100.00
L&TFINANCE, NY, 26-Feb-2020,1016.91,1004.9,1020.0,1002.0, 1020.00,1012.14,1009.55,310,3.13,12, 155, 50.00
L&TFINANCE, Y1, 26-Feb-2020,1003.0,1005.0,1005.0,1002.0, 1002.00,1002.0,1002.15,1000,10.02,4, 1000, 100.00
L&TFINANCE, Y9, 26-Feb-2020,1035.0,1032.0,1035.0,1030.0, 1034.00,1034.0,1031.85,225,2.32,9, 176, 78.22
L&TINFRA, N2, 26-Feb-2020,1952.56,1954.0,1954.0,1941.1, 1941.10,1950.1,1950.1,40,0.78,4, 40, 100.00
L&TINFRA, N3, 26-Feb-2020,1048.69,993.0,997.5,993.0, 997.50,997.5,993.12,1950,19.37,2, 1950, 100.00
L&TINFRA, N4, 26-Feb-2020,1932.0,1905.01,1908.65,1900.0, 1900.00,1902.4,1903.03,124,2.36,8, 124, 100.00
L&TINFRA, N5, 26-Feb-2020,1058.03,1021.0,1060.0,1021.0, 1040.00,1040.0,1034.0,614,6.35,9, 614, 100.00
L&TINFRA, N6, 26-Feb-2020,2000.41,2000.0,2004.0,1988.0, 1994.10,1994.1,1999.58,826,16.52,33, 821, 99.39
LAKPRE, BZ, 26-Feb-2020,1.75,1.7,1.7,1.7, 1.70,1.7,1.7,1011,0.02,6, -, -
LAKSHVILAS, EQ, 26-Feb-2020,16.3,16.7,16.7,15.5, 15.85,15.8,15.85,769660,121.98,1351, 461936, 60.02
LALPATHLAB, EQ, 26-Feb-2020,1649.75,1650.0,1667.0,1635.1, 1646.00,1644.6,1651.34,68582,1132.52,7534, 33474, 48.81
LAMBODHARA, EQ, 26-Feb-2020,32.15,31.85,32.8,30.5, 31.45,31.15,31.51,9500,2.99,141, 6110, 64.32
LAOPALA, EQ, 26-Feb-2020,213.85,213.0,217.0,201.95, 206.00,207.25,211.95,97507,206.67,2816, 65088, 66.75
LASA, BE, 26-Feb-2020,43.1,45.25,45.25,43.0, 45.25,45.25,45.01,129807,58.43,341, -, -
LAURUSLABS, EQ, 26-Feb-2020,430.75,432.0,434.9,418.1, 419.60,419.75,426.39,48452,206.6,2139, 30915, 63.81
LAXMIMACH, EQ, 26-Feb-2020,3200.5,3194.95,3419.0,3194.95, 3249.95,3265.1,3256.67,24039,782.87,2213, 13557, 56.40
LEMONTREE, EQ, 26-Feb-2020,58.65,58.0,58.15,53.6, 53.60,53.85,54.7,742379,406.08,8078, 436304, 58.77
LEXUS, SM, 26-Feb-2020,9.6,9.15,9.15,9.15, 9.15,9.15,9.15,2000,0.18,2, 0, 0.00
LFIC, EQ, 26-Feb-2020,54.2,58.0,59.05,51.0, 51.05,51.35,52.97,2522,1.34,122, 1187, 47.07
LGBBROSLTD, EQ, 26-Feb-2020,270.35,263.2,266.2,250.1, 257.80,254.35,256.86,50878,130.69,2813, 27586, 54.22
LGBFORGE, BE, 26-Feb-2020,2.55,2.45,2.45,2.45, 2.45,2.45,2.45,33570,0.82,40, -, -
LIBAS, BE, 26-Feb-2020,44.0,44.0,45.5,43.0, 45.50,45.5,44.71,700,0.31,7, -, -
LIBERTSHOE, EQ, 26-Feb-2020,121.55,119.7,120.35,116.0, 116.65,116.35,118.08,96786,114.28,2473, 33375, 34.48
LICHSGFIN, EQ, 26-Feb-2020,350.7,349.65,354.0,344.65, 347.50,348.15,349.2,4281773,14951.98,48508, 1039948, 24.29
LICNETFGSC, EQ, 26-Feb-2020,20.49,20.2,20.8,20.01, 20.45,20.44,20.45,1362,0.28,41, 725, 53.23
LICNETFN50, EQ, 26-Feb-2020,124.25,125.99,125.99,121.95, 122.70,122.63,123.28,2152,2.65,32, 2068, 96.10
LICNETFSEN, EQ, 26-Feb-2020,505.0,509.0,509.0,509.0, 509.00,509.0,509.0,6,0.03,4, 5, 83.33
LICNFNHGP, EQ, 26-Feb-2020,123.32,124.0,124.0,122.1, 123.40,123.4,122.12,1587,1.94,10, 1580, 99.56
LINCOLN, EQ, 26-Feb-2020,180.35,180.3,180.3,168.55, 174.80,173.85,174.64,26536,46.34,596, 16659, 62.78
LINCPEN, EQ, 26-Feb-2020,216.3,224.4,225.0,211.2, 214.00,214.0,216.93,8392,18.2,100, 2745, 32.71
LINDEINDIA, EQ, 26-Feb-2020,714.45,711.0,743.0,702.25, 722.00,722.15,728.17,120820,879.77,6064, 40015, 33.12
LIQUIDBEES, EQ, 26-Feb-2020,999.99,999.99,1000.01,999.94, 1000.01,1000.0,1000.0,674249,6742.49,6452, 488138, 72.40
LIQUIDETF, EQ, 26-Feb-2020,1000.0,999.99,1000.01,999.99, 999.99,999.99,1000.0,5258,52.58,111, 3237, 61.56
LOKESHMACH, EQ, 26-Feb-2020,26.75,26.65,27.4,25.2, 26.00,25.9,26.45,27864,7.37,288, 23734, 85.18
LOTUSEYE, EQ, 26-Feb-2020,24.95,24.1,25.85,23.55, 25.85,25.75,24.91,6957,1.73,101, 5002, 71.90
LOVABLE, EQ, 26-Feb-2020,67.05,67.1,67.1,65.5, 65.55,65.7,66.02,6826,4.51,288, 4241, 62.13
LPDC, EQ, 26-Feb-2020,1.15,1.15,1.15,1.1, 1.10,1.1,1.1,13877,0.15,13, 13877, 100.00
LSIL, EQ, 26-Feb-2020,0.4,0.45,0.45,0.4, 0.40,0.4,0.44,1062545,4.67,377, 558682, 52.58
LT, EQ, 26-Feb-2020,1242.05,1235.0,1238.0,1206.0, 1214.90,1211.15,1219.79,5721483,69790.28,161455, 3952254, 69.08
LTI, EQ, 26-Feb-2020,1997.55,1990.05,2004.0,1970.0, 1999.00,1998.4,1993.11,61515,1226.06,10641, 39091, 63.55
LTMFEOF2R, MF, 26-Feb-2020,9.4,9.7,9.7,9.7, 9.70,9.7,9.7,500,0.05,1, 500, 100.00
LTMFEOFR, MF, 26-Feb-2020,9.34,9.29,9.3,9.29, 9.30,9.3,9.29,4402,0.41,2, 4402, 100.00
LTTS, EQ, 26-Feb-2020,1684.5,1683.0,1709.0,1673.0, 1685.00,1680.0,1695.27,89708,1520.79,6088, 63247, 70.50
LUMAXIND, EQ, 26-Feb-2020,1479.75,1465.0,1490.0,1447.55, 1471.25,1465.35,1476.17,3275,48.34,347, 2415, 73.74
LUMAXTECH, EQ, 26-Feb-2020,102.15,101.7,102.7,96.8, 102.70,101.45,100.15,45441,45.51,827, 23096, 50.83
LUPIN, EQ, 26-Feb-2020,669.15,668.1,676.0,664.55, 667.85,669.8,669.8,2122196,14214.45,24572, 1394076, 65.69
LUXIND, EQ, 26-Feb-2020,1528.55,1515.95,1549.7,1511.3, 1534.60,1533.7,1522.2,44149,672.04,2632, 10105, 22.89
LYKALABS, EQ, 26-Feb-2020,17.85,17.3,17.75,17.3, 17.35,17.4,17.44,4795,0.84,101, 3504, 73.08
LYPSAGEMS, BE, 26-Feb-2020,3.95,3.8,4.0,3.8, 3.85,3.9,3.88,10069,0.39,21, -, -
M&M, EQ, 26-Feb-2020,508.95,507.7,512.45,500.0, 502.75,503.0,505.89,3058370,15471.84,47336, 1260428, 41.21
M&MFIN, EQ, 26-Feb-2020,371.35,370.0,370.0,359.0, 360.05,360.85,363.92,1936293,7046.47,39236, 966179, 49.90
M&MFIN, N2, 26-Feb-2020,1080.35,1080.05,1097.0,1080.05, 1097.00,1095.97,1095.97,165,1.81,6, 165, 100.00
M100, EQ, 26-Feb-2020,18.73,18.0,19.3,17.0, 18.25,18.26,18.26,1554062,283.82,752, 1450531, 93.34
M15RD, MF, 26-Feb-2020,5.32,5.35,5.35,5.35, 5.35,5.35,5.35,500,0.03,1, 500, 100.00
M15RG, MF, 26-Feb-2020,7.1,7.05,7.05,7.05, 7.05,7.05,7.05,700,0.05,1, 700, 100.00
M50, EQ, 26-Feb-2020,116.11,115.3,115.54,114.0, 114.87,114.79,114.72,1434,1.65,41, 982, 68.48
MAANALU, EQ, 26-Feb-2020,58.4,57.0,58.4,57.0, 57.10,57.4,57.26,1417,0.81,50, 1081, 76.29
MACPOWER, SM, 26-Feb-2020,56.4,55.0,55.0,55.0, 55.00,55.0,55.0,43000,23.65,1, 43000, 100.00
MADHAV, EQ, 26-Feb-2020,32.2,30.5,31.95,30.0, 30.55,30.7,30.52,623,0.19,27, 358, 57.46
MADHUCON, EQ, 26-Feb-2020,2.9,2.85,2.9,2.8, 2.90,2.8,2.8,24030,0.67,68, 23530, 97.92
MADRASFERT, EQ, 26-Feb-2020,16.3,16.05,16.2,15.5, 15.50,15.6,15.88,72626,11.53,512, 39862, 54.89
MAGADSUGAR, EQ, 26-Feb-2020,123.15,125.65,125.7,120.0, 120.10,120.85,121.59,37169,45.19,1430, 25563, 68.78
MAGMA, EQ, 26-Feb-2020,49.2,49.95,52.5,47.05, 48.00,48.1,48.93,87092,42.62,1588, 54797, 62.92
MAGNUM, EQ, 26-Feb-2020,2.9,2.9,3.0,2.9, 2.90,2.9,2.98,5158,0.15,12, 5158, 100.00
MAHABANK, EQ, 26-Feb-2020,11.2,11.2,11.3,11.05, 11.15,11.1,11.18,286408,32.01,665, 194326, 67.85
MAHAPEXLTD, BE, 26-Feb-2020,89.9,85.55,89.0,85.45, 87.00,87.0,86.54,2084,1.8,19, -, -
MAHASTEEL, EQ, 26-Feb-2020,112.95,111.0,115.0,107.35, 107.90,107.7,109.51,19525,21.38,239, 12421, 63.62
MAHEPC, EQ, 26-Feb-2020,137.1,135.15,137.8,133.25, 134.70,134.35,135.22,13003,17.58,287, 8007, 61.58
MAHESHWARI, EQ, 26-Feb-2020,251.15,251.15,251.6,247.6, 250.00,249.3,249.72,20097,50.19,341, 6464, 32.16
MAHICKRA, SM, 26-Feb-2020,86.5,86.0,86.0,86.0, 86.00,86.0,86.0,6000,5.16,2, 3000, 50.00
MAHINDCIE, EQ, 26-Feb-2020,145.05,144.6,144.6,140.0, 140.10,141.0,141.63,58647,83.06,1645, 20760, 35.40
MAHLIFE, EQ, 26-Feb-2020,382.75,376.2,388.85,369.95, 388.85,373.85,373.2,22959,85.68,873, 14342, 62.47
MAHLOG, EQ, 26-Feb-2020,408.15,411.55,411.55,393.5, 395.75,397.4,403.59,19029,76.8,3486, 10803, 56.77
MAHSCOOTER, EQ, 26-Feb-2020,4610.65,4610.65,4629.0,4553.0, 4557.00,4557.6,4602.72,1638,75.39,321, 1398, 85.35
MAHSEAMLES, EQ, 26-Feb-2020,341.55,340.0,341.5,336.05, 336.05,337.0,338.74,8047,27.26,836, 6913, 85.91
MAITHANALL, EQ, 26-Feb-2020,559.2,556.0,584.2,552.0, 558.00,559.35,568.6,54624,310.59,1629, 37479, 68.61
MAJESCO, EQ, 26-Feb-2020,382.2,381.25,387.95,381.0, 381.00,381.7,383.36,11810,45.27,532, 6568, 55.61
MALUPAPER, EQ, 26-Feb-2020,32.5,31.6,32.05,30.35, 30.95,30.85,31.36,55984,17.56,666, 27980, 49.98
MAN50ETF, EQ, 26-Feb-2020,119.79,119.0,119.15,118.2, 118.40,118.32,118.62,3622,4.3,301, 2440, 67.37
MANAKALUCO, EQ, 26-Feb-2020,3.85,4.0,4.2,3.85, 3.95,3.85,4.0,4841,0.19,26, 4716, 97.42
MANAKCOAT, EQ, 26-Feb-2020,3.35,3.15,3.35,3.15, 3.15,3.15,3.23,5740,0.19,33, 5740, 100.00
MANAKSIA, EQ, 26-Feb-2020,43.6,43.7,46.5,43.7, 44.60,44.65,45.44,29914,13.59,362, 22500, 75.22
MANAKSTEEL, EQ, 26-Feb-2020,9.45,9.5,9.5,9.0, 9.05,9.15,9.09,23530,2.14,92, 19600, 83.30
MANALIPETC, EQ, 26-Feb-2020,17.0,17.1,17.4,16.75, 16.95,16.9,17.01,105048,17.87,458, 52831, 50.29
MANAPPURAM, EQ, 26-Feb-2020,177.9,176.0,178.75,175.35, 176.10,176.2,176.61,4389545,7752.46,20484, 1184704, 26.99
MANGALAM, EQ, 26-Feb-2020,28.95,29.2,29.65,28.7, 28.80,28.8,29.03,7952,2.31,73, 7589, 95.44
MANGCHEFER, EQ, 26-Feb-2020,29.15,29.0,29.8,28.2, 29.70,29.1,29.0,66125,19.18,674, 38596, 58.37
MANGLMCEM, EQ, 26-Feb-2020,256.4,258.75,267.0,250.0, 251.00,251.4,259.74,80220,208.37,1478, 57794, 72.04
MANGTIMBER, BE, 26-Feb-2020,10.0,10.0,10.1,10.0, 10.00,10.0,10.0,2257,0.23,5, -, -
MANINDS, EQ, 26-Feb-2020,56.8,56.2,57.25,54.5, 54.90,55.05,56.05,39246,22.0,368, 31350, 79.88
MANINFRA, EQ, 26-Feb-2020,27.85,27.45,27.85,27.1, 27.40,27.55,27.44,98232,26.96,1116, 79254, 80.68
MANUGRAPH, EQ, 26-Feb-2020,12.35,12.7,12.7,12.0, 12.05,12.05,12.16,4649,0.57,35, 4157, 89.42
MANXT50, EQ, 26-Feb-2020,279.6,278.0,278.5,276.02, 276.50,276.49,277.37,937,2.6,45, 827, 88.26
MARALOVER, EQ, 26-Feb-2020,14.95,14.0,14.8,14.0, 14.25,14.3,14.26,1377,0.2,9, 1177, 85.48
MARATHON, EQ, 26-Feb-2020,83.3,81.0,82.6,76.2, 77.20,78.25,79.06,25391,20.07,510, 10497, 41.34
MARICO, EQ, 26-Feb-2020,305.95,306.8,308.25,299.9, 306.30,306.15,305.86,3773560,11541.77,70838, 2326812, 61.66
MARINE, SM, 26-Feb-2020,100.15,99.7,100.15,99.5, 99.50,99.5,99.88,12000,11.99,6, 6000, 50.00
MARKSANS, EQ, 26-Feb-2020,19.0,18.9,19.6,18.55, 18.75,18.65,19.04,844980,160.93,3752, 336440, 39.82
MARUTI, EQ, 26-Feb-2020,6414.55,6350.0,6368.85,6186.05, 6260.00,6234.85,6285.0,1580738,99349.32,116894, 784034, 49.60
MASFIN, EQ, 26-Feb-2020,1073.55,1062.2,1132.45,1059.55, 1105.50,1108.8,1106.52,49379,546.39,4846, 15851, 32.10
MASKINVEST, BE, 26-Feb-2020,25.95,24.7,24.7,24.7, 24.70,24.7,24.7,1,0.0,1, -, -
MASTEK, EQ, 26-Feb-2020,415.05,411.75,418.5,410.1, 410.15,413.35,414.8,18543,76.92,973, 14007, 75.54
MATRIMONY, EQ, 26-Feb-2020,436.0,431.0,442.15,419.0, 423.00,424.7,432.79,4468,19.34,247, 2734, 61.19
MAWANASUG, EQ, 26-Feb-2020,39.9,39.1,39.9,38.55, 38.65,38.7,39.28,100711,39.56,742, 48704, 48.36
MAXINDIA, EQ, 26-Feb-2020,86.75,85.0,89.7,84.9, 88.20,88.25,87.31,176729,154.3,1400, 104194, 58.96
MAXVIL, EQ, 26-Feb-2020,48.15,49.05,55.0,48.6, 52.80,52.35,52.8,917524,484.44,5526, 222888, 24.29
MAYURUNIQ, EQ, 26-Feb-2020,280.95,280.0,280.0,258.2, 261.80,262.05,270.23,44237,119.54,1277, 28389, 64.17
MAZDA, EQ, 26-Feb-2020,486.05,489.0,491.35,477.0, 477.00,478.8,485.04,3473,16.85,269, 178, 5.13
MBAPL, BE, 26-Feb-2020,68.0,70.0,70.0,68.0, 68.00,68.0,69.06,4000,2.76,22, -, -
MBECL, BE, 26-Feb-2020,3.25,3.1,3.3,3.1, 3.30,3.3,3.14,1635,0.05,15, -, -
MBLINFRA, EQ, 26-Feb-2020,3.6,3.55,3.7,3.45, 3.45,3.45,3.51,50972,1.79,72, 37363, 73.30
MCDHOLDING, BE, 26-Feb-2020,17.15,16.45,17.15,16.3, 16.30,16.35,16.46,20214,3.33,95, -, -
MCDOWELL-N, EQ, 26-Feb-2020,703.3,700.0,701.3,684.0, 684.20,687.95,693.62,1913508,13272.43,37115, 871864, 45.56
MCL, SM, 26-Feb-2020,82.15,84.9,87.0,84.65, 87.00,86.7,85.67,15600,13.36,12, 6000, 38.46
MCLEODRUSS, EQ, 26-Feb-2020,3.45,3.45,3.6,3.3, 3.30,3.3,3.35,1000934,33.53,416, 640597, 64.00
MCX, EQ, 26-Feb-2020,1332.3,1340.0,1375.0,1315.2, 1366.50,1358.3,1342.1,202087,2712.2,9270, 72861, 36.05
MEGASOFT, EQ, 26-Feb-2020,7.4,7.3,7.45,7.1, 7.10,7.1,7.21,28722,2.07,92, 25755, 89.67
MEGH, EQ, 26-Feb-2020,57.1,56.7,59.0,56.2, 57.40,57.4,57.9,985643,570.64,4924, 243392, 24.69
MENONBE, EQ, 26-Feb-2020,51.9,52.25,53.15,51.6, 51.60,51.75,52.05,1012,0.53,62, 863, 85.28
MEP, EQ, 26-Feb-2020,39.7,39.5,40.0,37.9, 38.50,39.4,39.19,211689,82.96,1627, 121357, 57.33
MERCATOR, EQ, 26-Feb-2020,0.7,0.7,0.75,0.7, 0.75,0.75,0.75,1554282,11.61,288, 1016437, 65.40
METALFORGE, EQ, 26-Feb-2020,5.6,5.85,5.85,5.6, 5.75,5.75,5.78,38835,2.24,116, 33466, 86.17
METKORE, BZ, 26-Feb-2020,0.25,0.25,0.25,0.2, 0.20,0.2,0.21,480,0.0,2, -, -
METROPOLIS, EQ, 26-Feb-2020,1813.5,1810.05,1925.0,1802.35, 1865.00,1859.35,1886.14,89746,1692.73,7397, 34028, 37.92
MFSL, EQ, 26-Feb-2020,590.25,586.95,593.6,581.8, 589.35,588.15,587.5,2156219,12667.73,27558, 315047, 14.61
MGEL, SM, 26-Feb-2020,53.7,53.8,53.8,53.8, 53.80,53.8,53.8,2000,1.08,1, 2000, 100.00
MGL, EQ, 26-Feb-2020,1099.55,1094.0,1107.0,1071.1, 1075.00,1075.35,1089.98,636854,6941.56,25518, 224630, 35.27
MHHL, SM, 26-Feb-2020,17.15,16.5,16.5,16.3, 16.30,16.4,16.4,6000,0.98,2, 6000, 100.00
MHRIL, EQ, 26-Feb-2020,218.75,218.9,221.05,215.6, 220.40,219.9,219.28,20256,44.42,724, 15500, 76.52
MIC, BE, 26-Feb-2020,0.65,0.65,0.7,0.6, 0.60,0.6,0.62,32546,0.2,56, -, -
MIDHANI, EQ, 26-Feb-2020,221.85,220.1,224.7,209.3, 210.10,211.2,217.1,852903,1851.66,15235, 246935, 28.95
MILTON, SM, 26-Feb-2020,10.85,10.35,10.35,10.35, 10.35,10.35,10.35,4400,0.46,1, 4400, 100.00
MINDACORP, EQ, 26-Feb-2020,115.45,115.45,117.45,111.25, 112.50,112.2,114.67,147085,168.66,2154, 70868, 48.18
MINDAIND, EQ, 26-Feb-2020,376.05,374.95,377.75,371.55, 377.00,376.2,374.6,146662,549.39,2821, 127561, 86.98
MINDPOOL, SM, 26-Feb-2020,15.0,15.0,15.0,15.0, 15.00,15.0,15.0,12000,1.8,2, 12000, 100.00
MINDTECK, EQ, 26-Feb-2020,23.4,24.0,25.0,22.05, 22.50,22.45,22.6,28451,6.43,328, 21391, 75.19
MINDTREE, EQ, 26-Feb-2020,1050.3,1045.0,1050.0,1018.25, 1024.00,1029.4,1033.41,1158438,11971.47,33158, 405257, 34.98
MIRCELECTR, EQ, 26-Feb-2020,9.25,9.25,9.45,8.95, 9.20,9.0,9.13,62285,5.69,223, 42924, 68.92
MIRZAINT, EQ, 26-Feb-2020,58.3,57.85,60.0,57.2, 59.50,58.9,58.57,151459,88.7,1507, 81350, 53.71
MITTAL, SM, 26-Feb-2020,114.1,118.9,119.8,115.0, 117.15,116.35,116.51,75000,87.38,47, 30000, 40.00
MMFL, EQ, 26-Feb-2020,397.0,385.45,406.95,385.45, 404.95,401.4,400.37,5622,22.51,346, 4446, 79.08
MMP, EQ, 26-Feb-2020,97.0,104.45,104.45,96.0, 96.00,97.85,98.48,1500,1.48,21, 1497, 99.80
MMTC, EQ, 26-Feb-2020,19.05,19.3,19.3,18.5, 18.55,18.55,18.79,501345,94.19,1601, 262653, 52.39
MODIRUBBER, BE, 26-Feb-2020,24.25,25.45,25.45,25.45, 25.45,25.45,25.45,302,0.08,1, -, -
MOHOTAIND, BE, 26-Feb-2020,7.25,7.0,7.6,7.0, 7.60,7.6,7.1,2487,0.18,12, -, -
MOIL, EQ, 26-Feb-2020,136.65,136.0,136.0,129.55, 135.20,132.1,132.32,134460,177.92,4125, 75050, 55.82
MOLDTECH, EQ, 26-Feb-2020,44.95,46.75,46.75,44.1, 44.35,44.5,44.63,685,0.31,41, 556, 81.17
MOLDTKPAC, EQ, 26-Feb-2020,255.6,255.0,258.85,249.65, 253.00,254.8,253.88,32786,83.24,1369, 22176, 67.64
MONTECARLO, EQ, 26-Feb-2020,221.05,220.35,222.5,211.0, 215.00,215.0,215.6,19784,42.65,1439, 16084, 81.30
MORARJEE, EQ, 26-Feb-2020,13.7,14.0,14.0,13.3, 13.50,13.45,13.57,2823,0.38,29, 2742, 97.13
MOREPENLAB, EQ, 26-Feb-2020,13.7,13.8,13.85,13.25, 13.30,13.3,13.51,627549,84.78,1049, 448338, 71.44
MOTHERSUMI, EQ, 26-Feb-2020,116.8,113.0,114.8,110.7, 111.50,111.25,112.61,13259839,14931.84,83955, 5661489, 42.70
MOTILALOFS, EQ, 26-Feb-2020,775.45,772.9,790.4,768.25, 788.90,784.1,786.02,141050,1108.69,5174, 101424, 71.91
MOTOGENFIN, EQ, 26-Feb-2020,32.45,33.95,33.95,32.0, 33.10,33.1,33.08,2892,0.96,31, 2666, 92.19
MPHASIS, EQ, 26-Feb-2020,884.35,882.95,884.0,840.0, 851.00,851.9,851.45,549141,4675.65,15854, 434419, 79.11
MPSLTD, EQ, 26-Feb-2020,346.5,342.0,353.05,340.05, 340.05,343.1,348.31,1604,5.59,197, 881, 54.93
MRF, EQ, 26-Feb-2020,69133.45,69134.0,69403.95,67850.0, 67850.00,68140.0,68562.44,5155,3534.39,3292, 1186, 23.01
MRPL, EQ, 26-Feb-2020,40.2,40.0,40.35,39.5, 39.60,39.65,39.75,265469,105.53,2270, 135527, 51.05
MSPL, EQ, 26-Feb-2020,5.4,5.4,5.55,5.2, 5.45,5.5,5.33,4271,0.23,21, 3072, 71.93
MSTCLTD, EQ, 26-Feb-2020,192.5,177.95,187.05,173.25, 173.25,173.25,178.23,2071769,3692.47,20053, 629872, 30.40
MTEDUCARE, EQ, 26-Feb-2020,12.5,12.45,12.5,11.9, 11.90,11.9,11.94,41154,4.91,164, 36897, 89.66
MTNL, EQ, 26-Feb-2020,8.6,8.7,9.45,8.3, 9.20,9.15,9.07,1121058,101.63,2098, 575589, 51.34
MUKANDENGG, EQ, 26-Feb-2020,10.85,10.8,11.4,10.45, 10.75,10.75,10.97,3023,0.33,28, 2245, 74.26
MUKANDLTD, EQ, 26-Feb-2020,27.5,27.1,27.6,25.6, 25.60,25.9,26.19,21508,5.63,194, 14015, 65.16
MUKTAARTS, EQ, 26-Feb-2020,34.6,34.15,35.1,33.95, 34.30,34.7,34.65,4914,1.7,106, 2796, 56.90
MUNJALAU, EQ, 26-Feb-2020,41.15,40.05,41.45,40.0, 40.40,40.15,40.55,66485,26.96,680, 40156, 60.40
MUNJALSHOW, EQ, 26-Feb-2020,113.75,114.0,114.0,110.2, 110.20,110.75,111.36,16726,18.63,306, 14906, 89.12
MURUDCERA, EQ, 26-Feb-2020,16.45,16.25,16.55,15.25, 15.65,15.75,15.83,48043,7.6,279, 30521, 63.53
MUTHOOTCAP, EQ, 26-Feb-2020,564.65,560.65,563.5,533.0, 534.00,541.75,550.84,8644,47.61,543, 5622, 65.04
MUTHOOTFIN, EQ, 26-Feb-2020,944.4,940.0,954.05,935.0, 938.00,939.95,944.89,2961194,27980.04,56027, 542596, 18.32
N100, EQ, 26-Feb-2020,654.76,630.0,655.0,628.6, 630.90,632.24,636.13,45465,289.22,2386, 35700, 78.52
NABARD, N2, 26-Feb-2020,1227.01,1224.53,1234.8,1224.53, 1233.00,1233.0,1232.61,2197,27.08,16, 2110, 96.04
NACLIND, EQ, 26-Feb-2020,31.7,31.8,32.2,31.05, 31.35,31.4,31.53,32234,10.16,260, 26899, 83.45
NAGAFERT, BE, 26-Feb-2020,4.1,4.3,4.3,4.3, 4.30,4.3,4.3,55329,2.38,66, -, -
NAGREEKCAP, EQ, 26-Feb-2020,6.9,6.9,7.35,6.55, 6.55,6.6,6.6,802,0.05,15, 700, 87.28
NAGREEKEXP, EQ, 26-Feb-2020,13.25,13.5,13.7,12.9, 13.70,13.7,13.32,2760,0.37,36, 2220, 80.43
NAHARCAP, EQ, 26-Feb-2020,69.15,64.05,71.35,64.05, 67.30,67.3,67.53,947,0.64,23, 854, 90.18
NAHARINDUS, EQ, 26-Feb-2020,26.0,26.15,26.15,24.25, 26.00,26.0,25.14,5290,1.33,72, 3325, 62.85
NAHARPOLY, EQ, 26-Feb-2020,39.0,38.15,39.9,37.55, 39.25,39.25,38.86,23776,9.24,333, 15765, 66.31
NAHARSPING, EQ, 26-Feb-2020,38.85,40.35,40.35,35.45, 37.00,37.15,37.06,11093,4.11,156, 8071, 72.76
NAM-INDIA, EQ, 26-Feb-2020,421.45,418.3,444.45,417.35, 426.15,425.8,428.41,6962607,29828.52,75089, 3876907, 55.68
NATCOPHARM, EQ, 26-Feb-2020,635.05,630.0,635.35,621.1, 623.50,623.5,627.09,74548,467.49,6646, 40650, 54.53
NATHBIOGEN, EQ, 26-Feb-2020,344.9,350.0,353.95,335.1, 339.00,341.55,343.89,9022,31.03,404, 6332, 70.18
NATIONALUM, EQ, 26-Feb-2020,36.65,36.1,36.6,35.9, 36.00,36.0,36.17,6195927,2240.84,11281, 1897017, 30.62
NAUKRI, EQ, 26-Feb-2020,2649.6,2648.95,2698.0,2550.0, 2571.05,2610.3,2641.11,280229,7401.16,44257, 135089, 48.21
NAVINFLUOR, EQ, 26-Feb-2020,1454.3,1475.0,1629.8,1474.0, 1537.00,1542.05,1573.93,2199975,34625.96,124083, 463049, 21.05
NAVKARCORP, EQ, 26-Feb-2020,29.95,29.75,30.3,29.15, 29.55,29.55,29.7,161703,48.03,602, 117488, 72.66
NAVNETEDUL, EQ, 26-Feb-2020,86.8,86.8,88.5,85.25, 87.95,86.3,86.1,20133,17.33,978, 12339, 61.29
NBCC, EQ, 26-Feb-2020,29.35,29.3,29.7,27.65, 28.05,28.25,28.94,15089082,4366.89,24346, 4964001, 32.90
NBIFIN, EQ, 26-Feb-2020,1784.65,1751.05,1760.0,1751.0, 1760.00,1760.0,1759.69,57,1.0,5, 56, 98.25
NBVENTURES, EQ, 26-Feb-2020,66.95,66.5,67.7,63.85, 64.35,64.55,65.75,69594,45.76,786, 54466, 78.26
NCC, EQ, 26-Feb-2020,40.5,40.25,41.0,39.4, 39.90,39.95,40.16,15969598,6412.71,33737, 1890672, 11.84
NCLIND, EQ, 26-Feb-2020,82.3,81.7,92.75,81.65, 87.00,87.65,88.48,266828,236.08,3262, 135855, 50.91
NDGL, EQ, 26-Feb-2020,531.0,529.0,550.0,520.0, 528.05,538.7,540.1,221,1.19,21, 141, 63.80
NDL, EQ, 26-Feb-2020,21.1,20.15,21.6,20.15, 21.15,21.05,21.11,49912,10.54,223, 41045, 82.23
NDTV, EQ, 26-Feb-2020,33.0,34.0,34.0,32.0, 32.65,32.8,32.8,14133,4.63,135, 9119, 64.52
NECCLTD, EQ, 26-Feb-2020,5.1,5.0,5.25,5.0, 5.10,5.0,5.04,6711,0.34,26, 5498, 81.93
NECLIFE, EQ, 26-Feb-2020,12.35,12.35,12.4,11.2, 11.80,11.75,11.93,106243,12.68,507, 73847, 69.51
NELCAST, EQ, 26-Feb-2020,41.35,41.0,41.5,38.8, 38.90,39.05,40.02,59756,23.91,730, 38558, 64.53
NELCO, EQ, 26-Feb-2020,255.65,251.65,269.9,246.7, 247.45,249.2,259.44,673448,1747.16,15886, 150548, 22.35
NEOGEN, EQ, 26-Feb-2020,462.3,459.9,548.0,453.0, 528.50,525.1,528.05,961202,5075.62,36316, 153672, 15.99
NESCO, EQ, 26-Feb-2020,728.4,728.4,734.0,713.0, 719.00,721.85,723.72,31326,226.71,1831, 17580, 56.12
NESTLEIND, EQ, 26-Feb-2020,16380.5,16545.0,16545.0,16150.05, 16199.30,16240.15,16322.63,116839,19071.2,26504, 65352, 55.93
NETF, EQ, 26-Feb-2020,119.78,125.0,125.0,118.03, 118.03,118.03,120.99,268,0.32,10, 262, 97.76
NETFCONSUM, EQ, 26-Feb-2020,53.75,53.52,53.61,53.31, 53.61,53.53,53.47,1230,0.66,20, 1230, 100.00
NETFDIVOPP, EQ, 26-Feb-2020,28.6,28.6,28.6,28.21, 28.21,28.21,28.53,960,0.27,7, 823, 85.73
NETFLTGILT, EQ, 26-Feb-2020,20.75,20.81,20.83,20.74, 20.83,20.83,20.81,1498,0.31,35, 1219, 81.38
NETFMID150, EQ, 26-Feb-2020,66.15,65.7,65.98,65.1, 65.38,65.35,65.68,40448,26.57,189, 36786, 90.95
NETFNIF100, EQ, 26-Feb-2020,123.0,122.3,122.3,121.0, 122.30,122.3,121.2,922,1.12,19, 833, 90.35
NETFNV20, EQ, 26-Feb-2020,58.3,58.3,58.3,57.3, 57.30,57.37,57.39,8513,4.89,38, 7992, 93.88
NETWORK18, BE, 26-Feb-2020,28.95,28.75,29.8,28.05, 29.00,29.15,28.78,411374,118.41,1128, -, -
NEULANDLAB, EQ, 26-Feb-2020,428.25,430.0,435.0,422.0, 425.00,426.15,428.23,14284,61.17,847, 6692, 46.85
NEWGEN, EQ, 26-Feb-2020,204.05,205.0,215.0,196.75, 203.00,198.05,204.81,17513,35.87,634, 4638, 26.48
NEXTMEDIA, EQ, 26-Feb-2020,6.95,6.65,7.2,6.65, 7.20,7.2,6.66,14883,0.99,16, 14881, 99.99
NFL, EQ, 26-Feb-2020,23.9,23.7,24.3,23.4, 23.45,23.55,23.83,199808,47.6,886, 101846, 50.97
NH, EQ, 26-Feb-2020,330.15,326.0,344.0,321.8, 338.75,338.25,328.8,339825,1117.35,12816, 260355, 76.61
NHAI, N1, 26-Feb-2020,1081.03,1081.0,1083.83,1081.0, 1081.00,1081.0,1081.09,1650,17.84,28, 1586, 96.12
NHAI, N2, 26-Feb-2020,1189.95,1193.0,1194.0,1186.75, 1188.15,1187.96,1187.98,3040,36.11,26, 1989, 65.43
NHAI, N4, 26-Feb-2020,1197.0,1199.0,1199.0,1199.0, 1199.00,1199.0,1199.0,2070,24.82,7, 2070, 100.00
NHAI, N6, 26-Feb-2020,1315.06,1318.9,1321.0,1310.01, 1315.00,1316.46,1315.17,248,3.26,28, 202, 81.45
NHAI, NA, 26-Feb-2020,1227.5,1226.0,1227.0,1226.0, 1226.00,1226.0,1226.01,2335,28.63,13, 2300, 98.50
NHAI, NE, 26-Feb-2020,1192.0,1185.27,1191.99,1185.27, 1190.00,1190.0,1188.95,1985,23.6,34, 1535, 77.33
NHBTF2014, N6, 26-Feb-2020,6623.0,6635.0,6653.0,6635.0, 6653.00,6649.85,6643.51,457,30.36,9, 457, 100.00
NHBTF2023, N6, 26-Feb-2020,6600.0,6610.0,6610.0,6610.0, 6610.00,6610.0,6610.0,350,23.14,1, 350, 100.00
NHPC, EQ, 26-Feb-2020,22.05,22.0,22.05,21.55, 21.60,21.65,21.75,3677111,799.63,4333, 2503587, 68.09
NHPC, N5, 26-Feb-2020,1290.0,1211.6,1296.0,1211.6, 1296.00,1296.0,1295.15,495,6.41,6, 495, 100.00
NIACL, EQ, 26-Feb-2020,125.2,124.0,124.0,115.65, 117.40,116.9,119.78,338993,406.06,6024, 188613, 55.64
NIBL, EQ, 26-Feb-2020,4.2,4.4,4.4,4.05, 4.40,4.4,4.36,21970,0.96,55, 16352, 74.43
NIFTYBEES, EQ, 26-Feb-2020,125.34,125.39,125.39,123.8, 124.20,124.04,124.39,2733254,3399.92,6954, 2474716, 90.54
NIFTYEES, EQ, 26-Feb-2020,15501.0,15342.9,15342.9,15342.9, 15342.90,15342.9,15342.9,2,0.31,2, 2, 100.00
NIITLTD, EQ, 26-Feb-2020,107.65,107.1,108.75,104.2, 105.75,104.85,106.16,461752,490.19,4457, 264272, 57.23
NIITTECH, EQ, 26-Feb-2020,1889.4,1895.0,1910.0,1853.0, 1888.30,1889.85,1885.93,550885,10389.28,25274, 109652, 19.90
NILAINFRA, EQ, 26-Feb-2020,4.05,4.0,4.25,3.95, 4.25,4.15,4.08,127710,5.21,193, 104025, 81.45
NILASPACES, EQ, 26-Feb-2020,1.0,1.05,1.05,1.0, 1.05,1.05,1.04,159124,1.65,83, 122580, 77.03
NILKAMAL, EQ, 26-Feb-2020,1430.55,1434.0,1434.0,1399.15, 1411.90,1413.2,1415.41,14422,204.13,3716, 7825, 54.26
NIPPOBATRY, EQ, 26-Feb-2020,561.2,553.7,567.8,545.0, 563.50,551.1,550.48,2017,11.1,210, 1313, 65.10
NITCO, EQ, 26-Feb-2020,23.95,23.1,24.15,22.0, 22.00,22.45,22.78,59823,13.63,466, 47060, 78.67
NITINFIRE, BZ, 26-Feb-2020,0.35,0.35,0.4,0.35, 0.40,0.4,0.37,51579,0.19,36, -, -
NITINSPIN, EQ, 26-Feb-2020,47.35,47.5,48.3,47.0, 47.85,47.6,47.7,27385,13.06,268, 15794, 57.67
NKIND, EQ, 26-Feb-2020,13.2,13.0,13.25,13.0, 13.25,13.25,13.17,150,0.02,2, 150, 100.00
NLCINDIA, EQ, 26-Feb-2020,54.65,55.0,55.3,54.15, 54.35,54.3,54.71,511928,280.09,2614, 354228, 69.19
NMDC, EQ, 26-Feb-2020,101.3,99.85,101.4,97.3, 97.85,97.65,99.41,5974274,5938.75,16901, 2337213, 39.12
NOCIL, EQ, 26-Feb-2020,96.0,94.9,103.5,94.15, 98.00,97.6,100.02,4652205,4653.13,28109, 1042302, 22.40
NOIDATOLL, EQ, 26-Feb-2020,3.7,3.9,3.9,3.6, 3.65,3.65,3.7,36275,1.34,63, 33101, 91.25
NPBET, EQ, 26-Feb-2020,168.98,167.8,167.8,167.8, 167.80,167.8,167.8,5,0.01,1, 5, 100.00
NRAIL, EQ, 26-Feb-2020,236.9,237.0,237.0,222.1, 227.00,225.35,227.47,18596,42.3,813, 10329, 55.54
NRBBEARING, EQ, 26-Feb-2020,92.7,90.5,92.6,90.0, 90.70,90.2,90.9,21463,19.51,537, 15934, 74.24
NSIL, EQ, 26-Feb-2020,751.7,724.05,777.9,724.05, 750.00,763.95,740.19,262,1.94,122, 150, 57.25
NTL, BE, 26-Feb-2020,0.3,0.3,0.3,0.3, 0.30,0.3,0.3,159,0.0,1, -, -
NTPC, EQ, 26-Feb-2020,110.1,110.0,111.55,108.25, 109.55,109.1,109.82,14998071,16471.62,60231, 7792474, 51.96
NTPC, N4, 26-Feb-2020,1164.98,1169.98,1169.98,1146.6, 1146.60,1146.6,1164.58,13,0.15,3, 13, 100.00
NTPC, N6, 26-Feb-2020,1315.0,1316.0,1319.0,1316.0, 1319.00,1319.0,1316.16,1084,14.27,4, 1047, 96.59
NTPC, N7, 26-Feb-2020,14.15,14.08,14.18,14.08, 14.16,14.16,14.16,21954,3.11,105, 21925, 99.87
NTPC, NA, 26-Feb-2020,1363.99,1172.2,1636.0,1172.2, 1636.00,1636.0,1288.15,4,0.05,2, 3, 75.00
NTPC, NB, 26-Feb-2020,1107.0,1112.01,1112.1,1112.01, 1112.10,1112.1,1112.06,160,1.78,3, 80, 50.00
NTPC, ND, 26-Feb-2020,1266.0,1201.6,1223.0,1185.6, 1223.00,1223.0,1208.3,4,0.05,3, 2, 50.00
NUCLEUS, EQ, 26-Feb-2020,305.45,305.5,306.4,298.5, 302.00,300.05,301.87,4940,14.91,536, 3226, 65.30
NXTDIGITAL, EQ, 26-Feb-2020,395.25,393.0,393.45,383.15, 388.30,386.55,388.24,634,2.46,56, 460, 72.56
OAL, EQ, 26-Feb-2020,187.2,192.0,196.9,168.0, 177.00,179.1,179.76,7660,13.77,353, 4672, 60.99
OBEROIRLTY, EQ, 26-Feb-2020,520.05,518.8,518.8,506.65, 513.10,513.4,513.51,135537,695.99,7032, 92602, 68.32
OCCL, EQ, 26-Feb-2020,935.7,935.0,935.0,920.0, 923.50,923.6,924.61,2814,26.02,257, 2248, 79.89
OFSS, EQ, 26-Feb-2020,2785.0,2780.0,2780.0,2720.05, 2732.50,2741.95,2753.91,26109,719.02,2274, 23732, 90.90
OIL, EQ, 26-Feb-2020,117.7,116.55,117.7,113.1, 113.25,113.45,115.65,2291818,2650.48,16451, 1017139, 44.38
OILCOUNTUB, BE, 26-Feb-2020,3.45,3.4,3.5,3.4, 3.50,3.5,3.43,3271,0.11,16, -, -
OISL, EQ, 26-Feb-2020,2.7,2.5,2.65,2.45, 2.60,2.65,2.58,4608,0.12,65, 4212, 91.41
OLECTRA, EQ, 26-Feb-2020,137.75,137.0,138.0,123.05, 128.00,127.6,129.53,174990,226.66,5633, 90237, 51.57
OMAXAUTO, EQ, 26-Feb-2020,36.05,36.0,36.0,33.75, 33.75,34.35,35.04,16199,5.68,282, 11115, 68.62
OMAXE, EQ, 26-Feb-2020,159.0,160.5,160.7,157.8, 160.70,159.95,159.12,273547,435.26,1320, 206791, 75.60
OMKARCHEM, EQ, 26-Feb-2020,3.95,4.1,4.1,3.85, 4.00,3.9,3.98,17921,0.71,89, 13817, 77.10
OMMETALS, EQ, 26-Feb-2020,21.0,21.0,21.85,20.35, 20.70,20.7,21.26,61878,13.16,401, 34447, 55.67
ONELIFECAP, EQ, 26-Feb-2020,5.9,5.9,5.95,5.9, 5.95,5.95,5.91,260,0.02,3, 260, 100.00
ONEPOINT, EQ, 26-Feb-2020,22.95,23.95,23.95,22.9, 22.95,23.1,23.35,10544,2.46,144, 5899, 55.95
ONGC, EQ, 26-Feb-2020,97.55,97.4,98.5,95.5, 95.70,95.8,97.07,16192058,15717.4,64927, 5402574, 33.37
ONMOBILE, EQ, 26-Feb-2020,26.45,26.7,26.7,25.95, 25.95,26.05,26.12,24393,6.37,251, 19145, 78.49
ONWARDTEC, EQ, 26-Feb-2020,59.2,59.1,59.9,57.15, 57.95,57.4,58.11,4741,2.76,180, 3352, 70.70
OPTIEMUS, EQ, 26-Feb-2020,21.8,21.85,22.5,20.75, 22.45,21.6,21.44,28683,6.15,347, 23033, 80.30
OPTOCIRCUI, EQ, 26-Feb-2020,2.7,2.65,2.65,2.55, 2.65,2.6,2.6,113718,2.95,141, 71688, 63.04
ORBTEXP, EQ, 26-Feb-2020,80.95,80.0,80.9,78.0, 78.50,78.5,79.27,1321,1.05,55, 940, 71.16
ORICONENT, EQ, 26-Feb-2020,16.0,16.0,16.1,15.5, 16.10,16.0,15.91,40226,6.4,285, 30850, 76.69
ORIENTABRA, EQ, 26-Feb-2020,16.4,16.45,16.45,15.7, 15.70,15.8,15.84,23551,3.73,173, 21808, 92.60
ORIENTALTL, EQ, 26-Feb-2020,10.0,10.0,11.2,10.0, 11.20,10.5,10.27,14902,1.53,42, 14786, 99.22
ORIENTBANK, EQ, 26-Feb-2020,40.2,40.3,40.3,38.6, 39.00,38.95,39.39,779229,306.91,5180, 308076, 39.54
ORIENTBELL, EQ, 26-Feb-2020,109.25,108.0,112.95,106.05, 111.95,111.45,109.42,5768,6.31,174, 4849, 84.07
ORIENTCEM, EQ, 26-Feb-2020,81.15,81.0,90.0,80.35, 82.50,82.6,85.76,1856850,1592.41,18716, 552762, 29.77
ORIENTELEC, EQ, 26-Feb-2020,257.05,256.85,268.0,250.85, 264.60,260.7,261.94,251365,658.43,10703, 80427, 32.00
ORIENTHOT, EQ, 26-Feb-2020,27.3,27.9,27.9,26.25, 26.95,26.85,26.62,15464,4.12,164, 10768, 69.63
ORIENTLTD, EQ, 26-Feb-2020,92.5,95.05,111.0,92.2, 111.00,111.0,103.88,4057,4.21,124, 3571, 88.02
ORIENTPPR, EQ, 26-Feb-2020,22.5,22.25,22.5,22.0, 22.15,22.1,22.25,155145,34.52,731, 111036, 71.57
ORIENTREF, EQ, 26-Feb-2020,221.9,223.15,228.6,220.55, 228.00,227.2,226.0,20960,47.37,504, 16629, 79.34
ORISSAMINE, EQ, 26-Feb-2020,2013.45,1950.25,2035.35,1902.0, 1914.40,1910.15,1954.19,50710,990.97,6918, 11669, 23.01
ORTEL, BZ, 26-Feb-2020,0.45,0.45,0.5,0.45, 0.50,0.5,0.5,14201,0.07,12, -, -
ORTINLABSS, EQ, 26-Feb-2020,8.4,8.55,9.2,8.0, 9.20,9.2,9.12,40862,3.73,76, 28641, 70.09
OSWALAGRO, EQ, 26-Feb-2020,6.25,6.2,6.25,6.0, 6.25,6.2,6.09,16497,1.0,44, 14948, 90.61
PAEL, BE, 26-Feb-2020,2.35,2.25,2.25,2.25, 2.25,2.25,2.25,12,0.0,2, -, -
PAGEIND, EQ, 26-Feb-2020,22685.5,22015.0,22398.45,21817.85, 22100.00,22119.05,22189.66,70914,15735.58,13427, 46071, 64.97
PAISALO, EQ, 26-Feb-2020,262.55,260.15,260.15,249.45, 249.45,249.45,254.4,3818,9.71,155, 3221, 84.36
PALREDTEC, EQ, 26-Feb-2020,15.5,15.5,16.25,14.95, 15.10,15.1,15.08,400,0.06,10, 215, 53.75
PANACEABIO, EQ, 26-Feb-2020,112.15,111.5,111.6,109.6, 110.40,110.1,110.84,8280,9.18,214, 6915, 83.51
PANACHE, EQ, 26-Feb-2020,49.85,51.5,52.25,49.6, 49.60,49.6,51.0,15208,7.76,64, 2668, 17.54
PANAMAPET, EQ, 26-Feb-2020,55.65,56.15,57.6,55.0, 55.00,55.35,55.91,13082,7.31,183, 8434, 64.47
PAPERPROD, EQ, 26-Feb-2020,281.4,282.8,286.0,264.0, 279.00,278.9,279.18,70385,196.5,3103, 45880, 65.18
PAR, SM, 26-Feb-2020,35.3,34.5,35.0,34.0, 34.00,34.0,34.5,6000,2.07,3, 4000, 66.67
PARABDRUGS, BZ, 26-Feb-2020,1.35,1.3,1.3,1.3, 1.30,1.3,1.3,5420,0.07,10, -, -
PARACABLES, EQ, 26-Feb-2020,6.95,6.9,7.0,6.85, 6.95,6.95,6.93,54107,3.75,93, 46400, 85.76
PARAGMILK, EQ, 26-Feb-2020,95.2,94.6,96.35,91.0, 94.80,94.8,93.84,718938,674.68,8039, 298570, 41.53
PARSVNATH, BE, 26-Feb-2020,2.0,2.0,2.0,1.9, 1.90,1.9,1.95,17458,0.34,48, -, -
PATELENG, EQ, 26-Feb-2020,17.1,16.9,17.1,16.2, 16.20,16.35,16.64,155805,25.92,455, 106433, 68.31
PATINTLOG, EQ, 26-Feb-2020,16.4,16.1,16.9,16.05, 16.25,16.3,16.36,8313,1.36,75, 4947, 59.51
PATSPINLTD, BE, 26-Feb-2020,3.35,3.2,3.2,3.2, 3.20,3.2,3.2,151,0.0,4, -, -
PCJEWELLER, EQ, 26-Feb-2020,17.45,17.5,17.55,16.8, 17.00,16.95,17.08,3587900,612.75,7926, 1554492, 43.33
PDMJEPAPER, EQ, 26-Feb-2020,16.35,17.35,17.35,15.0, 15.10,15.15,15.7,233084,36.6,639, 184995, 79.37
PDPL, BE, 26-Feb-2020,2.75,2.85,2.85,2.85, 2.85,2.85,2.85,206,0.01,3, -, -
PDSMFL, EQ, 26-Feb-2020,401.85,404.0,408.0,399.0, 404.00,404.65,404.61,3180,12.87,173, 2691, 84.62
PEARLPOLY, BE, 26-Feb-2020,13.3,13.25,13.4,13.25, 13.40,13.4,13.32,3507,0.47,14, -, -
PEL, EQ, 26-Feb-2020,1493.3,1498.0,1498.0,1417.5, 1426.00,1429.35,1443.56,2724111,39324.22,75233, 644489, 23.66
PENIND, EQ, 26-Feb-2020,24.6,24.4,24.45,23.85, 24.40,24.4,24.29,179458,43.59,708, 123081, 68.58
PENINLAND, BE, 26-Feb-2020,4.15,4.1,4.35,3.95, 4.35,4.3,4.22,55478,2.34,115, -, -
PENTAGOLD, SM, 26-Feb-2020,37.25,35.5,39.1,35.5, 39.10,39.1,37.87,9000,3.41,3, 6000, 66.67
PERSISTENT, EQ, 26-Feb-2020,713.5,702.0,723.6,702.0, 720.65,717.6,715.92,45465,325.49,5682, 26590, 58.48
PETRONET, EQ, 26-Feb-2020,263.85,264.0,264.65,258.55, 260.95,262.05,261.7,3088688,8083.2,43024, 2137605, 69.21
PFC, EQ, 26-Feb-2020,128.85,127.9,130.25,126.75, 127.30,127.2,128.56,7187251,9239.73,20494, 2552220, 35.51
PFC, N3, 26-Feb-2020,1200.0,1198.0,1200.1,1198.0, 1200.10,1200.1,1199.05,12,0.14,2, 6, 50.00
PFC, N4, 26-Feb-2020,1073.3,1074.25,1078.0,1073.3, 1078.00,1078.0,1074.04,140,1.5,6, 130, 92.86
PFC, N5, 26-Feb-2020,1177.0,1178.0,1178.0,1174.0, 1174.00,1174.0,1177.26,1175,13.83,8, 1175, 100.00
PFC, N8, 26-Feb-2020,1324.0,1334.9,1335.0,1318.0, 1325.00,1324.99,1324.53,1074,14.23,20, 1052, 97.95
PFIZER, EQ, 26-Feb-2020,4160.65,4159.5,4287.0,4148.1, 4200.00,4188.35,4223.3,45103,1904.83,6890, 17316, 38.39
PFOCUS, EQ, 26-Feb-2020,48.85,48.3,51.5,47.1, 49.90,49.55,49.77,55920,27.83,550, 36677, 65.59
PFS, EQ, 26-Feb-2020,13.05,13.05,13.4,13.0, 13.10,13.05,13.17,360764,47.5,726, 192511, 53.36
PGEL, EQ, 26-Feb-2020,78.05,79.05,80.9,75.3, 78.00,78.25,77.76,84973,66.07,1283, 47981, 56.47
PGHH, EQ, 26-Feb-2020,11177.3,11177.3,11264.05,11106.05, 11230.00,11244.05,11240.04,6386,717.79,875, 5705, 89.34
PGHL, EQ, 26-Feb-2020,4119.95,4120.2,4177.0,4055.0, 4149.00,4150.35,4139.4,20413,844.97,3944, 15456, 75.72
PGIL, EQ, 26-Feb-2020,138.25,135.0,139.95,134.95, 136.00,136.15,136.08,1394,1.9,47, 1215, 87.16
PHILIPCARB, EQ, 26-Feb-2020,120.7,121.0,122.4,117.35, 118.05,118.3,120.09,599812,720.31,7312, 148457, 24.75
PHOENIXLTD, EQ, 26-Feb-2020,933.85,933.0,938.9,903.25, 907.80,919.35,924.14,119443,1103.83,9720, 66861, 55.98
PIDILITIND, EQ, 26-Feb-2020,1556.15,1550.0,1562.95,1526.2, 1528.00,1535.7,1549.04,333649,5168.37,17034, 182180, 54.60
PIIND, EQ, 26-Feb-2020,1541.95,1545.0,1553.9,1531.25, 1536.00,1542.4,1547.67,190146,2942.82,10203, 155104, 81.57
PILANIINVS, EQ, 26-Feb-2020,1698.95,1700.0,1713.9,1631.0, 1650.00,1654.45,1679.81,6239,104.8,353, 3935, 63.07
PILITA, EQ, 26-Feb-2020,5.35,5.4,5.5,5.25, 5.45,5.4,5.37,60014,3.22,34, 10010, 16.68
PIONDIST, EQ, 26-Feb-2020,142.8,139.4,142.0,138.0, 139.00,139.6,140.66,4810,6.77,84, 3093, 64.30
PIONEEREMB, EQ, 26-Feb-2020,26.15,26.85,27.9,25.15, 25.60,25.6,25.77,3925,1.01,120, 2834, 72.20
PITTIENG, EQ, 26-Feb-2020,36.4,36.0,36.5,34.9, 36.20,35.85,35.41,18053,6.39,192, 13813, 76.51
PKTEA, BE, 26-Feb-2020,123.95,118.05,118.05,117.8, 117.80,117.8,117.88,99,0.12,8, -, -
PLASTIBLEN, EQ, 26-Feb-2020,203.55,202.0,203.0,192.6, 195.00,194.2,197.89,7232,14.31,464, 5564, 76.94
PNB, EQ, 26-Feb-2020,49.9,49.45,50.1,49.0, 49.05,49.15,49.51,18056503,8939.99,29745, 1835314, 10.16
PNBGILTS, EQ, 26-Feb-2020,31.15,31.3,31.3,29.6, 29.60,29.95,30.2,135526,40.93,738, 80531, 59.42
PNBHOUSING, EQ, 26-Feb-2020,393.05,390.0,407.6,382.5, 395.85,396.15,395.06,673776,2661.84,16010, 160037, 23.75
PNC, EQ, 26-Feb-2020,14.25,14.25,14.25,13.25, 14.00,14.05,13.79,1994,0.27,9, 1000, 50.15
PNCINFRA, EQ, 26-Feb-2020,189.3,188.0,188.5,181.1, 181.30,182.25,184.17,208659,384.29,5973, 113733, 54.51
PODDARHOUS, EQ, 26-Feb-2020,293.4,290.0,322.25,266.0, 320.00,320.05,292.67,4862,14.23,175, 2746, 56.48
PODDARMENT, EQ, 26-Feb-2020,190.65,189.0,194.7,185.0, 185.00,186.2,189.54,8687,16.47,355, 5987, 68.92
POKARNA, EQ, 26-Feb-2020,83.75,82.05,84.9,80.1, 82.70,82.75,82.66,13721,11.34,206, 10833, 78.95
POLYCAB, EQ, 26-Feb-2020,1111.6,1118.0,1157.7,1113.05, 1135.00,1139.0,1136.08,445457,5060.74,19249, 134753, 30.25
POLYMED, EQ, 26-Feb-2020,326.25,320.5,337.85,307.0, 311.00,314.2,324.79,132881,431.59,5789, 80360, 60.48
POLYPLEX, EQ, 26-Feb-2020,516.45,516.45,529.8,507.0, 515.50,515.8,517.7,61452,318.14,3022, 22062, 35.90
PONNIERODE, EQ, 26-Feb-2020,145.9,144.0,152.0,141.15, 150.85,150.55,148.53,1407,2.09,240, 791, 56.22
POWERFUL, SM, 26-Feb-2020,3.8,3.95,3.95,3.95, 3.95,3.95,3.95,2000,0.08,1, 2000, 100.00
POWERGRID, EQ, 26-Feb-2020,186.15,185.0,188.4,183.95, 185.75,185.85,186.34,9626434,17938.34,48232, 5539059, 57.54
POWERMECH, EQ, 26-Feb-2020,721.15,731.7,731.7,702.05, 709.95,708.95,709.21,32295,229.04,2211, 23423, 72.53
PPAP, EQ, 26-Feb-2020,195.7,190.1,204.0,190.1, 204.00,198.35,197.34,19095,37.68,373, 14980, 78.45
PPL, EQ, 26-Feb-2020,56.7,55.0,59.55,55.0, 55.00,55.35,56.59,23554,13.33,734, 17137, 72.76
PRABHAT, EQ, 26-Feb-2020,78.15,77.15,78.3,76.5, 77.05,77.1,77.15,36975,28.53,297, 29939, 80.97
PRADIP, EQ, 26-Feb-2020,0.45,0.4,0.45,0.4, 0.45,0.45,0.4,1022,0.0,2, 1022, 100.00
PRAENG, EQ, 26-Feb-2020,6.15,6.15,6.15,5.9, 6.00,5.95,5.97,7378,0.44,50, 4530, 61.40
PRAJIND, EQ, 26-Feb-2020,101.45,100.1,102.4,99.0, 100.00,99.95,100.51,703430,707.01,6912, 252436, 35.89
PRAKASH, EQ, 26-Feb-2020,41.1,40.9,41.2,39.05, 39.25,39.75,40.11,376292,150.95,3003, 252589, 67.13
PRECAM, BE, 26-Feb-2020,37.7,37.7,38.0,37.1, 37.50,37.6,37.62,6716,2.53,62, -, -
PRECOT, EQ, 26-Feb-2020,31.5,31.6,33.0,31.6, 31.95,31.95,31.76,528,0.17,10, 528, 100.00
PRECWIRE, EQ, 26-Feb-2020,132.6,131.0,141.0,129.05, 137.00,136.85,133.2,12590,16.77,545, 7899, 62.74
PREMEXPLN, EQ, 26-Feb-2020,117.05,115.05,120.95,115.05, 117.10,117.7,118.55,7333,8.69,210, 5377, 73.33
PREMIER, BE, 26-Feb-2020,1.8,1.8,1.8,1.8, 1.80,1.8,1.8,503,0.01,6, -, -
PREMIERPOL, EQ, 26-Feb-2020,22.65,22.65,24.45,22.25, 22.65,22.65,22.63,984,0.22,15, 956, 97.15
PRESSMN, EQ, 26-Feb-2020,21.45,21.0,21.5,20.5, 20.75,20.8,20.87,17394,3.63,97, 13021, 74.86
PRESTIGE, EQ, 26-Feb-2020,340.5,340.0,342.55,329.0, 332.10,333.6,333.39,226089,753.75,9870, 127940, 56.59
PRICOLLTD, EQ, 26-Feb-2020,42.05,42.05,42.1,37.3, 40.20,39.95,39.43,121964,48.09,1392, 67233, 55.13
PRIMESECU, EQ, 26-Feb-2020,38.4,36.7,38.7,36.7, 37.15,37.15,37.6,6095,2.29,106, 3715, 60.95
PRINCEPIPE, EQ, 26-Feb-2020,177.5,176.0,178.0,173.0, 173.05,174.3,174.88,290315,507.7,3540, 173647, 59.81
PROZONINTU, EQ, 26-Feb-2020,16.7,17.2,17.4,15.55, 16.50,16.3,16.43,86805,14.26,320, 37439, 43.13
PRSMJOHNSN, EQ, 26-Feb-2020,61.95,62.3,69.8,62.0, 65.15,65.2,66.78,2912030,1944.53,23093, 639063, 21.95
PSB, EQ, 26-Feb-2020,16.2,16.25,17.7,16.05, 16.10,16.35,16.69,72747,12.14,583, 34854, 47.91
PSPPROJECT, EQ, 26-Feb-2020,514.1,512.0,512.0,504.0, 508.10,504.95,506.62,11650,59.02,691, 7517, 64.52
PSUBNKBEES, EQ, 26-Feb-2020,23.24,23.5,23.5,22.98, 23.03,23.04,23.08,23980,5.53,102, 21347, 89.02
PTC, EQ, 26-Feb-2020,52.75,52.05,52.9,51.75, 52.20,52.15,52.31,534752,279.75,3576, 227096, 42.47
PTL, EQ, 26-Feb-2020,36.95,37.0,37.6,36.75, 37.00,37.0,37.12,6170,2.29,43, 5415, 87.76
PUNJABCHEM, EQ, 26-Feb-2020,460.8,463.0,468.05,454.0, 455.00,455.0,459.57,2530,11.63,349, 1787, 70.63
PUNJLLOYD, BZ, 26-Feb-2020,1.15,1.15,1.2,1.1, 1.20,1.1,1.15,82998,0.96,99, -, -
PURVA, EQ, 26-Feb-2020,56.45,56.05,57.15,55.25, 56.60,56.0,56.43,59736,33.71,537, 34824, 58.30
PUSHPREALM, SM, 26-Feb-2020,6.05,5.8,5.8,5.8, 5.80,5.8,5.8,10000,0.58,1, 10000, 100.00
PVR, EQ, 26-Feb-2020,2033.8,2025.0,2040.0,1993.7, 2020.00,2015.6,2018.74,289698,5848.25,16269, 77862, 26.88
QGOLDHALF, EQ, 26-Feb-2020,1864.4,1856.0,1870.0,1855.0, 1866.00,1865.35,1862.71,1995,37.16,402, 485, 24.31
QNIFTY, EQ, 26-Feb-2020,1220.5,1208.7,1208.7,1199.0, 1199.00,1199.0,1204.55,4,0.05,4, 2, 50.00
QUESS, EQ, 26-Feb-2020,535.05,530.95,544.0,521.1, 536.60,536.05,533.14,85090,453.64,7429, 36082, 42.40
QUICKHEAL, EQ, 26-Feb-2020,125.2,125.2,125.55,121.0, 121.20,121.6,122.65,109415,134.2,2518, 48237, 44.09
RADICO, EQ, 26-Feb-2020,410.75,411.25,435.6,405.0, 430.90,428.9,420.36,526799,2214.47,9968, 227222, 43.13
RADIOCITY, EQ, 26-Feb-2020,26.9,26.9,27.0,26.0, 26.10,26.3,26.8,129834,34.8,585, 99057, 76.30
RAIN, EQ, 26-Feb-2020,98.45,97.5,105.55,97.5, 102.00,102.3,103.14,1559594,1608.53,11068, 527415, 33.82
RAJESHEXPO, EQ, 26-Feb-2020,654.8,655.5,656.95,638.0, 640.00,639.5,643.66,93696,603.09,6828, 56933, 60.76
RAJRAYON, BZ, 26-Feb-2020,0.05,0.05,0.1,0.05, 0.05,0.05,0.05,153490,0.08,28, -, -
RAJSREESUG, EQ, 26-Feb-2020,14.85,14.7,14.75,13.85, 14.75,14.6,14.31,22316,3.19,262, 14508, 65.01
RAJTV, EQ, 26-Feb-2020,39.35,40.0,40.0,37.0, 38.05,38.0,38.02,1387,0.53,63, 917, 66.11
RALLIS, EQ, 26-Feb-2020,229.65,228.5,236.65,220.35, 231.00,230.9,231.5,710344,1644.46,17354, 335361, 47.21
RAMANEWS, EQ, 26-Feb-2020,13.4,13.3,14.25,13.3, 14.25,13.95,13.73,6935,0.95,94, 5664, 81.67
RAMASTEEL, EQ, 26-Feb-2020,38.6,38.05,40.95,38.0, 39.15,38.1,38.48,5989,2.3,45, 5649, 94.32
RAMCOCEM, EQ, 26-Feb-2020,791.25,790.0,799.7,778.85, 792.00,790.6,791.17,217458,1720.46,9059, 66901, 30.77
RAMCOIND, EQ, 26-Feb-2020,183.45,181.5,188.95,181.0, 181.00,182.4,185.53,25472,47.26,1313, 6345, 24.91
RAMCOSYS, EQ, 26-Feb-2020,149.95,146.5,151.25,140.55, 141.10,141.95,144.33,47230,68.17,1884, 22000, 46.58
RAMKY, EQ, 26-Feb-2020,29.3,29.15,29.8,28.4, 28.85,28.6,28.92,35239,10.19,430, 20814, 59.07
RAMSARUP, BZ, 26-Feb-2020,0.3,0.25,0.3,0.25, 0.25,0.25,0.25,113,0.0,5, -, -
RANASUG, BE, 26-Feb-2020,4.45,4.35,4.45,4.25, 4.25,4.25,4.27,86529,3.69,167, -, -
RANEENGINE, BE, 26-Feb-2020,200.4,199.0,207.0,193.0, 200.00,200.05,198.69,1026,2.04,65, -, -
RANEHOLDIN, EQ, 26-Feb-2020,650.75,650.8,670.0,650.0, 657.25,659.3,656.46,2985,19.6,467, 1567, 52.50
RATNAMANI, EQ, 26-Feb-2020,1321.0,1315.25,1348.0,1283.35, 1320.00,1322.9,1315.78,11761,154.75,2131, 6360, 54.08
RAYMOND, EQ, 26-Feb-2020,575.35,573.9,573.9,550.65, 551.90,554.15,556.64,358428,1995.17,10140, 128660, 35.90
RBL, EQ, 26-Feb-2020,546.35,548.0,548.0,515.0, 517.50,523.4,528.38,18777,99.21,1657, 7268, 38.71
RBLBANK, EQ, 26-Feb-2020,309.3,306.5,317.85,304.7, 315.80,314.5,313.2,11072497,34679.21,124947, 1518882, 13.72
RCF, EQ, 26-Feb-2020,42.65,41.8,42.45,41.15, 41.60,41.5,41.93,781824,327.81,3795, 276615, 35.38
RCOM, BE, 26-Feb-2020,0.75,0.7,0.7,0.7, 0.70,0.7,0.7,4391973,30.74,1272, -, -
RECLTD, EQ, 26-Feb-2020,133.85,132.5,133.75,129.3, 129.30,129.75,131.51,3882682,5106.07,18776, 1612877, 41.54
RECLTD, N9, 26-Feb-2020,1229.85,1225.0,1228.99,1223.0, 1226.00,1226.0,1225.04,888,10.88,15, 720, 81.08
RECLTD, NI, 26-Feb-2020,1196.0,1211.0,1211.0,1211.0, 1211.00,1211.0,1211.0,101,1.22,2, 101, 100.00
REDINGTON, EQ, 26-Feb-2020,113.9,113.2,117.0,112.95, 113.15,113.5,114.81,366795,421.1,23897, 224934, 61.32
REFEX, EQ, 26-Feb-2020,64.5,64.1,66.5,63.6, 65.60,64.85,65.3,182214,118.99,1891, 96562, 52.99
REGENCERAM, BE, 26-Feb-2020,0.95,0.95,0.95,0.95, 0.95,0.95,0.95,17,0.0,1, -, -
RELAXO, EQ, 26-Feb-2020,791.9,791.85,791.85,758.0, 760.50,762.0,774.66,209054,1619.46,15292, 129759, 62.07
RELCAPITAL, EQ, 26-Feb-2020,7.4,7.4,7.55,7.05, 7.10,7.1,7.16,3811976,272.95,3042, 1066203, 27.97
RELIABLE, SM, 26-Feb-2020,36.4,34.6,34.6,34.6, 34.60,34.6,34.6,2400,0.83,1, 2400, 100.00
RELIANCE, EQ, 26-Feb-2020,1416.4,1410.0,1412.35,1387.35, 1389.50,1392.0,1399.83,13423661,187908.09,268512, 8145083, 60.68
RELIGARE, EQ, 26-Feb-2020,42.8,42.7,44.0,40.95, 41.80,41.3,42.24,234271,98.95,720, 176400, 75.30
RELINFRA, EQ, 26-Feb-2020,22.25,22.3,22.3,20.95, 21.45,21.45,21.52,2565685,552.07,7567, 852853, 33.24
REMSONSIND, EQ, 26-Feb-2020,79.45,82.95,82.95,74.25, 74.25,76.35,79.34,1346,1.07,50, 1303, 96.81
RENUKA, EQ, 26-Feb-2020,7.1,7.05,7.15,6.95, 7.10,7.1,7.05,773739,54.52,513, 583385, 75.40
REPCOHOME, EQ, 26-Feb-2020,295.0,294.0,294.5,290.0, 290.60,290.95,292.88,131720,385.78,4073, 113046, 85.82
REPL, SM, 26-Feb-2020,38.75,36.85,36.85,36.85, 36.85,36.85,36.85,3000,1.11,1, 3000, 100.00
REPRO, EQ, 26-Feb-2020,521.15,520.0,522.7,466.6, 484.00,486.85,490.77,20347,99.86,1137, 13512, 66.41
RESPONIND, EQ, 26-Feb-2020,87.3,87.25,87.5,84.9, 87.50,86.85,85.83,95047,81.58,821, 2499, 2.63
REVATHI, EQ, 26-Feb-2020,466.45,467.55,523.0,455.0, 483.60,484.95,504.17,10484,52.86,760, 6627, 63.21
RGL, EQ, 26-Feb-2020,389.5,397.15,397.4,371.0, 371.00,384.75,388.48,1196,4.65,89, 818, 68.39
RHFL, EQ, 26-Feb-2020,1.1,1.15,1.15,1.1, 1.15,1.15,1.15,2622946,30.16,515, 1914084, 72.97
RICOAUTO, EQ, 26-Feb-2020,37.7,37.4,37.5,35.55, 35.65,35.75,36.61,217963,79.81,1796, 133825, 61.40
RIIL, EQ, 26-Feb-2020,339.95,335.1,354.5,333.6, 342.45,341.6,344.5,519389,1789.28,13760, 67185, 12.94
RITES, EQ, 26-Feb-2020,317.9,314.9,320.8,312.05, 319.00,318.2,317.84,599486,1905.38,16719, 248100, 41.39
RKDL, EQ, 26-Feb-2020,5.6,5.4,6.7,5.4, 6.70,6.7,6.52,42462,2.77,417, 38097, 89.72
RKEC, SM, 26-Feb-2020,51.0,50.15,52.0,50.0, 52.00,51.95,50.7,6000,3.04,6, 3000, 50.00
RKFORGE, EQ, 26-Feb-2020,328.7,326.35,328.0,315.6, 320.15,320.65,322.15,26785,86.29,788, 17764, 66.32
RMCL, BE, 26-Feb-2020,4.45,4.65,4.65,4.25, 4.25,4.25,4.37,17985,0.79,36, -, -
RMDRIP, SM, 26-Feb-2020,31.0,29.45,29.45,29.45, 29.45,29.45,29.45,4000,1.18,2, 2000, 50.00
RML, EQ, 26-Feb-2020,247.5,248.7,248.7,232.7, 232.70,235.4,239.6,11277,27.02,566, 7214, 63.97
RNAVAL, BE, 26-Feb-2020,1.5,1.45,1.45,1.45, 1.45,1.45,1.45,308426,4.47,251, -, -
ROHITFERRO, BE, 26-Feb-2020,0.35,0.35,0.4,0.3, 0.35,0.4,0.37,13601,0.05,14, -, -
ROHLTD, EQ, 26-Feb-2020,66.35,65.0,69.0,65.0, 66.30,66.4,66.57,24546,16.34,460, 13119, 53.45
ROLLT, EQ, 26-Feb-2020,1.55,1.5,1.6,1.5, 1.60,1.55,1.53,1216,0.02,12, 713, 58.63
ROLTA, EQ, 26-Feb-2020,3.45,3.45,3.5,3.35, 3.35,3.35,3.39,116496,3.95,154, 103802, 89.10
ROSSELLIND, BE, 26-Feb-2020,60.2,62.9,62.9,57.2, 59.45,59.35,57.44,14898,8.56,41, -, -
RPGLIFE, EQ, 26-Feb-2020,271.9,271.0,273.6,262.0, 263.60,263.45,266.58,12666,33.76,636, 7718, 60.93
RPOWER, EQ, 26-Feb-2020,1.9,1.95,1.95,1.85, 1.90,1.85,1.87,4105755,76.93,2325, 3735749, 90.99
RPPINFRA, EQ, 26-Feb-2020,56.45,55.35,55.7,50.1, 53.50,52.55,52.37,37971,19.89,499, 28542, 75.17
RSSOFTWARE, EQ, 26-Feb-2020,18.5,18.1,19.4,18.1, 19.40,19.4,19.25,26968,5.19,125, 21869, 81.09
RSWM, EQ, 26-Feb-2020,103.55,101.0,103.0,94.35, 96.70,95.65,97.99,22151,21.7,688, 17735, 80.06
RSYSTEMS, EQ, 26-Feb-2020,96.35,97.8,97.8,95.9, 96.00,95.95,96.01,23998,23.04,155, 18216, 75.91
RTNPOWER, EQ, 26-Feb-2020,2.85,2.75,2.75,2.75, 2.75,2.75,2.75,626673,17.23,320, 576643, 92.02
RUBYMILLS, EQ, 26-Feb-2020,195.2,193.0,198.0,186.4, 186.55,188.4,191.26,2294,4.39,186, 1783, 77.72
RUCHI, EQ, 26-Feb-2020,53.6,56.25,56.25,56.25, 56.25,56.25,56.25,387,0.22,22, 387, 100.00
RUCHINFRA, BE, 26-Feb-2020,2.5,2.5,2.5,2.4, 2.40,2.4,2.4,5515,0.13,23, -, -
RUCHIRA, EQ, 26-Feb-2020,59.55,60.1,61.0,56.0, 56.20,56.75,57.79,47137,27.24,623, 28576, 60.62
RUPA, EQ, 26-Feb-2020,211.6,211.85,214.5,207.75, 209.80,208.3,210.55,21861,46.03,601, 14455, 66.12
RUSHIL, EQ, 26-Feb-2020,130.1,130.05,130.9,128.3, 130.00,130.05,129.55,4147,5.37,65, 3187, 76.85
RVNL, EQ, 26-Feb-2020,22.6,22.55,22.8,22.3, 22.40,22.45,22.52,2658612,598.79,44930, 1080426, 40.64
SABTN, EQ, 26-Feb-2020,1.3,1.4,1.4,1.25, 1.35,1.35,1.36,14913,0.2,40, 9617, 64.49
SADBHAV, EQ, 26-Feb-2020,78.1,77.7,82.7,67.0, 78.00,79.05,76.85,6712785,5159.08,19215, 3696654, 55.07
SADBHIN, EQ, 26-Feb-2020,27.85,27.5,28.75,23.2, 26.25,26.65,26.92,1067194,287.26,2424, 774046, 72.53
SAFARI, EQ, 26-Feb-2020,622.4,622.65,628.95,605.25, 623.50,615.8,616.17,6458,39.79,576, 4424, 68.50
SAGARDEEP, BE, 26-Feb-2020,82.45,86.45,86.45,81.0, 82.00,82.0,81.87,3319,2.72,8, -, -
SAGCEM, EQ, 26-Feb-2020,500.95,503.25,510.1,477.6, 486.00,484.25,495.7,9716,48.16,668, 4930, 50.74
SAIL, EQ, 26-Feb-2020,39.25,38.4,39.2,38.25, 38.70,38.55,38.7,18975185,7343.64,24505, 1642491, 8.66
SAKAR, BE, 26-Feb-2020,62.0,62.7,62.7,61.9, 61.90,61.9,62.02,4273,2.65,39, -, -
SAKHTISUG, EQ, 26-Feb-2020,8.7,8.55,8.7,8.25, 8.30,8.3,8.41,111601,9.39,298, 64817, 58.08
SAKSOFT, EQ, 26-Feb-2020,197.35,194.85,198.25,192.15, 197.00,195.8,195.68,2854,5.58,167, 1739, 60.93
SAKUMA, EQ, 26-Feb-2020,5.75,5.7,6.6,5.6, 6.50,6.4,6.32,820437,51.82,996, 529372, 64.52
SALASAR, EQ, 26-Feb-2020,125.0,128.8,132.0,121.8, 125.50,124.9,126.33,72437,91.51,1648, 24360, 33.63
SALONA, EQ, 26-Feb-2020,65.0,64.0,66.5,62.5, 64.00,64.85,63.38,453,0.29,29, 258, 56.95
SALSTEEL, BE, 26-Feb-2020,2.9,2.8,3.0,2.8, 2.80,2.8,2.81,5811,0.16,16, -, -
SALZERELEC, EQ, 26-Feb-2020,104.75,104.75,106.0,100.1, 102.80,100.7,102.42,10166,10.41,215, 8176, 80.42
SAMBHAAV, EQ, 26-Feb-2020,2.0,2.0,2.1,1.95, 2.05,2.05,1.98,10161,0.2,15, 9661, 95.08
SANCO, EQ, 26-Feb-2020,13.7,13.7,13.8,12.95, 12.95,13.0,13.2,85823,11.33,155, 44287, 51.60
SANDESH, EQ, 26-Feb-2020,587.5,594.0,647.5,592.75, 598.25,600.95,607.28,507,3.08,302, 127, 25.05
SANDHAR, EQ, 26-Feb-2020,258.45,261.0,261.4,246.0, 255.00,254.75,253.8,24440,62.03,1291, 10715, 43.84
SANGAMIND, BE, 26-Feb-2020,53.55,52.75,52.75,52.75, 52.75,52.75,52.75,131,0.07,3, -, -
SANGHIIND, EQ, 26-Feb-2020,31.4,31.1,35.05,31.05, 34.60,34.6,33.87,232115,78.62,2197, 101105, 43.56
SANGHVIFOR, EQ, 26-Feb-2020,15.8,15.2,16.0,15.2, 16.00,15.25,15.26,689,0.11,62, 669, 97.10
SANGHVIMOV, EQ, 26-Feb-2020,117.1,116.0,117.35,110.05, 114.00,112.85,113.65,33639,38.23,817, 21849, 64.95
SANGINITA, BE, 26-Feb-2020,162.2,165.0,165.0,162.2, 162.50,162.4,162.5,26052,42.34,430, -, -
SANOFI, EQ, 26-Feb-2020,7021.55,7549.95,7640.0,7071.3, 7100.00,7122.5,7263.15,138875,10086.7,25201, 62843, 45.25
SANWARIA, EQ, 26-Feb-2020,1.5,1.55,1.55,1.45, 1.50,1.5,1.51,1377347,20.85,521, 582366, 42.28
SARDAEN, EQ, 26-Feb-2020,188.3,186.05,194.9,185.15, 193.75,192.9,191.47,23560,45.11,745, 9435, 40.05
SAREGAMA, EQ, 26-Feb-2020,372.15,369.1,377.7,359.95, 367.00,369.0,364.48,5102,18.6,385, 2716, 53.23
SARLAPOLY, EQ, 26-Feb-2020,20.6,20.9,21.5,20.6, 21.00,21.0,20.99,23206,4.87,98, 19380, 83.51
SARVESHWAR, SM, 26-Feb-2020,12.55,12.4,12.4,12.4, 12.40,12.4,12.4,1600,0.2,1, 1600, 100.00
SASKEN, EQ, 26-Feb-2020,567.25,561.95,567.0,545.5, 550.00,551.85,557.67,4566,25.46,1129, 2451, 53.68
SASTASUNDR, EQ, 26-Feb-2020,71.35,74.0,74.0,65.3, 70.00,68.55,68.77,4168,2.87,356, 2726, 65.40
SATHAISPAT, BE, 26-Feb-2020,1.7,1.65,1.65,1.65, 1.65,1.65,1.65,1050,0.02,2, -, -
SATIA, EQ, 26-Feb-2020,101.1,101.0,102.0,96.6, 98.00,97.75,100.55,63788,64.14,482, 27268, 42.75
SATIN, EQ, 26-Feb-2020,192.15,193.5,193.5,184.5, 186.60,185.55,188.49,26017,49.04,830, 11173, 42.94
SBIETFQLTY, EQ, 26-Feb-2020,99.51,99.2,101.0,98.58, 99.04,99.03,99.01,5448,5.39,81, 4747, 87.13
SBILIFE, EQ, 26-Feb-2020,901.2,893.8,914.8,881.5, 890.00,891.35,895.23,807168,7226.02,37382, 484106, 59.98
SBIN, EQ, 26-Feb-2020,326.8,324.85,330.8,324.2, 328.15,328.2,327.58,43915281,143859.43,237750, 8452992, 19.25
SBIN, N2, 26-Feb-2020,11327.4,11349.0,11349.0,11309.0, 11311.00,11310.01,11311.06,80,9.05,11, 80, 100.00
SBIN, N5, 26-Feb-2020,11705.07,11700.0,11720.0,11644.0, 11645.00,11662.88,11684.14,820,95.81,70, 780, 95.12
SCAPDVR, EQ, 26-Feb-2020,0.2,0.2,0.2,0.15, 0.20,0.2,0.19,6309,0.01,21, 4592, 72.78
SCHAEFFLER, EQ, 26-Feb-2020,4545.85,4599.95,4600.2,4448.05, 4500.00,4499.15,4498.78,5828,262.19,1465, 2724, 46.74
SCHAND, BE, 26-Feb-2020,73.8,72.0,73.5,70.6, 72.55,72.6,72.1,1777,1.28,44, -, -
SCHNEIDER, EQ, 26-Feb-2020,100.3,99.0,102.85,97.4, 98.20,98.7,100.31,212900,213.56,2612, 126323, 59.33
SCI, EQ, 26-Feb-2020,52.8,52.1,52.7,50.15, 51.35,51.2,51.61,663917,342.66,3052, 301028, 45.34
SDBL, BE, 26-Feb-2020,104.25,105.35,105.35,102.0, 103.55,102.2,102.77,8389,8.62,183, -, -
SEAMECLTD, EQ, 26-Feb-2020,410.0,434.9,434.9,400.0, 402.05,401.4,403.25,1780,7.18,172, 1291, 72.53
SECURCRED, SM, 26-Feb-2020,27.8,26.5,26.5,26.45, 26.45,26.45,26.48,4200,1.11,7, 2400, 57.14
SELAN, EQ, 26-Feb-2020,132.95,134.5,134.5,128.6, 128.60,129.15,130.53,11510,15.02,477, 8119, 70.54
SELMCL, BE, 26-Feb-2020,0.7,0.65,0.7,0.65, 0.70,0.7,0.65,56643,0.37,13, -, -
SEPOWER, EQ, 26-Feb-2020,2.3,2.1,2.4,2.0, 2.30,2.35,2.24,15424,0.34,51, 9116, 59.10
SEQUENT, EQ, 26-Feb-2020,92.45,92.85,94.5,91.0, 91.60,91.25,92.87,231722,215.21,1472, 116413, 50.24
SERVOTECH, SM, 26-Feb-2020,14.5,15.1,15.2,15.1, 15.20,15.2,15.15,8000,1.21,2, 8000, 100.00
SESHAPAPER, EQ, 26-Feb-2020,150.1,151.0,151.0,148.0, 148.00,148.25,148.36,7506,11.14,241, 5103, 67.99
SETCO, EQ, 26-Feb-2020,9.8,9.9,9.9,9.3, 9.45,9.35,9.49,102658,9.74,276, 81936, 79.81
SETF10GILT, EQ, 26-Feb-2020,190.4,190.25,190.3,190.2, 190.20,190.2,190.24,66,0.13,6, 33, 50.00
SETFGOLD, EQ, 26-Feb-2020,3838.65,3819.9,3844.0,3805.5, 3829.00,3825.45,3826.77,3563,136.35,384, 2322, 65.17
SETFNIF50, EQ, 26-Feb-2020,121.92,122.5,122.5,120.4, 120.91,120.76,121.03,636435,770.28,1821, 501054, 78.73
SETFNIFBK, EQ, 26-Feb-2020,307.62,315.0,315.0,304.6, 306.93,306.11,306.56,48599,148.99,1003, 43597, 89.71
SETFNN50, EQ, 26-Feb-2020,288.04,292.05,292.05,284.0, 284.00,284.26,285.89,10042,28.71,244, 9848, 98.07
SETUINFRA, EQ, 26-Feb-2020,0.8,0.8,0.8,0.75, 0.80,0.8,0.77,93361,0.72,67, 83449, 89.38
SEYAIND, EQ, 26-Feb-2020,79.35,80.0,80.0,75.4, 78.80,78.85,78.22,6084,4.76,189, 3657, 60.11
SFL, EQ, 26-Feb-2020,1660.1,1650.6,1670.7,1630.05, 1635.05,1654.15,1653.34,16898,279.38,3773, 12495, 73.94
SGBAUG24, GB, 26-Feb-2020,3987.55,3975.0,4020.0,3975.0, 4020.00,4020.0,3995.54,261,10.43,36, 220, 84.29
SGBAUG27, GB, 26-Feb-2020,3973.97,3938.2,3973.0,3860.0, 3970.00,3962.57,3958.8,588,23.28,35, 541, 92.01
SGBDC27VII, GB, 26-Feb-2020,3960.0,3960.0,4000.0,3955.0, 3979.00,3979.0,3971.63,144,5.72,17, 144, 100.00
SGBDEC25, GB, 26-Feb-2020,4000.0,4000.0,4000.0,4000.0, 4000.00,4000.0,4000.0,10,0.4,2, 10, 100.00
SGBDEC2513, GB, 26-Feb-2020,3900.0,3900.0,3900.0,3900.0, 3900.00,3900.0,3900.0,10,0.39,1, 10, 100.00
SGBFEB24, GB, 26-Feb-2020,3985.0,3975.0,3995.0,3966.0, 3995.00,3995.0,3973.97,134,5.33,15, 132, 98.51
SGBFEB28IX, GB, 26-Feb-2020,4300.0,4550.0,4600.0,4420.0, 4430.00,4430.0,4511.11,9,0.41,5, 7, 77.78
SGBJAN26, GB, 26-Feb-2020,4000.0,4000.0,4075.0,3925.0, 3925.00,3925.0,4036.11,27,1.09,7, 27, 100.00
SGBJAN27, GB, 26-Feb-2020,3820.0,3999.0,3999.0,3999.0, 3999.00,3999.0,3999.0,40,1.6,1, 40, 100.00
SGBJUL25, GB, 26-Feb-2020,3956.0,3956.0,3960.0,3921.0, 3952.00,3952.0,3944.89,1273,50.22,73, 895, 70.31
SGBJUL27, GB, 26-Feb-2020,4018.0,4000.0,4100.0,3900.0, 3952.00,3952.0,3906.09,158,6.17,10, 151, 95.57
SGBJUN27, GB, 26-Feb-2020,3930.0,4000.0,4000.0,4000.0, 4000.00,4000.0,4000.0,2,0.08,1, 2, 100.00
SGBMAR24, GB, 26-Feb-2020,3990.0,3990.0,4050.0,3990.0, 4030.00,4030.0,4029.78,456,18.38,12, 453, 99.34
SGBMAR25, GB, 26-Feb-2020,3990.0,3965.0,3978.0,3965.0, 3975.00,3975.0,3974.99,208,8.27,8, 208, 100.00
SGBMAY25, GB, 26-Feb-2020,3949.92,3960.0,3988.0,3945.0, 3988.00,3988.0,3958.95,93,3.68,16, 43, 46.24
SGBMAY26, GB, 26-Feb-2020,3975.0,3980.0,3980.0,3850.0, 3980.00,3980.0,3927.09,24,0.94,11, 24, 100.00
SGBNOV23, GB, 26-Feb-2020,4009.66,4020.0,4035.0,4007.0, 4007.00,4007.0,4025.56,9,0.36,6, 8, 88.89
SGBNOV24, GB, 26-Feb-2020,3983.05,3969.0,3989.95,3960.0, 3989.95,3988.23,3971.25,307,12.19,28, 277, 90.23
SGBNOV258, GB, 26-Feb-2020,3870.0,3870.0,3910.0,3870.0, 3910.00,3910.0,3898.57,14,0.55,2, 14, 100.00
SGBNOV26, GB, 26-Feb-2020,3970.0,3580.0,3975.0,3580.0, 3975.00,3970.91,3914.13,16,0.63,6, 14, 87.50
SGBOCT25, GB, 26-Feb-2020,3989.0,3980.0,4100.0,3950.0, 4050.00,4050.0,4028.9,91,3.67,10, 88, 96.70
SGBOCT25IV, GB, 26-Feb-2020,3940.0,3940.0,3980.0,3911.0, 3911.00,3911.0,3945.11,37,1.46,9, 32, 86.49
SGBOCT26, GB, 26-Feb-2020,4000.0,4010.0,4040.0,4000.0, 4040.00,4040.0,4013.33,60,2.41,4, 60, 100.00
SGBOCT27, GB, 26-Feb-2020,3851.0,3900.0,3950.0,3900.0, 3950.00,3950.0,3948.11,53,2.09,4, 53, 100.00
SGBOCT27VI, GB, 26-Feb-2020,3908.0,3785.0,4190.0,3519.9, 3999.00,3999.0,3920.97,119,4.67,15, 64, 53.78
SGBSEP24, GB, 26-Feb-2020,3960.0,3978.0,4005.0,3975.0, 4005.00,4005.0,3990.42,456,18.2,54, 286, 62.72
SGBSEP27, GB, 26-Feb-2020,3922.0,3952.0,3980.0,3952.0, 3980.00,3980.0,3966.0,2,0.08,2, 2, 100.00
SGL, EQ, 26-Feb-2020,6.65,6.65,6.65,6.35, 6.35,6.55,6.55,3431,0.22,33, 2811, 81.93
SHAHALLOYS, BE, 26-Feb-2020,7.0,6.65,7.0,6.65, 7.00,7.0,6.65,101,0.01,2, -, -
SHAKTIPUMP, EQ, 26-Feb-2020,232.8,232.9,233.3,225.55, 226.85,227.0,230.6,60705,139.99,3619, 28231, 46.51
SHALBY, EQ, 26-Feb-2020,91.7,91.0,92.0,89.1, 90.00,89.95,90.93,37149,33.78,1319, 25352, 68.24
SHALPAINTS, EQ, 26-Feb-2020,93.15,91.7,95.9,90.75, 92.35,91.65,92.81,117601,109.14,1478, 50864, 43.25
SHANKARA, EQ, 26-Feb-2020,480.2,476.0,489.8,457.0, 474.95,472.9,475.23,59356,282.07,4330, 18389, 30.98
SHANTIGEAR, EQ, 26-Feb-2020,93.1,92.05,94.4,90.0, 90.10,90.6,92.25,13989,12.91,274, 10556, 75.46
SHARDACROP, EQ, 26-Feb-2020,207.5,206.05,219.7,206.05, 213.15,214.05,214.69,29175,62.63,1519, 12659, 43.39
SHARDAMOTR, EQ, 26-Feb-2020,882.2,872.0,873.0,849.8, 850.05,852.85,855.77,1310,11.21,274, 966, 73.74
SHARIABEES, EQ, 26-Feb-2020,262.87,263.0,263.18,260.25, 260.25,260.25,260.79,235,0.61,7, 235, 100.00
SHEMAROO, EQ, 26-Feb-2020,65.55,62.3,65.0,62.3, 62.30,62.3,62.77,56341,35.37,576, 40022, 71.04
SHIL, EQ, 26-Feb-2020,138.1,138.85,138.85,133.95, 137.00,136.5,137.01,26992,36.98,451, 25753, 95.41
SHILPAMED, EQ, 26-Feb-2020,513.95,522.0,538.0,488.3, 488.30,488.3,510.68,191092,975.87,8230, 82777, 43.32
SHIRPUR-G, BE, 26-Feb-2020,10.35,10.85,10.85,10.4, 10.80,10.8,10.78,6619,0.71,40, -, -
SHIVAMAUTO, EQ, 26-Feb-2020,17.8,17.6,18.0,17.5, 17.85,17.8,17.63,55808,9.84,267, 42987, 77.03
SHIVAMILLS, EQ, 26-Feb-2020,30.95,32.5,32.5,29.65, 29.75,29.75,30.11,1874,0.56,20, 1728, 92.21
SHIVATEX, EQ, 26-Feb-2020,85.0,85.5,87.8,81.0, 83.30,83.35,84.41,322,0.27,54, 233, 72.36
SHK, EQ, 26-Feb-2020,110.5,109.75,112.0,109.0, 110.00,109.35,110.1,21649,23.84,648, 16159, 74.64
SHOPERSTOP, EQ, 26-Feb-2020,383.0,380.1,384.95,374.5, 384.50,382.95,381.34,24198,92.28,1175, 17939, 74.13
SHREDIGCEM, EQ, 26-Feb-2020,31.25,31.45,32.45,30.75, 31.15,31.1,31.82,1056806,336.24,2640, 460137, 43.54
SHREECEM, EQ, 26-Feb-2020,23572.05,23488.85,23597.3,23153.1, 23500.00,23465.15,23429.17,34970,8193.18,14500, 19031, 54.42
SHREEPUSHK, EQ, 26-Feb-2020,124.05,123.0,134.5,123.0, 127.00,127.15,129.73,89527,116.14,2693, 31748, 35.46
SHREERAMA, EQ, 26-Feb-2020,4.85,4.7,4.95,4.7, 4.95,4.8,4.83,1071,0.05,29, 1071, 100.00
SHRENIK, EQ, 26-Feb-2020,37.35,38.5,38.5,34.65, 35.80,36.0,36.02,167431,60.31,525, 127704, 76.27
SHREYANIND, EQ, 26-Feb-2020,107.45,107.5,108.0,104.0, 104.00,104.75,105.88,8041,8.51,244, 5924, 73.67
SHREYAS, EQ, 26-Feb-2020,68.1,67.85,69.7,66.5, 66.50,67.65,68.55,4960,3.4,83, 4353, 87.76
SHRIPISTON, BE, 26-Feb-2020,685.0,690.0,690.0,651.0, 672.00,672.0,661.06,33,0.22,8, -, -
SHRIRAMCIT, EQ, 26-Feb-2020,1389.95,1376.2,1411.95,1376.0, 1402.00,1396.4,1393.72,3406,47.47,391, 2647, 77.72
SHRIRAMEPC, EQ, 26-Feb-2020,3.9,3.9,3.9,3.75, 3.75,3.75,3.78,83910,3.17,102, 59615, 71.05
SHYAMCENT, BE, 26-Feb-2020,2.85,2.75,2.75,2.75, 2.75,2.75,2.75,200,0.01,1, -, -
SICAGEN, EQ, 26-Feb-2020,14.4,14.05,14.5,13.9, 14.15,14.25,14.18,10172,1.44,100, 7059, 69.40
SICAL, EQ, 26-Feb-2020,8.7,8.3,8.3,8.3, 8.30,8.3,8.3,31279,2.6,83, 29238, 93.47
SIEMENS, EQ, 26-Feb-2020,1382.75,1376.15,1397.65,1340.0, 1342.70,1346.4,1371.6,554695,7608.18,30583, 197924, 35.68
SIGIND, EQ, 26-Feb-2020,19.05,19.1,19.8,19.05, 19.50,19.5,19.43,37490,7.28,289, 35940, 95.87
SIL, BE, 26-Feb-2020,11.35,11.3,11.3,11.3, 11.30,11.3,11.3,951,0.11,4, -, -
SILINV, EQ, 26-Feb-2020,137.9,139.0,139.0,134.75, 136.95,137.55,136.03,530,0.72,18, 365, 68.87
SILLYMONKS, SM, 26-Feb-2020,38.0,43.4,43.4,43.4, 43.40,43.4,43.4,5280,2.29,2, 5280, 100.00
SILVERTUC, SM, 26-Feb-2020,117.0,114.5,114.5,114.5, 114.50,114.5,114.5,1000,1.15,1, 1000, 100.00
SIMBHALS, EQ, 26-Feb-2020,6.3,6.2,6.6,6.15, 6.30,6.2,6.26,9814,0.61,41, 9568, 97.49
SIMPLEXINF, EQ, 26-Feb-2020,56.05,55.0,58.85,55.0, 58.35,58.35,58.21,1015528,591.13,3727, 493150, 48.56
SINTERCOM, SM, 26-Feb-2020,74.05,74.5,75.0,74.0, 75.00,75.0,74.63,8000,5.97,3, 4000, 50.00
SINTEX, BE, 26-Feb-2020,0.85,0.85,0.9,0.8, 0.85,0.8,0.86,1656521,14.17,551, -, -
SIRCA, BE, 26-Feb-2020,318.2,319.0,329.0,315.0, 322.00,321.65,322.38,5355,17.26,89, -, -
SIS, EQ, 26-Feb-2020,591.65,592.1,592.15,569.45, 571.30,576.0,576.54,26942,155.33,2236, 15983, 59.32
SITINET, BE, 26-Feb-2020,0.95,1.0,1.0,0.9, 0.90,0.9,0.9,270929,2.44,96, -, -
SIYSIL, EQ, 26-Feb-2020,223.95,223.0,226.8,223.0, 223.50,224.2,224.8,6592,14.82,222, 5370, 81.46
SJVN, EQ, 26-Feb-2020,24.0,24.0,24.05,23.65, 23.80,23.7,23.78,1654943,393.54,5150, 1064119, 64.30
SKFINDIA, EQ, 26-Feb-2020,1950.35,1950.0,1960.0,1851.3, 1855.00,1885.4,1907.87,4725,90.15,737, 3308, 70.01
SKIL, BE, 26-Feb-2020,4.35,4.4,4.4,4.15, 4.15,4.15,4.15,11440,0.47,8, -, -
SKIPPER, EQ, 26-Feb-2020,37.55,37.5,37.5,36.0, 36.65,36.9,36.89,57884,21.35,365, 38252, 66.08
SKMEGGPROD, EQ, 26-Feb-2020,29.3,29.0,29.45,27.6, 28.10,28.1,28.4,23726,6.74,249, 18188, 76.66
SKSTEXTILE, SM, 26-Feb-2020,47.1,45.0,48.9,45.0, 48.90,46.95,46.3,3000,1.39,3, 2000, 66.67
SMARTLINK, EQ, 26-Feb-2020,78.25,79.9,84.5,77.95, 78.10,78.15,79.1,1784,1.41,87, 1238, 69.39
SMLISUZU, EQ, 26-Feb-2020,547.55,546.0,550.0,536.95, 540.95,539.65,543.48,24467,132.97,1872, 12006, 49.07
SMPL, BZ, 26-Feb-2020,0.1,0.15,0.15,0.1, 0.15,0.15,0.15,86090,0.13,19, -, -
SMSLIFE, EQ, 26-Feb-2020,247.95,251.0,251.0,227.2, 230.80,237.75,243.18,2858,6.95,216, 2010, 70.33
SMSPHARMA, EQ, 26-Feb-2020,37.0,36.95,38.0,36.75, 37.95,37.7,37.7,17633,6.65,221, 12913, 73.23
SNOWMAN, EQ, 26-Feb-2020,43.55,43.45,43.75,43.4, 43.55,43.6,43.52,447090,194.57,957, 339255, 75.88
SOBHA, EQ, 26-Feb-2020,323.05,321.0,324.6,307.2, 314.55,315.65,315.91,381964,1206.67,17427, 250759, 65.65
SOFTTECH, SM, 26-Feb-2020,55.5,52.8,52.8,52.8, 52.80,52.8,52.8,1600,0.84,1, 1600, 100.00
SOLARA, EQ, 26-Feb-2020,697.95,701.6,710.0,652.15, 665.00,675.95,694.71,79230,550.42,6379, 42021, 53.04
SOLARINDS, EQ, 26-Feb-2020,1186.45,1194.0,1229.0,1180.0, 1229.00,1204.8,1192.17,5144,61.33,480, 2643, 51.38
SOMANYCERA, EQ, 26-Feb-2020,203.55,207.0,207.0,187.05, 187.05,190.6,194.43,37717,73.33,1060, 24389, 64.66
SOMATEX, EQ, 26-Feb-2020,2.1,2.1,2.1,2.0, 2.05,2.05,2.03,4402,0.09,9, 4402, 100.00
SOMICONVEY, EQ, 26-Feb-2020,12.7,13.65,13.65,12.35, 12.35,12.4,12.68,3905,0.5,30, 1803, 46.17
SONAMCLOCK, SM, 26-Feb-2020,38.5,37.5,37.5,37.5, 37.50,37.5,37.5,27000,10.13,1, 27000, 100.00
SONATSOFTW, EQ, 26-Feb-2020,336.25,336.0,349.9,330.1, 343.30,342.95,343.36,450303,1546.16,12502, 164862, 36.61
SORILINFRA, EQ, 26-Feb-2020,108.65,108.0,109.5,103.25, 103.25,103.45,106.22,41221,43.78,907, 20795, 50.45
SOTL, EQ, 26-Feb-2020,811.8,797.15,818.75,797.1, 802.00,802.35,803.18,204,1.64,23, 192, 94.12
SOUTHBANK, EQ, 26-Feb-2020,9.55,9.5,9.55,9.45, 9.50,9.45,9.49,3336190,316.63,3937, 1425546, 42.73
SOUTHWEST, EQ, 26-Feb-2020,17.6,17.7,17.7,17.65, 17.70,17.7,17.7,15010,2.66,6, 15000, 99.93
SPAL, EQ, 26-Feb-2020,165.75,158.2,167.4,158.2, 167.40,164.85,165.25,57316,94.71,995, 55258, 96.41
SPANDANA, EQ, 26-Feb-2020,1097.55,1094.95,1188.0,1075.0, 1165.65,1155.85,1146.75,144065,1652.06,7415, 62312, 43.25
SPARC, EQ, 26-Feb-2020,159.35,158.0,160.7,152.9, 154.55,154.65,156.81,416791,653.57,6856, 103167, 24.75
SPCENET, BE, 26-Feb-2020,0.8,0.85,0.85,0.85, 0.85,0.85,0.85,583,0.0,2, -, -
SPECIALITY, EQ, 26-Feb-2020,53.25,53.0,56.25,51.9, 55.80,55.15,54.49,139778,76.16,1102, 83112, 59.46
SPENCERS, EQ, 26-Feb-2020,90.25,89.55,108.3,89.0, 108.30,106.3,101.36,13590770,13775.24,86279, 2669584, 19.64
SPENTEX, BE, 26-Feb-2020,0.25,0.25,0.25,0.2, 0.20,0.25,0.25,24085,0.06,13, -, -
SPIC, EQ, 26-Feb-2020,17.0,16.9,17.2,16.75, 16.90,16.9,16.91,18035,3.05,137, 12986, 72.00
SPICEJET, EQ, 26-Feb-2020,87.7,86.85,90.2,86.2, 89.80,89.05,88.71,2130052,1889.55,17698, 679321, 31.89
SPLIL, EQ, 26-Feb-2020,27.2,27.05,27.65,25.9, 26.00,26.0,26.58,20954,5.57,269, 17640, 84.18
SPMLINFRA, EQ, 26-Feb-2020,8.85,8.85,9.0,8.45, 8.45,8.45,8.51,11334,0.96,39, 9327, 82.29
SPTL, BE, 26-Feb-2020,0.95,0.95,0.95,0.9, 0.90,0.9,0.9,1341499,12.11,334, -, -
SPYL, BE, 26-Feb-2020,0.3,0.25,0.3,0.25, 0.25,0.25,0.25,22617,0.06,18, -, -
SREEL, EQ, 26-Feb-2020,150.6,151.1,152.85,147.35, 151.00,150.95,151.05,7722,11.66,284, 6222, 80.57
SREIBNPNCD, N8, 26-Feb-2020,1055.07,1070.1,1076.0,1070.1, 1076.00,1076.0,1070.6,118,1.26,3, 110, 93.22
SREIBNPNCD, NJ, 26-Feb-2020,826.8,825.0,849.0,825.0, 834.50,839.67,829.02,114,0.95,9, 114, 100.00
SREIBNPNCD, NL, 26-Feb-2020,848.81,914.0,914.0,914.0, 914.00,914.0,914.0,10,0.09,1, 10, 100.00
SREIBNPNCD, NO, 26-Feb-2020,890.0,825.0,825.0,825.0, 825.00,825.0,825.0,10,0.08,1, 10, 100.00
SREIBNPNCD, NP, 26-Feb-2020,850.0,810.0,850.0,810.0, 850.00,850.0,823.33,15,0.12,2, 10, 66.67
SREIBNPNCD, NQ, 26-Feb-2020,925.0,925.0,925.0,925.0, 925.00,925.0,925.0,70,0.65,3, 70, 100.00
SREIBNPNCD, NU, 26-Feb-2020,760.0,780.0,800.0,780.0, 800.00,800.0,788.37,43,0.34,3, 43, 100.00
SREINFRA, EQ, 26-Feb-2020,8.15,8.0,8.15,7.7, 8.00,8.0,8.0,370758,29.67,495, 294438, 79.42
SRF, EQ, 26-Feb-2020,4119.75,4108.0,4165.5,4099.15, 4127.30,4125.1,4133.63,208945,8637.01,13176, 41281, 19.76
SRHHYPOLTD, EQ, 26-Feb-2020,127.7,125.0,144.9,123.55, 135.50,136.4,138.61,113690,157.59,2251, 40373, 35.51
SRIPIPES, EQ, 26-Feb-2020,221.8,218.0,230.65,218.0, 223.00,222.75,225.96,237690,537.09,7877, 76916, 32.36
SRTRANSFIN, EQ, 26-Feb-2020,1322.9,1314.9,1318.0,1268.05, 1274.55,1276.95,1298.4,1815299,23569.83,106283, 811365, 44.70
SRTRANSFIN, Y6, 26-Feb-2020,2006.0,2029.99,2030.0,2023.0, 2029.99,2028.78,2028.74,104,2.11,8, 100, 96.15
SRTRANSFIN, YB, 26-Feb-2020,1022.5,1020.0,1020.0,1017.0, 1019.25,1019.25,1018.86,135,1.38,4, 135, 100.00
SRTRANSFIN, YG, 26-Feb-2020,1858.0,1860.0,1860.0,1860.0, 1860.00,1860.0,1860.0,10,0.19,1, 10, 100.00
SRTRANSFIN, YH, 26-Feb-2020,995.0,1001.0,1001.0,994.0, 994.00,998.7,999.0,192,1.92,41, 187, 97.40
SRTRANSFIN, YI, 26-Feb-2020,981.8,1001.85,1001.85,992.9, 992.90,992.9,995.78,85,0.85,4, 85, 100.00
SRTRANSFIN, YJ, 26-Feb-2020,1040.5,1037.0,1050.6,1037.0, 1050.60,1050.6,1041.53,75,0.78,2, 50, 66.67
SRTRANSFIN, YK, 26-Feb-2020,1039.99,1038.99,1041.0,1038.99, 1041.00,1041.0,1039.11,425,4.42,2, 425, 100.00
SRTRANSFIN, YL, 26-Feb-2020,1025.25,1053.15,1053.15,1053.15, 1053.15,1053.15,1053.15,25,0.26,1, 25, 100.00
SRTRANSFIN, YM, 26-Feb-2020,1140.0,1141.25,1141.25,1141.25, 1141.25,1141.25,1141.25,25,0.29,1, 25, 100.00
SRTRANSFIN, YN, 26-Feb-2020,1145.0,1144.75,1144.75,1113.0, 1113.00,1113.0,1114.51,525,5.85,2, 525, 100.00
SRTRANSFIN, YO, 26-Feb-2020,990.0,999.95,999.95,990.0, 990.00,990.0,991.42,175,1.73,5, 175, 100.00
SRTRANSFIN, YP, 26-Feb-2020,999.95,999.95,1001.0,999.95, 999.95,999.95,1000.15,31,0.31,4, 31, 100.00
SRTRANSFIN, YQ, 26-Feb-2020,1025.6,1026.4,1026.4,1008.25, 1008.25,1015.22,1018.79,406,4.14,10, 381, 93.84
SRTRANSFIN, YR, 26-Feb-2020,1026.7,1027.3,1027.3,1025.0, 1025.00,1025.0,1025.13,440,4.51,3, 440, 100.00
SRTRANSFIN, YS, 26-Feb-2020,1027.3,1027.3,1027.3,1027.3, 1027.30,1027.3,1027.3,25,0.26,1, 25, 100.00
SRTRANSFIN, YT, 26-Feb-2020,1105.0,1120.7,1120.7,1111.0, ,1111.0,1119.08,30,0.34,2, 30, 100.00
SRTRANSFIN, YU, 26-Feb-2020,1118.85,1122.05,1122.05,1122.05, 1122.05,1122.05,1122.05,25,0.28,1, 25, 100.00
SRTRANSFIN, YV, 26-Feb-2020,999.95,999.95,999.95,999.95, 999.95,999.95,999.95,25,0.25,1, 25, 100.00
SRTRANSFIN, YW, 26-Feb-2020,999.95,1000.0,1000.0,1000.0, 1000.00,1000.0,1000.0,20,0.2,1, 20, 100.00
SRTRANSFIN, YX, 26-Feb-2020,998.0,1001.9,1001.9,994.1, 998.00,998.13,998.51,145,1.45,5, 135, 93.10
SRTRANSFIN, YY, 26-Feb-2020,999.0,1003.75,1003.75,999.0, 999.00,999.0,999.95,125,1.25,4, 100, 80.00
SRTRANSFIN, YZ, 26-Feb-2020,1003.85,1003.85,1003.85,1003.85, 1003.85,1003.85,1003.85,7,0.07,1, 7, 100.00
SRTRANSFIN, Z1, 26-Feb-2020,1088.0,1092.85,1092.85,1087.0, 1087.00,1087.0,1088.46,100,1.09,4, 100, 100.00
SRTRANSFIN, Z2, 26-Feb-2020,1093.0,1093.0,1093.0,1093.0, 1093.00,1093.0,1093.0,65,0.71,2, 65, 100.00
SRTRANSFIN, Z6, 26-Feb-2020,1043.15,1042.95,1042.95,1012.5, 1040.00,1036.53,1025.87,175,1.8,9, 160, 91.43
SRTRANSFIN, Z7, 26-Feb-2020,1044.35,1044.35,1044.35,1044.35, 1044.35,1044.35,1044.35,10,0.1,2, 10, 100.00
SRTRANSFIN, Z9, 26-Feb-2020,1045.35,1045.35,1045.35,1045.35, 1045.35,1045.35,1045.35,20,0.21,1, 20, 100.00
SRTRANSFIN, ZA, 26-Feb-2020,1044.35,1044.35,1044.35,1044.35, 1044.35,1044.35,1044.35,20,0.21,1, 20, 100.00
SRTRANSFIN, ZC, 26-Feb-2020,1045.35,1045.35,1045.35,1045.35, 1045.35,1045.35,1045.35,25,0.26,1, 25, 100.00
SSINFRA, SM, 26-Feb-2020,14.3,13.6,13.6,13.6, 13.60,13.6,13.6,9000,1.22,3, 6000, 66.67
SSWL, EQ, 26-Feb-2020,740.85,745.8,745.8,717.3, 717.30,720.1,729.96,2494,18.21,295, 1885, 75.58
STAMPEDE, BE, 26-Feb-2020,0.3,0.3,0.35,0.3, 0.35,0.35,0.34,353860,1.2,65, -, -
STAN, DR, 26-Feb-2020,52.0,53.6,53.6,50.55, 51.00,51.0,51.78,1792,0.93,27, 652, 36.38
STAR, EQ, 26-Feb-2020,503.1,495.0,501.0,488.0, 489.50,490.95,496.33,175271,869.92,5025, 38573, 22.01
STARCEMENT, EQ, 26-Feb-2020,85.15,85.5,97.45,84.45, 92.65,92.35,93.59,1651903,1545.93,17181, 216221, 13.09
STARPAPER, EQ, 26-Feb-2020,121.9,122.5,125.8,118.1, 121.00,121.3,122.21,131833,161.11,3032, 43522, 33.01
STCINDIA, EQ, 26-Feb-2020,48.55,48.2,48.2,45.15, 46.00,45.9,46.87,27851,13.05,469, 17428, 62.58
STEELCITY, EQ, 26-Feb-2020,28.6,29.25,29.45,28.55, 28.60,29.2,29.23,16533,4.83,60, 16243, 98.25
STEELXIND, BE, 26-Feb-2020,24.0,23.5,25.0,23.5, 24.00,24.0,24.26,43285,10.5,51, -, -
STEL, EQ, 26-Feb-2020,58.15,59.75,60.0,58.0, 59.45,59.1,59.26,3909,2.32,68, 3437, 87.93
STERTOOLS, EQ, 26-Feb-2020,226.75,226.0,228.5,220.0, 227.95,226.3,224.07,9789,21.93,303, 7804, 79.72
STINDIA, EQ, 26-Feb-2020,3.95,4.05,4.05,4.0, 4.00,4.0,4.0,1020,0.04,6, 1020, 100.00
STRTECH, EQ, 26-Feb-2020,107.3,106.85,107.3,102.15, 102.80,103.0,104.56,1326843,1387.41,12024, 667265, 50.29
SUBCAPCITY, BE, 26-Feb-2020,5.4,5.4,5.4,5.4, 5.40,5.4,5.4,6000,0.32,2, -, -
SUBEX, EQ, 26-Feb-2020,6.45,6.4,6.6,6.05, 6.30,6.3,6.25,714997,44.72,688, 482751, 67.52
SUBROS, EQ, 26-Feb-2020,255.75,251.65,257.0,246.5, 247.65,249.5,251.7,15111,38.04,634, 7616, 50.40
SUDARSCHEM, EQ, 26-Feb-2020,472.0,469.9,491.65,465.2, 467.30,469.6,479.18,625205,2995.89,17082, 145422, 23.26
SUJANAUNI, BE, 26-Feb-2020,0.15,0.15,0.15,0.1, 0.15,0.15,0.14,93126,0.13,38, -, -
SUMEETINDS, BE, 26-Feb-2020,1.6,1.6,1.6,1.55, 1.55,1.55,1.56,22528,0.35,37, -, -
SUMICHEM, EQ, 26-Feb-2020,240.0,238.0,244.2,238.0, 243.00,241.85,242.02,271434,656.91,5152, 160479, 59.12
SUMIT, BE, 26-Feb-2020,16.4,16.4,16.4,16.4, 16.40,16.4,16.4,2,0.0,1, -, -
SUMMITSEC, EQ, 26-Feb-2020,430.1,415.25,435.75,415.25, 428.00,428.0,428.86,967,4.15,106, 687, 71.04
SUNCLAYLTD, EQ, 26-Feb-2020,2041.05,2038.95,2038.95,2000.0, 2030.00,2026.3,2010.42,432,8.69,187, 227, 52.55
SUNDARAM, EQ, 26-Feb-2020,1.45,1.45,1.5,1.4, 1.50,1.5,1.47,204475,3.01,131, 160025, 78.26
SUNDARMFIN, EQ, 26-Feb-2020,1638.75,1643.8,1650.95,1601.45, 1622.95,1611.85,1619.1,74600,1207.85,6242, 55022, 73.76
SUNDARMHLD, EQ, 26-Feb-2020,60.55,60.9,61.3,60.0, 60.60,60.5,60.53,9211,5.58,139, 6516, 70.74
SUNDRMBRAK, EQ, 26-Feb-2020,282.5,282.5,289.0,273.5, 279.90,278.1,279.36,943,2.63,83, 412, 43.69
SUNDRMFAST, EQ, 26-Feb-2020,441.15,439.95,439.95,421.0, 434.50,431.35,430.95,53624,231.09,3517, 32492, 60.59
SUNFLAG, EQ, 26-Feb-2020,37.8,37.05,37.5,36.25, 36.30,36.45,36.75,122924,45.17,696, 88909, 72.33
SUNPHARMA, EQ, 26-Feb-2020,388.9,385.1,386.95,372.5, 374.00,374.7,378.15,12146582,45932.69,120753, 5020090, 41.33
SUNTECK, EQ, 26-Feb-2020,369.25,365.0,368.5,356.0, 356.00,357.9,359.16,233449,838.46,9704, 49293, 21.12
SUNTV, EQ, 26-Feb-2020,467.3,465.0,477.65,459.0, 463.35,462.0,467.71,2190693,10246.1,26058, 360766, 16.47
SUPERHOUSE, EQ, 26-Feb-2020,88.15,87.15,88.0,85.4, 86.85,87.4,87.06,1860,1.62,52, 1316, 70.75
SUPERSPIN, BE, 26-Feb-2020,3.15,3.05,3.1,3.0, 3.10,3.05,3.04,9230,0.28,43, -, -
SUPPETRO, EQ, 26-Feb-2020,163.45,162.55,163.5,156.0, 158.70,157.6,159.56,17697,28.24,272, 11850, 66.96
SUPRAJIT, EQ, 26-Feb-2020,194.1,194.7,202.0,192.5, 197.00,199.75,198.4,41657,82.65,1752, 26646, 63.97
SUPREMEENG, SM, 26-Feb-2020,29.4,29.3,29.35,27.0, 28.00,28.0,28.59,28000,8.0,7, 8000, 28.57
SUPREMEIND, EQ, 26-Feb-2020,1399.7,1398.95,1409.95,1377.0, 1390.15,1389.4,1388.65,40353,560.36,8813, 27964, 69.30
SUPREMEINF, BE, 26-Feb-2020,19.65,18.85,20.6,18.85, 20.60,20.6,20.4,12126,2.47,40, -, -
SURANASOL, BE, 26-Feb-2020,6.9,6.6,6.95,6.6, 6.85,6.75,6.64,16002,1.06,37, -, -
SURANAT&P, EQ, 26-Feb-2020,4.0,3.6,4.55,3.6, 4.00,4.0,3.95,12701,0.5,122, 12288, 96.75
SUREVIN, SM, 26-Feb-2020,85.0,88.0,88.0,88.0, 88.00,88.0,88.0,1000,0.88,1, 1000, 100.00
SURYALAXMI, EQ, 26-Feb-2020,22.0,21.9,22.0,20.9, 21.45,21.45,21.63,6009,1.3,71, 4950, 82.38
SURYAROSNI, EQ, 26-Feb-2020,152.1,153.3,155.0,150.6, 152.15,152.35,152.74,43846,66.97,701, 24149, 55.08
SUTLEJTEX, EQ, 26-Feb-2020,29.35,29.4,30.45,28.05, 30.05,29.85,29.05,17852,5.19,192, 12490, 69.96
SUVEN, EQ, 26-Feb-2020,59.15,62.1,62.1,62.1, 62.10,62.1,62.1,277895,172.57,395, 275879, 99.27
SUZLON, EQ, 26-Feb-2020,2.85,2.9,3.0,2.7, 2.80,2.8,2.8,22030147,617.18,14795, 14209622, 64.50
SVLL, SM, 26-Feb-2020,100.5,95.0,95.0,95.0, 95.00,95.0,95.0,1000,0.95,1, 1000, 100.00
SWANENERGY, EQ, 26-Feb-2020,133.8,134.7,137.6,130.2, 133.25,133.55,135.08,80648,108.94,1201, 8180, 10.14
SWARAJENG, EQ, 26-Feb-2020,1259.6,1241.15,1278.9,1223.0, 1278.90,1258.05,1251.8,4360,54.58,363, 3829, 87.82
SWELECTES, EQ, 26-Feb-2020,116.2,116.05,119.0,115.1, 115.60,115.25,116.03,4961,5.76,132, 4313, 86.94
SWSOLAR, EQ, 26-Feb-2020,191.35,189.65,191.95,185.05, 187.00,186.75,188.37,307190,578.65,6509, 234617, 76.38
SYMPHONY, EQ, 26-Feb-2020,1344.75,1332.25,1348.0,1311.0, 1315.00,1314.3,1328.44,16039,213.07,3156, 8103, 50.52
SYNDIBANK, EQ, 26-Feb-2020,21.1,21.4,21.4,20.65, 20.80,20.8,20.85,493533,102.89,1859, 246746, 50.00
SYNGENE, EQ, 26-Feb-2020,308.8,308.8,312.45,304.7, 306.00,306.9,309.52,131248,406.24,5297, 79295, 60.42
TAINWALCHM, EQ, 26-Feb-2020,51.55,50.4,55.9,50.25, 52.40,52.8,53.42,34065,18.2,519, 22374, 65.68
TAJGVK, EQ, 26-Feb-2020,167.85,168.95,169.8,161.25, 161.90,163.15,165.7,16668,27.62,549, 7399, 44.39
TAKE, EQ, 26-Feb-2020,98.4,98.4,99.0,92.45, 97.10,95.15,95.65,140867,134.75,2021, 83462, 59.25
TALBROAUTO, EQ, 26-Feb-2020,114.35,112.05,116.8,112.05, 116.25,114.6,113.97,7324,8.35,231, 4984, 68.05
TALWALKARS, BE, 26-Feb-2020,1.85,1.8,1.8,1.8, 1.80,1.8,1.8,8395,0.15,23, -, -
TALWGYM, BE, 26-Feb-2020,1.2,1.15,1.15,1.15, 1.15,1.15,1.15,15480,0.18,21, -, -
TANLA, EQ, 26-Feb-2020,77.7,74.6,78.95,74.6, 76.55,76.8,77.38,231326,179.01,1141, 128520, 55.56
TANTIACONS, BE, 26-Feb-2020,2.45,2.45,2.55,2.35, 2.55,2.55,2.52,10670,0.27,13, -, -
TARMAT, EQ, 26-Feb-2020,35.15,35.15,35.7,34.0, 35.00,35.0,34.69,6028,2.09,32, 3903, 64.75
TASTYBITE, EQ, 26-Feb-2020,12797.85,12819.95,13141.95,12509.0, 12650.00,12707.05,12957.08,2002,259.4,797, 1174, 58.64
TATACAPHSG, N2, 26-Feb-2020,995.0,995.0,1000.0,995.0, 1000.00,1000.0,999.52,392,3.92,6, 392, 100.00
TATACAPHSG, N4, 26-Feb-2020,1010.0,1014.0,1014.0,1014.0, 1014.00,1014.0,1014.0,100,1.01,2, 100, 100.00
TATACAPHSG, N6, 26-Feb-2020,1004.9,1003.0,1003.0,1003.0, 1003.00,1003.0,1003.0,115,1.15,5, 115, 100.00
TATACAPHSG, N8, 26-Feb-2020,1013.0,1014.0,1014.0,1013.0, 1013.00,1013.0,1013.72,345,3.5,4, 345, 100.00
TATACAPHSG, NA, 26-Feb-2020,1017.4,1024.6,1024.6,1024.6, 1024.60,1024.6,1024.6,11,0.11,1, 11, 100.00
TATACAPHSG, NB, 26-Feb-2020,1017.96,1018.0,1018.0,1018.0, 1018.00,1018.0,1018.0,1,0.01,1, 1, 100.00
TATACHEM, EQ, 26-Feb-2020,749.6,751.0,752.0,736.0, 745.00,743.95,742.36,2579106,19146.29,28208, 1770042, 68.63
TATACOFFEE, EQ, 26-Feb-2020,91.7,90.9,91.4,89.7, 90.00,89.95,90.61,217753,197.3,2593, 99088, 45.50
TATACOMM, EQ, 26-Feb-2020,385.3,385.3,388.0,375.0, 379.85,379.85,382.95,27868,106.72,1550, 14236, 51.08
TATAELXSI, EQ, 26-Feb-2020,989.25,993.0,993.0,952.1, 957.00,961.6,971.19,277812,2698.09,21067, 73799, 26.56
TATAGLOBAL, EQ, 26-Feb-2020,369.0,367.6,370.15,361.2, 365.90,365.65,366.49,2808589,10293.31,31397, 1111073, 39.56
TATAINVEST, EQ, 26-Feb-2020,920.05,914.65,927.0,905.1, 906.00,907.25,914.13,27381,250.3,1546, 11044, 40.33
TATAMETALI, EQ, 26-Feb-2020,640.05,640.0,649.0,627.85, 646.00,641.7,640.57,35989,230.53,1862, 27948, 77.66
TATAMOTORS, EQ, 26-Feb-2020,149.9,146.9,147.9,143.7, 144.50,144.55,145.64,47605927,69331.04,218833, 4704279, 9.88
TATAMTRDVR, EQ, 26-Feb-2020,61.7,59.3,62.4,59.3, 60.40,60.65,60.86,3219132,1959.24,15130, 1747321, 54.28
TATAPOWER, EQ, 26-Feb-2020,51.7,51.1,51.15,48.8, 49.60,49.35,49.45,22209900,10982.56,41812, 9372080, 42.20
TATASTEEL, E1, 26-Feb-2020,47.6,47.5,47.5,45.6, 46.25,45.95,46.54,90006,41.89,670, 52461, 58.29
TATASTEEL, EQ, 26-Feb-2020,421.3,411.3,419.4,411.3, 416.50,416.3,415.83,14270706,59342.5,146854, 2843425, 19.92
TATASTLBSL, EQ, 26-Feb-2020,26.65,26.25,26.55,25.55, 26.25,26.2,26.24,765376,200.82,1084, 356700, 46.60
TATASTLLP, EQ, 26-Feb-2020,357.45,357.05,361.15,352.1, 352.50,353.7,357.09,13354,47.69,768, 7168, 53.68
TBZ, EQ, 26-Feb-2020,34.75,34.0,35.2,33.05, 33.70,33.55,33.97,59964,20.37,635, 30867, 51.48
TCFSL, NB, 26-Feb-2020,1040.8,1037.0,1039.0,1036.03, 1039.00,1038.99,1037.1,1032,10.7,16, 731, 70.83
TCFSL, ND, 26-Feb-2020,1043.64,1042.0,1047.0,1042.0, 1043.00,1043.0,1043.38,322,3.36,16, 314, 97.52
TCFSL, NF, 26-Feb-2020,1074.85,1076.0,1080.0,1067.0, 1070.00,1070.0,1070.24,408,4.37,14, 374, 91.67
TCFSL, NH, 26-Feb-2020,1041.0,1032.0,1040.0,1032.0, 1040.00,1040.0,1036.38,221,2.29,7, 121, 54.75
TCFSL, NJ, 26-Feb-2020,1030.33,1028.8,1039.7,1028.8, 1030.00,1030.93,1029.82,23,0.24,5, 22, 95.65
TCI, EQ, 26-Feb-2020,255.4,257.45,257.45,252.0, 252.00,252.75,253.48,5665,14.36,321, 3047, 53.79
TCIDEVELOP, EQ, 26-Feb-2020,351.5,357.0,357.0,347.0, 347.00,347.05,347.95,11,0.04,5, 6, 54.55
TCIEXP, EQ, 26-Feb-2020,891.65,896.0,909.95,863.2, 885.00,897.05,889.02,25258,224.55,3499, 14282, 56.54
TCIFINANCE, EQ, 26-Feb-2020,6.3,6.3,6.5,6.0, 6.05,6.05,6.09,17294,1.05,138, 11136, 64.39
TCNSBRANDS, EQ, 26-Feb-2020,563.25,565.95,574.75,561.0, 572.00,572.1,568.17,3445,19.57,207, 2315, 67.20
TCPLPACK, EQ, 26-Feb-2020,283.15,281.25,283.55,271.1, 275.00,275.55,277.06,3555,9.85,251, 3023, 85.04
TCS, EQ, 26-Feb-2020,2156.15,2154.0,2163.9,2112.95, 2122.00,2123.6,2137.17,2686842,57422.51,155115, 1586103, 59.03
TDPOWERSYS, EQ, 26-Feb-2020,171.1,167.7,170.7,167.0, 169.95,167.15,167.5,8985,15.05,172, 7422, 82.60
TEAMLEASE, EQ, 26-Feb-2020,2405.5,2394.25,2407.15,2331.0, 2390.00,2370.7,2395.05,19148,458.6,892, 16922, 88.37
TECHM, EQ, 26-Feb-2020,822.1,820.0,825.5,808.2, 811.00,811.45,817.38,2212784,18086.87,73034, 1000060, 45.19
TECHNOE, EQ, 26-Feb-2020,299.95,300.0,300.0,292.1, 298.00,298.15,297.15,4199,12.48,1174, 3750, 89.31
TECHNOFAB, BE, 26-Feb-2020,11.35,10.8,10.8,10.8, 10.80,10.8,10.8,11016,1.19,26, -, -
TEJASNET, EQ, 26-Feb-2020,60.6,60.6,60.6,56.45, 57.60,57.1,57.74,225141,129.99,2779, 147557, 65.54
TERASOFT, EQ, 26-Feb-2020,23.65,25.65,25.65,22.7, 23.30,23.0,23.23,6132,1.42,149, 4799, 78.26
TEXINFRA, EQ, 26-Feb-2020,41.95,43.6,43.6,38.2, 39.70,39.65,40.62,13541,5.5,242, 10093, 74.54
TEXMOPIPES, EQ, 26-Feb-2020,13.45,13.7,13.7,13.2, 13.45,13.4,13.36,21058,2.81,138, 18084, 85.88
TEXRAIL, EQ, 26-Feb-2020,28.85,28.65,28.65,27.15, 27.25,27.3,27.96,209897,58.68,2533, 113736, 54.19
TFCILTD, EQ, 26-Feb-2020,69.7,69.15,70.3,68.25, 68.90,68.85,68.82,50632,34.84,674, 30820, 60.87
TFL, BE, 26-Feb-2020,3.65,3.5,3.5,3.5, 3.50,3.5,3.5,3045,0.11,12, -, -
TGBHOTELS, EQ, 26-Feb-2020,3.2,3.2,3.35,3.05, 3.25,3.25,3.16,22035,0.7,35, 13965, 63.38
THANGAMAYL, EQ, 26-Feb-2020,450.05,453.0,459.45,450.0, 450.00,450.0,451.2,4268,19.26,119, 3459, 81.04
THEINVEST, EQ, 26-Feb-2020,115.9,117.1,117.1,115.05, 115.10,115.4,116.13,2240,2.6,36, 1148, 51.25
THEMISMED, BE, 26-Feb-2020,397.0,390.0,409.5,378.0, 405.00,405.0,396.12,1100,4.36,26, -, -
THERMAX, EQ, 26-Feb-2020,960.45,959.95,960.75,938.05, 950.00,943.25,946.83,53760,509.02,4273, 42366, 78.81
THOMASCOOK, EQ, 26-Feb-2020,55.7,56.5,56.8,49.1, 49.95,50.1,52.84,1602008,846.44,11662, 889624, 55.53
THYROCARE, EQ, 26-Feb-2020,589.7,589.7,620.0,585.85, 596.65,596.65,604.58,199746,1207.62,10054, 58135, 29.10
TI, BE, 26-Feb-2020,18.5,18.5,18.5,17.75, 18.05,18.05,18.27,53553,9.79,84, -, -
TIDEWATER, EQ, 26-Feb-2020,4709.85,4713.0,4724.9,4625.0, 4625.00,4631.2,4669.42,1011,47.21,258, 724, 71.61
TIIL, EQ, 26-Feb-2020,326.0,321.55,327.9,321.05, 321.05,321.15,325.33,308,1.0,63, 245, 79.55
TIINDIA, EQ, 26-Feb-2020,552.15,549.9,559.8,542.7, 550.00,554.25,554.32,117546,651.58,6953, 65995, 56.14
TIJARIA, EQ, 26-Feb-2020,5.1,5.25,5.25,4.85, 5.25,4.95,5.07,9172,0.47,59, 5697, 62.11
TIL, EQ, 26-Feb-2020,176.4,175.0,178.95,166.6, 168.50,168.95,172.84,8523,14.73,417, 3134, 36.77
TIMESGTY, EQ, 26-Feb-2020,28.25,27.05,27.4,27.05, 27.40,27.4,27.33,153,0.04,5, 153, 100.00
TIMETECHNO, EQ, 26-Feb-2020,50.0,50.7,50.7,48.2, 48.20,48.7,49.4,137817,68.08,1116, 96343, 69.91
TIMKEN, EQ, 26-Feb-2020,1087.25,1090.0,1090.0,1031.0, 1035.00,1035.75,1055.17,49759,525.04,4213, 30016, 60.32
TINPLATE, EQ, 26-Feb-2020,133.15,130.9,132.0,128.0, 128.80,128.4,129.62,225876,292.79,3946, 87988, 38.95
TIPSINDLTD, BE, 26-Feb-2020,129.75,132.0,132.0,125.75, 125.75,125.95,126.62,5685,7.2,65, -, -
TIRUMALCHM, EQ, 26-Feb-2020,62.5,61.5,69.7,60.9, 65.25,64.7,66.76,3251252,2170.52,21265, 604047, 18.58
TIRUPATIFL, SM, 26-Feb-2020,31.6,31.4,31.4,31.4, 31.40,31.4,31.4,3200,1.0,1, 3200, 100.00
TITAN, EQ, 26-Feb-2020,1260.1,1256.0,1267.0,1245.1, 1259.90,1255.1,1255.2,1506693,18912.03,64939, 618555, 41.05
TMRVL, EQ, 26-Feb-2020,8.85,9.2,9.25,8.6, 9.25,9.1,9.11,24018,2.19,293, 14280, 59.46
TNPETRO, EQ, 26-Feb-2020,34.2,34.2,35.8,33.75, 34.70,34.75,34.99,101778,35.61,907, 57029, 56.03
TNPL, EQ, 26-Feb-2020,166.85,166.6,167.7,162.0, 162.90,163.2,165.05,24248,40.02,698, 18958, 78.18
TNTELE, BE, 26-Feb-2020,1.4,1.35,1.35,1.35, 1.35,1.35,1.35,300,0.0,2, -, -
TOKYOPLAST, EQ, 26-Feb-2020,62.0,63.5,63.5,60.1, 62.00,62.0,62.04,598,0.37,22, 567, 94.82
TORNTPHARM, EQ, 26-Feb-2020,2208.95,2219.7,2284.0,2201.6, 2244.65,2251.1,2251.73,471362,10613.78,36592, 118050, 25.04
TORNTPOWER, EQ, 26-Feb-2020,309.25,309.7,310.35,302.5, 304.45,303.85,306.01,816525,2498.66,9337, 339041, 41.52
TOTAL, SM, 26-Feb-2020,40.75,38.75,38.75,38.75, 38.75,38.75,38.75,3000,1.16,1, 3000, 100.00
TOUCHWOOD, EQ, 26-Feb-2020,75.3,77.3,77.45,74.2, 77.00,76.9,75.86,11809,8.96,287, 1848, 15.65
TPLPLASTEH, EQ, 26-Feb-2020,113.55,115.65,115.65,112.1, 113.50,113.6,113.98,3775,4.3,144, 1628, 43.13
TRANSWIND, SM, 26-Feb-2020,3.45,3.3,3.3,3.3, 3.30,3.3,3.3,4000,0.13,1, 4000, 100.00
TREEHOUSE, EQ, 26-Feb-2020,4.95,4.95,5.1,4.7, 4.70,4.7,4.81,6389,0.31,45, 4225, 66.13
TREJHARA, EQ, 26-Feb-2020,8.05,7.75,7.95,7.35, 7.90,7.9,7.66,3550,0.27,41, 2380, 67.04
TRENT, EQ, 26-Feb-2020,764.1,755.0,762.0,735.0, 738.50,738.0,744.96,580129,4321.74,34509, 296293, 51.07
TRF, EQ, 26-Feb-2020,106.35,105.45,106.5,101.25, 103.15,103.2,104.3,26819,27.97,794, 15237, 56.81
TRIDENT, EQ, 26-Feb-2020,6.0,6.0,6.05,5.9, 6.00,6.0,5.98,3328705,198.9,4877, 1512490, 45.44
TRIGYN, EQ, 26-Feb-2020,43.45,43.1,43.8,41.2, 41.35,42.0,42.55,61565,26.19,601, 38062, 61.82
TRIL, EQ, 26-Feb-2020,8.35,8.3,8.45,8.15, 8.40,8.3,8.33,87304,7.28,572, 55997, 64.14
TRITURBINE, EQ, 26-Feb-2020,93.75,93.2,93.95,91.0, 91.25,91.95,92.17,19665,18.13,347, 10434, 53.06
TRIVENI, EQ, 26-Feb-2020,73.8,73.25,73.85,71.0, 71.00,71.4,72.47,268772,194.77,1898, 129890, 48.33
TTKHLTCARE, EQ, 26-Feb-2020,475.6,472.1,492.95,460.0, 492.95,483.8,475.09,1713,8.14,204, 1363, 79.57
TTKPRESTIG, EQ, 26-Feb-2020,5843.1,5861.6,5888.6,5830.0, 5862.00,5865.95,5863.79,2051,120.27,578, 1378, 67.19
TTL, EQ, 26-Feb-2020,40.0,39.1,42.9,38.25, 42.90,41.5,39.74,4347,1.73,104, 2392, 55.03
TTML, EQ, 26-Feb-2020,2.95,2.95,3.0,2.85, 2.85,2.85,2.92,1115612,32.53,575, 537863, 48.21
TV18BRDCST, EQ, 26-Feb-2020,25.0,24.65,25.85,24.55, 25.25,25.2,25.09,2526379,633.86,4525, 1019180, 40.34
TVSELECT, EQ, 26-Feb-2020,102.0,102.0,102.6,100.6, 101.00,101.05,101.48,22764,23.1,593, 13299, 58.42
TVSMOTOR, EQ, 26-Feb-2020,436.4,424.8,437.8,423.55, 435.00,435.3,431.73,1585956,6847.01,18914, 289805, 18.27
TVSSRICHAK, EQ, 26-Feb-2020,1576.1,1608.0,1608.0,1533.1, 1558.90,1552.0,1551.2,1718,26.65,425, 1019, 59.31
TVTODAY, EQ, 26-Feb-2020,236.3,235.0,236.85,228.0, 231.75,233.2,233.04,16664,38.83,772, 11344, 68.07
TWL, EQ, 26-Feb-2020,46.3,45.4,46.5,44.95, 45.00,45.05,45.29,483905,219.14,2761, 218792, 45.21
UBL, EQ, 26-Feb-2020,1239.75,1245.0,1252.0,1225.15, 1231.15,1235.45,1239.84,457073,5666.98,23880, 186650, 40.84
UCALFUEL, EQ, 26-Feb-2020,116.0,114.0,114.9,110.5, 111.00,111.05,111.85,20673,23.12,695, 17173, 83.07
UCOBANK, EQ, 26-Feb-2020,13.2,13.2,13.2,12.7, 12.70,12.75,12.85,567024,72.88,1791, 386680, 68.19
UFLEX, EQ, 26-Feb-2020,221.9,221.9,232.0,215.15, 228.00,227.9,226.05,161907,365.99,3970, 71491, 44.16
UFO, EQ, 26-Feb-2020,117.45,118.9,121.5,116.1, 117.00,116.7,118.49,47522,56.31,1820, 26558, 55.89
UGARSUGAR, EQ, 26-Feb-2020,13.9,13.8,13.85,13.5, 13.70,13.6,13.67,63493,8.68,257, 40007, 63.01
UJAAS, EQ, 26-Feb-2020,3.7,3.7,3.85,3.65, 3.85,3.8,3.72,147460,5.49,239, 99404, 67.41
UJJIVAN, EQ, 26-Feb-2020,374.9,374.9,376.7,367.2, 368.35,369.45,371.77,761372,2830.56,11388, 186790, 24.53
UJJIVANSFB, EQ, 26-Feb-2020,51.15,51.0,51.25,49.15, 49.85,49.85,50.21,2892356,1452.27,19176, 1120800, 38.75
ULTRACEMCO, EQ, 26-Feb-2020,4344.0,4320.25,4423.9,4286.05, 4328.60,4341.5,4374.77,642946,28127.39,48852, 242464, 37.71
UMANGDAIRY, EQ, 26-Feb-2020,42.25,42.05,43.0,39.25, 40.30,41.4,40.77,15272,6.23,450, 7398, 48.44
UNICHEMLAB, EQ, 26-Feb-2020,141.05,143.5,143.5,135.4, 135.50,135.6,137.51,31897,43.86,792, 20493, 64.25
UNIENTER, EQ, 26-Feb-2020,69.15,68.0,71.25,67.0, 67.05,67.1,67.38,2438,1.64,52, 1752, 71.86
UNIINFO, SM, 26-Feb-2020,23.95,23.75,23.9,23.5, 23.70,23.7,23.73,14000,3.32,7, 2000, 14.29
UNIONBANK, EQ, 26-Feb-2020,42.15,41.9,42.3,41.0, 41.15,41.3,41.39,2347752,971.69,8674, 579504, 24.68
UNIPLY, EQ, 26-Feb-2020,7.7,7.45,8.0,7.35, 7.60,7.7,7.76,368948,28.62,589, 234172, 63.47
UNITECH, BE, 26-Feb-2020,3.0,3.15,3.15,2.85, 2.85,2.85,2.97,15950220,473.44,5273, -, -
UNITEDBNK, EQ, 26-Feb-2020,7.55,7.55,7.65,7.5, 7.55,7.55,7.57,152620,11.56,384, 79873, 52.33
UNITEDTEA, EQ, 26-Feb-2020,254.7,250.0,256.7,247.05, 247.05,248.0,250.9,654,1.64,86, 402, 61.47
UNITY, BZ, 26-Feb-2020,0.25,0.25,0.3,0.25, 0.30,0.25,0.25,7351,0.02,12, -, -
UNIVCABLES, EQ, 26-Feb-2020,145.05,149.1,149.85,137.95, 140.30,140.95,142.29,11242,16.0,446, 7381, 65.66
UNIVPHOTO, BE, 26-Feb-2020,73.0,70.7,73.9,70.15, 73.00,73.0,72.86,3572,2.6,51, -, -
UPL, EQ, 26-Feb-2020,566.35,565.8,569.8,556.0, 561.55,563.0,561.44,2885119,16198.1,50161, 1137980, 39.44
URAVI, SM, 26-Feb-2020,107.3,107.9,107.9,107.9, 107.90,107.9,107.9,1200,1.29,1, 1200, 100.00
URJA, BE, 26-Feb-2020,1.5,1.55,1.55,1.45, 1.55,1.5,1.52,484358,7.35,607, -, -
USHAMART, EQ, 26-Feb-2020,24.15,24.0,27.2,23.7, 27.00,26.65,25.99,1145827,297.76,2368, 874019, 76.28
UTIFEFRGR4, MF, 26-Feb-2020,10.07,10.02,10.05,10.02, 10.05,10.04,10.04,45100,4.53,34, 30100, 66.74
UTINEXT50, EQ, 26-Feb-2020,286.12,289.0,295.0,285.03, 286.50,286.64,287.11,110,0.32,20, 103, 93.64
UTINIFTETF, EQ, 26-Feb-2020,1257.0,1257.0,1257.0,1237.15, 1240.00,1241.17,1245.1,2555,31.81,75, 2524, 98.79
UTISENSETF, EQ, 26-Feb-2020,428.16,434.0,438.0,422.5, 426.51,426.51,424.65,1263,5.36,63, 1104, 87.41
UTISXN50, EQ, 26-Feb-2020,304.76,311.71,315.89,305.7, 310.00,306.26,308.81,578,1.78,32, 529, 91.52
UTTAMSTL, EQ, 26-Feb-2020,6.15,6.15,6.15,6.0, 6.00,6.05,6.07,14566,0.88,58, 12186, 83.66
UTTAMSUGAR, EQ, 26-Feb-2020,103.6,103.0,103.8,100.5, 101.00,101.25,101.96,85583,87.26,2051, 23261, 27.18
UVSL, EQ, 26-Feb-2020,0.1,0.1,0.1,0.05, 0.10,0.05,0.09,2018448,1.75,317, 1877568, 93.02
V2RETAIL, EQ, 26-Feb-2020,82.3,82.3,92.0,79.3, 84.80,85.1,85.6,563016,481.96,7144, 111970, 19.89
VADILALIND, EQ, 26-Feb-2020,871.75,887.9,887.9,830.0, 835.00,833.55,845.05,11511,97.27,724, 6518, 56.62
VAIBHAVGBL, EQ, 26-Feb-2020,1148.5,1159.95,1169.0,1118.0, 1124.85,1147.15,1145.41,47513,544.22,2831, 39437, 83.00
VAISHALI, EQ, 26-Feb-2020,52.9,53.0,54.0,52.0, 54.00,53.8,53.09,9605,5.1,66, 3179, 33.10
VAKRANGEE, EQ, 26-Feb-2020,44.0,44.3,44.5,43.4, 43.40,43.7,43.98,2097256,922.4,2559, 1762095, 84.02
VARDHACRLC, EQ, 26-Feb-2020,33.7,33.8,33.8,32.5, 32.60,32.6,32.53,613,0.2,32, 598, 97.55
VARDMNPOLY, BE, 26-Feb-2020,2.4,2.5,2.5,2.5, 2.50,2.5,2.5,1882,0.05,10, -, -
VARROC, EQ, 26-Feb-2020,396.3,398.0,398.0,388.0, 397.00,389.15,391.36,7612,29.79,1132, 5000, 65.69
VASCONEQ, EQ, 26-Feb-2020,14.75,14.95,15.0,14.2, 14.40,14.45,14.7,147617,21.7,396, 103360, 70.02
VASWANI, EQ, 26-Feb-2020,3.45,3.35,3.6,3.35, 3.40,3.5,3.43,1459,0.05,26, 851, 58.33
VBL, EQ, 26-Feb-2020,810.45,806.8,849.85,806.75, 837.20,838.15,823.11,644725,5306.82,20217, 507758, 78.76
VCL, SM, 26-Feb-2020,19.1,19.5,21.2,19.4, 21.20,21.1,20.28,24000,4.87,4, 0, 0.00
VEDL, EQ, 26-Feb-2020,132.7,131.0,133.7,129.35, 130.15,130.25,131.69,14605029,19233.78,64565, 4624185, 31.66
VENKEYS, EQ, 26-Feb-2020,1416.55,1400.0,1425.15,1361.1, 1373.55,1374.3,1381.9,104556,1444.86,8113, 26649, 25.49
VENUSREM, EQ, 26-Feb-2020,25.1,24.8,25.0,24.0, 24.35,24.5,24.56,8850,2.17,78, 6298, 71.16
VERA, SM, 26-Feb-2020,100.8,95.0,95.0,95.0, 95.00,95.0,95.0,6000,5.7,3, 6000, 100.00
VESUVIUS, EQ, 26-Feb-2020,1186.75,1184.1,1187.05,1126.0, 1126.00,1130.05,1149.26,2382,27.38,282, 1790, 75.15
VETO, EQ, 26-Feb-2020,53.05,53.6,54.45,50.0, 50.90,51.25,51.12,14708,7.52,288, 9721, 66.09
VGUARD, EQ, 26-Feb-2020,204.45,204.0,204.0,201.0, 202.05,202.15,202.06,250394,505.95,4912, 204711, 81.76
VHL, EQ, 26-Feb-2020,1310.65,1282.0,1340.0,1282.0, 1335.85,1319.65,1315.84,338,4.45,59, 234, 69.23
VICEROY, BE, 26-Feb-2020,1.15,1.15,1.15,1.1, 1.15,1.15,1.12,12641,0.14,45, -, -
VIDEOIND, BZ, 26-Feb-2020,2.05,2.0,2.1,1.95, 2.10,2.0,2.02,60199,1.21,94, -, -
VIDHIING, EQ, 26-Feb-2020,65.0,65.05,66.6,64.7, 65.05,65.0,65.17,12130,7.91,248, 9249, 76.25
VIJIFIN, EQ, 26-Feb-2020,0.35,0.3,0.4,0.3, 0.35,0.35,0.31,116298,0.37,34, 84369, 72.55
VIKASECO, EQ, 26-Feb-2020,2.3,2.3,2.5,2.2, 2.25,2.25,2.37,739011,17.48,393, 405655, 54.89
VIKASMCORP, EQ, 26-Feb-2020,2.5,2.55,2.55,2.4, 2.40,2.4,2.41,739260,17.85,145, 470033, 63.58
VIKASPROP, EQ, 26-Feb-2020,10.3,10.1,10.1,10.1, 10.10,10.1,10.1,66515,6.72,180, 66515, 100.00
VIKASWSP, EQ, 26-Feb-2020,7.4,7.25,7.4,6.95, 7.05,7.0,7.08,410999,29.11,438, 287981, 70.07
VIMTALABS, EQ, 26-Feb-2020,97.25,97.0,103.05,96.0, 100.80,100.3,100.59,15863,15.96,421, 8241, 51.95
VINATIORGA, EQ, 26-Feb-2020,1010.95,1006.35,1035.0,995.0, 1007.00,1007.6,1009.39,128121,1293.24,6208, 71840, 56.07
VINDHYATEL, EQ, 26-Feb-2020,796.05,796.05,808.0,795.0, 799.45,798.75,802.79,3581,28.75,359, 1577, 44.04
VINYLINDIA, EQ, 26-Feb-2020,61.05,60.65,66.1,60.25, 61.55,61.75,63.86,38917,24.85,913, 13232, 34.00
VIPCLOTHNG, EQ, 26-Feb-2020,6.85,6.85,6.95,6.6, 6.75,6.6,6.66,27091,1.8,124, 19945, 73.62
VIPIND, EQ, 26-Feb-2020,444.2,440.0,447.5,437.5, 440.30,441.0,440.84,155771,686.7,4868, 88474, 56.80
VIPULLTD, BE, 26-Feb-2020,18.5,19.4,19.4,19.3, 19.30,19.3,19.33,4,0.0,4, -, -
VISAKAIND, EQ, 26-Feb-2020,229.9,226.2,237.0,223.25, 229.25,231.85,230.65,35953,82.93,1956, 13108, 36.46
VISASTEEL, EQ, 26-Feb-2020,3.9,3.65,4.05,3.65, 3.95,3.95,3.74,6296,0.24,39, 3533, 56.11
VISESHINFO, BE, 26-Feb-2020,0.05,0.1,0.1,0.05, 0.05,0.1,0.05,3293139,1.78,347, -, -
VISHAL, BE, 26-Feb-2020,228.0,230.0,230.0,228.0, 228.00,228.0,230.0,2005,4.61,3, -, -
VISHNU, EQ, 26-Feb-2020,117.95,117.85,120.0,115.5, 119.80,118.75,118.85,11066,13.15,372, 5996, 54.18
VISHWARAJ, EQ, 26-Feb-2020,73.65,73.55,74.85,70.1, 71.00,71.75,72.22,7740,5.59,198, 2812, 36.33
VIVIDHA, BE, 26-Feb-2020,0.3,0.3,0.3,0.25, 0.30,0.3,0.27,109560,0.3,27, -, -
VIVIMEDLAB, EQ, 26-Feb-2020,10.6,10.2,10.8,10.15, 10.20,10.2,10.41,55815,5.81,184, 39550, 70.86
VLSFINANCE, EQ, 26-Feb-2020,54.95,55.5,55.5,54.0, 54.95,55.0,54.94,15830,8.7,179, 13175, 83.23
VMART, EQ, 26-Feb-2020,2411.15,2370.0,2405.05,2364.6, 2388.00,2382.7,2394.8,12211,292.43,1685, 8769, 71.81
VOLTAMP, EQ, 26-Feb-2020,1399.95,1391.2,1399.0,1361.25, 1380.00,1371.45,1381.07,11169,154.25,1192, 8002, 71.64
VOLTAS, EQ, 26-Feb-2020,703.6,700.0,704.85,685.5, 690.00,691.7,696.24,1172920,8166.37,37035, 450832, 38.44
VRLLOG, EQ, 26-Feb-2020,233.8,235.5,235.5,227.15, 229.50,230.75,231.38,32854,76.02,1153, 21393, 65.12
VSSL, EQ, 26-Feb-2020,67.05,67.8,68.0,65.1, 65.10,65.3,66.03,2690,1.78,120, 2473, 91.93
VSTIND, EQ, 26-Feb-2020,4203.0,4186.0,4250.0,4160.0, 4200.00,4196.0,4207.55,2179,91.68,644, 1455, 66.77
VSTTILLERS, EQ, 26-Feb-2020,1206.4,1201.5,1201.5,1151.0, 1161.10,1156.8,1171.26,1919,22.48,503, 1156, 60.24
VTL, EQ, 26-Feb-2020,1088.7,1091.85,1102.0,1071.05, 1096.25,1090.75,1091.16,15502,169.15,1145, 13758, 88.75
WABAG, EQ, 26-Feb-2020,214.8,213.0,216.5,204.5, 206.10,205.95,210.02,179170,376.29,4739, 90694, 50.62
WABCOINDIA, EQ, 26-Feb-2020,6892.85,6929.0,6929.0,6806.45, 6848.00,6839.6,6831.23,1445,98.71,534, 1007, 69.69
WALCHANNAG, EQ, 26-Feb-2020,57.15,56.9,58.0,56.15, 56.45,56.6,57.19,118889,67.99,1333, 33287, 28.00
WANBURY, BE, 26-Feb-2020,30.35,31.85,31.85,31.85, 31.85,31.85,31.85,678,0.22,11, -, -
WATERBASE, EQ, 26-Feb-2020,128.25,127.0,128.5,123.5, 125.45,125.0,125.78,170003,213.82,2975, 57563, 33.86
WEBELSOLAR, EQ, 26-Feb-2020,24.45,23.6,25.15,23.5, 23.75,23.8,24.19,34929,8.45,246, 25566, 73.19
WEIZFOREX, EQ, 26-Feb-2020,389.45,389.45,402.0,380.05, 395.00,391.9,394.91,4946,19.53,260, 3257, 65.85
WEIZMANIND, EQ, 26-Feb-2020,22.05,23.05,23.05,21.25, 22.00,22.0,22.34,3223,0.72,28, 2748, 85.26
WELCORP, EQ, 26-Feb-2020,192.85,190.25,199.8,186.25, 196.30,195.25,193.47,1010889,1955.8,12195, 280033, 27.70
WELENT, EQ, 26-Feb-2020,70.45,70.35,71.5,69.75, 71.45,71.1,71.07,113084,80.37,754, 79416, 70.23
WELINV, EQ, 26-Feb-2020,186.15,178.15,192.0,178.15, 188.00,188.0,189.45,455,0.86,17, 300, 65.93
WELSPUNIND, EQ, 26-Feb-2020,43.4,43.0,43.7,42.65, 43.15,43.2,43.06,1328888,572.27,2371, 862301, 64.89
WENDT, EQ, 26-Feb-2020,2717.65,2717.65,2717.65,2685.0, 2685.00,2685.55,2708.68,469,12.7,32, 461, 98.29
WESTLIFE, EQ, 26-Feb-2020,473.7,473.7,487.0,466.0, 478.00,475.35,475.3,271580,1290.81,8711, 189046, 69.61
WHEELS, EQ, 26-Feb-2020,541.75,533.2,547.95,520.0, 520.00,525.4,536.68,5165,27.72,535, 3662, 70.90
WHIRLPOOL, EQ, 26-Feb-2020,2236.55,2230.0,2249.95,2201.8, 2230.25,2230.6,2229.69,51712,1153.02,7597, 35900, 69.42
WILLAMAGOR, EQ, 26-Feb-2020,16.15,15.6,16.65,15.5, 16.30,15.9,16.11,6971,1.12,75, 3222, 46.22
WINDMACHIN, EQ, 26-Feb-2020,17.5,18.25,18.25,16.95, 17.00,17.0,17.17,20740,3.56,88, 20136, 97.09
WIPL, BE, 26-Feb-2020,51.05,48.5,48.75,48.5, 48.75,48.75,48.73,55,0.03,2, -, -
WIPRO, EQ, 26-Feb-2020,244.1,243.05,243.45,238.4, 239.95,239.9,239.99,3994194,9585.62,35163, 2194135, 54.93
WOCKPHARMA, EQ, 26-Feb-2020,345.8,348.0,350.5,334.3, 337.25,337.6,341.45,851154,2906.24,15285, 133534, 15.69
WONDERLA, EQ, 26-Feb-2020,235.3,238.45,238.45,232.5, 232.50,232.75,234.18,10055,23.55,710, 6463, 64.28
WORTH, SM, 26-Feb-2020,45.5,46.0,46.0,46.0, 46.00,46.0,46.0,4500,2.07,3, 4500, 100.00
WSTCSTPAPR, EQ, 26-Feb-2020,211.15,211.0,214.1,209.0, 211.75,211.35,211.12,57066,120.48,1189, 35206, 61.69
XCHANGING, EQ, 26-Feb-2020,50.6,50.75,50.9,49.65, 49.70,49.95,50.21,22834,11.46,245, 19261, 84.35
XELPMOC, EQ, 26-Feb-2020,52.3,51.15,56.35,51.0, 56.35,55.55,54.25,1936,1.05,113, 1311, 67.72
XPROINDIA, EQ, 26-Feb-2020,22.9,22.15,23.9,22.15, 22.25,22.25,22.32,1102,0.25,28, 694, 62.98
YESBANK, EQ, 26-Feb-2020,35.15,34.9,37.05,34.45, 36.90,36.55,35.99,149229469,53711.19,237216, 23397720, 15.68
ZEEL, EQ, 26-Feb-2020,251.9,250.0,253.55,247.0, 250.60,251.4,249.59,8640042,21564.31,86994, 2837709, 32.84
ZEEL, P2, 26-Feb-2020,5.55,5.6,5.65,5.55, 5.60,5.65,5.62,2442157,137.36,61, 2442156, 100.00
ZEELEARN, EQ, 26-Feb-2020,16.05,16.0,17.1,15.65, 16.50,16.55,16.55,291017,48.17,935, 108397, 37.25
ZEEMEDIA, BE, 26-Feb-2020,5.3,5.1,5.2,5.05, 5.05,5.05,5.07,251904,12.76,389, -, -
ZENITHEXPO, BE, 26-Feb-2020,43.4,41.65,43.3,41.25, 43.30,43.3,41.27,103,0.04,4, -, -
ZENSARTECH, EQ, 26-Feb-2020,140.85,141.0,141.95,137.1, 139.00,138.95,138.83,105536,146.51,4211, 82363, 78.04
ZENTEC, EQ, 26-Feb-2020,60.35,60.25,60.25,58.15, 58.50,58.85,58.92,65228,38.44,933, 37833, 58.00
ZICOM, BE, 26-Feb-2020,1.45,1.4,1.5,1.4, 1.40,1.45,1.46,3808,0.06,17, -, -
ZODIACLOTH, EQ, 26-Feb-2020,168.8,168.75,171.05,165.1, 165.20,166.6,168.18,9081,15.27,243, 5419, 59.67
ZODJRDMKJ, EQ, 26-Feb-2020,26.5,26.55,27.5,24.7, 26.60,26.6,25.78,626,0.16,63, 400, 63.90
ZOTA, EQ, 26-Feb-2020,182.5,180.0,185.9,178.7, 178.75,178.9,182.24,22952,41.83,155, 2514, 10.95
ZUARI, EQ, 26-Feb-2020,82.35,84.5,85.4,81.6, 83.00,83.55,83.11,37815,31.43,526, 15903, 42.05
ZUARIGLOB, EQ, 26-Feb-2020,44.85,44.1,46.0,42.0, 44.00,44.1,43.4,43268,18.78,673, 23497, 54.31
ZYDUSWELL, EQ, 26-Feb-2020,1445.55,1444.55,1464.0,1433.15, 1441.00,1442.55,1442.25,2851,41.12,529, 2050, 71.90
