SYMBOL, SERIES, DATE1, PREV_CLOSE, OPEN_PRICE, HIGH_PRICE, LOW_PRICE, LAST_PRICE, CLOSE_PRICE, AVG_PRICE, TTL_TRD_QNTY, TURNOVER_LACS, NO_OF_TRADES, DELIV_QTY, DELIV_PER
20MICRONS, EQ, 17-Aug-2020,30.85,31.7,32.25,30.9, 31.40,31.3,31.32,87776,27.49,746, 52618, 59.95
21STCENMGM, EQ, 17-Aug-2020,10.5,10.7,10.7,10.3, 10.30,10.3,10.43,3201,0.33,28, 1987, 62.07
3IINFOTECH, EQ, 17-Aug-2020,2.85,2.95,2.95,2.95, 2.95,2.95,2.95,1002324,29.57,494, 1002324, 100.00
3MINDIA, EQ, 17-Aug-2020,20903.65,20903.7,20998.35,20750.0, 20872.00,20929.2,20844.69,1867,389.17,1056, 851, 45.58
5PAISA, EQ, 17-Aug-2020,355.35,355.0,355.0,337.6, 337.60,337.6,339.16,29017,98.41,1632, 24978, 86.08
63MOONS, BE, 17-Aug-2020,83.4,83.4,86.95,81.2, 82.00,82.0,82.46,42349,34.92,264, -, -
706GS2046, GS, 17-Aug-2020,103.0,100.0,100.0,100.0, 100.00,100.0,100.0,100,0.1,1, 100, 100.00
716GS2050, GS, 17-Aug-2020,111.75,113.99,113.99,113.99, 113.99,113.99,113.99,90,0.1,1, 90, 100.00
719GS2060, GS, 17-Aug-2020,112.05,113.0,113.0,113.0, 113.00,113.0,113.0,100,0.11,1, 100, 100.00
813GS2045, GS, 17-Aug-2020,120.0,125.0,125.0,125.0, 125.00,125.0,125.0,5,0.01,1, 5, 100.00
A2ZINFRA, EQ, 17-Aug-2020,4.1,4.15,4.15,4.0, 4.10,4.1,4.06,272492,11.05,299, 218581, 80.22
AAKASH, SM, 17-Aug-2020,39.5,39.5,39.5,39.1, 39.10,39.1,39.3,30000,11.79,7, 30000, 100.00
AARON, SM, 17-Aug-2020,46.1,48.25,48.25,48.25, 48.25,48.25,48.25,3300,1.59,1, 3300, 100.00
AARTIDRUGS, EQ, 17-Aug-2020,2115.4,2150.0,2399.0,2100.0, 2340.00,2317.55,2279.42,950359,21662.66,72646, 249528, 26.26
AARTIIND, EQ, 17-Aug-2020,1008.35,1021.0,1027.0,1005.5, 1015.05,1015.25,1014.45,273049,2769.96,11696, 158808, 58.16
AARTISURF, BE, 17-Aug-2020,362.4,380.5,380.5,380.5, 380.50,380.5,380.5,5431,20.66,67, -, -
AARVEEDEN, BE, 17-Aug-2020,10.7,11.0,11.1,10.5, 10.85,10.85,10.97,11492,1.26,46, -, -
AARVI, EQ, 17-Aug-2020,33.8,37.15,37.15,37.15, 37.15,37.15,37.15,5632,2.09,37, 5632, 100.00
AAVAS, EQ, 17-Aug-2020,1396.35,1429.95,1439.0,1370.0, 1392.35,1392.6,1393.15,9782,136.28,1974, 4990, 51.01
ABAN, EQ, 17-Aug-2020,29.2,30.0,30.2,27.75, 28.00,27.9,28.49,104930,29.9,1137, 76958, 73.34
ABB, EQ, 17-Aug-2020,949.4,954.0,960.0,923.0, 927.60,929.8,934.65,129446,1209.87,6609, 40214, 31.07
ABBOTINDIA, EQ, 17-Aug-2020,16468.9,16570.0,16830.0,16475.0, 16685.05,16675.05,16673.21,10045,1674.82,3979, 4680, 46.59
ABCAPITAL, EQ, 17-Aug-2020,58.6,59.0,60.2,58.25, 59.50,59.3,59.19,1488387,881.02,7539, 399341, 26.83
ABFRL, EQ, 17-Aug-2020,129.25,130.95,134.7,126.25, 132.00,133.1,132.84,2264486,3008.04,18676, 763611, 33.72
ABFRLPP, E1, 17-Aug-2020,70.15,70.7,74.8,70.6, 74.00,74.05,73.5,92368,67.89,690, 60916, 65.95
ABMINTLTD, BE, 17-Aug-2020,18.45,18.45,19.35,18.45, 19.35,19.35,19.31,204,0.04,9, -, -
ABSLBANETF, EQ, 17-Aug-2020,215.68,215.71,226.7,215.71, 222.40,221.02,222.26,27,0.06,18, 15, 55.56
ABSLNN50ET, EQ, 17-Aug-2020,276.91,293.39,315.95,272.08, 295.00,310.9,296.56,670,1.99,60, 402, 60.00
ACC, EQ, 17-Aug-2020,1385.3,1397.0,1397.0,1372.3, 1388.20,1387.6,1382.22,586864,8111.74,19681, 48080, 8.19
ACCELYA, EQ, 17-Aug-2020,1011.75,1012.0,1034.8,1012.0, 1019.00,1017.0,1018.58,6311,64.28,705, 3148, 49.88
ACCORD, SM, 17-Aug-2020,23.25,23.95,23.95,23.95, 23.95,23.95,23.95,2000,0.48,1, 2000, 100.00
ACE, EQ, 17-Aug-2020,61.55,62.2,64.7,61.3, 63.55,63.55,63.26,597216,377.82,4024, 208013, 34.83
ADANIENT, EQ, 17-Aug-2020,196.2,197.4,201.65,196.05, 197.35,197.8,198.87,3227005,6417.6,26760, 246979, 7.65
ADANIGAS, EQ, 17-Aug-2020,158.15,158.9,164.9,158.65, 161.20,160.95,162.13,2394303,3881.82,18179, 824424, 34.43
ADANIGREEN, EQ, 17-Aug-2020,357.6,358.75,370.0,358.0, 367.25,367.25,364.98,682891,2492.39,19701, 399705, 58.53
ADANIPORTS, EQ, 17-Aug-2020,348.1,350.85,358.0,346.8, 357.25,357.45,355.13,4508358,16010.69,62052, 1791128, 39.73
ADANIPOWER, EQ, 17-Aug-2020,37.15,37.2,37.55,36.7, 37.05,37.05,37.1,1192671,442.51,4353, 522241, 43.79
ADANITRANS, EQ, 17-Aug-2020,238.65,241.8,243.95,230.1, 234.00,233.8,235.13,333342,783.78,7857, 220144, 66.04
ADFFOODS, EQ, 17-Aug-2020,404.65,399.0,399.0,384.45, 391.05,388.65,386.65,162383,627.86,2323, 89758, 55.28
ADHUNIKIND, BE, 17-Aug-2020,20.0,20.6,20.6,19.1, 20.60,20.1,20.2,16870,3.41,126, -, -
ADORWELD, EQ, 17-Aug-2020,259.4,257.35,277.0,257.35, 276.00,272.95,269.84,56777,153.21,1740, 36333, 63.99
ADSL, EQ, 17-Aug-2020,22.95,22.45,23.8,22.45, 23.10,23.25,23.25,119797,27.86,499, 77536, 64.72
ADVANIHOTR, EQ, 17-Aug-2020,45.5,47.05,47.05,44.25, 45.00,44.55,45.27,5483,2.48,207, 3396, 61.94
ADVENZYMES, EQ, 17-Aug-2020,216.85,223.9,244.4,218.35, 239.20,238.25,234.38,3370211,7898.98,43590, 793498, 23.54
AEGISCHEM, EQ, 17-Aug-2020,190.35,190.6,192.1,183.85, 187.65,187.1,186.98,586487,1096.61,25258, 348018, 59.34
AFFLE, EQ, 17-Aug-2020,2103.15,2110.0,2136.35,2062.25, 2095.00,2092.15,2098.26,38900,816.22,6195, 18176, 46.72
AGARIND, EQ, 17-Aug-2020,115.5,115.0,115.5,109.75, 109.75,109.75,110.19,40784,44.94,399, 35964, 88.18
AGCNET, EQ, 17-Aug-2020,323.25,333.0,350.0,329.95, 339.00,338.6,339.51,16739,56.83,507, 14468, 86.43
AGRITECH, BE, 17-Aug-2020,31.75,31.75,32.45,31.1, 31.60,32.15,31.76,4032,1.28,42, -, -
AGROPHOS, EQ, 17-Aug-2020,10.85,10.9,11.3,10.35, 11.05,11.15,10.75,30035,3.23,153, 18061, 60.13
AHLEAST, EQ, 17-Aug-2020,144.15,153.1,157.1,143.5, 144.50,145.3,146.24,942,1.38,67, 582, 61.78
AHLUCONT, EQ, 17-Aug-2020,244.25,249.0,253.35,241.6, 247.25,248.85,247.36,90154,223.01,548, 81906, 90.85
AHLWEST, EQ, 17-Aug-2020,268.9,295.0,295.0,256.5, 272.00,271.1,271.13,1165,3.16,187, 828, 71.07
AIAENG, EQ, 17-Aug-2020,1705.1,1710.0,1720.0,1667.0, 1669.55,1673.3,1678.36,51833,869.94,3023, 44298, 85.46
AIONJSW, EQ, 17-Aug-2020,14.7,14.55,15.45,14.5, 15.25,15.2,14.92,130099,19.41,332, 95382, 73.31
AIRAN, BE, 17-Aug-2020,12.3,12.3,12.3,11.9, 12.20,12.0,11.97,34487,4.13,82, -, -
AISL, SM, 17-Aug-2020,19.1,20.05,20.05,20.05, 20.05,20.05,20.05,8400,1.68,5, 6000, 71.43
AJANTPHARM, EQ, 17-Aug-2020,1629.9,1641.0,1688.0,1613.0, 1653.00,1657.65,1658.32,213484,3540.25,14901, 50731, 23.76
AJMERA, EQ, 17-Aug-2020,84.95,90.0,90.0,86.85, 87.50,87.8,88.13,163775,144.33,2373, 63219, 38.60
AJOONI, SM, 17-Aug-2020,26.8,27.5,28.1,26.9, 28.00,27.95,27.68,104000,28.79,24, 64000, 61.54
AKASH, BE, 17-Aug-2020,184.55,190.0,193.0,184.0, 193.00,192.15,191.69,2846,5.46,122, -, -
AKG, SM, 17-Aug-2020,40.7,41.0,41.0,41.0, 41.00,41.0,41.0,4000,1.64,1, 4000, 100.00
AKSHARCHEM, EQ, 17-Aug-2020,226.2,227.0,229.65,219.5, 220.50,220.0,221.68,55631,123.32,2229, 37298, 67.05
AKSHOPTFBR, BE, 17-Aug-2020,5.55,5.8,5.8,5.8, 5.80,5.8,5.8,150744,8.74,156, -, -
AKZOINDIA, EQ, 17-Aug-2020,2005.35,2027.15,2030.0,1975.0, 2029.80,2018.25,2007.49,14360,288.28,2877, 7299, 50.83
ALANKIT, EQ, 17-Aug-2020,18.05,18.1,18.65,17.75, 17.85,17.95,18.02,43449,7.83,230, 27988, 64.42
ALBERTDAVD, EQ, 17-Aug-2020,492.05,497.25,505.0,490.4, 493.95,492.05,497.68,31475,156.64,1688, 13716, 43.58
ALCHEM, EQ, 17-Aug-2020,4.85,4.75,5.05,4.75, 5.05,5.0,4.92,29310,1.44,138, 19084, 65.11
ALEMBICLTD, EQ, 17-Aug-2020,85.1,85.85,86.25,82.65, 82.90,83.05,83.77,685477,574.19,5238, 344030, 50.19
ALICON, EQ, 17-Aug-2020,335.25,340.0,379.85,340.0, 365.00,360.25,364.01,37839,137.74,2152, 14696, 38.84
ALKALI, EQ, 17-Aug-2020,49.85,50.25,53.15,50.0, 51.35,51.15,51.69,63645,32.9,1015, 34195, 53.73
ALKEM, EQ, 17-Aug-2020,2925.15,2951.0,2954.95,2871.05, 2884.30,2886.45,2895.42,89529,2592.24,9056, 28190, 31.49
ALKYLAMINE, EQ, 17-Aug-2020,2834.6,2888.0,2950.0,2830.0, 2897.00,2878.65,2879.0,87963,2532.45,9213, 33261, 37.81
ALLCARGO, EQ, 17-Aug-2020,101.25,103.65,103.65,101.65, 103.25,102.95,102.86,130999,134.75,1341, 98306, 75.04
ALLSEC, EQ, 17-Aug-2020,280.3,283.05,283.45,266.7, 276.00,271.75,275.58,3358,9.25,156, 2531, 75.37
ALMONDZ, EQ, 17-Aug-2020,9.85,9.95,9.95,8.9, 9.70,9.7,9.31,49367,4.6,208, 37458, 75.88
ALOKINDS, EQ, 17-Aug-2020,35.4,35.1,36.8,33.65, 36.20,35.65,34.63,38113651,13197.56,62259, 12316726, 32.32
ALPA, EQ, 17-Aug-2020,25.45,25.5,26.45,25.35, 25.90,25.75,25.78,75242,19.4,536, 48479, 64.43
ALPHAGEO, EQ, 17-Aug-2020,167.75,173.75,173.75,165.4, 166.50,167.35,169.66,21743,36.89,727, 11858, 54.54
ALPSINDUS, BE, 17-Aug-2020,1.2,1.25,1.25,1.15, 1.15,1.15,1.21,5235,0.06,22, -, -
AMARAJABAT, EQ, 17-Aug-2020,742.75,749.0,757.45,742.3, 757.00,754.0,751.95,547946,4120.3,16541, 104971, 19.16
AMBER, EQ, 17-Aug-2020,1733.7,1790.0,1790.0,1730.9, 1770.05,1774.25,1769.29,98633,1745.1,8161, 48475, 49.15
AMBIKCO, EQ, 17-Aug-2020,670.9,674.85,675.0,668.1, 675.00,673.2,672.17,3946,26.52,259, 3093, 78.38
AMBUJACEM, EQ, 17-Aug-2020,220.75,221.75,222.95,218.1, 219.50,219.35,219.59,2479307,5444.42,20307, 613195, 24.73
AMDIND, EQ, 17-Aug-2020,17.0,17.0,17.25,16.05, 16.30,16.35,16.42,33953,5.57,144, 24013, 70.72
AMJLAND, EQ, 17-Aug-2020,18.7,19.75,19.75,18.5, 18.65,18.9,18.89,18936,3.58,152, 11947, 63.09
AMJUMBO, SM, 17-Aug-2020,7.8,7.5,7.5,7.5, 7.50,7.5,7.5,8000,0.6,1, 8000, 100.00
AMRUTANJAN, EQ, 17-Aug-2020,478.75,482.8,484.15,470.3, 472.00,472.1,475.35,80058,380.55,3307, 24990, 31.21
ANANTRAJ, EQ, 17-Aug-2020,26.5,27.4,28.15,26.1, 26.35,26.65,26.98,134854,36.39,565, 79695, 59.10
ANDHRACEMT, BE, 17-Aug-2020,5.25,5.25,5.4,5.2, 5.35,5.3,5.28,120749,6.37,379, -, -
ANDHRAPAP, EQ, 17-Aug-2020,218.8,217.2,223.0,217.2, 220.50,221.65,220.76,60876,134.39,1947, 33280, 54.67
ANDHRSUGAR, EQ, 17-Aug-2020,309.35,312.85,314.65,306.75, 313.55,313.3,311.46,55669,173.39,1954, 28007, 50.31
ANIKINDS, EQ, 17-Aug-2020,13.55,13.55,14.2,13.55, 14.20,14.2,14.09,14956,2.11,116, 13436, 89.84
ANKITMETAL, BE, 17-Aug-2020,0.75,0.75,0.75,0.7, 0.70,0.7,0.71,59849,0.43,37, -, -
ANSALAPI, BE, 17-Aug-2020,4.35,4.55,4.55,4.2, 4.20,4.25,4.45,38043,1.69,64, -, -
ANSALHSG, BE, 17-Aug-2020,4.2,4.35,4.4,4.1, 4.25,4.2,4.33,17850,0.77,32, -, -
ANUP, EQ, 17-Aug-2020,540.6,540.6,569.0,535.85, 552.45,554.6,553.81,29178,161.59,1354, 21174, 72.57
APARINDS, EQ, 17-Aug-2020,310.6,318.0,318.0,304.8, 304.90,305.1,307.86,77311,238.01,1787, 55886, 72.29
APCL, EQ, 17-Aug-2020,151.35,153.0,163.5,150.1, 160.10,159.95,158.0,55345,87.44,1206, 27291, 49.31
APCOTEXIND, EQ, 17-Aug-2020,131.0,131.95,132.5,125.8, 131.80,130.3,128.8,87662,112.91,2316, 31018, 35.38
APEX, EQ, 17-Aug-2020,257.55,258.45,261.9,252.0, 253.05,253.25,256.43,328826,843.2,7198, 59009, 17.95
APLAPOLLO, EQ, 17-Aug-2020,2186.8,2206.4,2320.0,2206.4, 2275.00,2279.5,2275.69,120457,2741.23,19416, 47100, 39.10
APLLTD, EQ, 17-Aug-2020,1038.1,1040.0,1049.0,996.0, 1004.95,1000.75,1010.67,505433,5108.25,32874, 326223, 64.54
APOLLO, EQ, 17-Aug-2020,128.15,129.0,129.9,126.75, 127.30,127.3,128.06,97818,125.27,1960, 47525, 48.59
APOLLOHOSP, EQ, 17-Aug-2020,1707.35,1715.0,1727.25,1686.0, 1704.00,1704.4,1705.9,479355,8177.34,23082, 139651, 29.13
APOLLOPIPE, EQ, 17-Aug-2020,411.3,418.95,419.0,405.0, 413.50,413.05,414.38,18045,74.77,1046, 9538, 52.86
APOLLOTYRE, EQ, 17-Aug-2020,129.95,131.6,132.5,128.4, 128.85,129.35,130.46,7619790,9940.6,27254, 1029818, 13.52
APOLSINHOT, EQ, 17-Aug-2020,501.75,509.95,509.95,500.55, 508.85,505.05,506.59,1330,6.74,125, 677, 50.90
APTECHT, EQ, 17-Aug-2020,111.65,112.8,113.5,110.8, 111.75,111.8,112.12,176861,198.3,2507, 61019, 34.50
ARCHIDPLY, EQ, 17-Aug-2020,27.85,27.9,28.75,27.55, 28.75,28.1,27.88,17293,4.82,175, 12943, 74.85
ARCHIES, EQ, 17-Aug-2020,12.3,12.3,12.6,11.9, 12.45,12.25,12.31,33494,4.12,115, 21741, 64.91
ARCOTECH, BE, 17-Aug-2020,2.75,2.75,2.85,2.75, 2.85,2.85,2.84,21811,0.62,56, -, -
ARENTERP, EQ, 17-Aug-2020,10.25,10.55,11.2,10.0, 11.20,11.1,10.79,9791,1.06,80, 3766, 38.46
ARIES, EQ, 17-Aug-2020,73.6,78.75,80.95,74.5, 80.95,80.95,78.49,332238,260.76,3133, 191786, 57.73
ARIHANT, EQ, 17-Aug-2020,15.25,15.25,16.55,15.25, 16.15,16.15,16.02,2773,0.44,20, 1499, 54.06
ARIHANTSUP, BE, 17-Aug-2020,22.5,22.5,22.55,21.4, 21.40,21.45,21.45,55762,11.96,210, -, -
ARMANFIN, EQ, 17-Aug-2020,436.15,444.0,475.0,435.0, 470.00,465.05,458.64,37462,171.82,1894, 22140, 59.10
AROGRANITE, EQ, 17-Aug-2020,29.35,29.35,31.0,28.9, 29.45,29.3,29.63,8103,2.4,169, 5501, 67.89
ARROWGREEN, BE, 17-Aug-2020,41.75,42.9,43.75,40.1, 42.45,42.4,41.99,3961,1.66,40, -, -
ARSHIYA, BE, 17-Aug-2020,9.95,9.85,10.0,9.7, 9.95,9.95,9.78,55277,5.4,67, -, -
ARSSINFRA, EQ, 17-Aug-2020,13.2,13.0,13.45,13.0, 13.25,13.25,13.2,4896,0.65,26, 4596, 93.87
ARTEMISMED, EQ, 17-Aug-2020,168.9,173.0,173.0,165.5, 168.90,168.5,168.14,4464,7.51,118, 4029, 90.26
ARVIND, EQ, 17-Aug-2020,33.3,33.75,34.25,33.35, 33.75,33.85,33.84,1368973,463.29,4825, 631792, 46.15
ARVINDFASN, EQ, 17-Aug-2020,132.55,134.0,135.2,128.05, 133.30,132.95,132.49,293134,388.38,3922, 143108, 48.82
ARVSMART, EQ, 17-Aug-2020,92.25,94.25,96.5,93.5, 93.85,94.3,94.67,136391,129.12,2161, 51116, 37.48
ASAHIINDIA, EQ, 17-Aug-2020,198.65,200.05,204.0,200.0, 200.05,200.0,200.45,42251,84.69,590, 35424, 83.84
ASAHISONG, EQ, 17-Aug-2020,206.7,207.7,208.8,203.0, 205.25,207.05,205.53,25776,52.98,879, 18777, 72.85
ASAL, BE, 17-Aug-2020,20.0,20.35,20.35,19.15, 19.40,20.0,19.66,2365,0.47,40, -, -
ASALCBR, EQ, 17-Aug-2020,259.05,263.0,265.25,256.0, 261.75,261.4,260.73,52727,137.48,1807, 27062, 51.32
ASHAPURMIN, EQ, 17-Aug-2020,45.15,45.15,47.4,43.3, 47.40,47.4,45.84,99172,45.46,618, 70012, 70.60
ASHIANA, EQ, 17-Aug-2020,78.55,80.0,82.45,79.0, 80.45,80.4,81.03,122761,99.48,1606, 71178, 57.98
ASHIMASYN, BE, 17-Aug-2020,5.85,5.85,6.1,5.85, 6.10,6.1,6.02,82257,4.95,153, -, -
ASHOKA, EQ, 17-Aug-2020,70.9,77.35,78.5,72.5, 74.85,74.5,75.02,9886404,7416.69,46008, 3191047, 32.28
ASHOKLEY, EQ, 17-Aug-2020,61.6,62.5,64.5,60.15, 62.70,62.7,62.57,70338229,44009.19,168097, 9476191, 13.47
ASIANHOTNR, EQ, 17-Aug-2020,60.7,64.95,64.95,57.25, 58.00,58.4,59.18,29777,17.62,724, 10426, 35.01
ASIANPAINT, EQ, 17-Aug-2020,1802.55,1820.0,1842.5,1801.85, 1830.25,1836.7,1825.03,1634206,29824.77,57293, 351792, 21.53
ASIANTILES, EQ, 17-Aug-2020,224.8,228.4,229.15,225.0, 225.50,227.35,227.31,143885,327.06,2848, 78270, 54.40
ASPINWALL, EQ, 17-Aug-2020,154.4,156.9,164.0,155.0, 159.65,159.25,159.52,9193,14.66,225, 6198, 67.42
ASTEC, EQ, 17-Aug-2020,955.15,962.0,997.0,929.85, 970.00,964.25,973.81,104092,1013.65,6095, 52097, 50.05
ASTERDM, EQ, 17-Aug-2020,131.2,131.5,134.5,129.05, 129.40,130.25,132.12,173697,229.49,2732, 85802, 49.40
ASTRAL, EQ, 17-Aug-2020,1046.9,1065.0,1078.0,1035.7, 1060.00,1058.15,1053.41,64093,675.16,6533, 32783, 51.15
ASTRAMICRO, EQ, 17-Aug-2020,120.95,122.0,122.6,117.0, 117.75,117.5,118.8,622032,739.0,6681, 259293, 41.68
ASTRAZEN, EQ, 17-Aug-2020,3323.25,3353.0,3359.6,3320.0, 3329.05,3334.25,3334.24,17715,590.66,2700, 7950, 44.88
ASTRON, EQ, 17-Aug-2020,43.3,43.35,43.35,42.2, 43.00,42.75,42.49,36722,15.6,513, 19130, 52.09
ATFL, EQ, 17-Aug-2020,676.85,689.0,689.0,665.75, 671.70,670.6,673.83,11783,79.4,1211, 6276, 53.26
ATLANTA, EQ, 17-Aug-2020,8.75,9.1,9.1,8.4, 9.00,9.05,8.96,16970,1.52,168, 15349, 90.45
ATLASCYCLE, BE, 17-Aug-2020,43.8,43.7,44.5,43.7, 43.80,43.85,44.13,6414,2.83,47, -, -
ATNINTER, BE, 17-Aug-2020,0.2,0.2,0.25,0.15, 0.25,0.25,0.21,20937,0.04,12, -, -
ATUL, EQ, 17-Aug-2020,5221.95,5230.0,5305.95,5150.5, 5252.45,5262.9,5236.25,10875,569.44,3103, 5207, 47.88
ATULAUTO, EQ, 17-Aug-2020,169.85,175.0,175.0,168.7, 170.00,169.5,170.61,131735,224.75,3952, 81154, 61.60
AUBANK, EQ, 17-Aug-2020,707.9,713.3,715.1,702.5, 706.90,707.2,707.65,138704,981.54,8888, 56802, 40.95
AURDIS, SM, 17-Aug-2020,38.5,36.95,36.95,36.95, 36.95,36.95,36.95,26000,9.61,3, 26000, 100.00
AURIONPRO, EQ, 17-Aug-2020,60.6,63.6,63.6,61.1, 63.60,63.3,63.26,28477,18.02,218, 21719, 76.27
AUROPHARMA, EQ, 17-Aug-2020,879.1,888.9,889.4,856.25, 862.45,863.0,867.47,2598198,22538.61,57623, 868767, 33.44
AUSOMENT, EQ, 17-Aug-2020,29.75,30.0,30.35,28.7, 30.35,30.2,29.59,2424,0.72,36, 2307, 95.17
AUTOAXLES, EQ, 17-Aug-2020,612.95,614.0,635.0,614.0, 632.00,630.45,625.89,15989,100.07,1247, 6991, 43.72
AUTOIND, BE, 17-Aug-2020,39.35,37.4,37.4,37.4, 37.40,37.4,37.4,3948,1.48,73, -, -
AUTOLITIND, EQ, 17-Aug-2020,20.9,20.7,20.7,19.2, 19.45,19.65,19.65,14983,2.94,211, 8983, 59.95
AVADHSUGAR, EQ, 17-Aug-2020,184.4,186.5,191.65,182.7, 187.50,187.5,187.76,75813,142.35,1915, 24348, 32.12
AVANTIFEED, EQ, 17-Aug-2020,483.85,486.0,489.0,474.85, 479.20,480.45,480.95,379514,1825.28,11348, 110673, 29.16
AVTNPL, EQ, 17-Aug-2020,43.7,43.5,44.8,42.8, 43.95,43.85,43.75,148851,65.12,999, 102211, 68.67
AXISBANK, EQ, 17-Aug-2020,435.85,439.1,441.0,425.35, 440.80,438.15,432.73,30198451,130678.62,226849, 11796596, 39.06
AXISCADES, EQ, 17-Aug-2020,60.1,60.25,63.1,60.25, 63.10,63.1,62.38,30104,18.78,407, 23245, 77.22
AXISGOLD, EQ, 17-Aug-2020,45.9,45.9,46.45,45.35, 45.70,45.7,45.78,187885,86.01,1075, 92511, 49.24
AXISNIFTY, EQ, 17-Aug-2020,115.57,115.85,116.85,115.15, 115.80,115.55,115.71,4711,5.45,135, 3241, 68.80
AYMSYNTEX, EQ, 17-Aug-2020,25.75,25.9,26.75,25.0, 25.85,25.65,25.82,19033,4.91,146, 13724, 72.11
BAFNAPH, BE, 17-Aug-2020,23.5,23.5,23.5,23.5, 23.50,23.5,23.5,134,0.03,3, -, -
BAGFILMS, BE, 17-Aug-2020,2.8,2.8,2.8,2.7, 2.80,2.75,2.72,45309,1.23,80, -, -
BAJAJ-AUTO, EQ, 17-Aug-2020,2987.55,3014.0,3126.0,2992.0, 3117.00,3115.6,3088.29,1577193,48708.24,72017, 231242, 14.66
BAJAJCON, EQ, 17-Aug-2020,180.0,180.1,181.9,177.15, 179.80,179.25,179.57,508172,912.53,13174, 251310, 49.45
BAJAJELEC, EQ, 17-Aug-2020,468.2,474.5,491.7,471.0, 486.40,485.35,484.34,1335182,6466.87,29205, 198817, 14.89
BAJAJFINSV, EQ, 17-Aug-2020,6246.7,6300.0,6319.1,6201.0, 6280.00,6269.1,6251.67,435939,27253.48,42643, 60346, 13.84
BAJAJHIND, EQ, 17-Aug-2020,5.85,5.9,6.0,5.8, 5.95,5.9,5.9,3499631,206.31,2100, 1418059, 40.52
BAJAJHLDNG, EQ, 17-Aug-2020,2598.85,2618.95,2667.25,2600.0, 2618.90,2612.75,2616.78,30566,799.84,4778, 13106, 42.88
BAJFINANCE, EQ, 17-Aug-2020,3331.1,3350.0,3399.5,3312.4, 3399.00,3384.8,3354.99,4670621,156698.85,163321, 391039, 8.37
BALAJITELE, EQ, 17-Aug-2020,87.15,88.85,89.8,85.2, 86.25,86.15,86.8,240867,209.08,2986, 90989, 37.78
BALAMINES, EQ, 17-Aug-2020,717.1,726.0,855.0,718.0, 841.75,824.7,789.02,2070189,16334.17,57854, 256154, 12.37
BALAXI, EQ, 17-Aug-2020,388.3,368.9,368.9,368.9, 368.90,368.9,368.9,1600,5.9,71, 1600, 100.00
BALKRISHNA, BE, 17-Aug-2020,14.05,14.4,14.4,13.35, 13.70,13.7,13.87,6432,0.89,39, -, -
BALKRISIND, EQ, 17-Aug-2020,1316.0,1319.7,1327.9,1295.55, 1305.90,1305.4,1309.37,462054,6050.0,39015, 146999, 31.81
BALLARPUR, BE, 17-Aug-2020,2.2,2.15,2.3,2.1, 2.30,2.3,2.23,13343772,297.66,3345, -, -
BALMLAWRIE, EQ, 17-Aug-2020,113.8,114.4,114.85,112.5, 114.00,113.95,113.67,129868,147.62,1583, 71954, 55.41
BALPHARMA, EQ, 17-Aug-2020,48.35,50.6,50.6,48.0, 48.65,48.85,48.99,22046,10.8,292, 14754, 66.92
BALRAMCHIN, EQ, 17-Aug-2020,142.2,143.0,149.0,142.0, 147.50,147.15,146.22,3110904,4548.81,33787, 1544492, 49.65
BANARBEADS, EQ, 17-Aug-2020,44.45,44.15,50.25,44.0, 47.40,47.4,47.21,96315,45.48,1005, 41244, 42.82
BANARISUG, EQ, 17-Aug-2020,1304.3,1309.95,1310.0,1300.0, 1300.00,1300.0,1300.99,1668,21.7,73, 1615, 96.82
BANCOINDIA, EQ, 17-Aug-2020,85.65,86.75,96.35,85.35, 90.75,91.65,91.98,1035305,952.25,8952, 272703, 26.34
BANDHANBNK, EQ, 17-Aug-2020,288.2,292.3,292.3,283.0, 288.60,287.3,285.63,13761148,39305.48,128074, 6186399, 44.96
BANG, EQ, 17-Aug-2020,17.15,18.0,18.0,16.6, 17.00,17.35,17.13,431,0.07,19, 231, 53.60
BANKA, SM, 17-Aug-2020,98.0,102.0,102.0,93.1, 97.45,97.45,96.36,10800,10.41,9, 7200, 66.67
BANKBARODA, EQ, 17-Aug-2020,46.1,46.7,46.75,45.65, 46.30,46.15,46.06,26149211,12043.72,68516, 5793586, 22.16
BANKBEES, EQ, 17-Aug-2020,217.85,220.2,220.2,215.6, 219.10,218.66,217.74,536483,1168.15,6029, 193502, 36.07
BANKINDIA, EQ, 17-Aug-2020,47.4,47.6,47.8,46.5, 46.80,46.8,46.77,1328982,621.56,9592, 567126, 42.67
BANSWRAS, EQ, 17-Aug-2020,64.45,67.95,67.95,64.55, 65.70,65.95,65.81,10190,6.71,327, 5890, 57.80
BARTRONICS, BZ, 17-Aug-2020,1.95,2.0,2.0,2.0, 2.00,2.0,2.0,1169,0.02,9, -, -
BASF, EQ, 17-Aug-2020,1283.7,1295.0,1307.0,1272.0, 1276.85,1279.65,1285.4,26907,345.86,3998, 10276, 38.19
BASML, EQ, 17-Aug-2020,90.55,90.55,92.5,85.55, 87.00,86.6,88.0,10642,9.36,219, 6103, 57.35
BATAINDIA, EQ, 17-Aug-2020,1234.5,1240.0,1247.4,1227.0, 1247.35,1244.3,1239.23,477928,5922.61,17523, 202972, 42.47
BAYERCROP, EQ, 17-Aug-2020,6067.85,6088.0,6195.0,6025.05, 6079.00,6066.05,6092.27,15875,967.15,5155, 6586, 41.49
BBL, EQ, 17-Aug-2020,882.25,900.0,923.0,871.3, 882.00,883.0,895.82,110543,990.26,7238, 34720, 31.41
BBTC, EQ, 17-Aug-2020,1455.85,1462.0,1500.0,1442.3, 1470.00,1469.95,1470.52,291551,4287.33,14404, 62050, 21.28
BCG, BE, 17-Aug-2020,7.6,7.6,7.7,7.25, 7.65,7.65,7.56,984301,74.39,1411, -, -
BCONCEPTS, SM, 17-Aug-2020,14.7,14.05,14.05,14.05, 14.05,14.05,14.05,6000,0.84,1, 6000, 100.00
BCP, EQ, 17-Aug-2020,5.3,5.1,5.1,5.05, 5.05,5.05,5.06,127184,6.43,193, 97184, 76.41
BDL, EQ, 17-Aug-2020,455.15,458.65,459.45,440.0, 444.50,444.35,446.47,901337,4024.2,23396, 223251, 24.77
BEARDSELL, BE, 17-Aug-2020,7.5,7.8,7.8,7.4, 7.80,7.8,7.8,15180,1.18,12, -, -
BEDMUTHA, EQ, 17-Aug-2020,14.25,14.95,14.95,13.55, 14.95,14.75,14.6,32255,4.71,114, 25993, 80.59
BEL, EQ, 17-Aug-2020,113.15,114.9,114.95,109.9, 110.95,110.8,111.6,15243626,17012.13,77729, 4416224, 28.97
BEML, EQ, 17-Aug-2020,699.35,704.9,727.4,698.15, 713.35,716.5,715.19,981503,7019.58,27127, 193007, 19.66
BEPL, EQ, 17-Aug-2020,46.6,47.0,51.25,47.0, 50.60,50.4,49.79,1437339,715.65,7413, 705345, 49.07
BERGEPAINT, EQ, 17-Aug-2020,550.35,550.0,556.3,527.3, 541.60,541.5,537.53,2625757,14114.22,42217, 302954, 11.54
BETA, SM, 17-Aug-2020,89.0,94.0,94.0,90.05, 90.05,90.5,91.41,4000,3.66,5, 3200, 80.00
BFINVEST, EQ, 17-Aug-2020,310.55,311.0,313.95,306.5, 308.00,307.9,309.45,18413,56.98,1899, 7349, 39.91
BFUTILITIE, EQ, 17-Aug-2020,243.7,245.9,245.9,238.05, 240.80,241.25,241.88,148463,359.1,4127, 48637, 32.76
BGRENERGY, BE, 17-Aug-2020,41.75,43.5,43.5,41.25, 41.25,41.7,41.93,58970,24.73,375, -, -
BHAGERIA, EQ, 17-Aug-2020,133.75,134.0,138.95,134.0, 135.40,136.3,136.5,76754,104.77,1633, 48706, 63.46
BHAGYANGR, EQ, 17-Aug-2020,16.8,16.8,17.4,16.6, 17.00,17.2,16.95,6623,1.12,55, 4064, 61.36
BHAGYAPROP, EQ, 17-Aug-2020,22.0,22.05,22.7,21.8, 22.15,22.0,22.04,21455,4.73,193, 14897, 69.43
BHANDARI, EQ, 17-Aug-2020,1.25,1.3,1.3,1.2, 1.25,1.2,1.21,340855,4.11,201, 219069, 64.27
BHARATFORG, EQ, 17-Aug-2020,494.95,496.95,503.55,487.15, 496.20,497.15,495.31,4036827,19994.76,55948, 972143, 24.08
BHARATGEAR, EQ, 17-Aug-2020,55.65,60.5,60.5,55.15, 56.35,56.45,56.85,39765,22.61,424, 17911, 45.04
BHARATRAS, EQ, 17-Aug-2020,9929.25,9980.0,10100.0,9500.0, 9769.95,9762.65,9752.76,10154,990.3,3828, 4144, 40.81
BHARATWIRE, EQ, 17-Aug-2020,24.4,24.5,24.6,23.0, 23.80,23.65,23.73,21877,5.19,271, 15147, 69.24
BHARTIARTL, EQ, 17-Aug-2020,528.6,530.55,532.5,518.1, 520.85,521.4,523.23,19014347,99488.86,211145, 6393700, 33.63
BHEL, EQ, 17-Aug-2020,37.35,37.9,37.9,36.7, 37.10,37.0,37.11,20973046,7783.8,31361, 6430775, 30.66
BIGBLOC, EQ, 17-Aug-2020,38.7,39.5,39.5,38.0, 39.20,39.2,39.02,29012,11.32,79, 25635, 88.36
BIL, EQ, 17-Aug-2020,150.85,152.0,155.0,146.05, 155.00,154.75,152.86,9565,14.62,131, 6602, 69.02
BILENERGY, EQ, 17-Aug-2020,0.9,0.95,0.95,0.9, 0.95,0.95,0.95,896148,8.49,161, 665290, 74.24
BINDALAGRO, EQ, 17-Aug-2020,10.35,10.4,10.8,10.1, 10.80,10.55,10.5,44629,4.69,174, 29773, 66.71
BIOCON, EQ, 17-Aug-2020,395.1,398.8,399.65,389.35, 392.30,391.25,392.71,3371658,13240.68,37485, 926973, 27.49
BIOFILCHEM, BE, 17-Aug-2020,29.8,31.25,31.25,31.25, 31.25,31.25,31.25,19993,6.25,184, -, -
BIRLACABLE, EQ, 17-Aug-2020,52.65,56.0,60.55,55.0, 58.60,58.2,58.08,945115,548.97,7715, 327286, 34.63
BIRLACORPN, EQ, 17-Aug-2020,602.75,600.0,604.9,586.1, 589.00,589.5,593.76,154269,915.99,7121, 100479, 65.13
BIRLAMONEY, EQ, 17-Aug-2020,39.05,39.35,39.45,37.0, 38.10,38.0,38.18,229511,87.62,2066, 124522, 54.26
BIRLATYRE, EQ, 17-Aug-2020,23.3,22.5,24.45,22.15, 24.45,24.45,24.01,1354570,325.28,4844, 686777, 50.70
BKMINDST, BE, 17-Aug-2020,1.1,1.15,1.15,1.05, 1.15,1.15,1.14,185637,2.11,73, -, -
BLBLIMITED, BE, 17-Aug-2020,4.3,4.3,4.5,4.1, 4.40,4.4,4.26,6004,0.26,18, -, -
BLISSGVS, EQ, 17-Aug-2020,133.05,134.8,136.3,132.1, 132.95,133.1,133.73,771339,1031.53,4049, 183769, 23.82
BLKASHYAP, EQ, 17-Aug-2020,6.05,6.3,6.3,5.95, 6.05,6.05,6.06,66869,4.05,108, 43745, 65.42
BLS, EQ, 17-Aug-2020,114.45,119.7,120.15,117.95, 120.15,120.15,119.68,268490,321.32,1214, 195134, 72.68
BLUEBLENDS, BZ, 17-Aug-2020,0.85,0.8,0.85,0.8, 0.85,0.85,0.81,3531,0.03,7, -, -
BLUECHIP, BE, 17-Aug-2020,0.1,0.1,0.15,0.1, 0.15,0.15,0.14,21501,0.03,10, -, -
BLUECOAST, BE, 17-Aug-2020,4.5,4.5,4.7,4.5, 4.70,4.7,4.58,1525,0.07,6, -, -
BLUEDART, EQ, 17-Aug-2020,1908.9,1924.95,1924.95,1873.05, 1889.75,1885.6,1886.94,26827,506.21,3510, 14936, 55.68
BLUESTARCO, EQ, 17-Aug-2020,541.25,545.9,553.05,540.05, 551.00,550.3,546.14,104418,570.27,5562, 59993, 57.45
BODALCHEM, EQ, 17-Aug-2020,75.2,71.0,75.0,71.0, 72.90,72.9,73.13,1083789,792.62,5810, 477223, 44.03
BOMDYEING, EQ, 17-Aug-2020,67.75,68.65,69.85,66.75, 69.00,69.15,68.62,3226538,2214.03,14795, 637475, 19.76
BOROLTD, BE, 17-Aug-2020,152.35,144.75,150.5,144.75, 144.75,144.75,145.43,101413,147.48,818, -, -
BORORENEW, EQ, 17-Aug-2020,78.2,78.4,78.4,76.25, 77.20,77.1,77.09,100569,77.53,1197, 66024, 65.65
BOSCHLTD, EQ, 17-Aug-2020,13705.15,13800.0,13993.8,13475.0, 13961.10,13895.1,13818.78,61158,8451.29,16661, 6913, 11.30
BPCL, EQ, 17-Aug-2020,413.25,418.8,418.8,403.1, 407.95,407.9,408.31,11424867,46649.1,137116, 2968889, 25.99
BPL, BE, 17-Aug-2020,20.85,21.4,21.4,19.9, 20.80,20.75,20.44,56532,11.55,173, -, -
BRFL, BE, 17-Aug-2020,8.75,8.85,9.15,8.5, 9.15,9.15,9.12,212333,19.36,238, -, -
BRIGADE, EQ, 17-Aug-2020,149.4,152.9,152.9,148.25, 150.65,151.15,150.87,324111,489.0,5941, 166940, 51.51
BRIGHT, SM, 17-Aug-2020,9.65,9.2,9.2,9.2, 9.20,9.2,9.2,3000,0.28,1, 3000, 100.00
BRITANNIA, EQ, 17-Aug-2020,3801.35,3830.0,3895.0,3802.0, 3879.95,3868.65,3846.82,987819,37999.58,51397, 312858, 31.67
BRITANNIA, N2, 17-Aug-2020,33.64,33.49,34.0,33.49, 33.54,33.66,33.58,5186,1.74,72, 4867, 93.85
BRNL, EQ, 17-Aug-2020,34.8,36.0,36.8,35.0, 36.10,36.0,36.06,36214,13.06,389, 29778, 82.23
BROOKS, BE, 17-Aug-2020,38.85,39.95,39.95,36.95, 37.70,38.0,37.42,25898,9.69,188, -, -
BSE, EQ, 17-Aug-2020,489.85,493.0,493.95,481.55, 486.60,488.05,486.37,180958,880.13,8611, 92320, 51.02
BSELINFRA, BE, 17-Aug-2020,1.25,1.3,1.3,1.2, 1.25,1.25,1.25,18270,0.23,34, -, -
BSHSL, SM, 17-Aug-2020,109.6,121.0,121.0,109.5, 109.50,109.5,113.33,3600,4.08,2, 3600, 100.00
BSL, EQ, 17-Aug-2020,25.1,26.4,26.4,23.1, 25.50,25.6,24.72,11844,2.93,192, 5757, 48.61
BSLGOLDETF, EQ, 17-Aug-2020,4836.95,4832.0,4873.0,4829.0, 4832.15,4839.85,4844.5,224,10.85,91, 149, 66.52
BSLNIFTY, EQ, 17-Aug-2020,123.56,123.6,124.48,121.56, 124.48,123.6,124.03,138,0.17,15, 78, 56.52
BSOFT, EQ, 17-Aug-2020,151.95,154.0,154.45,148.75, 150.00,150.15,150.37,1797940,2703.52,27875, 809806, 45.04
BURNPUR, BE, 17-Aug-2020,1.45,1.5,1.5,1.4, 1.45,1.45,1.49,62640,0.93,78, -, -
BUTTERFLY, EQ, 17-Aug-2020,126.7,127.0,139.85,124.4, 137.00,137.4,135.34,433794,587.1,6952, 171767, 39.60
BVCL, BE, 17-Aug-2020,13.6,13.2,14.25,13.2, 13.50,14.05,14.03,13220,1.86,26, -, -
BYKE, EQ, 17-Aug-2020,15.2,15.5,16.35,15.0, 15.40,15.55,15.76,320915,50.59,641, 114933, 35.81
CADILAHC, EQ, 17-Aug-2020,395.45,399.15,402.55,390.85, 397.40,397.5,396.12,4306535,17058.93,39086, 752571, 17.48
CADSYS, SM, 17-Aug-2020,22.25,23.35,23.35,23.35, 23.35,23.35,23.35,4000,0.93,2, 4000, 100.00
CALSOFT, EQ, 17-Aug-2020,8.7,9.1,9.1,8.5, 8.75,8.7,8.72,8575,0.75,71, 6160, 71.84
CAMLINFINE, EQ, 17-Aug-2020,87.4,87.0,90.0,83.05, 86.70,86.8,85.91,641440,551.06,5077, 375672, 58.57
CANBK, EQ, 17-Aug-2020,101.3,101.9,101.9,98.9, 100.10,100.05,99.83,10210598,10193.56,51783, 2355237, 23.07
CANDC, BZ, 17-Aug-2020,2.2,2.3,2.3,2.3, 2.30,2.3,2.3,3858,0.09,13, -, -
CANFINHOME, EQ, 17-Aug-2020,373.0,376.5,376.75,367.8, 369.80,368.6,371.09,235127,872.54,7309, 107773, 45.84
CANTABIL, EQ, 17-Aug-2020,307.6,305.0,305.0,291.15, 295.50,295.2,301.1,138406,416.74,2871, 40856, 29.52
CAPACITE, EQ, 17-Aug-2020,119.7,121.8,125.95,121.75, 124.30,123.8,123.78,244474,302.61,7049, 157452, 64.40
CAPLIPOINT, EQ, 17-Aug-2020,547.3,555.0,555.0,534.0, 538.80,538.7,539.7,352648,1903.24,12734, 125139, 35.49
CAPTRUST, EQ, 17-Aug-2020,69.65,74.95,74.95,68.8, 70.00,69.45,69.75,11820,8.24,191, 7905, 66.88
CARBORUNIV, EQ, 17-Aug-2020,253.4,254.0,256.05,250.5, 251.40,252.05,253.2,70549,178.63,1611, 38993, 55.27
CAREERP, EQ, 17-Aug-2020,136.45,136.65,138.75,132.15, 133.50,133.65,135.02,21223,28.65,719, 15091, 71.11
CARERATING, EQ, 17-Aug-2020,405.85,406.25,409.75,399.25, 400.00,399.95,401.16,68722,275.68,2616, 51812, 75.39
CASTEXTECH, BE, 17-Aug-2020,0.45,0.4,0.5,0.4, 0.50,0.5,0.44,255017,1.12,103, -, -
CASTROLIND, EQ, 17-Aug-2020,122.05,122.95,122.95,120.55, 122.00,122.05,121.67,566906,689.78,5418, 342258, 60.37
CCCL, EQ, 17-Aug-2020,0.5,0.55,0.55,0.55, 0.55,0.55,0.55,434147,2.39,48, 434147, 100.00
CCHHL, BE, 17-Aug-2020,3.15,3.3,3.3,3.0, 3.15,3.2,3.1,59097,1.83,92, -, -
CCL, EQ, 17-Aug-2020,254.35,255.1,260.7,252.15, 253.00,253.9,255.82,368628,943.02,8452, 270186, 73.30
CDSL, EQ, 17-Aug-2020,364.65,365.25,372.95,360.95, 369.05,368.25,368.47,1285980,4738.51,22852, 443812, 34.51
CEATLTD, EQ, 17-Aug-2020,878.0,879.0,884.95,861.0, 870.00,867.7,872.66,56160,490.08,3722, 16964, 30.21
CEBBCO, EQ, 17-Aug-2020,12.8,12.65,13.05,12.6, 13.00,13.0,12.91,9751,1.26,115, 7972, 81.76
CELEBRITY, EQ, 17-Aug-2020,4.6,4.6,4.8,4.25, 4.70,4.6,4.64,72031,3.34,156, 37030, 51.41
CENTENKA, EQ, 17-Aug-2020,166.8,168.75,168.75,163.2, 163.75,164.35,165.32,17583,29.07,483, 9879, 56.18
CENTEXT, EQ, 17-Aug-2020,4.45,4.3,4.4,4.25, 4.25,4.25,4.26,74025,3.15,130, 64025, 86.49
CENTRALBK, EQ, 17-Aug-2020,17.65,17.65,17.85,17.5, 17.75,17.6,17.62,600842,105.88,1700, 308032, 51.27
CENTRUM, EQ, 17-Aug-2020,13.95,14.25,14.3,13.55, 13.80,13.8,13.9,202652,28.16,727, 157269, 77.61
CENTUM, EQ, 17-Aug-2020,357.0,369.0,369.0,348.0, 352.00,350.55,354.96,12626,44.82,771, 6933, 54.91
CENTURYPLY, EQ, 17-Aug-2020,131.55,133.0,136.3,131.85, 133.85,133.6,133.14,309787,412.46,5887, 94938, 30.65
CENTURYTEX, EQ, 17-Aug-2020,311.65,314.0,319.5,307.05, 314.40,312.65,314.06,1773446,5569.75,25169, 284147, 16.02
CERA, EQ, 17-Aug-2020,2380.55,2420.0,2420.0,2365.05, 2370.00,2369.55,2390.01,1040,24.86,282, 650, 62.50
CEREBRAINT, EQ, 17-Aug-2020,27.35,27.1,27.95,27.1, 27.55,27.5,27.6,33052,9.12,218, 20959, 63.41
CESC, EQ, 17-Aug-2020,595.35,602.35,602.35,587.95, 593.70,595.35,594.64,118651,705.55,3698, 35543, 29.96
CESCVENT, EQ, 17-Aug-2020,219.9,221.0,239.85,220.5, 233.00,231.85,232.63,613249,1426.6,10904, 174125, 28.39
CGCL, EQ, 17-Aug-2020,202.75,202.75,216.9,197.65, 209.20,206.75,209.83,235503,494.17,7274, 67148, 28.51
CGPOWER, EQ, 17-Aug-2020,13.3,13.95,13.95,13.5, 13.95,13.95,13.94,31028812,4325.06,5558, 24630734, 79.38
CHALET, EQ, 17-Aug-2020,140.7,141.0,143.35,133.7, 135.50,135.55,136.43,281057,383.44,4042, 171470, 61.01
CHAMBLFERT, EQ, 17-Aug-2020,153.05,153.95,154.0,151.6, 152.70,152.75,152.94,398552,609.53,6213, 216825, 54.40
CHEMBOND, EQ, 17-Aug-2020,156.45,164.1,164.1,153.7, 154.85,154.35,156.53,25503,39.92,831, 18929, 74.22
CHEMFAB, EQ, 17-Aug-2020,138.6,137.0,138.9,136.45, 138.90,138.15,137.19,2294,3.15,71, 1936, 84.39
CHENNPETRO, EQ, 17-Aug-2020,79.45,80.2,80.6,79.3, 79.95,79.8,79.85,423497,338.15,4991, 211337, 49.90
CHOLAFIN, EQ, 17-Aug-2020,218.1,221.0,222.4,210.35, 212.85,212.3,215.17,6112589,13152.44,51968, 1256834, 20.56
CHOLAHLDNG, EQ, 17-Aug-2020,379.95,382.45,392.0,374.1, 377.95,376.85,379.74,50387,191.34,2148, 36120, 71.69
CHROMATIC, BE, 17-Aug-2020,1.05,1.0,1.1,1.0, 1.00,1.0,1.01,60031,0.61,63, -, -
CIGNITITEC, EQ, 17-Aug-2020,282.05,286.0,286.0,275.95, 280.00,278.65,278.8,18146,50.59,811, 12096, 66.66
CIMMCO, EQ, 17-Aug-2020,23.1,23.85,24.6,22.9, 24.55,24.1,23.61,218332,51.55,962, 156216, 71.55
CINELINE, EQ, 17-Aug-2020,27.05,27.95,27.95,26.15, 27.00,27.05,27.0,50679,13.68,361, 32293, 63.72
CINEVISTA, EQ, 17-Aug-2020,7.5,7.85,7.85,7.25, 7.75,7.35,7.52,27401,2.06,142, 22021, 80.37
CIPLA, EQ, 17-Aug-2020,771.8,779.0,781.0,765.5, 771.75,771.65,772.13,6145819,47453.83,92178, 826553, 13.45
CKFSL, BZ, 17-Aug-2020,0.7,0.7,0.75,0.65, 0.70,0.7,0.72,72391,0.52,48, -, -
CLEDUCATE, EQ, 17-Aug-2020,46.05,46.5,47.9,44.95, 46.95,46.75,46.62,46373,21.62,840, 18666, 40.25
CLNINDIA, EQ, 17-Aug-2020,404.25,399.0,399.05,382.0, 388.45,388.3,387.79,103593,401.73,4452, 47234, 45.60
CMICABLES, EQ, 17-Aug-2020,34.0,36.4,36.4,34.1, 35.50,35.1,34.96,29132,10.18,429, 17084, 58.64
CNOVAPETRO, BE, 17-Aug-2020,6.15,6.25,6.25,6.0, 6.00,6.0,6.25,102,0.01,4, -, -
COALINDIA, EQ, 17-Aug-2020,131.85,133.5,137.0,132.35, 135.95,136.0,134.97,23263429,31397.67,129232, 5546239, 23.84
COCHINSHIP, EQ, 17-Aug-2020,338.05,342.9,342.9,335.5, 338.85,337.75,338.29,123862,419.01,3324, 61502, 49.65
COFFEEDAY, BZ, 17-Aug-2020,23.95,25.1,25.1,24.0, 25.10,25.1,24.94,844917,210.7,1686, -, -
COLPAL, EQ, 17-Aug-2020,1411.15,1420.0,1426.8,1402.25, 1423.00,1421.25,1416.41,512659,7261.35,16171, 167597, 32.69
COMPINFO, EQ, 17-Aug-2020,12.55,11.7,11.95,11.3, 11.60,11.45,11.42,369075,42.16,720, 204184, 55.32
COMPUSOFT, BE, 17-Aug-2020,8.0,8.15,8.25,7.95, 8.25,8.25,8.1,26661,2.16,161, -, -
CONCOR, EQ, 17-Aug-2020,379.6,383.0,388.6,376.5, 386.20,385.75,382.8,5391429,20638.23,72256, 1296970, 24.06
CONFIPET, EQ, 17-Aug-2020,19.2,19.4,20.0,19.1, 19.95,19.8,19.6,334100,65.48,868, 274131, 82.05
CONSOFINVT, EQ, 17-Aug-2020,27.0,27.0,29.5,26.55, 28.10,28.1,27.51,3000,0.83,34, 850, 28.33
CONTI, SM, 17-Aug-2020,7.55,7.55,7.55,7.2, 7.20,7.2,7.25,23331,1.69,7, 19998, 85.71
CONTROLPR, EQ, 17-Aug-2020,210.7,214.7,217.9,210.0, 212.10,212.8,213.71,8664,18.52,326, 3583, 41.36
CORALFINAC, EQ, 17-Aug-2020,19.05,19.8,19.8,19.05, 19.55,19.5,19.5,8515,1.66,40, 7962, 93.51
CORDSCABLE, EQ, 17-Aug-2020,45.0,45.9,52.3,45.0, 46.15,46.05,48.66,1113327,541.78,8213, 318778, 28.63
COROMANDEL, EQ, 17-Aug-2020,752.1,755.9,760.0,725.55, 728.00,728.25,735.68,464744,3419.04,31637, 305579, 65.75
COSMOFILMS, EQ, 17-Aug-2020,438.75,450.95,457.8,440.0, 446.25,444.7,448.5,131155,588.22,3883, 53074, 40.47
COUNCODOS, EQ, 17-Aug-2020,1.35,1.4,1.4,1.3, 1.35,1.3,1.36,32277,0.44,74, 28861, 89.42
COX&KINGS, BZ, 17-Aug-2020,1.45,1.4,1.5,1.4, 1.45,1.45,1.44,903912,13.03,256, -, -
CPSEETF, EQ, 17-Aug-2020,17.83,17.89,18.48,17.36, 18.36,18.36,18.21,3096991,563.9,25053, 2634915, 85.08
CREATIVE, EQ, 17-Aug-2020,105.1,105.25,109.7,104.85, 105.40,105.4,106.14,14754,15.66,107, 2070, 14.03
CREATIVEYE, BE, 17-Aug-2020,1.4,1.4,1.45,1.4, 1.45,1.45,1.41,6368,0.09,10, -, -
CREDITACC, EQ, 17-Aug-2020,591.6,604.0,604.0,575.5, 588.00,588.3,588.25,64232,377.85,2611, 38233, 59.52
CREST, EQ, 17-Aug-2020,84.3,84.3,84.75,80.3, 80.65,81.15,81.47,4489,3.66,268, 3042, 67.77
CRISIL, EQ, 17-Aug-2020,1722.6,1723.3,1740.0,1710.05, 1723.95,1718.55,1724.16,6121,105.54,1188, 3761, 61.44
CROMPTON, EQ, 17-Aug-2020,250.45,251.95,255.95,249.35, 253.00,252.45,253.33,668908,1694.56,67022, 447094, 66.84
CSBBANK, EQ, 17-Aug-2020,191.55,194.5,194.5,192.0, 193.55,193.5,193.32,50152,96.96,1004, 27327, 54.49
CTE, EQ, 17-Aug-2020,21.4,21.8,22.95,20.4, 22.25,21.95,21.61,17618,3.81,145, 14953, 84.87
CUB, EQ, 17-Aug-2020,121.35,123.0,124.9,121.1, 124.55,123.9,122.68,3956109,4853.45,87044, 3158543, 79.84
CUBEXTUB, EQ, 17-Aug-2020,12.35,11.9,12.9,11.5, 11.80,11.95,11.73,34760,4.08,216, 22469, 64.64
CUMMINSIND, EQ, 17-Aug-2020,448.8,448.0,458.25,436.0, 456.35,456.35,449.59,2599932,11688.95,47949, 314594, 12.10
CUPID, EQ, 17-Aug-2020,238.25,242.0,248.8,238.85, 247.70,247.05,244.77,86422,211.54,3179, 47705, 55.20
CYBERTECH, EQ, 17-Aug-2020,54.5,56.8,58.5,55.25, 56.30,56.3,56.95,190911,108.72,1964, 90324, 47.31
CYIENT, EQ, 17-Aug-2020,369.05,372.95,430.95,372.95, 407.00,406.35,403.45,2684917,10832.37,58754, 612642, 22.82
DAAWAT, EQ, 17-Aug-2020,57.95,58.5,58.5,55.25, 55.85,55.95,56.21,1601095,899.96,7464, 1043794, 65.19
DABUR, EQ, 17-Aug-2020,497.1,503.55,503.55,491.0, 495.70,495.55,496.4,2880081,14296.71,35102, 1026145, 35.63
DALBHARAT, EQ, 17-Aug-2020,778.8,787.0,795.0,757.2, 762.60,763.85,776.88,71897,558.56,6982, 43153, 60.02
DALMIASUG, EQ, 17-Aug-2020,135.05,139.0,139.9,135.05, 137.50,137.0,138.16,322266,445.24,3948, 137742, 42.74
DAMODARIND, EQ, 17-Aug-2020,25.8,26.3,27.75,25.25, 25.25,25.75,26.21,2735,0.72,33, 877, 32.07
DATAMATICS, EQ, 17-Aug-2020,62.15,64.6,64.65,61.7, 63.00,62.4,63.3,22956,14.53,368, 17672, 76.98
DBCORP, EQ, 17-Aug-2020,79.1,80.0,80.4,78.0, 79.80,79.2,78.87,123801,97.64,1298, 88824, 71.75
DBL, EQ, 17-Aug-2020,351.0,358.0,375.8,349.05, 373.00,367.1,358.48,1266639,4540.65,24609, 215854, 17.04
DBREALTY, EQ, 17-Aug-2020,7.25,7.5,7.6,7.2, 7.20,7.25,7.35,330800,24.32,665, 202942, 61.35
DBSTOCKBRO, EQ, 17-Aug-2020,11.7,11.5,11.5,11.3, 11.30,11.3,11.31,22,0.0,3, 22, 100.00
DCAL, EQ, 17-Aug-2020,185.75,191.25,191.25,181.05, 184.30,185.0,185.18,332322,615.38,9903, 151713, 45.65
DCBBANK, EQ, 17-Aug-2020,81.2,81.9,81.9,79.45, 79.70,79.6,79.98,946433,756.95,8227, 683801, 72.25
DCM, EQ, 17-Aug-2020,19.55,20.0,20.0,18.45, 18.95,18.75,19.03,26643,5.07,206, 22502, 84.46
DCMFINSERV, BE, 17-Aug-2020,1.35,1.4,1.4,1.3, 1.30,1.3,1.31,5861,0.08,13, -, -
DCMNVL, EQ, 17-Aug-2020,26.7,27.2,27.4,26.4, 27.20,26.6,26.83,13755,3.69,83, 9712, 70.61
DCMSHRIRAM, EQ, 17-Aug-2020,358.95,360.9,365.0,350.0, 354.75,355.1,358.9,36330,130.39,1795, 17105, 47.08
DCW, EQ, 17-Aug-2020,11.3,11.5,12.1,11.15, 12.10,11.95,11.68,588064,68.69,1371, 351876, 59.84
DECCANCE, EQ, 17-Aug-2020,272.25,279.0,294.15,276.0, 288.50,289.05,286.61,403539,1156.57,9786, 219297, 54.34
DEEPAKFERT, EQ, 17-Aug-2020,155.15,157.4,161.25,155.3, 158.10,158.6,158.12,916844,1449.67,10359, 242657, 26.47
DEEPAKNTR, EQ, 17-Aug-2020,585.7,590.0,615.2,582.0, 610.00,606.2,603.32,1388704,8378.34,42225, 546631, 39.36
DEEPIND, EQ, 17-Aug-2020,70.7,71.7,72.5,70.0, 70.05,70.75,71.09,52817,37.55,421, 41883, 79.30
DELTACORP, EQ, 17-Aug-2020,114.8,115.65,116.35,113.1, 114.80,114.95,114.92,1417709,1629.29,13100, 519225, 36.62
DELTAMAGNT, EQ, 17-Aug-2020,21.0,20.9,21.45,20.55, 21.00,21.0,20.91,2555,0.53,29, 1789, 70.02
DEN, EQ, 17-Aug-2020,81.95,82.8,83.35,81.05, 81.35,81.3,82.01,79400,65.12,1280, 46920, 59.09
DENORA, EQ, 17-Aug-2020,216.1,214.55,222.25,214.55, 215.30,216.4,217.24,5937,12.9,229, 4221, 71.10
DEVIT, SM, 17-Aug-2020,108.1,108.5,108.5,108.5, 108.50,108.5,108.5,1500,1.63,1, 1500, 100.00
DFMFOODS, EQ, 17-Aug-2020,236.45,242.0,244.35,236.5, 242.00,240.7,241.09,77047,185.75,2546, 58021, 75.31
DGCONTENT, BE, 17-Aug-2020,7.2,7.45,7.5,6.85, 7.40,7.4,7.2,56411,4.06,34, -, -
DHAMPURSUG, EQ, 17-Aug-2020,136.85,137.05,143.7,137.05, 141.60,141.5,141.2,1317595,1860.49,11059, 573530, 43.53
DHANBANK, EQ, 17-Aug-2020,12.65,12.65,12.7,12.35, 12.50,12.45,12.46,427119,53.21,1164, 343764, 80.48
DHANUKA, EQ, 17-Aug-2020,793.15,799.5,801.2,778.1, 788.70,783.75,789.19,36167,285.43,3386, 20070, 55.49
DHARSUGAR, BE, 17-Aug-2020,5.85,5.6,5.65,5.6, 5.60,5.6,5.6,1015,0.06,9, -, -
DHFL, EQ, 17-Aug-2020,14.3,14.4,14.4,13.95, 14.00,14.0,14.04,1290503,181.23,2139, 765131, 59.29
DHFL, N6, 17-Aug-2020,302.1,336.06,336.06,300.0, 300.00,300.0,300.24,181,0.54,6, 180, 99.45
DHFL, NA, 17-Aug-2020,330.0,330.0,330.0,330.0, 330.00,330.0,330.0,50,0.17,1, 50, 100.00
DHFL, NC, 17-Aug-2020,334.3,335.0,335.0,331.0, 331.00,331.0,331.19,210,0.7,2, 210, 100.00
DHFL, NN, 17-Aug-2020,320.0,310.0,352.0,310.0, 340.00,333.37,332.21,647,2.15,13, 431, 66.62
DHFL, NP, 17-Aug-2020,334.53,325.0,340.0,325.0, 340.00,340.0,333.0,858,2.86,15, 758, 88.34
DHFL, NQ, 17-Aug-2020,318.0,320.0,339.99,320.0, 339.99,339.99,323.06,510,1.65,10, 510, 100.00
DHFL, NS, 17-Aug-2020,320.0,320.0,331.0,300.0, 320.00,320.04,321.5,869,2.79,17, 659, 75.83
DHFL, NU, 17-Aug-2020,296.4,237.3,302.8,237.3, 302.80,302.8,270.05,200,0.54,4, 100, 50.00
DHFL, NX, 17-Aug-2020,320.0,330.0,335.0,309.8, 325.00,319.3,333.27,423,1.41,5, 407, 96.22
DHUNINV, EQ, 17-Aug-2020,222.4,225.0,229.0,213.0, 223.20,223.7,222.69,3125,6.96,422, 1476, 47.23
DIAMONDYD, EQ, 17-Aug-2020,563.9,570.0,591.0,566.0, 575.00,571.45,575.94,7980,45.96,429, 5816, 72.88
DIAPOWER, BZ, 17-Aug-2020,0.6,0.6,0.65,0.6, 0.65,0.65,0.64,33735,0.22,22, -, -
DICIND, EQ, 17-Aug-2020,370.25,386.0,386.0,368.05, 384.00,380.85,376.37,6507,24.49,512, 4610, 70.85
DIGISPICE, BE, 17-Aug-2020,6.55,6.85,6.85,6.25, 6.45,6.85,6.72,23503,1.58,56, -, -
DIGJAMLTD, BZ, 17-Aug-2020,3.5,3.55,3.55,3.35, 3.35,3.35,3.38,90144,3.05,69, -, -
DISHTV, EQ, 17-Aug-2020,7.95,8.1,8.65,7.95, 8.15,8.2,8.32,8686603,723.02,10817, 6237352, 71.80
DIVISLAB, EQ, 17-Aug-2020,3089.8,3120.0,3139.0,3071.35, 3134.20,3129.55,3113.49,1194516,37191.12,84305, 328385, 27.49
DIXON, EQ, 17-Aug-2020,7939.4,8002.95,8038.65,7740.9, 7810.00,7815.6,7830.86,52809,4135.4,16758, 30262, 57.30
DLF, EQ, 17-Aug-2020,142.45,144.5,147.5,141.7, 146.80,147.15,145.25,8642516,12553.3,47515, 1377564, 15.94
DLINKINDIA, EQ, 17-Aug-2020,101.8,104.0,107.0,103.25, 105.55,105.75,105.47,402561,424.59,4907, 135859, 33.75
DMART, EQ, 17-Aug-2020,2178.0,2181.0,2203.75,2160.0, 2193.55,2189.75,2180.49,272840,5949.24,21001, 135961, 49.83
DNAMEDIA, BE, 17-Aug-2020,0.55,0.55,0.6,0.5, 0.60,0.6,0.58,60271,0.35,72, -, -
DOLAT, EQ, 17-Aug-2020,55.2,55.25,56.15,54.0, 55.60,55.65,54.86,63173,34.66,780, 33686, 53.32
DOLLAR, EQ, 17-Aug-2020,141.55,142.9,146.0,139.7, 142.00,143.75,142.37,242784,345.66,3371, 129238, 53.23
DONEAR, EQ, 17-Aug-2020,28.1,28.5,30.8,28.1, 29.90,29.9,30.01,401516,120.51,1998, 185655, 46.24
DPABHUSHAN, SM, 17-Aug-2020,72.0,69.25,71.75,63.0, 71.10,71.1,67.83,40000,27.13,9, 28000, 70.00
DPSCLTD, EQ, 17-Aug-2020,11.9,12.3,12.45,11.5, 12.20,12.15,12.14,53816,6.53,173, 37258, 69.23
DPWIRES, BE, 17-Aug-2020,55.45,55.0,58.0,55.0, 57.85,56.4,56.41,1375,0.78,23, -, -
DQE, BE, 17-Aug-2020,1.3,1.25,1.25,1.25, 1.25,1.25,1.25,73223,0.92,51, -, -
DREDGECORP, EQ, 17-Aug-2020,260.6,261.85,270.8,260.9, 266.50,266.7,265.84,136030,361.62,3694, 42095, 30.95
DRREDDY, EQ, 17-Aug-2020,4519.4,4519.45,4570.0,4500.2, 4519.00,4519.15,4528.86,677666,30690.52,43377, 130117, 19.20
DRSDILIP, SM, 17-Aug-2020,74.2,74.0,74.5,74.0, 74.50,74.5,74.03,28800,21.32,2, 28800, 100.00
DSML, SM, 17-Aug-2020,8.3,8.7,8.7,8.7, 8.70,8.7,8.7,6000,0.52,1, 6000, 100.00
DSSL, EQ, 17-Aug-2020,23.45,25.75,25.75,24.25, 24.90,24.6,24.93,21836,5.44,266, 11072, 50.71
DTIL, EQ, 17-Aug-2020,223.9,232.0,240.0,227.25, 235.00,235.55,236.02,33771,79.71,1354, 20699, 61.29
DUCON, EQ, 17-Aug-2020,3.95,4.0,4.0,3.85, 3.95,3.95,3.94,27581,1.09,68, 22889, 82.99
DVL, EQ, 17-Aug-2020,54.6,54.8,56.1,54.75, 55.60,55.5,55.32,9097,5.03,84, 8132, 89.39
DWARKESH, EQ, 17-Aug-2020,28.55,28.7,30.15,28.5, 29.70,29.6,29.47,1499755,442.05,4332, 711511, 47.44
DYNAMATECH, EQ, 17-Aug-2020,733.95,770.6,770.6,760.6, 770.60,770.6,770.42,56623,436.24,1218, 43705, 77.19
DYNPRO, EQ, 17-Aug-2020,211.05,211.0,212.95,202.1, 207.60,208.4,207.71,126682,263.14,3586, 46292, 36.54
EASTSILK, BE, 17-Aug-2020,1.15,1.1,1.2,1.1, 1.20,1.2,1.17,67385,0.79,35, -, -
EASUNREYRL, BZ, 17-Aug-2020,3.6,3.6,3.75,3.5, 3.60,3.6,3.68,2420,0.09,11, -, -
EBANK, EQ, 17-Aug-2020,2440.0,2460.0,2460.0,2460.0, 2460.00,2460.0,2460.0,1,0.02,1, 1, 100.00
EBBETF0423, EQ, 17-Aug-2020,1079.77,1079.55,1081.0,1078.6, 1080.99,1080.78,1079.66,15086,162.88,155, 9119, 60.45
EBBETF0425, EQ, 17-Aug-2020,1001.34,1001.0,1001.95,1000.0, 1001.06,1000.99,1000.96,4390,43.94,81, 4387, 99.93
EBBETF0430, EQ, 17-Aug-2020,1102.34,1106.0,1106.0,1100.0, 1102.01,1102.01,1101.86,8387,92.41,144, 7659, 91.32
EBBETF0431, EQ, 17-Aug-2020,994.78,995.05,995.99,993.33, 994.55,994.97,994.87,13149,130.82,132, 12176, 92.60
EBIXFOREX, EQ, 17-Aug-2020,512.8,509.95,519.4,490.2, 513.70,514.45,507.29,2317,11.75,730, 1122, 48.42
EC2RG, MF, 17-Aug-2020,4.7,4.71,4.71,4.71, 4.71,4.71,4.71,5000,0.24,1, 5000, 100.00
ECLERX, EQ, 17-Aug-2020,675.95,676.15,727.0,657.1, 713.55,715.1,704.5,621815,4380.71,34198, 206905, 33.27
ECLFINANCE, NE, 17-Aug-2020,1151.92,1145.0,1145.1,1145.0, 1145.00,1145.0,1145.02,60,0.69,4, 60, 100.00
ECLFINANCE, NF, 17-Aug-2020,956.94,955.0,955.0,945.0, 950.00,946.72,947.79,2288,21.69,59, 2223, 97.16
ECLFINANCE, NG, 17-Aug-2020,890.15,900.0,900.0,890.0, 890.00,890.0,894.1,375,3.35,14, 375, 100.00
ECLFINANCE, NI, 17-Aug-2020,865.0,875.0,880.0,875.0, 880.00,880.0,878.93,95,0.83,5, 95, 100.00
ECLFINANCE, NJ, 17-Aug-2020,885.0,879.0,879.0,870.01, 877.00,872.19,873.8,49,0.43,7, 49, 100.00
ECLFINANCE, NK, 17-Aug-2020,789.0,789.0,799.0,789.0, 790.00,790.0,790.7,303,2.4,7, 303, 100.00
ECLFINANCE, NM, 17-Aug-2020,985.0,941.1,980.0,941.1, 980.00,975.62,955.21,428,4.09,13, 250, 58.41
ECLFINANCE, NN, 17-Aug-2020,1080.0,1059.99,1079.99,1059.99, 1079.99,1079.99,1060.86,23,0.24,4, 23, 100.00
ECLFINANCE, NO, 17-Aug-2020,928.56,940.0,940.0,925.0, 925.00,925.0,928.25,168,1.56,6, 143, 85.12
ECLFINANCE, NQ, 17-Aug-2020,1019.0,1029.99,1029.99,985.0, 985.00,985.0,989.09,11,0.11,2, 11, 100.00
ECLFINANCE, NR, 17-Aug-2020,920.3,918.01,932.0,918.01, 932.00,928.72,926.34,341,3.16,16, 331, 97.07
ECLFINANCE, NS, 17-Aug-2020,949.59,950.0,950.0,933.0, 933.00,933.3,943.31,755,7.12,34, 755, 100.00
EDELWEISS, EQ, 17-Aug-2020,76.0,76.05,77.0,75.0, 75.05,75.15,75.38,315009,237.46,3855, 218656, 69.41
EDUCOMP, BZ, 17-Aug-2020,3.3,3.45,3.45,3.45, 3.45,3.45,3.45,105748,3.65,61, -, -
EHFLNCD, N5, 17-Aug-2020,912.5,900.0,950.0,900.0, 950.00,950.0,933.79,100,0.93,5, 100, 100.00
EHFLNCD, N6, 17-Aug-2020,748.96,748.96,769.85,748.96, 769.00,769.0,760.43,697,5.3,23, 687, 98.57
EICHERMOT, EQ, 17-Aug-2020,20144.15,20472.0,21340.1,20144.15, 21110.00,21134.7,20937.7,653394,136805.68,142611, 61891, 9.47
EIDPARRY, EQ, 17-Aug-2020,281.45,283.4,283.65,272.0, 273.15,272.75,276.24,350241,967.5,7847, 180012, 51.40
EIFFL, SM, 17-Aug-2020,91.8,91.5,92.5,91.5, 92.50,92.5,91.92,8800,8.09,8, 8800, 100.00
EIHAHOTELS, EQ, 17-Aug-2020,261.2,266.9,270.0,258.0, 262.65,263.6,264.03,27462,72.51,1495, 7685, 27.98
EIHOTEL, EQ, 17-Aug-2020,75.2,79.0,81.25,77.25, 78.90,78.9,79.04,3042570,2404.8,17395, 1472530, 48.40
EIMCOELECO, EQ, 17-Aug-2020,330.25,347.45,347.45,322.05, 326.10,326.1,327.3,894,2.93,116, 506, 56.60
EKC, EQ, 17-Aug-2020,22.95,23.95,24.8,23.05, 24.60,24.5,24.25,177782,43.12,648, 152493, 85.78
ELECON, EQ, 17-Aug-2020,27.45,27.5,28.4,27.45, 27.90,27.8,27.82,139724,38.87,1039, 90670, 64.89
ELECTCAST, EQ, 17-Aug-2020,15.55,15.95,15.95,15.1, 15.45,15.45,15.44,281053,43.4,872, 182349, 64.88
ELECTHERM, EQ, 17-Aug-2020,119.45,120.1,122.6,116.0, 119.00,118.15,118.54,75787,89.83,1178, 41406, 54.63
ELGIEQUIP, EQ, 17-Aug-2020,247.9,238.0,246.0,223.15, 238.55,240.2,235.7,548344,1292.46,11634, 261359, 47.66
ELGIRUBCO, BE, 17-Aug-2020,16.65,17.45,17.45,16.7, 17.45,17.35,17.25,30960,5.34,134, -, -
EMAMILTD, EQ, 17-Aug-2020,327.45,329.9,355.8,322.0, 351.95,352.0,347.09,1427205,4953.68,44584, 791034, 55.43
EMAMIPAP, EQ, 17-Aug-2020,73.25,75.8,75.8,72.2, 75.00,74.4,74.51,6445,4.8,140, 5038, 78.17
EMAMIREAL, EQ, 17-Aug-2020,40.0,40.9,41.9,40.0, 40.00,40.55,40.82,23555,9.62,381, 16062, 68.19
EMBASSY, RR, 17-Aug-2020,367.85,370.7,372.95,368.0, 370.44,369.53,369.75,47800,176.74,129, 39400, 82.43
EMCO, BZ, 17-Aug-2020,1.45,1.45,1.5,1.4, 1.50,1.45,1.43,38214,0.55,62, -, -
EMKAY, EQ, 17-Aug-2020,51.5,51.0,51.0,49.0, 49.50,49.85,50.07,24773,12.4,273, 18508, 74.71
EMKAYTOOLS, SM, 17-Aug-2020,63.0,63.25,64.0,63.25, 63.30,63.3,63.67,21600,13.75,10, 21600, 100.00
EMMBI, EQ, 17-Aug-2020,75.95,75.0,80.0,75.0, 79.70,79.75,78.38,8864,6.95,267, 6179, 69.71
EMOFSR1RDP, MF, 17-Aug-2020,9.3,9.16,9.35,9.0, 9.30,9.3,9.08,21448,1.95,7, 21448, 100.00
EMOFSR1RGG, MF, 17-Aug-2020,9.31,9.31,9.35,9.03, 9.35,9.35,9.22,19866,1.83,12, 19866, 100.00
ENDURANCE, EQ, 17-Aug-2020,960.25,960.25,997.0,955.2, 995.00,989.45,974.99,60459,589.47,4288, 37179, 61.49
ENERGYDEV, EQ, 17-Aug-2020,6.45,6.6,6.75,6.3, 6.55,6.7,6.59,25545,1.68,108, 22610, 88.51
ENGINERSIN, EQ, 17-Aug-2020,67.85,69.0,69.8,67.4, 68.30,68.35,68.54,5125826,3513.39,22668, 2569346, 50.13
ENIL, EQ, 17-Aug-2020,140.7,149.55,154.75,145.45, 154.75,154.75,151.27,171621,259.6,2099, 118279, 68.92
EON, BZ, 17-Aug-2020,7.5,7.85,7.85,7.4, 7.55,7.55,7.72,3352,0.26,21, -, -
EQ30, EQ, 17-Aug-2020,330.0,330.0,330.0,310.08, 330.00,327.7,324.99,51,0.17,35, 18, 35.29
EQUITAS, EQ, 17-Aug-2020,52.75,53.2,53.7,52.05, 52.55,52.55,52.7,6365871,3354.92,17166, 1182310, 18.57
ERFLNCDI, N1, 17-Aug-2020,977.87,975.0,975.0,975.0, 975.00,975.0,975.0,310,3.02,13, 310, 100.00
ERFLNCDI, N4, 17-Aug-2020,900.0,840.4,899.99,840.4, 899.99,841.29,841.29,301,2.53,6, 201, 66.78
ERFLNCDI, N5, 17-Aug-2020,788.0,790.0,790.0,789.0, 790.00,789.7,789.78,54,0.43,4, 54, 100.00
ERIS, EQ, 17-Aug-2020,536.2,544.9,546.75,529.05, 531.60,530.65,535.23,70987,379.94,4103, 23894, 33.66
EROSMEDIA, EQ, 17-Aug-2020,24.55,23.15,26.0,23.0, 24.10,24.1,24.6,1148595,282.52,5094, 470199, 40.94
ESABINDIA, EQ, 17-Aug-2020,1372.35,1372.35,1372.35,1324.0, 1335.00,1338.05,1347.2,12421,167.34,1063, 8756, 70.49
ESCORTS, EQ, 17-Aug-2020,1100.65,1118.0,1159.55,1103.0, 1159.05,1152.65,1139.52,3412551,38886.6,83120, 458899, 13.45
ESSARSHPNG, EQ, 17-Aug-2020,11.15,11.15,11.5,10.4, 11.25,11.2,10.87,214882,23.35,831, 131591, 61.24
ESSELPACK, EQ, 17-Aug-2020,268.0,274.9,278.0,270.0, 273.00,273.5,273.72,121427,332.37,4784, 61075, 50.30
ESTER, EQ, 17-Aug-2020,65.15,67.45,68.4,67.05, 68.40,68.4,68.17,251856,171.69,863, 226067, 89.76
EUROCERA, BZ, 17-Aug-2020,1.0,1.05,1.05,1.05, 1.05,1.05,1.05,6841,0.07,5, -, -
EUROMULTI, BE, 17-Aug-2020,0.95,1.0,1.0,0.9, 1.00,1.0,0.99,10673,0.11,18, -, -
EVEREADY, EQ, 17-Aug-2020,142.7,143.1,145.6,140.2, 142.75,143.9,143.66,294933,423.71,3626, 127967, 43.39
EVERESTIND, EQ, 17-Aug-2020,225.9,227.95,230.35,223.0, 224.75,224.7,225.82,95997,216.78,3691, 30087, 31.34
EXCELINDUS, EQ, 17-Aug-2020,754.9,746.0,779.0,743.95, 778.00,774.95,765.21,43506,332.91,4330, 16322, 37.52
EXIDEIND, EQ, 17-Aug-2020,162.9,163.5,166.8,162.3, 164.25,164.3,164.64,2612002,4300.37,19526, 304119, 11.64
EXPLEOSOL, EQ, 17-Aug-2020,375.25,381.65,394.0,375.25, 393.90,392.5,385.19,36275,139.73,618, 33255, 91.67
FACT, EQ, 17-Aug-2020,48.5,48.3,49.5,48.3, 49.50,49.2,49.17,147525,72.54,971, 97311, 65.96
FAIRCHEM, EQ, 17-Aug-2020,681.8,689.0,696.95,660.15, 666.35,665.5,670.3,46754,313.39,2469, 31447, 67.26
FCL, EQ, 17-Aug-2020,32.1,32.1,33.3,32.1, 33.30,32.9,32.67,306803,100.24,1014, 194707, 63.46
FCONSUMER, EQ, 17-Aug-2020,11.15,11.15,11.25,10.6, 10.70,10.7,10.85,7588215,823.54,9521, 4499585, 59.30
FCSSOFT, BE, 17-Aug-2020,0.5,0.5,0.55,0.45, 0.50,0.5,0.51,2245042,11.35,856, -, -
FDC, EQ, 17-Aug-2020,323.7,323.7,329.9,321.0, 327.80,328.05,326.09,279562,911.62,12551, 122949, 43.98
FEDERALBNK, EQ, 17-Aug-2020,52.6,53.1,53.4,52.15, 53.10,52.85,52.63,17076269,8987.49,30698, 3965607, 23.22
FEL, EQ, 17-Aug-2020,16.55,16.8,17.0,16.05, 16.10,16.1,16.52,1046048,172.82,1432, 801936, 76.66
FELDVR, EQ, 17-Aug-2020,16.95,17.4,17.4,16.65, 16.70,16.85,16.84,44008,7.41,171, 26876, 61.07
FELIX, SM, 17-Aug-2020,25.2,26.35,26.35,26.35, 26.35,26.35,26.35,4000,1.05,1, 4000, 100.00
FIEMIND, EQ, 17-Aug-2020,495.7,500.75,522.6,500.0, 521.95,520.05,516.25,91580,472.78,5348, 39046, 42.64
FILATEX, EQ, 17-Aug-2020,25.5,25.5,25.7,25.1, 25.25,25.2,25.39,135474,34.4,380, 116509, 86.00
FILDF2GP, MF, 17-Aug-2020,0.45,0.41,0.41,0.41, 0.41,0.41,0.41,100,0.0,1, 100, 100.00
FINCABLES, EQ, 17-Aug-2020,279.8,289.5,290.6,281.75, 285.25,284.95,286.57,388006,1111.9,12687, 208324, 53.69
FINEORG, EQ, 17-Aug-2020,2272.0,2293.6,2294.95,2241.15, 2275.00,2270.4,2264.84,9991,226.28,2631, 5903, 59.08
FINPIPE, EQ, 17-Aug-2020,448.45,450.7,454.95,447.5, 450.40,450.25,450.06,126450,569.1,1065, 118351, 93.60
FLEXITUFF, BE, 17-Aug-2020,7.2,7.45,7.55,7.45, 7.50,7.5,7.51,22308,1.68,29, -, -
FLFL, EQ, 17-Aug-2020,117.05,118.0,121.05,118.0, 120.00,119.35,119.5,141847,169.51,1736, 109098, 76.91
FLUOROCHEM, EQ, 17-Aug-2020,458.65,461.0,476.0,461.0, 462.00,463.9,468.02,16652,77.94,1382, 10642, 63.91
FMGOETZE, EQ, 17-Aug-2020,375.4,380.0,395.0,376.2, 391.00,390.2,387.57,4776,18.51,316, 3415, 71.50
FMNL, EQ, 17-Aug-2020,22.55,22.4,23.0,21.75, 21.80,21.85,22.08,29948,6.61,203, 23287, 77.76
FOCUS, SM, 17-Aug-2020,23.75,24.9,24.9,22.7, 22.70,23.35,23.69,27000,6.4,9, 18000, 66.67
FORCEMOT, EQ, 17-Aug-2020,950.95,952.9,962.45,941.0, 945.00,945.2,949.96,16595,157.65,1562, 7326, 44.15
FORTIS, EQ, 17-Aug-2020,135.4,135.5,136.45,133.4, 135.85,135.45,134.68,1138431,1533.21,8038, 436330, 38.33
FOSECOIND, EQ, 17-Aug-2020,1166.05,1152.0,1234.0,1152.0, 1215.00,1217.15,1202.61,2937,35.32,284, 2063, 70.24
FOURTHDIM, SM, 17-Aug-2020,7.2,7.5,7.5,7.0, 7.05,7.05,7.1,6000,0.43,4, 6000, 100.00
FRETAIL, EQ, 17-Aug-2020,103.3,103.3,104.9,98.6, 100.70,100.05,101.8,3442146,3503.94,26533, 1928221, 56.02
FSC, EQ, 17-Aug-2020,136.95,137.1,141.0,136.45, 136.60,136.75,137.28,38505,52.86,753, 29733, 77.22
FSL, EQ, 17-Aug-2020,52.2,52.2,53.6,52.0, 52.85,52.95,52.87,2450768,1295.73,10074, 1245802, 50.83
GABRIEL, EQ, 17-Aug-2020,89.0,89.9,92.75,88.5, 91.30,91.25,90.86,153617,139.57,2817, 73509, 47.85
GAEL, EQ, 17-Aug-2020,183.05,190.0,191.1,181.1, 186.55,186.5,185.99,116571,216.81,2219, 71132, 61.02
GAIL, EQ, 17-Aug-2020,95.95,96.15,98.0,95.6, 97.70,97.65,96.94,11823777,11461.55,53667, 3657306, 30.93
GAL, BE, 17-Aug-2020,2.9,3.0,3.0,2.8, 2.95,2.95,2.92,24631,0.72,43, -, -
GALAXYSURF, EQ, 17-Aug-2020,1815.45,1875.0,1880.0,1815.5, 1851.50,1859.65,1847.99,35437,654.87,4275, 16007, 45.17
GALLANTT, EQ, 17-Aug-2020,31.35,31.3,33.5,30.6, 33.15,33.2,32.65,40374,13.18,422, 31732, 78.60
GALLISPAT, EQ, 17-Aug-2020,28.4,28.95,28.95,27.65, 28.20,28.25,28.3,6857,1.94,106, 5286, 77.09
GAMMNINFRA, BE, 17-Aug-2020,0.85,0.85,0.9,0.85, 0.85,0.85,0.87,1481854,12.84,369, -, -
GANDHITUBE, EQ, 17-Aug-2020,204.7,204.25,209.2,201.7, 207.00,206.9,205.56,1836,3.77,325, 1330, 72.44
GANECOS, EQ, 17-Aug-2020,224.4,228.95,265.9,225.1, 251.00,250.65,253.74,318328,807.73,8663, 115956, 36.43
GANESHHOUC, BE, 17-Aug-2020,24.45,24.45,25.0,23.7, 24.05,24.1,24.39,16713,4.08,83, -, -
GANGAFORGE, SM, 17-Aug-2020,12.9,13.4,13.4,13.4, 13.40,13.4,13.4,6000,0.8,1, 6000, 100.00
GANGESSECU, EQ, 17-Aug-2020,34.1,34.0,35.15,33.1, 34.90,34.35,34.35,1876,0.64,22, 1430, 76.23
GARDENSILK, BE, 17-Aug-2020,11.5,11.5,11.8,11.2, 11.65,11.5,11.44,7300,0.84,59, -, -
GARFIBRES, EQ, 17-Aug-2020,1851.85,1895.0,2000.0,1855.15, 1960.00,1973.2,1938.42,31583,612.21,3590, 18116, 57.36
GATI, EQ, 17-Aug-2020,43.7,44.15,45.75,43.3, 45.35,45.15,44.92,860901,386.73,4359, 356296, 41.39
GAYAHWS, BE, 17-Aug-2020,0.4,0.45,0.45,0.4, 0.45,0.45,0.43,453796,1.94,192, -, -
GAYAPROJ, BE, 17-Aug-2020,15.7,15.8,16.15,15.75, 15.95,16.05,16.04,223542,35.85,366, -, -
GBGLOBAL, BE, 17-Aug-2020,5.8,5.8,6.05,5.55, 6.05,6.0,5.84,4230,0.25,31, -, -
GDL, EQ, 17-Aug-2020,83.4,83.8,84.75,83.0, 83.70,83.55,83.87,54822,45.98,797, 28978, 52.86
GEECEE, EQ, 17-Aug-2020,71.1,71.6,74.0,70.7, 73.00,71.9,72.38,6960,5.04,342, 3503, 50.33
GEEKAYWIRE, EQ, 17-Aug-2020,89.85,102.0,102.0,88.35, 91.50,91.1,90.43,9665,8.74,86, 6424, 66.47
GENESYS, EQ, 17-Aug-2020,39.85,39.5,41.8,39.45, 41.45,41.2,40.88,19808,8.1,274, 15863, 80.08
GENUSPAPER, EQ, 17-Aug-2020,5.2,5.3,5.55,5.2, 5.50,5.5,5.41,234695,12.7,302, 186838, 79.61
GENUSPOWER, EQ, 17-Aug-2020,25.0,25.95,25.95,24.4, 25.00,24.85,25.03,145046,36.3,811, 95078, 65.55
GEOJITFSL, EQ, 17-Aug-2020,39.1,39.4,40.6,38.9, 39.35,39.05,39.36,268679,105.76,3106, 167204, 62.23
GEPIL, EQ, 17-Aug-2020,495.25,500.0,500.0,490.0, 493.90,492.2,493.14,12373,61.02,926, 7341, 59.33
GESHIP, EQ, 17-Aug-2020,259.4,261.0,265.2,260.75, 264.30,263.05,263.19,75985,199.99,4191, 39268, 51.68
GET&D, EQ, 17-Aug-2020,107.8,108.1,109.0,102.45, 102.45,102.45,103.61,203463,210.8,2602, 121398, 59.67
GFLLIMITED, EQ, 17-Aug-2020,90.6,92.7,92.7,89.1, 90.00,90.3,90.97,22305,20.29,425, 17950, 80.48
GFSTEELS, BE, 17-Aug-2020,3.05,3.2,3.2,3.05, 3.20,3.2,3.2,7589,0.24,16, -, -
GHCL, EQ, 17-Aug-2020,150.45,150.55,152.4,148.8, 151.80,151.8,150.75,110766,166.98,2785, 68076, 61.46
GICHSGFIN, EQ, 17-Aug-2020,96.75,97.45,98.2,96.05, 96.60,96.5,96.64,210724,203.65,2319, 121568, 57.69
GICRE, EQ, 17-Aug-2020,141.9,143.1,144.7,140.7, 141.00,140.95,141.64,289229,409.65,4977, 181520, 62.76
GILLANDERS, BE, 17-Aug-2020,29.15,29.2,30.6,28.5, 28.55,28.5,29.34,1781,0.52,16, -, -
GILLETTE, EQ, 17-Aug-2020,5050.65,5097.0,5199.0,5051.1, 5075.00,5074.65,5110.98,48394,2473.41,6402, 27441, 56.70
GINNIFILA, BE, 17-Aug-2020,12.2,12.8,12.8,11.65, 12.15,12.3,12.3,89503,11.01,228, -, -
GIPCL, EQ, 17-Aug-2020,75.55,75.9,78.4,75.65, 77.85,77.7,77.51,309207,239.67,3924, 174889, 56.56
GKWLIMITED, EQ, 17-Aug-2020,465.0,465.0,465.0,460.05, 461.05,461.05,460.89,35,0.16,6, 18, 51.43
GLAXO, EQ, 17-Aug-2020,1518.1,1522.05,1540.0,1488.35, 1508.00,1513.1,1514.39,35030,530.49,4155, 16594, 47.37
GLENMARK, EQ, 17-Aug-2020,475.7,495.0,509.0,476.6, 482.75,480.65,488.51,12602071,61562.7,182583, 2111450, 16.75
GLFL, BE, 17-Aug-2020,1.4,1.35,1.45,1.35, 1.45,1.45,1.4,1300,0.02,8, -, -
GLOBALVECT, EQ, 17-Aug-2020,58.4,58.9,59.45,55.2, 56.70,56.5,56.54,20904,11.82,439, 12173, 58.23
GLOBOFFS, BE, 17-Aug-2020,5.55,5.8,5.8,5.6, 5.80,5.8,5.78,9890,0.57,31, -, -
GLOBUSSPR, EQ, 17-Aug-2020,158.4,157.5,160.9,150.5, 156.00,157.75,154.61,259115,400.63,5682, 115577, 44.60
GMBREW, EQ, 17-Aug-2020,410.85,414.95,416.2,401.95, 402.15,402.9,406.64,32065,130.39,1881, 15794, 49.26
GMDCLTD, EQ, 17-Aug-2020,43.5,44.35,46.75,44.2, 46.00,45.7,45.8,8270918,3788.3,24946, 3114387, 37.65
GMMPFAUDLR, EQ, 17-Aug-2020,5780.95,5800.0,5900.0,5555.55, 5630.00,5624.95,5669.59,54944,3115.1,12923, 22646, 41.22
GMRINFRA, EQ, 17-Aug-2020,20.95,21.1,21.25,20.75, 20.95,20.9,21.0,6095556,1280.29,30285, 1976325, 32.42
GNA, EQ, 17-Aug-2020,200.75,203.15,209.95,198.0, 207.95,207.3,204.73,54435,111.44,1827, 20876, 38.35
GNFC, EQ, 17-Aug-2020,169.05,170.45,178.0,169.1, 177.00,176.8,174.98,2872725,5026.82,26272, 894741, 31.15
GOACARBON, EQ, 17-Aug-2020,213.85,218.55,222.7,213.95, 218.40,219.4,218.33,30116,65.75,1165, 9815, 32.59
GOCLCORP, EQ, 17-Aug-2020,171.2,176.0,179.9,172.15, 172.70,173.4,174.01,24824,43.2,316, 14685, 59.16
GODFRYPHLP, EQ, 17-Aug-2020,938.45,959.0,959.0,932.45, 940.00,940.5,946.59,38630,365.67,3446, 9638, 24.95
GODHA, SM, 17-Aug-2020,23.45,22.3,23.0,22.3, 23.00,23.0,22.65,8000,1.81,2, 4000, 50.00
GODREJAGRO, EQ, 17-Aug-2020,484.1,485.95,487.0,475.55, 483.45,482.2,481.45,217581,1047.54,5543, 111993, 51.47
GODREJCP, EQ, 17-Aug-2020,684.6,685.0,688.0,670.6, 682.40,681.65,677.0,1038068,7027.67,23963, 409261, 39.43
GODREJIND, EQ, 17-Aug-2020,372.75,379.8,385.95,373.95, 383.40,384.35,382.58,139059,532.01,3958, 100201, 72.06
GODREJPROP, EQ, 17-Aug-2020,861.7,869.5,892.0,867.0, 871.50,872.55,878.22,476395,4183.8,15889, 145212, 30.48
GOENKA, BZ, 17-Aug-2020,0.85,0.8,0.9,0.8, 0.90,0.9,0.83,712737,5.92,211, -, -
GOKEX, EQ, 17-Aug-2020,52.15,54.5,55.65,52.05, 54.25,54.25,54.49,205156,111.79,1606, 107267, 52.29
GOKUL, EQ, 17-Aug-2020,16.05,16.05,16.5,15.8, 16.00,16.05,16.05,11095,1.78,110, 7126, 64.23
GOKULAGRO, EQ, 17-Aug-2020,14.7,15.15,15.15,14.7, 14.80,14.95,14.87,9361,1.39,97, 6430, 68.69
GOLDBEES, EQ, 17-Aug-2020,46.32,46.32,46.45,45.96, 46.17,46.15,46.18,5561180,2568.33,12529, 3421542, 61.53
GOLDENTOBC, EQ, 17-Aug-2020,21.75,22.75,22.75,21.45, 22.00,22.45,22.3,4505,1.0,149, 3785, 84.02
GOLDIAM, EQ, 17-Aug-2020,115.9,116.8,116.8,114.0, 115.00,115.35,115.26,47663,54.94,1201, 24604, 51.62
GOLDSHARE, EQ, 17-Aug-2020,4781.95,4781.95,4809.9,4765.15, 4790.00,4778.0,4785.42,1678,80.3,450, 1047, 62.40
GOLDTECH, EQ, 17-Aug-2020,7.8,8.0,8.0,7.7, 8.00,7.95,7.93,32552,2.58,111, 26458, 81.28
GOODLUCK, EQ, 17-Aug-2020,40.1,40.45,40.8,39.5, 39.80,40.0,40.09,42387,16.99,513, 28235, 66.61
GPIL, EQ, 17-Aug-2020,278.9,292.3,292.8,285.0, 292.80,292.8,292.06,510836,1491.94,3638, 290634, 56.89
GPPL, EQ, 17-Aug-2020,79.3,80.3,81.55,79.5, 80.50,80.65,80.84,491153,397.06,6321, 263708, 53.69
GPTINFRA, EQ, 17-Aug-2020,27.35,28.6,28.6,27.6, 27.65,27.8,27.87,35824,9.98,238, 22192, 61.95
GRANULES, EQ, 17-Aug-2020,306.9,309.7,313.9,306.0, 309.50,309.4,309.85,1641894,5087.45,22515, 523068, 31.86
GRAPHITE, EQ, 17-Aug-2020,178.5,179.55,181.95,177.5, 178.60,179.55,179.74,283683,509.89,6472, 111213, 39.20
GRASIM, EQ, 17-Aug-2020,628.95,630.15,634.0,610.7, 625.00,625.35,621.23,4308934,26768.31,54667, 2219504, 51.51
GRAVITA, EQ, 17-Aug-2020,51.35,51.4,52.75,50.75, 51.50,51.25,51.66,156473,80.83,1089, 87768, 56.09
GREAVESCOT, EQ, 17-Aug-2020,84.0,84.2,85.5,82.7, 83.85,83.9,84.18,275275,231.73,6461, 147721, 53.66
GREENLAM, EQ, 17-Aug-2020,717.5,734.0,740.0,715.45, 739.90,736.7,731.3,2427,17.75,217, 2023, 83.35
GREENPANEL, BE, 17-Aug-2020,44.4,44.65,46.6,44.65, 46.60,46.6,46.14,43865,20.24,134, -, -
GREENPLY, EQ, 17-Aug-2020,87.85,87.85,89.9,85.0, 86.60,86.5,87.09,128503,111.91,1476, 62287, 48.47
GREENPOWER, EQ, 17-Aug-2020,2.1,2.1,2.15,2.05, 2.10,2.1,2.08,1257916,26.18,899, 821862, 65.34
GRINDWELL, EQ, 17-Aug-2020,521.4,524.05,529.05,516.85, 523.70,523.55,522.79,12088,63.19,944, 6544, 54.14
GROBTEA, EQ, 17-Aug-2020,439.95,449.0,449.0,433.9, 447.75,446.4,445.21,299,1.33,30, 218, 72.91
GRPLTD, EQ, 17-Aug-2020,725.0,738.05,749.0,725.0, 725.00,725.05,732.81,736,5.39,68, 548, 74.46
GRSE, EQ, 17-Aug-2020,219.15,215.0,225.0,212.1, 212.90,213.2,216.17,338901,732.6,7103, 132324, 39.05
GSCLCEMENT, EQ, 17-Aug-2020,28.45,28.85,29.0,27.95, 28.80,28.75,28.53,164529,46.94,868, 105447, 64.09
GSFC, EQ, 17-Aug-2020,61.0,61.95,62.2,60.8, 61.45,61.55,61.52,589926,362.92,3421, 205393, 34.82
GSPL, EQ, 17-Aug-2020,211.0,213.95,213.95,205.8, 206.00,206.15,207.55,363794,755.04,6781, 285919, 78.59
GSS, EQ, 17-Aug-2020,23.1,23.75,24.8,22.6, 23.35,23.45,23.31,90780,21.16,576, 48428, 53.35
GTL, BE, 17-Aug-2020,1.7,1.65,1.75,1.65, 1.75,1.75,1.74,67519,1.18,55, -, -
GTLINFRA, EQ, 17-Aug-2020,0.75,0.75,0.8,0.7, 0.80,0.8,0.77,18652055,143.43,1770, 7382452, 39.58
GTNIND, BE, 17-Aug-2020,9.15,9.5,9.5,8.7, 9.20,8.85,9.22,2429,0.22,30, -, -
GTPL, EQ, 17-Aug-2020,97.75,101.0,101.0,98.0, 99.95,99.9,99.55,82539,82.17,1424, 46699, 56.58
GUFICBIO, EQ, 17-Aug-2020,94.1,94.1,94.2,90.1, 92.45,91.9,91.98,348819,320.85,5806, 210092, 60.23
GUJALKALI, EQ, 17-Aug-2020,319.75,321.85,328.75,318.0, 321.00,320.9,321.78,92337,297.12,3310, 41033, 44.44
GUJAPOLLO, EQ, 17-Aug-2020,191.55,191.0,208.5,172.3, 185.10,185.0,189.65,25609,48.57,648, 7606, 29.70
GUJGASLTD, EQ, 17-Aug-2020,313.75,315.95,316.9,305.1, 308.50,308.75,308.41,754755,2327.77,32147, 448877, 59.47
GUJRAFFIA, BE, 17-Aug-2020,10.5,10.5,10.75,10.5, 10.50,10.5,10.51,230,0.02,6, -, -
GULFOILLUB, EQ, 17-Aug-2020,639.6,645.0,661.5,640.0, 660.00,658.05,653.14,19426,126.88,2189, 9052, 46.60
GULFPETRO, EQ, 17-Aug-2020,40.5,40.4,41.5,39.8, 41.10,40.65,40.64,40889,16.62,517, 26975, 65.97
GULPOLY, EQ, 17-Aug-2020,50.85,50.2,51.1,49.4, 50.00,49.75,50.08,53565,26.83,536, 46827, 87.42
GVKPIL, EQ, 17-Aug-2020,2.75,2.65,2.7,2.65, 2.65,2.65,2.65,1975600,52.35,1094, 1648396, 83.44
HAL, EQ, 17-Aug-2020,1293.6,1330.05,1354.0,1232.0, 1247.00,1250.4,1273.24,1919289,24437.08,88103, 259107, 13.50
HARITASEAT, EQ, 17-Aug-2020,376.35,379.4,379.95,370.2, 377.95,376.1,377.81,5518,20.85,182, 3104, 56.25
HARRMALAYA, EQ, 17-Aug-2020,92.6,93.05,96.4,93.05, 96.00,95.85,95.45,96180,91.81,1583, 43946, 45.69
HATHWAY, BE, 17-Aug-2020,37.05,37.45,38.55,37.0, 37.75,37.55,37.61,494564,185.98,4233, -, -
HATSUN, EQ, 17-Aug-2020,735.15,738.85,755.0,735.1, 750.00,749.4,744.55,52456,390.56,3512, 31843, 60.70
HAVELLS, EQ, 17-Aug-2020,611.0,614.15,618.7,606.0, 618.00,617.3,614.75,947297,5823.53,19335, 177509, 18.74
HAVISHA, BE, 17-Aug-2020,0.7,0.7,0.7,0.65, 0.70,0.7,0.68,46399,0.31,38, -, -
HBLPOWER, EQ, 17-Aug-2020,16.9,16.65,16.65,15.85, 16.10,16.15,16.23,733117,118.96,1966, 319825, 43.63
HCC, EQ, 17-Aug-2020,5.95,6.1,6.15,5.9, 6.00,6.0,5.98,2984969,178.65,3403, 1692267, 56.69
HCG, EQ, 17-Aug-2020,128.4,129.0,129.95,128.2, 128.65,128.65,129.0,67246,86.75,1348, 41762, 62.10
HCL-INSYS, BE, 17-Aug-2020,8.95,8.95,9.35,8.75, 9.15,9.15,9.02,200040,18.05,538, -, -
HCLTECH, EQ, 17-Aug-2020,709.1,711.1,720.8,709.25, 719.00,718.85,715.87,3344102,23939.26,86749, 1296375, 38.77
HDFC, EQ, 17-Aug-2020,1791.7,1805.0,1807.85,1783.85, 1801.95,1800.55,1795.17,4076960,73188.3,148103, 2699991, 66.23
HDFC, W3, 17-Aug-2020,309.0,315.0,319.5,312.0, 314.95,315.4,315.02,233400,735.26,87, 231000, 98.97
HDFCAMC, EQ, 17-Aug-2020,2345.6,2365.0,2382.95,2332.3, 2377.00,2374.25,2360.89,250376,5911.1,16985, 158031, 63.12
HDFCBANK, EQ, 17-Aug-2020,1034.45,1047.0,1047.0,1020.2, 1034.00,1032.75,1031.26,9780591,100863.47,175355, 3980368, 40.70
HDFCLIFE, EQ, 17-Aug-2020,587.75,591.4,594.2,585.95, 590.50,589.1,590.01,1335406,7879.07,34258, 656471, 49.16
HDFCMFGETF, EQ, 17-Aug-2020,4744.0,4743.95,4795.0,4711.0, 4741.00,4740.35,4736.2,19416,919.58,1503, 13828, 71.22
HDFCNIFETF, EQ, 17-Aug-2020,1177.09,1200.0,1200.0,1175.33, 1184.55,1180.25,1180.08,1945,22.95,85, 1342, 69.00
HDFCSENETF, EQ, 17-Aug-2020,4040.0,4100.0,4100.0,4020.01, 4039.00,4039.33,4051.99,118,4.78,43, 93, 78.81
HDIL, BZ, 17-Aug-2020,4.3,4.5,4.5,4.5, 4.50,4.5,4.5,1167296,52.53,534, -, -
HEG, EQ, 17-Aug-2020,777.4,786.9,787.0,773.1, 775.55,777.8,780.08,153947,1200.91,6825, 33191, 21.56
HEIDELBERG, EQ, 17-Aug-2020,192.15,195.35,198.5,190.25, 192.45,192.9,193.88,487553,945.26,7522, 139495, 28.61
HERCULES, EQ, 17-Aug-2020,92.85,94.95,94.95,88.95, 91.60,91.05,91.0,89473,81.42,1809, 44541, 49.78
HERITGFOOD, EQ, 17-Aug-2020,329.25,330.9,344.0,322.25, 327.95,328.9,336.82,200121,674.05,6718, 91261, 45.60
HEROMOTOCO, EQ, 17-Aug-2020,2803.8,2812.8,2934.1,2810.0, 2925.00,2927.2,2897.89,2723658,78928.6,114027, 441729, 16.22
HESTERBIO, EQ, 17-Aug-2020,1464.15,1465.5,1530.0,1465.5, 1495.00,1486.7,1500.12,10312,154.69,1102, 5215, 50.57
HEXATRADEX, BE, 17-Aug-2020,26.35,27.65,27.65,25.05, 27.65,27.65,27.14,94528,25.66,187, -, -
HEXAWARE, EQ, 17-Aug-2020,395.35,401.0,410.85,399.1, 409.00,409.3,406.32,1067371,4336.98,11930, 595914, 55.83
HFCL, EQ, 17-Aug-2020,15.4,16.8,16.9,16.25, 16.45,16.5,16.57,5242756,868.68,9679, 3055093, 58.27
HGINFRA, EQ, 17-Aug-2020,189.15,194.5,194.5,189.15, 193.45,192.2,192.21,91657,176.17,4012, 64910, 70.82
HGS, EQ, 17-Aug-2020,685.75,699.95,705.0,695.0, 698.00,698.85,699.69,15270,106.84,1812, 9525, 62.38
HHOF1140RG, MF, 17-Aug-2020,7.07,7.07,7.07,7.07, 7.07,7.07,7.07,800,0.06,1, 800, 100.00
HIKAL, EQ, 17-Aug-2020,134.75,136.0,137.8,134.2, 137.20,137.2,136.63,422442,577.2,7967, 242934, 57.51
HIL, EQ, 17-Aug-2020,1560.95,1584.0,1596.5,1526.2, 1540.00,1537.2,1546.17,9923,153.43,1085, 6477, 65.27
HILTON, EQ, 17-Aug-2020,11.0,11.55,11.55,10.45, 10.55,10.55,10.72,19313,2.07,130, 15335, 79.40
HIMATSEIDE, EQ, 17-Aug-2020,78.35,78.35,81.25,75.1, 75.65,75.75,77.68,464224,360.61,3987, 288382, 62.12
HINDALCO, EQ, 17-Aug-2020,184.95,185.15,193.45,184.25, 193.20,192.55,189.31,25968794,49161.12,129717, 4624225, 17.81
HINDCOMPOS, EQ, 17-Aug-2020,178.65,183.0,190.85,181.1, 189.00,188.4,187.66,14584,27.37,465, 6829, 46.83
HINDCON, SM, 17-Aug-2020,20.65,18.55,18.55,17.55, 17.55,17.8,18.12,28000,5.07,7, 24000, 85.71
HINDCOPPER, EQ, 17-Aug-2020,37.75,38.1,38.7,37.1, 37.30,37.35,37.72,1010772,381.29,3320, 416423, 41.20
HINDMOTORS, EQ, 17-Aug-2020,6.1,5.9,6.25,5.9, 6.10,6.05,6.06,222732,13.5,480, 138439, 62.15
HINDNATGLS, BE, 17-Aug-2020,28.45,28.45,28.45,27.5, 28.20,27.85,27.81,6875,1.91,58, -, -
HINDOILEXP, EQ, 17-Aug-2020,77.95,79.7,79.7,77.0, 78.00,77.95,78.06,128836,100.57,1416, 73629, 57.15
HINDPETRO, EQ, 17-Aug-2020,208.65,210.0,212.9,205.45, 211.25,211.05,210.13,7877978,16553.95,74049, 2292879, 29.10
HINDUNILVR, EQ, 17-Aug-2020,2173.9,2181.0,2203.65,2168.4, 2201.50,2196.05,2185.61,1559579,34086.38,55914, 887640, 56.92
HINDZINC, EQ, 17-Aug-2020,230.85,233.0,235.95,227.8, 229.30,229.9,230.84,1255125,2897.35,15986, 425853, 33.93
HIRECT, EQ, 17-Aug-2020,146.2,154.0,160.8,154.0, 160.80,160.8,160.46,313894,503.67,1061, 250019, 79.65
HISARMETAL, EQ, 17-Aug-2020,74.25,74.0,75.95,71.2, 73.25,71.8,72.72,12262,8.92,334, 7265, 59.25
HITECH, EQ, 17-Aug-2020,113.75,129.0,129.0,113.65, 121.45,120.4,120.51,35210,42.43,390, 18447, 52.39
HITECHCORP, EQ, 17-Aug-2020,83.65,83.3,100.35,81.5, 100.35,100.35,96.18,111530,107.27,1210, 55283, 49.57
HITECHGEAR, EQ, 17-Aug-2020,120.65,121.5,127.8,121.5, 123.50,125.5,125.24,3288,4.12,88, 2337, 71.08
HLVLTD, EQ, 17-Aug-2020,5.15,5.1,5.25,5.1, 5.15,5.1,5.16,125885,6.49,196, 104812, 83.26
HMT, BZ, 17-Aug-2020,16.55,16.0,17.1,16.0, 17.00,17.0,16.83,5230,0.88,40, -, -
HMVL, EQ, 17-Aug-2020,48.8,51.0,51.0,47.85, 48.75,48.45,48.62,11980,5.83,300, 7674, 64.06
HNDFDS, EQ, 17-Aug-2020,709.7,710.05,728.0,700.0, 717.40,716.8,710.56,6792,48.26,647, 5036, 74.15
HNGSNGBEES, EQ, 17-Aug-2020,346.9,354.53,354.53,346.9, 346.90,349.51,349.55,623,2.18,25, 621, 99.68
HONAUT, EQ, 17-Aug-2020,30553.7,30985.0,31305.0,30326.85, 30415.00,30434.6,30663.33,2892,886.78,1626, 761, 26.31
HONDAPOWER, EQ, 17-Aug-2020,1035.8,1059.0,1059.0,1020.0, 1045.00,1042.35,1040.04,3924,40.81,493, 1462, 37.26
HOTELRUGBY, BE, 17-Aug-2020,1.4,1.4,1.45,1.35, 1.45,1.45,1.37,515,0.01,5, -, -
HOVS, EQ, 17-Aug-2020,37.35,37.9,37.9,36.75, 37.55,37.55,37.58,1772,0.67,69, 1323, 74.66
HPL, EQ, 17-Aug-2020,33.95,34.4,35.6,30.6, 34.80,34.7,33.83,139921,47.33,1622, 61187, 43.73
HSCL, EQ, 17-Aug-2020,45.0,45.2,45.9,44.55, 45.00,45.2,45.09,712189,321.1,3048, 290908, 40.85
HSIL, EQ, 17-Aug-2020,59.45,60.3,61.0,58.8, 60.05,60.2,60.08,303182,182.14,1968, 214537, 70.76
HTMEDIA, EQ, 17-Aug-2020,13.55,13.9,14.4,13.05, 13.25,13.3,13.81,360880,49.85,788, 232880, 64.53
HUBTOWN, EQ, 17-Aug-2020,11.8,12.25,12.25,11.4, 11.65,11.65,11.56,44292,5.12,135, 36062, 81.42
HUDCO, EQ, 17-Aug-2020,35.4,35.85,36.1,35.3, 35.75,35.65,35.66,967960,345.14,3386, 342999, 35.44
HUDCO, N2, 17-Aug-2020,1245.99,1246.99,1246.99,1240.01, 1246.90,1242.31,1242.61,24,0.3,5, 12, 50.00
HUDCO, N4, 17-Aug-2020,1120.0,1005.6,1109.0,1005.6, 1108.00,1108.0,1089.1,156,1.7,4, 131, 83.97
HUDCO, N5, 17-Aug-2020,1205.0,1203.5,1214.9,1203.5, 1214.90,1214.9,1207.82,205,2.48,4, 125, 60.98
HUDCO, N9, 17-Aug-2020,1281.0,1282.0,1284.0,1282.0, 1284.00,1284.0,1283.91,117,1.5,4, 112, 95.73
HUDCO, ND, 17-Aug-2020,1340.0,1339.0,1345.0,1339.0, 1345.00,1345.0,1343.29,70,0.94,3, 70, 100.00
HUDCO, NE, 17-Aug-2020,1466.15,1482.0,1482.0,1466.2, 1479.95,1479.95,1474.32,51,0.75,10, 49, 96.08
IBMFNIFTY, EQ, 17-Aug-2020,115.61,118.5,118.5,115.0, 117.87,117.87,117.4,522,0.61,51, 384, 73.56
IBREALEST, EQ, 17-Aug-2020,66.25,67.4,71.75,65.1, 68.65,68.4,69.04,6867245,4741.36,20266, 3350360, 48.79
IBUCCREDIT, N2, 17-Aug-2020,1160.0,1169.0,1169.0,1169.0, 1169.00,1169.0,1169.0,1,0.01,1, 1, 100.00
IBUCCREDIT, N4, 17-Aug-2020,1064.8,1063.99,1063.99,1063.99, 1063.99,1063.99,1063.99,30,0.32,1, 30, 100.00
IBUCCREDIT, N6, 17-Aug-2020,990.9,980.0,980.0,980.0, 980.00,980.0,980.0,100,0.98,1, 100, 100.00
IBULHSGFIN, EQ, 17-Aug-2020,204.9,207.9,210.4,200.0, 203.50,203.35,204.82,14092475,28863.62,105645, 2211185, 15.69
IBULHSGFIN, N6, 17-Aug-2020,975.0,1001.0,1001.0,1001.0, 1001.00,1001.0,1001.0,2,0.02,1, 2, 100.00
IBULHSGFIN, N8, 17-Aug-2020,800.0,800.0,800.0,800.0, 800.00,800.0,800.0,1,0.01,1, 1, 100.00
IBULHSGFIN, NA, 17-Aug-2020,794.23,799.05,800.0,799.0, 800.00,800.0,799.65,627,5.01,16, 627, 100.00
IBULISL, BE, 17-Aug-2020,50.8,51.75,52.25,48.5, 49.00,49.0,49.88,137819,68.74,708, -, -
IBVENTPP, E1, 17-Aug-2020,79.4,79.4,83.0,78.0, 78.15,79.15,80.58,159960,128.89,789, 104236, 65.16
IBVENTURES, EQ, 17-Aug-2020,172.4,174.1,177.0,166.25, 167.00,169.5,172.32,1117368,1925.5,9456, 467847, 41.87
ICEMAKE, SM, 17-Aug-2020,41.45,42.0,43.5,42.0, 43.50,43.5,42.5,8000,3.4,4, 8000, 100.00
ICFL, N2, 17-Aug-2020,1091.99,1080.41,1095.99,1080.41, 1080.52,1080.52,1087.13,150,1.63,8, 100, 66.67
ICFL, N3, 17-Aug-2020,947.49,950.0,950.0,949.99, 949.99,949.99,949.99,40,0.38,3, 40, 100.00
ICFL, N8, 17-Aug-2020,901.0,901.0,901.0,901.0, 901.00,901.0,901.0,45,0.41,2, 45, 100.00
ICICI500, EQ, 17-Aug-2020,151.06,151.5,151.5,150.3, 150.50,150.85,151.08,2644,3.99,246, 2506, 94.78
ICICIB22, EQ, 17-Aug-2020,26.48,26.48,26.75,26.38, 26.70,26.7,26.64,139718,37.22,1403, 119344, 85.42
ICICIBANK, EQ, 17-Aug-2020,361.4,366.0,366.35,354.35, 361.15,360.2,360.04,24232602,87245.94,221104, 7646377, 31.55
ICICIBANKN, EQ, 17-Aug-2020,215.18,234.5,234.5,213.22, 216.81,216.05,215.01,5615,12.07,547, 1545, 27.52
ICICIBANKP, EQ, 17-Aug-2020,116.89,119.41,120.0,115.8, 116.70,116.83,116.25,23945,27.84,155, 17970, 75.05
ICICIGI, EQ, 17-Aug-2020,1309.75,1328.25,1328.25,1286.0, 1301.30,1295.0,1299.91,334695,4350.74,30729, 169376, 50.61
ICICIGOLD, EQ, 17-Aug-2020,47.05,47.05,47.32,46.55, 47.10,46.96,47.04,152715,71.83,1853, 88487, 57.94
ICICILIQ, EQ, 17-Aug-2020,999.99,999.95,1000.01,999.95, 1000.00,999.99,1000.0,9042,90.42,34, 5322, 58.86
ICICILOVOL, EQ, 17-Aug-2020,93.94,95.8,95.8,93.7, 95.40,95.35,94.91,9868,9.37,263, 9447, 95.73
ICICIM150, EQ, 17-Aug-2020,62.36,62.5,63.05,62.5, 63.00,63.0,62.65,9324,5.84,31, 8038, 86.21
ICICIMCAP, EQ, 17-Aug-2020,62.36,64.3,64.3,61.0, 62.50,62.3,62.27,115420,71.88,181, 58116, 50.35
ICICINF100, EQ, 17-Aug-2020,122.23,122.23,122.8,122.2, 122.70,122.67,122.5,3926,4.81,419, 3773, 96.10
ICICINIFTY, EQ, 17-Aug-2020,118.51,125.6,125.6,118.16, 119.40,119.32,119.01,81584,97.09,7626, 55782, 68.37
ICICINV20, EQ, 17-Aug-2020,57.62,58.0,59.5,56.25, 58.10,58.08,57.85,23445,13.56,445, 11885, 50.69
ICICINXT50, EQ, 17-Aug-2020,27.51,27.51,28.4,27.45, 27.69,27.62,27.55,6094,1.68,121, 3544, 58.16
ICICIPRULI, EQ, 17-Aug-2020,458.95,460.0,462.7,449.4, 454.00,453.25,454.79,1248353,5677.39,34169, 548161, 43.91
ICICISENSX, EQ, 17-Aug-2020,408.04,415.0,415.0,408.04, 408.60,408.61,409.13,657,2.69,45, 537, 81.74
ICIL, EQ, 17-Aug-2020,63.45,64.6,68.0,63.1, 67.40,67.3,66.6,247181,164.63,1389, 169744, 68.67
ICRA, EQ, 17-Aug-2020,2631.5,2638.9,2643.0,2552.0, 2554.50,2558.4,2588.4,1162,30.08,280, 850, 73.15
IDBI, EQ, 17-Aug-2020,38.95,38.95,39.2,38.35, 38.65,38.6,38.64,967665,373.92,5620, 531172, 54.89
IDBIGOLD, EQ, 17-Aug-2020,4884.0,4938.0,4938.0,4802.0, 4860.05,4884.75,4873.79,296,14.43,97, 219, 73.99
IDEA, EQ, 17-Aug-2020,8.95,9.05,9.15,8.85, 9.00,8.95,8.97,108173393,9706.56,118329, 40087227, 37.06
IDFC, EQ, 17-Aug-2020,26.6,27.0,27.25,26.1, 26.80,26.8,26.82,7759456,2081.01,15065, 4738907, 61.07
IDFCFIRSTB, EQ, 17-Aug-2020,30.25,30.4,30.45,29.0, 29.55,29.5,29.52,35289199,10418.77,75802, 7698451, 21.82
IDFCFIRSTB, N2, 17-Aug-2020,10530.05,10550.0,10550.0,10550.0, 10550.00,10550.0,10550.0,6,0.63,2, 6, 100.00
IDFCFIRSTB, N8, 17-Aug-2020,10390.0,10300.04,10300.04,10300.04, 10300.04,10300.04,10300.04,4,0.41,1, 4, 100.00
IDFCFIRSTB, N9, 17-Aug-2020,5250.0,5225.0,5225.0,5225.0, 5225.00,5225.0,5225.0,4,0.21,1, 4, 100.00
IDFCFIRSTB, NA, 17-Aug-2020,10450.0,10450.0,10495.0,10450.0, 10495.00,10495.0,10485.0,13,1.36,4, 13, 100.00
IDFCFIRSTB, NB, 17-Aug-2020,5130.0,5130.0,5130.0,5127.0, 5127.00,5127.0,5129.18,11,0.56,3, 11, 100.00
IDFCFIRSTB, NC, 17-Aug-2020,10000.0,9985.0,10000.0,9985.0, 9999.00,9999.0,9998.18,72,7.2,13, 72, 100.00
IDFCFIRSTB, NE, 17-Aug-2020,9736.01,9750.0,9750.0,9750.0, 9750.00,9750.0,9750.0,20,1.95,2, 20, 100.00
IDFNIFTYET, EQ, 17-Aug-2020,117.4,119.99,119.99,118.89, 118.89,118.89,119.01,28,0.03,6, 28, 100.00
IEX, EQ, 17-Aug-2020,185.4,186.8,188.55,184.0, 186.75,185.6,185.8,336081,624.43,8702, 167021, 49.70
IFBAGRO, EQ, 17-Aug-2020,306.15,313.6,319.8,306.0, 308.80,307.3,309.68,16378,50.72,459, 8885, 54.25
IFBIND, EQ, 17-Aug-2020,418.45,421.5,426.0,409.0, 412.00,411.5,416.41,47386,197.32,2499, 24343, 51.37
IFCI, EQ, 17-Aug-2020,7.1,7.2,7.25,6.9, 7.15,7.1,7.05,2531554,178.52,65010, 1174100, 46.38
IFCI, NG, 17-Aug-2020,1740.0,1740.0,1740.0,1740.0, 1740.00,1740.0,1740.0,40,0.7,2, 40, 100.00
IFCI, NH, 17-Aug-2020,1088.0,1086.0,1086.0,1083.0, 1084.00,1083.77,1085.02,1130,12.26,17, 733, 64.87
IFCI, NL, 17-Aug-2020,1048.0,1050.0,1050.0,1040.0, 1040.00,1040.55,1044.51,1325,13.84,13, 1325, 100.00
IFGLEXPOR, EQ, 17-Aug-2020,140.3,140.95,141.9,136.85, 138.00,138.0,139.46,8094,11.29,178, 4979, 61.51
IGARASHI, EQ, 17-Aug-2020,290.35,290.55,296.2,285.3, 287.80,286.95,289.74,84567,245.03,2422, 37085, 43.85
IGL, EQ, 17-Aug-2020,387.9,391.0,393.9,385.1, 393.50,392.75,389.41,2245726,8745.11,31119, 668967, 29.79
IGPL, EQ, 17-Aug-2020,187.1,187.1,191.0,183.4, 190.00,189.15,186.92,20542,38.4,763, 12370, 60.22
IIFCL, N1, 17-Aug-2020,1284.09,1261.03,1261.03,1260.1, 1260.10,1260.1,1260.72,150,1.89,2, 150, 100.00
IIFCL, N2, 17-Aug-2020,1230.0,1230.0,1230.0,1230.0, 1230.00,1230.0,1230.0,730,8.98,13, 730, 100.00
IIFCL, N4, 17-Aug-2020,1464.95,1451.0,1451.0,1446.0, 1450.00,1450.0,1449.97,1013,14.69,59, 1010, 99.70
IIFL, EQ, 17-Aug-2020,71.5,72.7,73.35,71.85, 72.90,72.55,72.74,599240,435.88,5466, 299915, 50.05
IIFL, N2, 17-Aug-2020,1035.3,1036.5,1036.5,1036.5, 1036.50,1036.5,1036.5,55,0.57,3, 55, 100.00
IIFL, N4, 17-Aug-2020,999.45,1000.0,1000.0,997.03, 998.01,999.81,999.25,1247,12.46,23, 1247, 100.00
IIFL, N5, 17-Aug-2020,1052.0,1043.7,1043.7,1043.7, 1043.70,1043.7,1043.7,200,2.09,2, 200, 100.00
IIFL, N6, 17-Aug-2020,985.0,975.0,975.0,962.8, 962.80,962.8,973.26,7,0.07,2, 6, 85.71
IIFL, N7, 17-Aug-2020,990.0,990.0,990.0,990.0, 990.00,990.0,990.0,8,0.08,2, 8, 100.00
IIFL, N8, 17-Aug-2020,1092.15,1093.05,1093.05,1093.05, 1093.05,1093.05,1093.05,25,0.27,2, 25, 100.00
IIFL, N9, 17-Aug-2020,998.35,999.85,999.85,999.85, 999.85,999.85,999.85,180,1.8,1, 180, 100.00
IIFL, NA, 17-Aug-2020,1077.1,1078.8,1078.8,1078.8, 1078.80,1078.8,1078.8,75,0.81,1, 75, 100.00
IIFL, NC, 17-Aug-2020,964.4,961.0,961.0,961.0, 961.00,961.0,961.0,9,0.09,1, 9, 100.00
IIFLSEC, EQ, 17-Aug-2020,39.5,39.9,40.85,39.6, 40.30,40.25,40.33,470849,189.89,1445, 284040, 60.33
IIFLWAM, EQ, 17-Aug-2020,1069.3,1115.0,1115.0,1056.0, 1070.10,1067.9,1079.57,28775,310.65,1563, 15669, 54.45
IITL, EQ, 17-Aug-2020,53.7,53.7,56.5,50.0, 55.00,54.55,54.36,806,0.44,17, 373, 46.28
IL&FSENGG, BZ, 17-Aug-2020,4.3,4.25,4.5,4.2, 4.45,4.2,4.28,17841,0.76,31, -, -
IL&FSTRANS, BZ, 17-Aug-2020,1.5,1.5,1.55,1.5, 1.55,1.55,1.55,106886,1.65,40, -, -
IMAGICAA, BE, 17-Aug-2020,4.9,4.95,5.1,4.7, 5.10,5.0,4.93,205800,10.14,246, -, -
IMFA, EQ, 17-Aug-2020,208.8,209.05,216.0,207.1, 211.80,210.45,210.83,20316,42.83,509, 14798, 72.84
IMPAL, EQ, 17-Aug-2020,542.15,523.6,565.0,523.6, 535.00,538.1,537.57,1068,5.74,106, 515, 48.22
IMPEXFERRO, BE, 17-Aug-2020,0.85,0.85,0.85,0.85, 0.85,0.85,0.85,500,0.0,1, -, -
INDBANK, EQ, 17-Aug-2020,8.0,8.65,9.6,8.3, 9.60,9.6,9.36,898237,84.06,1851, 427562, 47.60
INDHOTEL, EQ, 17-Aug-2020,93.75,95.4,96.0,92.0, 92.90,92.85,93.39,2647879,2472.92,19817, 980405, 37.03
INDIACEM, EQ, 17-Aug-2020,114.25,115.7,116.7,114.0, 114.75,115.15,115.2,843528,971.71,8999, 341945, 40.54
INDIAGLYCO, EQ, 17-Aug-2020,277.35,279.0,284.6,275.55, 283.00,283.5,279.37,266409,744.26,8077, 76953, 28.89
INDIAMART, EQ, 17-Aug-2020,2921.6,2925.0,2970.05,2901.0, 2934.00,2932.2,2941.59,23451,689.83,3266, 12080, 51.51
INDIANB, EQ, 17-Aug-2020,62.1,63.0,64.0,62.05, 63.40,63.35,63.27,1969081,1245.79,9610, 706966, 35.90
INDIANCARD, EQ, 17-Aug-2020,91.75,92.5,95.0,91.05, 91.50,91.5,93.17,1905,1.77,76, 630, 33.07
INDIANHUME, EQ, 17-Aug-2020,172.95,175.3,177.1,172.8, 173.00,173.4,174.77,44516,77.8,1257, 22172, 49.81
INDIGO, EQ, 17-Aug-2020,1139.15,1139.0,1156.4,1111.0, 1143.90,1147.6,1138.6,4095937,46636.47,93891, 805976, 19.68
INDIGRID, IV, 17-Aug-2020,100.97,101.8,101.8,100.75, 100.97,100.91,100.96,840294,848.39,371, 828387, 98.58
INDLMETER, BE, 17-Aug-2020,13.0,13.55,13.65,12.55, 13.65,13.65,13.37,3192,0.43,17, -, -
INDNIPPON, EQ, 17-Aug-2020,369.3,375.1,379.7,350.05, 360.00,361.4,362.16,59463,215.35,3198, 20865, 35.09
INDOCO, EQ, 17-Aug-2020,247.5,250.9,257.0,250.0, 255.95,255.15,254.33,162959,414.45,4236, 97110, 59.59
INDORAMA, EQ, 17-Aug-2020,16.6,17.4,17.4,17.4, 17.40,17.4,17.4,18622,3.24,61, 18622, 100.00
INDOSOLAR, BZ, 17-Aug-2020,1.25,1.3,1.3,1.2, 1.20,1.2,1.21,161048,1.94,74, -, -
INDOSTAR, EQ, 17-Aug-2020,253.45,251.0,256.55,237.6, 243.00,242.0,244.19,20938,51.13,1106, 13369, 63.85
INDOTECH, EQ, 17-Aug-2020,99.85,101.5,101.95,95.2, 97.00,97.55,97.49,7889,7.69,299, 5442, 68.98
INDOTHAI, BE, 17-Aug-2020,17.1,17.2,17.95,17.1, 17.50,17.7,17.66,15645,2.76,74, -, -
INDOWIND, BE, 17-Aug-2020,3.35,3.35,3.5,3.2, 3.50,3.5,3.43,122060,4.19,136, -, -
INDRAMEDCO, EQ, 17-Aug-2020,55.4,56.4,56.7,54.8, 54.90,55.05,55.48,209205,116.07,1666, 120755, 57.72
INDSWFTLAB, EQ, 17-Aug-2020,37.15,39.0,39.0,37.1, 37.35,37.35,37.69,22841,8.61,178, 16021, 70.14
INDSWFTLTD, BE, 17-Aug-2020,3.0,3.15,3.15,3.15, 3.15,3.15,3.15,11217,0.35,14, -, -
INDTERRAIN, EQ, 17-Aug-2020,32.3,33.8,34.0,31.55, 31.95,31.9,32.53,348831,113.47,2002, 171663, 49.21
INDUSINDBK, EQ, 17-Aug-2020,507.2,510.0,514.8,502.5, 512.45,513.15,510.28,7174433,36609.44,84007, 1075645, 14.99
INEOSSTYRO, EQ, 17-Aug-2020,499.35,504.9,511.0,497.0, 507.25,507.2,506.31,16801,85.07,1075, 13599, 80.94
INFIBEAM, EQ, 17-Aug-2020,73.6,73.35,74.05,72.0, 72.40,72.5,72.63,314641,228.53,2419, 187069, 59.45
INFOBEAN, EQ, 17-Aug-2020,110.8,116.3,116.3,107.8, 116.30,116.3,112.99,123590,139.64,2231, 78767, 63.73
INFOMEDIA, BE, 17-Aug-2020,3.9,3.75,3.75,3.75, 3.75,3.75,3.75,550,0.02,4, -, -
INFRABEES, EQ, 17-Aug-2020,331.8,335.88,335.88,329.93, 330.00,330.0,330.57,456,1.51,16, 452, 99.12
INFRATEL, EQ, 17-Aug-2020,199.25,199.0,202.0,196.8, 199.90,199.85,199.02,2504404,4984.39,21299, 572539, 22.86
INFY, EQ, 17-Aug-2020,953.6,954.1,972.45,954.1, 958.30,957.5,962.38,9008716,86697.69,140270, 2894495, 32.13
INGERRAND, EQ, 17-Aug-2020,630.1,637.0,637.0,626.15, 631.30,627.85,629.3,8041,50.6,533, 4334, 53.90
INNOVANA, SM, 17-Aug-2020,106.25,111.55,111.55,101.25, 101.25,101.25,101.65,26000,26.43,2, 26000, 100.00
INOXLEISUR, EQ, 17-Aug-2020,257.0,259.5,260.8,252.25, 257.35,257.15,256.79,467680,1200.95,10676, 183843, 39.31
INOXWIND, EQ, 17-Aug-2020,41.0,41.05,42.95,40.0, 42.20,42.05,41.77,83283,34.78,906, 44423, 53.34
INSECTICID, EQ, 17-Aug-2020,448.35,450.7,475.0,444.45, 473.50,471.25,461.18,248292,1145.06,8310, 101185, 40.75
INSPIRISYS, EQ, 17-Aug-2020,27.5,27.6,27.65,26.3, 27.50,27.45,26.95,5935,1.6,126, 4678, 78.82
INTEGRA, BE, 17-Aug-2020,2.4,2.5,2.5,2.5, 2.50,2.5,2.5,6358,0.16,23, -, -
INTELLECT, EQ, 17-Aug-2020,187.8,185.45,193.0,185.45, 190.30,190.2,190.16,191731,364.6,5966, 110644, 57.71
INTENTECH, EQ, 17-Aug-2020,42.45,43.85,44.55,40.7, 44.55,44.55,44.24,24180,10.7,172, 21862, 90.41
INVENTURE, EQ, 17-Aug-2020,17.45,17.5,17.5,16.9, 17.00,17.0,17.09,49339,8.43,238, 37826, 76.67
IOB, EQ, 17-Aug-2020,10.35,10.45,10.55,10.35, 10.50,10.5,10.45,1670314,174.52,1739, 905859, 54.23
IOC, EQ, 17-Aug-2020,84.8,85.25,87.75,85.15, 87.50,87.55,86.61,19481634,16872.51,46137, 5358840, 27.51
IOLCP, EQ, 17-Aug-2020,789.25,797.0,814.95,786.6, 799.10,799.2,802.16,1145040,9185.03,38376, 284249, 24.82
IPCALAB, EQ, 17-Aug-2020,2013.2,2025.0,2026.0,1980.05, 2002.80,2001.65,2004.39,209449,4198.19,27738, 110023, 52.53
IRB, EQ, 17-Aug-2020,119.8,121.5,121.7,118.45, 118.95,118.95,119.52,910994,1088.8,16195, 456434, 50.10
IRBINVIT, IV, 17-Aug-2020,38.98,38.89,39.0,38.35, 38.59,38.5,38.63,200000,77.25,68, 170000, 85.00
IRCON, EQ, 17-Aug-2020,94.8,95.5,96.9,94.3, 95.80,95.35,95.4,1405345,1340.63,32812, 446576, 31.78
IRCTC, EQ, 17-Aug-2020,1368.6,1378.0,1403.6,1360.3, 1383.70,1383.55,1381.31,870687,12026.87,37604, 152942, 17.57
IREDA, N4, 17-Aug-2020,1339.99,1344.99,1344.99,1339.0, 1339.00,1339.0,1344.61,54,0.73,4, 54, 100.00
IREDA, N6, 17-Aug-2020,1477.7,1450.0,1524.0,1450.0, 1524.00,1456.72,1456.73,11,0.16,2, 10, 90.91
IREDA, N7, 17-Aug-2020,1291.5,1271.5,1271.5,1271.5, 1271.50,1271.5,1271.5,13,0.17,1, 13, 100.00
IRFC, N1, 17-Aug-2020,1121.57,1115.03,1121.5,1115.03, 1119.00,1119.0,1118.16,410,4.58,6, 310, 75.61
IRFC, N2, 17-Aug-2020,1263.4,1274.44,1274.45,1274.44, 1274.45,1274.45,1274.45,200,2.55,2, 200, 100.00
IRFC, N9, 17-Aug-2020,1195.0,1200.0,1200.0,1189.99, 1190.00,1189.99,1190.74,405,4.82,6, 380, 93.83
IRFC, NB, 17-Aug-2020,1440.0,1161.0,1161.0,1161.0, 1161.00,1161.0,1161.0,767,8.9,4, 767, 100.00
IRFC, NE, 17-Aug-2020,1369.95,1379.99,1379.99,1330.3, 1378.52,1378.52,1369.0,158,2.16,5, 152, 96.20
IRFC, NJ, 17-Aug-2020,1282.01,1281.02,1281.02,1281.02, 1281.02,1281.02,1281.02,232,2.97,2, 116, 50.00
IRFC, NK, 17-Aug-2020,1350.29,1345.25,1350.0,1345.16, 1350.00,1350.0,1347.07,258,3.48,3, 158, 61.24
IRFC, NO, 17-Aug-2020,1296.15,1293.1,1300.0,1293.1, 1300.00,1300.0,1295.75,650,8.42,6, 400, 61.54
ISEC, EQ, 17-Aug-2020,479.4,482.0,487.85,465.75, 468.90,468.65,470.78,220202,1036.67,15970, 128739, 58.46
ISFT, BE, 17-Aug-2020,60.25,62.45,63.25,57.6, 63.00,63.0,61.71,32913,20.31,117, -, -
ISMTLTD, BE, 17-Aug-2020,4.75,4.7,4.8,4.6, 4.75,4.7,4.69,8254,0.39,32, -, -
ITC, EQ, 17-Aug-2020,196.4,198.05,199.5,196.85, 198.65,198.75,198.38,11741074,23291.54,79236, 3965703, 33.78
ITDC, EQ, 17-Aug-2020,227.9,230.0,230.8,225.4, 226.10,225.9,226.81,10980,24.9,447, 6471, 58.93
ITDCEM, EQ, 17-Aug-2020,43.9,44.3,45.25,42.8, 43.50,43.8,44.48,754722,335.71,2367, 542058, 71.82
ITI, EQ, 17-Aug-2020,137.9,142.85,143.8,140.25, 140.60,141.0,141.75,1784696,2529.76,17089, 455533, 25.52
IVC, BE, 17-Aug-2020,4.1,4.1,4.2,3.95, 4.05,4.0,4.02,106901,4.3,109, -, -
IVP, EQ, 17-Aug-2020,48.7,48.0,50.0,46.45, 50.00,48.0,47.17,5421,2.56,60, 3787, 69.86
IVZINGOLD, EQ, 17-Aug-2020,4824.0,4800.0,4824.0,4780.0, 4805.00,4801.65,4803.65,155,7.45,34, 130, 83.87
IZMO, EQ, 17-Aug-2020,30.2,30.95,31.7,30.95, 31.70,31.7,31.62,19230,6.08,123, 16590, 86.27
J&KBANK, EQ, 17-Aug-2020,16.8,16.8,17.1,16.55, 17.05,16.95,16.87,774402,130.64,1493, 478333, 61.77
JAGRAN, EQ, 17-Aug-2020,39.75,40.0,40.7,39.75, 40.10,40.1,40.23,319393,128.49,1944, 186986, 58.54
JAGSNPHARM, EQ, 17-Aug-2020,35.35,36.1,36.25,35.2, 35.95,35.5,35.83,44621,15.99,363, 28573, 64.03
JAIBALAJI, EQ, 17-Aug-2020,20.75,20.75,21.6,20.5, 20.75,20.7,20.92,13980,2.92,17, 11980, 85.69
JAICORPLTD, EQ, 17-Aug-2020,91.35,94.05,94.2,90.5, 91.70,91.65,91.83,1585343,1455.83,8791, 193250, 12.19
JAIHINDPRO, BZ, 17-Aug-2020,1.4,1.4,1.4,1.4, 1.40,1.4,1.4,100,0.0,2, -, -
JAINSTUDIO, BE, 17-Aug-2020,3.45,3.6,3.6,3.35, 3.45,3.5,3.47,3805,0.13,36, -, -
JAKHARIA, SM, 17-Aug-2020,166.0,161.75,167.0,161.75, 167.00,167.0,166.13,4800,7.97,2, 4800, 100.00
JAMNAAUTO, EQ, 17-Aug-2020,39.6,39.3,45.0,37.75, 44.90,42.8,41.11,6302753,2590.9,25179, 2077745, 32.97
JASH, EQ, 17-Aug-2020,167.0,170.0,170.0,159.95, 161.95,161.75,162.42,7962,12.93,147, 7319, 91.92
JAYAGROGN, EQ, 17-Aug-2020,89.2,91.05,93.65,90.05, 93.00,92.85,92.12,12660,11.66,212, 8484, 67.01
JAYBARMARU, EQ, 17-Aug-2020,204.1,207.5,222.8,198.0, 220.00,218.0,213.98,165262,353.63,3850, 62154, 37.61
JAYNECOIND, BE, 17-Aug-2020,3.0,3.15,3.15,2.9, 3.15,3.15,3.14,32590,1.02,24, -, -
JAYSREETEA, EQ, 17-Aug-2020,59.1,59.7,61.55,59.15, 60.90,60.7,60.48,91698,55.46,1013, 53050, 57.85
JBCHEPHARM, EQ, 17-Aug-2020,768.05,778.0,779.8,761.0, 777.80,776.95,774.83,172970,1340.22,12080, 105232, 60.84
JBFIND, BE, 17-Aug-2020,9.25,9.25,9.6,9.0, 9.10,9.1,9.18,30165,2.77,214, -, -
JBMA, EQ, 17-Aug-2020,217.8,221.25,230.0,217.1, 227.50,226.85,226.05,69831,157.85,2598, 29146, 41.74
JCHAC, EQ, 17-Aug-2020,2027.2,2016.1,2068.0,2016.1, 2046.10,2047.7,2046.97,6517,133.4,1049, 3513, 53.91
JETAIRWAYS, BZ, 17-Aug-2020,30.5,31.0,31.0,29.0, 29.75,29.8,29.86,46519,13.89,402, -, -
JHS, BE, 17-Aug-2020,14.35,14.75,15.0,14.35, 14.75,14.55,14.73,46615,6.87,183, -, -
JINDALPHOT, EQ, 17-Aug-2020,13.8,14.35,14.35,13.6, 13.60,13.75,13.85,7624,1.06,87, 2298, 30.14
JINDALPOLY, EQ, 17-Aug-2020,425.6,434.9,443.0,432.15, 438.65,436.65,437.91,35899,157.21,2151, 18482, 51.48
JINDALSAW, EQ, 17-Aug-2020,58.6,59.15,64.75,58.8, 63.40,63.5,63.22,7733075,4888.92,30599, 2008034, 25.97
JINDALSTEL, EQ, 17-Aug-2020,212.05,215.0,225.35,213.15, 223.00,223.6,220.0,23051750,50714.79,111998, 3353238, 14.55
JINDRILL, BE, 17-Aug-2020,70.8,74.3,74.3,72.0, 74.05,74.25,73.67,29239,21.54,297, -, -
JINDWORLD, EQ, 17-Aug-2020,45.95,48.0,48.0,45.5, 46.50,46.4,46.38,6369,2.95,116, 4185, 65.71
JISLDVREQS, BE, 17-Aug-2020,11.25,11.65,11.65,10.8, 11.20,11.05,11.09,32708,3.63,139, -, -
JISLJALEQS, BE, 17-Aug-2020,11.7,11.45,12.0,11.15, 11.40,11.45,11.5,1447946,166.46,1809, -, -
JITFINFRA, BE, 17-Aug-2020,6.65,6.65,6.95,6.35, 6.95,6.95,6.79,11401,0.77,52, -, -
JIYAECO, EQ, 17-Aug-2020,10.85,11.05,11.3,10.8, 11.00,10.85,11.04,81732,9.02,262, 56328, 68.92
JKCEMENT, EQ, 17-Aug-2020,1508.45,1510.0,1522.8,1446.55, 1500.00,1499.95,1486.03,76100,1130.87,8487, 41115, 54.03
JKIL, EQ, 17-Aug-2020,101.35,102.2,103.9,100.0, 100.75,100.6,101.63,156109,158.65,2370, 98453, 63.07
JKLAKSHMI, EQ, 17-Aug-2020,271.0,275.85,275.85,269.0, 269.85,269.75,271.6,134157,364.37,5671, 85933, 64.05
JKPAPER, EQ, 17-Aug-2020,96.0,96.4,97.2,95.45, 95.75,95.75,95.98,476590,457.42,3921, 208146, 43.67
JKTYRE, EQ, 17-Aug-2020,62.65,63.1,63.6,60.4, 61.15,60.95,61.47,1586478,975.19,8334, 750565, 47.31
JMA, EQ, 17-Aug-2020,25.25,26.5,26.5,25.1, 25.70,25.4,25.58,4719,1.21,115, 2714, 57.51
JMCPROJECT, EQ, 17-Aug-2020,50.15,51.5,53.2,51.0, 52.50,52.45,52.16,226051,117.91,2211, 116752, 51.65
JMFINANCIL, EQ, 17-Aug-2020,77.15,77.95,84.2,77.35, 83.00,82.9,82.37,4975270,4098.25,25207, 2051114, 41.23
JMTAUTOLTD, BE, 17-Aug-2020,3.65,3.75,3.8,3.5, 3.50,3.5,3.57,272253,9.72,598, -, -
JOCIL, EQ, 17-Aug-2020,179.05,184.35,184.35,178.05, 180.00,179.55,180.0,18233,32.82,690, 12102, 66.37
JPASSOCIAT, EQ, 17-Aug-2020,4.25,4.2,4.2,4.05, 4.05,4.05,4.06,4121791,167.46,2335, 2929687, 71.08
JPINFRATEC, BE, 17-Aug-2020,1.4,1.4,1.4,1.35, 1.40,1.35,1.37,1694591,23.18,778, -, -
JPOLYINVST, BE, 17-Aug-2020,15.2,14.8,15.85,14.5, 14.55,15.05,15.18,1826,0.28,18, -, -
JPPOWER, EQ, 17-Aug-2020,3.05,3.15,3.15,2.9, 2.90,2.9,2.97,11204704,332.43,2945, 8244942, 73.58
JSL, EQ, 17-Aug-2020,44.75,45.15,47.9,45.1, 47.80,47.5,47.02,2564975,1206.18,8830, 977594, 38.11
JSLHISAR, EQ, 17-Aug-2020,88.45,89.45,91.9,88.5, 91.80,91.35,90.68,374456,339.57,2508, 227882, 60.86
JSWENERGY, EQ, 17-Aug-2020,56.05,56.7,58.4,56.25, 57.30,57.4,57.22,3355907,1920.38,11843, 1297757, 38.67
JSWHL, EQ, 17-Aug-2020,2006.95,2026.95,2026.95,1945.0, 2019.00,2002.25,1976.78,1810,35.78,110, 1597, 88.23
JSWSTEEL, EQ, 17-Aug-2020,265.35,266.9,271.25,263.2, 270.80,269.6,266.99,10757867,28722.73,71587, 1137297, 10.57
JTEKTINDIA, EQ, 17-Aug-2020,73.15,74.15,80.4,72.1, 77.15,76.8,77.37,1971531,1525.45,16623, 699947, 35.50
JUBILANT, EQ, 17-Aug-2020,807.75,811.0,822.05,805.0, 818.80,817.9,815.41,253532,2067.34,12761, 103878, 40.97
JUBLFOOD, EQ, 17-Aug-2020,1869.65,1887.25,1894.6,1844.0, 1886.50,1887.25,1876.3,502534,9429.05,20132, 81886, 16.29
JUBLINDS, EQ, 17-Aug-2020,163.6,166.25,171.15,161.2, 164.05,165.4,165.71,54725,90.69,1413, 32139, 58.73
JUMPNET, EQ, 17-Aug-2020,85.65,86.6,89.45,86.1, 88.50,88.85,87.82,2820017,2476.62,19422, 1290053, 45.75
JUNIORBEES, EQ, 17-Aug-2020,286.07,286.0,290.8,282.2, 286.70,285.93,285.63,66659,190.4,2944, 35572, 53.36
JUSTDIAL, EQ, 17-Aug-2020,387.45,389.8,410.0,381.1, 407.50,406.75,400.97,2374872,9522.59,39115, 543329, 22.88
JVLAGRO, BZ, 17-Aug-2020,0.9,0.95,0.95,0.85, 0.85,0.85,0.89,133367,1.19,62, -, -
JYOTHYLAB, EQ, 17-Aug-2020,141.4,142.65,143.45,140.25, 141.60,141.65,141.95,372760,529.15,4999, 164034, 44.01
JYOTISTRUC, BZ, 17-Aug-2020,2.2,2.2,2.25,2.1, 2.10,2.1,2.13,42290,0.9,21, -, -
KABRAEXTRU, EQ, 17-Aug-2020,64.45,64.45,66.4,63.4, 65.00,65.2,64.99,40948,26.61,833, 13315, 32.52
KAJARIACER, EQ, 17-Aug-2020,402.75,408.0,410.05,404.0, 408.00,407.95,407.43,84828,345.62,4834, 41697, 49.15
KAKATCEM, EQ, 17-Aug-2020,153.95,154.95,160.8,153.05, 158.10,157.9,157.8,17758,28.02,609, 11056, 62.26
KALPATPOWR, EQ, 17-Aug-2020,242.7,245.0,249.9,244.2, 246.30,245.9,246.48,391173,964.18,8442, 254503, 65.06
KALYANIFRG, BE, 17-Aug-2020,156.2,164.0,164.0,149.0, 154.95,153.4,155.92,1822,2.84,57, -, -
KAMATHOTEL, EQ, 17-Aug-2020,32.0,32.0,32.4,31.5, 31.70,31.85,31.9,47101,15.03,546, 30226, 64.17
KAMDHENU, BE, 17-Aug-2020,79.05,80.4,80.4,75.15, 77.30,77.35,77.3,19909,15.39,125, -, -
KANANIIND, BE, 17-Aug-2020,3.85,3.85,4.0,3.7, 3.90,3.9,3.84,8564,0.33,17, -, -
KANORICHEM, EQ, 17-Aug-2020,36.5,36.5,36.9,35.55, 36.25,36.25,36.06,28890,10.42,341, 20643, 71.45
KANSAINER, EQ, 17-Aug-2020,474.35,475.0,484.4,471.0, 475.30,477.1,476.53,82267,392.03,3614, 38562, 46.87
KAPSTON, EQ, 17-Aug-2020,84.0,92.4,92.4,86.25, 90.80,88.55,89.74,5034,4.52,121, 3840, 76.28
KARDA, BE, 17-Aug-2020,84.65,88.8,88.85,85.0, 85.00,85.0,86.85,37886,32.91,281, -, -
KARMAENG, EQ, 17-Aug-2020,11.85,12.25,12.4,11.3, 12.30,11.3,11.94,8566,1.02,149, 5431, 63.40
KARURVYSYA, EQ, 17-Aug-2020,35.9,36.3,36.6,35.5, 36.05,36.0,35.99,1932557,695.62,8205, 1017594, 52.66
KAUSHALYA, BE, 17-Aug-2020,1.65,1.7,1.7,1.7, 1.70,1.7,1.7,18501,0.31,28, -, -
KAYA, BE, 17-Aug-2020,236.85,237.0,237.0,225.05, 225.05,225.45,227.44,18962,43.13,344, -, -
KCP, EQ, 17-Aug-2020,60.35,61.9,69.8,60.7, 65.40,65.5,66.76,4176000,2788.09,19850, 803478, 19.24
KCPSUGIND, EQ, 17-Aug-2020,15.0,15.1,15.55,14.9, 15.45,15.3,15.23,297052,45.24,937, 140819, 47.41
KDDL, BE, 17-Aug-2020,147.6,154.8,154.95,147.75, 153.90,149.45,151.8,7593,11.53,98, -, -
KEC, EQ, 17-Aug-2020,307.65,312.8,320.0,308.0, 314.95,314.65,314.17,399085,1253.79,7464, 191040, 47.87
KECL, EQ, 17-Aug-2020,13.1,13.1,13.2,12.45, 12.50,12.45,12.55,132797,16.67,566, 107580, 81.01
KEERTI, SM, 17-Aug-2020,23.65,23.65,23.65,23.65, 23.65,23.65,23.65,6200,1.47,1, 6200, 100.00
KEI, EQ, 17-Aug-2020,371.15,375.0,391.35,372.45, 389.50,389.2,385.16,1105992,4259.88,21431, 325695, 29.45
KELLTONTEC, BE, 17-Aug-2020,19.85,20.4,20.8,19.5, 20.30,20.3,20.23,83382,16.87,133, -, -
KENNAMET, EQ, 17-Aug-2020,813.6,838.0,838.0,791.1, 804.05,799.05,800.11,8492,67.95,893, 3109, 36.61
KERNEX, BE, 17-Aug-2020,18.05,18.95,18.95,18.1, 18.10,18.1,18.93,19081,3.61,23, -, -
KESORAMIND, EQ, 17-Aug-2020,39.2,39.8,43.7,39.2, 42.20,42.05,42.03,750215,315.32,4932, 294883, 39.31
KEYFINSERV, EQ, 17-Aug-2020,38.65,41.3,41.3,36.55, 39.00,39.0,38.99,257,0.1,9, 252, 98.05
KGL, BZ, 17-Aug-2020,0.45,0.4,0.45,0.4, 0.40,0.4,0.4,3806912,15.42,303, -, -
KHADIM, BE, 17-Aug-2020,128.9,131.0,132.0,123.0, 129.00,126.35,126.04,48817,61.53,725, -, -
KHANDSE, EQ, 17-Aug-2020,9.0,8.75,9.85,8.75, 9.75,9.65,9.51,7522,0.72,41, 3097, 41.17
KICL, EQ, 17-Aug-2020,1479.65,1525.0,1599.9,1411.2, 1430.00,1435.7,1442.96,1198,17.29,221, 734, 61.27
KILITCH, BE, 17-Aug-2020,93.9,93.9,95.7,90.15, 93.00,92.25,91.86,3185,2.93,60, -, -
KINGFA, EQ, 17-Aug-2020,495.15,512.6,512.6,474.55, 475.00,480.1,487.08,7462,36.35,1187, 3700, 49.58
KIOCL, EQ, 17-Aug-2020,133.5,143.0,146.85,136.55, 141.50,140.3,142.07,234022,332.48,4665, 118947, 50.83
KIRIINDUS, EQ, 17-Aug-2020,502.2,507.0,507.0,493.05, 495.25,495.8,497.96,48182,239.93,2557, 25472, 52.87
KIRLFER, EQ, 17-Aug-2020,86.65,84.1,88.0,84.1, 85.15,85.35,86.71,37917,32.88,545, 31932, 84.22
KIRLOSBROS, EQ, 17-Aug-2020,130.15,132.8,133.4,128.0, 129.50,129.95,129.67,49399,64.06,1373, 25566, 51.75
KIRLOSENG, EQ, 17-Aug-2020,106.45,107.85,107.9,105.45, 106.00,105.95,106.13,53003,56.25,723, 45777, 86.37
KIRLOSIND, EQ, 17-Aug-2020,649.2,649.4,650.0,640.05, 645.00,646.3,645.22,1073,6.92,166, 641, 59.74
KITEX, EQ, 17-Aug-2020,104.25,104.9,105.5,102.8, 103.90,103.6,103.99,59278,61.64,1200, 32528, 54.87
KKCL, EQ, 17-Aug-2020,757.15,765.0,770.05,742.2, 765.00,762.65,762.38,874,6.66,277, 517, 59.15
KMSUGAR, EQ, 17-Aug-2020,9.4,9.45,10.0,9.4, 9.85,9.85,9.71,280075,27.21,464, 178205, 63.63
KNRCON, EQ, 17-Aug-2020,214.35,219.0,228.9,215.4, 227.85,227.35,224.9,607454,1366.19,10396, 205844, 33.89
KOHINOOR, BZ, 17-Aug-2020,11.05,11.6,11.6,10.5, 10.90,10.85,10.77,7710,0.83,50, -, -
KOKUYOCMLN, EQ, 17-Aug-2020,56.55,57.3,57.3,55.7, 56.10,56.05,56.32,59008,33.23,757, 36573, 61.98
KOLTEPATIL, EQ, 17-Aug-2020,171.8,179.5,181.8,171.0, 171.00,173.45,176.29,932610,1644.14,13887, 339551, 36.41
KOPRAN, EQ, 17-Aug-2020,64.45,65.9,67.0,64.55, 66.50,66.3,65.9,379123,249.85,2861, 295283, 77.89
KOTAKBANK, EQ, 17-Aug-2020,1307.45,1320.1,1333.55,1312.2, 1330.25,1327.55,1324.46,2831340,37499.98,68566, 1188060, 41.96
KOTAKBKETF, EQ, 17-Aug-2020,219.47,222.0,222.0,216.5, 219.33,219.35,218.23,36604,79.88,688, 21940, 59.94
KOTAKGOLD, EQ, 17-Aug-2020,463.8,468.0,468.0,460.1, 462.45,462.0,462.51,66822,309.06,1504, 39722, 59.44
KOTAKNIFTY, EQ, 17-Aug-2020,116.31,116.31,117.5,116.0, 117.00,116.76,116.58,36567,42.63,634, 20899, 57.15
KOTAKNV20, EQ, 17-Aug-2020,59.0,59.0,59.3,58.6, 59.28,59.16,59.05,4950,2.92,71, 3117, 62.97
KOTAKPSUBK, EQ, 17-Aug-2020,140.16,141.0,141.99,139.25, 139.75,140.0,140.27,3466,4.86,89, 2422, 69.88
KOTARISUG, EQ, 17-Aug-2020,13.0,13.0,13.1,12.9, 13.00,12.95,13.0,39954,5.2,103, 30902, 77.34
KOTHARIPET, EQ, 17-Aug-2020,15.4,15.3,15.7,15.3, 15.45,15.4,15.41,9378,1.44,96, 8152, 86.93
KOTHARIPRO, EQ, 17-Aug-2020,62.85,62.9,65.05,62.0, 64.90,63.75,63.28,10324,6.53,198, 7842, 75.96
KPITTECH, EQ, 17-Aug-2020,76.85,75.7,78.5,75.0, 78.00,77.85,76.62,375175,287.45,5495, 271530, 72.37
KPRMILL, EQ, 17-Aug-2020,537.15,540.0,550.25,518.2, 525.10,524.25,525.41,207903,1092.34,1390, 199381, 95.90
KRBL, EQ, 17-Aug-2020,286.15,288.9,293.05,285.4, 291.00,291.1,288.91,214650,620.15,3817, 96228, 44.83
KREBSBIO, EQ, 17-Aug-2020,86.4,86.5,90.0,86.5, 89.35,89.45,89.29,21625,19.31,294, 12290, 56.83
KRIDHANINF, BE, 17-Aug-2020,3.35,3.35,3.35,3.2, 3.20,3.2,3.22,43668,1.41,82, -, -
KRISHANA, BE, 17-Aug-2020,51.2,51.2,53.75,51.2, 53.75,53.75,53.47,7754,4.15,22, -, -
KSB, EQ, 17-Aug-2020,520.35,521.0,525.85,510.0, 524.15,522.2,517.97,18118,93.85,1474, 9243, 51.02
KSCL, EQ, 17-Aug-2020,603.75,611.4,617.95,595.5, 606.00,603.75,602.67,318377,1918.77,11726, 159523, 50.11
KSERASERA, BE, 17-Aug-2020,0.3,0.3,0.3,0.25, 0.30,0.3,0.27,1589289,4.3,454, -, -
KSK, BE, 17-Aug-2020,0.5,0.45,0.55,0.45, 0.55,0.5,0.49,515074,2.55,135, -, -
KSL, EQ, 17-Aug-2020,223.75,224.55,229.75,222.7, 223.90,223.5,225.54,55012,124.07,1504, 29111, 52.92
KSOLVES, SM, 17-Aug-2020,113.0,135.6,135.6,135.6, 135.60,135.6,135.6,1200,1.63,1, 1200, 100.00
KTKBANK, EQ, 17-Aug-2020,42.5,42.9,42.9,42.4, 42.75,42.7,42.68,669899,285.91,2325, 355829, 53.12
KUANTUM, EQ, 17-Aug-2020,50.15,50.15,51.2,49.4, 50.00,49.75,50.13,15580,7.81,234, 10837, 69.56
KWALITY, BE, 17-Aug-2020,3.3,3.35,3.4,3.2, 3.30,3.3,3.29,248185,8.16,370, -, -
L&TFH, EQ, 17-Aug-2020,64.2,64.6,65.2,63.6, 65.20,65.05,64.55,15226004,9828.78,36228, 1775727, 11.66
L&TFINANCE, N8, 17-Aug-2020,1097.0,1119.98,1119.98,1119.98, 1119.98,1119.98,1119.98,20,0.22,1, 20, 100.00
L&TFINANCE, NC, 17-Aug-2020,1105.0,1110.0,1110.0,1110.0, 1110.00,1110.0,1110.0,10,0.11,1, 10, 100.00
L&TFINANCE, NE, 17-Aug-2020,1025.01,1040.0,1040.0,1040.0, 1040.00,1040.0,1040.0,50,0.52,1, 50, 100.00
L&TFINANCE, NG, 17-Aug-2020,1150.0,1164.0,1165.0,1164.0, 1165.00,1164.28,1164.28,85,0.99,4, 35, 41.18
L&TFINANCE, NQ, 17-Aug-2020,1118.0,1117.0,1118.0,1117.0, 1118.00,1118.0,1117.95,100,1.12,6, 100, 100.00
L&TFINANCE, NY, 17-Aug-2020,1065.13,1065.0,1083.0,1065.0, 1083.00,1076.46,1066.63,390,4.16,8, 370, 94.87
L&TFINANCE, Y5, 17-Aug-2020,1104.01,1100.0,1104.02,1100.0, 1104.01,1104.01,1103.91,405,4.47,6, 395, 97.53
L&TFINANCE, Y9, 17-Aug-2020,1117.0,1117.25,1117.25,1117.25, 1117.25,1117.25,1117.25,150,1.68,1, 150, 100.00
L&TINFRA, N1, 17-Aug-2020,1048.0,1050.0,1060.0,1050.0, 1059.90,1059.9,1058.93,48,0.51,6, 43, 89.58
L&TINFRA, N2, 17-Aug-2020,2052.0,2045.55,2045.55,2045.45, 2045.45,2045.45,2045.5,19,0.39,2, 19, 100.00
L&TINFRA, N4, 17-Aug-2020,2010.1,1980.05,2010.0,1980.05, 2010.00,2010.0,2001.24,111,2.22,8, 111, 100.00
L&TINFRA, N5, 17-Aug-2020,1029.83,1029.0,1029.0,1029.0, 1029.00,1029.0,1029.0,20,0.21,1, 20, 100.00
L&TINFRA, N6, 17-Aug-2020,2108.99,2109.0,2109.0,2101.3, 2106.00,2106.0,2106.06,936,19.71,31, 936, 100.00
LAGNAM, SM, 17-Aug-2020,8.55,8.55,8.75,8.55, 8.75,8.75,8.65,6000,0.52,2, 3000, 50.00
LAKPRE, BZ, 17-Aug-2020,3.9,4.05,4.05,4.05, 4.05,4.05,4.05,189,0.01,5, -, -
LAKSHVILAS, EQ, 17-Aug-2020,20.6,20.6,20.65,19.6, 20.05,19.95,20.14,393224,79.21,1467, 312552, 79.48
LALPATHLAB, EQ, 17-Aug-2020,1862.85,1866.5,1942.0,1853.1, 1918.00,1913.95,1914.29,350509,6709.74,21666, 85932, 24.52
LAMBODHARA, EQ, 17-Aug-2020,32.6,32.5,32.5,30.15, 30.45,30.65,31.37,19177,6.02,262, 15367, 80.13
LAOPALA, EQ, 17-Aug-2020,195.4,198.95,198.95,191.05, 193.75,193.35,193.55,62667,121.29,2094, 34794, 55.52
LASA, BE, 17-Aug-2020,55.95,58.0,58.7,56.3, 58.70,58.6,58.02,40956,23.76,333, -, -
LAURUSLABS, EQ, 17-Aug-2020,1009.95,1024.5,1049.5,1017.05, 1046.80,1044.3,1037.44,870576,9031.69,34146, 399243, 45.86
LAXMIMACH, EQ, 17-Aug-2020,3049.85,3030.0,3094.95,3000.0, 3025.00,3038.7,3022.07,6605,199.61,851, 5064, 76.67
LEMONTREE, EQ, 17-Aug-2020,30.7,29.35,30.0,29.2, 29.20,29.2,29.25,873730,255.59,2817, 690680, 79.05
LEXUS, SM, 17-Aug-2020,11.5,10.95,10.95,10.95, 10.95,10.95,10.95,2000,0.22,2, 2000, 100.00
LFIC, BE, 17-Aug-2020,51.3,51.9,51.9,49.75, 51.00,51.35,51.29,2097,1.08,20, -, -
LGBBROSLTD, EQ, 17-Aug-2020,226.95,229.8,232.05,215.0, 222.00,221.95,221.92,159968,355.0,4176, 76499, 47.82
LGBFORGE, BE, 17-Aug-2020,2.5,2.45,2.6,2.45, 2.60,2.6,2.59,19074,0.49,28, -, -
LIBAS, EQ, 17-Aug-2020,43.0,44.4,44.4,40.5, 41.05,40.95,41.49,22175,9.2,239, 16096, 72.59
LIBERTSHOE, EQ, 17-Aug-2020,135.65,136.1,137.35,135.3, 135.75,135.8,136.23,38816,52.88,1139, 20020, 51.58
LICHSGFIN, EQ, 17-Aug-2020,264.15,265.8,269.0,264.0, 267.00,267.0,266.95,2965164,7915.37,27733, 728375, 24.56
LICNETFGSC, EQ, 17-Aug-2020,21.34,21.55,21.55,21.14, 21.22,21.38,21.33,12264,2.62,110, 7818, 63.75
LICNETFN50, EQ, 17-Aug-2020,118.7,118.7,119.24,117.0, 118.74,118.74,118.96,233,0.28,20, 191, 81.97
LICNETFSEN, EQ, 17-Aug-2020,401.0,405.0,405.0,395.51, 403.00,402.77,404.05,92,0.37,11, 59, 64.13
LICNFNHGP, EQ, 17-Aug-2020,118.09,118.49,119.0,118.49, 118.49,118.7,118.53,108,0.13,8, 100, 92.59
LINCOLN, EQ, 17-Aug-2020,214.5,216.4,228.0,212.6, 224.00,224.75,222.26,365778,812.97,5967, 134997, 36.91
LINCPEN, EQ, 17-Aug-2020,164.3,163.0,169.85,161.9, 162.45,163.75,163.8,1590,2.6,69, 1023, 64.34
LINDEINDIA, EQ, 17-Aug-2020,734.95,745.0,763.3,727.3, 735.00,732.95,743.23,112738,837.9,3698, 69079, 61.27
LIQUIDBEES, EQ, 17-Aug-2020,1000.0,1000.0,1000.01,997.3, 1000.01,999.99,1000.0,757463,7574.61,3389, 569593, 75.20
LIQUIDETF, EQ, 17-Aug-2020,999.99,1000.05,1000.05,999.99, 1000.01,999.99,1000.0,39812,398.12,194, 37187, 93.41
LOKESHMACH, EQ, 17-Aug-2020,21.95,21.35,22.35,21.35, 22.10,22.05,21.99,16304,3.59,145, 10759, 65.99
LOTUSEYE, EQ, 17-Aug-2020,28.5,28.5,31.9,28.5, 30.50,31.15,30.86,20586,6.35,83, 19500, 94.72
LOVABLE, EQ, 17-Aug-2020,62.45,63.0,65.95,61.15, 64.90,64.8,63.93,131471,84.05,1522, 64371, 48.96
LPDC, BE, 17-Aug-2020,1.2,1.15,1.25,1.15, 1.25,1.25,1.23,2412,0.03,11, -, -
LSIL, BE, 17-Aug-2020,0.85,0.85,0.85,0.8, 0.85,0.85,0.82,695029,5.73,388, -, -
LT, EQ, 17-Aug-2020,982.8,1002.0,1007.0,987.7, 1000.30,1000.8,999.33,4735275,47320.92,106812, 1042845, 22.02
LTI, EQ, 17-Aug-2020,2440.0,2451.1,2468.9,2400.9, 2440.00,2440.9,2435.55,99081,2413.17,19279, 57551, 58.08
LTTS, EQ, 17-Aug-2020,1564.9,1570.0,1588.0,1526.8, 1549.90,1545.2,1546.06,44095,681.74,6225, 17895, 40.58
LUMAXIND, EQ, 17-Aug-2020,1391.9,1393.0,1435.0,1382.35, 1434.00,1417.65,1408.79,4546,64.04,725, 2198, 48.35
LUMAXTECH, EQ, 17-Aug-2020,95.85,94.6,98.4,94.6, 98.20,97.7,96.85,36503,35.35,799, 19429, 53.23
LUPIN, EQ, 17-Aug-2020,1018.2,1028.4,1035.0,994.5, 1003.20,1003.65,1006.98,7593652,76466.56,140528, 1043532, 13.74
LUXIND, EQ, 17-Aug-2020,1376.55,1390.0,1480.0,1377.9, 1408.00,1446.2,1435.22,254903,3658.43,17605, 54620, 21.43
LYKALABS, BE, 17-Aug-2020,20.55,21.45,21.45,19.75, 20.00,20.05,20.39,33134,6.76,113, -, -
LYPSAGEMS, EQ, 17-Aug-2020,3.5,3.6,3.6,3.35, 3.35,3.4,3.39,49003,1.66,73, 38913, 79.41
M&M, EQ, 17-Aug-2020,614.45,628.0,632.0,613.8, 623.50,623.6,624.06,5687653,35494.63,80790, 1228314, 21.60
M&MFIN, EQ, 17-Aug-2020,133.1,135.0,136.2,132.6, 133.60,133.3,134.23,5410137,7261.86,28558, 1100994, 20.35
M&MFIN, N1, 17-Aug-2020,1062.0,1119.0,1119.0,1060.5, 1080.00,1080.0,1080.55,106,1.15,3, 100, 94.34
M&MFIN, N2, 17-Aug-2020,1080.0,1078.0,1078.0,1078.0, 1078.00,1078.0,1078.0,69,0.74,1, 69, 100.00
M100, EQ, 17-Aug-2020,17.31,17.7,17.7,17.15, 17.24,17.21,17.27,23917,4.13,429, 18724, 78.29
M15RD, MF, 17-Aug-2020,5.29,5.8,5.8,5.8, 5.80,5.8,5.8,100,0.01,1, 100, 100.00
M15RG, MF, 17-Aug-2020,5.08,5.11,5.11,5.11, 5.11,5.11,5.11,1000,0.05,1, 1000, 100.00
M50, EQ, 17-Aug-2020,109.54,110.9,112.0,109.35, 110.80,110.8,110.04,3766,4.14,45, 2423, 64.34
MAANALU, EQ, 17-Aug-2020,64.05,64.2,74.4,64.2, 71.00,71.65,69.51,211134,146.75,3167, 79962, 37.87
MACPOWER, SM, 17-Aug-2020,51.75,53.9,54.3,49.2, 49.20,50.35,51.18,10710,5.48,20, 7650, 71.43
MADHAV, EQ, 17-Aug-2020,23.5,23.5,23.5,22.9, 23.40,23.4,23.35,1722,0.4,30, 929, 53.95
MADHUCON, BE, 17-Aug-2020,2.05,2.15,2.15,2.15, 2.15,2.15,2.15,5294,0.11,17, -, -
MADRASFERT, EQ, 17-Aug-2020,19.9,19.95,20.15,19.2, 19.50,19.5,19.53,108456,21.18,491, 67105, 61.87
MAGADSUGAR, EQ, 17-Aug-2020,124.05,123.3,126.0,122.85, 125.20,124.65,124.5,27276,33.96,801, 13500, 49.49
MAGMA, EQ, 17-Aug-2020,30.65,30.45,31.75,30.1, 30.80,30.65,30.99,540745,167.59,1499, 296039, 54.75
MAGMA, N4, 17-Aug-2020,1012.0,1003.95,1003.95,1003.95, 1003.95,1003.95,1003.95,50,0.5,1, 50, 100.00
MAGNUM, BE, 17-Aug-2020,5.9,5.9,5.9,5.65, 5.90,5.85,5.7,33329,1.9,22, -, -
MAHABANK, EQ, 17-Aug-2020,12.05,12.1,12.2,12.0, 12.05,12.05,12.08,1160519,140.16,1823, 689513, 59.41
MAHAPEXLTD, BE, 17-Aug-2020,61.0,61.0,61.0,61.0, 61.00,61.0,61.0,40,0.02,3, -, -
MAHASTEEL, EQ, 17-Aug-2020,106.3,109.6,109.6,102.75, 106.75,105.55,105.36,30665,32.31,284, 15020, 48.98
MAHEPC, EQ, 17-Aug-2020,157.45,158.9,162.4,156.5, 159.90,159.8,159.03,84391,134.21,2090, 32377, 38.37
MAHESHWARI, EQ, 17-Aug-2020,154.15,160.85,160.85,154.5, 157.65,156.5,156.71,9169,14.37,129, 1708, 18.63
MAHICKRA, SM, 17-Aug-2020,74.6,74.2,74.2,72.1, 72.15,72.3,73.24,18000,13.18,12, 15000, 83.33
MAHINDCIE, EQ, 17-Aug-2020,120.1,121.0,131.35,119.1, 125.95,124.95,126.4,394522,498.67,6644, 184619, 46.80
MAHLIFE, EQ, 17-Aug-2020,234.4,236.6,253.4,236.6, 250.05,250.25,246.39,240115,591.62,7244, 87646, 36.50
MAHLOG, EQ, 17-Aug-2020,293.55,295.9,298.5,291.6, 295.80,294.55,296.16,27427,81.23,1280, 16976, 61.90
MAHSCOOTER, EQ, 17-Aug-2020,2984.05,2983.0,3029.0,2983.0, 3012.00,3014.0,3008.6,3877,116.64,778, 2030, 52.36
MAHSEAMLES, EQ, 17-Aug-2020,212.15,214.9,215.6,211.0, 212.20,211.9,212.92,81989,174.57,3474, 48055, 58.61
MAITHANALL, EQ, 17-Aug-2020,494.95,502.95,512.15,495.45, 497.00,497.65,500.39,19913,99.64,1866, 10243, 51.44
MAJESCO, EQ, 17-Aug-2020,775.4,770.0,773.8,752.0, 761.90,758.15,759.32,113737,863.62,3789, 74477, 65.48
MALUPAPER, EQ, 17-Aug-2020,28.9,29.7,30.0,29.1, 29.30,29.35,29.52,21075,6.22,163, 13086, 62.09
MAN50ETF, EQ, 17-Aug-2020,113.8,114.3,114.7,113.2, 114.70,114.01,114.05,801,0.91,23, 661, 82.52
MANAKALUCO, EQ, 17-Aug-2020,8.35,8.1,8.6,7.95, 7.95,7.95,8.06,13158,1.06,58, 10187, 77.42
MANAKCOAT, EQ, 17-Aug-2020,4.3,4.5,4.5,4.1, 4.40,4.4,4.43,18912,0.84,29, 15762, 83.34
MANAKSIA, EQ, 17-Aug-2020,35.5,36.0,37.5,36.0, 36.30,36.45,36.66,44033,16.14,579, 25070, 56.93
MANAKSTEEL, EQ, 17-Aug-2020,9.75,9.3,9.95,9.3, 9.70,9.9,9.76,23727,2.32,117, 16632, 70.10
MANALIPETC, EQ, 17-Aug-2020,20.8,20.8,21.35,20.8, 21.20,21.05,21.05,222662,46.88,844, 143447, 64.42
MANAPPURAM, EQ, 17-Aug-2020,154.55,155.25,156.25,153.1, 154.05,154.0,154.06,3180889,4900.55,25147, 890811, 28.01
MANGALAM, BE, 17-Aug-2020,105.05,110.3,110.3,110.3, 110.30,110.3,110.3,12940,14.27,122, -, -
MANGCHEFER, EQ, 17-Aug-2020,33.4,34.0,34.0,33.45, 33.60,33.55,33.69,151441,51.02,733, 79207, 52.30
MANGLMCEM, EQ, 17-Aug-2020,197.75,196.0,199.75,196.0, 196.80,196.8,197.9,121252,239.96,724, 111954, 92.33
MANGTIMBER, EQ, 17-Aug-2020,9.0,8.55,9.45,8.55, 8.65,8.65,8.87,2027,0.18,24, 1713, 84.51
MANINDS, EQ, 17-Aug-2020,61.25,61.25,61.75,58.9, 59.30,59.75,60.02,1262096,757.52,8256, 515068, 40.81
MANINFRA, EQ, 17-Aug-2020,21.9,24.8,26.25,22.9, 26.25,25.8,24.93,4030639,1004.7,10750, 1509711, 37.46
MANUGRAPH, BE, 17-Aug-2020,10.7,11.2,11.2,10.35, 11.20,11.2,11.19,5184,0.58,19, -, -
MANXT50, EQ, 17-Aug-2020,273.84,273.84,275.0,270.0, 274.00,274.0,273.84,393,1.08,22, 279, 70.99
MARALOVER, EQ, 17-Aug-2020,14.1,15.0,15.0,12.75, 13.40,13.15,13.52,44551,6.02,245, 32179, 72.23
MARATHON, EQ, 17-Aug-2020,60.7,65.0,65.0,58.2, 62.50,61.75,60.97,62739,38.25,582, 14180, 22.60
MARICO, EQ, 17-Aug-2020,366.3,366.65,371.25,363.4, 369.75,370.0,367.16,1641903,6028.4,24507, 417340, 25.42
MARINE, SM, 17-Aug-2020,85.6,85.65,90.25,85.65, 87.60,87.55,87.73,10000,8.77,5, 4000, 40.00
MARKSANS, EQ, 17-Aug-2020,48.95,49.8,50.9,48.6, 49.60,49.6,49.96,2402832,1200.4,9013, 1488848, 61.96
MARSHALL, SM, 17-Aug-2020,9.9,10.35,10.35,9.45, 10.35,10.35,10.2,147000,15.0,39, 138000, 93.88
MARUTI, EQ, 17-Aug-2020,6588.2,6660.0,6789.95,6588.2, 6760.10,6768.4,6703.34,1028545,68946.91,80388, 151803, 14.76
MASFIN, EQ, 17-Aug-2020,651.75,675.0,684.0,657.0, 663.00,662.75,671.16,57948,388.92,2928, 41832, 72.19
MASKINVEST, BE, 17-Aug-2020,57.65,57.6,57.6,57.6, 57.60,57.6,57.6,350,0.2,1, -, -
MASTEK, EQ, 17-Aug-2020,672.75,675.0,704.95,665.65, 691.00,689.45,688.84,219545,1512.31,9432, 59123, 26.93
MATRIMONY, EQ, 17-Aug-2020,564.3,598.0,598.0,550.0, 555.10,557.65,564.79,4939,27.9,725, 3090, 62.56
MAWANASUG, BE, 17-Aug-2020,29.95,30.7,31.4,30.2, 31.35,31.25,30.74,79191,24.34,360, -, -
MAXVIL, EQ, 17-Aug-2020,38.0,38.4,38.6,37.25, 37.70,38.0,38.0,81217,30.86,416, 60758, 74.81
MAYURUNIQ, EQ, 17-Aug-2020,251.6,254.0,255.0,244.0, 246.00,245.4,248.72,99774,248.16,6234, 56775, 56.90
MAZDA, EQ, 17-Aug-2020,336.0,350.0,350.0,338.0, 343.00,345.5,343.31,6546,22.47,472, 4462, 68.16
MBAPL, BE, 17-Aug-2020,67.25,69.3,69.3,68.0, 68.00,68.0,68.49,813,0.56,11, -, -
MBECL, BE, 17-Aug-2020,4.95,5.15,5.15,4.75, 5.15,5.15,5.14,18623,0.96,45, -, -
MBLINFRA, BE, 17-Aug-2020,6.6,6.6,6.9,6.6, 6.90,6.9,6.89,24940,1.72,43, -, -
MCDHOLDING, EQ, 17-Aug-2020,25.0,25.0,25.3,23.95, 24.15,24.3,24.33,32935,8.01,202, 25915, 78.69
MCDOWELL-N, EQ, 17-Aug-2020,584.15,588.0,588.0,577.9, 586.55,585.2,583.72,1126715,6576.89,19016, 333798, 29.63
MCL, SM, 17-Aug-2020,72.4,71.0,71.0,70.0, 70.00,70.0,70.5,2400,1.69,2, 2400, 100.00
MCLEODRUSS, BE, 17-Aug-2020,16.7,17.5,17.5,17.5, 17.50,17.5,17.5,1541186,269.71,697, -, -
MCX, EQ, 17-Aug-2020,1657.8,1681.35,1681.35,1572.7, 1590.00,1591.2,1598.56,529500,8464.35,34505, 230360, 43.51
MEGASOFT, EQ, 17-Aug-2020,7.5,7.55,7.95,7.35, 7.70,7.8,7.73,60284,4.66,147, 54624, 90.61
MEGH, EQ, 17-Aug-2020,69.45,70.45,71.9,68.6, 71.15,71.15,70.46,2662315,1875.88,13404, 874983, 32.87
MELSTAR, BZ, 17-Aug-2020,1.85,1.9,1.9,1.9, 1.90,1.9,1.9,1,0.0,1, -, -
MENONBE, EQ, 17-Aug-2020,42.25,42.9,43.95,40.3, 40.95,40.65,41.74,54488,22.74,774, 29844, 54.77
MEP, BE, 17-Aug-2020,17.9,18.7,18.75,18.05, 18.75,18.75,18.64,108299,20.19,214, -, -
MERCATOR, BE, 17-Aug-2020,1.15,1.1,1.1,1.1, 1.10,1.1,1.1,208916,2.3,159, -, -
METALFORGE, EQ, 17-Aug-2020,4.8,5.0,5.0,5.0, 5.00,5.0,5.0,1246,0.06,7, 1246, 100.00
METKORE, BZ, 17-Aug-2020,0.75,0.75,0.75,0.7, 0.70,0.7,0.73,8096,0.06,7, -, -
METROPOLIS, EQ, 17-Aug-2020,1674.3,1693.7,1721.55,1645.0, 1700.00,1699.15,1700.19,98958,1682.47,9561, 37688, 38.08
MFSL, EQ, 17-Aug-2020,523.1,525.0,528.75,514.9, 522.95,521.15,520.17,385587,2005.72,17231, 154143, 39.98
MGEL, SM, 17-Aug-2020,58.35,62.8,63.0,60.1, 61.00,61.0,61.07,112000,68.4,48, 106000, 94.64
MGL, EQ, 17-Aug-2020,971.85,978.0,978.0,952.0, 958.30,957.7,959.93,837705,8041.39,36127, 407766, 48.68
MHHL, SM, 17-Aug-2020,22.15,23.2,23.2,23.1, 23.20,23.2,23.18,12000,2.78,4, 12000, 100.00
MHRIL, EQ, 17-Aug-2020,173.0,174.65,177.5,163.95, 166.00,165.6,168.53,132919,224.01,4016, 88787, 66.80
MIC, BE, 17-Aug-2020,0.65,0.6,0.65,0.6, 0.60,0.6,0.61,89196,0.54,60, -, -
MIDHANI, EQ, 17-Aug-2020,209.75,210.15,211.7,207.1, 208.95,209.75,209.19,530669,1110.12,10718, 204962, 38.62
MINDACORP, EQ, 17-Aug-2020,72.25,73.5,75.5,71.5, 73.75,73.7,74.0,623268,461.25,4773, 269624, 43.26
MINDAIND, EQ, 17-Aug-2020,285.1,287.9,287.9,280.3, 284.00,283.35,283.42,189102,535.95,6726, 125671, 66.46
MINDSPACE, RR, 17-Aug-2020,300.2,299.2,301.0,299.2, 300.05,300.04,300.11,644000,1932.74,762, 608200, 94.44
MINDTECK, EQ, 17-Aug-2020,29.05,29.95,31.95,29.25, 31.95,31.95,31.09,45256,14.07,461, 27908, 61.67
MINDTREE, EQ, 17-Aug-2020,1135.95,1139.0,1177.45,1137.5, 1166.55,1163.4,1165.71,897903,10466.98,37101, 206393, 22.99
MIRCELECTR, BE, 17-Aug-2020,9.5,9.8,9.95,9.6, 9.95,9.95,9.91,480338,47.58,938, -, -
MIRZAINT, EQ, 17-Aug-2020,49.55,49.95,50.15,49.1, 49.35,49.55,49.49,146478,72.49,1261, 75831, 51.77
MITTAL, EQ, 17-Aug-2020,24.4,23.2,23.2,23.2, 23.20,23.2,23.2,5898,1.37,86, 5898, 100.00
MMFL, EQ, 17-Aug-2020,271.45,274.0,284.7,271.5, 284.00,281.2,277.84,14459,40.17,364, 12176, 84.21
MMP, EQ, 17-Aug-2020,70.4,71.0,75.0,70.3, 72.00,73.2,72.54,7560,5.48,154, 5116, 67.67
MMTC, EQ, 17-Aug-2020,18.9,19.15,19.35,18.9, 19.00,19.0,19.09,705817,134.76,1546, 281045, 39.82
MODIRUBBER, BE, 17-Aug-2020,34.05,32.35,34.55,32.35, 32.35,32.35,33.01,357,0.12,15, -, -
MOHOTAIND, BE, 17-Aug-2020,9.3,9.25,9.75,9.25, 9.75,9.75,9.5,3332,0.32,15, -, -
MOIL, EQ, 17-Aug-2020,148.9,149.45,149.45,145.5, 148.00,148.1,147.18,140375,206.61,3171, 67836, 48.32
MOLDTECH, EQ, 17-Aug-2020,39.85,39.9,39.95,38.35, 39.95,39.65,39.22,74746,29.32,410, 64980, 86.93
MOLDTKPAC, EQ, 17-Aug-2020,283.55,284.0,288.0,280.2, 281.35,284.1,284.44,42888,121.99,1584, 25432, 59.30
MONTECARLO, EQ, 17-Aug-2020,162.45,163.9,168.4,161.25, 165.00,164.2,164.78,89070,146.77,2368, 43054, 48.34
MORARJEE, EQ, 17-Aug-2020,11.25,11.7,11.7,10.7, 11.45,11.4,11.44,2847,0.33,33, 2213, 77.73
MOREPENLAB, EQ, 17-Aug-2020,23.65,24.2,24.2,23.3, 23.80,23.65,23.72,726317,172.31,1918, 420405, 57.88
MOTHERSUMI, EQ, 17-Aug-2020,120.0,119.0,128.3,118.45, 127.20,127.05,125.21,36389380,45562.15,164285, 6059017, 16.65
MOTILALOFS, EQ, 17-Aug-2020,665.8,668.0,680.8,662.45, 676.00,672.3,674.77,95955,647.48,3616, 24034, 25.05
MOTOGENFIN, BE, 17-Aug-2020,16.65,17.45,17.45,16.75, 16.75,16.75,17.3,2109,0.36,21, -, -
MPHASIS, EQ, 17-Aug-2020,1194.3,1200.0,1225.0,1181.25, 1213.00,1214.6,1203.96,105873,1274.66,8706, 41575, 39.27
MPSLTD, EQ, 17-Aug-2020,441.8,458.0,458.0,432.0, 434.80,435.0,443.56,20414,90.55,1374, 16810, 82.35
MPTODAY, SM, 17-Aug-2020,14.25,13.8,13.8,13.8, 13.80,13.8,13.8,6000,0.83,1, 6000, 100.00
MRF, EQ, 17-Aug-2020,61433.75,62199.0,62282.15,59940.4, 60199.00,60148.05,60439.38,32399,19581.76,16896, 10640, 32.84
MRO-TEK, EQ, 17-Aug-2020,28.05,28.1,29.0,26.65, 28.00,27.15,28.04,8600,2.41,31, 8126, 94.49
MRPL, EQ, 17-Aug-2020,33.35,33.75,33.8,32.65, 32.90,32.9,33.11,1477870,489.29,4128, 993434, 67.22
MSPL, BE, 17-Aug-2020,7.4,7.65,7.65,7.05, 7.25,7.25,7.27,4444,0.32,44, -, -
MSTCLTD, EQ, 17-Aug-2020,147.15,149.6,158.9,145.05, 157.60,157.3,152.75,857646,1310.03,11866, 269556, 31.43
MTEDUCARE, EQ, 17-Aug-2020,13.8,14.3,14.3,13.8, 13.90,14.0,14.05,184474,25.92,306, 177901, 96.44
MTNL, EQ, 17-Aug-2020,9.25,9.35,9.4,9.25, 9.35,9.35,9.33,465423,43.42,16635, 275369, 59.17
MUKANDENGG, BE, 17-Aug-2020,8.6,9.0,9.0,8.3, 8.40,8.4,8.54,1924,0.16,23, -, -
MUKANDLTD, BE, 17-Aug-2020,25.9,25.9,27.0,24.7, 25.10,25.75,25.8,26731,6.9,133, -, -
MUKTAARTS, BE, 17-Aug-2020,26.35,27.65,27.65,25.5, 27.00,27.6,27.36,26842,7.34,171, -, -
MUNJALAU, EQ, 17-Aug-2020,49.45,49.9,55.0,48.8, 54.80,54.4,52.9,1744392,922.83,10220, 758951, 43.51
MUNJALSHOW, EQ, 17-Aug-2020,117.2,119.95,128.9,117.0, 128.90,128.9,126.28,126716,160.02,1540, 92972, 73.37
MURUDCERA, EQ, 17-Aug-2020,16.1,17.2,17.3,16.3, 16.60,16.65,16.74,166410,27.85,673, 99453, 59.76
MUTHOOTCAP, EQ, 17-Aug-2020,364.45,372.0,375.3,362.15, 368.05,369.15,369.9,19896,73.6,1020, 8253, 41.48
MUTHOOTFIN, EQ, 17-Aug-2020,1212.95,1228.5,1242.95,1202.2, 1226.05,1227.2,1225.04,2691791,32975.46,80088, 941602, 34.98
N100, EQ, 17-Aug-2020,820.85,824.0,829.0,815.0, 826.40,826.57,827.19,19134,158.27,1165, 14901, 77.88
NABARD, N2, 17-Aug-2020,1267.0,1265.01,1265.5,1265.0, 1265.50,1265.5,1265.42,300,3.8,3, 300, 100.00
NACLIND, EQ, 17-Aug-2020,39.65,39.65,40.9,37.55, 40.75,40.5,39.79,67225,26.75,566, 49097, 73.03
NAGAFERT, BE, 17-Aug-2020,4.95,5.0,5.0,4.75, 4.80,4.8,4.83,152851,7.38,269, -, -
NAGREEKEXP, EQ, 17-Aug-2020,15.95,15.85,16.75,15.3, 15.50,15.4,15.65,23345,3.65,127, 19562, 83.80
NAHARCAP, EQ, 17-Aug-2020,69.5,73.4,74.65,71.1, 74.45,74.25,73.24,55271,40.48,679, 43214, 78.19
NAHARINDUS, EQ, 17-Aug-2020,26.55,26.0,27.8,26.0, 26.75,27.05,26.98,6144,1.66,380, 4101, 66.75
NAHARPOLY, EQ, 17-Aug-2020,70.05,71.0,73.95,70.2, 72.50,72.2,72.48,50688,36.74,1032, 33322, 65.74
NAHARSPING, EQ, 17-Aug-2020,38.4,40.5,42.45,38.3, 39.80,39.55,40.13,72778,29.2,754, 40922, 56.23
NAM-INDIA, EQ, 17-Aug-2020,268.6,268.9,270.45,261.8, 265.50,265.05,264.0,851727,2248.56,32938, 477007, 56.00
NATCOPHARM, EQ, 17-Aug-2020,829.6,830.0,834.0,811.0, 813.00,817.8,819.84,308439,2528.72,14636, 134339, 43.55
NATHBIOGEN, EQ, 17-Aug-2020,328.55,324.0,329.0,314.5, 315.85,315.5,318.07,72237,229.76,2620, 50910, 70.48
NATIONALUM, EQ, 17-Aug-2020,35.15,35.25,35.9,34.95, 35.75,35.7,35.4,9968912,3528.64,17382, 3056544, 30.66
NATNLSTEEL, BE, 17-Aug-2020,2.3,2.4,2.4,2.4, 2.40,2.4,2.4,2751,0.07,5, -, -
NAUKRI, EQ, 17-Aug-2020,3246.15,3292.25,3313.75,3242.0, 3290.00,3271.85,3263.31,203240,6632.35,14720, 75172, 36.99
NAVINFLUOR, EQ, 17-Aug-2020,1968.85,2004.0,2025.0,1977.95, 2009.00,1998.6,1999.65,50420,1008.22,7783, 24403, 48.40
NAVKARCORP, EQ, 17-Aug-2020,25.05,25.25,25.55,24.95, 25.20,25.15,25.19,133064,33.52,629, 84545, 63.54
NAVNETEDUL, EQ, 17-Aug-2020,77.45,79.45,79.45,77.45, 77.75,78.1,78.12,70633,55.18,1917, 32895, 46.57
NBCC, EQ, 17-Aug-2020,26.8,28.0,28.25,27.1, 27.45,27.5,27.53,21325012,5870.85,71072, 8509583, 39.90
NBIFIN, EQ, 17-Aug-2020,1601.6,1512.25,1613.95,1512.25, 1570.00,1601.55,1575.61,39,0.61,11, 27, 69.23
NBVENTURES, EQ, 17-Aug-2020,53.35,54.6,55.25,53.45, 53.60,53.7,54.22,551505,299.04,5595, 292142, 52.97
NCC, EQ, 17-Aug-2020,32.1,33.5,33.75,32.75, 33.05,33.05,33.07,13571945,4487.83,24293, 5559351, 40.96
NCLIND, EQ, 17-Aug-2020,90.1,94.0,96.0,90.2, 90.40,90.85,92.64,1278931,1184.78,8189, 735999, 57.55
NDGL, EQ, 17-Aug-2020,603.0,592.0,626.8,589.95, 623.95,619.25,614.47,564,3.47,55, 290, 51.42
NDL, EQ, 17-Aug-2020,23.9,25.0,26.8,23.0, 24.80,25.15,25.41,286833,72.88,1694, 140793, 49.09
NDRAUTO, EQ, 17-Aug-2020,200.5,214.8,220.55,205.0, 220.55,220.55,217.73,63185,137.58,1592, 28281, 44.76
NDTV, BE, 17-Aug-2020,35.35,35.35,37.1,35.35, 37.00,36.45,36.21,27364,9.91,185, -, -
NECCLTD, EQ, 17-Aug-2020,9.7,9.25,9.85,9.25, 9.30,9.25,9.32,60652,5.66,184, 47044, 77.56
NECLIFE, EQ, 17-Aug-2020,21.5,22.2,22.2,21.55, 21.85,21.9,21.83,333868,72.9,951, 206755, 61.93
NELCAST, EQ, 17-Aug-2020,50.4,50.55,53.25,49.8, 52.30,52.5,52.01,414482,215.57,3247, 210350, 50.75
NELCO, EQ, 17-Aug-2020,212.9,214.6,215.4,209.2, 210.45,210.45,211.39,56204,118.81,1772, 29151, 51.87
NEOGEN, EQ, 17-Aug-2020,624.65,627.5,633.55,619.0, 628.00,623.25,625.23,11265,70.43,1077, 6151, 54.60
NESCO, EQ, 17-Aug-2020,518.65,528.0,541.95,522.1, 534.25,535.7,534.06,363455,1941.07,12118, 91230, 25.10
NESTLEIND, EQ, 17-Aug-2020,16354.7,16450.0,16524.5,16313.75, 16426.50,16422.9,16428.89,62584,10281.86,15569, 25668, 41.01
NETF, EQ, 17-Aug-2020,112.38,115.97,115.97,112.39, 115.24,113.3,114.8,169,0.19,10, 150, 88.76
NETFCONSUM, EQ, 17-Aug-2020,54.34,62.0,62.0,53.0, 53.53,53.54,53.54,3045,1.63,51, 2503, 82.20
NETFDIVOPP, EQ, 17-Aug-2020,28.64,28.64,28.75,28.07, 28.53,28.51,28.52,2541,0.72,33, 2537, 99.84
NETFIT, EQ, 17-Aug-2020,18.14,18.48,18.5,18.14, 18.25,18.25,18.26,8898,1.62,84, 8147, 91.56
NETFLTGILT, EQ, 17-Aug-2020,21.97,21.97,21.97,21.86, 21.96,21.95,21.93,49011,10.75,96, 42055, 85.81
NETFMID150, EQ, 17-Aug-2020,62.26,62.31,62.89,62.26, 62.85,62.54,62.58,38390,24.02,622, 25933, 67.55
NETFNIF100, EQ, 17-Aug-2020,115.45,117.0,117.0,115.0, 117.00,117.0,116.9,231,0.27,10, 231, 100.00
NETFNV20, EQ, 17-Aug-2020,59.37,58.53,59.95,58.02, 59.85,59.86,59.58,12042,7.17,56, 8149, 67.67
NETWORK18, EQ, 17-Aug-2020,40.15,40.55,40.65,39.8, 39.90,39.9,40.02,670772,268.41,4060, 413407, 61.63
NEULANDLAB, EQ, 17-Aug-2020,802.6,812.0,854.9,797.05, 852.95,850.25,834.76,198746,1659.05,7410, 122122, 61.45
NEWGEN, EQ, 17-Aug-2020,178.7,180.9,181.0,177.85, 178.15,178.8,178.94,23744,42.49,957, 14368, 60.51
NEXTMEDIA, BE, 17-Aug-2020,5.7,5.95,5.95,5.95, 5.95,5.95,5.95,5709,0.34,12, -, -
NFL, EQ, 17-Aug-2020,36.2,36.9,36.9,36.1, 36.50,36.4,36.48,506145,184.64,3527, 253483, 50.08
NH, EQ, 17-Aug-2020,332.55,339.0,349.75,327.4, 347.15,346.0,341.74,253148,865.1,10702, 148615, 58.71
NHAI, N1, 17-Aug-2020,1123.99,1125.0,1128.6,1124.0, 1128.60,1128.25,1127.88,11673,131.66,33, 11133, 95.37
NHAI, N2, 17-Aug-2020,1278.06,1280.0,1280.7,1280.0, 1280.70,1280.7,1280.27,4067,52.07,21, 3817, 93.85
NHAI, N4, 17-Aug-2020,1234.0,1234.95,1235.0,1234.95, 1235.00,1235.0,1235.0,185,2.28,5, 185, 100.00
NHAI, N6, 17-Aug-2020,1324.67,1330.0,1333.99,1330.0, 1333.99,1333.99,1332.91,48,0.64,3, 48, 100.00
NHAI, N8, 17-Aug-2020,1169.0,1169.0,1179.99,1169.0, 1179.99,1179.99,1176.21,291,3.42,5, 291, 100.00
NHAI, N9, 17-Aug-2020,1250.0,1260.0,1260.0,1260.0, 1260.00,1260.0,1260.0,1,0.01,1, 1, 100.00
NHAI, NA, 17-Aug-2020,1263.08,1263.0,1265.7,1263.0, 1265.00,1265.0,1264.88,612,7.74,9, 250, 40.85
NHAI, NE, 17-Aug-2020,1303.74,1303.01,1305.0,1303.0, 1305.00,1305.0,1303.56,1290,16.82,6, 1290, 100.00
NHBTF2014, N6, 17-Aug-2020,7350.0,7336.0,7337.05,7336.0, 7337.05,7337.05,7336.48,44,3.23,3, 44, 100.00
NHBTF2023, N6, 17-Aug-2020,6660.0,6657.0,6657.0,6640.0, 6640.00,6640.0,6655.9,141,9.38,8, 141, 100.00
NHPC, EQ, 17-Aug-2020,20.65,20.75,21.1,20.6, 20.70,20.7,20.74,3355811,696.01,5191, 1853503, 55.23
NHPC, N5, 17-Aug-2020,1340.0,1409.9,1409.9,1409.9, 1409.90,1409.9,1409.9,2,0.03,2, 2, 100.00
NIACL, EQ, 17-Aug-2020,116.2,120.95,120.95,117.0, 118.95,118.85,118.53,1110143,1315.83,14600, 283165, 25.51
NIBL, BE, 17-Aug-2020,6.0,6.2,6.3,6.0, 6.05,6.05,6.22,8072,0.5,31, -, -
NIFTYBEES, EQ, 17-Aug-2020,119.26,120.45,120.9,119.0, 119.99,119.88,119.62,1696683,2029.5,10799, 842733, 49.67
NIFTYEES, EQ, 17-Aug-2020,14550.0,14000.0,14674.0,14000.0, 14674.00,14674.0,14337.0,2,0.29,2, 1, 50.00
NIITLTD, EQ, 17-Aug-2020,101.85,103.5,104.6,97.75, 98.10,98.35,100.06,948438,949.01,19390, 459069, 48.40
NIITTECH, EQ, 17-Aug-2020,1976.1,1994.25,2049.0,1978.3, 1996.00,1995.45,2018.79,798426,16118.55,36114, 56868, 7.12
NILAINFRA, EQ, 17-Aug-2020,5.15,5.3,5.55,5.15, 5.30,5.4,5.36,465542,24.98,714, 319664, 68.66
NILASPACES, EQ, 17-Aug-2020,1.3,1.25,1.35,1.25, 1.35,1.35,1.27,796184,10.14,351, 618551, 77.69
NILKAMAL, EQ, 17-Aug-2020,1239.1,1239.1,1256.0,1232.95, 1252.05,1253.35,1245.89,6425,80.05,756, 4098, 63.78
NIPPOBATRY, EQ, 17-Aug-2020,562.7,562.7,580.0,558.25, 559.00,563.0,564.75,1521,8.59,286, 735, 48.32
NITCO, EQ, 17-Aug-2020,22.1,23.2,23.2,21.0, 21.10,21.15,21.72,626429,136.07,2255, 373595, 59.64
NITINFIRE, BZ, 17-Aug-2020,0.75,0.75,0.8,0.7, 0.80,0.8,0.77,69540,0.54,26, -, -
NITINSPIN, EQ, 17-Aug-2020,40.65,40.0,41.0,39.95, 40.40,40.25,40.26,24647,9.92,291, 15928, 64.62
NKIND, BE, 17-Aug-2020,23.9,23.9,25.05,23.9, 24.50,24.5,24.68,370,0.09,7, -, -
NLCINDIA, EQ, 17-Aug-2020,50.3,50.85,51.8,50.8, 51.35,51.3,51.2,635248,325.23,3126, 261257, 41.13
NMDC, EQ, 17-Aug-2020,93.1,94.2,95.9,93.5, 94.90,94.75,94.86,6333923,6008.52,29372, 1837201, 29.01
NOCIL, EQ, 17-Aug-2020,113.05,114.0,125.9,111.7, 121.30,121.9,118.22,4915906,5811.41,28108, 1413071, 28.74
NOIDATOLL, BE, 17-Aug-2020,3.45,3.35,3.6,3.35, 3.45,3.45,3.47,110117,3.82,204, -, -
NORBTEAEXP, BE, 17-Aug-2020,9.25,9.7,9.7,9.7, 9.70,9.7,9.7,2415,0.23,9, -, -
NPBET, EQ, 17-Aug-2020,119.5,119.02,122.77,119.02, 119.02,119.02,119.32,16,0.02,7, 15, 93.75
NRAIL, EQ, 17-Aug-2020,209.25,216.0,216.0,204.05, 205.00,205.25,207.2,10811,22.4,722, 7263, 67.18
NRBBEARING, EQ, 17-Aug-2020,76.5,77.15,79.3,76.7, 78.40,78.15,78.2,218482,170.86,2349, 106040, 48.53
NSIL, EQ, 17-Aug-2020,674.65,661.05,699.3,661.05, 678.00,672.05,677.29,539,3.65,160, 261, 48.42
NTL, BE, 17-Aug-2020,0.8,0.8,0.8,0.75, 0.75,0.75,0.76,18563,0.14,26, -, -
NTPC, EQ, 17-Aug-2020,88.4,89.4,96.5,89.4, 95.00,95.3,94.19,115117580,108431.57,274111, 20256834, 17.60
NTPC, N4, 17-Aug-2020,1202.2,1170.1,1170.1,1170.1, 1170.10,1170.1,1170.1,1,0.01,1, 1, 100.00
NTPC, N7, 17-Aug-2020,13.95,13.95,14.1,13.95, 14.10,14.04,14.02,65555,9.19,112, 60409, 92.15
NTPC, NB, 17-Aug-2020,1189.99,1186.0,1186.0,1186.0, 1186.00,1186.0,1186.0,9,0.11,1, 9, 100.00
NUCLEUS, EQ, 17-Aug-2020,444.3,448.9,454.0,445.3, 451.00,449.4,451.28,186858,843.26,4568, 82972, 44.40
NXTDIGITAL, EQ, 17-Aug-2020,594.15,595.0,618.55,590.0, 610.00,610.35,601.28,10677,64.2,523, 7439, 69.67
OAL, EQ, 17-Aug-2020,307.45,311.0,314.9,302.2, 307.00,306.8,306.66,15799,48.45,504, 9602, 60.78
OBEROIRLTY, EQ, 17-Aug-2020,364.45,370.0,372.8,349.25, 351.20,350.35,356.31,443231,1579.29,18084, 246133, 55.53
OCCL, EQ, 17-Aug-2020,791.2,809.95,809.95,786.0, 791.00,794.25,796.38,4164,33.16,439, 2926, 70.27
OFSS, EQ, 17-Aug-2020,3019.65,3067.0,3067.3,3030.3, 3050.10,3055.55,3053.02,38375,1171.6,6567, 23473, 61.17
OIL, EQ, 17-Aug-2020,94.1,95.0,95.9,94.25, 95.65,95.75,95.2,504071,479.86,4963, 263349, 52.24
OILCOUNTUB, BE, 17-Aug-2020,4.3,4.3,4.5,4.2, 4.40,4.4,4.35,18925,0.82,38, -, -
OISL, BE, 17-Aug-2020,3.1,3.1,3.25,3.1, 3.25,3.25,3.23,33190,1.07,78, -, -
OLECTRA, EQ, 17-Aug-2020,70.5,73.8,73.8,67.2, 68.80,68.55,68.92,75957,52.35,1433, 50174, 66.06
OMAXAUTO, EQ, 17-Aug-2020,45.55,46.3,50.3,42.1, 42.50,42.45,43.89,115305,50.6,1405, 60661, 52.61
OMAXE, EQ, 17-Aug-2020,74.45,75.15,76.0,73.8, 75.25,75.3,74.43,150959,112.36,1070, 129960, 86.09
OMKARCHEM, BE, 17-Aug-2020,6.0,5.7,6.3,5.7, 6.00,6.0,6.07,31963,1.94,88, -, -
OMMETALS, BE, 17-Aug-2020,14.55,15.0,15.25,14.75, 15.20,15.15,15.05,31560,4.75,86, -, -
ONELIFECAP, EQ, 17-Aug-2020,6.8,7.0,7.0,6.6, 6.70,6.75,6.72,1375,0.09,12, 1050, 76.36
ONEPOINT, EQ, 17-Aug-2020,13.55,13.5,14.5,13.1, 14.10,14.05,14.05,14664,2.06,97, 10729, 73.17
ONGC, EQ, 17-Aug-2020,77.1,77.5,79.8,77.4, 79.35,79.3,78.8,13612342,10726.19,50571, 4978676, 36.57
ONMOBILE, EQ, 17-Aug-2020,36.5,38.05,38.3,36.9, 38.30,38.3,37.75,145244,54.83,595, 122730, 84.50
ONWARDTEC, EQ, 17-Aug-2020,63.35,62.8,65.3,62.8, 63.85,63.3,63.96,7689,4.92,140, 4679, 60.85
OPTIEMUS, BE, 17-Aug-2020,32.4,34.0,34.0,34.0, 34.00,34.0,34.0,1139,0.39,5, -, -
OPTOCIRCUI, BE, 17-Aug-2020,7.3,7.45,7.65,7.2, 7.65,7.65,7.51,751896,56.46,879, -, -
ORBTEXP, EQ, 17-Aug-2020,68.1,68.1,69.95,66.1, 69.20,68.7,67.84,41636,28.24,779, 14480, 34.78
ORICONENT, EQ, 17-Aug-2020,17.2,17.35,17.75,17.25, 17.65,17.6,17.56,56689,9.96,233, 42242, 74.52
ORIENTABRA, EQ, 17-Aug-2020,17.4,17.6,18.05,17.3, 17.85,17.95,17.87,37363,6.68,175, 29688, 79.46
ORIENTALTL, BE, 17-Aug-2020,12.0,12.0,12.0,11.4, 11.40,11.4,11.44,7320,0.84,43, -, -
ORIENTBELL, EQ, 17-Aug-2020,80.75,85.9,85.95,82.0, 82.50,82.6,83.34,73664,61.39,1150, 37379, 50.74
ORIENTCEM, EQ, 17-Aug-2020,67.55,69.0,69.0,66.6, 67.40,67.25,67.5,213023,143.79,1856, 104944, 49.26
ORIENTELEC, EQ, 17-Aug-2020,175.4,175.75,179.35,173.3, 176.05,176.2,176.59,137201,242.28,3535, 63211, 46.07
ORIENTHOT, BE, 17-Aug-2020,21.95,21.95,22.15,20.9, 21.35,21.05,21.22,32494,6.9,155, -, -
ORIENTLTD, BE, 17-Aug-2020,66.7,64.0,64.0,64.0, 64.00,64.0,64.0,10,0.01,1, -, -
ORIENTPPR, EQ, 17-Aug-2020,19.5,19.8,19.8,19.1, 19.30,19.4,19.59,359128,70.35,1146, 225994, 62.93
ORIENTREF, EQ, 17-Aug-2020,182.25,186.4,186.4,177.6, 181.00,181.0,180.92,47225,85.44,1322, 27213, 57.62
ORISSAMINE, EQ, 17-Aug-2020,2695.25,2696.0,2724.0,2502.3, 2550.00,2523.8,2564.85,50174,1286.89,8386, 15977, 31.84
ORTEL, BZ, 17-Aug-2020,1.35,1.3,1.35,1.3, 1.35,1.35,1.34,5795,0.08,14, -, -
ORTINLABSS, BE, 17-Aug-2020,20.5,21.3,21.5,20.55, 21.50,21.5,21.35,71791,15.33,214, -, -
OSWALAGRO, EQ, 17-Aug-2020,8.65,8.95,9.0,8.35, 8.60,8.55,8.68,57005,4.95,308, 37938, 66.55
PAGEIND, EQ, 17-Aug-2020,18948.25,19105.0,19480.4,18780.45, 19400.00,19340.3,19203.06,25571,4910.41,7686, 7881, 30.82
PAISALO, EQ, 17-Aug-2020,414.85,417.75,417.75,383.95, 399.00,399.45,408.23,16678,68.08,424, 7843, 47.03
PALASHSECU, BE, 17-Aug-2020,25.45,26.5,26.7,25.55, 26.50,26.5,26.49,1336,0.35,11, -, -
PALREDTEC, BE, 17-Aug-2020,18.7,18.6,18.6,17.8, 17.80,17.8,17.83,2376,0.42,28, -, -
PANACEABIO, EQ, 17-Aug-2020,194.25,198.0,198.3,189.0, 191.00,189.85,191.07,149169,285.01,3347, 91977, 61.66
PANACHE, EQ, 17-Aug-2020,56.1,58.5,58.55,56.0, 56.00,56.0,58.23,10899,6.35,13, 634, 5.82
PANAMAPET, EQ, 17-Aug-2020,42.35,42.35,43.85,41.2, 41.75,41.6,41.72,77924,32.51,632, 65866, 84.53
PANSARI, SM, 17-Aug-2020,22.0,22.0,22.0,22.0, 22.00,22.0,22.0,6000,1.32,1, 6000, 100.00
PAPERPROD, EQ, 17-Aug-2020,252.9,259.0,261.1,248.0, 248.40,248.9,252.52,259595,655.53,4163, 193915, 74.70
PARABDRUGS, BZ, 17-Aug-2020,2.35,2.4,2.45,2.25, 2.30,2.3,2.38,24411,0.58,29, -, -
PARACABLES, EQ, 17-Aug-2020,6.75,7.0,7.4,6.9, 7.20,7.15,7.14,444310,31.73,680, 354174, 79.71
PARAGMILK, EQ, 17-Aug-2020,105.05,107.0,113.45,104.5, 111.15,111.1,110.31,3287760,3626.57,20877, 1131427, 34.41
PARSVNATH, BE, 17-Aug-2020,3.3,3.45,3.45,3.3, 3.45,3.4,3.43,152770,5.25,139, -, -
PATELENG, EQ, 17-Aug-2020,14.25,14.5,14.7,14.0, 14.10,14.15,14.22,196195,27.91,683, 130442, 66.49
PATINTLOG, EQ, 17-Aug-2020,22.4,23.0,23.2,21.65, 23.20,22.5,22.4,19238,4.31,253, 13723, 71.33
PATSPINLTD, BE, 17-Aug-2020,4.75,4.75,4.75,4.75, 4.75,4.75,4.75,299,0.01,3, -, -
PCJEWELLER, EQ, 17-Aug-2020,16.3,16.45,16.45,15.65, 15.90,15.9,15.91,1965808,312.84,3621, 1072237, 54.54
PDMJEPAPER, EQ, 17-Aug-2020,15.0,15.3,15.3,14.65, 14.85,14.85,14.86,85038,12.64,355, 58001, 68.21
PDSMFL, EQ, 17-Aug-2020,267.0,274.0,274.0,265.0, 265.85,266.4,266.32,404,1.08,45, 266, 65.84
PEARLPOLY, BE, 17-Aug-2020,20.95,20.0,20.95,20.0, 20.10,20.1,20.11,6262,1.26,13, -, -
PEL, EQ, 17-Aug-2020,1432.1,1445.0,1461.45,1421.55, 1446.50,1446.45,1444.22,828635,11967.31,24906, 93004, 11.22
PENIND, EQ, 17-Aug-2020,16.5,16.95,17.0,16.25, 16.55,16.6,16.62,129229,21.48,566, 75859, 58.70
PENINLAND, EQ, 17-Aug-2020,4.4,4.5,4.5,4.35, 4.40,4.35,4.39,107205,4.71,203, 52949, 49.39
PERSISTENT, EQ, 17-Aug-2020,987.25,998.0,998.95,980.15, 986.05,986.95,987.51,50668,500.35,4640, 31977, 63.11
PETRONET, EQ, 17-Aug-2020,259.95,261.8,261.8,252.3, 254.00,254.3,256.3,3104280,7956.23,28995, 747219, 24.07
PFC, EQ, 17-Aug-2020,91.25,92.1,94.15,90.8, 93.40,93.3,92.57,6778301,6274.67,29698, 1947243, 28.73
PFC, N3, 17-Aug-2020,1342.15,1342.3,1342.3,1342.3, 1342.30,1342.3,1342.3,1,0.01,1, 1, 100.00
PFC, N4, 17-Aug-2020,1121.94,1125.8,1132.39,1118.06, 1126.50,1126.5,1127.64,5422,61.14,61, 5141, 94.82
PFC, N8, 17-Aug-2020,1461.11,1467.0,1475.0,1465.02, 1469.99,1468.58,1470.07,878,12.91,29, 831, 94.65
PFIZER, EQ, 17-Aug-2020,4484.95,4499.0,4598.0,4484.95, 4554.50,4544.4,4539.98,31041,1409.26,6840, 11595, 37.35
PFOCUS, EQ, 17-Aug-2020,39.05,39.1,41.0,37.3, 39.40,39.4,39.65,112254,44.5,949, 52450, 46.72
PFS, EQ, 17-Aug-2020,17.75,18.0,18.4,17.7, 17.75,17.75,17.93,653557,117.2,1389, 360778, 55.20
PGEL, EQ, 17-Aug-2020,47.0,48.4,49.35,47.55, 49.35,49.35,49.04,70878,34.76,293, 50127, 70.72
PGHH, EQ, 17-Aug-2020,10044.9,10111.0,10300.0,10015.15, 10075.00,10053.05,10092.25,3837,387.24,1184, 2187, 57.00
PGHL, EQ, 17-Aug-2020,4684.7,4692.0,4757.8,4679.9, 4680.00,4686.35,4715.44,8538,402.6,1861, 3279, 38.40
PGIL, EQ, 17-Aug-2020,138.8,145.4,148.05,137.2, 139.60,140.6,141.5,4093,5.79,271, 3080, 75.25
PHILIPCARB, EQ, 17-Aug-2020,118.95,119.1,124.95,117.7, 124.15,124.1,122.29,2485667,3039.82,17707, 798455, 32.12
PHOENIXLTD, EQ, 17-Aug-2020,632.05,637.0,664.0,625.8, 629.95,632.35,642.76,208877,1342.59,13730, 87661, 41.97
PIDILITIND, EQ, 17-Aug-2020,1371.6,1380.0,1389.4,1357.1, 1382.00,1380.35,1374.39,563705,7747.49,18838, 160278, 28.43
PIIND, EQ, 17-Aug-2020,1939.6,1945.5,1953.8,1889.0, 1931.00,1924.05,1921.26,203038,3900.89,24087, 126409, 62.26
PILANIINVS, EQ, 17-Aug-2020,1474.65,1507.95,1520.0,1460.1, 1485.00,1492.3,1488.51,484,7.2,134, 294, 60.74
PILITA, BE, 17-Aug-2020,5.65,5.9,5.9,5.6, 5.65,5.65,5.73,10726,0.61,37, -, -
PIONDIST, EQ, 17-Aug-2020,113.1,116.9,116.9,113.0, 113.15,113.75,114.14,6075,6.93,159, 3437, 56.58
PIONEEREMB, EQ, 17-Aug-2020,22.85,22.95,23.45,22.1, 22.10,22.3,22.51,13074,2.94,138, 10578, 80.91
PITTIENG, EQ, 17-Aug-2020,29.05,28.2,30.0,28.2, 29.25,29.15,29.02,6994,2.03,123, 5791, 82.80
PKTEA, BE, 17-Aug-2020,128.65,134.0,135.05,122.4, 135.05,135.05,132.43,2223,2.94,31, -, -
PLASTIBLEN, EQ, 17-Aug-2020,180.65,188.0,188.0,180.4, 185.50,185.05,184.04,11307,20.81,927, 5173, 45.75
PNB, EQ, 17-Aug-2020,32.25,32.55,32.6,31.85, 32.55,32.45,32.31,21850976,7060.67,39177, 5071604, 23.21
PNBGILTS, EQ, 17-Aug-2020,43.9,44.25,44.85,43.7, 43.90,43.85,44.12,326317,143.99,1363, 198388, 60.80
PNBHOUSING, EQ, 17-Aug-2020,239.2,240.8,244.7,239.5, 240.40,240.9,241.4,600868,1450.51,10172, 243489, 40.52
PNC, EQ, 17-Aug-2020,14.35,14.5,15.0,13.0, 13.45,13.65,13.73,33068,4.54,193, 21515, 65.06
PNCINFRA, EQ, 17-Aug-2020,140.7,145.5,145.5,140.1, 142.80,142.7,142.99,117341,167.78,3280, 54841, 46.74
PODDARHOUS, EQ, 17-Aug-2020,171.7,175.0,188.85,170.0, 180.00,179.95,174.79,12381,21.64,365, 11397, 92.05
PODDARMENT, EQ, 17-Aug-2020,184.8,186.0,201.0,182.15, 188.00,186.95,188.2,23825,44.84,1043, 11594, 48.66
POKARNA, BE, 17-Aug-2020,147.0,148.0,151.0,141.0, 145.00,144.6,145.12,17531,25.44,178, -, -
POLYCAB, EQ, 17-Aug-2020,876.45,882.85,910.0,880.1, 899.00,899.8,898.32,975405,8762.25,32911, 241950, 24.81
POLYMED, EQ, 17-Aug-2020,397.7,401.35,404.9,392.0, 394.75,394.2,397.93,117548,467.76,4442, 30696, 26.11
POLYPLEX, EQ, 17-Aug-2020,758.6,810.0,815.0,754.95, 768.00,765.1,775.78,542733,4210.44,14587, 353267, 65.09
PONNIERODE, EQ, 17-Aug-2020,166.35,167.15,173.0,165.0, 165.25,166.1,168.41,7930,13.36,351, 4476, 56.44
POWERGRID, EQ, 17-Aug-2020,175.4,176.0,182.5,175.6, 178.80,178.65,179.67,9769553,17552.56,90188, 2935515, 30.05
POWERINDIA, EQ, 17-Aug-2020,909.2,915.0,930.0,910.5, 929.00,924.0,917.13,41660,382.08,2923, 30285, 72.70
POWERMECH, EQ, 17-Aug-2020,406.2,420.0,420.0,403.0, 408.10,407.3,409.36,40820,167.1,2000, 22118, 54.18
PPAP, EQ, 17-Aug-2020,214.6,221.9,221.9,209.2, 210.00,211.95,214.99,51406,110.52,904, 39185, 76.23
PPL, EQ, 17-Aug-2020,70.75,72.95,73.0,69.5, 71.00,70.8,70.92,46087,32.68,491, 29550, 64.12
PRABHAT, EQ, 17-Aug-2020,70.75,71.4,73.15,70.0, 71.45,71.1,70.63,50746,35.84,422, 37892, 74.67
PRAENG, EQ, 17-Aug-2020,6.1,6.55,6.55,5.95, 6.10,6.2,6.29,24074,1.51,106, 11158, 46.35
PRAJIND, EQ, 17-Aug-2020,66.8,68.2,70.4,67.55, 68.75,68.9,69.22,2658220,1840.07,15538, 1045429, 39.33
PRAKASH, EQ, 17-Aug-2020,45.25,45.55,46.6,45.1, 46.20,46.3,46.02,752802,346.47,2198, 475329, 63.14
PRAKASHSTL, BE, 17-Aug-2020,1.05,1.0,1.0,1.0, 1.00,1.0,1.0,87072,0.87,86, -, -
PRAXIS, BE, 17-Aug-2020,30.3,30.25,30.3,30.0, 30.00,30.1,30.08,3092,0.93,42, -, -
PRECAM, EQ, 17-Aug-2020,32.75,33.3,33.5,32.25, 33.00,33.05,32.99,163781,54.03,1053, 86905, 53.06
PRECOT, EQ, 17-Aug-2020,21.2,22.8,22.8,21.3, 22.65,22.6,22.4,3766,0.84,40, 3355, 89.09
PRECWIRE, EQ, 17-Aug-2020,106.5,107.1,114.85,106.55, 112.00,111.35,109.61,23719,26.0,669, 15652, 65.99
PREMEXPLN, BE, 17-Aug-2020,133.6,131.1,135.9,129.55, 133.90,133.9,130.85,2321,3.04,48, -, -
PREMIER, BE, 17-Aug-2020,2.1,2.2,2.2,2.0, 2.20,2.2,2.04,620,0.01,3, -, -
PREMIERPOL, EQ, 17-Aug-2020,22.65,23.0,23.3,22.35, 23.05,22.4,22.72,4004,0.91,33, 1783, 44.53
PRESSMN, EQ, 17-Aug-2020,20.75,24.0,24.0,21.35, 22.15,22.1,22.38,272163,60.92,1224, 170888, 62.79
PRESTIGE, EQ, 17-Aug-2020,232.55,237.9,241.35,232.55, 234.85,235.8,237.32,442783,1050.81,8403, 100865, 22.78
PRICOLLTD, EQ, 17-Aug-2020,40.7,41.9,41.9,38.7, 39.00,39.1,39.25,321570,126.23,2051, 274338, 85.31
PRIMESECU, EQ, 17-Aug-2020,46.15,46.2,46.95,45.6, 45.60,45.65,46.17,14891,6.88,144, 12230, 82.13
PRINCEPIPE, EQ, 17-Aug-2020,143.65,144.0,146.5,140.0, 145.00,145.2,144.34,92989,134.22,4732, 54024, 58.10
PROSEED, BE, 17-Aug-2020,0.3,0.3,0.35,0.25, 0.35,0.35,0.31,203153,0.63,100, -, -
PROZONINTU, EQ, 17-Aug-2020,21.0,21.35,21.35,19.95, 19.95,19.95,20.17,213490,43.07,919, 198563, 93.01
PRSMJOHNSN, EQ, 17-Aug-2020,47.8,48.95,49.2,47.2, 48.30,48.2,48.14,117632,56.63,1161, 62599, 53.22
PSB, EQ, 17-Aug-2020,13.05,12.9,13.1,12.9, 12.95,12.9,12.95,264375,34.25,722, 200344, 75.78
PSL, EQ, 17-Aug-2020,1.3,1.25,1.25,1.25, 1.25,1.25,1.25,62055,0.78,99, 62055, 100.00
PSPPROJECT, EQ, 17-Aug-2020,402.8,400.8,414.95,400.0, 403.50,401.55,403.05,10066,40.57,687, 6313, 62.72
PSUBNKBEES, EQ, 17-Aug-2020,15.73,16.0,16.15,15.5, 15.60,15.6,15.56,141649,22.04,439, 93229, 65.82
PTC, EQ, 17-Aug-2020,54.3,55.15,56.3,55.15, 55.65,55.8,55.61,2831512,1574.5,9325, 1410650, 49.82
PTL, EQ, 17-Aug-2020,42.5,43.7,43.8,42.6, 43.65,43.25,43.27,28416,12.29,460, 19588, 68.93
PULZ, SM, 17-Aug-2020,14.45,15.15,15.15,15.15, 15.15,15.15,15.15,4000,0.61,1, 4000, 100.00
PUNJABCHEM, EQ, 17-Aug-2020,500.15,505.0,517.0,504.95, 510.30,510.3,510.94,7988,40.81,370, 5586, 69.93
PUNJLLOYD, BZ, 17-Aug-2020,1.6,1.65,1.65,1.65, 1.65,1.65,1.65,46029,0.76,76, -, -
PURVA, EQ, 17-Aug-2020,48.8,51.0,51.0,48.0, 48.70,48.8,49.64,1911784,949.03,10316, 585390, 30.62
PVR, EQ, 17-Aug-2020,1243.05,1247.5,1272.0,1220.3, 1232.50,1234.5,1239.96,1476369,18306.41,44714, 135659, 9.19
QGOLDHALF, EQ, 17-Aug-2020,2303.05,2315.0,2315.0,2291.05, 2293.00,2294.05,2295.08,1878,43.1,160, 1638, 87.22
QNIFTY, EQ, 17-Aug-2020,1155.0,1153.0,1153.0,1153.0, 1153.00,1153.0,1153.0,1,0.01,1, 1, 100.00
QUESS, EQ, 17-Aug-2020,367.65,372.0,399.7,367.0, 374.60,375.85,386.19,641700,2478.18,18412, 198258, 30.90
QUICKHEAL, EQ, 17-Aug-2020,126.8,128.5,133.5,127.5, 130.00,129.75,130.73,734465,960.2,10663, 200249, 27.26
RADICO, EQ, 17-Aug-2020,397.9,400.0,400.0,384.15, 389.20,390.25,390.62,219355,856.85,7192, 88845, 40.50
RADIOCITY, EQ, 17-Aug-2020,18.45,18.5,19.6,18.3, 19.20,19.2,19.02,4720184,897.68,4306, 3182580, 67.42
RAIN, EQ, 17-Aug-2020,108.75,108.95,112.8,107.0, 111.80,111.7,110.81,1545331,1712.42,17689, 490687, 31.75
RAJESHEXPO, EQ, 17-Aug-2020,460.8,462.95,467.9,460.5, 462.00,462.4,463.72,55116,255.58,3301, 26807, 48.64
RAJRATAN, EQ, 17-Aug-2020,292.6,299.95,312.0,296.75, 304.90,302.8,305.05,17454,53.24,824, 8223, 47.11
RAJRAYON, BZ, 17-Aug-2020,0.1,0.1,0.15,0.1, 0.15,0.15,0.11,592779,0.64,54, -, -
RAJSREESUG, BE, 17-Aug-2020,14.8,15.0,15.0,14.15, 14.35,14.4,14.36,9580,1.38,49, -, -
RAJTV, EQ, 17-Aug-2020,37.1,39.15,39.15,35.65, 36.20,36.6,37.08,7385,2.74,92, 4497, 60.89
RALLIS, EQ, 17-Aug-2020,295.8,297.3,298.8,290.0, 295.00,293.25,292.36,512783,1499.17,9557, 242402, 47.27
RAMANEWS, EQ, 17-Aug-2020,15.9,15.9,16.25,15.5, 16.00,15.85,15.76,76805,12.11,263, 26476, 34.47
RAMASTEEL, EQ, 17-Aug-2020,33.75,34.95,35.4,33.75, 35.40,35.4,35.09,8619,3.02,76, 7328, 85.02
RAMCOCEM, EQ, 17-Aug-2020,678.45,679.0,689.55,666.0, 671.00,669.8,673.87,1384797,9331.79,18828, 700347, 50.57
RAMCOIND, EQ, 17-Aug-2020,179.65,181.0,184.95,179.65, 180.25,180.8,181.19,51769,93.8,1336, 32825, 63.41
RAMCOSYS, EQ, 17-Aug-2020,190.95,197.9,197.9,181.45, 182.00,183.05,184.39,452229,833.87,5470, 259351, 57.35
RAMKY, EQ, 17-Aug-2020,34.4,34.8,34.9,33.3, 34.00,34.0,34.11,116562,39.76,691, 80498, 69.06
RAMSARUP, BZ, 17-Aug-2020,0.45,0.45,0.45,0.4, 0.45,0.4,0.42,1422,0.01,7, -, -
RANASUG, BE, 17-Aug-2020,7.35,7.0,7.3,7.0, 7.00,7.0,7.04,618641,43.55,618, -, -
RANEENGINE, EQ, 17-Aug-2020,190.8,199.8,199.8,188.5, 190.70,190.85,191.84,1496,2.87,115, 1013, 67.71
RANEHOLDIN, EQ, 17-Aug-2020,453.45,456.0,464.15,446.1, 461.65,457.3,454.27,16479,74.86,811, 8745, 53.07
RATNAMANI, EQ, 17-Aug-2020,1124.75,1144.0,1144.9,1088.0, 1125.00,1124.45,1113.87,20767,231.32,2194, 11114, 53.52
RAYMOND, EQ, 17-Aug-2020,267.7,270.0,272.25,263.25, 268.10,268.45,268.84,679593,1826.99,10297, 222134, 32.69
RBL, EQ, 17-Aug-2020,540.2,545.15,550.05,536.25, 539.95,539.6,542.02,10127,54.89,1049, 3881, 38.32
RBLBANK, EQ, 17-Aug-2020,177.2,179.05,184.25,175.85, 183.90,183.5,180.92,20227424,36595.71,101490, 3778952, 18.68
RCF, EQ, 17-Aug-2020,48.5,49.05,49.7,48.5, 48.70,48.75,48.94,1077687,527.46,4484, 411336, 38.17
RCOM, BE, 17-Aug-2020,2.35,2.45,2.45,2.45, 2.45,2.45,2.45,3762678,92.19,1935, -, -
RECLTD, EQ, 17-Aug-2020,108.0,109.45,111.5,107.8, 110.65,110.5,109.78,8144026,8940.13,37436, 1867891, 22.94
RECLTD, N2, 17-Aug-2020,1210.0,1195.6,1223.0,1195.6, 1223.00,1223.0,1207.67,485,5.86,4, 275, 56.70
RECLTD, N8, 17-Aug-2020,1180.0,1180.0,1180.0,1180.0, 1180.00,1180.0,1180.0,100,1.18,2, 100, 100.00
RECLTD, N9, 17-Aug-2020,1320.0,1308.1,1315.0,1308.1, 1315.00,1315.0,1311.52,160,2.1,5, 130, 81.25
RECLTD, NI, 17-Aug-2020,1220.0,1225.0,1225.0,1225.0, 1225.00,1225.0,1225.0,1,0.01,1, 1, 100.00
REDINGTON, EQ, 17-Aug-2020,109.4,110.5,131.0,104.75, 129.80,127.75,121.19,5756982,6977.02,54581, 951331, 16.52
REFEX, EQ, 17-Aug-2020,48.0,48.05,49.2,47.6, 48.00,48.0,48.12,70367,33.86,822, 55282, 78.56
RELAXO, EQ, 17-Aug-2020,630.05,632.0,643.8,630.6, 640.25,640.35,638.22,234401,1495.99,13316, 118892, 50.72
RELCAPITAL, BE, 17-Aug-2020,10.65,10.75,11.0,10.4, 10.90,10.85,10.68,981233,104.8,1954, -, -
RELIABLE, SM, 17-Aug-2020,28.0,28.95,28.95,28.95, 28.95,28.95,28.95,2400,0.69,1, 2400, 100.00
RELIANCE, EQ, 17-Aug-2020,2113.8,2105.0,2105.0,2070.1, 2094.05,2091.35,2085.65,14297224,298190.55,324590, 2115024, 14.79
RELIANCEPP, E1, 17-Aug-2020,1223.45,1212.0,1212.0,1179.0, 1201.90,1200.05,1193.91,1769102,21121.49,59951, 694091, 39.23
RELIGARE, EQ, 17-Aug-2020,34.8,35.8,35.8,33.55, 33.75,33.9,34.08,559620,190.69,1330, 516274, 92.25
RELINFRA, EQ, 17-Aug-2020,30.55,31.8,31.8,30.6, 31.20,31.15,31.06,1183365,367.51,4479, 635697, 53.72
REMSONSIND, EQ, 17-Aug-2020,71.3,75.0,75.0,69.1, 71.50,72.6,72.23,2150,1.55,22, 1726, 80.28
RENUKA, EQ, 17-Aug-2020,9.5,9.6,9.95,9.5, 9.95,9.95,9.87,1476256,145.75,1232, 882154, 59.76
REPCOHOME, EQ, 17-Aug-2020,131.75,133.05,134.4,130.6, 131.40,131.4,132.67,246231,326.67,6180, 161523, 65.60
REPL, SM, 17-Aug-2020,38.0,39.25,39.9,38.25, 39.90,39.9,38.66,21000,8.12,4, 21000, 100.00
REPRO, EQ, 17-Aug-2020,382.25,379.05,383.75,371.05, 374.00,374.7,374.02,5668,21.2,478, 2656, 46.86
RESPONIND, EQ, 17-Aug-2020,97.6,98.15,98.6,93.75, 94.05,95.15,96.12,363571,349.45,4221, 6516, 1.79
REVATHI, EQ, 17-Aug-2020,392.55,409.95,471.05,409.95, 471.05,471.05,455.82,36589,166.78,1982, 14428, 39.43
RGL, EQ, 17-Aug-2020,266.65,260.0,266.05,258.0, 261.00,260.0,261.14,2593,6.77,192, 1495, 57.66
RHFL, BE, 17-Aug-2020,2.2,2.25,2.25,2.1, 2.25,2.2,2.17,1334477,28.92,1029, -, -
RHFL, N4, 17-Aug-2020,216.0,173.0,203.0,173.0, 200.00,200.0,200.74,205,0.41,11, 164, 80.00
RICOAUTO, EQ, 17-Aug-2020,30.55,30.85,32.15,30.05, 31.75,31.45,31.46,1638243,515.39,6270, 764803, 46.68
RIIL, EQ, 17-Aug-2020,408.65,412.0,415.45,405.95, 412.70,412.45,411.82,257555,1060.66,6261, 53887, 20.92
RITES, EQ, 17-Aug-2020,248.55,249.75,265.7,248.35, 263.80,262.1,258.98,2766025,7163.37,33287, 820043, 29.65
RKDL, EQ, 17-Aug-2020,7.05,7.5,7.5,6.95, 7.20,7.2,7.13,11467,0.82,62, 7732, 67.43
RKFORGE, EQ, 17-Aug-2020,199.25,197.1,206.5,196.05, 205.40,203.2,201.5,157861,318.08,3557, 32066, 20.31
RMCL, BE, 17-Aug-2020,3.7,3.55,3.85,3.55, 3.85,3.85,3.77,45559,1.72,70, -, -
RML, EQ, 17-Aug-2020,211.35,211.95,213.4,207.1, 209.20,210.25,210.0,10547,22.15,575, 5500, 52.15
RNAVAL, BE, 17-Aug-2020,3.3,3.45,3.45,3.45, 3.45,3.45,3.45,1716241,59.21,472, -, -
ROHITFERRO, BE, 17-Aug-2020,1.15,1.1,1.2,1.1, 1.20,1.2,1.15,30480,0.35,32, -, -
ROHLTD, EQ, 17-Aug-2020,74.0,75.6,76.8,72.0, 73.70,73.6,74.25,369039,274.0,4740, 116188, 31.48
ROLLT, BE, 17-Aug-2020,2.7,2.6,2.7,2.6, 2.65,2.65,2.64,11647,0.31,28, -, -
ROLTA, BE, 17-Aug-2020,6.5,6.8,6.8,6.5, 6.80,6.8,6.75,1043538,70.45,1158, -, -
ROSSARI, EQ, 17-Aug-2020,740.65,750.75,755.95,734.1, 737.50,738.5,744.15,549428,4088.56,17288, 89547, 16.30
ROSSELLIND, EQ, 17-Aug-2020,93.25,95.4,97.8,91.15, 96.00,96.0,96.06,21590,20.74,309, 16682, 77.27
RPGLIFE, EQ, 17-Aug-2020,373.6,375.0,379.9,361.1, 366.00,364.5,367.48,75777,278.46,2474, 37181, 49.07
RPOWER, EQ, 17-Aug-2020,3.75,3.8,3.9,3.75, 3.85,3.8,3.8,18182875,690.72,21648, 5957312, 32.76
RPPINFRA, EQ, 17-Aug-2020,59.2,61.95,64.8,56.4, 57.00,57.3,58.84,15156,8.92,414, 6656, 43.92
RSSOFTWARE, EQ, 17-Aug-2020,19.05,19.05,20.95,19.05, 20.95,20.8,20.47,72998,14.94,363, 36980, 50.66
RSWM, EQ, 17-Aug-2020,71.95,71.75,73.15,69.05, 73.10,72.7,71.96,15941,11.47,321, 10419, 65.36
RSYSTEMS, EQ, 17-Aug-2020,104.35,106.8,109.2,104.4, 107.00,105.85,106.9,53451,57.14,1547, 28634, 53.57
RTNINFRA, BE, 17-Aug-2020,9.25,9.7,9.7,9.7, 9.70,9.7,9.7,10670975,1035.08,288, -, -
RTNPOWER, EQ, 17-Aug-2020,3.7,3.75,4.05,3.65, 4.05,4.05,3.9,9395168,366.78,4240, 5639619, 60.03
RUBYMILLS, EQ, 17-Aug-2020,181.6,188.8,196.0,185.1, 186.60,187.6,189.35,16847,31.9,675, 10096, 59.93
RUCHI, BE, 17-Aug-2020,698.25,698.25,705.0,675.0, 689.90,687.7,688.12,16644,114.53,1590, -, -
RUCHINFRA, BE, 17-Aug-2020,13.0,12.7,13.15,12.35, 12.35,12.35,12.39,263259,32.62,1098, -, -
RUCHIRA, EQ, 17-Aug-2020,49.25,49.25,50.5,48.5, 49.10,49.1,49.41,35909,17.74,431, 24250, 67.53
RUPA, EQ, 17-Aug-2020,203.05,205.0,214.4,200.0, 207.95,210.0,207.87,139047,289.04,2720, 54866, 39.46
RUSHIL, EQ, 17-Aug-2020,104.6,105.95,107.9,103.15, 105.75,106.05,105.44,113046,119.19,220, 83664, 74.01
RVNL, EQ, 17-Aug-2020,22.1,22.9,23.5,22.35, 23.15,23.1,23.05,31892949,7352.43,61518, 10991906, 34.47
S&SPOWER, BE, 17-Aug-2020,14.35,15.05,15.05,14.15, 14.15,14.15,14.3,678,0.1,7, -, -
SABEVENTS, BE, 17-Aug-2020,1.15,1.2,1.2,1.15, 1.20,1.2,1.18,35125,0.42,35, -, -
SABTN, BE, 17-Aug-2020,1.5,1.5,1.5,1.45, 1.45,1.45,1.49,6490,0.1,23, -, -
SADBHAV, EQ, 17-Aug-2020,47.9,49.5,49.5,47.5, 47.95,47.85,48.37,388041,187.69,2859, 256636, 66.14
SADBHIN, EQ, 17-Aug-2020,16.9,17.5,17.5,16.75, 16.80,16.85,16.91,297742,50.35,553, 238070, 79.96
SAFARI, EQ, 17-Aug-2020,359.85,362.8,362.8,343.95, 358.70,360.35,359.58,11372,40.89,635, 9289, 81.68
SAGARDEEP, EQ, 17-Aug-2020,119.0,119.95,122.85,119.1, 120.80,121.85,121.83,53303,64.94,369, 21716, 40.74
SAGCEM, EQ, 17-Aug-2020,458.15,468.3,475.0,465.0, 473.00,470.75,469.55,21350,100.25,1380, 12831, 60.10
SAIL, EQ, 17-Aug-2020,38.85,39.1,39.5,38.85, 38.95,39.05,39.1,11056912,4322.93,23762, 2309813, 20.89
SAKAR, EQ, 17-Aug-2020,68.4,68.4,68.4,66.15, 66.50,67.05,67.04,31850,21.35,194, 13250, 41.60
SAKHTISUG, BE, 17-Aug-2020,9.6,9.85,10.0,9.3, 9.40,9.4,9.53,53933,5.14,80, -, -
SAKSOFT, EQ, 17-Aug-2020,263.85,268.0,274.0,257.25, 265.90,265.4,265.18,19941,52.88,1228, 10142, 50.86
SAKUMA, BE, 17-Aug-2020,6.6,6.85,6.85,6.5, 6.70,6.65,6.68,164951,11.02,388, -, -
SALASAR, BE, 17-Aug-2020,189.85,185.1,193.9,182.6, 190.00,189.3,187.99,10923,20.53,94, -, -
SALONA, EQ, 17-Aug-2020,56.35,58.0,59.65,56.5, 56.55,56.7,57.53,1008,0.58,28, 220, 21.83
SALSTEEL, BE, 17-Aug-2020,2.8,2.9,2.9,2.7, 2.90,2.8,2.82,19075,0.54,48, -, -
SALZERELEC, EQ, 17-Aug-2020,98.6,97.1,107.3,97.1, 102.70,103.15,103.3,98925,102.19,2802, 38567, 38.99
SAMBHAAV, EQ, 17-Aug-2020,2.0,1.95,2.1,1.95, 2.00,2.05,2.03,10335,0.21,54, 7303, 70.66
SANCO, EQ, 17-Aug-2020,11.05,11.25,12.2,11.0, 12.10,11.95,11.58,261136,30.24,711, 137384, 52.61
SANDESH, EQ, 17-Aug-2020,480.25,481.7,495.95,481.7, 488.00,487.0,483.73,319,1.54,46, 275, 86.21
SANDHAR, EQ, 17-Aug-2020,215.25,215.25,229.5,212.15, 220.50,221.35,222.81,74411,165.79,3400, 20449, 27.48
SANGAMIND, EQ, 17-Aug-2020,49.35,49.85,50.3,48.0, 48.00,48.45,48.98,8349,4.09,243, 6259, 74.97
SANGHIIND, EQ, 17-Aug-2020,24.8,25.5,25.5,24.9, 24.90,24.95,25.03,383483,95.99,963, 291563, 76.03
SANGHVIFOR, EQ, 17-Aug-2020,23.5,23.7,24.6,22.35, 24.25,24.0,23.47,16762,3.93,71, 14320, 85.43
SANGHVIMOV, EQ, 17-Aug-2020,71.85,73.4,73.55,68.4, 71.50,69.95,71.14,14725,10.48,598, 11184, 75.95
SANGINITA, EQ, 17-Aug-2020,65.3,65.3,67.45,65.0, 67.45,66.95,65.61,31202,20.47,117, 16064, 51.48
SANOFI, EQ, 17-Aug-2020,8321.35,8350.0,8400.0,8225.05, 8350.00,8376.8,8337.61,9722,810.58,2811, 4458, 45.85
SANWARIA, BE, 17-Aug-2020,2.3,2.25,2.3,2.2, 2.25,2.25,2.26,1048307,23.73,831, -, -
SARDAEN, EQ, 17-Aug-2020,226.7,228.8,236.95,228.1, 231.65,230.65,231.5,77133,178.57,2793, 36900, 47.84
SAREGAMA, EQ, 17-Aug-2020,471.2,471.2,484.0,469.1, 475.00,474.45,473.68,22510,106.63,568, 19265, 85.58
SARLAPOLY, EQ, 17-Aug-2020,16.8,16.8,17.5,16.2, 17.25,17.15,16.88,62357,10.53,304, 39923, 64.02
SARVESHWAR, SM, 17-Aug-2020,10.65,11.15,11.15,10.85, 10.85,10.85,11.0,9600,1.06,5, 9600, 100.00
SASKEN, EQ, 17-Aug-2020,594.0,597.0,637.5,596.0, 630.00,627.25,627.05,192586,1207.61,8915, 56294, 29.23
SASTASUNDR, EQ, 17-Aug-2020,92.05,92.05,93.6,83.3, 87.25,87.5,88.08,11564,10.19,285, 9343, 80.79
SATHAISPAT, BE, 17-Aug-2020,2.3,2.4,2.4,2.4, 2.40,2.4,2.4,8863,0.21,12, -, -
SATIA, EQ, 17-Aug-2020,110.85,117.0,123.0,111.95, 117.40,117.35,119.64,716244,856.88,6770, 205522, 28.69
SATIN, EQ, 17-Aug-2020,72.75,74.4,78.5,74.35, 77.00,77.15,76.48,308939,236.27,3415, 179045, 57.95
SATIN-RE, BE, 17-Aug-2020,26.05,26.05,26.5,18.2, 20.50,20.45,20.94,618464,129.49,2033, -, -
SBICARD, EQ, 17-Aug-2020,779.8,781.75,809.0,770.1, 802.80,803.1,792.84,2206885,17497.15,72984, 742339, 33.64
SBIETFQLTY, EQ, 17-Aug-2020,100.44,104.0,104.0,100.47, 103.30,103.3,102.62,2514,2.58,90, 1672, 66.51
SBILIFE, EQ, 17-Aug-2020,839.3,845.0,847.15,838.2, 847.05,842.35,841.88,1435985,12089.21,49806, 997282, 69.45
SBIN, EQ, 17-Aug-2020,196.5,198.45,198.65,191.5, 193.45,193.1,193.46,54788249,105995.3,278249, 15925259, 29.07
SBIN, N2, 17-Aug-2020,10823.08,10836.0,10837.9,10825.0, 10825.00,10825.0,10832.46,15,1.62,7, 15, 100.00
SBIN, N5, 17-Aug-2020,10945.48,10931.0,10964.95,10931.0, 10964.95,10963.89,10951.86,693,75.9,78, 665, 95.96
SBIN, N6, 17-Aug-2020,10679.3,10725.0,10938.0,10725.0, 10938.00,10938.0,10846.83,6,0.65,5, 5, 83.33
SCAPDVR, BE, 17-Aug-2020,1.25,1.3,1.3,1.3, 1.30,1.3,1.3,20144,0.26,24, -, -
SCHAEFFLER, EQ, 17-Aug-2020,3497.9,3500.4,3535.85,3495.35, 3515.00,3501.15,3514.46,1550,54.47,414, 1222, 78.84
SCHAND, BE, 17-Aug-2020,67.95,68.8,71.3,64.65, 71.30,70.1,68.73,66827,45.93,341, -, -
SCHNEIDER, EQ, 17-Aug-2020,76.75,77.65,78.9,74.8, 77.55,76.65,76.12,172888,131.6,2209, 76158, 44.05
SCI, EQ, 17-Aug-2020,59.05,59.8,62.5,58.4, 61.15,61.25,60.96,4097982,2498.07,17316, 1096506, 26.76
SDBL, EQ, 17-Aug-2020,46.8,47.35,47.7,45.95, 46.00,46.0,46.52,175850,81.8,2974, 130162, 74.02
SEAMECLTD, EQ, 17-Aug-2020,400.15,400.15,410.8,398.0, 400.00,400.25,400.19,51888,207.65,804, 48320, 93.12
SECURCRED, SM, 17-Aug-2020,14.85,15.3,15.55,15.3, 15.55,15.55,15.47,1800,0.28,3, 1800, 100.00
SELAN, EQ, 17-Aug-2020,110.2,110.2,111.5,107.75, 108.75,109.05,109.59,16239,17.8,427, 10646, 65.56
SELMCL, BZ, 17-Aug-2020,1.05,1.1,1.1,1.05, 1.10,1.1,1.09,192037,2.09,47, -, -
SEPOWER, BE, 17-Aug-2020,2.75,2.7,2.85,2.65, 2.80,2.8,2.74,11419,0.31,57, -, -
SEQUENT, EQ, 17-Aug-2020,132.65,135.75,136.2,132.65, 135.45,135.15,134.51,605967,815.09,6099, 287236, 47.40
SERVOTECH, SM, 17-Aug-2020,20.0,19.0,20.7,19.0, 20.70,20.65,20.24,16000,3.24,4, 4000, 25.00
SESHAPAPER, EQ, 17-Aug-2020,148.6,151.35,156.0,148.5, 155.10,154.75,151.58,78049,118.31,1309, 54171, 69.41
SETCO, EQ, 17-Aug-2020,10.75,10.65,11.05,10.4, 10.55,10.55,10.58,52748,5.58,248, 35166, 66.67
SETF10GILT, EQ, 17-Aug-2020,201.92,201.01,204.0,198.1, 199.00,198.8,200.48,3909,7.84,119, 3230, 82.63
SETFGOLD, EQ, 17-Aug-2020,4734.1,4721.0,4749.8,4700.2, 4715.00,4713.35,4723.78,20558,971.11,2709, 13297, 64.68
SETFNIF50, EQ, 17-Aug-2020,115.91,116.2,116.95,115.45, 116.12,116.02,115.94,198507,230.14,950, 112901, 56.88
SETFNIFBK, EQ, 17-Aug-2020,216.43,248.9,248.9,214.2, 216.90,216.33,215.14,127297,273.86,1435, 75620, 59.40
SETFNN50, EQ, 17-Aug-2020,282.39,284.73,285.75,281.82, 284.75,283.89,283.63,4366,12.38,528, 2977, 68.19
SETUINFRA, BE, 17-Aug-2020,0.95,0.9,1.0,0.9, 1.00,1.0,0.98,206482,2.03,91, -, -
SEYAIND, EQ, 17-Aug-2020,74.8,73.0,77.15,73.0, 75.70,75.2,75.15,9577,7.2,208, 7008, 73.18
SEZAL, BZ, 17-Aug-2020,2.55,2.55,2.55,2.45, 2.45,2.5,2.52,2000,0.05,5, -, -
SFL, EQ, 17-Aug-2020,1361.3,1389.95,1389.95,1362.4, 1371.00,1375.45,1372.28,9573,131.37,1550, 5086, 53.13
SGBAPR28I, GB, 17-Aug-2020,5069.34,5068.9,5070.0,4981.0, 5070.00,5021.47,5030.18,301,15.14,60, 282, 93.69
SGBAUG24, GB, 17-Aug-2020,5162.16,5162.0,5162.16,5095.0, 5100.00,5099.92,5117.79,811,41.51,82, 808, 99.63
SGBAUG27, GB, 17-Aug-2020,5060.0,5125.0,5125.0,5050.0, 5100.00,5100.0,5093.93,117,5.96,10, 116, 99.15
SGBDC27VII, GB, 17-Aug-2020,5104.99,5106.0,5106.0,5106.0, 5106.00,5106.0,5106.0,2,0.1,1, 2, 100.00
SGBDEC2512, GB, 17-Aug-2020,5052.0,5053.01,5053.01,5053.01, 5053.01,5053.01,5053.01,2,0.1,1, 2, 100.00
SGBFEB24, GB, 17-Aug-2020,5103.43,5150.0,5185.0,5140.0, 5140.00,5151.21,5157.87,218,11.24,16, 218, 100.00
SGBFEB27, GB, 17-Aug-2020,5065.0,5100.0,5100.0,5000.0, 5011.00,5011.0,5010.0,21,1.05,6, 21, 100.00
SGBFEB28IX, GB, 17-Aug-2020,5050.0,5052.0,5052.0,5052.0, 5052.00,5052.0,5052.0,2,0.1,1, 2, 100.00
SGBJ28VIII, GB, 17-Aug-2020,5005.55,5010.55,5069.0,5010.55, 5010.56,5010.56,5030.04,15,0.75,5, 11, 73.33
SGBJUL25, GB, 17-Aug-2020,5100.0,5011.0,5195.0,5011.0, 5100.00,5100.0,5100.85,54,2.75,11, 52, 96.30
SGBJUL27, GB, 17-Aug-2020,5050.0,5100.0,5100.0,4975.0, 5000.01,5000.01,4997.24,18,0.9,7, 12, 66.67
SGBJUL28IV, GB, 17-Aug-2020,5002.38,5000.0,5050.0,4965.0, 4996.00,5022.2,5001.94,1292,64.63,213, 1074, 83.13
SGBJUN27, GB, 17-Aug-2020,4950.0,5000.0,5050.0,5000.0, 5000.00,5000.0,5002.61,23,1.15,5, 13, 56.52
SGBJUN28, GB, 17-Aug-2020,5006.78,5009.0,5030.0,4975.0, 5030.00,5003.64,5008.29,303,15.18,40, 247, 81.52
SGBMAR24, GB, 17-Aug-2020,5130.0,5140.0,5150.0,5090.0, 5100.00,5100.0,5102.15,826,42.14,41, 806, 97.58
SGBMAR25, GB, 17-Aug-2020,5090.0,5090.0,5148.0,5060.0, 5060.00,5060.0,5092.18,251,12.78,14, 245, 97.61
SGBMAR28X, GB, 17-Aug-2020,5000.01,5020.0,5025.0,5010.0, 5025.00,5011.36,5013.0,15,0.75,6, 15, 100.00
SGBMAY25, GB, 17-Aug-2020,5084.9,5140.0,5140.0,5066.0, 5075.25,5080.12,5088.09,40,2.04,8, 28, 70.00
SGBMAY26, GB, 17-Aug-2020,5072.99,5000.0,5050.0,5000.0, 5000.01,5020.22,5011.24,70,3.51,20, 60, 85.71
SGBMAY28, GB, 17-Aug-2020,4995.01,5000.0,5025.0,4990.0, 5010.00,5019.37,5004.96,192,9.61,41, 165, 85.94
SGBNOV23, GB, 17-Aug-2020,5166.1,5218.0,5237.95,5188.88, 5237.95,5215.24,5205.46,65,3.38,17, 61, 93.85
SGBNOV24, GB, 17-Aug-2020,5118.24,5100.0,5150.0,5100.0, 5150.00,5140.0,5117.33,487,24.92,45, 480, 98.56
SGBNOV25, GB, 17-Aug-2020,5018.0,5002.0,5015.0,5002.0, 5015.00,5015.0,5006.23,22,1.1,5, 22, 100.00
SGBNOV258, GB, 17-Aug-2020,5310.0,5181.0,5181.0,5181.0, 5181.00,5181.0,5181.0,4,0.21,1, 4, 100.00
SGBNOV25IX, GB, 17-Aug-2020,5060.0,5170.0,5200.0,5170.0, 5200.00,5200.0,5187.5,20,1.04,3, 20, 100.00
SGBNOV26, GB, 17-Aug-2020,5060.0,5001.1,5010.1,5001.0, 5001.00,5001.0,5006.48,5,0.25,4, 5, 100.00
SGBOCT25, GB, 17-Aug-2020,5055.0,5055.0,5055.0,5035.0, 5035.00,5035.0,5037.0,10,0.5,2, 10, 100.00
SGBOCT25IV, GB, 17-Aug-2020,5031.0,5040.0,5040.0,5040.0, 5040.00,5040.0,5040.0,5,0.25,2, 5, 100.00
SGBOCT25V, GB, 17-Aug-2020,5030.0,5005.0,5085.0,5002.0, 5037.00,5071.28,5015.06,62,3.11,12, 51, 82.26
SGBOCT26, GB, 17-Aug-2020,5030.0,5030.0,5030.0,5030.0, 5030.00,5030.0,5030.0,10,0.5,4, 10, 100.00
SGBOCT27, GB, 17-Aug-2020,5050.0,5050.0,5050.0,5050.0, 5050.00,5050.0,5050.0,5,0.25,2, 5, 100.00
SGBOCT27VI, GB, 17-Aug-2020,5031.7,5033.0,5040.0,5004.0, 5004.00,5014.66,5029.86,65,3.27,12, 65, 100.00
SGBSEP24, GB, 17-Aug-2020,5150.0,5150.0,5260.0,5150.0, 5215.00,5214.32,5197.57,57,2.96,16, 56, 98.25
SGBSEP27, GB, 17-Aug-2020,5050.0,5050.0,5050.0,4925.0, 5000.00,4981.35,4984.63,42,2.09,8, 32, 76.19
SGL, EQ, 17-Aug-2020,8.0,8.1,8.2,8.05, 8.15,8.1,8.12,15571,1.26,113, 11918, 76.54
SHAHALLOYS, BE, 17-Aug-2020,7.1,7.1,7.45,7.1, 7.45,7.45,7.11,1781,0.13,8, -, -
SHAKTIPUMP, BE, 17-Aug-2020,178.05,181.0,183.3,174.0, 181.50,181.0,179.79,59209,106.45,863, -, -
SHALBY, EQ, 17-Aug-2020,86.05,85.05,89.45,84.8, 85.50,85.8,86.26,99831,86.11,1068, 53833, 53.92
SHALPAINTS, EQ, 17-Aug-2020,63.4,63.8,68.65,63.4, 68.00,67.75,66.67,275785,183.86,3217, 137979, 50.03
SHANKARA, EQ, 17-Aug-2020,347.6,358.0,358.0,348.05, 350.70,349.55,352.15,26378,92.89,2044, 11687, 44.31
SHANTIGEAR, EQ, 17-Aug-2020,87.55,89.4,89.4,86.65, 87.50,87.2,87.43,36255,31.7,710, 19441, 53.62
SHARDACROP, EQ, 17-Aug-2020,289.3,297.0,297.0,282.0, 282.00,284.15,288.98,50621,146.29,2149, 31923, 63.06
SHARDAMOTR, EQ, 17-Aug-2020,974.3,1025.0,1122.6,980.0, 1069.50,1076.5,1059.09,24385,258.26,3498, 8468, 34.73
SHARIABEES, EQ, 17-Aug-2020,305.0,290.0,340.81,285.0, 328.00,332.97,327.65,1586,5.2,200, 793, 50.00
SHEMAROO, EQ, 17-Aug-2020,56.75,57.05,58.2,56.8, 57.70,57.4,57.5,49824,28.65,772, 34897, 70.04
SHIL, EQ, 17-Aug-2020,77.4,78.25,80.95,77.45, 79.05,79.5,79.48,58050,46.14,938, 40648, 70.02
SHILPAMED, EQ, 17-Aug-2020,622.5,626.2,629.0,608.6, 623.00,619.4,617.2,124792,770.21,13170, 56063, 44.93
SHIRPUR-G, EQ, 17-Aug-2020,9.65,9.8,9.8,8.95, 9.40,9.4,9.37,101949,9.55,433, 52757, 51.75
SHIVAMAUTO, BE, 17-Aug-2020,15.75,16.25,16.25,15.1, 15.80,15.9,15.85,91809,14.56,298, -, -
SHIVAMILLS, EQ, 17-Aug-2020,23.2,23.25,23.55,22.3, 23.00,23.45,22.93,5699,1.31,79, 3868, 67.87
SHIVATEX, EQ, 17-Aug-2020,79.85,80.0,83.8,79.85, 83.15,83.6,82.74,7352,6.08,129, 5645, 76.78
SHK, EQ, 17-Aug-2020,76.8,77.7,79.35,76.35, 77.10,76.8,77.47,772730,598.61,4644, 363767, 47.08
SHOPERSTOP, EQ, 17-Aug-2020,171.8,174.0,174.0,167.0, 167.50,167.9,169.19,198561,335.95,4771, 117417, 59.13
SHREDIGCEM, EQ, 17-Aug-2020,49.5,49.5,53.0,49.5, 52.40,52.5,51.86,1901045,985.84,6162, 1044264, 54.93
SHREECEM, EQ, 17-Aug-2020,21458.25,21600.0,21649.9,21401.0, 21530.00,21512.75,21524.97,34712,7471.75,10725, 8923, 25.71
SHREEPUSHK, EQ, 17-Aug-2020,111.9,112.0,115.95,110.35, 115.95,114.45,113.45,13283,15.07,429, 9938, 74.82
SHREERAMA, EQ, 17-Aug-2020,5.95,6.05,6.25,5.55, 6.00,6.05,6.11,156303,9.56,206, 102454, 65.55
SHRENIK, EQ, 17-Aug-2020,51.15,51.1,51.6,50.2, 50.20,50.45,50.78,65886,33.46,179, 54579, 82.84
SHREYANIND, EQ, 17-Aug-2020,80.1,80.0,82.5,79.0, 80.00,80.05,79.63,20147,16.04,282, 13700, 68.00
SHREYAS, EQ, 17-Aug-2020,79.75,81.4,87.7,81.4, 87.70,87.7,85.44,36316,31.03,309, 26931, 74.16
SHRIPISTON, BE, 17-Aug-2020,594.0,570.0,598.0,570.0, 597.00,597.0,593.94,37,0.22,7, -, -
SHRIRAMCIT, EQ, 17-Aug-2020,787.25,795.0,868.0,795.0, 825.05,830.55,838.32,480739,4030.11,21995, 138787, 28.87
SHRIRAMEPC, EQ, 17-Aug-2020,3.45,3.45,3.5,3.4, 3.50,3.5,3.46,277166,9.58,170, 187470, 67.64
SHUBHLAXMI, SM, 17-Aug-2020,20.45,19.45,19.5,19.45, 19.45,19.45,19.46,4000,0.78,4, 3000, 75.00
SHYAMCENT, BE, 17-Aug-2020,3.55,3.65,3.7,3.4, 3.60,3.6,3.52,10956,0.39,21, -, -
SICAGEN, EQ, 17-Aug-2020,11.65,11.55,11.95,11.4, 11.40,11.6,11.63,11452,1.33,61, 10119, 88.36
SICAL, EQ, 17-Aug-2020,9.25,9.35,9.7,8.8, 9.70,9.5,9.15,159971,14.64,347, 113314, 70.83
SIEMENS, EQ, 17-Aug-2020,1211.9,1223.7,1246.0,1211.5, 1229.80,1228.95,1225.82,1520102,18633.65,59556, 237103, 15.60
SIGIND, EQ, 17-Aug-2020,19.75,20.9,20.95,20.05, 20.80,20.75,20.66,12997,2.68,129, 10544, 81.13
SIKKO, SM, 17-Aug-2020,28.0,33.6,33.6,33.6, 33.60,33.6,33.6,4000,1.34,1, 4000, 100.00
SIL, BE, 17-Aug-2020,9.95,10.35,10.35,9.5, 9.60,9.6,9.69,6740,0.65,10, -, -
SILINV, EQ, 17-Aug-2020,139.35,144.9,144.9,140.05, 142.95,141.3,141.67,1378,1.95,77, 1050, 76.20
SILLYMONKS, EQ, 17-Aug-2020,30.05,31.0,31.0,30.0, 30.10,30.1,30.1,1204,0.36,3, 1202, 99.83
SIMBHALS, BE, 17-Aug-2020,7.8,7.95,8.15,7.6, 8.05,8.05,7.99,17031,1.36,47, -, -
SIMPLEXINF, EQ, 17-Aug-2020,33.1,34.1,34.1,32.1, 33.10,33.2,33.06,141331,46.73,880, 97554, 69.03
SINTERCOM, SM, 17-Aug-2020,75.0,75.0,75.0,75.0, 75.00,75.0,75.0,4000,3.0,2, 4000, 100.00
SINTEX, BE, 17-Aug-2020,1.85,1.9,1.9,1.85, 1.90,1.9,1.9,1721655,32.69,658, -, -
SIRCA, EQ, 17-Aug-2020,226.25,230.0,230.0,222.0, 225.00,225.9,225.6,9845,22.21,561, 5286, 53.69
SIS, EQ, 17-Aug-2020,372.65,377.8,383.1,371.75, 375.60,376.6,377.56,42152,159.15,2358, 19245, 45.66
SITINET, BE, 17-Aug-2020,1.7,1.7,1.75,1.65, 1.75,1.75,1.69,217428,3.68,167, -, -
SIYSIL, EQ, 17-Aug-2020,146.55,147.5,152.5,146.55, 147.00,147.25,148.15,36909,54.68,1157, 19480, 52.78
SJVN, EQ, 17-Aug-2020,22.35,23.1,23.25,22.7, 23.05,22.95,22.94,2316049,531.25,4357, 1108602, 47.87
SKFINDIA, EQ, 17-Aug-2020,1504.85,1507.0,1523.3,1507.0, 1518.00,1518.7,1517.25,9081,137.78,1281, 4870, 53.63
SKIL, BE, 17-Aug-2020,3.8,3.95,3.95,3.65, 3.80,3.7,3.7,49999,1.85,54, -, -
SKIPPER, EQ, 17-Aug-2020,39.75,39.9,43.65,39.9, 43.50,43.5,42.79,353052,151.06,2205, 253484, 71.80
SKMEGGPROD, EQ, 17-Aug-2020,53.2,52.9,53.15,48.1, 50.00,50.05,50.04,181447,90.8,2335, 71557, 39.44
SMARTLINK, EQ, 17-Aug-2020,68.35,67.4,74.85,67.15, 70.35,70.75,72.27,110492,79.85,2186, 29852, 27.02
SMLISUZU, EQ, 17-Aug-2020,402.4,408.8,408.8,398.55, 404.00,404.65,404.68,21544,87.18,1096, 11521, 53.48
SMPL, BZ, 17-Aug-2020,0.2,0.2,0.25,0.15, 0.25,0.25,0.18,27918,0.05,15, -, -
SMSLIFE, EQ, 17-Aug-2020,412.8,418.5,446.0,418.5, 438.00,434.6,435.5,18540,80.74,920, 10537, 56.83
SMSPHARMA, EQ, 17-Aug-2020,94.95,96.45,96.8,93.0, 94.55,94.05,93.85,858801,806.01,3945, 632294, 73.63
SMVD, SM, 17-Aug-2020,8.2,8.05,8.05,8.05, 8.05,8.05,8.05,2000,0.16,1, 2000, 100.00
SNOWMAN, EQ, 17-Aug-2020,31.0,30.85,31.9,30.8, 31.60,31.65,31.46,657563,206.86,2731, 132999, 20.23
SOBHA, EQ, 17-Aug-2020,228.75,233.0,233.0,226.15, 227.00,228.25,229.12,175141,401.28,3755, 73851, 42.17
SOFTTECH, SM, 17-Aug-2020,61.8,59.5,59.5,59.5, 59.50,59.5,59.5,1600,0.95,1, 1600, 100.00
SOLARA, EQ, 17-Aug-2020,884.6,894.0,919.55,888.0, 907.05,906.05,905.5,97390,881.87,6283, 39091, 40.14
SOLARINDS, EQ, 17-Aug-2020,1030.7,1044.0,1044.0,1018.0, 1020.00,1023.4,1032.1,14580,150.48,1318, 8584, 58.88
SOMANYCERA, EQ, 17-Aug-2020,133.3,134.5,139.0,132.5, 133.00,133.05,134.7,80267,108.12,1363, 62741, 78.17
SOMATEX, BE, 17-Aug-2020,3.1,3.25,3.25,3.1, 3.20,3.1,3.18,8486,0.27,40, -, -
SOMICONVEY, EQ, 17-Aug-2020,17.2,18.7,18.8,16.65, 17.25,17.25,17.25,4958,0.86,54, 4555, 91.87
SONAMCLOCK, SM, 17-Aug-2020,48.5,48.5,48.5,48.5, 48.50,48.5,48.5,12000,5.82,2, 12000, 100.00
SONATSOFTW, EQ, 17-Aug-2020,305.8,312.7,312.7,306.05, 310.45,309.45,309.1,238074,735.88,6384, 117965, 49.55
SORILINFRA, EQ, 17-Aug-2020,56.1,58.0,58.45,54.55, 55.45,55.05,55.91,51791,28.95,686, 30596, 59.08
SOTL, EQ, 17-Aug-2020,668.95,680.0,685.0,668.0, 670.00,669.25,674.58,3246,21.9,277, 2403, 74.03
SOUTHBANK, EQ, 17-Aug-2020,7.05,7.05,7.1,6.95, 7.00,7.0,7.03,11636449,817.86,45769, 4529356, 38.92
SOUTHWEST, BE, 17-Aug-2020,20.7,21.0,21.65,21.0, 21.00,21.0,21.11,52108,11.0,38, -, -
SPAL, EQ, 17-Aug-2020,79.55,82.8,83.7,80.25, 81.00,81.7,81.46,45282,36.89,588, 31400, 69.34
SPANDANA, EQ, 17-Aug-2020,626.25,627.35,628.5,572.7, 580.00,588.55,603.69,75354,454.9,4616, 48089, 63.82
SPARC, EQ, 17-Aug-2020,178.55,180.0,181.25,177.5, 178.05,178.55,179.24,403060,722.43,5097, 123810, 30.72
SPCENET, EQ, 17-Aug-2020,0.8,0.85,0.85,0.85, 0.85,0.85,0.85,4235,0.04,5, 4235, 100.00
SPECIALITY, EQ, 17-Aug-2020,36.05,36.45,36.95,35.05, 35.65,35.7,35.8,57546,20.6,427, 38829, 67.47
SPENCERS, EQ, 17-Aug-2020,86.45,87.0,87.25,84.9, 85.50,85.55,86.11,318108,273.91,2576, 126859, 39.88
SPENTEX, BE, 17-Aug-2020,0.65,0.65,0.7,0.65, 0.70,0.7,0.69,16230,0.11,17, -, -
SPIC, EQ, 17-Aug-2020,21.25,21.3,21.65,21.1, 21.25,21.2,21.34,134023,28.6,652, 80128, 59.79
SPICEJET, EQ, 17-Aug-2020,49.3,50.4,50.4,49.0, 49.70,49.4,49.59,2963530,1469.49,9441, 953653, 32.18
SPLIL, EQ, 17-Aug-2020,29.0,29.0,30.1,27.8, 28.00,28.0,28.58,67406,19.26,426, 50460, 74.86
SPMLINFRA, EQ, 17-Aug-2020,9.65,10.1,10.1,9.2, 9.20,9.2,9.35,11673,1.09,56, 11387, 97.55
SPTL, BE, 17-Aug-2020,2.4,2.3,2.5,2.3, 2.50,2.5,2.41,2575992,62.15,1215, -, -
SPYL, BE, 17-Aug-2020,0.35,0.35,0.4,0.35, 0.40,0.4,0.39,95786,0.38,148, -, -
SREEL, EQ, 17-Aug-2020,137.45,136.05,139.05,136.05, 138.00,138.0,138.14,3108,4.29,96, 2317, 74.55
SREIBNPNCD, NJ, 17-Aug-2020,895.0,899.0,900.0,899.0, 900.00,899.8,899.22,370,3.33,6, 370, 100.00
SREIBNPNCD, NL, 17-Aug-2020,907.0,895.0,895.0,895.0, 895.00,895.0,895.0,25,0.22,2, 25, 100.00
SREIBNPNCD, NP, 17-Aug-2020,760.35,820.0,821.0,800.0, 800.00,800.0,805.22,67,0.54,7, 67, 100.00
SREIBNPNCD, NQ, 17-Aug-2020,1008.0,823.0,924.0,820.0, 924.00,923.67,838.68,240,2.01,12, 200, 83.33
SREIBNPNCD, Y6, 17-Aug-2020,1140.0,1140.0,1140.0,1140.0, 1140.00,1140.0,1140.0,20,0.23,2, 20, 100.00
SREIBNPNCD, Y8, 17-Aug-2020,770.0,805.0,805.0,805.0, 805.00,805.0,805.0,78,0.63,1, 78, 100.00
SREINFRA, EQ, 17-Aug-2020,7.45,7.55,7.8,7.4, 7.60,7.6,7.58,1096562,83.1,1401, 608116, 55.46
SRF, EQ, 17-Aug-2020,4174.6,4189.0,4215.0,4122.1, 4145.00,4142.3,4160.29,171876,7150.54,17579, 51942, 30.22
SRHHYPOLTD, EQ, 17-Aug-2020,174.7,176.0,176.15,170.0, 173.00,171.75,172.33,12648,21.8,544, 9933, 78.53
SRIPIPES, EQ, 17-Aug-2020,183.0,184.5,188.5,183.0, 187.60,187.95,187.23,420663,787.59,5210, 210094, 49.94
SRTRANSFIN, EQ, 17-Aug-2020,686.35,698.0,708.9,675.55, 680.70,679.0,691.26,4278873,29578.25,77109, 561441, 13.12
SRTRANSFIN, Y3, 17-Aug-2020,1060.0,1059.0,1060.0,1058.0, 1059.00,1058.41,1059.59,128,1.36,9, 128, 100.00
SRTRANSFIN, Y6, 17-Aug-2020,2149.0,2148.0,2148.0,2129.0, 2130.00,2129.85,2131.59,220,4.69,8, 205, 93.18
SRTRANSFIN, Y9, 17-Aug-2020,1022.0,1023.0,1023.0,1015.0, 1018.00,1018.0,1016.77,478,4.86,9, 343, 71.76
SRTRANSFIN, YG, 17-Aug-2020,1944.5,1942.0,1942.0,1937.0, 1937.00,1937.0,1937.92,12,0.23,3, 12, 100.00
SRTRANSFIN, YH, 17-Aug-2020,982.71,975.0,975.0,975.0, 975.00,975.0,975.0,40,0.39,1, 40, 100.00
SRTRANSFIN, YI, 17-Aug-2020,989.9,980.0,980.0,980.0, 980.00,980.0,980.0,19,0.19,1, 19, 100.00
SRTRANSFIN, YJ, 17-Aug-2020,974.32,977.4,977.4,974.0, 975.00,974.99,974.75,2235,21.79,35, 2235, 100.00
SRTRANSFIN, YN, 17-Aug-2020,1145.0,1158.0,1158.0,1158.0, 1158.00,1158.0,1158.0,250,2.9,2, 250, 100.00
SRTRANSFIN, YQ, 17-Aug-2020,1034.98,1035.0,1044.0,1030.0, 1040.00,1040.0,1033.68,650,6.72,22, 500, 76.92
SRTRANSFIN, YS, 17-Aug-2020,1075.0,1076.0,1076.0,1076.0, 1076.00,1076.0,1076.0,255,2.74,7, 255, 100.00
SRTRANSFIN, YT, 17-Aug-2020,1142.01,1143.0,1143.01,1142.0, ,1142.0,1142.5,520,5.94,9, 520, 100.00
SRTRANSFIN, YU, 17-Aug-2020,1132.0,1136.0,1136.0,1136.0, 1136.00,1136.0,1136.0,190,2.16,3, 190, 100.00
SRTRANSFIN, YX, 17-Aug-2020,1016.2,1020.0,1020.0,1017.0, 1020.00,1020.0,1019.61,140,1.43,5, 80, 57.14
SRTRANSFIN, YY, 17-Aug-2020,1039.5,1039.5,1039.5,1033.1, 1033.10,1033.1,1037.54,36,0.37,4, 36, 100.00
SRTRANSFIN, YZ, 17-Aug-2020,1060.0,1040.0,1040.0,1040.0, 1040.00,1040.0,1040.0,600,6.24,4, 600, 100.00
SRTRANSFIN, Z2, 17-Aug-2020,1004.77,1040.0,1040.0,1040.0, 1040.00,1040.0,1040.0,70,0.73,1, 70, 100.00
SRTRANSFIN, Z4, 17-Aug-2020,995.0,995.0,995.0,995.0, 995.00,995.0,995.0,10,0.1,1, 10, 100.00
SRTRANSFIN, Z6, 17-Aug-2020,970.0,1000.0,1000.0,999.0, 999.00,999.0,999.77,65,0.65,4, 65, 100.00
SRTRANSFIN, Z7, 17-Aug-2020,951.01,980.0,980.0,980.0, 980.00,980.0,980.0,38,0.37,2, 38, 100.00
SRTRANSFIN, ZF, 17-Aug-2020,948.0,1000.0,1040.0,1000.0, 1010.00,1010.0,1011.25,80,0.81,4, 80, 100.00
SRTRANSFIN, ZG, 17-Aug-2020,991.8,991.8,991.8,991.8, 991.80,991.8,991.8,83,0.82,3, 83, 100.00
SRTRANSFIN, ZH, 17-Aug-2020,1001.0,1018.8,1018.8,1018.8, 1018.80,1018.8,1018.8,25,0.25,1, 25, 100.00
SRTRANSFIN, ZK, 17-Aug-2020,950.0,950.0,950.0,950.0, 950.00,950.0,950.0,92,0.87,4, 92, 100.00
SSWL, EQ, 17-Aug-2020,431.9,434.0,436.4,419.0, 423.55,422.8,425.32,24016,102.15,1427, 14016, 58.36
STAMPEDE, BE, 17-Aug-2020,0.55,0.6,0.6,0.6, 0.60,0.6,0.6,203404,1.22,20, -, -
STAR, EQ, 17-Aug-2020,556.8,561.0,564.25,551.3, 555.90,555.05,557.52,767698,4280.09,21405, 175631, 22.88
STARCEMENT, EQ, 17-Aug-2020,87.45,87.55,89.0,87.35, 88.40,88.35,88.19,110726,97.65,1839, 47120, 42.56
STARPAPER, EQ, 17-Aug-2020,100.45,100.85,102.15,100.0, 100.50,100.4,100.77,55583,56.01,1379, 23486, 42.25
STCINDIA, EQ, 17-Aug-2020,50.65,51.65,54.0,50.8, 52.50,52.7,52.89,47424,25.08,885, 35175, 74.17
STEELCITY, EQ, 17-Aug-2020,36.4,41.0,41.0,36.1, 38.70,38.45,37.69,13876,5.23,156, 9850, 70.99
STEELXIND, BE, 17-Aug-2020,30.45,29.9,31.35,29.9, 30.40,30.4,30.72,112758,34.64,115, -, -
STEL, EQ, 17-Aug-2020,58.85,60.05,61.3,58.9, 59.90,59.4,59.9,13322,7.98,314, 5709, 42.85
STERTOOLS, EQ, 17-Aug-2020,177.25,180.0,180.05,176.75, 178.00,179.15,179.34,11300,20.27,250, 7458, 66.00
STINDIA, BE, 17-Aug-2020,3.6,3.6,3.6,3.6, 3.60,3.6,3.6,10,0.0,1, -, -
STRTECH, EQ, 17-Aug-2020,130.25,144.0,153.45,138.35, 148.65,149.65,146.94,14873546,21855.17,117166, 2817774, 18.94
SUBCAPCITY, BE, 17-Aug-2020,19.4,20.35,20.35,20.35, 20.35,20.35,20.35,2943,0.6,8, -, -
SUBEX, BE, 17-Aug-2020,11.6,11.4,11.8,11.05, 11.05,11.05,11.15,1683339,187.62,1168, -, -
SUBROS, EQ, 17-Aug-2020,217.3,220.0,221.85,210.4, 219.50,218.45,215.16,71473,153.78,2295, 34867, 48.78
SUDARSCHEM, EQ, 17-Aug-2020,417.25,430.0,430.0,407.1, 409.00,408.45,412.26,159931,659.34,5872, 87491, 54.71
SUJANAUNI, BE, 17-Aug-2020,0.4,0.45,0.45,0.35, 0.40,0.4,0.37,375996,1.39,155, -, -
SUMEETINDS, BE, 17-Aug-2020,1.9,1.95,1.95,1.95, 1.95,1.95,1.95,8814,0.17,16, -, -
SUMICHEM, EQ, 17-Aug-2020,270.0,273.6,274.95,270.0, 270.35,270.6,271.2,165700,449.38,6153, 101019, 60.96
SUMIT, BE, 17-Aug-2020,10.3,10.75,10.8,10.3, 10.80,10.7,10.59,49204,5.21,232, -, -
SUMMITSEC, EQ, 17-Aug-2020,396.25,405.0,405.0,391.1, 395.00,394.85,396.95,1205,4.78,91, 907, 75.27
SUNCLAYLTD, EQ, 17-Aug-2020,1639.25,1647.45,1699.0,1632.6, 1675.00,1686.25,1664.96,3602,59.97,554, 1532, 42.53
SUNDARAM, BE, 17-Aug-2020,1.35,1.35,1.4,1.35, 1.40,1.4,1.37,56812,0.78,55, -, -
SUNDARMFIN, EQ, 17-Aug-2020,1346.4,1372.0,1372.0,1340.0, 1344.65,1342.3,1347.29,8987,121.08,2132, 6237, 69.40
SUNDARMHLD, EQ, 17-Aug-2020,47.7,48.0,48.2,46.8, 47.75,47.95,47.8,72862,34.83,602, 60618, 83.20
SUNDRMBRAK, EQ, 17-Aug-2020,223.3,221.05,225.95,221.05, 221.30,221.85,222.95,1038,2.31,80, 763, 73.51
SUNDRMFAST, EQ, 17-Aug-2020,440.2,440.2,459.0,439.15, 455.15,455.25,453.27,142714,646.88,6736, 49439, 34.64
SUNFLAG, EQ, 17-Aug-2020,41.2,41.6,42.75,40.85, 41.60,41.85,41.74,475909,198.65,2391, 214248, 45.02
SUNPHARMA, EQ, 17-Aug-2020,531.35,536.1,537.5,527.0, 529.00,528.35,530.75,6657885,35337.0,77222, 971215, 14.59
SUNTECK, EQ, 17-Aug-2020,215.95,222.0,223.8,211.0, 213.65,213.55,216.49,94812,205.26,2078, 57267, 60.40
SUNTV, EQ, 17-Aug-2020,400.15,412.0,444.7,408.4, 424.40,426.25,429.81,18646333,80143.01,200788, 1423187, 7.63
SUPERHOUSE, EQ, 17-Aug-2020,86.05,85.35,86.8,85.3, 86.35,86.0,86.05,7654,6.59,174, 5706, 74.55
SUPERSPIN, BE, 17-Aug-2020,5.25,5.25,5.5,5.0, 5.20,5.2,5.15,77180,3.98,157, -, -
SUPPETRO, EQ, 17-Aug-2020,186.3,185.0,190.0,184.2, 189.75,188.9,188.41,17950,33.82,665, 12671, 70.59
SUPRAJIT, EQ, 17-Aug-2020,169.2,167.15,173.65,163.0, 164.50,164.55,167.21,124513,208.2,4053, 68060, 54.66
SUPREMEENG, SM, 17-Aug-2020,16.95,16.2,17.45,16.2, 16.35,16.3,16.53,376000,62.14,40, 244000, 64.89
SUPREMEIND, EQ, 17-Aug-2020,1210.8,1194.05,1225.0,1191.3, 1200.00,1198.3,1200.23,32025,384.37,5020, 18217, 56.88
SUPREMEINF, BZ, 17-Aug-2020,12.3,12.9,12.9,12.85, 12.85,12.85,12.85,630,0.08,6, -, -
SURANASOL, BE, 17-Aug-2020,7.0,7.35,7.35,6.7, 7.05,7.05,7.03,16067,1.13,57, -, -
SURANAT&P, EQ, 17-Aug-2020,3.55,3.65,3.65,3.5, 3.50,3.5,3.53,60224,2.13,87, 48177, 80.00
SURYALAXMI, BE, 17-Aug-2020,17.2,18.05,18.05,16.65, 17.05,17.1,17.41,6437,1.12,25, -, -
SURYAROSNI, EQ, 17-Aug-2020,160.55,161.1,165.0,156.8, 159.00,159.65,160.91,62499,100.57,1297, 40506, 64.81
SUTLEJTEX, EQ, 17-Aug-2020,21.5,21.85,21.85,21.0, 21.30,21.4,21.42,67061,14.37,440, 55199, 82.31
SUVEN, EQ, 17-Aug-2020,50.65,52.0,52.3,50.0, 50.25,50.3,50.93,738211,375.93,5034, 396965, 53.77
SUVENPHAR, EQ, 17-Aug-2020,692.2,708.0,725.0,685.0, 697.00,693.6,704.67,1114591,7854.21,27507, 390451, 35.03
SUZLON, EQ, 17-Aug-2020,4.05,4.15,4.25,3.95, 4.10,4.1,4.08,18807890,767.4,22549, 6379878, 33.92
SVLL, SM, 17-Aug-2020,79.35,81.0,81.0,81.0, 81.00,81.0,81.0,10000,8.1,1, 10000, 100.00
SWANENERGY, EQ, 17-Aug-2020,133.45,134.5,142.7,132.7, 133.50,133.3,135.3,178734,241.83,3331, 60250, 33.71
SWARAJENG, EQ, 17-Aug-2020,1546.35,1546.35,1585.0,1526.3, 1550.60,1561.2,1556.12,9828,152.94,1513, 5050, 51.38
SWELECTES, EQ, 17-Aug-2020,103.4,104.85,116.0,102.0, 111.80,111.7,109.43,16467,18.02,371, 10407, 63.20
SWSOLAR, EQ, 17-Aug-2020,250.05,253.4,255.8,244.95, 249.75,249.35,252.06,144424,364.03,2189, 95002, 65.78
SYMPHONY, EQ, 17-Aug-2020,833.6,854.0,856.85,836.4, 841.50,841.95,845.26,21300,180.04,1641, 11845, 55.61
SYNCOM, BE, 17-Aug-2020,2.0,2.05,2.1,1.95, 2.05,2.0,2.05,717184,14.67,403, -, -
SYNGENE, EQ, 17-Aug-2020,496.7,493.8,494.5,482.05, 484.20,483.25,486.3,254320,1236.75,7950, 124908, 49.11
TAINWALCHM, EQ, 17-Aug-2020,49.2,51.05,51.5,47.7, 49.95,49.95,50.23,9331,4.69,167, 7517, 80.56
TAJGVK, EQ, 17-Aug-2020,144.25,146.45,146.45,142.35, 143.00,143.0,143.93,55263,79.54,1410, 27793, 50.29
TAKE, EQ, 17-Aug-2020,47.25,48.0,48.4,47.0, 47.20,47.2,47.4,224188,106.26,1810, 145142, 64.74
TALBROAUTO, EQ, 17-Aug-2020,111.2,112.3,115.0,109.8, 113.00,113.45,112.61,34285,38.61,1021, 15200, 44.33
TALWALKARS, BZ, 17-Aug-2020,3.75,3.6,3.65,3.6, 3.60,3.6,3.6,29601,1.07,61, -, -
TALWGYM, BZ, 17-Aug-2020,2.25,2.15,2.15,2.15, 2.15,2.15,2.15,6810,0.15,24, -, -
TANLA, EQ, 17-Aug-2020,171.9,172.15,173.9,161.0, 164.35,164.05,165.46,536410,887.52,5339, 283966, 52.94
TANTIACONS, BE, 17-Aug-2020,1.9,1.85,1.85,1.85, 1.85,1.85,1.85,1938,0.04,7, -, -
TARMAT, EQ, 17-Aug-2020,43.75,45.9,45.9,44.0, 45.90,45.9,45.72,52712,24.1,681, 45294, 85.93
TASTYBITE, EQ, 17-Aug-2020,12246.75,12430.7,12549.95,12000.0, 12090.00,12054.0,12217.62,1076,131.46,748, 393, 36.52
TATACAPHSG, N2, 17-Aug-2020,1050.0,1055.15,1055.15,1055.15, 1055.15,1055.15,1055.15,17,0.18,1, 17, 100.00
TATACAPHSG, N4, 17-Aug-2020,1038.0,1038.0,1038.0,1038.0, 1038.00,1038.0,1038.0,5,0.05,1, 5, 100.00
TATACAPHSG, N6, 17-Aug-2020,1110.0,1075.0,1075.0,1075.0, 1075.00,1075.0,1075.0,1,0.01,1, 1, 100.00
TATACAPHSG, N8, 17-Aug-2020,1076.01,1076.0,1077.0,1076.0, 1077.00,1077.0,1076.16,100,1.08,2, 100, 100.00
TATACAPHSG, NA, 17-Aug-2020,1110.0,1144.84,1144.85,1144.84, 1144.85,1144.85,1144.85,156,1.79,3, 156, 100.00
TATACAPHSG, NB, 17-Aug-2020,1112.0,1100.01,1105.0,1100.0, 1105.00,1105.0,1102.0,50,0.55,3, 50, 100.00
TATACHEM, EQ, 17-Aug-2020,295.0,298.5,298.65,291.5, 292.60,292.1,293.47,1305171,3830.23,18481, 529919, 40.60
TATACOFFEE, EQ, 17-Aug-2020,105.5,106.5,107.1,104.4, 104.55,104.85,105.34,512344,539.69,5268, 192033, 37.48
TATACOMM, EQ, 17-Aug-2020,813.4,834.7,854.0,822.5, 846.00,846.7,840.66,763502,6418.43,9243, 652548, 85.47
TATACONSUM, EQ, 17-Aug-2020,537.5,541.15,548.0,538.3, 545.55,543.75,542.97,5044208,27388.72,59987, 2097593, 41.58
TATAELXSI, EQ, 17-Aug-2020,1020.65,1025.0,1043.0,1008.7, 1032.00,1030.75,1029.69,459304,4729.39,16015, 104537, 22.76
TATAINVEST, EQ, 17-Aug-2020,770.05,778.9,809.8,767.0, 804.35,800.95,786.21,92711,728.91,3296, 66843, 72.10
TATAMETALI, EQ, 17-Aug-2020,509.7,516.0,558.7,512.0, 551.10,550.85,542.26,358247,1942.64,15078, 114069, 31.84
TATAMOTORS, EQ, 17-Aug-2020,124.6,124.5,126.25,120.6, 123.70,123.55,123.93,61154591,75790.32,194650, 4097823, 6.70
TATAMTRDVR, EQ, 17-Aug-2020,44.5,44.9,44.9,43.15, 43.65,43.65,43.81,9229882,4043.25,20877, 1869488, 20.25
TATAPOWER, EQ, 17-Aug-2020,54.95,55.5,56.35,54.85, 56.20,56.05,55.73,22575130,12580.15,49570, 4740144, 21.00
TATASTEEL, EQ, 17-Aug-2020,418.5,418.0,429.15,414.25, 424.50,425.05,423.65,18145953,76875.94,141923, 1109842, 6.12
TATASTLBSL, EQ, 17-Aug-2020,24.25,24.5,25.25,24.15, 25.00,25.1,24.78,2842377,704.24,3548, 1502583, 52.86
TATASTLLP, EQ, 17-Aug-2020,305.3,308.8,323.0,306.0, 317.60,318.55,316.16,107254,339.09,3176, 40306, 37.58
TATASTLPP, E1, 17-Aug-2020,55.7,56.5,57.5,54.45, 56.20,56.4,56.37,280265,157.98,820, 200962, 71.70
TBZ, EQ, 17-Aug-2020,34.25,35.05,35.05,33.75, 34.50,34.2,34.29,66987,22.97,622, 42782, 63.87
TCFSL, NB, 17-Aug-2020,1101.82,1101.99,1102.0,1099.36, 1102.00,1101.52,1101.03,480,5.28,15, 430, 89.58
TCFSL, ND, 17-Aug-2020,1136.91,1133.51,1145.0,1133.51, 1145.00,1143.7,1141.86,952,10.87,30, 807, 84.77
TCFSL, NF, 17-Aug-2020,1182.59,1185.0,1185.0,1185.0, 1185.00,1185.0,1185.0,178,2.11,2, 178, 100.00
TCFSL, NH, 17-Aug-2020,1034.66,1032.0,1039.0,1032.0, 1035.00,1035.0,1035.58,300,3.11,10, 250, 83.33
TCFSL, NJ, 17-Aug-2020,1061.0,1071.0,1071.0,1070.01, 1070.01,1070.01,1070.18,60,0.64,4, 60, 100.00
TCFSL, NL, 17-Aug-2020,1083.99,1084.0,1084.0,1084.0, 1084.00,1084.0,1084.0,42,0.46,2, 42, 100.00
TCFSL, NN, 17-Aug-2020,1098.0,1100.0,1100.0,1100.0, 1100.00,1100.0,1100.0,56,0.62,3, 56, 100.00
TCI, EQ, 17-Aug-2020,207.4,208.1,215.0,204.0, 209.25,207.95,208.14,42704,88.89,1386, 28284, 66.23
TCIDEVELOP, EQ, 17-Aug-2020,287.0,260.0,304.95,260.0, 286.50,285.75,287.86,203,0.58,38, 118, 58.13
TCIEXP, EQ, 17-Aug-2020,763.5,765.0,773.9,741.0, 771.00,757.3,754.07,19063,143.75,2924, 10656, 55.90
TCIFINANCE, BE, 17-Aug-2020,5.75,5.95,5.95,5.5, 5.60,5.65,5.64,7132,0.4,36, -, -
TCNSBRANDS, EQ, 17-Aug-2020,343.15,343.15,352.0,343.15, 350.00,347.45,348.44,16951,59.06,685, 12118, 71.49
TCPLPACK, EQ, 17-Aug-2020,394.8,404.0,465.0,403.0, 440.00,432.1,436.28,120554,525.95,7118, 30431, 25.24
TCS, EQ, 17-Aug-2020,2242.15,2263.0,2270.0,2238.25, 2260.50,2253.4,2253.53,2625670,59170.15,78270, 1077702, 41.04
TDPOWERSYS, EQ, 17-Aug-2020,116.65,117.55,119.0,115.0, 115.00,116.15,115.96,14663,17.0,310, 11739, 80.06
TEAMLEASE, EQ, 17-Aug-2020,2118.2,2149.85,2165.0,2061.9, 2099.00,2106.7,2114.42,10306,217.91,2060, 3889, 37.74
TECHIN, BE, 17-Aug-2020,3.45,3.6,3.6,3.3, 3.30,3.3,3.49,1152,0.04,6, -, -
TECHM, EQ, 17-Aug-2020,695.9,704.8,724.4,698.65, 723.45,721.05,711.86,7657252,54509.1,95739, 2449644, 31.99
TECHNOE, EQ, 17-Aug-2020,179.95,187.0,203.9,180.0, 193.20,197.9,192.31,88131,169.49,1896, 48317, 54.82
TECHNOFAB, BE, 17-Aug-2020,8.95,9.3,9.3,8.55, 8.95,8.95,8.8,10868,0.96,70, -, -
TEJASNET, BE, 17-Aug-2020,67.1,69.0,69.4,65.0, 67.40,66.95,67.27,184470,124.09,860, -, -
TERASOFT, EQ, 17-Aug-2020,29.95,30.4,30.4,29.15, 29.35,29.55,29.62,18939,5.61,176, 11269, 59.50
TEXINFRA, EQ, 17-Aug-2020,39.7,42.1,43.8,40.05, 40.50,40.3,42.08,362689,152.61,2859, 187116, 51.59
TEXMOPIPES, EQ, 17-Aug-2020,13.9,13.05,14.3,13.05, 13.95,13.85,13.68,34052,4.66,260, 26449, 77.67
TEXRAIL, EQ, 17-Aug-2020,26.5,26.8,26.95,26.15, 26.35,26.35,26.4,483739,127.72,1608, 294950, 60.97
TFCILTD, EQ, 17-Aug-2020,42.4,43.5,43.9,40.1, 41.30,41.3,41.8,911088,380.82,4870, 614749, 67.47
TFL, BE, 17-Aug-2020,3.5,3.35,3.45,3.35, 3.45,3.45,3.36,5655,0.19,10, -, -
TGBHOTELS, BE, 17-Aug-2020,4.85,5.05,5.05,4.8, 5.05,5.05,5.01,19482,0.98,57, -, -
THANGAMAYL, EQ, 17-Aug-2020,336.5,335.0,342.0,332.15, 338.10,338.05,338.56,56235,190.39,922, 39551, 70.33
THEINVEST, EQ, 17-Aug-2020,113.35,114.0,117.05,111.0, 113.00,116.9,114.8,3832,4.4,88, 3179, 82.96
THEJO, SM, 17-Aug-2020,560.0,585.0,588.0,585.0, 588.00,588.0,587.96,18200,107.01,38, 18200, 100.00
THEMISMED, EQ, 17-Aug-2020,398.2,403.0,403.0,375.0, 392.05,393.65,388.49,14248,55.35,932, 6725, 47.20
THERMAX, EQ, 17-Aug-2020,749.1,755.0,806.0,750.0, 794.85,792.25,790.14,386407,3053.15,16603, 92473, 23.93
THIRUSUGAR, BZ, 17-Aug-2020,4.2,4.2,4.2,4.2, 4.20,4.2,4.2,132,0.01,3, -, -
THOMASCOOK, EQ, 17-Aug-2020,36.2,38.0,38.0,36.1, 37.40,37.35,37.21,1245266,463.38,4832, 526715, 42.30
THOMASCOTT, BE, 17-Aug-2020,5.45,5.7,5.7,5.2, 5.20,5.2,5.45,202,0.01,3, -, -
THYROCARE, EQ, 17-Aug-2020,704.95,710.0,845.9,702.15, 845.90,836.35,802.65,3440438,27614.67,107856, 238384, 6.93
TI, EQ, 17-Aug-2020,17.75,17.5,18.1,17.45, 17.95,17.75,17.74,38626,6.85,111, 29438, 76.21
TIDEWATER, EQ, 17-Aug-2020,4846.1,4899.95,5062.3,4860.1, 5012.00,5004.1,4973.56,6306,313.63,1646, 3600, 57.09
TIIL, EQ, 17-Aug-2020,239.95,239.95,244.0,236.75, 236.80,240.1,239.04,3558,8.5,172, 2799, 78.67
TIINDIA, EQ, 17-Aug-2020,590.1,603.0,603.0,588.0, 592.00,594.15,592.09,65380,387.11,6250, 47207, 72.20
TIJARIA, EQ, 17-Aug-2020,6.0,6.2,6.2,5.85, 6.00,6.0,5.96,6956,0.41,27, 4042, 58.11
TIL, EQ, 17-Aug-2020,145.45,149.65,149.75,145.1, 145.10,147.55,147.78,5212,7.7,295, 3188, 61.17
TIMESGTY, EQ, 17-Aug-2020,26.0,26.1,26.15,25.05, 25.05,26.0,25.91,7691,1.99,23, 6237, 81.09
TIMETECHNO, EQ, 17-Aug-2020,38.4,38.8,39.7,38.5, 39.15,38.8,39.1,370004,144.66,2185, 222142, 60.04
TIMKEN, EQ, 17-Aug-2020,956.15,956.15,984.9,927.5, 980.00,980.2,966.23,61067,590.05,7660, 43024, 70.45
TINPLATE, EQ, 17-Aug-2020,148.9,153.6,156.4,150.55, 151.60,152.7,153.2,2819330,4319.12,28694, 542608, 19.25
TIPSINDLTD, EQ, 17-Aug-2020,180.7,186.85,186.85,170.3, 176.60,180.3,178.84,7520,13.45,279, 4014, 53.38
TIRUMALCHM, EQ, 17-Aug-2020,58.75,58.0,58.2,55.25, 57.40,57.0,57.01,474076,270.29,3178, 234866, 49.54
TIRUPATIFL, EQ, 17-Aug-2020,36.55,38.35,38.35,34.75, 35.50,35.3,36.01,7843,2.82,90, 3793, 48.36
TITAN, EQ, 17-Aug-2020,1104.15,1113.0,1126.2,1106.0, 1123.00,1123.85,1118.69,3033449,33934.8,81062, 404513, 13.34
TMRVL, BE, 17-Aug-2020,9.95,10.0,10.0,9.7, 9.95,9.85,9.93,33902,3.36,201, -, -
TNPETRO, EQ, 17-Aug-2020,37.95,39.2,39.2,37.95, 38.50,38.35,38.41,203770,78.27,1003, 116327, 57.09
TNPL, EQ, 17-Aug-2020,119.35,121.6,121.6,118.5, 119.10,119.0,119.5,247034,295.19,3180, 138251, 55.96
TNTELE, BE, 17-Aug-2020,1.7,1.7,1.7,1.65, 1.70,1.7,1.7,4240,0.07,18, -, -
TOKYOPLAST, EQ, 17-Aug-2020,58.7,61.7,64.65,58.2, 63.35,62.45,62.79,22276,13.99,265, 8167, 36.66
TORNTPHARM, EQ, 17-Aug-2020,2838.95,2869.0,2869.0,2770.55, 2797.35,2792.1,2806.07,598459,16793.18,31664, 154931, 25.89
TORNTPOWER, EQ, 17-Aug-2020,342.85,343.85,356.0,342.85, 351.85,351.55,351.44,2959037,10399.27,35151, 637673, 21.55
TOUCHWOOD, BE, 17-Aug-2020,52.8,52.85,55.2,52.8, 53.00,53.0,53.45,4950,2.65,51, -, -
TPLPLASTEH, EQ, 17-Aug-2020,119.4,118.55,132.0,118.55, 121.55,122.9,126.13,25438,32.08,1042, 9830, 38.64
TREEHOUSE, EQ, 17-Aug-2020,8.55,8.95,8.95,8.95, 8.95,8.95,8.95,27410,2.45,48, 27410, 100.00
TRENT, EQ, 17-Aug-2020,566.05,566.0,570.0,557.65, 560.00,560.1,561.71,145067,814.86,9768, 66852, 46.08
TRF, BE, 17-Aug-2020,106.95,101.65,101.65,101.65, 101.65,101.65,101.65,6475,6.58,88, -, -
TRIDENT, EQ, 17-Aug-2020,6.7,6.8,7.1,6.8, 6.90,6.85,6.9,8995601,620.7,18948, 4916939, 54.66
TRIGYN, EQ, 17-Aug-2020,40.1,44.1,44.1,44.1, 44.10,44.1,44.1,29479,13.0,123, 29479, 100.00
TRIL, EQ, 17-Aug-2020,10.15,10.4,10.4,9.9, 10.05,10.1,10.09,120006,12.11,316, 78032, 65.02
TRITURBINE, EQ, 17-Aug-2020,65.7,66.35,66.6,65.1, 65.50,65.4,65.65,102452,67.26,1004, 80448, 78.52
TRIVENI, EQ, 17-Aug-2020,76.0,76.2,78.45,74.0, 74.80,74.9,75.68,1461015,1105.74,11086, 675588, 46.24
TTKHLTCARE, EQ, 17-Aug-2020,509.3,511.3,522.0,490.55, 495.05,500.0,503.94,4516,22.76,546, 2511, 55.60
TTKPRESTIG, EQ, 17-Aug-2020,5384.25,5439.0,5448.65,5340.0, 5380.00,5366.65,5364.88,2026,108.69,904, 1310, 64.66
TTL, EQ, 17-Aug-2020,34.2,34.45,35.05,33.45, 34.10,34.5,34.32,4521,1.55,146, 2338, 51.71
TTML, EQ, 17-Aug-2020,3.6,3.55,3.65,3.4, 3.60,3.6,3.54,1317966,46.71,1386, 632656, 48.00
TV18BRDCST, EQ, 17-Aug-2020,33.05,33.25,33.45,32.75, 32.90,32.85,33.02,2284906,754.58,3983, 1079014, 47.22
TVSELECT, BE, 17-Aug-2020,102.9,101.0,101.5,97.8, 101.45,100.6,99.25,38120,37.83,344, -, -
TVSMOTOR, EQ, 17-Aug-2020,418.1,430.0,430.0,415.05, 425.65,426.8,424.81,2228221,9465.63,29034, 263212, 11.81
TVSSRICHAK, EQ, 17-Aug-2020,1440.15,1480.0,1494.9,1440.25, 1453.00,1468.6,1470.47,9979,146.74,1514, 4020, 40.28
TVTODAY, EQ, 17-Aug-2020,209.0,213.9,237.75,211.05, 230.00,229.45,226.47,361889,819.56,6452, 89390, 24.70
TVVISION, BE, 17-Aug-2020,2.0,2.0,2.1,2.0, 2.10,2.1,2.09,4460,0.09,10, -, -
TWL, EQ, 17-Aug-2020,43.65,44.3,44.6,43.0, 44.15,43.9,43.87,315818,138.55,2799, 153387, 48.57
UBL, EQ, 17-Aug-2020,963.6,968.0,977.6,945.15, 974.45,972.4,959.81,914697,8779.32,20726, 101483, 11.09
UCALFUEL, EQ, 17-Aug-2020,110.85,111.0,114.0,110.85, 111.75,112.45,112.29,24689,27.72,939, 10396, 42.11
UCOBANK, EQ, 17-Aug-2020,13.65,13.65,13.7,13.35, 13.50,13.45,13.48,1342893,181.06,2805, 870961, 64.86
UFLEX, EQ, 17-Aug-2020,325.95,337.0,340.7,331.45, 336.30,337.35,335.86,370894,1245.67,5514, 173603, 46.81
UFO, EQ, 17-Aug-2020,75.4,77.3,77.3,73.65, 74.80,74.45,74.71,209133,156.24,2624, 103258, 49.37
UGARSUGAR, EQ, 17-Aug-2020,14.3,14.4,14.4,13.85, 13.90,13.9,14.05,336187,47.25,755, 128199, 38.13
UJAAS, EQ, 17-Aug-2020,4.8,4.65,4.85,4.6, 4.60,4.65,4.66,1046916,48.81,911, 598634, 57.18
UJJIVAN, EQ, 17-Aug-2020,237.7,240.0,243.55,235.0, 237.90,236.9,238.54,3478160,8296.85,30628, 274930, 7.90
UJJIVANSFB, EQ, 17-Aug-2020,34.6,34.6,34.95,33.45, 34.15,34.2,34.29,853416,292.66,4036, 364270, 42.68
ULTRACEMCO, EQ, 17-Aug-2020,4010.1,4040.0,4049.95,3985.1, 4034.00,4035.6,4018.82,315955,12697.68,25426, 104043, 32.93
UMANGDAIRY, BE, 17-Aug-2020,44.95,47.0,47.0,43.5, 45.00,44.65,45.11,8116,3.66,95, -, -
UMESLTD, BE, 17-Aug-2020,1.3,1.35,1.35,1.25, 1.25,1.25,1.31,3691,0.05,7, -, -
UNICHEMLAB, EQ, 17-Aug-2020,247.95,252.0,255.45,248.1, 252.00,250.6,251.26,63251,158.93,1674, 36277, 57.35
UNIENTER, EQ, 17-Aug-2020,62.05,65.7,65.7,60.55, 62.30,62.25,62.77,7927,4.98,67, 6944, 87.60
UNIONBANK, EQ, 17-Aug-2020,29.5,29.6,29.95,29.1, 29.35,29.35,29.37,3174028,932.18,13281, 1444854, 45.52
UNIPLY, EQ, 17-Aug-2020,5.6,5.7,5.9,5.6, 5.70,5.7,5.7,629871,35.91,1176, 428122, 67.97
UNITECH, BZ, 17-Aug-2020,1.95,1.95,1.95,1.9, 1.90,1.9,1.9,2502391,47.63,660, -, -
UNITEDTEA, EQ, 17-Aug-2020,301.75,301.75,301.9,294.0, 294.20,294.65,296.07,5526,16.36,169, 3760, 68.04
UNITY, BZ, 17-Aug-2020,0.9,0.9,0.95,0.9, 0.90,0.9,0.93,58928,0.55,48, -, -
UNIVASTU, EQ, 17-Aug-2020,33.45,32.0,33.9,30.9, 32.55,32.6,32.56,678,0.22,26, 560, 82.60
UNIVCABLES, EQ, 17-Aug-2020,141.35,143.65,153.5,139.0, 142.30,142.75,144.63,269934,390.4,5846, 117425, 43.50
UNIVPHOTO, EQ, 17-Aug-2020,245.3,245.0,245.0,233.05, 233.05,233.05,233.97,6505,15.22,152, 5707, 87.73
UPL, EQ, 17-Aug-2020,485.65,489.5,494.7,487.75, 492.25,492.35,491.85,2230316,10969.73,37689, 690031, 30.94
URJA, BE, 17-Aug-2020,3.05,3.15,3.2,3.0, 3.10,3.05,3.06,1349401,41.31,2632, -, -
USHAMART, EQ, 17-Aug-2020,23.6,24.7,26.0,24.05, 25.45,25.25,25.15,1644748,413.6,4418, 883854, 53.74
UTIFEFRGR4, MF, 17-Aug-2020,9.75,9.72,9.8,9.72, 9.80,9.8,9.76,5500,0.54,3, 5500, 100.00
UTINEXT50, EQ, 17-Aug-2020,285.79,297.89,298.0,284.85, 286.00,286.0,285.3,2021,5.77,26, 2021, 100.00
UTINIFTETF, EQ, 17-Aug-2020,1194.58,1197.59,1204.0,1194.0, 1196.00,1201.24,1198.05,424,5.08,27, 409, 96.46
UTISENSETF, EQ, 17-Aug-2020,407.44,410.0,410.0,400.0, 404.00,403.99,404.42,428,1.73,35, 387, 90.42
UTISXN50, EQ, 17-Aug-2020,299.99,299.99,305.0,299.99, 304.15,304.15,304.11,21,0.06,7, 19, 90.48
UTTAMSTL, BE, 17-Aug-2020,6.5,6.35,6.6,6.35, 6.45,6.5,6.45,29631,1.91,120, -, -
UTTAMSUGAR, EQ, 17-Aug-2020,90.6,93.35,94.6,89.2, 90.10,90.0,91.59,236710,216.81,3375, 109763, 46.37
UVSL, BE, 17-Aug-2020,0.55,0.55,0.55,0.5, 0.55,0.5,0.53,14229841,75.17,1874, -, -
V2RETAIL, EQ, 17-Aug-2020,53.95,56.85,57.75,54.1, 56.60,56.8,56.36,278869,157.17,3119, 185374, 66.47
VADILALIND, EQ, 17-Aug-2020,607.0,607.9,610.0,590.1, 595.95,593.85,598.25,7041,42.12,385, 5048, 71.69
VAIBHAVGBL, EQ, 17-Aug-2020,1697.35,1700.05,1825.0,1700.05, 1747.20,1755.0,1770.55,40550,717.96,4465, 24068, 59.35
VAISHALI, EQ, 17-Aug-2020,42.2,43.9,43.9,40.7, 42.60,42.3,41.85,4047,1.69,74, 353, 8.72
VAKRANGEE, EQ, 17-Aug-2020,29.95,31.25,31.25,29.8, 30.05,30.0,30.31,980123,297.04,2957, 584466, 59.63
VARDHACRLC, EQ, 17-Aug-2020,28.6,28.9,28.9,28.0, 28.75,28.65,28.56,41101,11.74,164, 31415, 76.43
VARDMNPOLY, BE, 17-Aug-2020,10.0,9.5,10.0,9.5, 9.50,9.5,9.61,15155,1.46,50, -, -
VARROC, EQ, 17-Aug-2020,210.75,200.0,229.8,196.2, 220.10,221.25,215.64,613590,1323.18,16422, 274304, 44.70
VASA, SM, 17-Aug-2020,6.3,6.55,6.55,6.55, 6.55,6.55,6.55,8000,0.52,2, 8000, 100.00
VASCONEQ, EQ, 17-Aug-2020,10.65,11.3,12.25,10.6, 11.40,11.5,11.55,3097670,357.8,5113, 1178924, 38.06
VASWANI, BE, 17-Aug-2020,5.2,5.45,5.45,4.95, 5.00,5.0,5.0,3362,0.17,13, -, -
VBL, EQ, 17-Aug-2020,765.5,776.4,785.0,759.8, 780.00,780.0,775.76,137921,1069.93,8116, 36298, 26.32
VEDL, EQ, 17-Aug-2020,122.65,124.0,128.35,123.4, 128.25,127.95,126.44,23291965,29449.62,63297, 12706994, 54.56
VENKEYS, EQ, 17-Aug-2020,1352.5,1349.95,1410.0,1320.05, 1381.90,1387.4,1374.85,453860,6239.91,31065, 65166, 14.36
VENUSREM, BE, 17-Aug-2020,101.85,101.85,101.85,96.8, 96.80,96.8,96.92,7069,6.85,163, -, -
VERTOZ, EQ, 17-Aug-2020,117.25,117.95,121.0,117.7, 120.00,120.0,118.85,21238,25.24,239, 7323, 34.48
VESUVIUS, EQ, 17-Aug-2020,924.45,943.75,943.75,902.65, 905.35,911.7,917.54,3687,33.83,333, 2541, 68.92
VETO, EQ, 17-Aug-2020,44.4,45.4,46.0,44.25, 45.25,45.75,45.61,19410,8.85,643, 15548, 80.10
VGUARD, EQ, 17-Aug-2020,159.85,161.8,164.55,160.3, 162.25,162.15,162.84,782082,1273.56,9943, 345138, 44.13
VHL, EQ, 17-Aug-2020,1307.55,1422.0,1422.0,1308.0, 1322.95,1317.2,1354.32,372,5.04,62, 144, 38.71
VICEROY, BE, 17-Aug-2020,2.8,2.8,2.9,2.7, 2.75,2.75,2.75,58152,1.6,58, -, -
VIDEOIND, BZ, 17-Aug-2020,2.15,2.2,2.25,2.05, 2.20,2.2,2.18,456789,9.96,321, -, -
VIDHIING, EQ, 17-Aug-2020,86.1,85.5,87.1,82.0, 85.80,85.85,84.76,216732,183.69,2633, 141931, 65.49
VIJIFIN, BE, 17-Aug-2020,0.55,0.6,0.6,0.55, 0.60,0.6,0.59,569711,3.35,114, -, -
VIKASECO, EQ, 17-Aug-2020,10.4,10.9,10.9,10.9, 10.90,10.9,10.9,418599,45.63,196, 418599, 100.00
VIKASMCORP, BE, 17-Aug-2020,14.45,15.15,15.15,15.1, 15.15,15.15,15.15,8869886,1343.53,9139, -, -
VIKASPROP, EQ, 17-Aug-2020,3.4,3.25,3.55,3.25, 3.55,3.55,3.45,2994157,103.16,1038, 1313216, 43.86
VIKASWSP, EQ, 17-Aug-2020,6.75,7.0,7.0,6.55, 6.75,6.7,6.72,205416,13.8,368, 113779, 55.39
VIMTALABS, EQ, 17-Aug-2020,111.55,111.5,113.7,105.35, 112.65,112.4,110.71,263042,291.21,3369, 125815, 47.83
VINATIORGA, EQ, 17-Aug-2020,996.9,1015.0,1030.0,985.0, 997.90,998.5,1009.36,288995,2917.01,14839, 125842, 43.54
VINDHYATEL, EQ, 17-Aug-2020,702.5,750.0,798.0,726.1, 774.90,778.8,764.04,102261,781.31,5846, 38484, 37.63
VINYLINDIA, EQ, 17-Aug-2020,90.75,91.85,96.25,90.1, 96.00,95.0,93.83,190563,178.81,3075, 107685, 56.51
VIPCLOTHNG, BE, 17-Aug-2020,7.35,7.7,7.7,7.35, 7.70,7.7,7.69,60344,4.64,99, -, -
VIPIND, EQ, 17-Aug-2020,265.65,269.0,272.0,262.85, 265.40,264.9,268.06,620038,1662.1,11229, 392792, 63.35
VIPULLTD, EQ, 17-Aug-2020,14.25,15.45,15.45,13.95, 13.95,14.05,14.46,7761,1.12,77, 5259, 67.76
VISAKAIND, EQ, 17-Aug-2020,317.05,320.0,328.3,316.65, 321.00,322.65,322.4,50698,163.45,2229, 27255, 53.76
VISASTEEL, BE, 17-Aug-2020,5.5,5.3,5.6,5.3, 5.30,5.3,5.34,2644,0.14,13, -, -
VISHAL, BE, 17-Aug-2020,277.1,265.0,290.0,265.0, 270.00,270.0,276.69,1004,2.78,53, -, -
VISHNU, EQ, 17-Aug-2020,175.8,184.0,192.0,180.0, 182.65,182.15,184.27,51526,94.95,2060, 28717, 55.73
VISHWARAJ, EQ, 17-Aug-2020,87.25,89.45,89.85,85.3, 87.40,86.0,86.24,4121,3.55,155, 2541, 61.66
VIVIDHA, BE, 17-Aug-2020,0.4,0.4,0.4,0.35, 0.40,0.35,0.37,350785,1.31,70, -, -
VIVIMEDLAB, BE, 17-Aug-2020,16.7,17.5,17.5,17.0, 17.50,17.5,17.49,381541,66.73,564, -, -
VLSFINANCE, EQ, 17-Aug-2020,51.9,51.65,53.0,51.5, 52.05,51.95,52.21,51300,26.78,392, 36596, 71.34
VMART, EQ, 17-Aug-2020,1770.45,1779.35,1805.0,1762.6, 1792.00,1789.1,1785.45,5065,90.43,855, 3280, 64.76
VOLTAMP, EQ, 17-Aug-2020,1095.45,1115.0,1140.0,1086.5, 1118.00,1119.35,1112.73,21042,234.14,2363, 13272, 63.07
VOLTAS, EQ, 17-Aug-2020,615.45,624.8,637.8,619.4, 629.30,629.1,627.98,3060818,19221.47,56817, 675373, 22.07
VRLLOG, EQ, 17-Aug-2020,149.9,149.85,154.9,148.35, 151.50,151.2,151.43,399414,604.81,7737, 246765, 61.78
VSSL, BE, 17-Aug-2020,67.7,69.75,70.6,64.8, 68.75,66.75,68.92,16445,11.33,100, -, -
VSTIND, EQ, 17-Aug-2020,3406.65,3468.9,3468.9,3400.05, 3400.05,3403.75,3407.63,6284,214.14,1125, 4956, 78.87
VSTTILLERS, EQ, 17-Aug-2020,1596.45,1684.9,1684.9,1601.0, 1645.35,1628.6,1627.94,29552,481.09,3822, 14616, 49.46
VTL, EQ, 17-Aug-2020,698.35,701.85,715.0,680.3, 690.00,693.8,700.61,8809,61.72,849, 5786, 65.68
WABAG, EQ, 17-Aug-2020,135.55,136.8,142.1,133.4, 141.05,140.6,138.17,328752,454.22,5213, 143356, 43.61
WABCOINDIA, EQ, 17-Aug-2020,7007.85,7001.0,7018.0,7001.0, 7011.00,7012.15,7006.95,9092,637.07,551, 8680, 95.47
WALCHANNAG, EQ, 17-Aug-2020,58.45,60.3,60.3,57.15, 57.95,57.65,58.07,66099,38.38,780, 43444, 65.73
WANBURY, BE, 17-Aug-2020,40.05,41.5,41.8,38.05, 39.40,39.4,38.4,18782,7.21,122, -, -
WATERBASE, EQ, 17-Aug-2020,109.8,109.0,109.55,104.55, 105.20,105.4,106.32,354399,376.81,4989, 118151, 33.34
WEBELSOLAR, BE, 17-Aug-2020,18.35,19.0,19.2,18.35, 19.20,19.15,18.91,32153,6.08,159, -, -
WEIZMANIND, EQ, 17-Aug-2020,30.2,30.2,31.25,28.7, 28.70,28.85,29.8,24330,7.25,233, 14985, 61.59
WELCORP, EQ, 17-Aug-2020,106.3,108.0,110.0,106.15, 109.80,109.35,108.5,727919,789.82,7482, 370133, 50.85
WELENT, EQ, 17-Aug-2020,67.45,67.9,69.8,66.3, 67.75,67.7,67.43,103807,70.0,1283, 69751, 67.19
WELINV, EQ, 17-Aug-2020,254.3,267.0,267.0,260.0, 260.05,260.05,262.63,1059,2.78,44, 937, 88.48
WELSPUNIND, EQ, 17-Aug-2020,46.7,47.05,48.5,46.0, 47.10,47.3,47.23,628560,296.89,3264, 498437, 79.30
WENDT, EQ, 17-Aug-2020,2454.0,2466.2,2540.0,2424.0, 2460.00,2457.45,2469.74,174,4.3,60, 151, 86.78
WESTLIFE, EQ, 17-Aug-2020,368.15,369.95,376.0,363.05, 365.15,365.9,369.55,104411,385.85,3568, 27658, 26.49
WHEELS, EQ, 17-Aug-2020,432.55,433.5,436.5,429.0, 433.80,432.45,432.55,3012,13.03,318, 1671, 55.48
WHIRLPOOL, EQ, 17-Aug-2020,2020.85,2020.0,2045.5,1980.1, 1993.00,1991.0,1999.35,47867,957.03,5730, 24440, 51.06
WILLAMAGOR, EQ, 17-Aug-2020,18.25,18.0,18.85,17.55, 18.50,18.4,18.23,27473,5.01,211, 10065, 36.64
WINDMACHIN, EQ, 17-Aug-2020,13.15,12.55,13.85,12.55, 13.15,13.05,13.08,34678,4.54,200, 19564, 56.42
WIPL, BE, 17-Aug-2020,50.0,50.0,50.0,50.0, 50.00,50.0,50.0,1,0.0,1, -, -
WIPRO, EQ, 17-Aug-2020,276.5,278.6,286.4,277.65, 283.50,281.95,282.2,14547013,41051.43,82884, 3817881, 26.25
WOCKPHARMA, EQ, 17-Aug-2020,322.45,325.0,328.45,317.5, 319.40,320.3,322.05,555147,1787.85,12179, 175383, 31.59
WONDERLA, EQ, 17-Aug-2020,165.3,163.5,175.2,162.1, 170.75,171.2,170.74,123890,211.53,4010, 42919, 34.64
WORTH, EQ, 17-Aug-2020,45.55,48.0,48.0,43.7, 45.50,44.95,45.78,7235,3.31,92, 6527, 90.21
WSI, BE, 17-Aug-2020,1.5,1.55,1.55,1.55, 1.55,1.55,1.55,3500,0.05,4, -, -
WSTCSTPAPR, EQ, 17-Aug-2020,184.0,185.65,189.0,184.95, 186.50,186.3,186.73,51618,96.38,1592, 25437, 49.28
XCHANGING, EQ, 17-Aug-2020,67.4,67.75,70.65,67.5, 70.45,70.2,69.29,406857,281.89,2334, 370191, 90.99
XELPMOC, BE, 17-Aug-2020,121.6,126.95,127.65,125.0, 127.00,127.0,127.26,69372,88.29,452, -, -
XPROINDIA, BE, 17-Aug-2020,22.65,21.55,22.9,21.55, 21.65,21.65,21.66,9068,1.96,52, -, -
YESBANK, EQ, 17-Aug-2020,15.1,14.7,14.9,14.35, 14.35,14.35,14.51,276756159,40146.33,180953, 121083510, 43.75
ZEEL, EQ, 17-Aug-2020,161.2,163.5,171.0,162.9, 168.80,170.1,168.06,40616177,68258.74,184743, 6638882, 16.35
ZEEL, P2, 17-Aug-2020,3.45,3.5,3.5,3.4, 3.45,3.45,3.45,2026971,69.93,51, 2015971, 99.46
ZEELEARN, EQ, 17-Aug-2020,14.85,15.3,15.6,15.0, 15.35,15.3,15.33,850385,130.37,2274, 480107, 56.46
ZEEMEDIA, BE, 17-Aug-2020,5.7,5.85,5.9,5.55, 5.70,5.75,5.69,362072,20.6,778, -, -
ZENITHBIR, BE, 17-Aug-2020,0.8,0.8,0.85,0.8, 0.80,0.8,0.84,146687,1.23,116, -, -
ZENITHEXPO, EQ, 17-Aug-2020,45.95,43.4,46.65,43.35, 43.85,43.85,44.35,810,0.36,29, 675, 83.33
ZENSARTECH, EQ, 17-Aug-2020,173.45,175.8,175.9,171.65, 173.50,172.8,173.55,133107,231.01,6083, 68643, 51.57
ZENTEC, EQ, 17-Aug-2020,88.85,91.7,91.7,84.8, 86.20,86.35,87.11,700083,609.87,7992, 393511, 56.21
ZICOM, BE, 17-Aug-2020,1.7,1.75,1.75,1.75, 1.75,1.75,1.75,9982,0.17,20, -, -
ZODIAC, SM, 17-Aug-2020,17.85,17.0,17.5,17.0, 17.50,17.5,17.25,4000,0.69,2, 4000, 100.00
ZODIACLOTH, EQ, 17-Aug-2020,117.95,119.0,123.8,117.0, 118.20,117.3,118.11,2792,3.3,134, 2007, 71.88
ZODJRDMKJ, BE, 17-Aug-2020,27.25,27.85,28.4,25.9, 27.50,27.5,27.67,1488,0.41,16, -, -
ZOTA, EQ, 17-Aug-2020,140.6,142.0,143.25,141.1, 142.00,141.8,142.26,4340,6.17,98, 3817, 87.95
ZUARI, EQ, 17-Aug-2020,87.15,87.3,88.7,86.0, 86.50,86.4,86.81,26748,23.22,319, 17155, 64.14
ZUARIGLOB, EQ, 17-Aug-2020,52.95,52.4,54.0,52.0, 52.85,52.65,52.72,17877,9.43,200, 11151, 62.38
ZYDUSWELL, EQ, 17-Aug-2020,1617.75,1625.85,1658.95,1625.85, 1642.00,1635.75,1639.32,24828,407.01,3637, 10819, 43.58
