SYMBOL, SERIES, DATE1, PREV_CLOSE, OPEN_PRICE, HIGH_PRICE, LOW_PRICE, LAST_PRICE, CLOSE_PRICE, AVG_PRICE, TTL_TRD_QNTY, TURNOVER_LACS, NO_OF_TRADES, DELIV_QTY, DELIV_PER
20MICRONS, EQ, 09-Mar-2020,29.65,30.0,30.0,26.85, 28.00,27.7,28.06,35489,9.96,2974, 28112, 79.21
21STCENMGM, EQ, 09-Mar-2020,12.05,11.85,11.85,11.85, 11.85,11.85,11.85,108,0.01,3, 108, 100.00
3IINFOTECH, EQ, 09-Mar-2020,1.75,1.75,1.8,1.65, 1.80,1.7,1.72,3033619,52.04,1153, 1523454, 50.22
3MINDIA, EQ, 09-Mar-2020,22601.85,22000.0,22749.0,20975.0, 20975.00,21038.45,21355.1,20648,4409.4,8740, 8701, 42.14
3PLAND, EQ, 09-Mar-2020,4.35,4.35,4.35,4.15, 4.15,4.15,4.16,2499,0.1,13, 2499, 100.00
5PAISA, EQ, 09-Mar-2020,152.25,159.4,159.4,136.05, 144.00,145.95,149.93,6226,9.33,260, 5454, 87.60
63MOONS, EQ, 09-Mar-2020,83.2,82.0,82.0,76.45, 78.00,77.75,78.41,89230,69.97,1802, 49633, 55.62
737GS2023, GS, 09-Mar-2020,87.0,90.0,90.0,90.0, 90.00,90.0,90.0,200,0.18,1, 200, 100.00
762GS2039, GS, 09-Mar-2020,106.5,106.5,106.5,106.5, 106.50,106.5,106.5,601,0.64,4, 601, 100.00
769GS2043, GS, 09-Mar-2020,110.0,110.0,110.0,110.0, 110.00,110.0,110.0,100,0.11,1, 100, 100.00
772GS2049, GS, 09-Mar-2020,106.0,111.0,111.0,111.0, 111.00,111.0,111.0,20,0.02,1, 20, 100.00
772GS2055, GS, 09-Mar-2020,102.5,103.5,103.5,103.5, 103.50,103.5,103.5,100,0.1,1, 100, 100.00
8KMILES, BZ, 09-Mar-2020,33.75,32.1,32.1,32.1, 32.10,32.1,32.1,9006,2.89,31, -, -
A2ZINFRA, EQ, 09-Mar-2020,3.45,3.4,4.1,3.25, 4.10,3.95,3.72,455848,16.94,731, 359547, 78.87
AAKASH, SM, 09-Mar-2020,66.8,63.5,63.5,63.5, 63.50,63.5,63.5,2000,1.27,1, 2000, 100.00
AARON, SM, 09-Mar-2020,46.5,42.6,42.6,42.6, 42.60,42.6,42.6,3300,1.41,1, 3300, 100.00
AARTIDRUGS, EQ, 09-Mar-2020,669.05,655.0,655.0,618.0, 621.60,626.55,635.31,42460,269.75,3089, 23060, 54.31
AARTIIND, EQ, 09-Mar-2020,985.4,981.25,981.25,931.4, 936.00,942.4,942.6,635426,5989.53,18431, 547152, 86.11
AARVEEDEN, EQ, 09-Mar-2020,11.95,11.8,12.8,10.25, 11.95,11.05,10.95,10233,1.12,150, 8770, 85.70
AAVAS, EQ, 09-Mar-2020,1921.8,1886.0,1945.55,1856.35, 1905.00,1901.0,1902.69,108151,2057.78,11537, 73632, 68.08
ABAN, EQ, 09-Mar-2020,17.6,17.55,17.55,15.85, 15.90,15.95,16.31,172420,28.12,1401, 110146, 63.88
ABB, EQ, 09-Mar-2020,1191.9,1180.0,1192.75,1096.7, 1130.00,1129.85,1145.85,81699,936.15,9472, 58576, 71.70
ABBOTINDIA, EQ, 09-Mar-2020,15589.15,15698.95,15877.4,14680.1, 14805.05,14930.85,15086.8,23285,3512.96,6922, 13551, 58.20
ABCAPITAL, EQ, 09-Mar-2020,74.2,69.05,71.2,66.0, 67.60,67.55,68.46,2945950,2016.73,22169, 1695916, 57.57
ABFRL, EQ, 09-Mar-2020,248.95,230.0,244.7,230.0, 242.00,241.8,240.47,2010035,4833.52,47570, 1701604, 84.66
ABSLBANETF, EQ, 09-Mar-2020,315.0,301.0,315.0,261.04, 266.02,265.46,275.83,166,0.46,36, 158, 95.18
ABSLFTQVDG, MF, 09-Mar-2020,9.35,8.46,8.46,8.46, 8.46,8.46,8.46,150000,12.69,21, 150000, 100.00
ABSLNN50ET, EQ, 09-Mar-2020,266.63,266.5,268.0,245.0, 254.00,254.0,264.52,92,0.24,14, 90, 97.83
ABSLRIF6RG, MF, 09-Mar-2020,6.2,5.58,5.58,5.58, 5.58,5.58,5.58,5000,0.28,3, 5000, 100.00
ACC, EQ, 09-Mar-2020,1300.95,1276.75,1292.35,1227.55, 1235.00,1248.35,1259.31,933025,11749.67,34665, 319054, 34.20
ACCELYA, EQ, 09-Mar-2020,1041.45,1041.0,1041.0,1005.55, 1025.00,1020.6,1024.02,10859,111.2,489, 10005, 92.14
ACCURACY, SM, 09-Mar-2020,18.45,17.55,17.55,17.55, 17.55,17.55,17.55,1600,0.28,1, 1600, 100.00
ACE, EQ, 09-Mar-2020,63.2,64.85,64.85,58.05, 59.65,59.45,59.72,187544,112.0,1928, 105440, 56.22
ADANIENT, EQ, 09-Mar-2020,214.75,207.0,208.5,197.25, 198.85,199.7,203.37,2763989,5621.14,17488, 393278, 14.23
ADANIGAS, EQ, 09-Mar-2020,127.2,120.85,123.85,115.5, 119.40,120.2,120.68,2394235,2889.41,20239, 1096150, 45.78
ADANIGREEN, EQ, 09-Mar-2020,144.9,137.7,137.8,137.7, 137.70,137.7,137.7,112896,155.46,1379, 88945, 78.78
ADANIPORTS, EQ, 09-Mar-2020,341.4,334.7,334.7,316.85, 322.20,321.9,326.34,3230319,10541.77,34510, 1024534, 31.72
ADANIPOWER, EQ, 09-Mar-2020,44.1,43.3,43.5,39.85, 40.30,40.75,41.8,6931134,2897.04,13224, 968099, 13.97
ADANITRANS, EQ, 09-Mar-2020,235.85,204.0,222.95,202.0, 203.25,205.3,208.85,411604,859.65,11482, 220378, 53.54
ADFFOODS, EQ, 09-Mar-2020,241.05,239.9,239.9,207.05, 218.00,215.9,221.27,45228,100.08,2296, 27517, 60.84
ADHUNIKIND, EQ, 09-Mar-2020,26.95,25.65,25.65,25.65, 25.65,25.65,25.65,982,0.25,20, 981, 99.90
ADLABS, EQ, 09-Mar-2020,3.2,3.2,3.3,3.05, 3.05,3.05,3.08,32290,0.99,195, 30936, 95.81
ADORWELD, EQ, 09-Mar-2020,288.2,288.2,288.2,270.8, 278.00,275.65,276.56,9407,26.02,494, 6815, 72.45
ADROITINFO, EQ, 09-Mar-2020,6.35,6.05,6.05,6.05, 6.05,6.05,6.05,100,0.01,1, 100, 100.00
ADSL, EQ, 09-Mar-2020,17.2,16.7,17.15,16.35, 16.35,16.35,16.37,46814,7.66,791, 44190, 94.39
ADVANIHOTR, EQ, 09-Mar-2020,48.3,48.35,48.35,42.45, 44.05,45.0,44.4,8979,3.99,217, 4525, 50.40
ADVENZYMES, EQ, 09-Mar-2020,145.35,142.2,144.45,131.55, 137.40,137.3,137.3,130077,178.6,7211, 89272, 68.63
AEGISCHEM, EQ, 09-Mar-2020,212.55,209.9,211.5,202.0, 206.50,207.45,207.39,239987,497.72,10719, 135642, 56.52
AFFLE, BE, 09-Mar-2020,1653.2,1571.0,1585.0,1570.55, 1570.55,1570.55,1570.99,11974,188.11,1678, -, -
AGARIND, EQ, 09-Mar-2020,62.45,60.95,64.8,56.95, 64.00,62.7,60.82,6959,4.23,174, 5122, 73.60
AGCNET, BE, 09-Mar-2020,335.3,318.55,333.0,318.55, 318.55,318.55,318.84,33891,108.06,200, -, -
AGRITECH, EQ, 09-Mar-2020,31.2,30.45,30.45,26.4, 27.15,27.25,27.99,33020,9.24,421, 19110, 57.87
AGROPHOS, EQ, 09-Mar-2020,11.5,10.95,10.95,10.95, 10.95,10.95,10.95,360,0.04,14, 360, 100.00
AHLADA, SM, 09-Mar-2020,62.0,61.9,62.65,60.0, 60.00,60.0,61.64,4000,2.47,4, 4000, 100.00
AHLEAST, EQ, 09-Mar-2020,189.8,181.0,187.45,180.05, 181.00,181.55,182.76,1171,2.14,51, 988, 84.37
AHLUCONT, EQ, 09-Mar-2020,328.75,326.6,333.65,316.4, 324.00,321.15,325.74,155437,506.31,1305, 148683, 95.65
AHLWEST, EQ, 09-Mar-2020,325.0,310.05,329.95,310.05, 326.50,326.05,324.23,5188,16.82,188, 3915, 75.46
AIAENG, EQ, 09-Mar-2020,1789.1,1780.0,1830.15,1692.0, 1830.00,1776.65,1748.17,329614,5762.2,5482, 311311, 94.45
AIONJSW, EQ, 09-Mar-2020,11.8,11.7,11.7,11.25, 11.25,11.25,11.27,28154,3.17,104, 24826, 88.18
AIRAN, EQ, 09-Mar-2020,11.1,10.75,10.95,10.0, 10.90,10.9,10.57,12748,1.35,66, 8905, 69.85
AISL, SM, 09-Mar-2020,26.6,25.3,25.3,25.3, 25.30,25.3,25.3,1200,0.3,1, 1200, 100.00
AJANTPHARM, EQ, 09-Mar-2020,1453.45,1415.0,1452.5,1373.45, 1402.00,1400.5,1406.21,147317,2071.58,10823, 45408, 30.82
AJMERA, EQ, 09-Mar-2020,90.7,85.05,86.25,81.1, 82.70,81.8,82.44,74511,61.42,1559, 39124, 52.51
AJOONI, SM, 09-Mar-2020,10.25,9.75,9.75,9.75, 9.75,9.75,9.75,8000,0.78,2, 8000, 100.00
AKSHARCHEM, EQ, 09-Mar-2020,231.05,219.0,224.0,193.85, 208.00,201.4,206.38,16273,33.58,712, 10134, 62.27
AKSHOPTFBR, EQ, 09-Mar-2020,4.8,4.65,4.65,4.6, 4.60,4.6,4.6,85659,3.94,194, 82732, 96.58
AKZOINDIA, EQ, 09-Mar-2020,2441.95,2441.95,2465.5,2300.6, 2384.05,2394.95,2384.18,58156,1386.54,7091, 37098, 63.79
ALANKIT, EQ, 09-Mar-2020,14.1,14.7,14.7,13.0, 13.35,13.25,13.4,275744,36.96,852, 112814, 40.91
ALBERTDAVD, EQ, 09-Mar-2020,419.7,412.95,418.75,393.15, 395.90,395.7,399.14,15210,60.71,697, 12079, 79.41
ALBK, EQ, 09-Mar-2020,10.75,10.3,10.4,8.8, 9.10,9.1,9.17,5155469,472.77,8032, 2415736, 46.86
ALCHEM, BE, 09-Mar-2020,0.85,0.85,0.9,0.8, 0.85,0.85,0.86,15963,0.14,19, -, -
ALEMBICLTD, EQ, 09-Mar-2020,47.5,46.5,48.25,45.0, 48.20,47.4,46.26,130066,60.17,1060, 105102, 80.81
ALICON, EQ, 09-Mar-2020,270.0,270.0,270.0,241.55, 264.00,263.75,255.25,4198,10.72,365, 2454, 58.46
ALKALI, EQ, 09-Mar-2020,40.7,39.1,40.5,38.25, 38.65,38.55,39.07,4225,1.65,104, 3448, 81.61
ALKEM, EQ, 09-Mar-2020,2614.0,2626.6,2626.6,2455.05, 2580.00,2566.9,2539.1,55847,1418.01,7925, 26572, 47.58
ALKYLAMINE, EQ, 09-Mar-2020,1543.3,1522.7,1551.95,1440.0, 1461.55,1464.85,1474.72,51829,764.34,2936, 38536, 74.35
ALLCARGO, EQ, 09-Mar-2020,107.1,105.1,105.75,102.25, 103.00,104.3,104.24,687334,716.51,3478, 567425, 82.55
ALLSEC, EQ, 09-Mar-2020,247.6,241.05,245.0,210.0, 230.00,233.75,225.78,10124,22.86,374, 8411, 83.08
ALMONDZ, EQ, 09-Mar-2020,16.7,16.5,16.5,15.9, 15.90,15.9,16.5,70030,11.55,3, 70030, 100.00
ALOKINDS, EQ, 09-Mar-2020,8.8,7.95,7.95,7.95, 7.95,7.95,7.95,321298,25.54,576, 321298, 100.00
ALPA, EQ, 09-Mar-2020,15.65,15.3,15.35,13.2, 13.40,13.45,13.87,42783,5.93,348, 27396, 64.03
ALPHAGEO, EQ, 09-Mar-2020,179.5,180.0,180.95,153.05, 162.00,160.0,165.47,43215,71.51,1945, 25643, 59.34
ALPSINDUS, EQ, 09-Mar-2020,0.7,0.7,0.75,0.65, 0.65,0.65,0.68,8401,0.06,28, 8401, 100.00
AMARAJABAT, EQ, 09-Mar-2020,634.4,620.0,624.0,598.7, 621.85,620.15,613.75,536224,3291.09,14810, 200590, 37.41
AMBANIORG, SM, 09-Mar-2020,61.0,57.1,57.1,57.1, 57.10,57.1,57.1,2000,1.14,1, 2000, 100.00
AMBER, EQ, 09-Mar-2020,1454.05,1440.0,1495.9,1260.0, 1360.00,1366.75,1417.98,190469,2700.8,18843, 83564, 43.87
AMBIKCO, EQ, 09-Mar-2020,787.85,780.0,780.0,744.5, 759.95,758.1,758.34,6660,50.51,934, 4485, 67.34
AMBUJACEM, EQ, 09-Mar-2020,205.1,199.8,203.25,191.45, 192.85,193.7,196.65,3910317,7689.62,47277, 1553959, 39.74
AMDIND, EQ, 09-Mar-2020,13.55,13.6,13.6,12.55, 13.35,12.75,13.1,6674,0.87,61, 6020, 90.20
AMJLAND, EQ, 09-Mar-2020,18.5,18.0,19.6,17.6, 19.50,19.5,18.32,24297,4.45,80, 20315, 83.61
AMRUTANJAN, EQ, 09-Mar-2020,465.2,459.95,460.0,425.25, 448.50,450.05,447.84,62502,279.91,6333, 38038, 60.86
ANANTRAJ, EQ, 09-Mar-2020,29.6,27.25,29.0,27.25, 28.15,28.8,28.27,314398,88.88,2131, 243137, 77.33
ANDHRABANK, EQ, 09-Mar-2020,12.4,12.2,12.25,10.2, 11.05,11.05,11.18,1813693,202.71,4984, 1011368, 55.76
ANDHRACEMT, EQ, 09-Mar-2020,1.9,1.85,1.9,1.8, 1.85,1.8,1.83,127743,2.34,152, 87487, 68.49
ANDHRAPAP, EQ, 09-Mar-2020,229.0,229.0,232.0,186.55, 201.05,201.4,203.58,13726,27.94,640, 9318, 67.89
ANDHRSUGAR, EQ, 09-Mar-2020,248.3,250.8,250.8,232.35, 237.50,237.8,237.27,40476,96.04,1299, 24632, 60.86
ANIKINDS, EQ, 09-Mar-2020,6.95,6.65,7.0,6.65, 7.00,6.85,6.73,3170,0.21,56, 1991, 62.81
ANKITMETAL, EQ, 09-Mar-2020,0.45,0.45,0.45,0.4, 0.40,0.4,0.4,21096,0.09,32, 21096, 100.00
ANSALAPI, EQ, 09-Mar-2020,5.3,5.05,5.3,5.05, 5.05,5.05,5.09,7760,0.4,42, 4505, 58.05
ANSALHSG, EQ, 09-Mar-2020,3.75,3.6,3.6,3.6, 3.60,3.6,3.6,21954,0.79,43, 20417, 93.00
ANTGRAPHIC, BE, 09-Mar-2020,0.5,0.45,0.5,0.45, 0.50,0.5,0.48,9687,0.05,20, -, -
ANUP, EQ, 09-Mar-2020,506.95,492.0,498.3,445.3, 475.00,482.2,463.32,70753,327.81,2343, 53968, 76.28
APARINDS, EQ, 09-Mar-2020,357.1,354.95,364.95,346.1, 359.00,359.55,357.77,20124,72.0,1005, 12579, 62.51
APCL, EQ, 09-Mar-2020,129.8,136.0,136.0,120.05, 122.00,122.45,124.42,5274,6.56,142, 4341, 82.31
APCOTEXIND, EQ, 09-Mar-2020,102.2,100.0,104.7,98.2, 103.55,103.2,101.75,66422,67.59,1184, 38172, 57.47
APEX, EQ, 09-Mar-2020,233.65,224.7,228.05,213.05, 221.00,222.6,219.18,271019,594.03,8626, 74030, 27.32
APLAPOLLO, EQ, 09-Mar-2020,1872.2,1826.0,1858.6,1720.0, 1814.80,1805.25,1778.49,49483,880.05,7326, 28159, 56.91
APLLTD, EQ, 09-Mar-2020,625.9,609.95,630.3,599.85, 622.00,624.95,611.91,173154,1059.54,10830, 97698, 56.42
APOLLO, EQ, 09-Mar-2020,66.3,65.0,65.0,60.0, 61.50,61.35,62.17,29394,18.27,1221, 17781, 60.49
APOLLOHOSP, EQ, 09-Mar-2020,1688.9,1650.0,1671.75,1606.1, 1640.00,1640.9,1637.07,486073,7957.35,33229, 197798, 40.69
APOLLOPIPE, EQ, 09-Mar-2020,400.2,375.4,389.85,357.05, 385.00,381.75,375.13,15819,59.34,1404, 10496, 66.35
APOLLOTYRE, EQ, 09-Mar-2020,135.3,132.65,133.0,125.35, 126.20,126.75,129.32,3080810,3984.14,18698, 721962, 23.43
APOLSINHOT, EQ, 09-Mar-2020,484.95,471.0,505.0,461.7, 505.00,503.35,490.2,846,4.15,91, 405, 47.87
APTECHT, EQ, 09-Mar-2020,108.7,105.0,110.0,96.55, 96.55,98.4,100.01,202451,202.46,3855, 81384, 40.20
ARCHIDPLY, EQ, 09-Mar-2020,18.1,18.05,19.55,16.35, 17.35,17.25,17.38,2650,0.46,148, 1640, 61.89
ARCHIES, EQ, 09-Mar-2020,13.2,12.5,13.1,12.2, 12.25,12.4,12.81,29935,3.83,279, 27170, 90.76
ARCOTECH, EQ, 09-Mar-2020,1.05,1.0,1.0,1.0, 1.00,1.0,1.0,39028,0.39,40, 39028, 100.00
ARIES, EQ, 09-Mar-2020,49.35,49.35,50.0,41.0, 46.15,46.7,46.68,42854,20.01,1000, 28791, 67.18
ARIHANT, EQ, 09-Mar-2020,15.65,14.35,16.4,14.3, 14.30,14.45,14.74,2077,0.31,34, 1403, 67.55
ARIHANTSUP, EQ, 09-Mar-2020,24.15,24.15,24.15,22.95, 22.95,22.95,22.95,2805,0.64,38, 2805, 100.00
ARMANFIN, EQ, 09-Mar-2020,912.65,910.0,910.0,808.0, 815.00,830.75,848.03,21141,179.28,2275, 13087, 61.90
AROGRANITE, EQ, 09-Mar-2020,25.85,23.75,28.2,21.3, 23.75,22.8,23.63,28170,6.66,473, 17181, 60.99
ARROWGREEN, BE, 09-Mar-2020,37.8,37.8,37.8,35.95, 35.95,36.0,36.03,6912,2.49,52, -, -
ARSHIYA, EQ, 09-Mar-2020,11.1,11.35,13.15,10.6, 12.25,12.6,11.52,184747,21.28,601, 122301, 66.20
ARSSINFRA, EQ, 09-Mar-2020,14.55,13.85,15.4,13.1, 13.75,14.0,13.87,16750,2.32,217, 9610, 57.37
ARTEMISMED, EQ, 09-Mar-2020,199.9,199.0,217.15,181.05, 190.00,190.0,192.11,1270,2.44,66, 1203, 94.72
ARVIND, EQ, 09-Mar-2020,35.3,34.6,34.9,33.5, 33.65,33.8,33.89,891252,302.08,5134, 564317, 63.32
ARVINDFASN, EQ, 09-Mar-2020,334.05,325.2,326.25,283.9, 309.75,310.25,308.17,20917,64.46,846, 11668, 55.78
ARVSMART, EQ, 09-Mar-2020,86.55,85.0,88.0,80.05, 88.00,84.65,82.51,62318,51.42,969, 50100, 80.39
ASAHIINDIA, EQ, 09-Mar-2020,245.45,235.0,245.35,222.4, 223.80,228.25,231.89,23882,55.38,984, 15243, 63.83
ASAHISONG, EQ, 09-Mar-2020,122.55,126.45,126.5,115.0, 118.90,116.7,117.1,4517,5.29,400, 2708, 59.95
ASAL, EQ, 09-Mar-2020,17.95,16.7,17.5,16.5, 16.90,16.85,16.92,5643,0.95,83, 4592, 81.38
ASALCBR, EQ, 09-Mar-2020,197.85,190.35,190.35,176.45, 183.00,184.25,184.8,23270,43.0,1033, 17374, 74.66
ASCOM, SM, 09-Mar-2020,30.0,32.45,33.0,32.45, 33.00,33.0,32.73,8000,2.62,2, 8000, 100.00
ASHAPURMIN, EQ, 09-Mar-2020,34.0,32.6,33.95,32.3, 32.30,32.35,32.36,32917,10.65,187, 28509, 86.61
ASHIANA, EQ, 09-Mar-2020,88.95,88.75,89.8,86.85, 88.60,87.8,88.34,53434,47.21,657, 40066, 74.98
ASHIMASYN, EQ, 09-Mar-2020,4.8,4.8,4.95,4.65, 4.80,4.8,4.82,75301,3.63,280, 67954, 90.24
ASHOKA, EQ, 09-Mar-2020,84.65,82.9,82.9,77.55, 78.95,79.35,79.18,316737,250.78,5041, 134686, 42.52
ASHOKLEY, EQ, 09-Mar-2020,71.2,68.05,71.35,67.8, 68.85,68.85,69.18,22970214,15890.65,59975, 4650747, 20.25
ASIANHOTNR, EQ, 09-Mar-2020,63.25,65.75,65.8,60.05, 62.25,63.75,60.83,202439,123.14,173, 202302, 99.93
ASIANPAINT, EQ, 09-Mar-2020,1877.45,1888.0,1915.9,1848.0, 1864.00,1867.15,1872.91,3420762,64067.88,129045, 1641471, 47.99
ASIANTILES, EQ, 09-Mar-2020,245.45,238.0,257.8,235.1, 249.00,247.05,240.74,100704,242.43,4745, 47390, 47.06
ASLIND, SM, 09-Mar-2020,8.65,8.3,8.3,8.3, 8.30,8.3,8.3,40000,3.32,2, 40000, 100.00
ASPINWALL, EQ, 09-Mar-2020,115.9,107.0,119.9,107.0, 108.00,108.3,110.94,2190,2.43,98, 1525, 69.63
ASTEC, EQ, 09-Mar-2020,486.9,483.55,487.0,456.0, 484.00,477.9,468.03,16263,76.12,921, 9854, 60.59
ASTERDM, EQ, 09-Mar-2020,156.7,152.0,153.35,140.0, 141.00,142.8,146.62,86179,126.36,2611, 52450, 60.86
ASTRAL, EQ, 09-Mar-2020,1120.6,1105.0,1125.0,1090.0, 1121.35,1120.45,1106.67,41500,459.27,7501, 23193, 55.89
ASTRAMICRO, EQ, 09-Mar-2020,83.7,82.5,82.5,79.6, 81.65,80.7,80.59,194869,157.04,1371, 139809, 71.75
ASTRAZEN, EQ, 09-Mar-2020,2659.45,2616.0,2659.95,2404.0, 2432.95,2436.45,2508.38,32012,802.98,4361, 17040, 53.23
ASTRON, EQ, 09-Mar-2020,35.0,33.5,36.55,31.85, 33.65,33.25,33.25,40933,13.61,771, 22858, 55.84
ATFL, EQ, 09-Mar-2020,641.4,632.7,632.7,583.1, 614.00,614.4,612.51,7542,46.2,643, 5489, 72.78
ATLANTA, EQ, 09-Mar-2020,4.05,4.0,4.25,3.85, 4.15,4.2,4.07,27431,1.12,95, 23944, 87.29
ATLASCYCLE, BE, 09-Mar-2020,38.95,37.25,40.85,37.2, 37.80,38.4,38.16,2674,1.02,39, -, -
ATNINTER, BE, 09-Mar-2020,0.1,0.1,0.1,0.05, 0.10,0.1,0.06,5613,0.0,6, -, -
ATUL, EQ, 09-Mar-2020,5065.85,5066.0,5066.0,4933.25, 4950.00,4960.8,4978.3,46806,2330.14,3875, 40114, 85.70
ATULAUTO, EQ, 09-Mar-2020,203.65,201.65,201.65,189.05, 197.00,197.55,195.51,28314,55.36,1143, 16934, 59.81
AUBANK, EQ, 09-Mar-2020,1133.75,1104.0,1113.0,1043.15, 1044.15,1063.05,1071.85,1074118,11512.95,98829, 712439, 66.33
AURIONPRO, EQ, 09-Mar-2020,37.35,37.6,37.6,34.3, 35.65,35.7,35.08,17960,6.3,280, 13492, 75.12
AUROPHARMA, EQ, 09-Mar-2020,510.3,503.0,506.0,465.6, 470.10,471.3,484.96,3808723,18470.88,61823, 892607, 23.44
AUSOMENT, EQ, 09-Mar-2020,34.9,33.25,33.3,33.2, 33.30,33.3,33.24,251,0.08,10, 182, 72.51
AUTOAXLES, EQ, 09-Mar-2020,614.6,620.0,620.0,545.3, 580.00,580.15,576.3,20805,119.9,2091, 13482, 64.80
AUTOIND, EQ, 09-Mar-2020,16.85,16.85,17.25,16.05, 17.25,17.1,16.36,11751,1.92,190, 8727, 74.27
AUTOLITIND, EQ, 09-Mar-2020,17.25,16.1,16.5,15.0, 16.00,15.4,15.67,13108,2.05,151, 6604, 50.38
AVADHSUGAR, EQ, 09-Mar-2020,184.7,180.35,180.35,152.0, 152.00,154.5,161.78,221326,358.07,10099, 127911, 57.79
AVANTIFEED, EQ, 09-Mar-2020,393.9,362.0,385.85,342.7, 370.20,372.35,359.93,1332123,4794.77,40817, 392888, 29.49
AVROIND, SM, 09-Mar-2020,56.9,52.2,52.2,52.2, 52.20,52.2,52.2,2000,1.04,1, 2000, 100.00
AVTNPL, EQ, 09-Mar-2020,35.35,35.5,35.5,32.9, 33.50,33.6,33.53,110739,37.13,1215, 77813, 70.27
AXISBANK, EQ, 09-Mar-2020,657.65,639.0,641.85,615.1, 623.60,623.55,629.4,14336439,90233.67,182268, 6673995, 46.55
AXISCADES, EQ, 09-Mar-2020,45.05,42.8,44.9,42.8, 43.80,43.5,43.06,31309,13.48,179, 27978, 89.36
AXISGOLD, EQ, 09-Mar-2020,3958.55,4037.7,4116.9,3820.0, 3850.00,3838.4,3902.0,6190,241.53,1094, 3946, 63.75
AXISNIFTY, EQ, 09-Mar-2020,1182.15,1186.0,1396.28,1182.15, 1380.00,1327.76,1281.57,2469,31.64,266, 1459, 59.09
AYMSYNTEX, EQ, 09-Mar-2020,27.0,27.3,27.3,23.1, 23.55,24.0,24.3,93218,22.66,596, 74151, 79.55
BABAFOOD, SM, 09-Mar-2020,64.7,64.7,64.7,64.7, 64.70,64.7,64.7,2000,1.29,1, 2000, 100.00
BAFNAPH, BE, 09-Mar-2020,5.5,5.75,5.75,5.75, 5.75,5.75,5.75,34,0.0,3, -, -
BAGFILMS, EQ, 09-Mar-2020,1.55,1.6,1.6,1.5, 1.55,1.6,1.57,193324,3.03,131, 134019, 69.32
BAJAJ-AUTO, EQ, 09-Mar-2020,2735.05,2675.0,2690.0,2558.6, 2572.00,2573.35,2616.54,706898,18496.24,64191, 261684, 37.02
BAJAJCON, EQ, 09-Mar-2020,176.95,176.9,176.9,170.25, 172.80,172.15,174.01,620649,1079.98,22738, 474788, 76.50
BAJAJELEC, EQ, 09-Mar-2020,407.35,401.9,409.95,395.0, 407.50,408.05,403.28,99124,399.74,6010, 48266, 48.69
BAJAJFINSV, EQ, 09-Mar-2020,8603.2,8439.0,8450.0,8160.0, 8180.00,8207.1,8287.05,370508,30704.18,55462, 99201, 26.77
BAJAJHIND, EQ, 09-Mar-2020,3.55,3.35,3.9,3.35, 3.90,3.9,3.69,3473386,128.11,2935, 2303995, 66.33
BAJAJHLDNG, EQ, 09-Mar-2020,3156.75,3148.0,3148.0,2849.1, 2880.00,2882.8,2960.24,90244,2671.44,14079, 64878, 71.89
BAJFINANCE, EQ, 09-Mar-2020,4225.85,4070.0,4127.5,3945.15, 4040.00,4026.8,4040.71,3545633,143268.81,217420, 1427708, 40.27
BALAJITELE, EQ, 09-Mar-2020,46.95,46.2,46.9,43.0, 45.65,45.1,45.12,90099,40.66,858, 39017, 43.30
BALAMINES, EQ, 09-Mar-2020,391.1,385.15,390.0,351.0, 354.00,358.3,369.27,70290,259.56,3316, 34319, 48.82
BALAXI, BE, 09-Mar-2020,99.8,94.85,94.85,94.85, 94.85,94.85,94.85,50,0.05,3, -, -
BALKRISHNA, EQ, 09-Mar-2020,14.35,14.3,14.3,13.65, 13.65,13.65,13.67,2149,0.29,33, 2143, 99.72
BALKRISIND, EQ, 09-Mar-2020,1094.05,1051.0,1082.0,1020.0, 1062.60,1066.85,1051.9,690827,7266.8,33923, 239519, 34.67
BALLARPUR, EQ, 09-Mar-2020,0.45,0.45,0.45,0.4, 0.45,0.4,0.41,518296,2.12,141, 429957, 82.96
BALMLAWRIE, EQ, 09-Mar-2020,98.85,97.0,101.5,88.8, 90.50,90.95,94.25,339346,319.85,6243, 210997, 62.18
BALPHARMA, EQ, 09-Mar-2020,36.6,36.0,36.0,33.55, 34.50,35.45,34.43,19888,6.85,548, 14958, 75.21
BALRAMCHIN, EQ, 09-Mar-2020,132.8,126.9,128.6,116.2, 120.50,123.15,123.47,1248873,1542.03,26435, 653511, 52.33
BANARBEADS, EQ, 09-Mar-2020,33.3,35.95,36.45,31.75, 32.00,32.0,31.9,1615,0.52,35, 1599, 99.01
BANARISUG, EQ, 09-Mar-2020,1129.7,1180.0,1180.0,1000.0, 1000.00,1014.55,1056.45,1680,17.75,346, 1368, 81.43
BANCOINDIA, EQ, 09-Mar-2020,83.85,81.1,85.85,80.4, 83.05,83.2,82.12,68040,55.88,1217, 42458, 62.40
BANDHANBNK, EQ, 09-Mar-2020,403.85,394.4,402.0,368.1, 376.45,374.3,377.76,5349844,20209.44,120028, 2606417, 48.72
BANG, EQ, 09-Mar-2020,16.15,16.2,16.2,15.35, 15.35,15.35,15.93,2888,0.46,29, 688, 23.82
BANKBARODA, EQ, 09-Mar-2020,71.75,69.7,72.6,68.5, 69.20,69.35,70.41,25784509,18155.0,63778, 5555913, 21.55
BANKBEES, EQ, 09-Mar-2020,284.77,278.06,283.49,265.55, 270.50,271.61,272.41,502996,1370.22,5268, 388357, 77.21
BANKINDIA, EQ, 09-Mar-2020,45.5,42.6,43.6,40.0, 40.50,40.45,41.5,3130422,1299.12,13934, 1304356, 41.67
BANSWRAS, EQ, 09-Mar-2020,111.75,107.1,112.45,106.2, 112.45,109.25,107.39,10514,11.29,260, 9181, 87.32
BARTRONICS, BZ, 09-Mar-2020,0.75,0.7,0.7,0.7, 0.70,0.7,0.7,4150,0.03,8, -, -
BASF, EQ, 09-Mar-2020,1137.95,1100.0,1172.5,1078.0, 1090.00,1098.8,1117.87,229004,2559.96,16357, 67054, 29.28
BASML, EQ, 09-Mar-2020,101.9,101.9,101.9,90.25, 93.00,94.4,92.52,1368,1.27,170, 1042, 76.17
BATAINDIA, EQ, 09-Mar-2020,1549.3,1510.0,1540.95,1455.35, 1517.00,1505.65,1492.68,769536,11486.73,42699, 234616, 30.49
BAYERCROP, EQ, 09-Mar-2020,4235.55,4175.3,4266.0,4080.0, 4240.00,4228.05,4171.92,16548,690.37,3421, 9839, 59.46
BBL, EQ, 09-Mar-2020,730.6,696.0,724.9,694.0, 700.00,699.55,700.62,12726,89.16,679, 10341, 81.26
BBTC, EQ, 09-Mar-2020,1119.6,1117.0,1117.0,1060.0, 1075.00,1084.75,1078.17,80429,867.16,3771, 49830, 61.96
BBTCL, SM, 09-Mar-2020,35.5,35.0,35.0,35.0, 35.00,35.0,35.0,3000,1.05,1, 3000, 100.00
BCG, EQ, 09-Mar-2020,4.05,4.0,4.0,3.85, 3.85,3.85,3.86,414963,16.0,242, 327573, 78.94
BCP, EQ, 09-Mar-2020,19.1,19.0,20.0,18.2, 18.50,18.6,18.81,374639,70.46,260, 335776, 89.63
BDL, EQ, 09-Mar-2020,249.9,245.8,246.0,228.0, 232.60,235.8,236.3,140015,330.86,5417, 57459, 41.04
BEARDSELL, EQ, 09-Mar-2020,6.35,6.05,6.6,6.05, 6.45,6.45,6.39,1132,0.07,11, 829, 73.23
BEDMUTHA, EQ, 09-Mar-2020,11.95,11.5,12.4,11.4, 11.55,11.55,11.65,3518,0.41,15, 3516, 99.94
BEL, EQ, 09-Mar-2020,71.5,69.9,70.5,67.65, 69.25,69.7,69.55,17082732,11881.76,56551, 8561715, 50.12
BEML, EQ, 09-Mar-2020,666.65,657.0,657.0,608.8, 610.00,619.7,626.84,277994,1742.59,10080, 50856, 18.29
BEPL, EQ, 09-Mar-2020,35.45,35.4,39.85,31.9, 37.25,38.1,36.91,1680620,620.36,8565, 1043026, 62.06
BERGEPAINT, EQ, 09-Mar-2020,535.25,538.0,549.6,515.4, 522.45,527.15,530.41,2079655,11030.66,38805, 525261, 25.26
BETA, SM, 09-Mar-2020,52.95,51.0,55.5,47.35, 55.50,55.5,50.33,18400,9.26,19, 12000, 65.22
BFINVEST, EQ, 09-Mar-2020,301.95,301.0,301.0,281.0, 283.00,287.4,290.46,55581,161.44,1940, 22486, 40.46
BFUTILITIE, EQ, 09-Mar-2020,268.65,259.0,262.95,243.0, 248.00,249.65,253.81,149584,379.66,7263, 62293, 41.64
BGLOBAL, BE, 09-Mar-2020,1.2,1.2,1.2,1.15, 1.15,1.15,1.15,545,0.01,5, -, -
BGRENERGY, EQ, 09-Mar-2020,29.8,29.5,29.5,27.6, 28.75,28.7,28.3,133707,37.83,1405, 73736, 55.15
BHAGERIA, EQ, 09-Mar-2020,115.55,114.5,114.5,107.4, 109.00,110.15,109.65,36429,39.94,1266, 25071, 68.82
BHAGYANGR, EQ, 09-Mar-2020,18.2,17.25,18.8,17.0, 17.15,17.25,17.68,2867,0.51,95, 2193, 76.49
BHAGYAPROP, EQ, 09-Mar-2020,22.55,22.0,22.0,18.5, 21.10,21.35,20.6,1290,0.27,24, 1129, 87.52
BHANDARI, EQ, 09-Mar-2020,0.95,0.9,1.0,0.85, 0.90,0.9,0.91,96526,0.88,93, 69348, 71.84
BHARATFORG, EQ, 09-Mar-2020,439.4,418.0,418.0,401.0, 415.50,412.8,409.92,2249589,9221.51,44339, 928393, 41.27
BHARATGEAR, EQ, 09-Mar-2020,34.1,34.1,34.1,32.4, 32.40,32.4,32.56,6854,2.23,83, 5024, 73.30
BHARATRAS, EQ, 09-Mar-2020,7101.4,7098.95,7098.95,6350.05, 6589.90,6598.0,6667.66,6021,401.46,1901, 3486, 57.90
BHARATWIRE, EQ, 09-Mar-2020,23.25,21.55,23.15,20.0, 20.70,20.7,20.85,40060,8.35,426, 22447, 56.03
BHARTIARTL, EQ, 09-Mar-2020,519.15,510.0,512.0,491.05, 495.65,496.25,500.25,15375756,76916.49,194367, 8768745, 57.03
BHEL, EQ, 09-Mar-2020,29.55,28.8,28.85,27.05, 27.10,27.2,27.92,21890476,6112.04,32993, 4657317, 21.28
BIGBLOC, EQ, 09-Mar-2020,30.95,30.95,30.95,30.0, 30.95,30.7,30.73,312,0.1,5, 312, 100.00
BIL, EQ, 09-Mar-2020,120.15,119.0,129.85,110.2, 115.25,112.2,111.98,3273,3.67,151, 3115, 95.17
BILENERGY, EQ, 09-Mar-2020,0.6,0.55,0.55,0.55, 0.55,0.55,0.55,504292,2.77,230, 488052, 96.78
BINANIIND, BZ, 09-Mar-2020,7.05,6.95,6.95,6.7, 6.70,6.7,6.72,1752,0.12,4, -, -
BINDALAGRO, EQ, 09-Mar-2020,9.65,8.85,9.9,8.7, 8.95,8.85,9.0,14758,1.33,279, 13218, 89.56
BIOCON, EQ, 09-Mar-2020,310.05,305.05,309.25,298.5, 299.90,301.0,302.63,3585552,10850.79,54613, 1215391, 33.90
BIOFILCHEM, EQ, 09-Mar-2020,8.7,8.3,8.8,8.3, 8.75,8.3,8.35,6208,0.52,37, 5803, 93.48
BIRLACABLE, EQ, 09-Mar-2020,42.2,41.0,41.5,37.45, 40.10,39.8,39.7,96955,38.5,1151, 47703, 49.20
BIRLACORPN, EQ, 09-Mar-2020,703.75,697.25,699.0,651.05, 670.00,682.65,677.28,69297,469.33,3760, 36456, 52.61
BIRLAMONEY, EQ, 09-Mar-2020,29.95,29.15,29.15,26.1, 26.20,26.55,26.97,184310,49.71,1691, 117056, 63.51
BIRLATYRE, EQ, 09-Mar-2020,5.1,4.85,4.85,4.85, 4.85,4.85,4.85,18081,0.88,52, 18081, 100.00
BLBLIMITED, EQ, 09-Mar-2020,3.6,3.6,3.6,3.25, 3.25,3.25,3.25,41200,1.34,47, 40850, 99.15
BLISSGVS, EQ, 09-Mar-2020,122.4,113.0,124.0,97.95, 97.95,97.95,103.92,1260406,1309.77,5335, 1119561, 88.83
BLKASHYAP, EQ, 09-Mar-2020,6.85,7.05,7.05,6.4, 6.45,6.5,6.61,144125,9.52,245, 130531, 90.57
BLS, EQ, 09-Mar-2020,51.75,50.1,56.4,44.9, 53.15,52.35,47.77,66845,31.93,979, 48623, 72.74
BLUECHIP, BE, 09-Mar-2020,0.1,0.1,0.1,0.1, 0.10,0.1,0.1,10000,0.01,2, -, -
BLUEDART, EQ, 09-Mar-2020,2685.3,2675.0,2675.0,2470.0, 2596.75,2626.9,2579.24,7646,197.21,2059, 3994, 52.24
BLUESTARCO, EQ, 09-Mar-2020,781.95,774.95,778.0,750.25, 772.85,770.45,767.62,60616,465.3,7008, 34406, 56.76
BODALCHEM, EQ, 09-Mar-2020,60.95,59.0,59.9,53.15, 57.00,57.2,56.42,361754,204.09,2972, 192078, 53.10
BOHRA, SM, 09-Mar-2020,0.75,0.7,0.8,0.7, 0.75,0.75,0.74,14000,0.1,7, 14000, 100.00
BOMDYEING, EQ, 09-Mar-2020,67.05,65.5,65.5,58.5, 60.35,60.5,61.62,1549040,954.47,12085, 681394, 43.99
BORORENEW, BE, 09-Mar-2020,49.85,52.3,52.3,52.3, 52.30,52.3,52.3,9850,5.15,127, -, -
BOSCHLTD, EQ, 09-Mar-2020,12979.4,12750.05,12809.6,12103.0, 12103.00,12201.65,12417.44,28079,3486.69,9543, 9166, 32.64
BPCL, EQ, 09-Mar-2020,403.1,413.9,454.4,405.8, 425.05,423.85,433.87,39795397,172660.39,350328, 7841228, 19.70
BPL, EQ, 09-Mar-2020,15.25,15.0,15.0,13.85, 14.35,14.25,14.32,94000,13.46,717, 43749, 46.54
BRFL, EQ, 09-Mar-2020,4.3,4.1,4.3,4.0, 4.10,4.0,4.07,30925,1.26,90, 23618, 76.37
BRIGADE, EQ, 09-Mar-2020,218.65,215.0,215.95,207.0, 208.50,208.35,211.33,137483,290.55,2473, 69085, 50.25
BRIGHT, SM, 09-Mar-2020,13.35,12.7,12.7,12.7, 12.70,12.7,12.7,3000,0.38,1, 3000, 100.00
BRITANNIA, EQ, 09-Mar-2020,3081.4,3045.0,3061.8,2968.5, 2999.85,2996.5,3000.29,607257,18219.5,58705, 312279, 51.42
BRITANNIA, N2, 09-Mar-2020,32.11,31.51,32.17,31.51, 32.05,32.05,32.04,22732,7.28,162, 22588, 99.37
BRNL, EQ, 09-Mar-2020,47.1,42.1,44.75,42.0, 43.00,43.0,42.95,10206,4.38,209, 7128, 69.84
BROOKS, EQ, 09-Mar-2020,22.25,23.65,23.65,20.05, 21.20,21.45,21.59,27062,5.84,238, 17372, 64.19
BSE, EQ, 09-Mar-2020,415.3,409.9,409.9,393.0, 400.00,399.9,400.43,272087,1089.53,11895, 188657, 69.34
BSHSL, SM, 09-Mar-2020,108.0,105.0,105.0,105.0, 105.00,105.0,105.0,1200,1.26,1, 1200, 100.00
BSL, EQ, 09-Mar-2020,25.7,25.65,25.65,23.15, 23.15,23.75,24.16,5511,1.33,57, 4551, 82.58
BSLGOLDETF, EQ, 09-Mar-2020,4066.45,4067.0,4199.0,4030.0, 4040.00,4039.4,4073.49,757,30.84,151, 470, 62.09
BSLNIFTY, EQ, 09-Mar-2020,120.35,120.0,120.0,111.0, 111.00,112.41,114.33,1392,1.59,56, 1324, 95.11
BSOFT, EQ, 09-Mar-2020,93.75,89.75,91.65,83.55, 86.40,87.75,87.96,1287262,1132.29,8947, 519096, 40.33
BURNPUR, EQ, 09-Mar-2020,0.95,0.9,1.0,0.9, 0.90,0.9,0.94,54786,0.51,72, 33486, 61.12
BUTTERFLY, EQ, 09-Mar-2020,169.7,167.85,167.85,151.2, 152.00,152.65,157.32,68524,107.8,3559, 44182, 64.48
BVCL, BE, 09-Mar-2020,11.85,11.35,11.35,11.3, 11.30,11.3,11.31,213,0.02,9, -, -
BYKE, EQ, 09-Mar-2020,15.2,15.45,15.45,13.45, 14.15,14.0,14.01,42979,6.02,394, 32838, 76.40
CADILAHC, EQ, 09-Mar-2020,266.1,264.9,267.25,248.8, 256.05,256.2,257.67,2318161,5973.32,30353, 656302, 28.31
CADSYS, SM, 09-Mar-2020,22.8,21.7,21.7,21.7, 21.70,21.7,21.7,2000,0.43,1, 2000, 100.00
CALSOFT, EQ, 09-Mar-2020,11.15,11.5,11.5,10.2, 10.35,10.45,10.47,92378,9.67,281, 39903, 43.20
CAMLINFINE, EQ, 09-Mar-2020,63.4,60.0,60.9,57.1, 57.60,57.5,57.97,645406,374.14,5185, 393535, 60.97
CANBK, EQ, 09-Mar-2020,130.5,125.0,127.85,120.0, 121.00,121.65,124.31,9425292,11716.84,42899, 708484, 7.52
CANDC, BZ, 09-Mar-2020,1.7,1.7,1.75,1.65, 1.70,1.7,1.7,30939,0.53,12, -, -
CANFINHOME, EQ, 09-Mar-2020,464.45,455.0,459.65,416.25, 420.00,428.0,436.33,560611,2446.09,26732, 374232, 66.75
CANTABIL, EQ, 09-Mar-2020,252.7,248.0,255.0,247.5, 254.00,253.05,249.97,35359,88.39,843, 10899, 30.82
CAPACITE, EQ, 09-Mar-2020,141.1,139.5,139.5,126.95, 134.95,134.4,132.84,48135,63.94,1355, 31583, 65.61
CAPLIPOINT, EQ, 09-Mar-2020,293.95,289.9,290.0,280.1, 287.60,288.25,284.42,99133,281.95,2830, 60405, 60.93
CAPTRUST, EQ, 09-Mar-2020,81.25,80.9,80.9,77.2, 77.20,77.2,77.22,1290,1.0,24, 789, 61.16
CARBORUNIV, EQ, 09-Mar-2020,304.8,301.9,301.9,290.55, 298.00,299.05,298.69,46572,139.11,5211, 33777, 72.53
CAREERP, EQ, 09-Mar-2020,131.55,128.1,131.2,108.3, 124.00,122.7,120.33,96354,115.94,3977, 41798, 43.38
CARERATING, EQ, 09-Mar-2020,460.8,450.0,459.65,419.7, 422.20,424.4,431.73,147957,638.77,7022, 66553, 44.98
CASTEXTECH, EQ, 09-Mar-2020,0.35,0.35,0.35,0.3, 0.30,0.3,0.31,189069,0.59,72, 174958, 92.54
CASTROLIND, EQ, 09-Mar-2020,137.7,136.85,138.9,132.25, 132.90,133.6,135.91,2047635,2782.9,13616, 1470770, 71.83
CCCL, BE, 09-Mar-2020,0.3,0.25,0.35,0.25, 0.25,0.25,0.25,944347,2.38,132, -, -
CCHHL, EQ, 09-Mar-2020,2.35,2.45,2.45,2.25, 2.25,2.25,2.26,12165,0.28,28, 12165, 100.00
CCL, EQ, 09-Mar-2020,228.5,227.5,227.5,209.1, 214.00,212.3,216.19,327871,708.82,9373, 221014, 67.41
CDSL, EQ, 09-Mar-2020,250.0,244.45,245.8,235.0, 238.50,239.05,240.54,672547,1617.74,15689, 336331, 50.01
CEATLTD, EQ, 09-Mar-2020,980.35,965.0,979.0,960.4, 961.50,970.15,968.45,99470,963.31,5293, 42959, 43.19
CEBBCO, EQ, 09-Mar-2020,13.45,13.3,13.7,12.7, 13.05,13.25,12.95,36613,4.74,262, 32110, 87.70
CELEBRITY, EQ, 09-Mar-2020,5.0,4.75,4.75,4.5, 4.50,4.5,4.52,42603,1.92,76, 33133, 77.77
CELESTIAL, BZ, 09-Mar-2020,1.85,1.85,1.85,1.8, 1.80,1.8,1.83,880,0.02,6, -, -
CENTENKA, EQ, 09-Mar-2020,155.15,152.0,153.6,143.5, 146.00,145.45,146.08,69020,100.83,1214, 57875, 83.85
CENTEXT, EQ, 09-Mar-2020,2.25,2.1,2.3,2.05, 2.20,2.2,2.14,91694,1.97,111, 72767, 79.36
CENTRALBK, EQ, 09-Mar-2020,14.75,14.5,14.75,13.5, 14.00,13.9,14.09,850824,119.88,2275, 503594, 59.19
CENTRUM, EQ, 09-Mar-2020,17.6,17.95,17.95,14.1, 14.10,15.25,15.83,283171,44.83,864, 251944, 88.97
CENTUM, EQ, 09-Mar-2020,317.35,300.0,313.75,280.0, 285.00,284.55,295.1,1914,5.65,368, 1174, 61.34
CENTURYPLY, EQ, 09-Mar-2020,153.1,150.0,150.0,143.7, 145.40,145.1,145.35,103842,150.94,4247, 57209, 55.09
CENTURYTEX, EQ, 09-Mar-2020,510.1,499.9,502.8,481.0, 484.00,488.0,490.37,959928,4707.24,16580, 189556, 19.75
CERA, EQ, 09-Mar-2020,2495.15,2432.0,2487.75,2346.0, 2350.00,2387.95,2412.7,12194,294.2,2804, 6622, 54.31
CEREBRAINT, BE, 09-Mar-2020,31.05,30.1,30.25,29.5, 29.50,29.5,29.79,132037,39.34,170, -, -
CESC, EQ, 09-Mar-2020,592.65,578.4,609.0,578.35, 590.20,594.0,599.06,1005144,6021.44,23857, 272167, 27.08
CESCVENT, EQ, 09-Mar-2020,244.9,230.2,239.0,208.0, 208.20,212.65,217.8,57908,126.12,2063, 42777, 73.87
CGCL, EQ, 09-Mar-2020,212.9,209.2,210.2,203.1, 207.20,206.6,207.69,417496,867.1,3783, 81409, 19.50
CGPOWER, EQ, 09-Mar-2020,5.7,5.5,5.7,5.45, 5.45,5.45,5.45,666698,36.36,1178, 618780, 92.81
CHALET, EQ, 09-Mar-2020,290.25,298.0,298.0,265.0, 270.00,270.55,272.35,26030,70.89,3572, 19084, 73.32
CHAMBLFERT, EQ, 09-Mar-2020,130.0,128.4,133.6,126.95, 129.60,129.95,129.94,763544,992.13,6940, 636595, 83.37
CHEMBOND, EQ, 09-Mar-2020,191.1,201.0,201.0,180.0, 191.00,190.25,186.89,1639,3.06,365, 705, 43.01
CHEMFAB, EQ, 09-Mar-2020,159.0,163.0,163.0,150.2, 150.20,152.45,153.59,3261,5.01,181, 3016, 92.49
CHENNPETRO, EQ, 09-Mar-2020,93.1,93.0,96.1,90.1, 94.20,94.3,93.7,555931,520.88,9493, 280205, 50.40
CHOLAFIN, EQ, 09-Mar-2020,280.55,275.75,278.7,262.0, 274.00,274.0,273.68,3423344,9369.08,53347, 2289173, 66.87
CHOLAHLDNG, EQ, 09-Mar-2020,492.65,480.0,490.35,467.95, 482.95,486.35,477.74,38684,184.81,2291, 26547, 68.63
CIGNITITEC, EQ, 09-Mar-2020,248.5,247.95,254.0,236.5, 250.05,249.1,245.2,20939,51.34,646, 15932, 76.09
CIMMCO, EQ, 09-Mar-2020,17.65,17.85,17.85,15.5, 17.10,16.95,16.41,16053,2.63,242, 8651, 53.89
CINELINE, EQ, 09-Mar-2020,25.9,25.0,25.95,24.1, 24.90,24.75,24.78,18707,4.64,312, 12665, 67.70
CINEVISTA, EQ, 09-Mar-2020,5.1,4.7,5.1,4.65, 4.75,4.75,4.74,9111,0.43,117, 6233, 68.41
CIPLA, EQ, 09-Mar-2020,434.4,425.0,432.65,423.5, 425.00,426.15,427.71,2986596,12774.07,44117, 1133461, 37.95
CKFSL, BE, 09-Mar-2020,0.3,0.3,0.35,0.25, 0.35,0.35,0.31,170208,0.53,63, -, -
CKPLEISURE, SM, 09-Mar-2020,5.4,5.45,5.45,5.15, 5.15,5.15,5.35,12000,0.64,2, 12000, 100.00
CLEDUCATE, EQ, 09-Mar-2020,52.4,52.0,57.9,50.25, 50.55,52.0,53.31,14744,7.86,363, 11656, 79.06
CLNINDIA, EQ, 09-Mar-2020,340.75,346.9,346.9,312.0, 315.00,314.8,321.08,76047,244.17,2276, 53084, 69.80
CMICABLES, EQ, 09-Mar-2020,25.85,25.8,25.8,24.6, 24.90,24.8,24.69,9308,2.3,126, 6216, 66.78
CNOVAPETRO, BE, 09-Mar-2020,4.75,4.75,4.95,4.75, 4.95,4.95,4.75,529,0.03,8, -, -
COALINDIA, EQ, 09-Mar-2020,168.75,165.8,166.7,156.95, 157.65,157.95,161.87,23967961,38796.75,101385, 13590537, 56.70
COCHINSHIP, EQ, 09-Mar-2020,324.85,319.8,319.8,299.6, 303.30,302.95,303.56,484715,1471.38,22666, 373764, 77.11
COFFEEDAY, BZ, 09-Mar-2020,28.7,27.3,27.3,27.3, 27.30,27.3,27.3,26356,7.2,181, -, -
COLPAL, EQ, 09-Mar-2020,1320.9,1320.9,1321.0,1245.1, 1267.95,1264.2,1278.89,645399,8253.96,36269, 297525, 46.10
COMPINFO, EQ, 09-Mar-2020,11.4,10.85,11.3,10.85, 10.85,10.85,10.86,69916,7.59,85, 62060, 88.76
COMPUSOFT, EQ, 09-Mar-2020,3.75,3.6,3.7,3.4, 3.60,3.55,3.51,47023,1.65,104, 31247, 66.45
CONCOR, EQ, 09-Mar-2020,444.35,426.2,433.95,412.35, 414.05,417.25,420.99,1748116,7359.38,50967, 880396, 50.36
CONFIPET, EQ, 09-Mar-2020,21.65,21.05,21.45,18.0, 19.70,19.5,19.12,462387,88.41,1874, 332067, 71.82
CONSOFINVT, EQ, 09-Mar-2020,29.85,29.0,33.85,24.85, 33.85,33.85,28.43,102,0.03,34, 72, 70.59
CONTI, SM, 09-Mar-2020,27.7,26.35,26.35,26.35, 26.35,26.35,26.35,3333,0.88,1, 3333, 100.00
CONTROLPR, EQ, 09-Mar-2020,266.35,269.0,279.95,233.25, 234.00,238.55,243.72,8468,20.64,888, 5803, 68.53
CORALFINAC, EQ, 09-Mar-2020,13.8,13.3,14.9,13.2, 13.40,13.4,13.47,17072,2.3,114, 16275, 95.33
CORDSCABLE, EQ, 09-Mar-2020,39.2,37.6,38.45,33.5, 34.90,34.65,35.29,40428,14.27,740, 23592, 58.36
COROMANDEL, EQ, 09-Mar-2020,618.55,615.5,619.0,582.6, 605.00,602.75,606.86,499248,3029.74,11423, 409735, 82.07
CORPBANK, EQ, 09-Mar-2020,15.2,14.5,14.5,12.5, 13.05,13.05,13.08,1533297,200.53,4179, 897675, 58.55
COSMOFILMS, EQ, 09-Mar-2020,289.0,287.9,287.9,258.1, 265.50,264.2,270.15,82822,223.74,2895, 46536, 56.19
COX&KINGS, BZ, 09-Mar-2020,0.65,0.6,0.65,0.6, 0.60,0.6,0.61,796384,4.83,549, -, -
CPSEETF, EQ, 09-Mar-2020,18.9,18.49,18.6,17.33, 17.60,17.8,17.83,15926057,2839.37,102485, 11776862, 73.95
CREATIVE, EQ, 09-Mar-2020,114.1,119.0,119.0,108.4, 108.50,108.5,109.02,8622,9.4,45, 8598, 99.72
CREDITACC, EQ, 09-Mar-2020,883.4,861.4,861.4,831.55, 850.00,845.75,843.16,161450,1361.28,14676, 104260, 64.58
CREST, EQ, 09-Mar-2020,85.85,85.05,85.05,75.55, 79.00,78.3,78.51,9035,7.09,258, 5235, 57.94
CRISIL, EQ, 09-Mar-2020,1540.2,1505.0,1520.0,1485.0, 1497.00,1505.6,1496.94,20673,309.46,3733, 12631, 61.10
CROMPTON, EQ, 09-Mar-2020,271.65,266.2,269.95,260.0, 261.00,264.4,264.1,622715,1644.62,15007, 443127, 71.16
CSBBANK, EQ, 09-Mar-2020,159.4,160.3,162.35,149.8, 150.25,151.45,152.94,169659,259.48,3467, 81199, 47.86
CTE, EQ, 09-Mar-2020,12.75,12.15,12.15,12.15, 12.15,12.15,12.15,1252,0.15,21, 1252, 100.00
CUB, EQ, 09-Mar-2020,208.45,207.0,207.5,188.65, 198.00,199.9,199.67,1262891,2521.57,15258, 965531, 76.45
CUBEXTUB, BE, 09-Mar-2020,13.6,12.95,13.5,12.95, 12.95,12.95,12.97,4713,0.61,17, -, -
CUMMINSIND, EQ, 09-Mar-2020,503.6,499.05,499.05,477.5, 483.60,482.45,487.07,644253,3137.95,13043, 339798, 52.74
CUPID, EQ, 09-Mar-2020,182.8,177.0,180.05,170.05, 170.05,172.1,176.28,61069,107.65,1868, 40344, 66.06
CURATECH, BE, 09-Mar-2020,1.65,1.6,1.6,1.6, 1.60,1.6,1.6,3001,0.05,1, -, -
CYBERTECH, EQ, 09-Mar-2020,37.45,37.65,40.0,34.1, 35.05,35.4,35.68,12009,4.28,279, 7898, 65.77
CYIENT, EQ, 09-Mar-2020,410.75,406.0,406.0,373.8, 378.00,390.45,398.3,108178,430.88,18885, 74960, 69.29
DAAWAT, EQ, 09-Mar-2020,22.75,22.0,22.4,20.35, 20.70,20.65,20.8,1099976,228.8,4698, 696361, 63.31
DABUR, EQ, 09-Mar-2020,500.55,492.0,494.95,478.1, 488.00,483.15,485.82,2176031,10571.66,63398, 640262, 29.42
DALBHARAT, EQ, 09-Mar-2020,744.7,741.5,752.6,704.8, 736.45,744.4,732.81,155624,1140.43,13955, 107242, 68.91
DALMIASUG, EQ, 09-Mar-2020,77.85,76.5,76.5,69.0, 71.15,70.95,71.29,370905,264.41,2941, 248806, 67.08
DAMODARIND, EQ, 09-Mar-2020,24.15,25.5,25.5,23.0, 24.40,24.1,23.87,8327,1.99,58, 3934, 47.24
DANGEE, SM, 09-Mar-2020,130.0,127.0,127.0,127.0, 127.00,127.0,127.0,800,1.02,1, 800, 100.00
DATAMATICS, EQ, 09-Mar-2020,51.6,50.0,51.5,43.95, 45.50,44.5,46.05,104349,48.05,1450, 71756, 68.77
DBCORP, EQ, 09-Mar-2020,106.65,103.1,104.55,98.15, 101.55,101.35,101.09,76385,77.21,2032, 63693, 83.38
DBL, EQ, 09-Mar-2020,284.0,280.0,288.0,265.8, 288.00,279.2,272.66,247696,675.37,7924, 119309, 48.17
DBREALTY, EQ, 09-Mar-2020,8.05,8.0,8.45,7.65, 7.80,7.8,7.94,364704,28.94,903, 304376, 83.46
DBSTOCKBRO, EQ, 09-Mar-2020,6.65,6.65,6.95,6.65, 6.95,6.7,6.68,1321,0.09,8, 1321, 100.00
DCAL, EQ, 09-Mar-2020,69.85,68.7,72.7,66.45, 72.00,70.95,69.29,492643,341.38,3219, 251021, 50.95
DCBBANK, EQ, 09-Mar-2020,153.65,146.8,152.0,139.95, 147.85,149.0,146.56,937115,1373.47,18794, 568272, 60.64
DCI, SM, 09-Mar-2020,45.3,45.2,45.2,45.2, 45.20,45.2,45.2,3000,1.36,1, 3000, 100.00
DCM, EQ, 09-Mar-2020,19.25,18.8,20.0,18.3, 18.60,18.7,19.14,2403,0.46,52, 1890, 78.65
DCMNVL, EQ, 09-Mar-2020,31.0,24.8,31.3,24.8, 30.90,30.4,30.34,12625,3.83,80, 11854, 93.89
DCMSHRIRAM, EQ, 09-Mar-2020,321.1,315.0,315.0,292.0, 294.00,299.7,301.74,113448,342.32,4814, 72846, 64.21
DCW, EQ, 09-Mar-2020,12.95,12.6,13.0,12.35, 12.60,12.5,12.62,332210,41.94,584, 245255, 73.83
DECCANCE, EQ, 09-Mar-2020,267.9,267.95,269.95,254.05, 269.50,264.95,261.78,5450,14.27,453, 2605, 47.80
DEEPAKFERT, EQ, 09-Mar-2020,87.95,86.15,86.25,81.45, 82.60,83.15,83.27,259569,216.15,4241, 113973, 43.91
DEEPAKNTR, EQ, 09-Mar-2020,519.0,508.8,508.8,463.45, 492.50,490.6,490.45,988007,4845.64,35979, 339839, 34.40
DEEPIND, EQ, 09-Mar-2020,71.95,71.95,71.95,60.05, 62.50,63.05,64.24,47786,30.7,1463, 33499, 70.10
DELTACORP, EQ, 09-Mar-2020,119.15,114.0,124.7,104.8, 118.00,120.6,112.83,4275990,4824.57,38371, 2612575, 61.10
DELTAMAGNT, EQ, 09-Mar-2020,27.7,28.8,28.8,25.15, 26.25,27.75,27.87,1769,0.49,150, 771, 43.58
DEN, EQ, 09-Mar-2020,44.95,43.0,44.6,42.75, 42.75,42.75,42.95,14798,6.36,222, 11929, 80.61
DENORA, EQ, 09-Mar-2020,219.8,219.85,219.85,205.0, 209.00,209.25,210.09,5524,11.61,432, 3064, 55.47
DEVIT, SM, 09-Mar-2020,89.0,89.0,89.0,84.0, 84.00,84.0,87.75,6000,5.27,3, 6000, 100.00
DFMFOODS, EQ, 09-Mar-2020,266.55,264.9,264.9,248.35, 258.00,255.1,253.89,97881,248.51,3087, 53059, 54.21
DGCONTENT, EQ, 09-Mar-2020,4.85,4.65,4.65,4.65, 4.65,4.65,4.65,3056,0.14,29, 3056, 100.00
DHAMPURSUG, EQ, 09-Mar-2020,142.6,130.95,135.0,116.0, 119.40,121.2,125.01,765596,957.07,10803, 325808, 42.56
DHANBANK, EQ, 09-Mar-2020,12.8,12.7,12.7,11.75, 11.75,11.8,12.0,549329,65.91,1168, 445382, 81.08
DHANUKA, EQ, 09-Mar-2020,443.75,432.0,439.5,404.0, 418.00,420.75,420.84,34212,143.98,2318, 19770, 57.79
DHARSUGAR, EQ, 09-Mar-2020,6.15,6.0,6.4,5.55, 5.60,5.6,5.7,45729,2.61,492, 29447, 64.39
DHFL, EQ, 09-Mar-2020,16.3,15.5,15.5,15.5, 15.50,15.5,15.5,297254,46.07,1020, 297253, 100.00
DHFL, N4, 09-Mar-2020,203.5,182.25,236.9,180.0, 200.00,200.0,186.21,449,0.84,20, 342, 76.17
DHFL, N6, 09-Mar-2020,225.0,230.0,230.0,230.0, 230.00,230.0,230.0,9,0.02,1, 9, 100.00
DHFL, NA, 09-Mar-2020,235.01,210.0,234.0,210.0, 225.63,225.63,220.86,155,0.34,3, 155, 100.00
DHFL, NC, 09-Mar-2020,205.05,200.0,200.0,200.0, 200.00,200.0,200.0,1350,2.7,4, 1350, 100.00
DHFL, NH, 09-Mar-2020,303.0,325.0,325.0,325.0, 325.00,325.0,325.0,325,1.06,2, 325, 100.00
DHFL, NN, 09-Mar-2020,212.35,215.0,215.0,215.0, 215.00,215.0,215.0,21,0.05,1, 21, 100.00
DHFL, NP, 09-Mar-2020,209.91,180.0,210.0,180.0, 193.95,192.46,193.78,10250,19.86,280, 5871, 57.28
DHFL, NS, 09-Mar-2020,235.0,202.0,202.0,202.0, 202.00,202.0,202.0,150,0.3,6, 150, 100.00
DHFL, Y1, 09-Mar-2020,181.4,217.0,217.0,200.0, 209.20,211.7,200.94,43,0.09,4, 43, 100.00
DHUNINV, EQ, 09-Mar-2020,192.35,197.8,197.8,155.2, 162.25,165.95,171.58,2119,3.64,211, 1152, 54.37
DIAMONDYD, EQ, 09-Mar-2020,707.45,695.0,697.0,655.6, 675.00,673.45,677.48,15306,103.69,1546, 12033, 78.62
DIAPOWER, BZ, 09-Mar-2020,0.4,0.35,0.4,0.35, 0.35,0.35,0.38,8458,0.03,18, -, -
DICIND, EQ, 09-Mar-2020,345.3,330.0,375.0,310.65, 330.10,338.0,335.5,19641,65.9,1222, 7465, 38.01
DIGISPICE, EQ, 09-Mar-2020,4.4,4.4,4.4,4.2, 4.35,4.35,4.34,886,0.04,18, 470, 53.05
DIGJAMLTD, BZ, 09-Mar-2020,1.05,1.05,1.1,1.0, 1.00,1.0,1.03,28971,0.3,24, -, -
DISHTV, EQ, 09-Mar-2020,6.7,6.15,6.5,6.05, 6.05,6.05,6.09,3980965,242.47,8104, 2816949, 70.76
DIVISLAB, EQ, 09-Mar-2020,2240.05,2240.0,2258.95,2137.05, 2168.95,2181.75,2183.98,879424,19206.45,47746, 308641, 35.10
DIXON, EQ, 09-Mar-2020,4430.6,4380.0,4424.2,4218.45, 4240.00,4284.35,4315.46,84449,3644.37,19285, 32564, 38.56
DLF, EQ, 09-Mar-2020,194.45,188.0,189.0,178.65, 181.55,182.35,183.33,12053473,22097.17,68471, 4431881, 36.77
DLINKINDIA, EQ, 09-Mar-2020,82.65,80.05,81.85,73.95, 75.95,76.05,76.61,97936,75.03,1362, 52637, 53.75
DMART, BE, 09-Mar-2020,2242.15,2185.0,2200.0,2130.05, 2170.00,2145.7,2150.93,461446,9925.4,51160, -, -
DNAMEDIA, EQ, 09-Mar-2020,0.3,0.3,0.35,0.3, 0.30,0.3,0.32,43396,0.14,43, 30343, 69.92
DOLAT, EQ, 09-Mar-2020,47.2,46.0,46.0,42.0, 43.95,43.7,43.79,135539,59.35,1255, 106393, 78.50
DOLLAR, EQ, 09-Mar-2020,152.15,156.65,156.65,140.1, 140.95,140.8,142.81,27224,38.88,397, 23393, 85.93
DOLPHINOFF, BZ, 09-Mar-2020,4.15,3.95,3.95,3.95, 3.95,3.95,3.95,5514,0.22,18, -, -
DONEAR, EQ, 09-Mar-2020,26.45,26.55,28.0,25.15, 26.20,26.45,26.55,42775,11.36,339, 21303, 49.80
DPABHUSHAN, SM, 09-Mar-2020,66.85,67.0,67.0,62.0, 64.50,64.5,63.46,36000,22.84,9, 28000, 77.78
DPSCLTD, EQ, 09-Mar-2020,6.4,6.1,6.1,6.1, 6.10,6.1,6.1,4647,0.28,31, 4647, 100.00
DPWIRES, EQ, 09-Mar-2020,77.0,77.0,77.0,64.5, 76.95,76.95,76.58,32,0.02,4, 32, 100.00
DQE, EQ, 09-Mar-2020,1.45,1.5,1.5,1.4, 1.50,1.5,1.5,476244,7.13,229, 403587, 84.74
DREDGECORP, EQ, 09-Mar-2020,249.6,240.0,243.15,224.1, 226.50,226.45,231.51,118132,273.49,4735, 47250, 40.00
DRREDDY, EQ, 09-Mar-2020,3170.95,3158.75,3189.0,3026.05, 3063.00,3061.25,3088.95,998533,30844.19,81225, 472939, 47.36
DSSL, EQ, 09-Mar-2020,20.85,20.0,20.9,19.1, 19.75,19.5,19.46,8951,1.74,193, 5676, 63.41
DTIL, EQ, 09-Mar-2020,142.75,138.0,141.9,130.0, 136.00,136.0,136.75,2542,3.48,115, 2090, 82.22
DUCON, BE, 09-Mar-2020,4.5,4.3,4.65,4.3, 4.30,4.3,4.32,45711,1.97,95, -, -
DVL, EQ, 09-Mar-2020,57.35,56.95,57.7,54.0, 56.00,55.6,55.97,15542,8.7,211, 13467, 86.65
DWARKESH, EQ, 09-Mar-2020,24.6,22.65,23.65,20.45, 20.95,21.05,21.8,1503365,327.73,10371, 780845, 51.94
DYNAMATECH, EQ, 09-Mar-2020,798.55,798.0,798.0,753.0, 755.00,757.8,765.09,1237,9.46,420, 816, 65.97
DYNPRO, EQ, 09-Mar-2020,140.1,136.25,139.6,130.5, 134.90,133.95,134.47,19435,26.13,1061, 11976, 61.62
E2E, SM, 09-Mar-2020,19.6,19.2,19.2,19.15, 19.15,19.15,19.19,8000,1.54,2, 8000, 100.00
EASTSILK, EQ, 09-Mar-2020,0.8,0.75,0.85,0.75, 0.75,0.75,0.76,2874,0.02,16, 2723, 94.75
EASUNREYRL, BZ, 09-Mar-2020,1.8,1.8,1.8,1.75, 1.75,1.75,1.75,1191,0.02,12, -, -
EBBETF0423, EQ, 09-Mar-2020,1023.61,1023.0,1025.1,1023.0, 1024.23,1024.25,1024.14,12364,126.62,141, 9908, 80.14
EBBETF0430, EQ, 09-Mar-2020,1045.26,1050.5,1050.5,1045.55, 1046.23,1046.75,1046.47,21105,220.86,110, 17527, 83.05
ECLERX, EQ, 09-Mar-2020,582.6,570.0,579.85,485.65, 499.90,502.75,513.41,145501,747.02,3768, 117806, 80.97
ECLFINANCE, N5, 09-Mar-2020,993.01,993.0,995.0,980.0, 983.00,986.08,985.45,6239,61.48,139, 5862, 93.96
ECLFINANCE, N6, 09-Mar-2020,1098.95,1081.01,1103.0,1080.0, 1103.00,1099.23,1089.92,220,2.4,11, 220, 100.00
ECLFINANCE, N7, 09-Mar-2020,1946.01,1950.0,1975.0,1950.0, 1974.00,1974.0,1961.01,380,7.45,17, 370, 97.37
ECLFINANCE, NE, 09-Mar-2020,1045.55,1000.0,1075.0,1000.0, 1041.00,1041.0,1040.0,80,0.83,7, 75, 93.75
ECLFINANCE, NF, 09-Mar-2020,947.01,950.0,957.0,940.0, 957.00,954.87,951.36,1500,14.27,32, 1352, 90.13
ECLFINANCE, NG, 09-Mar-2020,900.0,780.1,930.0,780.1, 923.00,873.92,849.09,132,1.12,9, 131, 99.24
ECLFINANCE, NH, 09-Mar-2020,950.06,950.0,1015.0,950.0, 1015.00,1015.0,950.43,151,1.44,2, 151, 100.00
ECLFINANCE, NI, 09-Mar-2020,965.0,900.0,955.0,900.0, 955.00,955.0,916.31,176,1.61,7, 176, 100.00
ECLFINANCE, NJ, 09-Mar-2020,850.0,830.0,842.9,830.0, 832.00,832.17,831.28,245,2.04,13, 245, 100.00
ECLFINANCE, NK, 09-Mar-2020,841.0,850.0,860.0,850.0, 860.00,860.0,853.8,50,0.43,2, 50, 100.00
ECLFINANCE, NM, 09-Mar-2020,935.91,940.0,940.0,925.0, 939.00,936.68,934.63,1100,10.28,14, 1100, 100.00
ECLFINANCE, NN, 09-Mar-2020,1050.78,1000.0,1049.0,1000.0, 1049.00,1039.15,1039.15,600,6.23,5, 600, 100.00
ECLFINANCE, NO, 09-Mar-2020,951.0,944.8,950.0,905.0, 948.00,910.1,917.34,362,3.32,16, 310, 85.64
ECLFINANCE, NP, 09-Mar-2020,911.9,949.7,949.75,949.7, 949.75,949.75,949.73,2,0.02,2, 1, 50.00
ECLFINANCE, NQ, 09-Mar-2020,954.46,1010.0,1010.0,1010.0, 1010.00,1010.0,1010.0,1,0.01,1, 1, 100.00
ECLFINANCE, NR, 09-Mar-2020,955.36,964.0,965.0,925.0, 935.00,942.98,951.92,16806,159.98,164, 13796, 82.09
ECLFINANCE, NS, 09-Mar-2020,886.0,900.0,920.0,900.0, 920.00,920.0,918.72,248,2.28,6, 248, 100.00
EDELWEISS, EQ, 09-Mar-2020,76.95,74.6,75.0,61.6, 64.50,65.35,69.39,4566971,3168.94,26566, 2713826, 59.42
EDL, BZ, 09-Mar-2020,3.15,3.15,3.15,3.1, 3.15,3.15,3.14,1785,0.06,15, -, -
EDUCOMP, BZ, 09-Mar-2020,1.0,0.95,1.0,0.95, 0.95,0.95,0.95,20276,0.19,33, -, -
EHFLNCD, N5, 09-Mar-2020,851.5,851.0,855.0,850.0, 855.00,855.0,853.15,710,6.06,11, 710, 100.00
EHFLNCD, N6, 09-Mar-2020,817.35,825.0,880.0,800.0, 800.00,827.45,827.29,1968,16.28,28, 1768, 89.84
EICHERMOT, EQ, 09-Mar-2020,17743.55,17099.0,17999.0,17045.15, 17870.00,17885.8,17595.73,193226,33999.52,52153, 51724, 26.77
EIDPARRY, EQ, 09-Mar-2020,182.25,173.65,179.6,165.25, 168.50,168.25,170.83,149965,256.18,3512, 77876, 51.93
EIFFL, SM, 09-Mar-2020,109.95,105.0,107.0,105.0, 107.00,107.0,106.0,1600,1.7,2, 1600, 100.00
EIHAHOTELS, EQ, 09-Mar-2020,249.05,248.95,248.95,235.0, 241.40,241.3,238.53,1825,4.35,130, 1438, 78.79
EIHOTEL, EQ, 09-Mar-2020,123.35,121.75,121.75,114.0, 117.00,118.95,117.81,68886,81.15,2032, 35763, 51.92
EIMCOELECO, EQ, 09-Mar-2020,269.05,270.0,270.95,257.0, 257.00,260.95,263.63,648,1.71,70, 580, 89.51
EKC, EQ, 09-Mar-2020,20.45,20.0,20.1,18.1, 18.10,18.35,18.74,116842,21.9,823, 73325, 62.76
ELECON, EQ, 09-Mar-2020,27.65,26.0,27.6,26.0, 26.60,26.35,26.48,37679,9.98,843, 28065, 74.48
ELECTCAST, EQ, 09-Mar-2020,11.95,11.9,11.95,11.1, 11.20,11.2,11.5,283476,32.59,476, 253808, 89.53
ELECTHERM, EQ, 09-Mar-2020,122.65,120.15,123.3,110.45, 112.00,113.05,116.99,12827,15.01,409, 10917, 85.11
ELGIEQUIP, EQ, 09-Mar-2020,201.65,201.65,201.65,185.0, 192.30,192.8,190.41,24941,47.49,1150, 12209, 48.95
ELGIRUBCO, EQ, 09-Mar-2020,15.3,14.9,15.35,13.75, 13.90,13.85,14.24,9007,1.28,79, 7759, 86.14
EMAMILTD, EQ, 09-Mar-2020,240.35,236.2,238.85,226.2, 228.00,229.3,233.07,427329,995.96,9487, 330224, 77.28
EMAMIPAP, EQ, 09-Mar-2020,82.8,79.2,81.5,78.7, 78.70,78.7,78.86,3563,2.81,82, 3155, 88.55
EMAMIREAL, EQ, 09-Mar-2020,36.65,34.9,34.9,34.85, 34.85,34.85,34.86,5283,1.84,57, 4783, 90.54
EMBASSY, RR, 09-Mar-2020,471.96,456.05,498.0,434.25, 462.46,461.47,469.74,733400,3445.04,1915, 576200, 78.57
EMCO, BZ, 09-Mar-2020,0.6,0.55,0.65,0.55, 0.65,0.65,0.58,4435,0.03,9, -, -
EMKAY, EQ, 09-Mar-2020,48.85,48.4,48.95,39.95, 41.45,41.95,42.21,54292,22.92,865, 30600, 56.36
EMKAYTOOLS, SM, 09-Mar-2020,153.0,145.35,145.35,145.35, 145.35,145.35,145.35,600,0.87,1, 600, 100.00
EMMBI, EQ, 09-Mar-2020,86.1,86.0,93.6,72.6, 75.70,76.0,76.71,53520,41.06,1044, 31869, 59.55
EMOFSR1RDP, MF, 09-Mar-2020,8.35,7.6,8.57,7.6, 8.28,8.28,8.12,12500,1.02,6, 7500, 60.00
EMOFSR1RGG, MF, 09-Mar-2020,8.78,8.14,8.78,8.14, 8.54,8.54,8.45,36056,3.05,23, 28056, 77.81
ENDURANCE, EQ, 09-Mar-2020,1020.0,999.95,999.95,950.65, 965.20,966.45,971.54,16165,157.05,5243, 9434, 58.36
ENERGYDEV, EQ, 09-Mar-2020,4.9,4.6,5.2,4.45, 5.15,5.15,4.99,30645,1.53,122, 23954, 78.17
ENGINERSIN, EQ, 09-Mar-2020,71.5,70.65,70.65,66.1, 67.45,67.4,67.58,1564478,1057.27,20729, 1022145, 65.33
ENIL, EQ, 09-Mar-2020,196.3,195.0,197.95,185.0, 193.00,193.4,190.61,31247,59.56,272, 29106, 93.15
EON, BZ, 09-Mar-2020,9.9,9.9,10.35,9.45, 9.90,9.9,9.73,1921,0.19,20, -, -
EQ30, EQ, 09-Mar-2020,326.0,326.0,326.0,326.0, 326.00,326.0,326.0,20,0.07,3, 20, 100.00
EQUITAS, EQ, 09-Mar-2020,94.65,91.2,93.65,84.1, 84.30,85.15,87.13,4481298,3904.57,23746, 1208482, 26.97
ERFLNCDI, N1, 09-Mar-2020,980.0,850.11,959.6,850.1, 955.00,955.11,944.71,687,6.49,25, 637, 92.72
ERFLNCDI, N2, 09-Mar-2020,1029.8,1005.0,1030.0,1000.25, 1030.00,1029.78,1028.66,1127,11.59,15, 1126, 99.91
ERIS, EQ, 09-Mar-2020,435.95,442.95,442.95,421.55, 421.65,430.85,431.28,30449,131.32,7424, 14849, 48.77
EROSMEDIA, EQ, 09-Mar-2020,11.75,11.7,12.4,10.6, 10.60,10.6,10.86,328600,35.7,802, 259736, 79.04
ESABINDIA, EQ, 09-Mar-2020,1426.3,1465.0,1465.0,1372.0, 1418.00,1415.5,1403.55,4007,56.24,851, 2191, 54.68
ESCORTS, EQ, 09-Mar-2020,813.1,804.0,807.8,760.4, 770.65,775.1,777.31,2425107,18850.58,51570, 361559, 14.91
ESSARSHPNG, EQ, 09-Mar-2020,6.05,6.05,6.2,5.5, 5.75,5.75,5.74,13765,0.79,75, 11271, 81.88
ESSELPACK, EQ, 09-Mar-2020,172.75,168.55,173.8,163.45, 167.00,169.0,168.31,149624,251.84,3656, 85149, 56.91
ESTER, EQ, 09-Mar-2020,36.2,36.0,36.0,33.0, 33.80,33.7,33.86,71568,24.23,790, 40252, 56.24
EUROCERA, BZ, 09-Mar-2020,0.35,0.35,0.35,0.3, 0.30,0.3,0.33,2109,0.01,4, -, -
EUROMULTI, EQ, 09-Mar-2020,0.4,0.4,0.4,0.35, 0.35,0.35,0.36,3000,0.01,11, 3000, 100.00
EUROTEXIND, EQ, 09-Mar-2020,7.35,7.3,8.05,6.65, 8.00,7.9,7.2,1562,0.11,27, 418, 26.76
EVEREADY, BE, 09-Mar-2020,63.7,60.75,63.5,60.55, 60.55,63.45,62.83,341612,214.63,288, -, -
EVERESTIND, EQ, 09-Mar-2020,191.35,170.0,179.0,161.0, 167.00,170.0,171.23,206274,353.2,4901, 106844, 51.80
EXCEL, EQ, 09-Mar-2020,0.95,0.9,1.0,0.9, 0.95,0.95,0.91,12245,0.11,32, 11863, 96.88
EXCELINDUS, EQ, 09-Mar-2020,586.25,572.05,586.25,528.0, 540.00,541.15,550.78,32151,177.08,2047, 22902, 71.23
EXIDEIND, EQ, 09-Mar-2020,159.3,157.5,157.95,149.7, 155.00,154.85,154.0,2744590,4226.76,27483, 1066287, 38.85
EXPLEOSOL, EQ, 09-Mar-2020,251.3,252.75,252.75,222.65, 225.80,229.6,230.38,16300,37.55,636, 13661, 83.81
FACT, EQ, 09-Mar-2020,29.7,28.2,28.75,26.65, 27.10,27.15,27.64,96454,26.66,943, 53085, 55.04
FAIRCHEM, EQ, 09-Mar-2020,605.45,595.0,599.0,566.0, 575.00,571.85,583.31,47657,277.99,1898, 31005, 65.06
FCL, EQ, 09-Mar-2020,21.15,20.6,20.85,19.85, 20.00,20.05,20.24,205719,41.64,951, 146124, 71.03
FCONSUMER, EQ, 09-Mar-2020,15.95,15.2,15.2,15.2, 15.20,15.2,15.2,278603,42.35,890, 275599, 98.92
FCSSOFT, EQ, 09-Mar-2020,0.15,0.2,0.2,0.15, 0.20,0.2,0.18,649452,1.18,234, 360802, 55.55
FDC, EQ, 09-Mar-2020,241.85,237.2,240.15,225.5, 231.00,231.35,230.84,310829,717.53,12874, 148358, 47.73
FEDERALBNK, EQ, 09-Mar-2020,80.05,77.5,78.6,69.75, 73.05,72.85,73.26,26933103,19731.49,71126, 8749234, 32.49
FEL, EQ, 09-Mar-2020,22.4,22.75,25.0,21.8, 25.00,24.6,23.51,2353835,553.45,7659, 1546872, 65.72
FELDVR, EQ, 09-Mar-2020,21.25,21.9,24.0,20.25, 24.00,23.25,21.88,32100,7.02,356, 23145, 72.10
FIEMIND, EQ, 09-Mar-2020,379.0,377.0,377.0,351.0, 358.00,357.85,357.88,9567,34.24,901, 6808, 71.16
FILATEX, EQ, 09-Mar-2020,33.95,33.1,33.9,30.35, 32.85,33.5,32.31,522909,168.97,1629, 328618, 62.84
FINCABLES, EQ, 09-Mar-2020,316.1,316.0,320.5,300.0, 306.00,306.05,306.41,48488,148.57,5579, 26526, 54.71
FINEORG, EQ, 09-Mar-2020,2223.2,2055.55,2197.1,2055.55, 2100.00,2116.45,2102.02,14999,315.28,3484, 7466, 49.78
FINPIPE, EQ, 09-Mar-2020,552.25,543.0,570.95,536.35, 562.30,563.65,552.17,74365,410.62,4132, 45201, 60.78
FLEXITUFF, EQ, 09-Mar-2020,4.5,4.3,4.3,4.3, 4.30,4.3,4.3,2562,0.11,12, 2562, 100.00
FLFL, EQ, 09-Mar-2020,332.1,332.7,348.9,328.95, 343.00,346.25,341.76,155975,533.07,4262, 58795, 37.70
FLUOROCHEM, EQ, 09-Mar-2020,498.2,513.0,513.0,449.2, 459.95,460.7,465.52,20384,94.89,2745, 12742, 62.51
FMGOETZE, EQ, 09-Mar-2020,501.4,491.0,491.0,452.1, 478.00,472.05,466.58,7049,32.89,698, 2567, 36.42
FMNL, EQ, 09-Mar-2020,19.55,19.55,21.85,15.8, 16.60,17.4,17.88,60797,10.87,412, 35171, 57.85
FOCUS, SM, 09-Mar-2020,32.6,31.5,31.5,31.2, 31.20,31.2,31.35,6000,1.88,2, 3000, 50.00
FORCEMOT, EQ, 09-Mar-2020,1003.8,962.6,989.95,946.5, 958.00,960.3,959.45,41284,396.1,4080, 20132, 48.76
FORTIS, EQ, 09-Mar-2020,149.3,146.0,152.95,141.0, 143.20,143.85,143.76,3478787,5001.13,14816, 2683421, 77.14
FOSECOIND, EQ, 09-Mar-2020,1241.4,1235.0,1278.4,1177.2, 1185.00,1194.45,1201.6,1740,20.91,420, 1047, 60.17
FOURTHDIM, SM, 09-Mar-2020,6.9,6.9,6.9,6.9, 6.90,6.9,6.9,25000,1.73,4, 25000, 100.00
FRETAIL, EQ, 09-Mar-2020,289.55,276.15,287.45,275.8, 285.40,285.35,281.2,609904,1715.05,4254, 350954, 57.54
FSC, EQ, 09-Mar-2020,381.35,377.9,377.9,360.6, 360.60,363.3,367.2,3626,13.31,230, 2529, 69.75
FSL, EQ, 09-Mar-2020,40.2,38.6,40.25,38.6, 40.20,39.5,39.51,1529575,604.32,6027, 883573, 57.77
GABRIEL, EQ, 09-Mar-2020,89.65,87.05,89.45,84.95, 86.60,86.25,86.89,99009,86.03,2518, 56507, 57.07
GAEL, EQ, 09-Mar-2020,147.6,144.8,144.8,124.95, 133.00,131.95,134.25,83116,111.58,1805, 49079, 59.05
GAIL, EQ, 09-Mar-2020,107.8,103.6,104.85,99.5, 99.65,100.45,101.18,16914812,17114.4,84744, 7894877, 46.67
GAL, EQ, 09-Mar-2020,1.7,1.65,1.7,1.65, 1.65,1.65,1.67,1015,0.02,18, 730, 71.92
GALAXYSURF, EQ, 09-Mar-2020,1588.3,1580.0,1588.3,1480.0, 1519.00,1517.6,1513.78,28369,429.44,4045, 19347, 68.20
GALLANTT, EQ, 09-Mar-2020,23.1,23.3,23.7,21.1, 22.50,22.2,22.48,6499,1.46,63, 4059, 62.46
GALLISPAT, EQ, 09-Mar-2020,20.0,18.2,20.5,18.2, 19.50,19.5,19.59,3920,0.77,42, 3135, 79.97
GAMMNINFRA, EQ, 09-Mar-2020,0.3,0.3,0.3,0.25, 0.30,0.25,0.27,1489925,4.05,235, 1270463, 85.27
GANDHITUBE, EQ, 09-Mar-2020,217.7,221.9,221.9,206.0, 212.00,211.9,212.47,2160,4.59,86, 1918, 88.80
GANECOS, EQ, 09-Mar-2020,303.45,303.0,303.0,262.05, 273.00,276.45,275.91,28464,78.53,1047, 17153, 60.26
GANESHHOUC, EQ, 09-Mar-2020,25.8,24.6,25.45,24.55, 24.55,24.55,24.58,32093,7.89,198, 25592, 79.74
GANGESSECU, EQ, 09-Mar-2020,31.5,32.0,32.0,30.0, 30.05,31.2,30.39,528,0.16,18, 452, 85.61
GANGOTRI, BZ, 09-Mar-2020,0.45,0.45,0.5,0.45, 0.50,0.5,0.5,6411,0.03,9, -, -
GARDENSILK, BZ, 09-Mar-2020,7.35,7.35,7.35,7.0, 7.00,7.0,7.08,5211,0.37,26, -, -
GARFIBRES, EQ, 09-Mar-2020,1497.9,1425.55,1529.95,1365.0, 1390.00,1403.95,1417.1,17480,247.71,2019, 13971, 79.93
GATI, EQ, 09-Mar-2020,67.45,67.25,67.4,65.0, 66.35,66.45,66.38,540421,358.71,1771, 412968, 76.42
GAYAHWS, EQ, 09-Mar-2020,0.25,0.3,0.3,0.2, 0.30,0.3,0.24,185630,0.45,72, 180507, 97.24
GAYAPROJ, EQ, 09-Mar-2020,16.95,16.15,16.15,16.15, 16.15,16.15,16.15,8184,1.32,65, 8184, 100.00
GDL, EQ, 09-Mar-2020,124.4,116.1,123.95,113.1, 116.20,118.4,117.24,156485,183.46,3211, 133458, 85.28
GEECEE, EQ, 09-Mar-2020,66.25,65.05,73.0,61.8, 63.75,63.75,65.78,5313,3.5,407, 3303, 62.17
GEEKAYWIRE, EQ, 09-Mar-2020,37.5,41.0,41.0,38.5, 38.50,38.5,39.93,700,0.28,6, 100, 14.29
GENESYS, EQ, 09-Mar-2020,50.05,49.0,49.85,44.0, 45.00,45.95,46.11,18151,8.37,403, 12274, 67.62
GENUSPAPER, EQ, 09-Mar-2020,4.4,4.55,4.55,4.0, 4.35,4.35,4.27,149578,6.39,176, 111929, 74.83
GENUSPOWER, EQ, 09-Mar-2020,22.55,21.4,22.45,19.8, 19.80,20.45,20.74,325295,67.46,1305, 245138, 75.36
GEOJITFSL, EQ, 09-Mar-2020,22.65,22.0,22.55,21.05, 21.90,21.85,21.81,285964,62.35,2345, 184338, 64.46
GEPIL, EQ, 09-Mar-2020,697.1,691.05,691.05,662.5, 671.70,675.15,673.9,11631,78.38,1534, 4658, 40.05
GESHIP, EQ, 09-Mar-2020,224.35,221.0,221.95,214.1, 215.05,214.55,217.28,50740,110.25,1715, 36367, 71.67
GET&D, EQ, 09-Mar-2020,126.1,125.0,125.0,118.0, 119.00,119.25,120.66,21146,25.51,768, 13092, 61.91
GFLLIMITED, EQ, 09-Mar-2020,114.95,109.5,116.0,109.25, 110.00,110.45,109.7,29727,32.61,370, 24943, 83.91
GFSTEELS, BE, 09-Mar-2020,2.3,2.2,2.2,2.2, 2.20,2.2,2.2,2100,0.05,7, -, -
GHCL, EQ, 09-Mar-2020,150.0,147.0,148.15,136.2, 139.20,137.75,140.07,355181,497.5,5120, 244491, 68.84
GICHSGFIN, EQ, 09-Mar-2020,86.95,83.0,84.25,78.0, 78.80,78.95,80.73,255306,206.11,4152, 193056, 75.62
GICL, SM, 09-Mar-2020,15.85,16.6,16.6,16.6, 16.60,16.6,16.6,6000,1.0,1, 6000, 100.00
GICRE, EQ, 09-Mar-2020,159.1,157.75,157.75,150.0, 155.00,152.15,152.34,196418,299.22,5159, 111530, 56.78
GILLANDERS, EQ, 09-Mar-2020,25.7,23.2,25.1,23.2, 25.10,25.1,23.64,947,0.22,84, 561, 59.24
GILLETTE, EQ, 09-Mar-2020,5725.15,5700.0,5759.1,5555.6, 5603.00,5628.9,5639.37,10577,596.48,3419, 5833, 55.15
GINNIFILA, EQ, 09-Mar-2020,8.2,8.2,8.5,7.6, 7.65,7.65,8.2,56096,4.6,174, 48198, 85.92
GIPCL, EQ, 09-Mar-2020,63.55,62.05,62.05,59.1, 59.50,59.75,60.41,198188,119.73,1661, 157823, 79.63
GKWLIMITED, EQ, 09-Mar-2020,639.7,600.0,600.3,555.0, 555.00,557.75,568.59,412,2.34,27, 342, 83.01
GLAXO, EQ, 09-Mar-2020,1330.95,1319.0,1319.0,1291.0, 1306.00,1311.0,1303.27,41575,541.83,3098, 25743, 61.92
GLENMARK, EQ, 09-Mar-2020,279.3,270.15,274.5,263.55, 265.45,265.95,267.13,1272942,3400.43,17633, 403313, 31.68
GLFL, EQ, 09-Mar-2020,1.1,1.15,1.15,1.15, 1.15,1.15,1.15,7375,0.08,38, 7366, 99.88
GLOBALVECT, EQ, 09-Mar-2020,46.2,45.5,48.5,43.15, 48.00,46.85,45.29,19694,8.92,422, 12420, 63.06
GLOBOFFS, EQ, 09-Mar-2020,3.5,3.35,3.65,3.35, 3.60,3.6,3.56,25180,0.9,193, 20974, 83.30
GLOBUSSPR, EQ, 09-Mar-2020,104.15,102.0,102.0,98.15, 99.80,99.9,99.58,84155,83.8,1329, 55680, 66.16
GMBREW, EQ, 09-Mar-2020,384.85,380.0,384.5,360.0, 360.00,362.0,369.92,26256,97.13,1116, 19743, 75.19
GMDCLTD, EQ, 09-Mar-2020,46.5,46.0,46.0,44.4, 44.70,44.6,45.0,179222,80.65,2041, 132000, 73.65
GMMPFAUDLR, EQ, 09-Mar-2020,2962.15,2944.95,2944.95,2800.0, 2831.00,2854.0,2863.95,35764,1024.26,6038, 17165, 48.00
GMRINFRA, EQ, 09-Mar-2020,19.5,18.9,19.1,18.1, 18.60,18.65,18.67,39802058,7430.56,27230, 16512528, 41.49
GNA, EQ, 09-Mar-2020,193.95,185.0,187.95,177.0, 182.05,181.7,181.13,48143,87.2,4511, 19177, 39.83
GNFC, EQ, 09-Mar-2020,146.4,142.95,142.95,133.0, 137.00,136.45,136.97,420031,575.33,8207, 237081, 56.44
GOACARBON, EQ, 09-Mar-2020,199.15,198.0,198.0,189.2, 189.20,189.2,189.96,14994,28.48,601, 11433, 76.25
GOCLCORP, EQ, 09-Mar-2020,236.7,225.2,240.0,223.5, 225.80,227.5,226.97,5512,12.51,211, 4111, 74.58
GODFRYPHLP, EQ, 09-Mar-2020,1175.75,1133.25,1164.4,1130.0, 1132.55,1138.05,1142.8,77132,881.47,5289, 45643, 59.18
GODHA, SM, 09-Mar-2020,16.8,17.3,17.3,17.3, 17.30,17.3,17.3,4000,0.69,1, 4000, 100.00
GODREJAGRO, EQ, 09-Mar-2020,467.1,454.0,460.0,437.4, 444.00,444.4,443.71,75089,333.18,3388, 52018, 69.28
GODREJCP, EQ, 09-Mar-2020,638.9,628.1,629.0,607.35, 610.45,613.8,617.68,1682056,10389.77,50555, 895842, 53.26
GODREJIND, EQ, 09-Mar-2020,411.9,378.0,405.5,377.95, 402.50,397.8,394.48,215719,850.97,13072, 159923, 74.13
GODREJPROP, EQ, 09-Mar-2020,915.4,900.0,922.0,895.5, 903.00,916.1,906.21,295914,2681.59,27735, 207016, 69.96
GOENKA, BZ, 09-Mar-2020,0.25,0.25,0.25,0.2, 0.20,0.2,0.23,19637,0.04,23, -, -
GOKEX, EQ, 09-Mar-2020,53.3,51.05,51.7,48.0, 48.95,49.35,49.32,57207,28.21,1130, 35275, 61.66
GOKUL, EQ, 09-Mar-2020,8.7,8.3,9.0,8.3, 8.30,8.3,8.35,1849,0.15,22, 1779, 96.21
GOKULAGRO, EQ, 09-Mar-2020,11.5,12.0,12.0,10.95, 10.95,10.95,11.21,6046,0.68,172, 3693, 61.08
GOLDBEES, EQ, 09-Mar-2020,39.05,41.8,43.7,38.37, 38.39,38.46,38.73,7072818,2739.16,12687, 4777487, 67.55
GOLDENTOBC, EQ, 09-Mar-2020,22.0,23.0,23.0,20.9, 21.30,21.4,21.63,1992,0.43,56, 1015, 50.95
GOLDIAM, EQ, 09-Mar-2020,138.05,137.35,137.95,118.95, 122.35,125.1,126.5,79864,101.03,2211, 47012, 58.87
GOLDSHARE, EQ, 09-Mar-2020,3905.75,3937.0,3937.0,3852.0, 3869.95,3862.9,3881.81,3215,124.8,512, 2327, 72.38
GOLDSTAR, SM, 09-Mar-2020,25.0,23.75,25.0,23.75, 23.80,23.8,24.08,24000,5.78,4, 18000, 75.00
GOLDTECH, EQ, 09-Mar-2020,7.25,7.25,7.75,6.7, 7.20,7.05,7.0,15591,1.09,138, 6991, 44.84
GOODLUCK, EQ, 09-Mar-2020,36.25,35.0,35.0,32.0, 33.95,33.4,33.91,22899,7.76,498, 17286, 75.49
GPIL, EQ, 09-Mar-2020,155.5,153.9,154.9,125.0, 135.00,132.45,135.18,145602,196.82,3756, 78815, 54.13
GPPL, EQ, 09-Mar-2020,73.9,71.55,72.4,70.6, 72.10,72.05,71.37,139233,99.36,1919, 106986, 76.84
GPTINFRA, EQ, 09-Mar-2020,25.3,24.45,24.45,22.25, 23.50,23.3,22.99,7604,1.75,67, 7415, 97.51
GRANULES, EQ, 09-Mar-2020,171.45,165.4,169.25,160.1, 160.25,161.8,162.85,2168527,3531.47,20891, 1140413, 52.59
GRAPHITE, EQ, 09-Mar-2020,213.7,205.0,213.95,187.0, 187.00,188.95,193.2,1263324,2440.76,23803, 491742, 38.92
GRASIM, EQ, 09-Mar-2020,665.05,648.0,654.0,625.3, 635.00,634.6,636.89,2775879,17679.39,70846, 1313766, 47.33
GRAVITA, EQ, 09-Mar-2020,47.6,45.15,47.0,45.0, 45.10,45.25,45.36,43736,19.84,402, 33372, 76.30
GREAVESCOT, EQ, 09-Mar-2020,124.5,123.4,123.75,117.0, 121.00,120.55,119.97,174083,208.85,6633, 88440, 50.80
GREENLAM, EQ, 09-Mar-2020,931.05,929.8,929.8,836.4, 900.00,903.05,893.11,15286,136.52,683, 13528, 88.50
GREENPANEL, EQ, 09-Mar-2020,38.95,38.1,39.45,37.1, 37.80,37.9,38.34,125974,48.29,636, 107883, 85.64
GREENPLY, EQ, 09-Mar-2020,117.65,113.65,119.15,109.0, 118.00,118.1,112.96,135771,153.37,2344, 112094, 82.56
GREENPOWER, EQ, 09-Mar-2020,1.7,1.7,1.75,1.65, 1.75,1.7,1.68,62883,1.05,89, 58983, 93.80
GRINDWELL, EQ, 09-Mar-2020,576.9,580.0,580.0,557.25, 560.00,562.65,564.33,8636,48.74,1779, 5737, 66.43
GROBTEA, EQ, 09-Mar-2020,339.15,339.15,339.15,330.0, 330.00,330.0,335.82,11,0.04,3, 9, 81.82
GRPLTD, EQ, 09-Mar-2020,628.95,582.4,610.0,582.0, 590.05,590.05,589.5,481,2.84,35, 312, 64.86
GRSE, EQ, 09-Mar-2020,148.05,136.95,148.0,135.8, 141.75,143.5,141.47,277012,391.89,8727, 146704, 52.96
GSCLCEMENT, EQ, 09-Mar-2020,19.65,19.75,19.75,17.65, 17.70,18.0,18.2,64670,11.77,470, 44563, 68.91
GSFC, EQ, 09-Mar-2020,54.85,54.5,54.5,51.1, 51.50,51.45,52.39,503278,263.68,6543, 315862, 62.76
GSKCONS, EQ, 09-Mar-2020,9531.6,9420.0,9448.6,9201.0, 9264.00,9239.45,9297.17,23555,2189.95,8125, 11933, 50.66
GSPL, EQ, 09-Mar-2020,222.85,217.6,219.75,214.4, 215.00,216.2,215.2,1670131,3594.16,48456, 1416668, 84.82
GSS, EQ, 09-Mar-2020,28.7,28.5,29.95,27.3, 27.30,27.35,27.45,4532,1.24,112, 4091, 90.27
GTL, EQ, 09-Mar-2020,1.5,1.55,1.55,1.45, 1.45,1.45,1.47,34093,0.5,58, 25195, 73.90
GTLINFRA, EQ, 09-Mar-2020,0.3,0.3,0.35,0.25, 0.30,0.3,0.3,12321660,36.54,1198, 9977200, 80.97
GTNIND, EQ, 09-Mar-2020,5.8,5.8,5.8,5.8, 5.80,5.8,5.8,5003,0.29,2, 5003, 100.00
GTPL, EQ, 09-Mar-2020,58.65,58.05,58.05,52.5, 54.30,53.75,53.64,68924,36.97,1426, 47793, 69.34
GUFICBIO, EQ, 09-Mar-2020,60.85,59.0,59.95,56.05, 56.05,56.6,57.66,30763,17.74,640, 22403, 72.82
GUJALKALI, EQ, 09-Mar-2020,305.05,300.0,300.0,280.0, 292.00,289.7,293.82,50652,148.83,2060, 34026, 67.18
GUJAPOLLO, EQ, 09-Mar-2020,112.25,106.25,111.8,105.15, 106.00,106.35,106.82,3451,3.69,71, 2751, 79.72
GUJGASLTD, EQ, 09-Mar-2020,284.25,285.0,285.9,264.0, 278.55,277.65,272.91,1576267,4301.81,56076, 1038361, 65.87
GULFOILLUB, EQ, 09-Mar-2020,699.4,699.8,702.0,640.2, 654.10,661.1,680.7,11366,77.37,948, 7295, 64.18
GULFPETRO, EQ, 09-Mar-2020,38.65,38.05,39.65,33.55, 35.05,35.5,35.74,26162,9.35,536, 18223, 69.65
GULPOLY, EQ, 09-Mar-2020,41.35,40.5,42.65,37.25, 37.25,37.25,38.07,20813,7.92,168, 16405, 78.82
GVKPIL, EQ, 09-Mar-2020,3.15,3.1,3.15,2.9, 3.00,3.0,2.98,2715008,80.91,1659, 1966187, 72.42
HAL, EQ, 09-Mar-2020,621.6,623.75,623.75,585.0, 590.00,592.15,598.85,37789,226.3,3381, 23184, 61.35
HARITASEAT, EQ, 09-Mar-2020,460.75,447.75,451.7,425.1, 439.00,438.95,434.32,13161,57.16,340, 11576, 87.96
HARRMALAYA, EQ, 09-Mar-2020,61.6,60.0,61.8,58.85, 61.80,60.25,59.96,41229,24.72,783, 29519, 71.60
HATHWAY, EQ, 09-Mar-2020,18.85,18.8,18.8,17.1, 17.60,17.85,17.79,302965,53.9,1390, 178784, 59.01
HATSUN, EQ, 09-Mar-2020,670.2,656.15,675.0,656.15, 665.00,667.8,662.04,11426,75.64,955, 8585, 75.14
HAVELLS, EQ, 09-Mar-2020,635.05,620.0,626.85,593.3, 612.00,610.2,610.84,1919270,11723.69,37869, 757440, 39.47
HAVISHA, BE, 09-Mar-2020,0.6,0.55,0.55,0.55, 0.55,0.55,0.55,35920,0.2,12, -, -
HBLPOWER, EQ, 09-Mar-2020,14.8,14.5,14.5,13.4, 13.55,13.65,13.96,239748,33.46,1147, 134788, 56.22
HCC, EQ, 09-Mar-2020,7.4,7.2,7.35,6.6, 6.65,6.7,6.82,4018971,274.18,4277, 2973625, 73.99
HCG, EQ, 09-Mar-2020,112.2,103.0,112.1,103.0, 105.90,106.95,106.63,32041,34.17,422, 27434, 85.62
HCL-INSYS, EQ, 09-Mar-2020,4.6,4.5,4.65,4.15, 4.15,4.15,4.18,1085407,45.36,1348, 721145, 66.44
HCLTECH, EQ, 09-Mar-2020,566.2,555.0,558.0,536.45, 542.55,540.45,543.06,3699831,20092.19,82357, 2008244, 54.28
HDFC, EQ, 09-Mar-2020,2109.45,2067.3,2067.3,1981.2, 2025.50,2027.9,2027.04,5051322,102392.09,202229, 3015302, 59.69
HDFCAMC, EQ, 09-Mar-2020,2973.4,2900.0,2939.9,2776.75, 2851.60,2848.75,2849.12,467146,13309.53,49723, 228381, 48.89
HDFCBANK, EQ, 09-Mar-2020,1134.9,1110.0,1118.4,1065.0, 1112.00,1107.3,1094.8,17210297,188418.72,427518, 11111864, 64.57
HDFCLIFE, EQ, 09-Mar-2020,548.15,538.0,540.3,506.2, 517.65,517.65,518.21,4577812,23722.68,101728, 2631044, 57.47
HDFCMFGETF, EQ, 09-Mar-2020,4006.35,4002.5,4045.0,3922.0, 3922.00,3932.25,3971.22,11427,453.79,1450, 7091, 62.05
HDFCNIFETF, EQ, 09-Mar-2020,1157.88,1155.0,1155.0,1101.0, 1123.16,1122.21,1124.4,11377,127.92,579, 9917, 87.17
HDFCSENETF, EQ, 09-Mar-2020,3977.72,3977.7,4166.0,3700.0, 4039.90,4056.67,3837.59,2944,112.98,629, 2139, 72.66
HDIL, BZ, 09-Mar-2020,1.95,1.95,1.95,1.9, 1.90,1.9,1.9,179915,3.42,206, -, -
HEG, EQ, 09-Mar-2020,917.5,892.0,898.95,836.5, 843.90,853.5,866.21,222594,1928.14,13930, 56829, 25.53
HEIDELBERG, EQ, 09-Mar-2020,183.1,179.0,179.4,172.45, 177.00,175.95,176.74,350285,619.11,6674, 252355, 72.04
HEOF1100RG, MF, 09-Mar-2020,8.27,7.61,7.61,7.59, 7.59,7.59,7.59,77000,5.85,14, 77000, 100.00
HERCULES, EQ, 09-Mar-2020,72.0,72.05,72.05,66.85, 68.00,68.25,69.02,14133,9.75,465, 9023, 63.84
HERITGFOOD, EQ, 09-Mar-2020,325.85,325.0,325.8,301.0, 305.00,308.8,313.18,22928,71.81,1264, 15273, 66.61
HEROMOTOCO, EQ, 09-Mar-2020,2038.3,1995.0,2011.5,1915.3, 1956.00,1956.05,1956.79,844134,16517.92,53417, 320010, 37.91
HESTERBIO, EQ, 09-Mar-2020,1473.3,1449.95,1449.95,1350.0, 1400.00,1377.35,1378.31,8641,119.1,968, 5932, 68.65
HEXATRADEX, BE, 09-Mar-2020,9.5,9.1,9.1,9.05, 9.10,9.1,9.08,11320,1.03,17, -, -
HEXAWARE, EQ, 09-Mar-2020,347.05,352.9,352.9,337.25, 342.00,348.75,347.99,847451,2949.05,12624, 631856, 74.56
HFCL, EQ, 09-Mar-2020,11.6,10.6,11.25,10.3, 10.80,10.85,10.82,3638820,393.67,6292, 2569536, 70.61
HGINFRA, EQ, 09-Mar-2020,214.4,213.0,219.9,202.0, 219.80,214.25,208.42,35645,74.29,1458, 22366, 62.75
HGS, EQ, 09-Mar-2020,775.0,769.95,769.95,740.0, 745.00,745.65,745.84,7028,52.42,297, 6018, 85.63
HHOF1140RG, MF, 09-Mar-2020,8.05,7.3,7.5,7.25, 7.49,7.44,7.41,50059,3.71,26, 42762, 85.42
HIGHGROUND, BZ, 09-Mar-2020,0.35,0.35,0.35,0.3, 0.30,0.3,0.32,77015,0.25,43, -, -
HIKAL, EQ, 09-Mar-2020,115.7,111.65,112.0,102.75, 108.45,108.3,107.02,384388,411.36,6175, 218521, 56.85
HIL, EQ, 09-Mar-2020,958.5,958.5,979.8,904.25, 941.30,939.6,926.02,13517,125.17,1704, 10266, 75.95
HILTON, EQ, 09-Mar-2020,8.35,8.0,8.0,7.95, 7.95,7.95,7.96,3463,0.28,17, 3463, 100.00
HIMATSEIDE, EQ, 09-Mar-2020,88.65,87.95,94.0,83.2, 89.15,88.95,87.95,133635,117.53,2666, 61927, 46.34
HINDALCO, EQ, 09-Mar-2020,150.1,143.9,145.8,140.3, 142.70,143.45,143.36,10550465,15124.79,89638, 3760854, 35.65
HINDCOMPOS, EQ, 09-Mar-2020,158.15,153.0,156.0,133.95, 144.90,144.65,149.13,7931,11.83,283, 6761, 85.25
HINDCON, SM, 09-Mar-2020,12.0,11.1,11.1,10.05, 10.05,10.05,10.58,8000,0.85,2, 8000, 100.00
HINDCOPPER, EQ, 09-Mar-2020,29.1,28.0,28.5,26.75, 27.60,27.7,27.85,885075,246.48,5315, 475250, 53.70
HINDMOTORS, EQ, 09-Mar-2020,4.65,4.7,4.7,4.15, 4.30,4.3,4.36,238409,10.38,622, 179930, 75.47
HINDNATGLS, EQ, 09-Mar-2020,33.1,31.45,33.4,31.45, 32.00,32.05,32.12,2360,0.76,18, 2154, 91.27
HINDOILEXP, EQ, 09-Mar-2020,68.2,64.8,64.8,54.6, 56.55,56.8,56.59,948382,536.73,6150, 585058, 61.69
HINDPETRO, EQ, 09-Mar-2020,201.15,206.15,226.85,204.6, 209.35,212.6,215.9,24698143,53324.12,183239, 8677325, 35.13
HINDSYNTEX, BZ, 09-Mar-2020,1.5,1.5,1.5,1.5, 1.50,1.5,1.5,1050,0.02,3, -, -
HINDUNILVR, EQ, 09-Mar-2020,2188.9,2140.0,2169.6,2112.0, 2135.00,2121.5,2135.15,2485208,53062.94,109512, 1578931, 63.53
HINDZINC, EQ, 09-Mar-2020,163.8,161.45,161.45,154.4, 159.00,159.3,158.14,882419,1395.44,19474, 561129, 63.59
HIRECT, EQ, 09-Mar-2020,161.85,159.75,159.75,145.7, 151.45,151.45,150.05,46684,70.05,1377, 28186, 60.38
HISARMETAL, EQ, 09-Mar-2020,44.9,42.35,43.85,40.3, 41.10,41.25,41.69,4013,1.67,156, 2466, 61.45
HITECH, EQ, 09-Mar-2020,131.4,135.1,139.0,111.0, 114.95,114.7,118.5,17800,21.09,274, 14763, 82.94
HITECHCORP, EQ, 09-Mar-2020,66.6,66.6,69.95,62.0, 67.95,67.95,63.78,2573,1.64,35, 2313, 89.90
HITECHGEAR, EQ, 09-Mar-2020,135.55,137.45,137.5,125.7, 130.10,130.15,130.46,5461,7.12,173, 4214, 77.17
HLVLTD, EQ, 09-Mar-2020,3.15,3.4,3.45,3.1, 3.20,3.25,3.33,617695,20.59,813, 369396, 59.80
HMT, BZ, 09-Mar-2020,9.65,9.2,10.0,9.2, 9.20,9.2,9.28,3487,0.32,22, -, -
HMVL, EQ, 09-Mar-2020,57.05,56.4,56.4,52.15, 53.50,53.1,54.36,22157,12.04,197, 20256, 91.42
HNDFDS, EQ, 09-Mar-2020,577.3,574.95,575.0,519.6, 528.80,529.35,533.09,13034,69.48,1060, 8574, 65.78
HNGSNGBEES, EQ, 09-Mar-2020,365.05,381.0,381.0,357.0, 368.00,374.63,367.5,548,2.01,75, 375, 68.43
HONAUT, EQ, 09-Mar-2020,34710.35,34610.0,34610.0,33606.0, 33711.10,33911.35,34014.12,3122,1061.92,1633, 1677, 53.72
HONDAPOWER, EQ, 09-Mar-2020,1012.85,990.6,1031.65,980.0, 999.00,1006.7,996.22,9878,98.41,546, 8972, 90.83
HOVS, EQ, 09-Mar-2020,30.05,27.65,29.5,27.5, 28.00,27.9,27.78,3358,0.93,147, 2527, 75.25
HPL, EQ, 09-Mar-2020,29.85,29.8,29.8,26.75, 27.45,27.45,27.86,54848,15.28,988, 41496, 75.66
HSCL, EQ, 09-Mar-2020,44.5,43.0,43.8,39.05, 40.95,40.3,40.31,1357372,547.21,7431, 746384, 54.99
HSIL, EQ, 09-Mar-2020,51.9,50.2,51.5,49.0, 50.35,50.2,50.08,275290,137.85,1136, 190270, 69.12
HTMEDIA, EQ, 09-Mar-2020,12.5,12.6,12.65,11.6, 12.25,12.3,12.19,107227,13.07,424, 83174, 77.57
HUBTOWN, EQ, 09-Mar-2020,9.2,8.8,9.4,8.8, 9.00,9.1,9.0,34537,3.11,69, 27306, 79.06
HUDCO, EQ, 09-Mar-2020,28.25,27.95,27.95,25.5, 26.30,26.4,26.49,1730421,458.41,8355, 828179, 47.86
HUDCO, N2, 09-Mar-2020,1175.52,1174.95,1174.95,1163.5, 1172.00,1172.0,1166.85,3311,38.63,29, 2195, 66.29
HUDCO, N3, 09-Mar-2020,1045.8,1053.0,1053.0,1045.0, 1045.50,1046.41,1045.93,6762,70.73,95, 5290, 78.23
HUDCO, N4, 09-Mar-2020,1052.0,1046.25,1046.25,1046.25, 1046.25,1046.25,1046.25,100,1.05,1, 100, 100.00
HUDCO, N5, 09-Mar-2020,1118.7,1125.0,1137.99,1120.35, 1122.05,1122.05,1123.56,402,4.52,6, 381, 94.78
HUDCO, N9, 09-Mar-2020,1196.26,1176.25,1187.0,1176.25, 1184.00,1184.4,1180.88,1302,15.38,38, 802, 61.60
HUDCO, ND, 09-Mar-2020,1250.8,1245.0,1260.0,1245.0, 1245.00,1245.02,1245.43,850,10.59,16, 610, 71.76
HUDCO, NE, 09-Mar-2020,1335.5,1338.0,1356.0,1326.35, 1331.00,1331.93,1333.52,2125,28.34,87, 1652, 77.74
IBMFNIFTY, EQ, 09-Mar-2020,111.78,108.0,115.9,105.25, 112.99,109.91,109.77,421,0.46,37, 126, 29.93
IBREALEST, EQ, 09-Mar-2020,69.55,66.1,66.1,66.1, 66.10,66.1,66.1,33863,22.38,325, 33863, 100.00
IBUCCREDIT, N2, 09-Mar-2020,1075.0,1037.0,1068.8,1037.0, 1064.80,1064.8,1052.3,40,0.42,4, 40, 100.00
IBUCCREDIT, N4, 09-Mar-2020,912.1,950.0,950.0,950.0, 950.00,950.0,950.0,10,0.1,1, 10, 100.00
IBUCCREDIT, N7, 09-Mar-2020,755.0,800.0,800.0,755.0, 755.00,755.0,782.69,52,0.41,3, 32, 61.54
IBUCCREDIT, N9, 09-Mar-2020,850.0,820.0,820.0,820.0, 820.00,820.0,820.0,25,0.21,1, 25, 100.00
IBULHSGFIN, EQ, 09-Mar-2020,254.5,229.05,229.05,203.8, 207.50,213.65,218.42,40079590,87541.98,380430, 3933069, 9.81
IBULHSGFIN, N6, 09-Mar-2020,899.9,899.0,899.0,899.0, 899.00,899.0,899.0,20,0.18,1, 20, 100.00
IBULHSGFIN, N8, 09-Mar-2020,794.0,735.0,735.0,655.1, 710.00,709.99,701.47,289,2.03,9, 289, 100.00
IBULHSGFIN, NA, 09-Mar-2020,700.0,695.4,695.4,645.0, 650.00,650.0,647.49,660,4.27,9, 660, 100.00
IBULHSGFIN, NE, 09-Mar-2020,800.0,680.0,680.0,680.0, 680.00,680.0,680.0,10,0.07,1, 10, 100.00
IBULHSGFIN, NF, 09-Mar-2020,864.0,1025.0,1025.0,864.0, 864.00,864.0,944.5,100,0.94,2, 50, 50.00
IBULISL, EQ, 09-Mar-2020,96.4,91.65,91.65,91.6, 91.60,91.6,91.6,6249,5.72,60, 6249, 100.00
IBVENTURES, E3, 09-Mar-2020,90.5,81.45,84.5,81.45, 81.45,81.45,81.66,106633,87.08,251, 80335, 75.34
IBVENTURES, EQ, 09-Mar-2020,219.85,208.9,208.9,208.9, 208.90,208.9,208.9,183120,382.54,520, 182723, 99.78
ICEMAKE, SM, 09-Mar-2020,45.2,45.0,47.5,45.0, 45.50,46.35,46.09,26000,11.98,12, 8000, 30.77
ICFL, N1, 09-Mar-2020,935.0,930.0,930.0,921.0, 925.00,925.0,925.9,367,3.4,13, 367, 100.00
ICFL, N2, 09-Mar-2020,980.0,975.0,999.0,967.0, 970.10,970.1,971.65,450,4.37,17, 450, 100.00
ICFL, N3, 09-Mar-2020,945.01,941.0,941.0,930.0, 930.00,930.0,934.84,112,1.05,11, 112, 100.00
ICFL, N4, 09-Mar-2020,930.0,851.0,900.0,851.0, 900.00,900.0,859.29,167,1.44,4, 142, 85.03
ICFL, N6, 09-Mar-2020,959.95,967.0,967.0,950.0, 950.00,950.0,955.59,304,2.91,21, 304, 100.00
ICFL, N7, 09-Mar-2020,930.16,877.0,877.0,876.0, 876.00,876.0,876.1,10,0.09,2, 10, 100.00
ICFL, N8, 09-Mar-2020,875.0,875.0,876.0,875.0, 876.00,876.0,875.5,22,0.19,2, 11, 50.00
ICFL, N9, 09-Mar-2020,1040.0,999.0,999.0,999.0, 999.00,999.0,999.0,10,0.1,1, 10, 100.00
ICFL, NC, 09-Mar-2020,939.6,900.0,920.0,900.0, 920.00,920.0,914.44,18,0.16,3, 18, 100.00
ICFL, NF, 09-Mar-2020,905.0,900.0,900.0,900.0, 900.00,900.0,900.0,39,0.35,2, 39, 100.00
ICICI500, EQ, 09-Mar-2020,146.61,148.95,148.95,138.25, 139.75,140.37,140.76,17271,24.31,177, 15153, 87.74
ICICIB22, EQ, 09-Mar-2020,29.07,29.0,29.0,27.3, 28.22,28.05,27.88,1376164,383.69,6463, 986009, 71.65
ICICIBANK, EQ, 09-Mar-2020,486.35,475.0,475.0,442.95, 457.50,457.75,459.37,42027546,193061.85,401229, 22816310, 54.29
ICICIBANKN, EQ, 09-Mar-2020,277.62,276.0,276.0,260.35, 266.55,267.79,266.55,14625,38.98,319, 8924, 61.02
ICICIBANKP, EQ, 09-Mar-2020,153.68,153.0,161.6,143.8, 147.00,145.67,146.3,24718,36.16,202, 22250, 90.02
ICICIGI, EQ, 09-Mar-2020,1264.4,1261.0,1261.0,1190.0, 1222.05,1207.9,1223.49,732840,8966.2,36177, 571640, 78.00
ICICIGOLD, EQ, 09-Mar-2020,39.78,38.2,40.44,36.2, 39.55,39.58,39.79,100624,40.04,1763, 67915, 67.49
ICICILIQ, EQ, 09-Mar-2020,999.99,999.95,1000.0,999.95, 1000.00,999.99,1000.0,25247,252.47,49, 12319, 48.79
ICICILOVOL, EQ, 09-Mar-2020,87.11,89.7,95.6,81.77, 83.00,83.29,83.98,2004697,1683.48,462, 1984801, 99.01
ICICIM150, EQ, 09-Mar-2020,62.14,63.7,64.01,58.8, 59.36,59.35,59.4,7358,4.37,69, 6931, 94.20
ICICIMCAP, EQ, 09-Mar-2020,62.67,63.9,64.27,57.0, 59.41,59.61,60.18,57235,34.44,482, 54931, 95.97
ICICINF100, EQ, 09-Mar-2020,126.84,123.0,128.0,111.5, 115.00,117.92,116.35,23787,27.68,448, 20460, 86.01
ICICINIFTY, EQ, 09-Mar-2020,116.36,114.9,115.9,108.25, 110.40,110.97,110.37,1425478,1573.3,13678, 898555, 63.04
ICICINV20, EQ, 09-Mar-2020,53.82,55.0,59.0,51.0, 55.00,55.33,53.92,11981,6.46,889, 7062, 58.94
ICICINXT50, EQ, 09-Mar-2020,26.67,26.0,27.4,23.0, 25.51,25.57,25.86,42274,10.93,438, 38304, 90.61
ICICIPRULI, EQ, 09-Mar-2020,413.75,401.0,406.75,381.2, 387.70,393.35,393.12,3436940,13511.22,64028, 1921335, 55.90
ICICISENSX, EQ, 09-Mar-2020,401.55,398.7,416.0,376.3, 394.00,381.78,393.85,28536,112.39,821, 21519, 75.41
ICIL, EQ, 09-Mar-2020,48.15,47.25,48.5,40.75, 43.85,42.65,44.16,261202,115.34,2942, 197367, 75.56
ICRA, EQ, 09-Mar-2020,2780.85,2700.25,2797.75,2605.0, 2615.00,2607.9,2647.77,982,26.0,451, 621, 63.24
ICSA, BZ, 09-Mar-2020,0.2,0.2,0.2,0.2, 0.20,0.2,0.2,464,0.0,7, -, -
IDBI, EQ, 09-Mar-2020,27.15,26.7,26.7,24.95, 25.10,25.2,25.39,2012256,510.97,5833, 834413, 41.47
IDBIGOLD, EQ, 09-Mar-2020,4036.2,4030.0,4080.0,3972.0, 3972.00,3992.0,4019.48,107,4.3,51, 86, 80.37
IDEA, EQ, 09-Mar-2020,3.3,3.4,4.3,3.3, 4.00,4.0,3.87,693014531,26803.73,240865, 204186980, 29.46
IDFC, EQ, 09-Mar-2020,30.25,31.6,31.6,27.0, 27.20,27.55,28.52,2137249,609.57,8913, 1489856, 69.71
IDFCFIRSTB, EQ, 09-Mar-2020,36.25,35.0,35.75,32.8, 33.00,33.05,33.9,34178051,11587.04,52066, 11954353, 34.98
IDFCFIRSTB, N1, 09-Mar-2020,5021.0,5020.0,5020.0,4970.0, 5000.00,5000.0,4992.99,57,2.85,22, 45, 78.95
IDFCFIRSTB, N2, 09-Mar-2020,10070.0,10050.0,10050.0,10017.0, 10030.00,10030.0,10031.18,72,7.22,13, 64, 88.89
IDFCFIRSTB, N4, 09-Mar-2020,9639.9,9567.04,9567.04,9567.0, 9567.00,9567.0,9567.02,4,0.38,2, 4, 100.00
IDFCFIRSTB, N6, 09-Mar-2020,9745.0,9661.0,9720.0,9661.0, 9720.00,9720.0,9681.71,77,7.45,16, 64, 83.12
IDFCFIRSTB, N8, 09-Mar-2020,9900.0,9920.0,9920.0,9920.0, 9920.00,9920.0,9920.0,2,0.2,2, 2, 100.00
IDFCFIRSTB, N9, 09-Mar-2020,5020.0,4955.01,4960.0,4955.0, 4960.00,4960.0,4957.0,10,0.5,3, 6, 60.00
IDFCFIRSTB, NA, 09-Mar-2020,9827.0,9827.0,9860.0,9825.0, 9860.00,9860.0,9837.32,19,1.87,6, 19, 100.00
IDFCFIRSTB, NB, 09-Mar-2020,4995.0,4995.0,4995.01,4995.0, 4995.00,4995.0,4995.0,43,2.15,10, 38, 88.37
IDFCFIRSTB, NC, 09-Mar-2020,9356.0,9111.05,9356.0,9000.0, 9350.00,9350.0,9294.78,40,3.72,14, 37, 92.50
IDFCFIRSTB, ND, 09-Mar-2020,5295.0,5161.09,5250.0,5161.09, 5250.00,5250.0,5205.55,6,0.31,2, 3, 50.00
IDFCFIRSTB, NE, 09-Mar-2020,9150.0,9100.0,9100.0,9100.0, 9100.00,9100.0,9100.0,13,1.18,1, 13, 100.00
IDFNIFTYET, EQ, 09-Mar-2020,117.16,117.25,117.25,116.27, 116.27,116.27,116.36,381,0.44,12, 250, 65.62
IEX, EQ, 09-Mar-2020,179.1,174.0,176.8,169.25, 171.00,170.95,171.66,1322085,2269.47,12773, 1217056, 92.06
IFBAGRO, EQ, 09-Mar-2020,259.35,260.9,260.9,231.65, 232.00,234.2,238.12,14536,34.61,812, 10830, 74.50
IFBIND, EQ, 09-Mar-2020,422.05,422.0,423.0,387.25, 398.25,397.0,399.68,32045,128.08,1221, 27424, 85.58
IFCI, EQ, 09-Mar-2020,5.1,4.9,4.95,4.7, 4.75,4.75,4.82,1820832,87.84,11877, 1170028, 64.26
IFCI, NF, 09-Mar-2020,1010.0,987.0,990.0,987.0, 990.00,990.0,988.5,2,0.02,2, 0, 0.00
IFCI, NH, 09-Mar-2020,987.0,985.0,985.0,980.15, 980.75,980.78,981.89,424,4.16,28, 413, 97.41
IFCI, NL, 09-Mar-2020,957.51,950.0,950.0,943.0, 944.00,944.0,945.69,267,2.52,6, 267, 100.00
IFGLEXPOR, EQ, 09-Mar-2020,134.0,140.0,140.0,128.0, 129.15,129.1,130.29,3220,4.2,87, 3054, 94.84
IGARASHI, EQ, 09-Mar-2020,302.5,290.2,295.0,260.05, 263.00,267.4,279.37,138727,387.57,5060, 46242, 33.33
IGL, EQ, 09-Mar-2020,440.85,432.35,435.95,407.7, 416.10,417.7,418.45,3099096,12968.09,48613, 1391454, 44.90
IGPL, EQ, 09-Mar-2020,146.05,148.5,148.5,133.1, 138.00,135.2,136.57,27427,37.46,1270, 20715, 75.53
IIFCL, N1, 09-Mar-2020,1180.0,1162.0,1165.0,1162.0, 1165.00,1165.0,1163.5,4,0.05,2, 2, 50.00
IIFCL, N2, 09-Mar-2020,1117.67,1105.4,1105.4,1105.4, 1105.40,1105.4,1105.4,10,0.11,1, 10, 100.00
IIFCL, N4, 09-Mar-2020,1325.75,1310.1,1317.9,1294.0, 1317.90,1317.9,1303.85,399,5.2,15, 301, 75.44
IIFL, EQ, 09-Mar-2020,152.15,150.0,150.95,140.5, 145.00,144.8,144.07,317335,457.19,3224, 198570, 62.57
IIFLFIN, ND, 09-Mar-2020,980.0,980.0,980.0,980.0, 980.00,980.0,980.0,235,2.3,3, 235, 100.00
IIFLFIN, NE, 09-Mar-2020,1050.0,1070.0,1070.0,1065.0, 1065.00,1065.37,1065.6,84,0.9,4, 84, 100.00
IIFLFIN, NF, 09-Mar-2020,993.9,980.01,993.0,965.01, 991.25,991.25,990.88,3294,32.64,51, 3294, 100.00
IIFLFIN, NG, 09-Mar-2020,994.99,993.8,997.0,985.0, 991.85,992.54,994.59,1095,10.89,27, 1085, 99.09
IIFLFIN, NJ, 09-Mar-2020,1034.1,1045.0,1055.0,1025.0, 1025.10,1025.1,1028.04,4200,43.18,23, 4155, 98.93
IIFLFIN, NK, 09-Mar-2020,985.0,985.0,985.0,985.0, 985.00,985.0,985.0,100,0.99,1, 100, 100.00
IIFLFIN, NN, 09-Mar-2020,1000.0,950.0,950.0,950.0, 950.00,950.0,950.0,181,1.72,4, 181, 100.00
IIFLSEC, EQ, 09-Mar-2020,46.75,45.0,45.1,44.45, 44.45,44.45,44.58,161487,71.99,832, 132582, 82.10
IIFLWAM, EQ, 09-Mar-2020,1460.35,1385.6,1450.0,1363.0, 1400.00,1401.25,1400.77,23325,326.73,2024, 13988, 59.97
IIHFL, N2, 09-Mar-2020,1003.55,998.0,1004.4,993.0, 1001.35,1003.33,1003.04,7406,74.29,48, 7053, 95.23
IIHFL, N3, 09-Mar-2020,1966.0,1965.0,1966.0,1961.6, 1966.00,1966.0,1963.52,623,12.23,23, 623, 100.00
IITL, BE, 09-Mar-2020,76.05,76.05,76.05,72.5, 74.05,74.05,73.72,41,0.03,3, -, -
IL&FSENGG, BZ, 09-Mar-2020,1.7,1.7,1.75,1.65, 1.65,1.65,1.67,30691,0.51,26, -, -
IL&FSTRANS, BZ, 09-Mar-2020,1.35,1.35,1.35,1.3, 1.30,1.3,1.31,31589,0.41,68, -, -
IMFA, EQ, 09-Mar-2020,177.4,164.0,189.25,163.1, 170.00,170.35,166.13,24131,40.09,501, 20083, 83.22
IMPAL, EQ, 09-Mar-2020,551.85,552.4,552.4,535.0, 535.00,535.55,539.73,452,2.44,79, 387, 85.62
IMPEXFERRO, EQ, 09-Mar-2020,0.35,0.3,0.35,0.3, 0.30,0.3,0.32,5643,0.02,11, 3642, 64.54
INDBANK, EQ, 09-Mar-2020,5.9,5.9,6.1,5.4, 5.60,5.65,5.64,93405,5.27,276, 56014, 59.97
INDHOTEL, EQ, 09-Mar-2020,120.9,118.7,118.95,112.0, 114.50,115.35,115.37,1363256,1572.83,49590, 992074, 72.77
INDIACEM, EQ, 09-Mar-2020,92.0,88.1,91.5,86.1, 88.50,88.5,88.48,3135026,2773.92,19693, 1137985, 36.30
INDIAGLYCO, EQ, 09-Mar-2020,317.9,309.9,309.9,274.05, 292.00,290.5,287.66,377689,1086.45,9350, 158015, 41.84
INDIAMART, EQ, 09-Mar-2020,2545.0,2500.0,2546.95,2320.0, 2401.00,2413.35,2423.53,100538,2436.57,18385, 49248, 48.98
INDIANB, EQ, 09-Mar-2020,69.85,69.3,69.3,64.1, 65.40,65.4,66.2,1433954,949.31,17378, 727972, 50.77
INDIANCARD, EQ, 09-Mar-2020,103.0,98.0,100.8,97.85, 100.80,100.25,98.93,356,0.35,11, 356, 100.00
INDIANHUME, EQ, 09-Mar-2020,164.8,167.0,167.0,154.65, 165.90,163.8,159.12,36576,58.2,1515, 19164, 52.40
INDIGO, EQ, 09-Mar-2020,1176.9,1175.05,1233.5,1163.1, 1219.25,1213.2,1207.53,3127030,37759.81,119469, 766697, 24.52
INDIGRID, IV, 09-Mar-2020,99.1,99.1,99.1,97.0, 97.20,97.14,97.89,962766,942.47,230, 872613, 90.64
INDLMETER, EQ, 09-Mar-2020,13.85,13.25,13.95,13.2, 13.20,13.2,13.28,4637,0.62,18, 4637, 100.00
INDNIPPON, EQ, 09-Mar-2020,295.2,290.0,290.75,281.0, 285.00,283.3,283.61,9289,26.34,514, 7256, 78.11
INDOCO, EQ, 09-Mar-2020,239.1,228.2,238.0,207.55, 215.00,213.15,222.28,80540,179.03,2998, 21989, 27.30
INDORAMA, EQ, 09-Mar-2020,19.0,19.05,19.05,17.95, 18.00,18.25,18.29,15958,2.92,164, 14048, 88.03
INDOSOLAR, BZ, 09-Mar-2020,0.65,0.65,0.65,0.6, 0.60,0.6,0.6,94399,0.57,66, -, -
INDOSTAR, EQ, 09-Mar-2020,280.15,279.95,281.0,277.55, 279.95,280.1,279.6,183787,513.86,5270, 152213, 82.82
INDOTECH, EQ, 09-Mar-2020,100.1,100.0,100.0,95.1, 96.45,95.3,96.13,1146,1.1,26, 1145, 99.91
INDOTHAI, EQ, 09-Mar-2020,18.35,18.2,21.7,15.6, 19.40,18.05,17.73,13254,2.35,214, 11053, 83.39
INDOWIND, EQ, 09-Mar-2020,2.3,2.3,2.3,2.2, 2.20,2.2,2.2,45939,1.01,59, 43939, 95.65
INDRAMEDCO, EQ, 09-Mar-2020,39.0,39.0,39.0,35.05, 37.30,37.25,36.85,190603,70.24,1430, 138711, 72.77
INDSWFTLAB, EQ, 09-Mar-2020,16.1,16.2,16.9,15.65, 16.00,16.25,16.13,84875,13.69,714, 66709, 78.60
INDSWFTLTD, EQ, 09-Mar-2020,2.3,2.4,2.4,2.2, 2.25,2.3,2.21,45608,1.01,26, 43348, 95.04
INDTERRAIN, EQ, 09-Mar-2020,51.15,51.15,51.15,46.45, 47.00,48.5,48.12,24125,11.61,280, 18813, 77.98
INDUSINDBK, EQ, 09-Mar-2020,1014.8,950.0,969.95,887.05, 889.90,903.1,926.06,14499395,134272.97,257052, 6531279, 45.05
INEOSSTYRO, EQ, 09-Mar-2020,686.85,668.1,673.95,648.05, 660.00,659.8,663.83,4942,32.81,353, 3799, 76.87
INFIBEAM, EQ, 09-Mar-2020,52.3,51.75,51.9,46.25, 47.50,47.0,48.25,1210120,583.88,4936, 708435, 58.54
INFOBEAN, BE, 09-Mar-2020,91.1,86.55,86.55,86.55, 86.55,86.55,86.55,3938,3.41,42, -, -
INFRABEES, EQ, 09-Mar-2020,305.31,304.7,304.7,285.63, 289.00,289.11,289.24,1381,3.99,53, 1365, 98.84
INFRATEL, EQ, 09-Mar-2020,203.7,196.0,215.0,195.3, 209.50,211.0,205.75,6976203,14353.64,64834, 1132116, 16.23
INFY, EQ, 09-Mar-2020,738.95,724.5,725.85,697.0, 706.40,704.45,705.63,10308697,72741.62,180848, 5907793, 57.31
INGERRAND, EQ, 09-Mar-2020,635.45,632.0,635.0,621.05, 631.00,630.75,627.62,73584,461.83,2465, 46083, 62.63
INNOVATIVE, SM, 09-Mar-2020,7.5,7.45,7.45,7.45, 7.45,7.45,7.45,3000,0.22,1, 3000, 100.00
INOXLEISUR, EQ, 09-Mar-2020,368.3,364.8,374.8,350.0, 360.00,361.3,353.75,524432,1855.15,18661, 264234, 50.38
INOXWIND, EQ, 09-Mar-2020,27.65,27.8,27.8,25.5, 25.80,25.85,25.97,158488,41.17,1155, 116476, 73.49
INSECTICID, EQ, 09-Mar-2020,437.7,425.7,426.7,388.0, 397.00,402.9,404.62,22851,92.46,1458, 13929, 60.96
INSPIRISYS, EQ, 09-Mar-2020,31.5,31.55,31.55,25.25, 27.50,27.3,26.67,10923,2.91,184, 5154, 47.18
INTEGRA, EQ, 09-Mar-2020,0.65,0.65,0.65,0.65, 0.65,0.65,0.65,14,0.0,2, 14, 100.00
INTELLECT, EQ, 09-Mar-2020,107.35,105.9,106.4,101.2, 102.20,104.35,103.3,130493,134.8,2286, 75867, 58.14
INTENTECH, EQ, 09-Mar-2020,21.05,21.8,21.8,17.65, 17.95,17.85,18.39,69289,12.74,466, 52832, 76.25
INVENTURE, EQ, 09-Mar-2020,12.75,12.0,12.25,11.55, 11.55,11.55,11.97,67403,8.07,56, 707, 1.05
IOB, EQ, 09-Mar-2020,8.6,8.5,8.65,8.15, 8.35,8.25,8.31,1470639,122.24,2198, 880670, 59.88
IOC, EQ, 09-Mar-2020,100.8,102.3,105.25,98.0, 98.60,99.4,102.34,33011189,33784.03,154576, 7249667, 21.96
IOLCP, EQ, 09-Mar-2020,256.55,256.0,266.8,244.1, 250.00,250.3,255.66,2284313,5840.09,43503, 734648, 32.16
IPCALAB, EQ, 09-Mar-2020,1444.1,1435.0,1477.0,1396.15, 1444.25,1463.45,1441.55,237952,3430.2,20655, 111816, 46.99
IRB, EQ, 09-Mar-2020,73.05,71.2,71.7,67.05, 67.75,68.25,69.44,1098515,762.86,6888, 374695, 34.11
IRBINVIT, IV, 09-Mar-2020,45.0,43.3,44.78,43.3, 43.80,43.81,43.98,250000,109.95,70, 185000, 74.00
IRCON, EQ, 09-Mar-2020,437.4,426.0,428.95,386.1, 396.00,398.2,403.27,667136,2690.39,17055, 288820, 43.29
IRCTC, EQ, 09-Mar-2020,1359.35,1291.4,1291.4,1291.4, 1291.40,1291.4,1291.4,135085,1744.49,15615, 134827, 99.81
IREDA, N4, 09-Mar-2020,1139.0,1139.0,1139.79,1138.8, 1138.80,1138.8,1139.67,200,2.28,97, 105, 52.50
IREDA, N5, 09-Mar-2020,1202.1,1230.0,1231.0,1215.5, 1231.00,1231.0,1226.75,409,5.02,48, 409, 100.00
IREDA, N7, 09-Mar-2020,1182.0,1182.0,1182.0,1182.0, 1182.00,1182.0,1182.0,450,5.32,4, 450, 100.00
IRFC, N1, 09-Mar-2020,1075.4,1072.0,1074.0,1072.0, 1073.00,1073.0,1072.93,1201,12.89,10, 760, 63.28
IRFC, N2, 09-Mar-2020,1183.71,1190.0,1190.0,1175.05, 1175.05,1175.05,1181.32,1460,17.25,15, 1010, 69.18
IRFC, N3, 09-Mar-2020,1069.0,1066.17,1067.0,1066.17, 1066.60,1066.42,1066.41,420,4.48,8, 420, 100.00
IRFC, N4, 09-Mar-2020,1140.0,1131.51,1140.1,1131.51, 1140.10,1140.1,1137.03,84,0.96,2, 54, 64.29
IRFC, N6, 09-Mar-2020,1300.0,1300.0,1300.0,1300.0, 1300.00,1300.0,1300.0,25,0.33,1, 25, 100.00
IRFC, N9, 09-Mar-2020,1200.1,1160.6,1224.99,1160.6, 1200.00,1200.0,1201.71,79,0.95,4, 70, 88.61
IRFC, NA, 09-Mar-2020,1326.1,1354.0,1354.0,1325.0, 1326.00,1326.0,1336.42,1361,18.19,5, 1361, 100.00
IRFC, NC, 09-Mar-2020,1295.0,1295.0,1295.0,1295.0, 1295.00,1295.0,1295.0,100,1.3,1, 100, 100.00
IRFC, NE, 09-Mar-2020,1389.85,1399.99,1399.99,1340.0, 1340.00,1340.0,1341.18,102,1.37,2, 102, 100.00
IRFC, NG, 09-Mar-2020,1138.5,1152.5,1152.5,1152.5, 1152.50,1152.5,1152.5,500,5.76,1, 500, 100.00
IRFC, NI, 09-Mar-2020,1111.0,1112.0,1117.0,1112.0, 1113.00,1113.0,1113.99,184,2.05,14, 180, 97.83
IRFC, NJ, 09-Mar-2020,1178.2,1161.0,1180.0,1161.0, 1177.00,1177.0,1172.72,1238,14.52,19, 988, 79.81
IRFC, NK, 09-Mar-2020,1205.0,1191.85,1220.9,1191.85, 1220.90,1220.9,1195.8,93,1.11,7, 92, 98.92
IRFC, NO, 09-Mar-2020,1188.0,1188.01,1200.0,1188.01, 1195.00,1195.0,1196.69,935,11.19,18, 934, 99.89
IRISDOREME, SM, 09-Mar-2020,191.75,190.0,190.0,188.0, 188.50,188.5,188.88,6400,12.09,4, 1600, 25.00
ISEC, EQ, 09-Mar-2020,433.2,416.1,425.0,394.0, 406.50,405.45,405.11,289493,1172.77,11350, 120444, 41.61
ISFT, EQ, 09-Mar-2020,37.2,37.2,37.2,35.35, 35.35,35.35,35.45,4233,1.5,37, 4203, 99.29
ISMTLTD, EQ, 09-Mar-2020,3.65,3.7,3.7,3.35, 3.60,3.6,3.51,96830,3.4,82, 77838, 80.39
ITC, EQ, 09-Mar-2020,181.75,179.0,179.0,174.5, 176.75,177.2,177.16,21795899,38613.09,156489, 11793069, 54.11
ITDC, EQ, 09-Mar-2020,200.75,196.0,196.9,180.0, 180.75,181.85,185.49,84985,157.64,4487, 33564, 39.49
ITDCEM, EQ, 09-Mar-2020,46.3,45.9,47.1,41.2, 47.00,45.95,43.76,239113,104.62,4799, 142270, 59.50
ITI, EQ, 09-Mar-2020,71.1,68.3,69.8,65.5, 66.30,66.45,67.53,590401,398.71,5393, 161922, 27.43
IVC, EQ, 09-Mar-2020,2.4,2.4,2.4,2.2, 2.30,2.2,2.26,148408,3.35,184, 111010, 74.80
IVP, EQ, 09-Mar-2020,39.85,39.0,39.9,35.0, 37.00,37.0,37.98,2098,0.8,55, 1988, 94.76
IVZINGOLD, EQ, 09-Mar-2020,4047.55,4100.0,4114.0,3901.0, 3981.15,3922.55,4052.67,49,1.99,26, 38, 77.55
IVZINNIFTY, EQ, 09-Mar-2020,1222.35,1300.0,1300.0,1190.0, 1190.00,1190.0,1245.0,4,0.05,3, 3, 75.00
IZMO, EQ, 09-Mar-2020,20.0,19.5,20.95,19.0, 19.05,19.05,19.43,28329,5.5,274, 14330, 50.58
J&KBANK, EQ, 09-Mar-2020,17.95,17.0,17.55,16.2, 16.65,16.65,16.84,1239674,208.77,4034, 557346, 44.96
JAGRAN, EQ, 09-Mar-2020,57.65,57.5,58.0,52.6, 53.85,53.85,54.38,181810,98.86,3917, 103234, 56.78
JAGSNPHARM, EQ, 09-Mar-2020,23.8,23.4,25.9,22.15, 23.30,23.6,23.05,15547,3.58,182, 9610, 61.81
JAIBALAJI, EQ, 09-Mar-2020,21.7,21.0,22.2,19.6, 21.00,20.4,20.42,3767,0.77,60, 2859, 75.90
JAICORPLTD, EQ, 09-Mar-2020,79.9,77.3,77.4,70.5, 71.40,72.35,73.17,1147677,839.8,8257, 409437, 35.68
JAIHINDPRO, BZ, 09-Mar-2020,0.8,0.8,0.8,0.8, 0.80,0.8,0.8,100,0.0,1, -, -
JAINSTUDIO, BE, 09-Mar-2020,0.95,0.9,0.95,0.9, 0.90,0.9,0.9,5567,0.05,16, -, -
JALAN, SM, 09-Mar-2020,5.65,5.4,5.4,5.4, 5.40,5.4,5.4,3000,0.16,1, 3000, 100.00
JAMNAAUTO, EQ, 09-Mar-2020,32.35,30.05,31.5,29.7, 29.80,29.95,30.41,737825,224.35,3499, 517693, 70.16
JASH, BE, 09-Mar-2020,143.1,138.0,146.95,135.95, 135.95,135.95,136.04,7455,10.14,50, -, -
JAYAGROGN, EQ, 09-Mar-2020,72.3,70.2,70.6,64.1, 67.50,67.9,67.5,24938,16.83,532, 18664, 74.84
JAYBARMARU, EQ, 09-Mar-2020,189.65,180.2,185.4,175.0, 177.90,178.7,178.6,24598,43.93,1690, 9709, 39.47
JAYNECOIND, EQ, 09-Mar-2020,3.1,2.95,3.2,2.95, 3.00,3.0,3.0,50969,1.53,59, 50869, 99.80
JAYSREETEA, EQ, 09-Mar-2020,40.3,38.75,39.7,37.6, 39.50,38.7,38.53,36422,14.03,561, 20579, 56.50
JBCHEPHARM, EQ, 09-Mar-2020,584.9,584.9,588.0,541.0, 552.00,550.7,566.86,137854,781.44,7655, 72706, 52.74
JBFIND, BE, 09-Mar-2020,14.75,14.05,14.05,14.05, 14.05,14.05,14.05,10951,1.54,24, -, -
JBMA, EQ, 09-Mar-2020,188.85,175.0,187.4,173.95, 183.45,183.05,181.67,46787,85.0,3854, 20099, 42.96
JCHAC, EQ, 09-Mar-2020,3159.85,3065.15,3148.95,2856.4, 2911.00,2996.2,2994.48,10920,327.0,2770, 4472, 40.95
JETAIRWAYS, BZ, 09-Mar-2020,21.6,20.55,20.55,20.55, 20.55,20.55,20.55,40663,8.36,243, -, -
JHS, EQ, 09-Mar-2020,9.5,9.3,9.3,8.6, 9.00,9.05,8.84,116109,10.27,465, 69337, 59.72
JIKIND, BE, 09-Mar-2020,0.3,0.25,0.3,0.25, 0.30,0.3,0.25,8563,0.02,4, -, -
JINDALPHOT, EQ, 09-Mar-2020,11.3,10.85,11.3,9.25, 10.05,10.05,9.94,7973,0.79,121, 6304, 79.07
JINDALPOLY, EQ, 09-Mar-2020,239.55,238.05,250.0,224.4, 236.10,234.8,235.54,15565,36.66,666, 9282, 59.63
JINDALSAW, EQ, 09-Mar-2020,79.25,77.0,78.4,71.1, 72.85,72.85,73.62,1048865,772.12,8338, 756931, 72.17
JINDALSTEL, EQ, 09-Mar-2020,146.3,141.25,142.0,126.55, 130.35,131.2,134.96,21051651,28411.03,77433, 2717938, 12.91
JINDCOT, BE, 09-Mar-2020,1.5,1.55,1.55,1.45, 1.45,1.45,1.45,320,0.0,7, -, -
JINDRILL, EQ, 09-Mar-2020,77.9,77.0,77.0,67.1, 68.50,69.3,70.77,13899,9.84,573, 9180, 66.05
JINDWORLD, EQ, 09-Mar-2020,57.45,58.0,58.55,55.0, 56.90,55.35,55.57,105252,58.48,1642, 10686, 10.15
JISLDVREQS, EQ, 09-Mar-2020,4.7,4.7,4.9,4.5, 4.90,4.85,4.63,41238,1.91,143, 27990, 67.87
JISLJALEQS, EQ, 09-Mar-2020,4.7,4.5,4.9,4.5, 4.90,4.9,4.69,3919124,183.65,3390, 1891557, 48.26
JITFINFRA, BE, 09-Mar-2020,5.45,5.3,5.3,5.2, 5.20,5.2,5.2,791,0.04,5, -, -
JIYAECO, EQ, 09-Mar-2020,11.5,10.95,10.95,10.95, 10.95,10.95,10.95,11665,1.28,81, 11665, 100.00
JKCEMENT, EQ, 09-Mar-2020,1326.45,1302.5,1331.3,1301.5, 1319.00,1318.9,1313.97,131633,1729.62,8240, 104148, 79.12
JKIL, EQ, 09-Mar-2020,118.2,114.2,117.95,113.6, 114.50,114.3,115.2,146262,168.5,6034, 88919, 60.79
JKLAKSHMI, EQ, 09-Mar-2020,288.1,285.0,285.0,271.0, 275.00,276.45,278.33,92663,257.9,3785, 63254, 68.26
JKPAPER, EQ, 09-Mar-2020,106.15,104.0,104.7,95.2, 97.60,98.35,99.05,1074609,1064.35,14749, 541065, 50.35
JKTYRE, EQ, 09-Mar-2020,62.65,61.85,61.9,59.0, 60.50,60.55,59.98,653241,391.8,6408, 326211, 49.94
JMA, EQ, 09-Mar-2020,22.55,22.1,23.35,20.05, 21.10,21.1,21.46,2311,0.5,40, 1657, 71.70
JMCPROJECT, EQ, 09-Mar-2020,66.15,66.15,66.55,58.55, 59.60,59.75,60.36,209766,126.61,7818, 136783, 65.21
JMFINANCIL, EQ, 09-Mar-2020,104.2,101.0,101.2,92.0, 98.00,97.35,97.17,735869,715.03,10905, 330260, 44.88
JMTAUTOLTD, EQ, 09-Mar-2020,1.25,1.2,1.35,1.15, 1.15,1.25,1.2,113464,1.36,99, 93422, 82.34
JOCIL, EQ, 09-Mar-2020,112.35,119.0,121.0,112.35, 116.80,115.4,115.07,17611,20.26,334, 11395, 64.70
JPASSOCIAT, EQ, 09-Mar-2020,1.75,1.7,1.7,1.7, 1.70,1.7,1.7,535850,9.11,608, 535850, 100.00
JPINFRATEC, EQ, 09-Mar-2020,1.05,1.0,1.0,1.0, 1.00,1.0,1.0,530425,5.3,362, 530425, 100.00
JPOLYINVST, EQ, 09-Mar-2020,11.2,11.3,11.3,10.65, 10.65,10.65,10.84,1866,0.2,8, 1866, 100.00
JPPOWER, EQ, 09-Mar-2020,1.0,0.95,0.95,0.95, 0.95,0.95,0.95,701424,6.66,410, 701424, 100.00
JSL, EQ, 09-Mar-2020,41.15,39.55,40.4,38.1, 38.15,38.35,38.87,615930,239.41,4221, 353261, 57.35
JSLHISAR, EQ, 09-Mar-2020,63.7,62.0,63.2,58.9, 60.00,61.45,60.92,234351,142.77,2219, 99968, 42.66
JSWENERGY, EQ, 09-Mar-2020,52.85,51.1,52.0,46.4, 46.50,47.3,48.52,1213795,588.96,11043, 668311, 55.06
JSWHL, EQ, 09-Mar-2020,2192.4,2130.0,2190.0,1980.3, 1995.00,2016.0,2042.61,1250,25.53,388, 793, 63.44
JSWSTEEL, EQ, 09-Mar-2020,238.8,229.05,231.65,225.1, 229.00,229.05,228.5,7888019,18024.15,53967, 1286790, 16.31
JTEKTINDIA, EQ, 09-Mar-2020,71.0,65.8,71.0,65.25, 69.00,67.6,67.51,58388,39.42,939, 38815, 66.48
JUBILANT, EQ, 09-Mar-2020,479.55,470.0,470.0,425.0, 457.20,458.0,450.11,236214,1063.22,12626, 74774, 31.66
JUBLFOOD, EQ, 09-Mar-2020,1692.15,1640.0,1679.5,1600.0, 1652.40,1650.6,1633.73,1199791,19601.32,61760, 316285, 26.36
JUBLINDS, EQ, 09-Mar-2020,118.4,113.1,113.1,112.5, 112.50,112.5,112.7,4709,5.31,103, 4438, 94.25
JUMPNET, EQ, 09-Mar-2020,55.4,55.0,55.0,53.05, 54.00,53.75,54.02,457877,247.33,405, 387243, 84.57
JUNIORBEES, EQ, 09-Mar-2020,274.28,273.4,275.9,262.25, 266.50,269.12,266.96,306355,817.84,6464, 212232, 69.28
JUSTDIAL, EQ, 09-Mar-2020,470.45,439.0,455.5,436.7, 446.80,448.65,447.91,2236798,10018.95,38014, 120289, 5.38
JVLAGRO, BZ, 09-Mar-2020,0.25,0.25,0.3,0.25, 0.25,0.25,0.28,254699,0.72,65, -, -
JYOTHYLAB, EQ, 09-Mar-2020,125.6,124.0,125.6,120.5, 122.50,123.0,122.75,276694,339.65,5301, 187091, 67.62
JYOTISTRUC, BZ, 09-Mar-2020,1.6,1.6,1.65,1.6, 1.60,1.65,1.65,151790,2.5,58, -, -
KABRAEXTRU, EQ, 09-Mar-2020,60.5,61.85,61.85,56.3, 58.85,59.0,58.78,17879,10.51,347, 12799, 71.59
KAJARIACER, EQ, 09-Mar-2020,547.05,534.0,546.95,533.0, 535.00,538.45,539.37,361813,1951.5,6349, 331810, 91.71
KAKATCEM, EQ, 09-Mar-2020,144.75,137.95,139.95,137.55, 138.00,138.15,137.62,8696,11.97,355, 7973, 91.69
KALPATPOWR, EQ, 09-Mar-2020,328.6,318.15,325.0,285.25, 292.00,297.4,305.46,137051,418.63,8367, 100328, 73.20
KALYANIFRG, BE, 09-Mar-2020,111.25,116.75,116.75,105.8, 111.95,111.95,108.41,289,0.31,11, -, -
KAMATHOTEL, EQ, 09-Mar-2020,29.65,28.3,28.6,26.05, 27.40,27.25,26.8,159897,42.86,596, 143513, 89.75
KAMDHENU, EQ, 09-Mar-2020,60.1,57.4,61.9,53.9, 56.60,57.1,55.63,43682,24.3,985, 25746, 58.94
KANANIIND, EQ, 09-Mar-2020,1.75,1.75,1.75,1.7, 1.70,1.7,1.71,151,0.0,4, 151, 100.00
KANORICHEM, EQ, 09-Mar-2020,36.75,36.0,36.0,33.6, 34.05,34.45,34.46,31742,10.94,547, 18112, 57.06
KANSAINER, EQ, 09-Mar-2020,480.9,482.1,487.45,472.0, 481.05,481.05,480.42,327861,1575.12,5233, 266749, 81.36
KARDA, EQ, 09-Mar-2020,149.95,150.9,150.9,138.9, 145.75,145.3,145.52,22109,32.17,470, 8498, 38.44
KARMAENG, EQ, 09-Mar-2020,12.5,12.3,12.5,12.3, 12.50,12.5,12.47,30,0.0,2, 30, 100.00
KARURVYSYA, EQ, 09-Mar-2020,38.55,36.25,37.45,35.05, 36.95,35.7,35.9,1532027,550.03,6863, 939355, 61.31
KAUSHALYA, EQ, 09-Mar-2020,0.45,0.4,0.5,0.4, 0.40,0.4,0.46,10224,0.05,16, 6669, 65.23
KAVVERITEL, BE, 09-Mar-2020,1.75,1.7,1.7,1.7, 1.70,1.7,1.7,3950,0.07,4, -, -
KAYA, EQ, 09-Mar-2020,232.5,232.5,232.5,203.05, 205.00,209.0,212.72,34652,73.71,912, 28292, 81.65
KCP, EQ, 09-Mar-2020,54.75,54.05,54.15,50.25, 51.05,52.3,52.34,148930,77.96,892, 128600, 86.35
KCPSUGIND, EQ, 09-Mar-2020,11.7,11.7,12.0,11.0, 11.95,11.85,11.33,134605,15.25,504, 87921, 65.32
KDDL, EQ, 09-Mar-2020,246.75,262.0,262.0,199.2, 209.90,208.75,210.51,10428,21.95,662, 5959, 57.14
KEC, EQ, 09-Mar-2020,323.7,310.0,310.0,296.5, 307.60,306.3,303.79,346394,1052.3,8415, 190182, 54.90
KECL, EQ, 09-Mar-2020,10.7,10.65,10.85,10.2, 10.30,10.55,10.36,81616,8.46,199, 62727, 76.86
KEI, EQ, 09-Mar-2020,479.05,470.0,474.75,445.0, 450.00,454.4,456.05,207670,947.09,8285, 143884, 69.28
KELLTONTEC, EQ, 09-Mar-2020,15.15,14.6,15.15,12.35, 12.70,12.6,12.95,465788,60.32,1733, 279811, 60.07
KENNAMET, EQ, 09-Mar-2020,954.1,945.0,945.0,895.0, 905.00,903.5,909.58,7456,67.82,891, 5583, 74.88
KERNEX, BE, 09-Mar-2020,17.3,17.75,17.75,16.45, 16.45,16.45,16.88,10569,1.78,55, -, -
KESORAMIND, EQ, 09-Mar-2020,29.65,25.0,35.0,23.9, 29.00,29.05,25.77,928716,239.3,4780, 452208, 48.69
KGL, BZ, 09-Mar-2020,0.25,0.25,0.25,0.2, 0.25,0.2,0.22,320575,0.7,43, -, -
KHADIM, EQ, 09-Mar-2020,100.2,99.85,99.85,93.05, 94.40,94.75,95.37,31558,30.1,1230, 18242, 57.80
KHAITANLTD, BE, 09-Mar-2020,17.7,17.7,17.7,17.7, 17.70,17.7,17.7,10,0.0,1, -, -
KICL, EQ, 09-Mar-2020,1508.5,1455.15,1489.8,1401.05, 1420.10,1429.4,1421.26,572,8.13,188, 437, 76.40
KILITCH, EQ, 09-Mar-2020,93.9,93.6,93.6,80.5, 85.15,86.0,84.85,24664,20.93,1096, 9805, 39.75
KINGFA, EQ, 09-Mar-2020,578.4,572.05,572.05,505.0, 509.20,526.7,528.18,11550,61.01,601, 9182, 79.50
KIOCL, EQ, 09-Mar-2020,88.2,91.5,91.5,80.0, 80.00,80.15,82.53,30158,24.89,893, 12626, 41.87
KIRIINDUS, EQ, 09-Mar-2020,350.35,340.25,343.75,320.0, 320.20,321.2,324.62,138023,448.05,3098, 74048, 53.65
KIRLFER, EQ, 09-Mar-2020,66.45,65.75,65.75,60.6, 62.00,62.25,62.43,35549,22.19,1240, 25911, 72.89
KIRLOSBROS, EQ, 09-Mar-2020,142.8,139.25,139.25,127.05, 131.50,130.85,131.61,26665,35.09,1353, 17095, 64.11
KIRLOSENG, EQ, 09-Mar-2020,123.1,117.1,122.8,112.1, 116.45,116.45,115.5,32643,37.7,1158, 22256, 68.18
KIRLOSIND, EQ, 09-Mar-2020,598.85,598.85,600.0,542.8, 563.60,568.2,573.48,863,4.95,277, 501, 58.05
KITEX, EQ, 09-Mar-2020,123.55,120.25,120.25,107.0, 109.00,110.8,112.12,304206,341.06,3882, 161802, 53.19
KKCL, EQ, 09-Mar-2020,930.6,905.05,940.05,885.0, 885.00,899.15,902.37,652,5.88,261, 448, 68.71
KMSUGAR, EQ, 09-Mar-2020,6.55,6.55,6.55,6.0, 6.30,6.05,6.11,125386,7.67,234, 89571, 71.44
KNRCON, EQ, 09-Mar-2020,261.95,256.0,257.45,245.0, 257.40,253.5,253.24,199897,506.22,3299, 150933, 75.51
KOHINOOR, BZ, 09-Mar-2020,5.9,5.9,6.1,5.65, 5.65,5.65,5.73,7501,0.43,40, -, -
KOKUYOCMLN, EQ, 09-Mar-2020,64.55,62.5,64.4,60.5, 61.05,61.5,61.61,21040,12.96,638, 12459, 59.22
KOLTEPATIL, EQ, 09-Mar-2020,220.0,209.2,215.85,205.0, 215.85,212.15,209.92,50242,105.47,1807, 32783, 65.25
KOPRAN, EQ, 09-Mar-2020,24.95,24.0,24.15,21.5, 21.50,21.8,22.34,157369,35.16,1184, 110386, 70.14
KOTAKBANK, EQ, 09-Mar-2020,1631.05,1595.0,1609.95,1542.6, 1586.70,1578.15,1572.99,5535703,87076.09,155125, 2766563, 49.98
KOTAKBKETF, EQ, 09-Mar-2020,286.35,284.6,284.6,268.87, 274.10,273.89,272.83,373607,1019.3,2656, 186069, 49.80
KOTAKGOLD, EQ, 09-Mar-2020,390.95,391.5,396.9,383.25, 385.30,386.55,387.6,143833,557.49,1761, 103489, 71.95
KOTAKNIFTY, EQ, 09-Mar-2020,114.83,117.1,119.4,108.1, 109.00,109.95,110.04,714827,786.61,3458, 545713, 76.34
KOTAKNV20, EQ, 09-Mar-2020,54.54,57.0,57.0,51.51, 52.26,52.57,52.95,24103,12.76,306, 15958, 66.21
KOTAKPSUBK, EQ, 09-Mar-2020,178.1,181.7,185.0,164.7, 169.70,171.98,170.51,10504,17.91,348, 7997, 76.13
KOTARISUG, EQ, 09-Mar-2020,10.45,10.1,10.25,9.6, 9.90,10.05,9.88,24946,2.46,174, 19755, 79.19
KOTHARIPET, EQ, 09-Mar-2020,14.0,14.0,14.5,13.0, 13.70,13.4,13.28,7247,0.96,76, 5617, 77.51
KOTHARIPRO, EQ, 09-Mar-2020,48.0,48.0,48.0,43.05, 44.50,44.25,44.77,18099,8.1,337, 15725, 86.88
KPITTECH, EQ, 09-Mar-2020,78.55,75.05,79.7,72.3, 75.90,76.0,76.25,220593,168.2,13349, 128412, 58.21
KPRMILL, EQ, 09-Mar-2020,590.6,610.85,610.85,555.55, 580.00,578.35,567.81,13306,75.55,1230, 8735, 65.65
KRBL, EQ, 09-Mar-2020,267.5,261.0,261.9,238.0, 238.00,241.05,248.88,235788,586.82,5246, 155387, 65.90
KREBSBIO, EQ, 09-Mar-2020,88.95,88.95,91.95,83.3, 83.80,85.35,87.26,2305,2.01,35, 1777, 77.09
KRIDHANINF, EQ, 09-Mar-2020,1.75,1.75,1.8,1.7, 1.70,1.7,1.77,128699,2.27,222, 107288, 83.36
KRISHANA, BE, 09-Mar-2020,50.7,51.0,51.0,51.0, 51.00,51.0,51.0,950,0.48,5, -, -
KSB, EQ, 09-Mar-2020,644.45,641.5,641.5,612.1, 621.40,614.75,625.18,10245,64.05,898, 6221, 60.72
KSCL, EQ, 09-Mar-2020,416.7,414.9,414.9,403.05, 409.40,408.2,406.22,87077,353.72,3371, 63162, 72.54
KSERASERA, EQ, 09-Mar-2020,0.1,0.05,0.1,0.05, 0.10,0.05,0.07,703661,0.52,138, 536732, 76.28
KSK, EQ, 09-Mar-2020,0.3,0.3,0.35,0.25, 0.35,0.35,0.31,727469,2.26,274, 504345, 69.33
KSL, EQ, 09-Mar-2020,196.4,196.0,196.0,178.0, 182.45,181.7,184.12,45838,84.4,2050, 30510, 66.56
KTKBANK, EQ, 09-Mar-2020,66.5,63.7,64.8,61.0, 61.40,61.75,62.51,1348095,842.75,8021, 782237, 58.03
KUANTUM, EQ, 09-Mar-2020,436.7,435.0,435.05,421.0, 421.00,429.05,431.74,3811,16.45,106, 945, 24.80
KWALITY, EQ, 09-Mar-2020,1.5,1.5,1.55,1.45, 1.55,1.55,1.47,766678,11.27,505, 646916, 84.38
L&TFH, EQ, 09-Mar-2020,100.85,95.8,98.2,93.4, 94.20,94.45,95.69,11747390,11240.98,44119, 3575321, 30.44
L&TFINANCE, N8, 09-Mar-2020,1022.0,1024.0,1024.0,1024.0, 1024.00,1024.0,1024.0,20,0.2,2, 10, 50.00
L&TFINANCE, NC, 09-Mar-2020,985.05,1015.0,1038.98,1011.0, 1038.98,1037.43,1035.8,137,1.42,3, 137, 100.00
L&TFINANCE, NI, 09-Mar-2020,1034.69,1035.0,1035.0,1035.0, 1035.00,1035.0,1035.0,70,0.72,2, 70, 100.00
L&TFINANCE, NK, 09-Mar-2020,1090.0,1070.0,1070.0,1067.01, 1070.00,1070.0,1069.04,93,0.99,5, 93, 100.00
L&TFINANCE, NO, 09-Mar-2020,1075.0,1080.0,1082.01,1080.0, 1080.07,1080.07,1080.68,119,1.29,8, 78, 65.55
L&TFINANCE, NU, 09-Mar-2020,1100.0,1091.0,1091.0,1091.0, 1091.00,1091.0,1091.0,22,0.24,2, 22, 100.00
L&TFINANCE, NW, 09-Mar-2020,1002.4,1003.1,1003.2,1003.1, 1003.20,1003.2,1003.14,307,3.08,31, 267, 86.97
L&TFINANCE, NY, 09-Mar-2020,1012.0,1012.0,1012.0,1000.0, 1000.00,1000.0,1006.08,155,1.56,8, 155, 100.00
L&TFINANCE, Y1, 09-Mar-2020,1001.9,1002.0,1002.0,995.0, 995.00,995.0,1001.51,269,2.69,2, 269, 100.00
L&TFINANCE, Y3, 09-Mar-2020,1004.0,1000.0,1000.0,1000.0, 1000.00,1000.0,1000.0,50,0.5,3, 50, 100.00
L&TFINANCE, Y7, 09-Mar-2020,1011.05,1001.0,1010.0,1001.0, 1010.00,1010.0,1008.84,434,4.38,6, 434, 100.00
L&TFINANCE, Y9, 09-Mar-2020,1020.0,1028.0,1028.0,1028.0, 1028.00,1028.0,1028.0,70,0.72,2, 70, 100.00
L&TINFRA, N1, 09-Mar-2020,1008.0,1000.01,1005.0,1000.01, 1000.50,1000.5,1000.75,108,1.08,6, 98, 90.74
L&TINFRA, N2, 09-Mar-2020,1952.25,1950.0,1957.0,1950.0, 1957.00,1957.0,1955.46,156,3.05,11, 111, 71.15
L&TINFRA, N3, 09-Mar-2020,1000.05,1000.01,1000.5,1000.0, 1000.10,1000.1,1000.18,195,1.95,9, 135, 69.23
L&TINFRA, N4, 09-Mar-2020,1909.31,1909.0,1914.9,1890.0, 1910.00,1910.0,1905.49,410,7.81,23, 405, 98.78
L&TINFRA, N5, 09-Mar-2020,987.0,988.1,988.1,988.0, 988.00,988.0,988.07,230,2.27,10, 230, 100.00
L&TINFRA, N6, 09-Mar-2020,2000.0,2000.0,2000.1,2000.0, 2000.10,2000.1,2000.02,265,5.3,17, 265, 100.00
LAGNAM, SM, 09-Mar-2020,10.8,10.3,10.3,10.3, 10.30,10.3,10.3,3000,0.31,1, 3000, 100.00
LAKPRE, BZ, 09-Mar-2020,1.55,1.55,1.55,1.5, 1.50,1.5,1.51,140,0.0,2, -, -
LAKSHVILAS, EQ, 09-Mar-2020,14.3,13.6,15.0,13.6, 15.00,13.95,13.83,811281,112.23,1462, 706653, 87.10
LALPATHLAB, EQ, 09-Mar-2020,1688.45,1670.0,1684.0,1560.0, 1620.00,1631.0,1613.46,191280,3086.22,25955, 83900, 43.86
LAMBODHARA, EQ, 09-Mar-2020,26.95,27.45,27.45,24.5, 24.60,24.65,25.17,6185,1.56,165, 4452, 71.98
LAOPALA, EQ, 09-Mar-2020,200.35,198.95,205.0,183.15, 204.00,202.1,189.87,207256,393.52,6410, 158339, 76.40
LASA, BE, 09-Mar-2020,41.8,39.75,39.75,39.75, 39.75,39.75,39.75,7404,2.94,33, -, -
LAURUSLABS, EQ, 09-Mar-2020,418.9,418.9,419.95,391.0, 401.00,401.5,403.17,141534,570.63,3825, 97990, 69.23
LAXMIMACH, EQ, 09-Mar-2020,3191.8,3185.0,3185.0,2930.1, 2988.00,2987.8,3015.43,8720,262.95,2060, 5198, 59.61
LEEL, BZ, 09-Mar-2020,2.6,2.5,2.7,2.5, 2.50,2.5,2.5,65963,1.65,52, -, -
LEMONTREE, EQ, 09-Mar-2020,48.05,46.8,48.0,45.25, 45.60,45.6,45.93,311400,143.02,6532, 185317, 59.51
LEXUS, SM, 09-Mar-2020,7.3,7.1,7.1,6.95, 6.95,6.95,6.98,5000,0.35,4, 3000, 60.00
LFIC, EQ, 09-Mar-2020,50.0,47.25,47.5,41.25, 45.00,45.0,46.64,1407,0.66,35, 873, 62.05
LGBBROSLTD, EQ, 09-Mar-2020,239.15,237.0,237.0,215.0, 216.05,217.15,222.34,21492,47.78,1363, 14183, 65.99
LGBFORGE, EQ, 09-Mar-2020,2.1,2.0,2.2,2.0, 2.10,2.15,2.08,6689,0.14,30, 6219, 92.97
LIBERTSHOE, EQ, 09-Mar-2020,101.85,98.0,99.0,92.0, 92.80,93.75,95.45,69514,66.35,1502, 40277, 57.94
LICHSGFIN, EQ, 09-Mar-2020,302.3,288.0,293.7,281.5, 284.40,284.4,287.33,3326536,9558.3,43637, 831016, 24.98
LICNETFGSC, EQ, 09-Mar-2020,20.86,21.69,21.69,19.5, 20.50,20.53,20.69,5386,1.11,84, 4269, 79.26
LICNETFN50, EQ, 09-Mar-2020,114.55,117.0,121.0,108.35, 109.56,110.64,111.08,4823,5.36,55, 4777, 99.05
LICNFNHGP, EQ, 09-Mar-2020,115.98,114.7,114.7,109.1, 109.10,109.1,110.98,54,0.06,20, 35, 64.81
LINCOLN, EQ, 09-Mar-2020,152.2,150.0,151.0,138.0, 143.90,142.4,142.51,69613,99.21,1683, 45421, 65.25
LINCPEN, EQ, 09-Mar-2020,183.6,176.1,183.0,176.0, 183.00,179.05,179.03,2494,4.47,91, 1592, 63.83
LINDEINDIA, EQ, 09-Mar-2020,600.55,595.0,595.0,561.55, 568.00,565.75,575.34,46392,266.91,2010, 29999, 64.66
LIQUIDBEES, EQ, 09-Mar-2020,1000.0,999.99,1000.01,999.75, 999.99,999.99,999.99,939915,9399.1,6756, 896542, 95.39
LIQUIDETF, EQ, 09-Mar-2020,1000.0,999.99,1000.01,999.99, 1000.01,1000.0,1000.0,13073,130.73,102, 12257, 93.76
LOKESHMACH, EQ, 09-Mar-2020,22.75,22.0,22.0,19.35, 20.55,20.7,20.71,24727,5.12,196, 20140, 81.45
LOTUSEYE, EQ, 09-Mar-2020,26.5,26.0,27.0,24.05, 24.55,25.45,25.01,12574,3.14,96, 8085, 64.30
LOVABLE, EQ, 09-Mar-2020,55.85,55.55,56.2,52.75, 55.00,54.1,54.34,15445,8.39,483, 9850, 63.77
LPDC, EQ, 09-Mar-2020,0.85,0.8,0.8,0.8, 0.80,0.8,0.8,11000,0.09,9, 11000, 100.00
LSIL, EQ, 09-Mar-2020,0.4,0.4,0.4,0.35, 0.40,0.4,0.37,416834,1.55,192, 413859, 99.29
LT, EQ, 09-Mar-2020,1158.9,1135.8,1135.8,1067.3, 1101.00,1101.95,1094.26,8038432,87961.47,244516, 4877266, 60.67
LTI, EQ, 09-Mar-2020,1897.5,1885.0,1890.0,1850.15, 1875.00,1870.85,1872.61,164511,3080.64,16617, 132051, 80.27
LTTS, EQ, 09-Mar-2020,1651.3,1620.0,1633.65,1520.0, 1530.00,1528.75,1559.75,135360,2111.28,16333, 86052, 63.57
LUMAXIND, EQ, 09-Mar-2020,1210.4,1190.0,1207.0,1121.0, 1123.00,1130.6,1148.94,6028,69.26,906, 4535, 75.23
LUMAXTECH, EQ, 09-Mar-2020,90.1,89.05,89.05,86.05, 86.60,87.6,86.81,22572,19.6,352, 14951, 66.24
LUPIN, EQ, 09-Mar-2020,663.5,645.0,664.55,643.5, 651.00,651.15,652.69,1461377,9538.25,35434, 671377, 45.94
LUXIND, EQ, 09-Mar-2020,1397.25,1360.25,1425.0,1310.0, 1352.15,1389.45,1343.49,60746,816.11,7933, 27448, 45.18
LYKALABS, EQ, 09-Mar-2020,16.65,16.0,17.0,16.0, 16.20,16.2,16.39,28207,4.62,150, 24432, 86.62
LYPSAGEMS, EQ, 09-Mar-2020,3.8,3.8,3.8,3.65, 3.70,3.65,3.8,1910,0.07,17, 1910, 100.00
M&M, EQ, 09-Mar-2020,471.0,453.55,465.7,441.0, 465.00,463.2,457.17,4540695,20758.51,94537, 1856405, 40.88
M&MFIN, EQ, 09-Mar-2020,336.25,325.1,332.8,318.55, 324.00,322.8,325.06,1880208,6111.8,31539, 673181, 35.80
M&MFIN, N2, 09-Mar-2020,1077.02,1076.6,1076.6,1076.57, 1076.57,1076.58,1076.58,136,1.46,3, 136, 100.00
M100, EQ, 09-Mar-2020,17.27,17.2,17.2,16.25, 16.65,16.56,16.59,376541,62.47,1121, 262719, 69.77
M14RG, MF, 09-Mar-2020,6.05,5.68,5.68,5.68, 5.68,5.68,5.68,5000,0.28,3, 5000, 100.00
M17RD, MF, 09-Mar-2020,6.11,5.5,5.5,5.5, 5.50,5.5,5.5,20000,1.1,4, 20000, 100.00
M17RG, MF, 09-Mar-2020,5.08,5.05,5.58,5.05, 5.58,5.58,5.18,21099,1.09,8, 21099, 100.00
M50, EQ, 09-Mar-2020,108.58,110.8,110.8,100.72, 104.00,103.34,103.18,5024,5.18,135, 4650, 92.56
MAANALU, EQ, 09-Mar-2020,51.5,49.0,50.9,46.7, 47.50,47.2,47.61,9731,4.63,217, 7064, 72.59
MADHAV, EQ, 09-Mar-2020,31.0,29.2,29.65,27.9, 27.90,28.05,28.07,10761,3.02,103, 8107, 75.34
MADHUCON, EQ, 09-Mar-2020,2.6,2.5,2.55,2.5, 2.55,2.5,2.51,7511,0.19,142, 7503, 99.89
MADRASFERT, EQ, 09-Mar-2020,12.95,12.9,12.9,11.75, 11.80,11.85,12.17,62676,7.63,415, 48358, 77.16
MAGADSUGAR, EQ, 09-Mar-2020,124.55,124.5,124.55,99.65, 108.00,105.9,107.14,124980,133.91,2836, 54540, 43.64
MAGMA, EQ, 09-Mar-2020,38.65,38.0,38.0,35.15, 35.50,35.65,36.14,158639,57.34,10367, 117031, 73.77
MAGMA, N3, 09-Mar-2020,1000.0,1000.0,1000.0,1000.0, 1000.00,1000.0,1000.0,211,2.11,5, 211, 100.00
MAGNUM, EQ, 09-Mar-2020,2.9,2.95,3.0,2.9, 3.00,3.0,3.0,18191,0.55,18, 18191, 100.00
MAHABANK, EQ, 09-Mar-2020,10.25,10.3,10.4,9.8, 10.40,10.1,10.03,419511,42.09,1350, 276533, 65.92
MAHAPEXLTD, BE, 09-Mar-2020,85.5,81.25,81.25,81.25, 81.25,81.25,81.25,100,0.08,1, -, -
MAHASTEEL, BE, 09-Mar-2020,84.2,84.0,84.0,80.0, 80.00,80.0,80.32,314,0.25,9, -, -
MAHEPC, EQ, 09-Mar-2020,106.7,103.1,105.8,88.8, 90.90,90.95,93.72,147573,138.3,2353, 105836, 71.72
MAHESHWARI, EQ, 09-Mar-2020,239.25,243.0,243.0,212.55, 228.00,227.95,234.68,33029,77.51,336, 23766, 71.95
MAHINDCIE, EQ, 09-Mar-2020,125.15,120.25,123.95,118.1, 120.00,120.85,120.09,922936,1108.31,2222, 875059, 94.81
MAHLIFE, EQ, 09-Mar-2020,329.5,326.0,333.0,315.0, 325.00,325.05,323.39,41213,133.28,2562, 30456, 73.90
MAHLOG, EQ, 09-Mar-2020,337.6,334.0,344.0,322.8, 325.00,331.3,333.09,101734,338.87,12774, 75294, 74.01
MAHSCOOTER, EQ, 09-Mar-2020,4044.1,4096.65,4096.7,3753.65, 3840.00,3820.05,3855.57,4761,183.56,1512, 2903, 60.97
MAHSEAMLES, EQ, 09-Mar-2020,305.55,296.05,302.15,282.1, 286.00,286.4,290.8,22363,65.03,1032, 15597, 69.74
MAITHANALL, EQ, 09-Mar-2020,479.35,479.35,480.5,432.05, 450.00,444.2,449.72,70524,317.16,2795, 54639, 77.48
MAJESCO, EQ, 09-Mar-2020,385.4,384.0,385.0,360.0, 367.00,374.1,374.62,53766,201.42,3310, 32976, 61.33
MALUPAPER, EQ, 09-Mar-2020,28.05,26.3,27.45,24.15, 24.15,24.55,25.89,34954,9.05,786, 23623, 67.58
MAN50ETF, EQ, 09-Mar-2020,111.69,112.0,112.0,105.25, 106.50,106.67,106.85,51799,55.35,543, 22692, 43.81
MANAKALUCO, EQ, 09-Mar-2020,3.55,3.55,3.55,3.25, 3.35,3.35,3.27,9661,0.32,80, 7030, 72.77
MANAKCOAT, EQ, 09-Mar-2020,3.4,3.2,3.45,3.1, 3.40,3.4,3.27,55669,1.82,40, 48506, 87.13
MANAKSIA, BE, 09-Mar-2020,38.7,36.8,36.8,36.8, 36.80,36.8,36.8,3272,1.2,39, -, -
MANAKSTEEL, EQ, 09-Mar-2020,8.7,8.35,8.75,8.3, 8.30,8.3,8.36,4967,0.42,39, 4156, 83.67
MANALIPETC, EQ, 09-Mar-2020,14.95,14.95,14.95,13.8, 14.00,14.1,14.02,257331,36.08,1038, 146777, 57.04
MANAPPURAM, EQ, 09-Mar-2020,151.2,148.9,148.9,140.15, 142.20,142.5,142.78,8829210,12606.67,61981, 3961010, 44.86
MANGALAM, EQ, 09-Mar-2020,26.1,26.45,26.45,24.8, 25.50,25.1,24.92,8113,2.02,80, 7204, 88.80
MANGCHEFER, EQ, 09-Mar-2020,28.5,27.2,27.6,24.35, 25.20,25.4,26.18,82276,21.54,768, 60859, 73.97
MANGLMCEM, EQ, 09-Mar-2020,232.45,226.0,244.9,219.65, 240.00,235.15,228.88,12345,28.25,562, 7675, 62.17
MANINDS, EQ, 09-Mar-2020,50.45,49.5,51.7,44.2, 45.60,45.3,46.79,146241,68.42,1126, 115499, 78.98
MANINFRA, EQ, 09-Mar-2020,25.0,24.0,24.15,21.5, 22.25,22.45,23.0,114767,26.4,1053, 84643, 73.75
MANPASAND, BZ, 09-Mar-2020,7.6,7.25,7.25,7.25, 7.25,7.25,7.25,7504,0.54,41, -, -
MANUGRAPH, EQ, 09-Mar-2020,9.95,9.8,10.05,9.5, 9.50,9.5,9.56,10890,1.04,39, 10770, 98.90
MANXT50, EQ, 09-Mar-2020,263.49,260.7,282.0,251.0, 251.50,252.9,254.57,9785,24.91,970, 7051, 72.06
MARALOVER, EQ, 09-Mar-2020,13.5,14.85,14.85,12.2, 12.70,12.7,12.74,2527,0.32,32, 1931, 76.41
MARATHON, EQ, 09-Mar-2020,76.05,75.5,75.5,68.55, 73.00,72.95,71.62,13386,9.59,469, 6414, 47.92
MARICO, EQ, 09-Mar-2020,282.55,281.9,281.9,262.25, 267.60,266.05,269.5,4922160,13265.23,96949, 2837721, 57.65
MARINE, SM, 09-Mar-2020,99.0,98.0,98.0,95.0, 95.00,95.0,96.92,12000,11.63,6, 6000, 50.00
MARKSANS, EQ, 09-Mar-2020,16.2,15.5,15.75,13.95, 14.55,14.55,14.77,1364885,201.59,3952, 881727, 64.60
MARSHALL, SM, 09-Mar-2020,15.0,14.0,14.0,13.6, 13.60,13.6,13.8,6000,0.83,2, 6000, 100.00
MARUTI, EQ, 09-Mar-2020,6445.95,6301.0,6374.0,6079.4, 6225.00,6201.1,6240.68,1082031,67526.12,113127, 379095, 35.04
MASFIN, EQ, 09-Mar-2020,1079.0,1060.0,1107.0,1009.8, 1082.00,1056.55,1044.59,40852,426.73,4482, 20380, 49.89
MASKINVEST, BE, 09-Mar-2020,17.35,16.5,16.5,16.5, 16.50,16.5,16.5,450,0.07,1, -, -
MASTEK, EQ, 09-Mar-2020,390.05,394.0,394.0,359.0, 388.10,384.35,370.18,55502,205.46,2313, 36085, 65.02
MATRIMONY, EQ, 09-Mar-2020,409.25,413.95,414.0,376.0, 380.20,384.7,388.19,4901,19.03,679, 1647, 33.61
MAWANASUG, EQ, 09-Mar-2020,34.0,33.7,33.7,28.6, 28.70,29.0,29.94,245111,73.39,1647, 150060, 61.22
MAXINDIA, EQ, 09-Mar-2020,86.45,82.0,88.0,82.0, 82.85,84.6,85.6,515257,441.05,6552, 454309, 88.17
MAXVIL, EQ, 09-Mar-2020,43.95,41.0,42.15,39.5, 40.60,40.5,40.44,128629,52.02,1206, 87468, 68.00
MAYURUNIQ, EQ, 09-Mar-2020,224.8,225.0,226.05,208.0, 221.00,215.25,215.82,89800,193.81,3024, 61247, 68.20
MAZDA, EQ, 09-Mar-2020,390.1,394.5,394.5,379.0, 381.00,380.9,386.29,7127,27.53,325, 1810, 25.40
MBAPL, BE, 09-Mar-2020,72.55,69.0,69.0,68.95, 68.95,68.95,68.96,1000,0.69,3, -, -
MBECL, BE, 09-Mar-2020,2.65,2.55,2.6,2.55, 2.55,2.55,2.55,6531,0.17,16, -, -
MBLINFRA, EQ, 09-Mar-2020,3.05,3.2,3.2,3.2, 3.20,3.2,3.2,37391,1.2,27, 37391, 100.00
MCDHOLDING, EQ, 09-Mar-2020,14.95,14.25,15.2,14.25, 14.25,14.25,14.35,14816,2.13,84, 11928, 80.51
MCDOWELL-N, EQ, 09-Mar-2020,645.1,638.0,640.35,612.5, 619.65,619.85,624.98,1337135,8356.79,26598, 450509, 33.69
MCL, SM, 09-Mar-2020,78.5,74.0,94.2,73.5, 87.00,87.0,82.84,46800,38.77,36, 28800, 61.54
MCLEODRUSS, EQ, 09-Mar-2020,2.7,2.65,2.8,2.6, 2.80,2.8,2.72,1235062,33.65,467, 956628, 77.46
MCX, EQ, 09-Mar-2020,1301.85,1257.05,1285.0,1215.0, 1220.00,1223.15,1252.29,417895,5233.24,21116, 236853, 56.68
MDL, SM, 09-Mar-2020,26.75,28.0,28.0,28.0, 28.00,28.0,28.0,4000,1.12,2, 4000, 100.00
MEGASOFT, EQ, 09-Mar-2020,7.05,6.85,7.2,6.6, 7.00,6.95,6.88,49864,3.43,99, 43495, 87.23
MEGH, EQ, 09-Mar-2020,50.3,49.6,49.8,47.1, 48.50,48.75,48.22,718163,346.29,4583, 464014, 64.61
MELSTAR, BZ, 09-Mar-2020,4.4,4.2,4.2,4.2, 4.20,4.2,4.2,6370,0.27,18, -, -
MENONBE, EQ, 09-Mar-2020,47.1,48.9,49.65,42.9, 43.10,43.5,44.67,13523,6.04,310, 10711, 79.21
MEP, EQ, 09-Mar-2020,34.0,33.05,33.05,31.3, 31.50,31.7,32.03,82636,26.47,1097, 49605, 60.03
MERCATOR, EQ, 09-Mar-2020,0.65,0.65,0.7,0.6, 0.70,0.7,0.67,1748389,11.66,399, 1205492, 68.95
METALFORGE, EQ, 09-Mar-2020,4.5,4.3,4.6,4.3, 4.30,4.35,4.35,29695,1.29,97, 18230, 61.39
METKORE, BZ, 09-Mar-2020,0.2,0.2,0.25,0.15, 0.25,0.25,0.17,10551,0.02,9, -, -
METROPOLIS, EQ, 09-Mar-2020,1762.55,1735.0,1749.0,1630.6, 1684.05,1704.05,1667.2,159412,2657.71,18296, 100628, 63.12
MFSL, EQ, 09-Mar-2020,520.8,480.0,507.5,475.25, 496.65,500.2,493.36,5239734,25850.96,83595, 1042803, 19.90
MGEL, SM, 09-Mar-2020,54.2,54.15,54.2,54.15, 54.20,54.2,54.18,6000,3.25,3, 6000, 100.00
MGL, EQ, 09-Mar-2020,999.0,980.0,985.0,946.0, 958.20,963.1,964.62,440639,4250.49,16531, 120783, 27.41
MHHL, SM, 09-Mar-2020,15.75,15.0,15.0,15.0, 15.00,15.0,15.0,3000,0.45,1, 3000, 100.00
MHRIL, EQ, 09-Mar-2020,216.4,214.95,215.4,197.05, 206.00,207.65,206.23,61189,126.19,1986, 36279, 59.29
MIC, EQ, 09-Mar-2020,0.5,0.5,0.55,0.45, 0.45,0.5,0.48,177049,0.85,90, 128119, 72.36
MIDHANI, EQ, 09-Mar-2020,233.3,228.0,228.0,211.45, 218.00,219.95,220.1,1630060,3587.78,29887, 447851, 27.47
MINDACORP, EQ, 09-Mar-2020,99.25,99.05,99.05,93.8, 95.00,94.8,94.5,180843,170.9,2079, 126519, 69.96
MINDAIND, EQ, 09-Mar-2020,347.95,344.95,344.95,334.0, 335.00,338.05,338.54,137633,465.94,3804, 87685, 63.71
MINDPOOL, SM, 09-Mar-2020,15.0,14.0,14.0,14.0, 14.00,14.0,14.0,4000,0.56,1, 4000, 100.00
MINDTECK, EQ, 09-Mar-2020,17.55,17.5,17.55,16.1, 16.60,16.25,16.68,5082,0.85,202, 3607, 70.98
MINDTREE, EQ, 09-Mar-2020,977.6,950.1,954.45,874.85, 904.00,905.15,903.67,1756008,15868.6,37887, 370361, 21.09
MIRCELECTR, EQ, 09-Mar-2020,7.65,7.3,7.6,7.3, 7.30,7.3,7.3,38016,2.78,102, 32516, 85.53
MIRZAINT, EQ, 09-Mar-2020,51.25,48.05,49.7,46.0, 46.00,46.45,47.42,249205,118.18,2080, 157628, 63.25
MITTAL, SM, 09-Mar-2020,123.05,116.9,116.9,116.9, 116.90,116.9,116.9,1250,1.46,1, 1250, 100.00
MKPL, SM, 09-Mar-2020,80.1,79.25,80.5,79.25, 80.50,79.8,79.81,20000,15.96,10, 20000, 100.00
MMFL, EQ, 09-Mar-2020,372.05,386.0,386.0,311.2, 314.05,320.55,348.08,6011,20.92,456, 3866, 64.32
MMP, EQ, 09-Mar-2020,89.3,89.1,93.0,86.0, 90.00,90.0,88.47,350,0.31,21, 349, 99.71
MMTC, EQ, 09-Mar-2020,15.5,14.6,15.0,14.15, 14.35,14.35,14.6,899144,131.32,2756, 560827, 62.37
MODIRUBBER, BE, 09-Mar-2020,23.2,24.35,24.35,24.35, 24.35,24.35,24.35,61,0.01,3, -, -
MOHOTAIND, EQ, 09-Mar-2020,7.45,7.45,7.45,7.45, 7.45,7.45,7.45,1,0.0,1, 1, 100.00
MOIL, EQ, 09-Mar-2020,119.75,119.3,119.4,108.25, 116.00,116.5,114.44,372180,425.94,10009, 255974, 68.78
MOKSH, SM, 09-Mar-2020,31.0,31.0,31.0,31.0, 31.00,31.0,31.0,3000,0.93,1, 3000, 100.00
MOLDTECH, EQ, 09-Mar-2020,40.5,40.45,41.75,38.55, 40.75,40.7,39.68,7541,2.99,116, 4251, 56.37
MOLDTKPAC, EQ, 09-Mar-2020,230.3,234.7,234.7,222.35, 223.00,223.65,224.43,41465,93.06,1681, 28909, 69.72
MONTECARLO, EQ, 09-Mar-2020,190.5,190.5,190.5,167.6, 184.60,183.6,179.16,18963,33.97,924, 14025, 73.96
MORARJEE, EQ, 09-Mar-2020,10.55,10.1,11.0,10.05, 11.00,10.95,10.59,5392,0.57,30, 5251, 97.39
MOREPENLAB, EQ, 09-Mar-2020,9.6,9.7,9.7,8.75, 9.00,9.05,9.03,1142639,103.18,1854, 749158, 65.56
MOTHERSUMI, EQ, 09-Mar-2020,97.6,94.9,97.05,90.3, 90.70,91.4,93.5,11791893,11024.94,58244, 4308808, 36.54
MOTILALOFS, EQ, 09-Mar-2020,750.75,745.0,745.0,699.25, 730.00,722.5,720.59,83062,598.54,4371, 47645, 57.36
MOTOGENFIN, EQ, 09-Mar-2020,29.75,30.65,35.0,27.15, 29.25,29.25,30.72,4569,1.4,77, 2400, 52.53
MPHASIS, EQ, 09-Mar-2020,821.4,815.05,818.8,786.8, 800.00,793.1,795.76,124246,988.7,12405, 87456, 70.39
MPSLTD, EQ, 09-Mar-2020,299.9,315.0,315.0,280.0, 288.00,287.8,285.92,6615,18.91,669, 5038, 76.16
MRF, EQ, 09-Mar-2020,66348.15,65800.0,65800.0,63052.45, 64050.35,64261.85,64383.43,9596,6178.23,6054, 2166, 22.57
MRPL, EQ, 09-Mar-2020,37.0,36.55,38.55,36.55, 37.00,37.15,37.4,433949,162.29,3564, 174047, 40.11
MSPL, EQ, 09-Mar-2020,4.45,4.45,4.5,4.25, 4.45,4.45,4.28,4137,0.18,14, 4036, 97.56
MSTCLTD, EQ, 09-Mar-2020,137.45,130.6,130.6,130.6, 130.60,130.6,130.6,9578,12.51,132, 9578, 100.00
MTEDUCARE, EQ, 09-Mar-2020,9.4,9.0,9.35,8.95, 8.95,8.95,9.02,36086,3.26,116, 35761, 99.10
MTNL, EQ, 09-Mar-2020,7.0,6.75,6.85,6.65, 6.65,6.65,6.67,830114,55.36,1219, 548390, 66.06
MUKANDENGG, EQ, 09-Mar-2020,9.1,8.2,9.95,8.2, 8.30,8.3,8.38,5153,0.43,124, 3628, 70.41
MUKANDLTD, EQ, 09-Mar-2020,23.25,23.55,24.35,19.85, 20.50,20.4,20.77,80255,16.67,351, 65920, 82.14
MUKANDLTD, P1, 09-Mar-2020,4.45,4.45,4.45,4.45, 4.45,4.45,4.45,4,0.0,1, 4, 100.00
MUKTAARTS, EQ, 09-Mar-2020,27.3,27.05,27.05,23.4, 24.40,24.5,24.33,26964,6.56,259, 13279, 49.25
MUNJALAU, EQ, 09-Mar-2020,33.15,32.7,32.7,30.5, 30.90,30.75,30.91,84524,26.12,1186, 50239, 59.44
MUNJALSHOW, EQ, 09-Mar-2020,94.85,93.0,93.15,87.9, 88.05,88.2,89.54,51023,45.69,638, 43780, 85.80
MURUDCERA, EQ, 09-Mar-2020,13.5,13.55,13.55,11.25, 12.20,12.05,11.92,85043,10.14,606, 51714, 60.81
MUTHOOTCAP, EQ, 09-Mar-2020,498.7,504.95,504.95,412.2, 445.05,446.0,450.9,28305,127.63,1281, 18413, 65.05
MUTHOOTFIN, EQ, 09-Mar-2020,869.65,862.0,863.75,818.3, 829.85,830.3,832.04,2006855,16697.81,63368, 644265, 32.10
MVL, BZ, 09-Mar-2020,0.05,0.05,0.05,0.05, 0.05,0.05,0.05,272340,0.14,29, -, -
N100, EQ, 09-Mar-2020,629.19,625.0,625.0,600.0, 610.00,607.4,610.26,50030,305.31,2101, 41505, 82.96
NABARD, N2, 09-Mar-2020,1162.0,1176.97,1176.97,1150.0, 1171.90,1169.46,1160.42,7874,91.37,163, 5563, 70.65
NACLIND, EQ, 09-Mar-2020,29.85,29.05,29.8,28.45, 29.10,29.2,29.1,57480,16.72,570, 47889, 83.31
NAGAFERT, EQ, 09-Mar-2020,3.8,3.65,3.8,3.65, 3.65,3.65,3.66,92016,3.37,162, 91905, 99.88
NAGREEKCAP, EQ, 09-Mar-2020,6.85,6.2,7.5,6.2, 6.85,6.85,6.96,1758,0.12,16, 1344, 76.45
NAGREEKEXP, EQ, 09-Mar-2020,11.5,10.95,10.95,10.95, 10.95,10.95,10.95,1836,0.2,22, 1836, 100.00
NAHARCAP, EQ, 09-Mar-2020,64.6,61.6,64.9,57.25, 61.60,61.6,61.1,6426,3.93,81, 5294, 82.38
NAHARINDUS, EQ, 09-Mar-2020,22.05,21.35,21.6,20.35, 20.65,20.4,20.58,14618,3.01,238, 11996, 82.06
NAHARPOLY, EQ, 09-Mar-2020,33.7,33.0,34.8,31.0, 32.50,32.75,32.13,12766,4.1,172, 9505, 74.46
NAHARSPING, EQ, 09-Mar-2020,34.5,35.5,35.55,28.25, 32.00,31.1,31.04,27596,8.57,401, 18400, 66.68
NAM-INDIA, EQ, 09-Mar-2020,344.3,317.0,329.0,291.25, 293.00,296.75,309.41,3817244,11810.76,85410, 1442679, 37.79
NANDANI, SM, 09-Mar-2020,9.75,10.2,10.2,9.9, 9.90,9.9,10.05,10000,1.01,2, 10000, 100.00
NARMADA, SM, 09-Mar-2020,14.8,14.1,14.1,14.1, 14.10,14.1,14.1,7200,1.02,1, 7200, 100.00
NATCOPHARM, EQ, 09-Mar-2020,601.7,599.0,607.05,555.0, 556.00,572.0,587.54,225042,1322.22,13450, 144791, 64.34
NATHBIOGEN, EQ, 09-Mar-2020,305.55,299.0,304.5,262.4, 262.55,266.45,276.34,33030,91.28,3724, 14416, 43.65
NATIONALUM, EQ, 09-Mar-2020,33.0,32.3,32.7,30.45, 30.95,30.9,31.35,10041286,3147.85,21825, 4263873, 42.46
NAUKRI, EQ, 09-Mar-2020,2648.3,2575.0,2598.2,2520.0, 2533.00,2530.7,2539.69,243496,6184.05,31190, 148992, 61.19
NAVINFLUOR, EQ, 09-Mar-2020,1471.75,1467.0,1468.0,1376.0, 1400.00,1408.3,1408.82,287655,4052.55,23059, 80989, 28.15
NAVKARCORP, EQ, 09-Mar-2020,24.85,23.6,24.4,22.0, 22.80,22.8,22.96,199549,45.81,1431, 121559, 60.92
NAVNETEDUL, EQ, 09-Mar-2020,80.25,80.85,80.85,77.5, 78.60,79.0,78.58,30650,24.09,667, 20532, 66.99
NBCC, EQ, 09-Mar-2020,24.4,23.8,24.0,20.65, 21.20,21.25,21.98,19371062,4257.63,44433, 7152911, 36.93
NBIFIN, EQ, 09-Mar-2020,1695.5,1680.0,1750.0,1591.85, 1691.95,1691.95,1646.64,146,2.4,25, 126, 86.30
NBVENTURES, EQ, 09-Mar-2020,64.8,63.0,64.75,60.3, 60.50,60.6,61.25,114726,70.27,955, 83561, 72.84
NCC, EQ, 09-Mar-2020,32.9,32.0,32.0,29.7, 30.40,30.4,30.62,26625056,8153.69,38827, 3735192, 14.03
NCLIND, EQ, 09-Mar-2020,72.35,72.35,72.35,67.5, 67.55,68.35,69.04,79319,54.76,1102, 55809, 70.36
NDGL, EQ, 09-Mar-2020,458.7,455.05,549.95,426.55, 500.05,500.25,500.9,693,3.47,126, 243, 35.06
NDL, EQ, 09-Mar-2020,18.95,18.95,19.45,17.65, 17.85,17.8,18.01,42134,7.59,688, 35295, 83.77
NDTV, EQ, 09-Mar-2020,28.9,29.85,29.9,26.4, 28.70,28.25,28.19,24425,6.89,326, 17318, 70.90
NECCLTD, EQ, 09-Mar-2020,4.6,4.55,4.95,3.9, 4.15,4.25,4.37,51927,2.27,177, 29363, 56.55
NECLIFE, EQ, 09-Mar-2020,10.75,10.75,10.75,9.9, 10.20,10.3,10.24,89271,9.14,482, 59942, 67.15
NELCAST, EQ, 09-Mar-2020,33.1,33.3,33.7,30.6, 30.90,31.05,31.33,51990,16.29,783, 29583, 56.90
NELCO, EQ, 09-Mar-2020,213.55,209.0,210.0,197.0, 198.05,200.05,203.59,109431,222.8,2192, 76834, 70.21
NEOGEN, BE, 09-Mar-2020,471.75,468.1,468.1,448.2, 448.20,448.2,451.86,10920,49.34,318, -, -
NESCO, EQ, 09-Mar-2020,648.6,630.5,638.9,594.05, 621.50,627.65,619.09,82584,511.27,5032, 46853, 56.73
NESTLEIND, EQ, 09-Mar-2020,16429.3,16249.3,16350.0,15701.1, 16050.00,16031.35,15989.51,123684,19776.46,36107, 62327, 50.39
NETF, EQ, 09-Mar-2020,111.52,113.0,114.0,103.51, 105.35,105.35,107.88,2201,2.37,34, 2077, 94.37
NETFCONSUM, EQ, 09-Mar-2020,51.62,51.62,51.62,49.86, 50.08,50.15,50.27,5928,2.98,55, 5927, 99.98
NETFDIVOPP, EQ, 09-Mar-2020,28.59,31.7,31.7,26.7, 26.70,26.72,27.14,1412,0.38,23, 1404, 99.43
NETFLTGILT, EQ, 09-Mar-2020,20.98,21.19,21.22,21.13, 21.19,21.14,21.18,39882,8.45,302, 22212, 55.69
NETFMID150, EQ, 09-Mar-2020,61.72,63.95,69.4,58.5, 65.80,64.53,59.93,142578,85.45,770, 91401, 64.11
NETFNIF100, EQ, 09-Mar-2020,114.87,116.0,133.0,111.7, 120.00,127.71,119.63,919,1.1,105, 660, 71.82
NETFNV20, EQ, 09-Mar-2020,54.08,54.0,55.85,51.01, 51.86,52.02,52.35,7621,3.99,127, 7213, 94.65
NETWORK18, EQ, 09-Mar-2020,24.65,23.5,24.25,23.45, 23.45,23.45,23.62,345091,81.5,788, 304377, 88.20
NEULANDLAB, EQ, 09-Mar-2020,384.1,380.35,384.35,370.0, 370.00,377.05,374.5,14246,53.35,675, 10076, 70.73
NEWGEN, EQ, 09-Mar-2020,197.3,191.05,191.05,171.1, 183.00,180.55,180.48,31503,56.86,2567, 21391, 67.90
NEXTMEDIA, EQ, 09-Mar-2020,5.6,5.85,5.85,5.6, 5.65,5.6,5.6,512,0.03,8, 511, 99.80
NFL, EQ, 09-Mar-2020,22.15,22.0,23.4,21.35, 21.70,21.85,21.82,397128,86.67,1720, 199478, 50.23
NH, EQ, 09-Mar-2020,319.95,318.3,318.45,304.0, 314.70,314.9,311.9,550192,1716.05,30963, 406294, 73.85
NHAI, N1, 09-Mar-2020,1081.82,1079.01,1084.75,1079.01, 1081.50,1081.5,1082.85,2252,24.39,29, 1825, 81.04
NHAI, N2, 09-Mar-2020,1211.1,1217.5,1218.0,1200.01, 1202.00,1202.23,1207.43,4583,55.34,27, 4114, 89.77
NHAI, N4, 09-Mar-2020,1129.9,1152.0,1152.0,1100.0, 1115.00,1113.66,1110.95,138,1.53,8, 128, 92.75
NHAI, N5, 09-Mar-2020,1203.3,1215.0,1215.0,1214.0, 1215.00,1215.0,1214.75,40,0.49,3, 20, 50.00
NHAI, N6, 09-Mar-2020,1223.42,1245.0,1245.0,1220.32, 1220.50,1220.82,1224.71,3838,47.0,52, 2238, 58.31
NHAI, N8, 09-Mar-2020,1159.56,1153.2,1153.2,1153.2, 1153.20,1153.2,1153.2,10,0.12,1, 10, 100.00
NHAI, N9, 09-Mar-2020,1214.34,1209.9,1214.9,1209.9, 1214.90,1214.9,1213.23,150,1.82,2, 150, 100.00
NHAI, NA, 09-Mar-2020,1228.76,1223.03,1240.0,1223.03, 1240.00,1232.94,1230.49,3485,42.88,63, 2949, 84.62
NHAI, NE, 09-Mar-2020,1195.5,1199.0,1204.55,1198.0, 1203.90,1204.01,1200.16,1470,17.64,19, 1237, 84.15
NHBTF2014, N1, 09-Mar-2020,5463.25,5850.0,5850.0,5850.0, 5850.00,5850.0,5850.0,3,0.18,2, 3, 100.00
NHBTF2014, N5, 09-Mar-2020,6400.0,6078.0,6200.0,6078.0, 6200.00,6200.0,6110.11,19,1.16,2, 19, 100.00
NHBTF2014, N6, 09-Mar-2020,6705.0,6600.0,6649.0,6600.0, 6649.00,6634.27,6619.56,219,14.5,27, 149, 68.04
NHBTF2023, N3, 09-Mar-2020,6440.0,6440.0,6440.0,6440.0, 6440.00,6440.0,6440.0,470,30.27,2, 470, 100.00
NHBTF2023, N6, 09-Mar-2020,6300.0,6400.0,6400.0,6300.0, 6300.00,6300.0,6350.0,6,0.38,2, 3, 50.00
NHPC, EQ, 09-Mar-2020,21.7,21.5,21.65,19.95, 20.25,20.1,20.29,24589283,4989.83,42246, 16545131, 67.29
NHPC, N6, 09-Mar-2020,1395.0,1372.0,1372.0,1372.0, 1372.00,1372.0,1372.0,1,0.01,1, 1, 100.00
NIACL, EQ, 09-Mar-2020,102.7,101.75,101.95,93.95, 97.30,97.1,97.3,337585,328.48,5026, 116282, 34.45
NIBL, EQ, 09-Mar-2020,6.0,6.3,6.3,6.3, 6.30,6.3,6.3,3337,0.21,10, 3337, 100.00
NIFTYBEES, EQ, 09-Mar-2020,117.18,116.49,116.49,109.74, 112.00,111.62,111.78,8020071,8964.97,29061, 5329929, 66.46
NIFTYEES, EQ, 09-Mar-2020,14410.0,14421.0,14421.0,14421.0, 14421.00,14421.0,14421.0,1,0.14,1, 1, 100.00
NIITLTD, EQ, 09-Mar-2020,89.95,88.05,90.0,85.2, 88.00,87.2,87.86,599666,526.87,4941, 405832, 67.68
NIITTECH, EQ, 09-Mar-2020,1788.05,1765.0,1770.0,1631.65, 1667.00,1660.9,1676.93,422301,7081.7,21279, 88387, 20.93
NILAINFRA, EQ, 09-Mar-2020,3.9,3.75,3.9,3.65, 3.75,3.75,3.72,300550,11.17,345, 218587, 72.73
NILASPACES, EQ, 09-Mar-2020,0.9,0.85,0.9,0.85, 0.85,0.85,0.85,63407,0.54,57, 49347, 77.83
NILKAMAL, EQ, 09-Mar-2020,1358.8,1320.0,1335.0,1301.0, 1325.00,1316.5,1320.89,28727,379.45,2473, 23201, 80.76
NIPPOBATRY, EQ, 09-Mar-2020,494.5,491.05,491.05,465.0, 465.25,471.6,475.78,2263,10.77,232, 1896, 83.78
NITCO, EQ, 09-Mar-2020,18.3,17.2,17.85,16.5, 16.85,16.85,17.06,78917,13.46,606, 47912, 60.71
NITINFIRE, BZ, 09-Mar-2020,0.35,0.35,0.4,0.3, 0.30,0.3,0.35,53567,0.19,37, -, -
NITINSPIN, EQ, 09-Mar-2020,43.4,43.05,43.7,36.8, 39.85,39.8,40.04,88726,35.53,1298, 52717, 59.42
NITIRAJ, SM, 09-Mar-2020,64.45,61.3,65.9,61.3, 65.90,65.9,62.45,6000,3.75,4, 6000, 100.00
NLCINDIA, EQ, 09-Mar-2020,49.5,48.0,48.0,45.9, 47.00,47.0,46.58,2865506,1334.8,41346, 1823846, 63.65
NMDC, EQ, 09-Mar-2020,93.8,88.4,91.15,82.7, 83.00,83.5,85.9,14356801,12332.79,50940, 7326650, 51.03
NOCIL, EQ, 09-Mar-2020,90.55,88.0,89.6,85.75, 87.00,87.25,87.4,1308791,1143.93,9978, 649217, 49.60
NOIDATOLL, EQ, 09-Mar-2020,3.4,3.4,3.45,3.1, 3.25,3.25,3.23,111641,3.61,263, 96082, 86.06
NPBET, EQ, 09-Mar-2020,155.46,156.0,156.0,140.05, 140.05,140.05,149.7,938,1.4,42, 929, 99.04
NRAIL, EQ, 09-Mar-2020,200.15,199.0,205.05,176.0, 181.05,182.05,184.16,32820,60.44,1361, 19640, 59.84
NRBBEARING, EQ, 09-Mar-2020,81.3,80.9,80.9,72.5, 76.50,75.85,76.13,45560,34.69,1195, 28175, 61.84
NSIL, EQ, 09-Mar-2020,745.45,721.0,739.0,702.15, 724.00,724.0,721.28,426,3.07,174, 214, 50.23
NTL, EQ, 09-Mar-2020,0.35,0.35,0.4,0.35, 0.35,0.35,0.4,9994,0.04,20, 9520, 95.26
NTPC, EQ, 09-Mar-2020,105.15,104.0,104.4,99.55, 103.75,102.9,102.24,47383260,48442.38,127274, 23993738, 50.64
NTPC, N1, 09-Mar-2020,1152.0,1170.0,1170.0,1078.1, 1078.10,1098.42,1123.23,208,2.34,18, 20, 9.62
NTPC, N4, 09-Mar-2020,1172.55,1201.0,1210.55,1183.0, 1193.00,1195.71,1197.2,285,3.41,8, 185, 64.91
NTPC, N6, 09-Mar-2020,1333.59,1325.05,1325.05,1325.05, 1325.05,1325.05,1325.05,50,0.66,1, 50, 100.00
NTPC, N7, 09-Mar-2020,14.25,11.4,13.5,11.4, 13.13,13.14,13.11,24378,3.2,77, 22442, 92.06
NTPC, NA, 09-Mar-2020,1700.0,1700.0,1700.0,1700.0, 1700.00,1700.0,1700.0,1,0.02,1, 1, 100.00
NTPC, ND, 09-Mar-2020,1264.0,1249.0,1250.0,1249.0, 1250.00,1250.0,1249.98,102,1.27,4, 100, 98.04
NUCLEUS, EQ, 09-Mar-2020,275.8,274.45,275.0,260.0, 271.00,268.85,265.82,10005,26.6,645, 6423, 64.20
NXTDIGITAL, EQ, 09-Mar-2020,325.8,310.05,327.85,280.2, 299.05,306.05,307.24,2182,6.7,262, 1288, 59.03
OAL, EQ, 09-Mar-2020,176.4,183.7,185.7,166.1, 168.00,168.85,173.0,10934,18.92,366, 7309, 66.85
OBEROIRLTY, EQ, 09-Mar-2020,499.7,492.0,495.95,480.65, 494.50,492.95,491.64,348147,1711.64,16665, 289380, 83.12
OCCL, EQ, 09-Mar-2020,865.6,869.0,871.65,816.95, 855.50,856.2,846.08,9148,77.4,918, 6119, 66.89
OFSS, EQ, 09-Mar-2020,2546.55,2525.5,2586.55,2386.8, 2428.00,2425.05,2442.56,13471,329.04,3217, 8450, 62.73
OIL, EQ, 09-Mar-2020,102.0,98.95,99.45,89.2, 90.05,91.25,92.49,6367353,5888.99,35238, 2192369, 34.43
OILCOUNTUB, EQ, 09-Mar-2020,3.3,3.45,3.45,3.15, 3.20,3.3,3.3,24006,0.79,81, 15614, 65.04
OISL, EQ, 09-Mar-2020,2.25,2.25,2.25,2.05, 2.25,2.25,2.12,17543,0.37,618, 17536, 99.96
OLECTRA, EQ, 09-Mar-2020,97.6,94.0,94.55,87.35, 91.80,89.6,90.03,84651,76.21,2027, 59407, 70.18
OMAXAUTO, EQ, 09-Mar-2020,29.15,27.1,28.0,26.25, 26.95,27.05,26.9,44905,12.08,407, 27462, 61.16
OMAXE, EQ, 09-Mar-2020,154.75,154.7,159.05,153.0, 153.75,153.9,154.04,247544,381.31,2740, 106192, 42.90
OMFURN, SM, 09-Mar-2020,7.5,7.0,7.0,7.0, 7.00,7.0,7.0,6000,0.42,1, 6000, 100.00
OMKARCHEM, EQ, 09-Mar-2020,3.15,3.15,3.25,3.0, 3.00,3.0,3.0,51397,1.54,540, 50609, 98.47
OMMETALS, EQ, 09-Mar-2020,16.75,16.05,16.45,15.25, 15.85,15.8,15.83,92088,14.58,715, 65565, 71.20
ONELIFECAP, EQ, 09-Mar-2020,5.9,5.7,5.7,5.7, 5.70,5.7,5.7,172,0.01,3, 172, 100.00
ONEPOINT, EQ, 09-Mar-2020,23.95,23.2,24.5,23.0, 23.45,23.25,23.64,30153,7.13,189, 13604, 45.12
ONGC, EQ, 09-Mar-2020,88.5,82.15,82.5,74.0, 74.35,74.55,77.24,86674325,66943.37,258060, 42523635, 49.06
ONMOBILE, EQ, 09-Mar-2020,22.7,21.65,22.0,18.45, 19.15,19.0,20.05,323487,64.86,1048, 223127, 68.98
ONWARDTEC, EQ, 09-Mar-2020,54.95,57.05,58.75,53.0, 55.10,55.35,56.33,13001,7.32,341, 10872, 83.62
OPTIEMUS, EQ, 09-Mar-2020,18.15,18.5,18.95,17.25, 18.10,17.85,17.8,4698,0.84,333, 3308, 70.41
OPTOCIRCUI, EQ, 09-Mar-2020,2.3,2.25,2.45,2.1, 2.25,2.35,2.22,344525,7.64,310, 221938, 64.42
ORBTEXP, EQ, 09-Mar-2020,71.0,72.9,74.25,65.0, 72.90,71.95,68.42,16072,11.0,395, 11858, 73.78
ORICONENT, EQ, 09-Mar-2020,13.8,12.7,13.5,12.45, 13.10,13.0,13.03,100393,13.09,1094, 85942, 85.61
ORIENTABRA, EQ, 09-Mar-2020,14.0,14.6,14.6,13.0, 13.00,13.3,13.68,29006,3.97,190, 22226, 76.63
ORIENTALTL, EQ, 09-Mar-2020,9.05,9.8,9.8,7.35, 8.50,8.5,8.58,24797,2.13,108, 19770, 79.73
ORIENTBANK, EQ, 09-Mar-2020,48.35,47.1,47.3,44.7, 44.80,45.05,46.08,1830954,843.7,7070, 748434, 40.88
ORIENTBELL, EQ, 09-Mar-2020,96.25,91.25,93.0,87.65, 91.00,91.1,90.88,11086,10.07,264, 7463, 67.32
ORIENTCEM, EQ, 09-Mar-2020,76.85,75.0,75.6,72.55, 73.00,73.2,73.82,98818,72.95,1007, 65030, 65.81
ORIENTELEC, EQ, 09-Mar-2020,257.85,253.7,254.55,232.25, 233.50,236.4,245.97,551842,1357.36,16894, 369905, 67.03
ORIENTHOT, EQ, 09-Mar-2020,21.3,20.85,21.8,18.5, 19.90,19.6,19.31,51614,9.97,506, 34082, 66.03
ORIENTLTD, EQ, 09-Mar-2020,90.6,86.3,87.15,86.1, 86.95,86.95,86.5,658,0.57,44, 311, 47.26
ORIENTPPR, EQ, 09-Mar-2020,18.65,18.35,18.35,17.2, 17.20,17.35,17.61,606630,106.82,2191, 483957, 79.78
ORIENTREF, EQ, 09-Mar-2020,201.1,190.2,194.95,175.0, 182.00,182.8,183.56,105208,193.12,2292, 68961, 65.55
ORISSAMINE, EQ, 09-Mar-2020,1713.6,1689.0,1689.0,1627.95, 1627.95,1628.85,1632.86,15022,245.29,1311, 7542, 50.21
ORTEL, BZ, 09-Mar-2020,0.45,0.45,0.5,0.4, 0.50,0.5,0.42,56056,0.23,15, -, -
ORTINLABSS, EQ, 09-Mar-2020,8.05,7.4,8.3,7.4, 8.25,8.15,7.87,22451,1.77,74, 17544, 78.14
OSWALAGRO, EQ, 09-Mar-2020,5.65,5.6,5.6,4.85, 5.00,4.95,5.01,29002,1.45,162, 26513, 91.42
OSWALSEEDS, SM, 09-Mar-2020,29.6,28.15,28.15,28.15, 28.15,28.15,28.15,4000,1.13,1, 4000, 100.00
PAGEIND, EQ, 09-Mar-2020,22131.55,21900.0,21950.0,21200.6, 21699.95,21588.25,21622.14,19671,4253.29,9658, 6378, 32.42
PAISALO, EQ, 09-Mar-2020,214.5,204.0,205.0,203.8, 203.80,203.8,203.83,11098,22.62,70, 11048, 99.55
PALASHSECU, EQ, 09-Mar-2020,23.0,21.85,22.05,21.85, 21.85,21.85,21.9,1384,0.3,22, 1384, 100.00
PALREDTEC, EQ, 09-Mar-2020,13.5,13.25,14.15,12.85, 13.55,13.55,13.52,2364,0.32,17, 2164, 91.54
PANACEABIO, EQ, 09-Mar-2020,110.15,109.0,111.1,105.65, 110.00,110.45,109.51,36732,40.23,603, 28320, 77.10
PANACHE, EQ, 09-Mar-2020,45.05,44.0,47.3,42.95, 47.25,47.25,43.28,845,0.37,8, 814, 96.33
PANAMAPET, EQ, 09-Mar-2020,45.2,44.8,45.15,43.05, 44.00,44.0,44.02,20622,9.08,289, 17254, 83.67
PAPERPROD, EQ, 09-Mar-2020,261.35,254.0,258.6,250.0, 250.00,251.7,254.17,48881,124.24,1891, 32767, 67.03
PAR, SM, 09-Mar-2020,40.8,40.35,40.4,36.8, 39.50,39.5,39.11,14000,5.48,6, 8000, 57.14
PARABDRUGS, BZ, 09-Mar-2020,0.95,0.95,0.95,0.9, 0.90,0.9,0.91,5886,0.05,25, -, -
PARACABLES, EQ, 09-Mar-2020,6.0,5.7,5.95,5.45, 5.75,5.55,5.65,131295,7.41,288, 88771, 67.61
PARAGMILK, EQ, 09-Mar-2020,77.6,72.9,75.0,69.0, 72.30,71.4,71.75,702151,503.79,5022, 373335, 53.17
PARSVNATH, EQ, 09-Mar-2020,1.8,1.75,1.75,1.75, 1.75,1.75,1.75,4674,0.08,31, 4640, 99.27
PATELENG, EQ, 09-Mar-2020,13.85,13.5,13.65,12.25, 12.45,12.4,12.91,282727,36.51,923, 204768, 72.43
PATINTLOG, EQ, 09-Mar-2020,14.65,14.05,14.4,13.95, 13.95,13.95,13.98,13915,1.95,271, 12441, 89.41
PATSPINLTD, EQ, 09-Mar-2020,2.4,2.4,2.4,2.3, 2.30,2.3,2.3,5836,0.13,9, 5836, 100.00
PCJEWELLER, EQ, 09-Mar-2020,12.8,12.0,13.8,11.3, 13.00,13.3,12.39,9106424,1128.37,20721, 2717988, 29.85
PDMJEPAPER, EQ, 09-Mar-2020,14.5,14.7,14.7,13.1, 14.10,13.95,13.69,82309,11.26,452, 54917, 66.72
PDPL, BE, 09-Mar-2020,2.5,2.5,2.6,2.4, 2.60,2.6,2.51,3500,0.09,9, -, -
PDSMFL, EQ, 09-Mar-2020,412.75,413.0,415.0,403.2, 412.00,411.15,410.62,11221,46.08,276, 10827, 96.49
PEARLPOLY, EQ, 09-Mar-2020,14.7,15.25,15.25,14.0, 14.30,14.3,14.7,12105,1.78,19, 11600, 95.83
PEL, EQ, 09-Mar-2020,1302.4,1280.0,1318.0,1192.1, 1198.95,1212.7,1266.12,2995768,37930.14,82875, 539779, 18.02
PENIND, EQ, 09-Mar-2020,21.9,21.1,21.6,19.25, 21.50,21.15,20.57,433097,89.07,1728, 238008, 54.95
PENINLAND, EQ, 09-Mar-2020,3.65,3.5,3.7,3.5, 3.55,3.5,3.52,120917,4.25,165, 89920, 74.37
PENTAGOLD, SM, 09-Mar-2020,35.3,35.3,35.3,35.3, 35.30,35.3,35.3,3000,1.06,1, 3000, 100.00
PERSISTENT, EQ, 09-Mar-2020,698.6,696.9,708.9,685.0, 686.05,687.15,696.34,87714,610.79,10518, 65188, 74.32
PETRONET, EQ, 09-Mar-2020,235.15,230.1,231.75,220.0, 221.80,222.35,224.79,4603848,10348.96,69427, 3010663, 65.39
PFC, EQ, 09-Mar-2020,110.5,107.0,108.35,102.7, 103.95,104.3,104.91,5930234,6221.56,29962, 1833736, 30.92
PFC, N2, 09-Mar-2020,1160.0,1189.0,1189.0,1149.0, 1149.00,1149.0,1151.0,20,0.23,3, 19, 95.00
PFC, N3, 09-Mar-2020,1201.0,1200.0,1200.0,1200.0, 1200.00,1200.0,1200.0,1,0.01,1, 1, 100.00
PFC, N4, 09-Mar-2020,1076.94,1075.35,1075.35,1075.35, 1075.35,1075.35,1075.35,10,0.11,1, 10, 100.00
PFC, N8, 09-Mar-2020,1330.05,1330.0,1330.0,1328.0, 1328.00,1328.0,1328.8,500,6.64,6, 500, 100.00
PFIZER, EQ, 09-Mar-2020,4412.3,4401.0,4439.85,4232.25, 4300.00,4307.05,4313.66,55796,2406.85,11435, 25234, 45.23
PFOCUS, EQ, 09-Mar-2020,41.25,40.55,42.0,38.0, 38.15,39.15,39.52,38239,15.11,788, 32654, 85.39
PFS, EQ, 09-Mar-2020,11.9,11.55,11.85,10.95, 11.05,11.1,11.14,618872,68.94,1387, 445916, 72.05
PGEL, EQ, 09-Mar-2020,55.45,52.7,52.7,52.7, 52.70,52.7,52.7,1743,0.92,23, 1743, 100.00
PGHH, EQ, 09-Mar-2020,10488.5,10438.0,10571.25,10207.5, 10498.00,10471.6,10329.42,5189,535.99,1789, 3934, 75.81
PGHL, EQ, 09-Mar-2020,4053.65,3955.15,4090.0,3900.0, 3920.00,3917.0,3977.21,23558,936.95,5928, 14591, 61.94
PGIL, EQ, 09-Mar-2020,120.25,118.0,124.0,111.1, 120.00,120.7,115.09,1258,1.45,93, 878, 69.79
PHILIPCARB, EQ, 09-Mar-2020,101.4,98.7,99.5,91.0, 91.30,91.7,93.91,712275,668.9,9638, 465283, 65.32
PHOENIXLTD, EQ, 09-Mar-2020,837.3,812.0,829.7,785.25, 813.40,811.9,809.57,234154,1895.64,6170, 193502, 82.64
PIDILITIND, EQ, 09-Mar-2020,1653.8,1669.0,1690.0,1608.1, 1635.05,1639.45,1636.32,1681937,27521.83,68631, 675816, 40.18
PIIND, EQ, 09-Mar-2020,1574.3,1549.0,1565.0,1495.0, 1501.30,1521.45,1521.26,159708,2429.57,19601, 101055, 63.27
PILANIINVS, EQ, 09-Mar-2020,1529.95,1559.95,1559.95,1470.0, 1531.35,1513.3,1509.8,8587,129.65,381, 6056, 70.53
PILITA, EQ, 09-Mar-2020,4.4,3.85,4.6,3.85, 4.60,4.6,4.28,49060,2.1,75, 18418, 37.54
PIONDIST, BE, 09-Mar-2020,129.9,123.5,125.95,123.45, 125.95,125.95,123.48,16102,19.88,12, -, -
PIONEEREMB, EQ, 09-Mar-2020,20.95,20.25,21.85,19.5, 21.75,21.35,20.95,12427,2.6,197, 4230, 34.04
PITTIENG, EQ, 09-Mar-2020,38.2,38.9,38.9,34.05, 36.15,36.35,36.16,30798,11.14,303, 23009, 74.71
PKTEA, BE, 09-Mar-2020,103.55,98.4,107.0,98.4, 107.00,107.0,98.52,138,0.14,4, -, -
PLASTIBLEN, EQ, 09-Mar-2020,170.65,169.0,174.9,160.55, 161.00,161.05,164.15,9972,16.37,467, 6729, 67.48
PNB, EQ, 09-Mar-2020,42.35,41.15,41.5,39.35, 39.60,39.75,40.52,23193524,9398.92,45038, 3611243, 15.57
PNBGILTS, EQ, 09-Mar-2020,29.15,28.15,29.1,27.5, 28.55,28.4,28.41,244034,69.33,1617, 140026, 57.38
PNBHOUSING, EQ, 09-Mar-2020,300.4,283.0,289.95,255.6, 257.00,259.75,269.39,938407,2527.97,26506, 363352, 38.72
PNC, EQ, 09-Mar-2020,12.75,13.25,13.25,10.35, 11.40,11.6,11.07,12775,1.41,99, 8689, 68.02
PNCINFRA, EQ, 09-Mar-2020,173.25,169.2,170.55,161.95, 167.05,167.15,166.73,141079,235.23,4035, 69234, 49.07
PODDARHOUS, EQ, 09-Mar-2020,270.4,270.4,270.4,257.95, 258.00,258.0,269.1,129,0.35,11, 126, 97.67
PODDARMENT, EQ, 09-Mar-2020,157.55,155.4,155.4,143.75, 151.00,149.6,146.37,6742,9.87,452, 5368, 79.62
POKARNA, EQ, 09-Mar-2020,74.1,72.6,73.95,70.4, 70.40,70.4,70.84,21097,14.95,313, 18252, 86.51
POLYCAB, EQ, 09-Mar-2020,1030.75,990.2,1016.0,982.0, 1007.00,1010.55,1000.6,287344,2875.15,18637, 129880, 45.20
POLYMED, EQ, 09-Mar-2020,307.25,305.0,305.0,270.2, 280.10,284.3,290.27,143568,416.74,3165, 90544, 63.07
POLYPLEX, EQ, 09-Mar-2020,456.3,449.95,450.0,437.45, 442.40,447.15,445.18,170317,758.22,6497, 112360, 65.97
PONNIERODE, EQ, 09-Mar-2020,125.85,122.0,137.5,117.55, 129.00,129.1,124.91,2719,3.4,390, 1150, 42.29
POWERFUL, SM, 09-Mar-2020,5.35,5.6,5.6,5.6, 5.60,5.6,5.6,4000,0.22,2, 4000, 100.00
POWERGRID, EQ, 09-Mar-2020,190.6,184.9,188.6,177.95, 180.60,180.95,181.64,39155287,71122.64,168813, 26188644, 66.88
POWERMECH, EQ, 09-Mar-2020,610.5,610.5,610.5,556.8, 570.00,578.5,586.04,35268,206.69,2606, 22182, 62.90
PPAP, EQ, 09-Mar-2020,179.8,179.6,179.6,160.0, 162.05,166.95,168.88,8350,14.1,549, 6366, 76.24
PPL, EQ, 09-Mar-2020,52.65,46.5,53.7,43.25, 43.60,45.15,47.67,189820,90.49,1971, 136340, 71.83
PRABHAT, EQ, 09-Mar-2020,69.1,65.6,68.5,61.75, 66.15,66.05,63.52,142531,90.53,808, 118943, 83.45
PRADIP, EQ, 09-Mar-2020,0.35,0.3,0.35,0.3, 0.35,0.35,0.32,747,0.0,7, 747, 100.00
PRAENG, EQ, 09-Mar-2020,6.05,6.05,6.05,5.5, 5.90,5.7,5.69,28207,1.6,75, 26538, 94.08
PRAJIND, EQ, 09-Mar-2020,86.5,83.9,84.6,77.3, 83.80,84.05,81.3,1392394,1132.06,10575, 716875, 51.49
PRAKASH, EQ, 09-Mar-2020,37.3,36.3,36.3,31.55, 32.05,32.25,33.72,1102924,371.86,3920, 727950, 66.00
PRECAM, EQ, 09-Mar-2020,34.9,34.9,34.9,33.2, 33.20,33.2,33.32,8306,2.77,252, 6953, 83.71
PRECOT, EQ, 09-Mar-2020,29.25,29.25,29.25,28.0, 28.00,28.0,28.01,2015,0.56,9, 2015, 100.00
PRECWIRE, EQ, 09-Mar-2020,113.15,119.85,119.85,104.55, 105.10,105.2,107.68,20461,22.03,381, 16659, 81.42
PREMEXPLN, EQ, 09-Mar-2020,95.3,92.05,97.65,90.0, 90.05,90.75,92.87,10601,9.85,622, 8147, 76.85
PREMIER, EQ, 09-Mar-2020,1.7,1.65,1.65,1.65, 1.65,1.65,1.65,627,0.01,4, 627, 100.00
PREMIERPOL, EQ, 09-Mar-2020,21.05,21.5,22.95,21.05, 22.50,22.5,21.43,669,0.14,24, 545, 81.46
PRESSMN, EQ, 09-Mar-2020,18.25,18.05,20.9,17.1, 20.30,20.45,18.04,11399,2.06,333, 9471, 83.09
PRESTIGE, EQ, 09-Mar-2020,302.5,293.0,310.0,290.0, 290.40,299.05,298.49,232157,692.97,7332, 111741, 48.13
PRICOLLTD, EQ, 09-Mar-2020,36.75,35.55,37.55,33.2, 36.30,36.4,35.11,86217,30.27,1021, 61267, 71.06
PRIMESECU, EQ, 09-Mar-2020,36.95,36.05,36.5,33.05, 34.20,34.05,34.09,9821,3.35,134, 8876, 90.38
PRINCEPIPE, EQ, 09-Mar-2020,147.7,144.8,145.45,137.0, 137.80,138.25,139.91,232307,325.02,6886, 126043, 54.26
PROZONINTU, EQ, 09-Mar-2020,14.9,14.45,15.3,13.45, 14.05,13.65,13.89,38306,5.32,313, 31005, 80.94
PRSMJOHNSN, EQ, 09-Mar-2020,53.15,47.8,51.5,46.8, 49.10,48.2,49.17,326295,160.43,2966, 193484, 59.30
PSB, EQ, 09-Mar-2020,14.1,13.9,14.0,12.55, 13.15,12.95,12.93,131017,16.94,913, 96413, 73.59
PSPPROJECT, EQ, 09-Mar-2020,471.3,475.0,475.0,449.05, 464.00,462.65,453.13,63668,288.5,2165, 50538, 79.38
PSUBNKBEES, EQ, 09-Mar-2020,19.93,19.9,20.35,18.58, 19.15,19.13,19.0,208779,39.67,507, 108819, 52.12
PTC, EQ, 09-Mar-2020,44.95,44.3,44.5,42.0, 42.40,42.2,42.99,897633,385.88,8782, 492769, 54.90
PTL, EQ, 09-Mar-2020,34.15,34.0,34.0,32.5, 32.90,32.85,33.12,15962,5.29,163, 13374, 83.79
PUNJABCHEM, EQ, 09-Mar-2020,425.4,429.0,429.0,410.45, 425.90,422.2,422.01,920,3.88,386, 514, 55.87
PUNJLLOYD, BZ, 09-Mar-2020,0.95,0.9,1.0,0.9, 0.90,0.9,0.91,487103,4.45,192, -, -
PURVA, EQ, 09-Mar-2020,50.35,47.4,49.45,47.0, 48.50,48.55,48.32,62916,30.4,1100, 40867, 64.95
PVR, EQ, 09-Mar-2020,1631.2,1595.0,1599.35,1531.3, 1573.80,1557.2,1556.34,1122362,17467.76,43677, 537285, 47.87
QGOLDHALF, EQ, 09-Mar-2020,1937.25,1976.0,1976.0,1902.65, 1906.00,1906.4,1921.82,5944,114.23,654, 2581, 43.42
QNIFTY, EQ, 09-Mar-2020,1130.0,1108.7,1108.7,1071.0, 1071.00,1071.0,1087.98,47,0.51,13, 23, 48.94
QUESS, EQ, 09-Mar-2020,501.25,494.95,505.7,460.95, 499.95,496.95,481.5,251606,1211.49,23285, 152631, 60.66
QUICKHEAL, EQ, 09-Mar-2020,106.05,100.05,104.0,95.2, 96.00,96.9,98.81,243129,240.22,5551, 104215, 42.86
RADICO, EQ, 09-Mar-2020,367.8,355.0,362.75,336.0, 345.00,344.05,344.77,675320,2328.27,13693, 420488, 62.27
RADIOCITY, EQ, 09-Mar-2020,26.9,27.15,27.2,25.7, 26.00,26.4,26.73,313077,83.69,5782, 180468, 57.64
RAIN, EQ, 09-Mar-2020,90.55,88.05,89.85,83.0, 85.40,84.75,84.93,1141775,969.74,10368, 670087, 58.69
RAJESHEXPO, EQ, 09-Mar-2020,680.65,679.0,679.0,671.0, 671.00,672.0,673.75,47980,323.26,2827, 31996, 66.69
RAJRAYON, BZ, 09-Mar-2020,0.05,0.05,0.05,0.05, 0.05,0.05,0.05,141166,0.07,39, -, -
RAJSREESUG, EQ, 09-Mar-2020,14.1,13.2,14.0,12.5, 13.55,13.55,12.84,51566,6.62,210, 19369, 37.56
RAJTV, EQ, 09-Mar-2020,35.2,36.8,38.9,32.1, 34.90,33.65,32.9,7365,2.42,163, 5408, 73.43
RALLIS, EQ, 09-Mar-2020,227.05,224.1,224.1,205.0, 212.25,216.9,214.95,530393,1140.09,11497, 277933, 52.40
RAMANEWS, EQ, 09-Mar-2020,13.05,13.05,13.05,12.25, 12.70,12.7,12.61,17448,2.2,92, 15067, 86.35
RAMASTEEL, EQ, 09-Mar-2020,31.0,30.0,30.0,25.1, 29.00,27.55,27.28,27117,7.4,251, 15531, 57.27
RAMCOCEM, EQ, 09-Mar-2020,727.55,719.0,721.1,702.05, 713.00,715.35,712.79,408699,2913.17,13127, 220938, 54.06
RAMCOIND, EQ, 09-Mar-2020,160.8,165.5,165.5,152.1, 163.00,160.5,158.38,58115,92.04,1183, 46271, 79.62
RAMCOSYS, EQ, 09-Mar-2020,117.0,115.4,115.4,101.0, 106.00,104.2,105.21,94097,99.0,2562, 56036, 59.55
RAMKY, EQ, 09-Mar-2020,24.35,24.0,26.5,22.1, 25.35,25.35,23.58,67153,15.83,696, 42799, 63.73
RAMSARUP, BZ, 09-Mar-2020,0.15,0.2,0.2,0.15, 0.15,0.15,0.15,9251,0.01,10, -, -
RANASUG, EQ, 09-Mar-2020,3.5,3.45,3.45,3.35, 3.35,3.35,3.36,115618,3.89,118, 91783, 79.38
RANEENGINE, EQ, 09-Mar-2020,171.2,162.65,165.5,162.65, 162.65,162.65,163.12,1298,2.12,109, 1276, 98.31
RANEHOLDIN, EQ, 09-Mar-2020,545.75,540.0,540.0,470.7, 475.00,492.2,512.29,15913,81.52,677, 13204, 82.98
RATNAMANI, EQ, 09-Mar-2020,1272.2,1253.0,1269.9,1180.0, 1260.00,1256.95,1234.29,33065,408.12,10051, 20658, 62.48
RAYMOND, EQ, 09-Mar-2020,477.35,462.7,465.0,432.3, 438.00,440.3,444.68,266828,1186.54,10065, 95304, 35.72
RBL, EQ, 09-Mar-2020,444.1,439.9,443.0,388.05, 403.95,403.7,415.58,32874,136.62,2317, 15265, 46.43
RBLBANK, EQ, 09-Mar-2020,258.9,248.0,248.0,199.25, 199.50,208.2,224.1,26417836,59203.55,198465, 5028811, 19.04
RCF, EQ, 09-Mar-2020,36.2,35.2,35.3,33.15, 33.95,33.85,34.0,1070856,364.05,5817, 437195, 40.83
RCOM, EQ, 09-Mar-2020,0.85,0.9,0.9,0.9, 0.90,0.9,0.9,9595448,86.36,3952, 9486118, 98.86
RECLTD, EQ, 09-Mar-2020,115.3,113.2,113.5,106.1, 107.45,107.6,109.24,4759561,5199.13,36568, 1762860, 37.04
RECLTD, N1, 09-Mar-2020,1055.8,1059.0,1059.0,1051.73, 1059.00,1059.0,1057.86,83,0.88,3, 83, 100.00
RECLTD, N2, 09-Mar-2020,1145.0,1119.2,1119.2,1119.2, 1119.20,1119.2,1119.2,20,0.22,1, 20, 100.00
RECLTD, N6, 09-Mar-2020,1248.0,1223.0,1223.0,1203.52, 1203.52,1203.52,1220.84,9,0.11,4, 8, 88.89
RECLTD, N8, 09-Mar-2020,1097.01,1097.01,1103.0,1097.01, 1103.00,1103.0,1098.94,16,0.18,3, 16, 100.00
RECLTD, N9, 09-Mar-2020,1227.12,1239.0,1249.9,1237.0, 1249.90,1241.13,1240.34,2136,26.49,35, 2000, 93.63
RECLTD, NE, 09-Mar-2020,1205.0,1214.0,1214.0,1214.0, 1214.00,1214.0,1214.0,10,0.12,1, 10, 100.00
RECLTD, NF, 09-Mar-2020,1227.08,1230.0,1230.6,1230.0, 1230.60,1230.6,1230.32,535,6.58,2, 535, 100.00
RECLTD, NH, 09-Mar-2020,1199.0,1199.0,1199.0,1199.0, 1199.00,1199.0,1199.0,496,5.95,11, 496, 100.00
RECLTD, NI, 09-Mar-2020,1211.98,1209.0,1211.0,1193.25, 1200.00,1194.45,1200.34,1401,16.82,10, 960, 68.52
REDINGTON, EQ, 09-Mar-2020,109.3,104.0,111.7,101.5, 109.00,109.55,106.33,360105,382.89,13512, 229699, 63.79
REFEX, EQ, 09-Mar-2020,52.5,51.5,51.5,49.9, 49.90,49.9,50.25,69546,34.95,1389, 54139, 77.85
RELAXO, EQ, 09-Mar-2020,702.95,675.0,689.55,645.15, 661.65,661.65,662.34,533172,3531.4,29665, 370712, 69.53
RELCAPITAL, EQ, 09-Mar-2020,5.55,5.3,5.3,5.3, 5.30,5.3,5.3,697642,36.98,1331, 564475, 80.91
RELIABLE, SM, 09-Mar-2020,32.15,30.55,33.5,30.55, 33.50,33.5,32.03,4800,1.54,2, 4800, 100.00
RELIANCE, EQ, 09-Mar-2020,1271.0,1240.05,1241.0,1095.0, 1104.50,1114.15,1143.56,40317808,461059.53,846382, 19195053, 47.61
RELIGARE, EQ, 09-Mar-2020,31.6,31.5,31.5,30.05, 30.05,30.05,30.07,28476,8.56,118, 28476, 100.00
RELINFRA, EQ, 09-Mar-2020,16.85,15.3,15.75,15.2, 15.20,15.2,15.22,1411971,214.93,2759, 868971, 61.54
REMSONSIND, EQ, 09-Mar-2020,63.0,63.0,63.0,61.0, 61.00,61.55,61.84,250,0.15,10, 232, 92.80
RENUKA, EQ, 09-Mar-2020,5.55,5.45,5.55,5.1, 5.50,5.5,5.3,2159213,114.4,1321, 1607514, 74.45
REPCOHOME, EQ, 09-Mar-2020,276.65,266.85,280.0,250.0, 250.85,260.65,269.85,95583,257.93,8066, 61470, 64.31
REPL, SM, 09-Mar-2020,36.1,34.3,34.3,34.3, 34.30,34.3,34.3,6000,2.06,2, 3000, 50.00
REPRO, EQ, 09-Mar-2020,495.2,493.95,493.95,460.1, 471.00,477.8,475.29,3446,16.38,443, 2319, 67.30
RESPONIND, EQ, 09-Mar-2020,84.85,83.55,87.25,82.0, 83.60,82.7,83.86,77155,64.7,809, 1710, 2.22
REVATHI, EQ, 09-Mar-2020,408.3,450.0,450.0,368.5, 375.00,380.1,381.83,1663,6.35,185, 1154, 69.39
RGL, EQ, 09-Mar-2020,384.6,384.0,384.0,341.1, 343.30,350.0,358.12,3020,10.82,312, 2159, 71.49
RHFL, EQ, 09-Mar-2020,1.3,1.25,1.25,1.25, 1.25,1.25,1.25,171608,2.15,204, 171608, 100.00
RHFL, N8, 09-Mar-2020,104.0,98.0,98.0,90.0, 90.00,90.0,94.0,2,0.0,2, 1, 50.00
RICOAUTO, EQ, 09-Mar-2020,29.9,29.1,29.8,26.35, 26.35,26.95,27.69,310030,85.84,2076, 189098, 60.99
RIIL, EQ, 09-Mar-2020,279.9,270.0,271.5,242.75, 246.90,246.65,255.33,327617,836.49,9767, 80366, 24.53
RITES, EQ, 09-Mar-2020,283.05,276.0,278.6,265.25, 268.00,268.35,269.08,504315,1356.99,14966, 284817, 56.48
RKDL, EQ, 09-Mar-2020,5.95,6.15,6.15,5.7, 5.75,5.75,5.73,4536,0.26,59, 3729, 82.21
RKEC, SM, 09-Mar-2020,40.0,41.95,42.0,40.0, 41.95,41.95,41.12,25000,10.28,15, 23000, 92.00
RKFORGE, EQ, 09-Mar-2020,270.6,270.0,277.0,250.8, 269.00,267.0,264.31,42657,112.75,1589, 28181, 66.06
RMCL, BE, 09-Mar-2020,3.1,3.0,3.25,2.95, 3.25,3.25,3.12,63156,1.97,74, -, -
RMDRIP, SM, 09-Mar-2020,20.75,21.75,21.75,19.75, 19.75,19.75,20.42,6000,1.23,3, 4000, 66.67
RML, EQ, 09-Mar-2020,190.95,187.0,187.05,166.3, 167.05,169.75,175.5,25727,45.15,1041, 17439, 67.78
RNAVAL, EQ, 09-Mar-2020,1.35,1.4,1.4,1.35, 1.40,1.4,1.39,1128315,15.7,509, 744594, 65.99
ROHITFERRO, EQ, 09-Mar-2020,0.35,0.3,0.35,0.3, 0.30,0.3,0.33,13424,0.04,13, 13424, 100.00
ROHLTD, EQ, 09-Mar-2020,52.7,49.1,51.0,47.25, 50.20,50.65,49.87,22025,10.98,424, 13379, 60.74
ROLLT, EQ, 09-Mar-2020,1.4,1.5,1.5,1.3, 1.45,1.45,1.38,22502,0.31,17, 15411, 68.49
ROLTA, EQ, 09-Mar-2020,2.55,2.45,2.45,2.45, 2.45,2.45,2.45,65635,1.61,98, 65635, 100.00
ROSSELLIND, EQ, 09-Mar-2020,57.7,55.7,57.5,54.95, 55.50,56.4,55.97,7314,4.09,96, 6195, 84.70
RPGLIFE, EQ, 09-Mar-2020,229.55,226.0,226.0,201.0, 209.50,206.3,208.32,37374,77.86,1423, 26591, 71.15
RPOWER, EQ, 09-Mar-2020,1.6,1.55,1.55,1.55, 1.55,1.55,1.55,2214165,34.32,1553, 2202205, 99.46
RPPINFRA, EQ, 09-Mar-2020,38.1,39.75,39.8,35.25, 36.80,37.0,37.07,54287,20.13,358, 40653, 74.89
RSSOFTWARE, EQ, 09-Mar-2020,17.65,17.0,17.95,16.8, 16.80,17.05,16.93,14464,2.45,119, 11646, 80.52
RSWM, EQ, 09-Mar-2020,84.65,82.35,85.05,80.6, 81.00,81.1,82.39,34207,28.18,693, 27603, 80.69
RSYSTEMS, EQ, 09-Mar-2020,92.05,91.0,91.8,79.65, 85.00,84.85,85.63,69407,59.43,807, 52660, 75.87
RTNINFRA, BE, 09-Mar-2020,2.85,2.75,2.75,2.75, 2.75,2.75,2.75,1250,0.03,2, -, -
RTNPOWER, EQ, 09-Mar-2020,2.05,1.95,1.95,1.95, 1.95,1.95,1.95,281146,5.48,273, 191272, 68.03
RUBYMILLS, EQ, 09-Mar-2020,166.3,160.1,164.85,152.6, 158.10,159.35,158.28,3283,5.2,182, 2337, 71.18
RUCHI, BE, 09-Mar-2020,79.05,83.0,83.0,83.0, 83.00,83.0,83.0,912,0.76,72, -, -
RUCHINFRA, BE, 09-Mar-2020,2.25,2.35,2.35,2.15, 2.30,2.3,2.31,50437,1.17,55, -, -
RUCHIRA, EQ, 09-Mar-2020,47.8,47.5,47.5,41.1, 42.55,43.4,43.88,77328,33.93,1319, 41296, 53.40
RUPA, EQ, 09-Mar-2020,161.75,159.25,159.3,141.35, 148.00,147.85,148.22,82437,122.18,2054, 47976, 58.20
RUSHIL, EQ, 09-Mar-2020,94.6,94.6,94.6,89.9, 91.00,90.3,90.8,5800,5.27,199, 4096, 70.62
RVNL, EQ, 09-Mar-2020,18.95,18.8,18.8,17.7, 18.00,17.95,18.01,6160718,1109.73,27581, 3372710, 54.75
SABTN, EQ, 09-Mar-2020,1.35,1.45,1.45,1.25, 1.30,1.35,1.34,20889,0.28,115, 15052, 72.06
SADBHAV, EQ, 09-Mar-2020,58.1,55.85,55.85,52.3, 52.30,52.3,52.93,476603,252.27,2400, 337674, 70.85
SADBHIN, EQ, 09-Mar-2020,20.2,19.5,19.5,18.2, 18.20,18.2,18.33,25974,4.76,120, 22706, 87.42
SAFARI, EQ, 09-Mar-2020,565.65,565.4,565.4,550.0, 550.05,550.85,551.76,8593,47.41,521, 7070, 82.28
SAGARDEEP, BE, 09-Mar-2020,79.8,83.7,83.7,79.7, 79.70,79.7,79.76,65,0.05,2, -, -
SAGCEM, EQ, 09-Mar-2020,408.35,400.0,417.0,362.05, 402.00,395.95,384.54,7128,27.41,906, 4028, 56.51
SAIL, EQ, 09-Mar-2020,33.0,32.0,32.1,29.05, 29.75,29.8,30.63,33096753,10136.99,38508, 3968088, 11.99
SAKAR, EQ, 09-Mar-2020,57.75,57.25,59.5,54.9, 59.50,58.85,57.57,5405,3.11,25, 1350, 24.98
SAKHTISUG, EQ, 09-Mar-2020,6.9,6.8,6.8,6.15, 6.40,6.3,6.37,88142,5.61,333, 59317, 67.30
SAKSOFT, EQ, 09-Mar-2020,184.4,184.4,187.7,172.3, 180.95,179.8,177.57,2076,3.69,135, 1593, 76.73
SAKUMA, EQ, 09-Mar-2020,4.7,4.7,4.9,4.45, 4.80,4.75,4.65,115063,5.35,356, 74898, 65.09
SALASAR, EQ, 09-Mar-2020,108.25,101.9,109.1,100.0, 100.00,101.5,102.46,32994,33.8,433, 13094, 39.69
SALONA, EQ, 09-Mar-2020,49.25,46.0,51.9,44.25, 45.80,45.25,46.66,1102,0.51,127, 793, 71.96
SALSTEEL, EQ, 09-Mar-2020,2.45,2.45,2.45,2.35, 2.35,2.45,2.42,2417,0.06,75, 2413, 99.83
SALZERELEC, EQ, 09-Mar-2020,89.45,89.5,92.45,83.5, 83.60,86.8,85.26,15326,13.07,462, 11804, 77.02
SAMBHAAV, EQ, 09-Mar-2020,1.8,1.8,1.9,1.65, 1.75,1.7,1.68,18304,0.31,30, 16601, 90.70
SANCO, EQ, 09-Mar-2020,11.0,10.9,10.9,8.95, 9.40,9.4,9.68,82650,8.0,294, 60869, 73.65
SANDESH, EQ, 09-Mar-2020,554.45,541.0,541.0,450.1, 490.00,497.1,496.23,2866,14.22,642, 1639, 57.19
SANDHAR, EQ, 09-Mar-2020,232.85,230.4,230.4,205.0, 220.00,224.9,220.81,33641,74.28,757, 31595, 93.92
SANGAMIND, EQ, 09-Mar-2020,49.0,47.55,48.75,46.6, 47.05,47.0,46.91,861,0.4,14, 811, 94.19
SANGHIIND, EQ, 09-Mar-2020,29.8,29.0,29.3,27.55, 28.30,28.8,28.43,264380,75.17,667, 239715, 90.67
SANGHVIFOR, EQ, 09-Mar-2020,14.15,14.0,14.8,14.0, 14.50,14.5,14.64,3828,0.56,17, 2807, 73.33
SANGHVIMOV, EQ, 09-Mar-2020,89.6,88.0,88.0,76.95, 83.00,83.1,81.46,78663,64.08,1261, 59141, 75.18
SANGINITA, EQ, 09-Mar-2020,129.05,122.6,122.6,122.6, 122.60,122.6,122.6,88,0.11,7, 88, 100.00
SANOFI, EQ, 09-Mar-2020,7539.5,7542.0,7598.45,7201.1, 7288.00,7305.35,7347.49,29193,2144.95,8463, 17232, 59.03
SANWARIA, EQ, 09-Mar-2020,1.15,1.1,1.15,1.1, 1.10,1.1,1.1,912061,10.03,358, 507011, 55.59
SARDAEN, EQ, 09-Mar-2020,158.65,154.0,155.0,143.75, 148.50,147.9,148.04,46534,68.89,1749, 25474, 54.74
SAREGAMA, EQ, 09-Mar-2020,326.8,318.0,324.4,306.0, 306.00,308.55,312.66,9685,30.28,1023, 7004, 72.32
SARLAPOLY, EQ, 09-Mar-2020,18.8,18.8,18.8,16.8, 18.00,17.9,17.83,130736,23.31,588, 103754, 79.36
SARVESHWAR, SM, 09-Mar-2020,12.0,11.8,11.8,11.4, 11.40,11.4,11.73,9600,1.13,5, 9600, 100.00
SASKEN, EQ, 09-Mar-2020,552.4,579.0,579.0,500.0, 527.00,530.95,526.32,55109,290.05,2235, 18380, 33.35
SASTASUNDR, EQ, 09-Mar-2020,62.15,62.7,64.7,58.0, 64.00,61.8,61.45,16442,10.1,195, 15783, 95.99
SATHAISPAT, BE, 09-Mar-2020,1.35,1.3,1.3,1.3, 1.30,1.3,1.3,12579,0.16,11, -, -
SATIA, EQ, 09-Mar-2020,92.85,94.0,94.0,86.0, 87.00,86.75,87.91,16511,14.51,573, 11665, 70.65
SATIN, EQ, 09-Mar-2020,162.0,158.05,158.15,143.95, 145.50,145.5,149.41,91424,136.6,1942, 58811, 64.33
SBIETFQLTY, EQ, 09-Mar-2020,96.58,97.5,99.95,93.3, 98.20,96.46,95.86,10685,10.24,180, 9400, 87.97
SBILIFE, EQ, 09-Mar-2020,853.95,836.2,861.9,803.0, 815.35,825.3,831.73,1424660,11849.28,62517, 999202, 70.14
SBIN, EQ, 09-Mar-2020,270.5,260.05,262.75,251.15, 252.30,253.45,256.54,101294751,259866.12,539589, 34813152, 34.37
SBIN, N2, 09-Mar-2020,11301.25,11300.0,11300.0,11204.25, 11204.25,11262.65,11274.19,69,7.78,21, 43, 62.32
SBIN, N5, 09-Mar-2020,11507.26,11502.0,11548.0,11461.0, 11465.00,11470.75,11490.23,1155,132.71,193, 1118, 96.80
SBIN, N6, 09-Mar-2020,11330.0,11309.0,11320.5,11309.0, 11309.00,11309.0,11318.2,25,2.83,9, 25, 100.00
SCAPDVR, EQ, 09-Mar-2020,0.15,0.15,0.2,0.15, 0.20,0.2,0.18,51802,0.09,47, 19279, 37.22
SCHAEFFLER, EQ, 09-Mar-2020,4376.4,4477.75,4477.75,4220.0, 4301.00,4348.4,4312.4,4913,211.87,2208, 2641, 53.76
SCHAND, EQ, 09-Mar-2020,64.15,64.05,64.05,60.95, 60.95,60.95,61.25,128415,78.65,313, 124958, 97.31
SCHNEIDER, EQ, 09-Mar-2020,83.75,82.05,86.6,75.4, 85.70,84.45,80.9,270069,218.49,7321, 162393, 60.13
SCI, EQ, 09-Mar-2020,39.4,38.65,43.95,38.3, 43.40,42.95,42.27,2270615,959.73,10665, 796344, 35.07
SDAFXIXGR, MF, 09-Mar-2020,8.76,9.63,9.63,9.63, 9.63,9.63,9.63,50000,4.82,3, 50000, 100.00
SDBL, BE, 09-Mar-2020,84.7,86.0,86.0,80.5, 80.50,80.5,81.3,4458,3.62,72, -, -
SEAMECLTD, EQ, 09-Mar-2020,393.9,366.2,382.9,325.0, 340.00,337.25,356.17,12215,43.51,588, 9099, 74.49
SECL, SM, 09-Mar-2020,36.0,37.0,37.0,37.0, 37.00,37.0,37.0,3000,1.11,1, 3000, 100.00
SECURCRED, SM, 09-Mar-2020,23.8,22.7,22.7,22.7, 22.70,22.7,22.7,600,0.14,1, 600, 100.00
SELAN, EQ, 09-Mar-2020,106.1,89.85,95.9,89.05, 91.90,92.6,92.1,81061,74.66,2092, 50785, 62.65
SELMCL, EQ, 09-Mar-2020,0.6,0.6,0.6,0.55, 0.55,0.55,0.55,130907,0.72,44, 127582, 97.46
SEPOWER, EQ, 09-Mar-2020,1.85,2.1,2.1,1.7, 2.00,2.0,1.92,11689,0.22,36, 4620, 39.52
SEQUENT, EQ, 09-Mar-2020,80.05,76.15,79.95,72.9, 75.40,76.6,76.02,519587,394.99,4371, 175218, 33.72
SESHAPAPER, EQ, 09-Mar-2020,133.35,130.0,130.0,122.0, 122.10,124.7,126.47,17041,21.55,493, 13000, 76.29
SETCO, EQ, 09-Mar-2020,7.25,7.45,7.7,6.8, 7.35,7.35,7.11,199853,14.22,623, 147562, 73.84
SETF10GILT, EQ, 09-Mar-2020,173.75,174.11,188.0,174.1, 183.02,187.72,183.88,1321,2.43,26, 1183, 89.55
SETFGOLD, EQ, 09-Mar-2020,3982.25,3862.8,4000.0,3743.3, 3922.00,3919.75,3956.59,12517,495.25,1217, 8709, 69.58
SETFNIF50, EQ, 09-Mar-2020,114.21,114.21,114.21,106.25, 108.50,108.52,108.62,5093142,5532.26,6961, 3507230, 68.86
SETFNIFBK, EQ, 09-Mar-2020,282.52,282.52,290.0,264.0, 268.20,269.94,269.4,163748,441.14,2503, 114111, 69.69
SETFNN50, EQ, 09-Mar-2020,272.7,278.2,283.6,258.01, 264.05,267.7,266.54,54781,146.01,1021, 43719, 79.81
SETUINFRA, EQ, 09-Mar-2020,0.65,0.65,0.7,0.6, 0.65,0.65,0.67,370800,2.48,99, 249898, 67.39
SEYAIND, EQ, 09-Mar-2020,69.95,71.0,72.9,66.5, 69.00,68.95,68.12,8909,6.07,220, 6261, 70.28
SFL, EQ, 09-Mar-2020,1578.5,1550.0,1568.75,1500.4, 1550.00,1549.65,1546.88,14752,228.2,5214, 10282, 69.70
SGBAUG24, GB, 09-Mar-2020,4125.0,4125.0,4224.0,4086.0, 4116.00,4116.75,4123.75,1145,47.22,108, 866, 75.63
SGBAUG27, GB, 09-Mar-2020,4046.99,4050.0,4070.0,3985.01, 4025.00,4024.3,4041.1,964,38.96,92, 722, 74.90
SGBDC27VII, GB, 09-Mar-2020,4000.0,4003.0,4100.0,4000.0, 4015.00,4015.0,4008.46,124,4.97,17, 123, 99.19
SGBDEC25, GB, 09-Mar-2020,4210.0,4004.0,4005.0,4004.0, 4005.00,4005.0,4004.25,4,0.16,2, 4, 100.00
SGBDEC2512, GB, 09-Mar-2020,4070.0,4120.0,4120.0,4001.0, 4001.00,4001.0,4090.25,4,0.16,2, 4, 100.00
SGBDEC2513, GB, 09-Mar-2020,4100.0,4000.0,4020.0,3901.0, 4020.00,4020.0,3959.07,14,0.55,5, 14, 100.00
SGBFEB24, GB, 09-Mar-2020,4111.89,4150.0,4197.0,4105.0, 4115.00,4119.54,4173.97,334,13.94,37, 331, 99.10
SGBFEB27, GB, 09-Mar-2020,4010.0,4005.0,4050.0,4000.0, 4010.05,4013.27,4024.17,62,2.49,15, 62, 100.00
SGBFEB28IX, GB, 09-Mar-2020,4071.0,4071.0,4185.0,4071.0, 4185.00,4185.0,4167.38,58,2.42,8, 58, 100.00
SGBJ28VIII, GB, 09-Mar-2020,4100.0,4080.0,4080.0,4000.0, 4000.00,4000.0,4060.38,63,2.56,15, 63, 100.00
SGBJAN26, GB, 09-Mar-2020,4034.0,4090.0,4090.0,4090.0, 4090.00,4090.0,4090.0,1,0.04,1, 1, 100.00
SGBJAN27, GB, 09-Mar-2020,4100.0,4002.5,4100.0,4002.5, 4100.00,4100.0,4098.73,171,7.01,4, 171, 100.00
SGBJUL25, GB, 09-Mar-2020,4069.01,4062.0,4099.0,4050.0, 4051.00,4051.16,4068.58,540,21.97,46, 405, 75.00
SGBJUL27, GB, 09-Mar-2020,4075.0,4100.0,4110.0,4003.0, 4110.00,4110.0,4076.29,162,6.6,14, 162, 100.00
SGBJUN27, GB, 09-Mar-2020,4105.0,4002.0,4200.0,4002.0, 4200.00,4200.0,4079.12,165,6.73,17, 108, 65.45
SGBMAR24, GB, 09-Mar-2020,4120.5,4126.0,4130.0,4111.0, 4111.00,4112.21,4119.47,97,4.0,11, 92, 94.85
SGBMAR25, GB, 09-Mar-2020,4088.57,4050.0,4095.0,4050.0, 4066.00,4066.0,4074.88,453,18.46,34, 434, 95.81
SGBMAY25, GB, 09-Mar-2020,4085.0,4060.0,4080.0,4025.05, 4035.00,4033.14,4040.92,247,9.98,40, 216, 87.45
SGBMAY26, GB, 09-Mar-2020,4036.0,4020.0,4090.0,4016.0, 4016.00,4019.23,4045.63,92,3.72,19, 72, 78.26
SGBNOV23, GB, 09-Mar-2020,4130.0,4100.0,4175.0,4100.0, 4120.00,4120.82,4126.99,330,13.62,35, 263, 79.70
SGBNOV24, GB, 09-Mar-2020,4106.61,4106.0,4170.0,4090.0, 4096.00,4095.8,4103.94,905,37.14,67, 889, 98.23
SGBNOV25, GB, 09-Mar-2020,4100.0,4100.0,4100.0,3915.0, 3915.00,3915.0,4069.17,6,0.24,2, 6, 100.00
SGBNOV258, GB, 09-Mar-2020,4199.0,4110.0,4120.0,4025.0, 4025.00,4025.0,4110.68,111,4.56,7, 111, 100.00
SGBNOV25VI, GB, 09-Mar-2020,4060.0,4001.0,4110.0,4001.0, 4010.00,4010.0,4067.84,46,1.87,12, 39, 84.78
SGBNOV26, GB, 09-Mar-2020,4050.0,4050.0,4094.0,4000.0, 4000.00,4000.0,4070.58,62,2.52,14, 56, 90.32
SGBOCT25, GB, 09-Mar-2020,4051.0,4150.0,4200.0,4065.0, 4101.00,4101.0,4097.09,100,4.1,11, 91, 91.00
SGBOCT25IV, GB, 09-Mar-2020,4250.0,4190.0,4190.0,4000.0, 4030.00,4030.0,4028.63,32,1.29,13, 30, 93.75
SGBOCT25V, GB, 09-Mar-2020,4199.0,4020.0,4025.0,4020.0, 4025.00,4025.0,4023.33,3,0.12,2, 3, 100.00
SGBOCT26, GB, 09-Mar-2020,4090.0,4090.0,4125.0,4005.0, 4125.00,4125.0,4109.71,34,1.4,4, 34, 100.00
SGBOCT27, GB, 09-Mar-2020,4084.55,4085.0,4124.0,4009.0, 4099.00,4099.0,4079.76,62,2.53,15, 61, 98.39
SGBOCT27VI, GB, 09-Mar-2020,4022.5,4050.0,4121.0,4021.0, 4021.00,4021.0,4074.37,74,3.02,26, 72, 97.30
SGBSEP24, GB, 09-Mar-2020,4117.93,4100.0,4195.0,4100.0, 4125.00,4125.0,4150.48,577,23.95,32, 512, 88.73
SGBSEP27, GB, 09-Mar-2020,4176.61,4220.0,4249.9,4025.0, 4249.90,4224.13,4195.4,88,3.69,27, 61, 69.32
SGL, EQ, 09-Mar-2020,6.3,6.0,6.3,6.0, 6.25,6.25,6.14,3379,0.21,29, 2888, 85.47
SHAKTIPUMP, EQ, 09-Mar-2020,196.1,193.15,193.15,175.05, 176.50,177.7,183.4,87467,160.42,2707, 51459, 58.83
SHALBY, EQ, 09-Mar-2020,79.3,78.0,78.6,74.9, 77.00,77.35,76.07,74325,56.54,1556, 55425, 74.57
SHALPAINTS, EQ, 09-Mar-2020,81.6,79.4,85.0,76.2, 77.40,78.3,79.83,118421,94.53,2727, 43043, 36.35
SHANKARA, EQ, 09-Mar-2020,451.2,447.5,447.5,428.65, 428.65,428.65,433.74,28475,123.51,1118, 16554, 58.14
SHANTI, SM, 09-Mar-2020,19.8,18.75,18.75,18.0, 18.00,18.35,18.38,9000,1.65,2, 9000, 100.00
SHANTIGEAR, EQ, 09-Mar-2020,82.75,83.85,83.85,76.6, 80.95,79.9,80.31,17562,14.1,396, 14032, 79.90
SHARDACROP, EQ, 09-Mar-2020,208.25,205.0,205.0,190.1, 192.90,193.1,199.2,332452,662.23,2399, 13831, 4.16
SHARDAMOTR, EQ, 09-Mar-2020,771.9,784.0,799.7,705.6, 725.00,726.7,745.51,3036,22.63,324, 2325, 76.58
SHARIABEES, EQ, 09-Mar-2020,276.62,288.0,300.0,241.0, 241.00,243.67,251.68,2090,5.26,138, 1200, 57.42
SHEMAROO, EQ, 09-Mar-2020,48.25,45.85,48.25,45.85, 45.85,45.85,45.89,6254,2.87,96, 5819, 93.04
SHIL, EQ, 09-Mar-2020,118.6,115.05,115.05,97.3, 108.00,108.95,110.7,64333,71.22,680, 57392, 89.21
SHILPAMED, EQ, 09-Mar-2020,456.25,441.0,447.9,433.45, 433.45,434.4,435.22,33325,145.04,1974, 19799, 59.41
SHIRPUR-G, EQ, 09-Mar-2020,8.55,8.2,8.2,8.15, 8.15,8.15,8.17,1477,0.12,16, 1477, 100.00
SHIVAMAUTO, EQ, 09-Mar-2020,15.25,14.8,14.85,12.9, 13.00,13.2,13.5,188681,25.47,900, 144410, 76.54
SHIVAMILLS, EQ, 09-Mar-2020,25.3,25.3,25.75,24.0, 24.85,24.85,25.05,7772,1.95,25, 4370, 56.23
SHIVATEX, EQ, 09-Mar-2020,73.75,69.1,74.1,69.1, 71.05,72.8,71.64,452,0.32,41, 351, 77.65
SHK, EQ, 09-Mar-2020,93.65,91.0,93.6,87.1, 91.50,90.85,90.99,56204,51.14,1203, 47385, 84.31
SHOPERSTOP, EQ, 09-Mar-2020,369.45,355.5,368.15,351.05, 365.00,360.15,359.47,19672,70.71,2411, 9212, 46.83
SHREDIGCEM, EQ, 09-Mar-2020,31.5,30.3,31.65,30.0, 30.95,30.8,30.62,718752,220.1,1889, 466347, 64.88
SHREECEM, EQ, 09-Mar-2020,23110.45,23000.5,23000.95,21712.0, 21855.00,21860.15,22157.12,62959,13949.9,28657, 38606, 61.32
SHREEPUSHK, EQ, 09-Mar-2020,101.25,101.0,101.0,92.0, 94.75,93.6,94.78,35883,34.01,1086, 18877, 52.61
SHREERAMA, EQ, 09-Mar-2020,4.95,4.85,4.85,4.75, 4.75,4.75,4.83,120,0.01,2, 120, 100.00
SHRENIK, EQ, 09-Mar-2020,25.0,24.9,24.9,20.0, 20.00,20.0,20.76,428139,88.88,562, 388313, 90.70
SHREYANIND, EQ, 09-Mar-2020,88.75,88.75,88.75,78.35, 80.65,82.95,84.77,12580,10.66,413, 9094, 72.29
SHREYAS, EQ, 09-Mar-2020,54.1,54.1,54.1,51.4, 53.45,53.4,51.68,9210,4.76,207, 6712, 72.88
SHRIPISTON, BE, 09-Mar-2020,566.75,539.05,594.0,538.45, 590.00,590.0,569.0,1248,7.1,36, -, -
SHRIRAMCIT, EQ, 09-Mar-2020,1373.35,1360.05,1429.5,1341.0, 1398.00,1377.3,1381.85,11754,162.42,2888, 7171, 61.01
SHRIRAMEPC, EQ, 09-Mar-2020,3.05,3.0,3.0,2.9, 2.90,2.9,2.91,46300,1.35,98, 36372, 78.56
SHUBHLAXMI, SM, 09-Mar-2020,36.5,32.85,34.85,32.85, 34.85,34.85,33.52,3000,1.01,3, 2000, 66.67
SHYAMCENT, EQ, 09-Mar-2020,2.5,2.6,2.6,2.4, 2.40,2.4,2.48,6043,0.15,11, 4043, 66.90
SICAGEN, EQ, 09-Mar-2020,11.8,11.75,12.35,11.05, 11.50,11.25,11.72,14578,1.71,161, 6852, 47.00
SICAL, EQ, 09-Mar-2020,9.1,9.1,9.1,8.65, 8.65,8.65,8.67,36765,3.19,120, 34170, 92.94
SIEMENS, EQ, 09-Mar-2020,1339.0,1314.8,1319.95,1268.2, 1282.00,1286.6,1290.31,576565,7439.49,21713, 177415, 30.77
SIGIND, EQ, 09-Mar-2020,19.55,19.05,19.75,18.15, 19.20,19.2,19.23,17553,3.38,149, 16408, 93.48
SIL, BE, 09-Mar-2020,10.45,10.0,10.3,10.0, 10.10,10.1,10.25,2039,0.21,7, -, -
SILINV, EQ, 09-Mar-2020,120.05,116.0,118.0,110.1, 113.25,114.2,113.15,1918,2.17,114, 1360, 70.91
SILLYMONKS, SM, 09-Mar-2020,29.0,23.25,25.0,23.25, 24.00,24.0,24.06,10560,2.54,4, 10560, 100.00
SILVERTUC, SM, 09-Mar-2020,115.0,110.0,110.0,109.0, 109.00,109.0,109.5,2000,2.19,2, 2000, 100.00
SIMBHALS, EQ, 09-Mar-2020,5.25,5.25,5.45,5.0, 5.00,5.0,5.03,16022,0.81,36, 14011, 87.45
SIMPLEXINF, EQ, 09-Mar-2020,40.85,38.85,38.85,38.85, 38.85,38.85,38.85,12508,4.86,149, 12508, 100.00
SINTERCOM, SM, 09-Mar-2020,70.0,70.0,70.0,70.0, 70.00,70.0,70.0,2000,1.4,1, 2000, 100.00
SINTEX, EQ, 09-Mar-2020,0.7,0.65,0.7,0.65, 0.70,0.7,0.66,3724893,24.7,1098, 2231529, 59.91
SIRCA, EQ, 09-Mar-2020,288.3,290.0,290.0,273.9, 273.90,273.9,276.71,14055,38.89,400, 12711, 90.44
SIS, EQ, 09-Mar-2020,534.85,475.0,521.0,475.0, 520.00,517.5,505.03,91222,460.7,13867, 60470, 66.29
SITASHREE, BZ, 09-Mar-2020,0.35,0.3,0.3,0.3, 0.30,0.3,0.3,3510,0.01,3, -, -
SITINET, EQ, 09-Mar-2020,0.65,0.65,0.65,0.6, 0.60,0.6,0.6,274552,1.65,93, 259552, 94.54
SIYSIL, EQ, 09-Mar-2020,195.0,189.5,189.5,170.0, 181.90,181.1,177.81,11556,20.55,770, 6376, 55.17
SJVN, EQ, 09-Mar-2020,22.95,22.75,22.8,21.25, 21.65,21.55,21.83,5840234,1274.95,45235, 3825712, 65.51
SKFINDIA, EQ, 09-Mar-2020,1794.0,1790.0,1798.9,1751.0, 1780.00,1788.45,1770.58,7337,129.91,1178, 4705, 64.13
SKIL, EQ, 09-Mar-2020,3.4,3.3,3.55,3.25, 3.25,3.3,3.44,133461,4.6,35, 130461, 97.75
SKIPPER, EQ, 09-Mar-2020,30.15,29.9,29.9,24.95, 25.15,25.2,26.18,204919,53.65,1903, 158327, 77.26
SKMEGGPROD, EQ, 09-Mar-2020,24.35,24.3,24.3,22.6, 23.20,23.25,23.14,32653,7.56,468, 19707, 60.35
SMARTLINK, EQ, 09-Mar-2020,71.2,71.75,73.75,70.65, 71.40,72.1,71.43,2123,1.52,66, 1637, 77.11
SMLISUZU, EQ, 09-Mar-2020,430.4,421.0,422.05,397.5, 401.10,403.55,407.59,32197,131.23,2367, 17546, 54.50
SMPL, BZ, 09-Mar-2020,0.1,0.1,0.1,0.1, 0.10,0.1,0.1,9653,0.01,9, -, -
SMSLIFE, EQ, 09-Mar-2020,245.75,249.9,252.0,221.0, 228.05,230.65,237.9,3566,8.48,244, 2474, 69.38
SMSPHARMA, EQ, 09-Mar-2020,37.55,38.65,41.5,34.5, 36.35,37.15,37.96,221837,84.21,1853, 135386, 61.03
SMVD, SM, 09-Mar-2020,8.0,7.7,7.7,7.7, 7.70,7.7,7.7,2000,0.15,1, 2000, 100.00
SNOWMAN, EQ, 09-Mar-2020,39.0,35.1,38.8,35.1, 35.50,36.15,36.99,525747,194.49,2191, 180185, 34.27
SOBHA, EQ, 09-Mar-2020,296.7,290.8,291.0,258.65, 261.05,262.15,272.16,426574,1160.97,44927, 298587, 70.00
SOLARA, EQ, 09-Mar-2020,623.7,622.9,622.9,543.05, 550.00,553.75,572.0,60578,346.51,3380, 35990, 59.41
SOLARINDS, EQ, 09-Mar-2020,1132.5,1125.0,1138.1,1083.0, 1110.00,1112.9,1101.22,82190,905.09,2994, 76122, 92.62
SOMANYCERA, EQ, 09-Mar-2020,163.25,165.9,165.9,153.05, 159.00,161.55,158.73,35191,55.86,1044, 21078, 59.90
SOMATEX, EQ, 09-Mar-2020,1.95,1.9,1.9,1.9, 1.90,1.9,1.9,750,0.01,6, 750, 100.00
SOMICONVEY, EQ, 09-Mar-2020,12.6,12.95,15.1,12.95, 15.10,15.1,14.79,99796,14.76,227, 81039, 81.20
SONATSOFTW, EQ, 09-Mar-2020,326.85,318.4,320.0,295.05, 311.00,311.15,304.47,133050,405.1,5490, 72336, 54.37
SORILINFRA, EQ, 09-Mar-2020,96.7,92.5,92.5,91.9, 91.90,91.9,91.9,7083,6.51,53, 7083, 100.00
SOTL, EQ, 09-Mar-2020,753.15,790.0,790.0,740.0, 757.00,746.0,760.56,1405,10.69,186, 1066, 75.87
SOUTHBANK, EQ, 09-Mar-2020,8.5,8.35,8.4,7.4, 7.50,7.5,7.66,20653369,1581.46,24065, 11303899, 54.73
SOUTHWEST, EQ, 09-Mar-2020,16.6,16.6,17.0,15.1, 16.50,16.75,16.27,125,0.02,23, 40, 32.00
SPAL, EQ, 09-Mar-2020,125.75,125.0,125.0,115.0, 120.00,120.15,120.25,31753,38.18,568, 25349, 79.83
SPANDANA, EQ, 09-Mar-2020,1049.7,1025.0,1041.95,990.0, 1010.00,1000.9,1013.67,35426,359.1,3019, 26831, 75.74
SPARC, EQ, 09-Mar-2020,148.1,143.0,146.25,134.2, 134.20,136.4,140.21,566291,794.02,9761, 201768, 35.63
SPCENET, EQ, 09-Mar-2020,0.85,0.85,0.9,0.85, 0.85,0.85,0.85,2482,0.02,10, 2482, 100.00
SPECIALITY, EQ, 09-Mar-2020,47.1,44.55,46.7,41.0, 41.50,41.8,42.52,225264,95.79,1325, 190363, 84.51
SPENCERS, EQ, 09-Mar-2020,87.6,84.2,87.25,79.9, 80.35,81.15,83.21,1321582,1099.64,11704, 553716, 41.90
SPENTEX, BE, 09-Mar-2020,0.2,0.2,0.25,0.2, 0.20,0.2,0.23,33753,0.08,26, -, -
SPIC, EQ, 09-Mar-2020,15.25,14.05,15.65,14.05, 15.20,15.4,14.92,55745,8.32,458, 44373, 79.60
SPICEJET, EQ, 09-Mar-2020,63.2,62.5,66.95,59.55, 63.00,63.7,64.44,8977028,5784.56,32509, 5463110, 60.86
SPLIL, EQ, 09-Mar-2020,25.15,24.55,24.55,22.25, 22.55,22.65,23.38,33505,7.83,249, 27442, 81.90
SPMLINFRA, EQ, 09-Mar-2020,7.75,7.4,7.5,7.4, 7.40,7.4,7.4,23818,1.76,28, 22815, 95.79
SPTL, EQ, 09-Mar-2020,0.7,0.75,0.75,0.65, 0.65,0.7,0.67,5728178,38.09,944, 2799768, 48.88
SPYL, BE, 09-Mar-2020,0.3,0.25,0.35,0.25, 0.30,0.3,0.27,61584,0.17,22, -, -
SREEL, EQ, 09-Mar-2020,144.6,144.0,144.0,134.25, 140.00,139.85,138.12,9094,12.56,388, 7250, 79.72
SREIBNPNCD, N7, 09-Mar-2020,1024.99,980.0,980.0,980.0, 980.00,980.0,980.0,70,0.69,1, 70, 100.00
SREIBNPNCD, N8, 09-Mar-2020,1078.45,1084.6,1084.6,1084.6, 1084.60,1084.6,1084.6,128,1.39,3, 128, 100.00
SREIBNPNCD, NJ, 09-Mar-2020,870.0,860.0,860.0,835.0, 850.00,850.0,850.91,275,2.34,7, 275, 100.00
SREIBNPNCD, NL, 09-Mar-2020,910.0,920.0,920.0,890.0, 890.00,890.0,901.19,451,4.06,8, 451, 100.00
SREIBNPNCD, NN, 09-Mar-2020,1183.99,1098.9,1098.9,1098.9, 1098.90,1098.9,1098.9,18,0.2,1, 18, 100.00
SREIBNPNCD, NR, 09-Mar-2020,760.0,761.0,761.0,760.0, 760.00,760.0,760.05,105,0.8,3, 105, 100.00
SREIBNPNCD, NU, 09-Mar-2020,750.0,750.0,750.0,700.11, 700.11,700.11,733.37,15,0.11,3, 15, 100.00
SREIBNPNCD, NX, 09-Mar-2020,860.0,855.0,855.0,855.0, 855.00,855.0,855.0,2,0.02,1, 2, 100.00
SREIBNPNCD, NY, 09-Mar-2020,900.0,900.0,900.0,900.0, 900.00,900.0,900.0,5,0.05,1, 5, 100.00
SREINFRA, EQ, 09-Mar-2020,6.25,6.25,6.25,5.6, 5.65,5.7,5.79,1278758,74.03,1477, 782838, 61.22
SRF, EQ, 09-Mar-2020,3887.35,3840.0,3845.95,3688.05, 3722.00,3726.7,3748.55,318940,11955.63,28173, 65799, 20.63
SRHHYPOLTD, EQ, 09-Mar-2020,109.45,106.95,107.0,97.2, 98.20,99.85,101.63,8559,8.7,485, 6577, 76.84
SRIPIPES, EQ, 09-Mar-2020,184.95,180.0,181.65,165.95, 171.95,171.15,171.02,145920,249.55,2916, 83681, 57.35
SRTRANSFIN, EQ, 09-Mar-2020,1105.3,1047.0,1058.25,977.05, 977.05,987.65,1012.74,3544596,35897.49,95304, 1557307, 43.93
SRTRANSFIN, Y9, 09-Mar-2020,1073.0,1060.0,1072.1,1060.0, 1072.00,1072.0,1063.44,140,1.49,4, 140, 100.00
SRTRANSFIN, YB, 09-Mar-2020,1010.01,1010.01,1014.0,1008.0, 1008.00,1008.0,1010.06,440,4.44,8, 418, 95.00
SRTRANSFIN, YH, 09-Mar-2020,982.05,999.39,999.39,971.25, 996.59,996.59,993.09,47,0.47,6, 44, 93.62
SRTRANSFIN, YI, 09-Mar-2020,995.0,996.8,996.8,993.8, 993.80,993.8,994.27,160,1.59,4, 160, 100.00
SRTRANSFIN, YJ, 09-Mar-2020,1030.0,1029.95,1029.95,1028.8, 1028.80,1028.8,1029.13,35,0.36,2, 35, 100.00
SRTRANSFIN, YK, 09-Mar-2020,1037.82,1030.11,1039.0,1005.55, 1010.00,1010.49,1020.24,478,4.88,38, 386, 80.75
SRTRANSFIN, YL, 09-Mar-2020,1025.0,1042.8,1042.8,1004.11, 1004.11,1004.11,1021.17,80,0.82,5, 75, 93.75
SRTRANSFIN, YM, 09-Mar-2020,1139.96,1140.99,1140.99,1130.0, 1135.00,1135.0,1134.64,70,0.79,4, 45, 64.29
SRTRANSFIN, YN, 09-Mar-2020,1140.0,1148.55,1148.55,1143.0, 1143.00,1145.0,1146.78,50,0.57,3, 25, 50.00
SRTRANSFIN, YO, 09-Mar-2020,990.0,1001.85,1001.85,975.5, 1000.00,994.89,985.02,379,3.73,13, 354, 93.40
SRTRANSFIN, YP, 09-Mar-2020,1001.9,1000.0,1010.0,1000.0, 1010.00,1010.0,1006.47,778,7.83,4, 778, 100.00
SRTRANSFIN, YQ, 09-Mar-2020,1012.0,1015.89,1015.89,1001.0, 1006.00,1006.0,1004.29,475,4.77,17, 435, 91.58
SRTRANSFIN, YR, 09-Mar-2020,1030.05,1030.05,1030.05,1001.0, 1001.00,1001.0,1001.99,871,8.73,23, 646, 74.17
SRTRANSFIN, YS, 09-Mar-2020,1018.0,1023.0,1023.0,1000.55, 1000.55,1000.55,1017.17,95,0.97,3, 75, 78.95
SRTRANSFIN, YT, 09-Mar-2020,1090.0,1118.99,1118.99,1106.0, ,1106.0,1113.3,50,0.56,3, 50, 100.00
SRTRANSFIN, YU, 09-Mar-2020,1100.0,1122.59,1122.59,1122.59, 1122.59,1122.59,1122.59,25,0.28,1, 25, 100.00
SRTRANSFIN, YV, 09-Mar-2020,999.0,1000.0,1002.0,1000.0, 1000.00,1000.0,1000.64,121,1.21,7, 110, 90.91
SRTRANSFIN, YW, 09-Mar-2020,1000.0,1000.0,1010.0,1000.0, 1010.00,1010.0,1006.24,761,7.66,16, 761, 100.00
SRTRANSFIN, YX, 09-Mar-2020,999.0,985.25,1004.0,985.25, 990.00,990.0,989.4,310,3.07,29, 280, 90.32
SRTRANSFIN, YY, 09-Mar-2020,1000.0,1007.05,1007.05,983.2, 987.90,985.34,990.97,490,4.86,19, 325, 66.33
SRTRANSFIN, YZ, 09-Mar-2020,1007.2,1007.2,1007.2,1005.0, 1005.00,1005.0,1006.1,50,0.5,2, 50, 100.00
SRTRANSFIN, Z1, 09-Mar-2020,1089.0,1066.1,1088.0,1066.1, 1066.10,1066.1,1072.18,90,0.96,5, 55, 61.11
SRTRANSFIN, Z2, 09-Mar-2020,1096.0,1097.9,1097.9,1097.9, 1097.90,1097.9,1097.9,10,0.11,1, 10, 100.00
SRTRANSFIN, Z3, 09-Mar-2020,1001.85,1000.0,1000.0,980.0, 980.00,980.0,986.67,75,0.74,2, 75, 100.00
SRTRANSFIN, Z4, 09-Mar-2020,1001.9,1001.9,1001.9,1001.9, 1001.90,1001.9,1001.9,25,0.25,1, 25, 100.00
SRTRANSFIN, Z5, 09-Mar-2020,983.0,1001.9,1001.9,948.0, 948.00,948.0,990.11,32,0.32,2, 32, 100.00
SRTRANSFIN, Z6, 09-Mar-2020,1046.85,1046.85,1046.85,1005.0, 1032.80,1032.8,1016.49,445,4.52,15, 370, 83.15
SRTRANSFIN, Z7, 09-Mar-2020,1044.35,1047.9,1047.9,1047.9, 1047.90,1047.9,1047.9,25,0.26,1, 25, 100.00
SRTRANSFIN, ZC, 09-Mar-2020,1049.0,1049.0,1049.0,1049.0, 1049.00,1049.0,1049.0,25,0.26,1, 25, 100.00
SRTRANSFIN, ZG, 09-Mar-2020,960.0,921.05,1000.0,921.05, 1000.00,1000.0,959.31,50,0.48,6, 30, 60.00
SSINFRA, SM, 09-Mar-2020,13.1,12.75,12.75,12.45, 12.45,12.45,12.55,12000,1.51,4, 9000, 75.00
SSWL, EQ, 09-Mar-2020,690.65,675.3,681.95,636.05, 648.95,648.5,651.81,16687,108.77,736, 11266, 67.51
STAMPEDE, EQ, 09-Mar-2020,0.4,0.35,0.4,0.35, 0.40,0.4,0.36,123337,0.45,54, 111112, 90.09
STAN, DR, 09-Mar-2020,49.45,48.05,48.05,42.6, 44.80,44.7,44.55,9108,4.06,107, 5303, 58.22
STAR, EQ, 09-Mar-2020,462.85,446.0,465.45,439.0, 443.00,444.55,452.18,308774,1396.22,9717, 93578, 30.31
STARCEMENT, EQ, 09-Mar-2020,82.5,84.5,84.5,76.1, 81.20,79.65,78.14,126487,98.84,1864, 81835, 64.70
STARPAPER, EQ, 09-Mar-2020,104.8,102.0,103.8,95.35, 96.90,96.35,98.14,120559,118.31,2372, 62833, 52.12
STCINDIA, EQ, 09-Mar-2020,40.2,41.0,41.0,36.3, 36.55,36.9,37.36,30759,11.49,784, 19157, 62.28
STEELCITY, EQ, 09-Mar-2020,23.45,21.7,23.4,19.1, 20.25,20.45,20.89,22056,4.61,154, 11958, 54.22
STEELXIND, EQ, 09-Mar-2020,21.25,20.2,21.8,20.2, 21.80,20.7,20.53,12993,2.67,411, 12451, 95.83
STEL, EQ, 09-Mar-2020,52.05,52.05,52.05,48.0, 49.20,50.4,50.17,8790,4.41,162, 7974, 90.72
STERTOOLS, EQ, 09-Mar-2020,209.65,196.7,210.65,196.6, 204.05,208.45,207.4,26369,54.69,797, 19271, 73.08
STINDIA, EQ, 09-Mar-2020,3.7,3.7,3.7,3.55, 3.70,3.7,3.63,101,0.0,3, 51, 50.50
STRTECH, EQ, 09-Mar-2020,90.05,88.0,88.0,83.25, 84.55,84.45,84.53,1247574,1054.54,13746, 606417, 48.61
SUBCAPCITY, BE, 09-Mar-2020,5.25,5.25,5.25,5.25, 5.25,5.25,5.25,6500,0.34,2, -, -
SUBEX, EQ, 09-Mar-2020,5.6,5.55,5.75,5.45, 5.55,5.55,5.56,2494864,138.73,677, 2185380, 87.60
SUBROS, EQ, 09-Mar-2020,236.05,226.0,228.95,215.35, 215.35,217.1,220.27,33997,74.88,1647, 14337, 42.17
SUDARSCHEM, EQ, 09-Mar-2020,447.3,439.0,443.95,405.0, 420.20,421.7,420.11,262834,1104.2,7288, 145173, 55.23
SUJANAUNI, BE, 09-Mar-2020,0.1,0.1,0.15,0.1, 0.10,0.15,0.14,357732,0.52,139, -, -
SUMEETINDS, EQ, 09-Mar-2020,1.8,1.85,1.85,1.85, 1.85,1.85,1.85,76929,1.42,55, 76929, 100.00
SUMICHEM, EQ, 09-Mar-2020,231.1,225.0,231.8,215.1, 216.25,217.45,222.38,353113,785.25,10255, 177478, 50.26
SUMIT, BE, 09-Mar-2020,14.95,14.25,14.25,14.25, 14.25,14.25,14.25,4,0.0,2, -, -
SUMMITSEC, EQ, 09-Mar-2020,388.45,381.0,381.0,349.1, 355.20,358.6,356.44,3239,11.55,338, 2586, 79.84
SUNCLAYLTD, EQ, 09-Mar-2020,1889.35,1825.05,1854.0,1725.0, 1747.65,1736.2,1783.18,2373,42.31,637, 1739, 73.28
SUNDARAM, EQ, 09-Mar-2020,1.65,1.6,1.6,1.6, 1.60,1.6,1.6,48169,0.77,29, 47271, 98.14
SUNDARMFIN, EQ, 09-Mar-2020,1497.65,1493.0,1493.0,1425.5, 1453.00,1450.45,1444.57,54508,787.41,8095, 29601, 54.31
SUNDARMHLD, EQ, 09-Mar-2020,51.6,51.25,52.0,45.2, 48.50,48.6,48.05,78290,37.62,578, 65634, 83.83
SUNDRMBRAK, EQ, 09-Mar-2020,241.25,254.9,254.9,228.0, 230.35,228.95,232.43,1176,2.73,210, 788, 67.01
SUNDRMFAST, EQ, 09-Mar-2020,400.4,398.0,398.4,375.95, 381.00,380.7,380.66,168790,642.51,5903, 135476, 80.26
SUNFLAG, EQ, 09-Mar-2020,33.9,33.0,33.35,31.45, 32.50,32.55,32.49,137624,44.72,886, 100215, 72.82
SUNPHARMA, EQ, 09-Mar-2020,400.9,396.05,403.9,385.55, 393.00,393.35,394.67,13152861,51910.14,101814, 2837377, 21.57
SUNTECK, EQ, 09-Mar-2020,338.15,338.0,338.0,296.3, 298.00,304.2,311.41,301900,940.15,11121, 136420, 45.19
SUNTV, EQ, 09-Mar-2020,415.55,403.0,409.7,382.55, 400.00,401.7,399.6,2583135,10322.32,33353, 514985, 19.94
SUPERHOUSE, EQ, 09-Mar-2020,71.05,70.15,72.6,67.1, 70.50,70.55,68.9,9921,6.84,240, 7677, 77.38
SUPERSPIN, EQ, 09-Mar-2020,2.9,2.9,3.0,2.8, 3.00,2.95,2.89,14011,0.4,22, 13911, 99.29
SUPPETRO, EQ, 09-Mar-2020,153.65,160.0,165.0,151.0, 154.20,155.4,155.63,32092,49.94,938, 19642, 61.21
SUPRAJIT, EQ, 09-Mar-2020,189.75,189.75,189.75,170.0, 170.15,172.6,177.75,71493,127.08,3087, 50025, 69.97
SUPREMEENG, SM, 09-Mar-2020,26.0,25.0,25.0,23.5, 23.50,23.5,24.25,8000,1.94,2, 8000, 100.00
SUPREMEIND, EQ, 09-Mar-2020,1235.1,1211.05,1233.95,1181.0, 1190.30,1202.8,1208.82,99818,1206.62,8670, 61042, 61.15
SUPREMEINF, EQ, 09-Mar-2020,16.9,17.7,17.7,16.1, 16.10,16.1,16.22,2476,0.4,9, 2376, 95.96
SURANASOL, EQ, 09-Mar-2020,5.95,5.95,6.15,5.7, 5.70,5.7,5.75,37151,2.14,88, 33472, 90.10
SURANAT&P, EQ, 09-Mar-2020,3.65,3.65,3.9,3.3, 3.30,3.3,3.36,3459,0.12,48, 3222, 93.15
SUREVIN, SM, 09-Mar-2020,71.75,68.2,68.2,68.2, 68.20,68.2,68.2,1000,0.68,1, 1000, 100.00
SURYALAXMI, EQ, 09-Mar-2020,18.15,20.5,21.1,15.75, 16.90,16.95,17.44,14211,2.48,217, 7699, 54.18
SURYAROSNI, EQ, 09-Mar-2020,134.25,138.8,138.8,111.0, 120.60,122.05,123.97,161506,200.22,3046, 85974, 53.23
SUTLEJTEX, EQ, 09-Mar-2020,27.85,27.6,27.6,25.5, 25.55,25.75,25.91,44917,11.64,339, 31000, 69.02
SUVEN, EQ, 09-Mar-2020,48.05,45.65,45.65,45.65, 45.65,45.65,45.65,42288,19.3,319, 42287, 100.00
SUVENPHAR, BE, 09-Mar-2020,301.45,321.0,337.05,321.0, 337.05,337.05,334.8,416907,1395.82,1207, -, -
SUZLON, EQ, 09-Mar-2020,2.4,2.35,2.35,2.2, 2.20,2.2,2.22,23559069,523.21,7717, 16011890, 67.96
SVLL, SM, 09-Mar-2020,86.0,82.0,82.0,82.0, 82.00,82.0,82.0,1000,0.82,1, 1000, 100.00
SWANENERGY, EQ, 09-Mar-2020,111.55,106.0,111.0,102.15, 107.00,106.85,106.68,89562,95.55,2312, 21490, 23.99
SWARAJENG, EQ, 09-Mar-2020,1275.55,1280.0,1280.0,1234.0, 1260.00,1254.6,1248.01,13103,163.53,790, 11392, 86.94
SWELECTES, EQ, 09-Mar-2020,100.55,100.0,100.0,90.1, 93.00,93.3,94.15,13752,12.95,370, 9826, 71.45
SWSOLAR, EQ, 09-Mar-2020,143.25,139.0,142.0,136.1, 136.10,136.1,137.82,189746,261.5,1961, 178693, 94.17
SYMPHONY, EQ, 09-Mar-2020,1270.3,1261.0,1269.0,1212.05, 1230.05,1231.15,1234.0,17612,217.33,1953, 11585, 65.78
SYNDIBANK, EQ, 09-Mar-2020,20.3,19.8,20.0,18.65, 18.85,18.9,19.15,7911214,1514.79,4245, 5412394, 68.41
SYNGENE, EQ, 09-Mar-2020,293.05,288.05,293.0,280.5, 285.95,284.75,286.89,89995,258.19,4227, 55043, 61.16
TAINWALCHM, EQ, 09-Mar-2020,48.05,51.35,51.35,44.55, 46.70,45.95,47.25,1662,0.79,62, 1447, 87.06
TAJGVK, EQ, 09-Mar-2020,131.25,130.0,130.0,120.1, 122.00,123.55,122.23,20133,24.61,990, 11957, 59.39
TAKE, EQ, 09-Mar-2020,75.0,73.7,85.1,60.0, 65.85,66.4,67.26,230421,154.97,3530, 127851, 55.49
TALBROAUTO, EQ, 09-Mar-2020,102.0,94.9,111.2,91.5, 97.00,95.45,95.13,28207,26.83,447, 18899, 67.00
TALWALKARS, BE, 09-Mar-2020,1.45,1.5,1.5,1.4, 1.40,1.4,1.41,22147,0.31,57, -, -
TALWGYM, BE, 09-Mar-2020,0.8,0.75,0.75,0.75, 0.75,0.75,0.75,14802,0.11,29, -, -
TANLA, EQ, 09-Mar-2020,66.4,65.85,65.85,60.25, 62.55,62.2,61.8,412679,255.03,2932, 269044, 65.19
TANTIACONS, BE, 09-Mar-2020,2.5,2.6,2.6,2.5, 2.50,2.5,2.5,151,0.0,2, -, -
TARAPUR, BE, 09-Mar-2020,2.85,2.85,2.85,2.85, 2.85,2.85,2.85,1101,0.03,6, -, -
TARMAT, EQ, 09-Mar-2020,34.2,32.5,34.8,32.5, 34.80,34.25,34.15,6191,2.11,45, 5831, 94.19
TASTYBITE, EQ, 09-Mar-2020,12153.6,12199.0,12199.0,11013.15, 11520.00,11517.7,11581.89,1592,184.38,774, 1000, 62.81
TATACAPHSG, N2, 09-Mar-2020,1002.0,1001.0,1001.5,1000.0, 1001.50,1001.5,1000.75,174,1.74,5, 174, 100.00
TATACAPHSG, N4, 09-Mar-2020,1005.0,1000.0,1000.0,1000.0, 1000.00,1000.0,1000.0,33,0.33,2, 33, 100.00
TATACAPHSG, N8, 09-Mar-2020,1003.15,1004.0,1005.5,1004.0, 1005.50,1005.5,1005.09,252,2.53,12, 252, 100.00
TATACAPHSG, NB, 09-Mar-2020,1018.7,1018.0,1018.0,1012.95, 1012.95,1012.95,1016.53,48,0.49,4, 48, 100.00
TATACHEM, EQ, 09-Mar-2020,310.35,305.0,310.0,294.0, 296.45,298.25,300.77,1379645,4149.62,13691, 642024, 46.54
TATACOFFEE, EQ, 09-Mar-2020,76.45,74.85,74.9,70.0, 71.85,71.8,72.04,424819,306.03,4130, 202748, 47.73
TATACOMM, EQ, 09-Mar-2020,341.55,330.0,335.0,316.65, 332.00,329.2,325.25,114717,373.12,6127, 38128, 33.24
TATACONSUM, EQ, 09-Mar-2020,344.5,338.0,340.85,319.15, 325.95,330.1,331.66,5653412,18749.85,47319, 2380543, 42.11
TATAELXSI, EQ, 09-Mar-2020,985.75,945.0,969.85,903.5, 925.40,932.4,931.09,452272,4211.04,20651, 118462, 26.19
TATAINVEST, EQ, 09-Mar-2020,838.9,830.15,837.0,780.2, 787.00,792.5,802.86,37858,303.95,2140, 24713, 65.28
TATAMETALI, EQ, 09-Mar-2020,587.9,589.9,589.9,568.0, 580.00,578.45,576.14,35456,204.28,2670, 26087, 73.58
TATAMOTORS, EQ, 09-Mar-2020,114.2,109.0,109.85,104.25, 104.90,105.7,107.19,81550460,87416.34,284834, 12502380, 15.33
TATAMTRDVR, EQ, 09-Mar-2020,49.95,46.15,47.95,45.55, 45.85,46.05,46.64,3116084,1453.39,17764, 1327579, 42.60
TATAPOWER, EQ, 09-Mar-2020,43.05,42.05,42.25,38.4, 39.10,39.75,40.39,12060078,4871.29,34441, 3802962, 31.53
TATASTEEL, E1, 09-Mar-2020,38.95,38.0,38.15,35.45, 36.00,35.9,36.37,298332,108.51,1054, 216562, 72.59
TATASTEEL, EQ, 09-Mar-2020,351.5,337.5,337.7,319.75, 323.00,322.3,327.36,20423826,66858.69,205411, 6978505, 34.17
TATASTLBSL, EQ, 09-Mar-2020,22.15,21.6,26.55,20.3, 20.50,21.2,20.81,1971574,410.29,3538, 1045184, 53.01
TATASTLLP, EQ, 09-Mar-2020,313.15,308.25,308.25,285.0, 290.40,292.0,293.89,29745,87.42,1688, 18898, 63.53
TBZ, EQ, 09-Mar-2020,29.0,27.55,29.75,26.0, 26.50,26.7,27.41,164311,45.04,2428, 77132, 46.94
TCFSL, NB, 09-Mar-2020,1036.86,1033.0,1036.0,1031.0, 1031.00,1031.67,1033.17,1426,14.73,40, 1293, 90.67
TCFSL, ND, 09-Mar-2020,1042.72,1039.05,1042.0,1039.0, 1039.00,1039.43,1039.57,1336,13.89,27, 1309, 97.98
TCFSL, NF, 09-Mar-2020,1090.0,1090.0,1098.88,1090.0, 1096.05,1096.05,1094.95,1163,12.73,45, 1153, 99.14
TCFSL, NH, 09-Mar-2020,1034.8,1026.0,1026.01,1017.0, 1026.00,1025.79,1025.47,874,8.96,17, 874, 100.00
TCFSL, NJ, 09-Mar-2020,1033.0,1052.0,1052.0,1036.01, 1040.00,1039.25,1045.82,232,2.43,9, 222, 95.69
TCFSL, NL, 09-Mar-2020,1049.0,1050.0,1050.0,1050.0, 1050.00,1050.0,1050.0,61,0.64,3, 61, 100.00
TCI, EQ, 09-Mar-2020,206.55,204.95,204.95,192.95, 194.00,195.2,196.17,16324,32.02,863, 9318, 57.08
TCIDEVELOP, EQ, 09-Mar-2020,307.0,305.0,305.95,291.0, 291.15,292.45,296.75,29,0.09,9, 14, 48.28
TCIEXP, EQ, 09-Mar-2020,774.3,760.0,769.15,701.1, 736.55,748.2,740.91,23537,174.39,2015, 15116, 64.22
TCIFINANCE, EQ, 09-Mar-2020,4.85,4.95,5.05,4.65, 5.05,5.05,4.82,10276,0.5,43, 8376, 81.51
TCNSBRANDS, EQ, 09-Mar-2020,554.65,554.2,560.0,476.4, 504.60,490.1,514.5,6133,31.55,1364, 3820, 62.29
TCPLPACK, EQ, 09-Mar-2020,252.9,252.8,253.95,230.4, 242.00,242.15,240.02,7163,17.19,176, 6756, 94.32
TCS, EQ, 09-Mar-2020,2116.45,2075.0,2079.9,1935.0, 1981.00,1972.35,1989.28,4940982,98290.12,227592, 2739821, 55.45
TDPOWERSYS, EQ, 09-Mar-2020,157.75,155.0,155.0,143.0, 144.00,145.05,147.81,20160,29.8,487, 13337, 66.16
TEAMLEASE, EQ, 09-Mar-2020,2350.8,2306.0,2361.3,2272.05, 2330.00,2332.65,2312.84,10995,254.3,3236, 6720, 61.12
TECHM, EQ, 09-Mar-2020,740.4,715.0,730.0,696.55, 703.75,704.8,708.12,3429034,24281.57,122068, 2006302, 58.51
TECHNOE, EQ, 09-Mar-2020,293.65,295.0,295.0,280.0, 288.05,287.55,287.14,18299,52.54,3438, 12766, 69.76
TECHNOFAB, EQ, 09-Mar-2020,7.7,7.35,7.35,7.35, 7.35,7.35,7.35,1639,0.12,17, 1639, 100.00
TEJASNET, EQ, 09-Mar-2020,46.0,46.0,46.0,41.4, 41.40,41.8,42.17,202135,85.25,3473, 134939, 66.76
TERASOFT, EQ, 09-Mar-2020,18.9,20.0,20.0,17.15, 18.40,18.0,18.27,16584,3.03,719, 13675, 82.46
TEXINFRA, EQ, 09-Mar-2020,36.5,36.05,36.05,31.55, 33.00,32.95,34.01,50285,17.1,431, 41806, 83.14
TEXMOPIPES, EQ, 09-Mar-2020,11.45,11.05,11.5,10.05, 10.50,10.5,10.71,62713,6.72,507, 43160, 68.82
TEXRAIL, EQ, 09-Mar-2020,22.35,21.9,22.35,19.15, 20.50,20.5,20.23,1022897,206.92,5338, 628118, 61.41
TFCILTD, EQ, 09-Mar-2020,59.85,59.0,59.05,54.0, 54.05,54.45,55.73,130383,72.66,1121, 99658, 76.43
TFL, EQ, 09-Mar-2020,3.3,3.25,3.25,3.15, 3.15,3.15,3.21,1696,0.05,9, 1696, 100.00
TGBHOTELS, EQ, 09-Mar-2020,3.0,2.85,3.15,2.85, 2.85,2.85,2.86,17034,0.49,39, 16713, 98.12
THANGAMAYL, EQ, 09-Mar-2020,395.4,395.4,399.95,351.5, 390.00,383.3,379.16,13498,51.18,988, 10556, 78.20
THEINVEST, EQ, 09-Mar-2020,119.75,124.0,130.0,97.95, 107.00,109.7,117.54,23416,27.52,356, 12422, 53.05
THEJO, SM, 09-Mar-2020,503.5,503.5,503.5,503.5, 503.50,503.5,503.5,200,1.01,1, 200, 100.00
THEMISMED, EQ, 09-Mar-2020,343.1,330.05,332.8,325.95, 325.95,325.95,326.97,4536,14.83,85, 4341, 95.70
THERMAX, EQ, 09-Mar-2020,872.1,858.0,875.0,833.2, 875.00,858.45,853.26,94957,810.23,16940, 75735, 79.76
THIRUSUGAR, BZ, 09-Mar-2020,3.7,3.7,3.7,3.55, 3.55,3.55,3.57,501,0.02,7, -, -
THOMASCOOK, EQ, 09-Mar-2020,47.95,44.15,46.9,44.15, 44.60,45.2,45.71,292210,133.56,4735, 160077, 54.78
THOMASCOTT, BE, 09-Mar-2020,4.1,4.15,4.15,4.15, 4.15,4.15,4.15,200,0.01,1, -, -
THYROCARE, EQ, 09-Mar-2020,565.5,552.35,560.0,498.65, 529.90,524.25,523.98,119160,624.38,5079, 64738, 54.33
TI, EQ, 09-Mar-2020,15.8,15.25,15.8,15.05, 15.35,15.15,15.15,75716,11.47,962, 73758, 97.41
TIDEWATER, EQ, 09-Mar-2020,4169.95,4126.55,4170.0,3916.75, 3980.00,3996.5,4044.91,2461,99.55,1020, 1739, 70.66
TIIL, EQ, 09-Mar-2020,288.25,280.3,290.0,280.2, 290.00,289.9,284.8,16268,46.33,160, 15683, 96.40
TIINDIA, EQ, 09-Mar-2020,504.8,500.0,514.0,497.7, 505.30,505.9,505.52,57378,290.06,1879, 42029, 73.25
TIJARIA, EQ, 09-Mar-2020,4.85,4.75,5.0,4.65, 4.85,4.75,4.79,8553,0.41,70, 6958, 81.35
TIL, EQ, 09-Mar-2020,151.5,145.05,152.85,137.9, 144.00,143.45,142.97,2350,3.36,164, 1591, 67.70
TIMESGTY, EQ, 09-Mar-2020,26.2,26.15,26.15,26.15, 26.15,26.15,26.15,12,0.0,1, 12, 100.00
TIMETECHNO, EQ, 09-Mar-2020,43.7,43.5,44.55,38.55, 39.10,40.65,42.36,300543,127.31,2646, 188053, 62.57
TIMKEN, EQ, 09-Mar-2020,937.8,904.0,921.1,893.6, 908.00,911.75,906.0,41825,378.93,2135, 27751, 66.35
TINPLATE, EQ, 09-Mar-2020,116.75,114.8,114.8,104.9, 107.00,106.1,108.17,243610,263.52,5610, 105027, 43.11
TIPSINDLTD, EQ, 09-Mar-2020,116.05,111.05,115.45,110.25, 110.35,110.45,111.32,10874,12.1,162, 9377, 86.23
TIRUMALCHM, EQ, 09-Mar-2020,61.35,60.05,62.6,57.5, 57.85,58.2,60.05,774138,464.87,5471, 397821, 51.39
TIRUPATI, SM, 09-Mar-2020,39.9,37.0,37.0,37.0, 37.00,37.0,37.0,3000,1.11,1, 3000, 100.00
TITAN, EQ, 09-Mar-2020,1242.6,1225.0,1241.85,1175.0, 1208.00,1203.45,1204.74,2285790,27537.89,96508, 893919, 39.11
TMRVL, EQ, 09-Mar-2020,7.2,7.0,7.0,6.85, 6.85,6.85,6.85,17491,1.2,850, 17491, 100.00
TNPETRO, EQ, 09-Mar-2020,30.4,30.45,32.6,29.5, 30.90,31.2,31.15,156595,48.77,1796, 80010, 51.09
TNPL, EQ, 09-Mar-2020,152.0,152.0,152.45,145.0, 152.00,151.25,148.42,75871,112.61,1538, 62794, 82.76
TOKYOPLAST, EQ, 09-Mar-2020,60.4,61.9,61.9,56.2, 61.70,61.55,60.04,5748,3.45,252, 4039, 70.27
TORNTPHARM, EQ, 09-Mar-2020,2196.1,2196.1,2197.5,2020.1, 2105.20,2099.65,2098.76,461888,9693.9,62800, 230466, 49.90
TORNTPOWER, EQ, 09-Mar-2020,314.75,313.9,313.9,303.2, 308.00,309.2,307.06,1798464,5522.37,15159, 922479, 51.29
TOTAL, SM, 09-Mar-2020,35.8,34.05,34.05,34.05, 34.05,34.05,34.05,3000,1.02,1, 3000, 100.00
TOUCHWOOD, EQ, 09-Mar-2020,69.9,69.95,70.0,63.0, 67.80,67.45,68.22,11869,8.1,195, 6315, 53.21
TPLPLASTEH, EQ, 09-Mar-2020,103.85,103.85,103.85,84.0, 94.80,94.25,93.03,6795,6.32,270, 4551, 66.98
TRANSWIND, SM, 09-Mar-2020,3.15,3.3,3.3,3.3, 3.30,3.3,3.3,4000,0.13,1, 4000, 100.00
TREEHOUSE, EQ, 09-Mar-2020,4.2,3.9,4.5,3.8, 4.00,4.0,3.96,43830,1.74,115, 24238, 55.30
TREJHARA, EQ, 09-Mar-2020,6.95,6.85,6.85,6.3, 6.30,6.3,6.37,9107,0.58,48, 7872, 86.44
TRENT, EQ, 09-Mar-2020,693.8,675.0,680.0,621.25, 660.05,660.35,660.07,588634,3885.42,25355, 350749, 59.59
TRF, EQ, 09-Mar-2020,88.8,88.0,88.0,82.5, 83.50,83.8,83.92,26797,22.49,621, 18150, 67.73
TRIDENT, EQ, 09-Mar-2020,5.1,5.0,5.0,4.8, 4.95,4.9,4.87,6096557,296.87,8365, 3434085, 56.33
TRIGYN, EQ, 09-Mar-2020,35.15,36.0,36.0,32.0, 32.70,33.25,33.04,40421,13.35,755, 23611, 58.41
TRIL, EQ, 09-Mar-2020,7.15,7.3,7.3,6.2, 6.65,6.75,6.75,274237,18.51,748, 164147, 59.86
TRITURBINE, EQ, 09-Mar-2020,89.05,89.1,89.1,83.05, 83.05,84.25,85.03,17217,14.64,473, 10427, 60.56
TRIVENI, EQ, 09-Mar-2020,60.35,58.25,59.7,53.0, 54.25,53.75,54.35,524297,284.94,4727, 335913, 64.07
TTKHLTCARE, EQ, 09-Mar-2020,403.3,406.2,406.2,365.0, 370.10,372.6,380.05,3530,13.42,664, 2657, 75.27
TTKPRESTIG, EQ, 09-Mar-2020,5596.4,5535.15,5939.8,5525.05, 5725.00,5797.25,5660.49,6716,380.16,1825, 4783, 71.22
TTL, EQ, 09-Mar-2020,37.95,39.0,39.15,36.0, 39.00,38.85,38.13,7755,2.96,124, 6744, 86.96
TTML, BE, 09-Mar-2020,2.45,2.35,2.45,2.35, 2.35,2.35,2.35,351296,8.27,289, -, -
TV18BRDCST, EQ, 09-Mar-2020,20.85,20.05,20.9,18.55, 18.85,18.8,19.23,6909108,1328.34,6550, 5365271, 77.66
TVSELECT, EQ, 09-Mar-2020,85.0,81.95,82.05,76.5, 76.50,77.75,79.17,40359,31.95,1303, 24364, 60.37
TVSMOTOR, EQ, 09-Mar-2020,414.1,402.15,407.75,388.35, 397.80,399.7,399.73,1370754,5479.33,17171, 412316, 30.08
TVSSRICHAK, EQ, 09-Mar-2020,1455.75,1436.35,1440.7,1380.0, 1383.00,1382.9,1393.94,3442,47.98,671, 2665, 77.43
TVTODAY, EQ, 09-Mar-2020,208.3,209.0,211.8,194.15, 200.85,201.3,199.62,55628,111.05,2092, 33149, 59.59
TWL, EQ, 09-Mar-2020,39.75,37.7,38.65,36.7, 37.30,37.35,37.78,372838,140.85,2462, 230463, 61.81
UBL, EQ, 09-Mar-2020,1226.75,1210.5,1220.0,1180.15, 1195.00,1188.25,1195.27,595110,7113.18,26875, 334095, 56.14
UCALFUEL, EQ, 09-Mar-2020,99.25,98.0,98.75,91.1, 92.00,92.35,93.77,20394,19.12,756, 15301, 75.03
UCOBANK, EQ, 09-Mar-2020,11.9,11.9,11.9,11.05, 11.35,11.35,11.41,761222,86.86,2462, 452370, 59.43
UFLEX, EQ, 09-Mar-2020,198.4,197.0,197.0,186.45, 186.70,186.95,188.79,72898,137.62,1862, 51962, 71.28
UFO, EQ, 09-Mar-2020,129.5,130.1,132.5,125.0, 126.60,127.25,128.65,547674,704.61,8929, 346000, 63.18
UGARSUGAR, EQ, 09-Mar-2020,12.25,12.15,14.1,11.7, 12.35,12.4,12.11,213014,25.8,529, 110254, 51.76
UJAAS, EQ, 09-Mar-2020,2.95,2.85,2.95,2.85, 2.85,2.85,2.87,310867,8.93,450, 199963, 64.32
UJJIVAN, EQ, 09-Mar-2020,318.7,314.9,314.9,295.4, 296.25,298.15,303.55,1440316,4372.05,13105, 468630, 32.54
UJJIVANSFB, EQ, 09-Mar-2020,44.4,42.0,42.85,40.1, 40.95,40.8,41.16,2999073,1234.34,26390, 1617932, 53.95
ULTRACEMCO, EQ, 09-Mar-2020,4167.85,4070.0,4164.55,3995.0, 4065.00,4097.35,4104.6,588288,24146.88,67061, 277605, 47.19
UMANGDAIRY, EQ, 09-Mar-2020,37.05,37.05,37.85,34.15, 35.30,35.3,35.9,5312,1.91,147, 3497, 65.83
UNICHEMLAB, EQ, 09-Mar-2020,125.8,125.0,125.35,118.0, 118.00,119.5,121.38,38581,46.83,1057, 27448, 71.14
UNIENTER, EQ, 09-Mar-2020,61.25,59.25,60.9,52.1, 52.15,52.65,55.27,32023,17.7,424, 25180, 78.63
UNIINFO, SM, 09-Mar-2020,21.15,21.0,21.1,19.95, 20.40,20.4,20.67,18000,3.72,9, 4000, 22.22
UNIONBANK, EQ, 09-Mar-2020,36.7,35.95,35.95,33.55, 34.00,33.85,34.36,3615525,1242.12,10852, 1267499, 35.06
UNIPLY, EQ, 09-Mar-2020,6.35,6.05,6.05,6.05, 6.05,6.05,6.05,48325,2.92,126, 48325, 100.00
UNITECH, BE, 09-Mar-2020,2.15,2.05,2.05,2.05, 2.05,2.05,2.05,559195,11.46,363, -, -
UNITEDBNK, EQ, 09-Mar-2020,6.0,5.6,5.7,5.1, 5.40,5.35,5.3,2362749,125.33,2908, 1153032, 48.80
UNITEDTEA, EQ, 09-Mar-2020,232.5,212.6,229.0,212.6, 224.40,221.4,219.89,484,1.06,83, 331, 68.39
UNITY, BZ, 09-Mar-2020,0.25,0.2,0.25,0.2, 0.25,0.25,0.24,57959,0.14,24, -, -
UNIVASTU, SM, 09-Mar-2020,39.0,39.0,39.0,39.0, 39.00,39.0,39.0,3000,1.17,1, 3000, 100.00
UNIVCABLES, EQ, 09-Mar-2020,127.2,125.0,125.0,111.25, 119.85,118.0,117.25,30228,35.44,761, 20082, 66.44
UNIVPHOTO, EQ, 09-Mar-2020,58.4,47.0,59.9,47.0, 50.60,51.3,52.71,3038,1.6,81, 1878, 61.82
UPL, EQ, 09-Mar-2020,513.6,504.65,519.9,494.65, 509.45,513.0,505.73,4467786,22594.75,99364, 1657755, 37.10
URJA, EQ, 09-Mar-2020,1.2,1.15,1.15,1.15, 1.15,1.15,1.15,790316,9.09,1005, 738648, 93.46
USHAMART, EQ, 09-Mar-2020,22.0,22.0,22.0,19.5, 19.80,19.75,20.26,419809,85.04,1182, 319243, 76.04
UTIFEFRGR4, MF, 09-Mar-2020,9.63,9.0,9.0,9.0, 9.00,9.0,9.0,5000,0.45,5, 5000, 100.00
UTINEXT50, EQ, 09-Mar-2020,281.0,281.0,287.9,264.0, 277.90,277.25,269.78,1852,5.0,137, 866, 46.76
UTINIFTETF, EQ, 09-Mar-2020,1168.23,1160.0,1160.0,1100.0, 1106.00,1115.89,1109.19,94902,1052.64,453, 94190, 99.25
UTISENSETF, EQ, 09-Mar-2020,401.53,402.0,411.98,377.0, 411.90,400.25,395.15,7055,27.88,373, 4527, 64.17
UTISXN50, EQ, 09-Mar-2020,305.7,305.7,305.7,292.0, 292.00,292.0,294.01,274,0.81,18, 268, 97.81
UTTAMSTL, EQ, 09-Mar-2020,5.45,5.2,5.45,5.2, 5.35,5.3,5.25,128278,6.74,133, 107641, 83.91
UTTAMSUGAR, EQ, 09-Mar-2020,86.1,83.0,83.65,76.0, 78.50,78.35,78.94,42365,33.44,1234, 15218, 35.92
UVSL, EQ, 09-Mar-2020,0.1,0.1,0.1,0.05, 0.10,0.1,0.08,2936291,2.3,306, 2793555, 95.14
V2RETAIL, EQ, 09-Mar-2020,75.9,72.0,74.2,69.1, 71.25,70.3,70.66,143322,101.27,1671, 88487, 61.74
VADILALIND, EQ, 09-Mar-2020,721.15,687.1,717.95,650.0, 677.00,671.4,663.43,31082,206.21,1042, 22680, 72.97
VAIBHAVGBL, EQ, 09-Mar-2020,1007.9,1000.0,1007.9,970.0, 972.15,978.55,989.09,27739,274.36,1525, 22161, 79.89
VAISHALI, EQ, 09-Mar-2020,50.75,48.0,51.5,45.7, 51.25,51.0,50.18,37661,18.9,279, 11743, 31.18
VAKRANGEE, EQ, 09-Mar-2020,36.9,37.45,38.05,35.15, 37.40,37.4,36.73,7262450,2667.18,6573, 5447179, 75.00
VARDHACRLC, EQ, 09-Mar-2020,30.9,30.75,32.0,29.1, 31.05,30.65,30.6,28252,8.64,126, 17377, 61.51
VARDMNPOLY, EQ, 09-Mar-2020,3.15,3.3,3.3,3.3, 3.30,3.3,3.3,1295,0.04,12, 1295, 100.00
VARROC, EQ, 09-Mar-2020,358.7,358.7,362.1,340.0, 342.50,344.2,349.16,26356,92.02,1470, 18890, 71.67
VASA, SM, 09-Mar-2020,7.1,7.1,7.1,6.75, 6.75,6.75,6.93,8000,0.55,2, 8000, 100.00
VASCONEQ, EQ, 09-Mar-2020,12.25,12.0,12.0,10.35, 10.50,10.4,10.88,552086,60.09,888, 437056, 79.16
VASWANI, EQ, 09-Mar-2020,3.15,3.2,3.35,3.0, 3.10,3.1,3.08,32246,0.99,32, 17401, 53.96
VBL, EQ, 09-Mar-2020,784.95,751.25,778.0,726.0, 743.00,743.5,741.36,578814,4291.09,18117, 440313, 76.07
VEDL, EQ, 09-Mar-2020,111.05,104.0,105.45,93.4, 94.10,94.9,98.17,38812756,38104.41,168779, 9756147, 25.14
VENKEYS, EQ, 09-Mar-2020,1058.2,980.0,989.55,931.0, 955.00,966.1,961.86,130920,1259.27,11334, 36567, 27.93
VENUSREM, EQ, 09-Mar-2020,27.75,28.1,30.5,28.1, 30.50,30.5,30.35,72777,22.09,427, 62220, 85.49
VESUVIUS, EQ, 09-Mar-2020,1098.2,1077.05,1077.05,1030.0, 1055.00,1059.65,1058.29,6827,72.25,314, 6262, 91.72
VETO, EQ, 09-Mar-2020,43.85,42.1,43.0,39.5, 39.90,39.55,39.98,13269,5.31,394, 10481, 78.99
VGUARD, EQ, 09-Mar-2020,198.05,195.0,199.85,192.05, 197.00,197.1,196.22,343921,674.84,12201, 242589, 70.54
VHL, EQ, 09-Mar-2020,1204.8,1190.4,1196.3,1085.45, 1104.00,1110.1,1116.77,1416,15.81,462, 825, 58.26
VICEROY, BE, 09-Mar-2020,1.0,1.0,1.0,0.95, 0.95,0.95,0.96,23112,0.22,57, -, -
VIDEOIND, BZ, 09-Mar-2020,1.6,1.55,1.55,1.55, 1.55,1.55,1.55,43996,0.68,48, -, -
VIDHIING, EQ, 09-Mar-2020,66.1,65.0,65.0,58.1, 60.80,60.6,61.72,80669,49.79,734, 71402, 88.51
VIJIFIN, EQ, 09-Mar-2020,0.35,0.3,0.35,0.3, 0.30,0.3,0.3,220767,0.66,59, 202162, 91.57
VIKASECO, EQ, 09-Mar-2020,1.7,1.7,1.7,1.65, 1.65,1.65,1.65,85702,1.42,87, 82196, 95.91
VIKASMCORP, EQ, 09-Mar-2020,2.1,2.0,2.0,2.0, 2.00,2.0,2.0,235794,4.72,41, 235794, 100.00
VIKASPROP, EQ, 09-Mar-2020,9.0,8.85,8.85,8.85, 8.85,8.85,8.85,28619,2.53,123, 28619, 100.00
VIKASWSP, EQ, 09-Mar-2020,6.6,6.5,6.9,6.1, 6.25,6.2,6.26,349210,21.87,428, 256232, 73.37
VIMTALABS, EQ, 09-Mar-2020,88.9,93.0,93.0,82.0, 84.00,83.4,84.31,25145,21.2,554, 18397, 73.16
VINATIORGA, EQ, 09-Mar-2020,1013.2,999.95,999.95,872.15, 895.00,894.0,909.37,300430,2732.01,25321, 179462, 59.74
VINDHYATEL, EQ, 09-Mar-2020,747.05,747.0,747.0,703.8, 735.05,730.05,725.13,7051,51.13,528, 5028, 71.31
VINYLINDIA, EQ, 09-Mar-2020,57.65,56.0,58.9,55.5, 56.10,56.45,56.48,14797,8.36,368, 9169, 61.97
VIPCLOTHNG, EQ, 09-Mar-2020,5.85,5.65,5.65,5.6, 5.60,5.6,5.61,23693,1.33,70, 23693, 100.00
VIPIND, EQ, 09-Mar-2020,385.3,384.0,384.0,362.0, 365.00,365.7,371.63,240919,895.34,10217, 151163, 62.74
VIPULLTD, EQ, 09-Mar-2020,17.1,17.1,17.1,16.25, 16.25,16.25,16.43,2281,0.37,16, 2281, 100.00
VISAKAIND, EQ, 09-Mar-2020,192.4,188.0,190.45,180.2, 182.65,182.75,183.65,65043,119.45,1730, 43222, 66.45
VISASTEEL, EQ, 09-Mar-2020,3.65,3.4,3.7,3.3, 3.55,3.4,3.39,9771,0.33,44, 7850, 80.34
VISESHINFO, BE, 09-Mar-2020,0.05,0.05,0.05,0.05, 0.05,0.05,0.05,5782523,2.89,712, -, -
VISHAL, BE, 09-Mar-2020,194.75,190.0,190.0,185.05, 185.05,185.05,187.53,2,0.0,2, -, -
VISHNU, EQ, 09-Mar-2020,109.0,102.05,105.0,98.25, 101.00,101.0,101.87,19711,20.08,399, 13924, 70.64
VISHWARAJ, EQ, 09-Mar-2020,61.65,60.0,63.0,57.0, 63.00,61.45,61.39,122692,75.32,274, 99303, 80.94
VIVIDHA, EQ, 09-Mar-2020,0.25,0.3,0.3,0.2, 0.25,0.25,0.25,150172,0.38,48, 108264, 72.09
VIVIMEDLAB, EQ, 09-Mar-2020,9.55,9.3,9.6,8.5, 9.20,9.25,9.15,253135,23.17,472, 212439, 83.92
VLSFINANCE, EQ, 09-Mar-2020,47.1,45.1,48.65,43.0, 44.00,43.85,43.91,39713,17.44,526, 22346, 56.27
VMART, EQ, 09-Mar-2020,2182.9,2105.1,2169.95,2105.1, 2106.00,2119.4,2124.25,31859,676.76,1765, 26361, 82.74
VOLTAMP, EQ, 09-Mar-2020,1273.2,1251.15,1251.15,1221.3, 1239.95,1237.25,1234.39,13950,172.2,1512, 9823, 70.42
VOLTAS, EQ, 09-Mar-2020,673.65,655.75,664.95,635.15, 648.00,646.1,648.65,2114146,13713.42,52433, 674896, 31.92
VRLLOG, EQ, 09-Mar-2020,223.1,220.0,235.25,195.2, 225.00,224.8,215.82,71270,153.82,4049, 31710, 44.49
VSCL, SM, 09-Mar-2020,11.95,11.4,11.4,11.4, 11.40,11.4,11.4,3000,0.34,1, 3000, 100.00
VSSL, EQ, 09-Mar-2020,57.0,58.95,58.95,54.35, 55.00,54.95,56.72,35926,20.38,406, 34359, 95.64
VSTIND, EQ, 09-Mar-2020,4117.0,4020.3,4083.95,3900.05, 3937.00,3928.4,3963.66,4711,186.73,1175, 3499, 74.27
VSTTILLERS, EQ, 09-Mar-2020,1042.95,1034.85,1034.85,921.0, 952.35,946.5,943.85,20018,188.94,3373, 13001, 64.95
VTL, EQ, 09-Mar-2020,1019.3,1010.0,1010.0,975.0, 993.00,990.5,991.48,10201,101.14,1247, 7775, 76.22
WABAG, EQ, 09-Mar-2020,172.15,169.9,169.95,158.0, 161.00,161.95,162.79,185769,302.41,6049, 116820, 62.88
WABCOINDIA, EQ, 09-Mar-2020,6676.3,6610.0,6670.0,6580.0, 6591.05,6597.65,6606.12,14413,952.14,1407, 13090, 90.82
WALCHANNAG, EQ, 09-Mar-2020,44.55,44.0,44.0,38.0, 38.85,38.75,40.05,149033,59.69,2026, 91137, 61.15
WANBURY, BE, 09-Mar-2020,23.05,23.0,23.0,21.9, 21.90,21.9,21.93,16282,3.57,53, -, -
WATERBASE, EQ, 09-Mar-2020,102.7,98.8,109.0,96.1, 108.00,105.9,101.58,270838,275.12,4600, 115983, 42.82
WEBELSOLAR, EQ, 09-Mar-2020,18.2,17.45,17.65,17.3, 17.30,17.3,17.33,10545,1.83,95, 10257, 97.27
WEIZFOREX, BZ, 09-Mar-2020,329.65,320.0,328.0,313.2, 313.20,313.2,318.38,169,0.54,14, -, -
WEIZMANIND, EQ, 09-Mar-2020,19.25,20.2,20.2,20.2, 20.20,20.2,20.2,11313,2.29,23, 11313, 100.00
WELCORP, EQ, 09-Mar-2020,155.45,146.5,146.5,124.4, 124.40,124.45,127.32,4325207,5506.95,32062, 2131449, 49.28
WELENT, EQ, 09-Mar-2020,61.6,60.45,65.0,50.9, 62.10,62.65,59.23,1300863,770.49,10250, 631389, 48.54
WELINV, EQ, 09-Mar-2020,174.75,166.5,170.0,166.05, 170.00,170.0,168.11,470,0.79,9, 420, 89.36
WELSPUNIND, EQ, 09-Mar-2020,36.9,36.6,37.1,33.85, 34.30,34.3,34.42,1883440,648.3,5672, 1419762, 75.38
WENDT, EQ, 09-Mar-2020,2414.65,2332.25,2440.0,2250.5, 2298.00,2296.4,2347.72,468,10.99,196, 356, 76.07
WESTLIFE, EQ, 09-Mar-2020,439.5,406.6,426.05,396.95, 407.00,408.8,408.79,201606,824.15,9372, 113103, 56.10
WHEELS, EQ, 09-Mar-2020,479.8,460.0,480.85,451.1, 451.10,454.5,460.73,2286,10.53,368, 1638, 71.65
WHIRLPOOL, EQ, 09-Mar-2020,2121.8,2060.0,2199.9,2020.55, 2134.00,2134.95,2104.31,106619,2243.6,11523, 56127, 52.64
WILLAMAGOR, EQ, 09-Mar-2020,13.6,14.2,14.25,12.95, 12.95,12.95,13.7,7417,1.02,38, 5523, 74.46
WINDMACHIN, EQ, 09-Mar-2020,13.15,12.5,12.5,12.5, 12.50,12.5,12.5,2364,0.3,24, 2364, 100.00
WINSOME, BZ, 09-Mar-2020,0.1,0.1,0.1,0.1, 0.10,0.1,0.1,5517,0.01,7, -, -
WIPL, BE, 09-Mar-2020,49.0,47.05,47.05,47.05, 47.05,47.05,47.05,1,0.0,1, -, -
WIPRO, EQ, 09-Mar-2020,223.55,220.2,221.0,213.0, 215.00,214.4,215.27,8731114,18795.3,67373, 5794746, 66.37
WOCKPHARMA, EQ, 09-Mar-2020,302.75,297.0,297.0,261.25, 264.00,272.4,281.25,735215,2067.78,14321, 207162, 28.18
WONDERLA, EQ, 09-Mar-2020,203.15,201.85,205.9,197.0, 198.50,202.0,201.05,55775,112.14,2558, 34540, 61.93
WORTH, SM, 09-Mar-2020,46.5,46.0,46.0,37.6, 41.70,41.35,41.78,9000,3.76,6, 6000, 66.67
WSTCSTPAPR, EQ, 09-Mar-2020,199.85,195.1,199.7,187.45, 194.50,195.55,192.39,165075,317.58,4288, 110320, 66.83
XCHANGING, EQ, 09-Mar-2020,46.25,43.15,46.15,43.15, 45.00,44.8,44.24,17235,7.62,281, 13784, 79.98
XELPMOC, EQ, 09-Mar-2020,52.3,54.4,54.4,44.2, 53.40,52.05,48.44,2891,1.4,151, 1437, 49.71
XLENERGY, BZ, 09-Mar-2020,0.3,0.25,0.35,0.25, 0.25,0.25,0.3,692,0.0,10, -, -
XPROINDIA, EQ, 09-Mar-2020,18.6,18.0,20.5,17.35, 18.00,17.85,17.76,835,0.15,38, 580, 69.46
YESBANK, EQ, 09-Mar-2020,16.15,17.0,22.8,16.2, 21.35,21.25,20.24,727571816,147246.5,1070599, 135724742, 18.65
ZEEL, EQ, 09-Mar-2020,221.15,215.95,215.95,190.3, 193.00,194.45,199.01,20444187,40686.64,145622, 4239973, 20.74
ZEEL, P2, 09-Mar-2020,3.5,3.5,3.5,3.35, 3.40,3.4,3.43,3835598,131.48,89, 3780735, 98.57
ZEELEARN, EQ, 09-Mar-2020,14.45,14.0,15.2,13.25, 15.20,14.75,13.95,360914,50.35,1534, 218317, 60.49
ZEEMEDIA, EQ, 09-Mar-2020,4.65,4.65,4.8,4.45, 4.45,4.45,4.49,225386,10.12,510, 173871, 77.14
ZENITHEXPO, EQ, 09-Mar-2020,38.0,38.15,38.15,36.1, 37.95,37.95,36.11,811,0.29,16, 809, 99.75
ZENSARTECH, EQ, 09-Mar-2020,127.6,127.9,133.9,122.25, 123.50,124.75,128.74,140500,180.87,17725, 81920, 58.31
ZENTEC, EQ, 09-Mar-2020,51.7,51.2,51.7,47.2, 47.40,48.0,49.37,87947,43.42,847, 70364, 80.01
ZICOM, EQ, 09-Mar-2020,1.35,1.35,1.35,1.3, 1.30,1.3,1.34,2250,0.03,6, 2250, 100.00
ZODIAC, SM, 09-Mar-2020,16.15,15.35,15.35,15.35, 15.35,15.35,15.35,4000,0.61,2, 2000, 50.00
ZODIACLOTH, EQ, 09-Mar-2020,144.9,141.9,146.9,126.0, 143.00,140.4,137.38,5201,7.15,306, 3710, 71.33
ZODJRDMKJ, EQ, 09-Mar-2020,27.3,26.5,26.95,25.65, 25.65,25.75,26.35,262,0.07,19, 240, 91.60
ZOTA, EQ, 09-Mar-2020,165.35,166.55,168.05,165.0, 165.00,165.05,165.86,33598,55.73,173, 12742, 37.92
ZUARI, EQ, 09-Mar-2020,68.45,68.8,69.55,64.4, 67.95,68.3,67.38,70599,47.57,1328, 55044, 77.97
ZUARIGLOB, EQ, 09-Mar-2020,37.2,36.5,37.0,30.8, 34.15,34.6,34.51,58625,20.23,1026, 35206, 60.05
ZYDUSWELL, EQ, 09-Mar-2020,1439.5,1444.0,1444.9,1399.5, 1409.00,1406.2,1408.7,19416,273.51,1171, 15902, 81.90
