SYMBOL, SERIES, DATE1, PREV_CLOSE, OPEN_PRICE, HIGH_PRICE, LOW_PRICE, LAST_PRICE, CLOSE_PRICE, AVG_PRICE, TTL_TRD_QNTY, TURNOVER_LACS, NO_OF_TRADES, DELIV_QTY, DELIV_PER
20MICRONS, EQ, 05-Apr-2021,35.4,35.4,35.85,34.5,35.8,35.55,35.21,45149,15.9,397, 31930, 70.72
21STCENMGM, EQ, 05-Apr-2021,13.7,13.45,13.45,13.45,13.45,13.45,13.45,2718,0.37,17, 2718, 100.00
3IINFOTECH, EQ, 05-Apr-2021,7.8,8.15,8.15,8.0,8.15,8.15,8.14,14015066,1140.76,5037, 8122889, 57.96
3MINDIA, EQ, 05-Apr-2021,29602.95,29880.0,29880.0,27810.3,28060.0,28178.55,28586.73,6292,1798.68,3809, 2197, 34.92
3PLAND, EQ, 05-Apr-2021,8.9,9.0,9.0,8.65,8.85,8.85,8.75,2183,0.19,35, 1925, 88.18
5PAISA, EQ, 05-Apr-2021,260.6,278.8,286.65,268.0,286.65,286.25,278.71,104995,292.63,2758, 58509, 55.73
63MOONS, EQ, 05-Apr-2021,72.0,72.85,73.35,71.1,73.0,72.75,72.49,36916,26.76,772, 22101, 59.87
68GS2060, GS, 05-Apr-2021,106.9,106.9,107.3,106.9,107.3,107.3,107.17,1100,1.18,8, 1000, 90.91
762GS2039, GS, 05-Apr-2021,110.0,110.0,110.0,110.0,110.0,110.0,110.0,50,0.06,1, 50, 100.00
A2ZINFRA, EQ, 05-Apr-2021,3.8,3.85,3.85,3.7,3.75,3.7,3.76,438051,16.46,367, 313160, 71.49
AAKASH, BE, 05-Apr-2021,130.9,130.9,132.0,128.5,132.0,131.9,130.23,8585,11.18,115, -, -
AARON, EQ, 05-Apr-2021,57.8,60.2,60.2,56.15,58.0,58.4,58.16,1006,0.59,55, 576, 57.26
AARTIDRUGS, EQ, 05-Apr-2021,718.65,710.0,715.15,693.6,698.0,698.95,701.83,366612,2572.99,15412, 116883, 31.88
AARTIIND, EQ, 05-Apr-2021,1363.8,1363.65,1388.9,1325.25,1327.95,1329.25,1353.74,405142,5484.56,18156, 160114, 39.52
AARTISURF, EQ, 05-Apr-2021,977.7,983.0,1026.55,983.0,1026.55,1026.55,1015.13,35056,355.87,1448, 21905, 62.49
AARVEEDEN, EQ, 05-Apr-2021,17.85,17.7,17.95,17.5,17.5,17.5,17.58,1321,0.23,65, 870, 65.86
AARVI, EQ, 05-Apr-2021,50.75,53.0,53.0,49.0,51.5,51.05,50.72,2285,1.16,67, 1661, 72.69
AAVAS, EQ, 05-Apr-2021,2418.0,2430.0,2440.0,2325.15,2353.75,2361.75,2369.16,35391,838.47,7339, 17060, 48.20
ABAN, EQ, 05-Apr-2021,30.9,30.9,30.9,29.65,30.2,29.9,30.04,63187,18.98,615, 49085, 77.68
ABB, EQ, 05-Apr-2021,1397.5,1390.0,1400.0,1365.15,1379.8,1382.2,1385.38,88800,1230.22,9227, 48469, 54.58
ABBOTINDIA, EQ, 05-Apr-2021,14980.05,15021.4,15190.0,14912.5,15175.0,15160.15,15051.1,10230,1539.73,3188, 5883, 57.51
ABCAPITAL, EQ, 05-Apr-2021,121.55,120.9,122.8,117.1,120.4,120.15,119.24,2769642,3302.42,25719, 1096491, 39.59
ABFRL, EQ, 05-Apr-2021,198.95,198.5,198.5,186.0,187.3,187.25,189.06,3051902,5769.97,41086, 1819851, 59.63
ABFRLPP1, E1, 05-Apr-2021,167.75,174.45,174.45,150.2,159.0,158.95,158.81,9069,14.4,231, 8124, 89.58
ABINFRA, SM, 05-Apr-2021,6.95,6.65,6.65,6.65,6.65,6.65,6.65,4000,0.27,1, 4000, 100.00
ABMINTLTD, EQ, 05-Apr-2021,56.95,55.85,55.85,54.15,55.65,54.45,54.19,277,0.15,14, 273, 98.56
ABSLBANETF, EQ, 05-Apr-2021,336.46,331.0,337.48,323.5,325.0,325.0,327.23,873,2.86,58, 629, 72.05
ABSLNN50ET, EQ, 05-Apr-2021,347.4,350.0,373.0,337.0,340.2,348.65,361.07,933,3.37,99, 445, 47.70
ABSLRIF6RG, MF, 05-Apr-2021,8.38,7.65,8.15,7.65,8.03,8.03,8.14,20038,1.63,8, 20038, 100.00
ACC, EQ, 05-Apr-2021,1913.35,1908.0,1937.0,1872.1,1902.4,1894.4,1905.28,1272161,24238.25,44590, 289969, 22.79
ACCELYA, EQ, 05-Apr-2021,874.8,881.0,894.75,859.0,870.0,868.1,867.14,1832,15.89,355, 819, 44.71
ACCURACY, EQ, 05-Apr-2021,52.5,51.45,51.65,49.9,49.9,49.9,50.11,6617,3.32,83, 6392, 96.60
ACE, EQ, 05-Apr-2021,161.05,161.95,161.95,153.5,159.5,158.9,157.33,272422,428.6,4497, 149965, 55.05
ACRYSIL, EQ, 05-Apr-2021,323.25,334.8,339.4,326.7,339.4,339.4,337.3,191795,646.93,4281, 99536, 51.90
ADANIENT, EQ, 05-Apr-2021,1107.2,1127.0,1150.0,1098.85,1141.0,1138.25,1127.43,15795720,178085.64,298644, 1327960, 8.41
ADANIGREEN, EQ, 05-Apr-2021,1160.05,1165.0,1210.0,1125.05,1169.0,1164.2,1175.82,822644,9672.83,47039, 347398, 42.23
ADANIPORTS, EQ, 05-Apr-2021,736.25,731.75,745.0,715.0,744.0,742.25,730.14,15622924,114068.92,205603, 1431477, 9.16
ADANIPOWER, EQ, 05-Apr-2021,89.3,92.4,93.75,89.2,93.75,93.75,92.88,26119543,24260.65,86659, 10685974, 40.91
ADANITRANS, EQ, 05-Apr-2021,999.2,1008.0,1099.1,1000.0,1094.0,1095.15,1062.39,3267413,34712.75,119521, 990501, 30.31
ADFFOODS, EQ, 05-Apr-2021,925.95,929.9,946.0,891.0,926.45,930.45,922.17,55929,515.76,5213, 16578, 29.64
ADHUNIKIND, EQ, 05-Apr-2021,20.95,20.85,21.85,19.2,21.0,21.1,20.69,52047,10.77,473, 28877, 55.48
ADL, BE, 05-Apr-2021,28.75,28.9,30.15,27.35,28.0,28.0,29.45,2614,0.77,21, -, -
ADORWELD, EQ, 05-Apr-2021,312.7,308.1,308.1,300.25,302.8,303.05,303.05,15698,47.57,572, 9410, 59.94
ADROITINFO, BE, 05-Apr-2021,9.1,8.65,9.55,8.65,9.55,9.1,9.0,2005,0.18,16, -, -
ADSL, EQ, 05-Apr-2021,45.8,46.7,46.7,44.0,45.95,45.35,45.01,129614,58.34,1157, 64968, 50.12
ADVANIHOTR, EQ, 05-Apr-2021,58.6,59.0,59.0,56.75,57.65,57.5,57.29,9160,5.25,176, 6398, 69.85
ADVENZYMES, EQ, 05-Apr-2021,353.1,351.8,375.0,348.5,364.25,363.9,365.57,550658,2013.04,17904, 168533, 30.61
AEGISCHEM, EQ, 05-Apr-2021,301.25,301.25,301.25,286.8,287.9,288.1,290.92,219748,639.29,5955, 124373, 56.60
AFFLE, EQ, 05-Apr-2021,5602.3,5512.3,5599.9,5325.0,5479.0,5429.8,5444.85,56857,3095.78,17778, 28676, 50.44
AFLPP, E1, 05-Apr-2021,79.75,75.0,79.8,71.2,76.5,77.15,74.53,16419,12.24,91, 14639, 89.16
AGARIND, BE, 05-Apr-2021,158.75,161.0,166.6,153.15,158.0,158.0,159.04,8801,14.0,94, -, -
AGCNET, EQ, 05-Apr-2021,1355.4,1397.95,1423.15,1300.0,1423.15,1401.9,1407.98,37326,525.54,1631, 24001, 64.30
AGRITECH, EQ, 05-Apr-2021,31.85,32.45,33.35,31.35,32.8,32.65,32.16,6438,2.07,143, 3938, 61.17
AGROPHOS, EQ, 05-Apr-2021,12.25,12.45,12.45,11.65,11.75,11.8,11.81,45291,5.35,202, 34488, 76.15
AHLADA, EQ, 05-Apr-2021,96.05,97.7,98.7,91.55,93.4,96.05,94.31,5253,4.95,131, 2953, 56.22
AHLEAST, EQ, 05-Apr-2021,160.0,161.1,161.1,155.65,156.05,156.45,159.15,476,0.76,35, 253, 53.15
AHLUCONT, EQ, 05-Apr-2021,302.25,299.5,301.95,292.0,292.8,292.75,295.77,6066,17.94,401, 3633, 59.89
AHLWEST, EQ, 05-Apr-2021,246.0,257.0,257.0,227.05,230.0,229.35,234.65,2272,5.33,226, 1373, 60.43
AIAENG, EQ, 05-Apr-2021,2053.35,2054.0,2060.0,1975.0,1975.7,1980.6,1995.0,25054,499.83,4622, 12634, 50.43
AIRAN, EQ, 05-Apr-2021,15.8,15.8,16.25,15.5,15.9,15.8,15.82,46236,7.31,295, 31699, 68.56
AISL, SM, 05-Apr-2021,35.0,35.45,35.45,33.3,34.0,34.0,34.42,21600,7.43,13, 0, 0.00
AJANTPHARM, EQ, 05-Apr-2021,1748.45,1751.35,1769.9,1701.4,1747.9,1742.3,1739.95,94647,1646.81,10091, 18558, 19.61
AJMERA, EQ, 05-Apr-2021,120.1,121.9,121.9,115.05,116.65,117.2,117.61,59743,70.27,2672, 24865, 41.62
AJOONI, SM, 05-Apr-2021,31.4,30.5,31.0,30.2,31.0,31.0,30.71,39996,12.28,5, 39996, 100.00
AKASH, EQ, 05-Apr-2021,209.85,212.0,212.0,192.0,195.0,194.4,199.41,53437,106.56,440, 48808, 91.34
AKG, EQ, 05-Apr-2021,63.2,60.05,60.05,60.05,60.05,60.05,60.05,1785,1.07,9, 1785, 100.00
AKSHARCHEM, EQ, 05-Apr-2021,248.65,248.65,250.0,234.8,247.5,245.2,242.01,18246,44.16,666, 10465, 57.36
AKSHOPTFBR, EQ, 05-Apr-2021,5.85,5.8,6.3,5.8,6.2,6.15,6.02,395766,23.83,711, 231414, 58.47
AKZOINDIA, EQ, 05-Apr-2021,2371.05,2390.0,2404.45,2342.0,2378.9,2371.75,2375.33,36820,874.6,3983, 29582, 80.34
ALANKIT, EQ, 05-Apr-2021,16.15,16.3,16.45,15.8,16.15,16.15,16.16,83123,13.43,737, 48383, 58.21
ALBERTDAVD, EQ, 05-Apr-2021,389.5,389.5,389.5,380.2,381.5,384.1,385.26,4789,18.45,283, 3589, 74.94
ALCHEM, BZ, 05-Apr-2021,3.6,3.55,3.6,3.45,3.55,3.5,3.49,10384,0.36,64, -, -
ALEMBICLTD, EQ, 05-Apr-2021,105.3,104.2,108.8,103.5,105.45,105.9,106.21,1215227,1290.65,11247, 486696, 40.05
ALICON, EQ, 05-Apr-2021,430.8,435.1,435.1,409.0,420.8,415.9,417.76,7563,31.6,744, 4248, 56.17
ALKALI, EQ, 05-Apr-2021,53.05,53.85,54.35,50.65,51.1,51.55,52.88,59959,31.71,715, 35273, 58.83
ALKEM, EQ, 05-Apr-2021,2775.45,2772.0,2772.0,2670.1,2714.0,2707.45,2704.27,150201,4061.85,14404, 94763, 63.09
ALKYLAMINE, EQ, 05-Apr-2021,5758.65,5750.0,5758.65,5570.0,5675.0,5662.6,5644.05,30740,1734.98,8349, 12442, 40.47
ALLCARGO, EQ, 05-Apr-2021,126.75,127.3,128.65,124.3,127.0,127.0,126.94,214335,272.08,1424, 156314, 72.93
ALLSEC, EQ, 05-Apr-2021,326.3,325.75,325.75,312.0,312.05,313.6,316.46,7386,23.37,410, 4740, 64.18
ALMONDZ, EQ, 05-Apr-2021,29.3,29.2,29.4,28.0,28.0,28.15,28.3,16920,4.79,106, 13478, 79.66
ALOKINDS, EQ, 05-Apr-2021,20.85,20.9,21.6,20.65,21.5,21.5,21.21,13544393,2872.6,12398, 5776760, 42.65
ALPA, EQ, 05-Apr-2021,36.9,36.85,37.3,36.15,36.55,37.0,36.78,30951,11.38,208, 17671, 57.09
ALPHAGEO, EQ, 05-Apr-2021,179.35,177.6,180.85,174.8,180.0,177.95,177.36,9234,16.38,402, 6772, 73.34
ALPSINDUS, BE, 05-Apr-2021,1.7,1.65,1.75,1.65,1.65,1.65,1.68,2940,0.05,17, -, -
AMARAJABAT, EQ, 05-Apr-2021,860.5,862.5,866.85,837.0,848.0,847.85,849.41,455666,3870.49,18692, 96429, 21.16
AMBER, EQ, 05-Apr-2021,3247.55,3247.55,3250.95,3134.0,3250.95,3220.65,3195.54,68821,2199.2,16469, 36962, 53.71
AMBIKCO, EQ, 05-Apr-2021,911.1,929.0,929.0,871.0,885.0,876.65,881.22,15449,136.14,1832, 10255, 66.38
AMBUJACEM, EQ, 05-Apr-2021,311.0,310.4,314.9,301.55,306.9,306.05,306.96,7064466,21684.87,144478, 2691626, 38.10
AMDIND, BE, 05-Apr-2021,17.5,17.05,18.25,16.8,17.45,17.45,17.4,7358,1.28,31, -, -
AMJLAND, EQ, 05-Apr-2021,22.4,22.5,23.45,21.55,23.25,23.1,22.49,7117,1.6,107, 4273, 60.04
AMRUTANJAN, EQ, 05-Apr-2021,575.7,575.0,578.6,546.0,556.8,557.3,558.83,39862,222.76,3945, 16440, 41.24
ANANTRAJ, EQ, 05-Apr-2021,55.95,56.1,56.35,53.35,54.15,53.85,54.26,483435,262.29,2217, 348889, 72.17
ANDHRACEMT, EQ, 05-Apr-2021,5.6,5.5,5.65,5.4,5.5,5.45,5.47,199556,10.92,476, 122469, 61.37
ANDHRAPAP, EQ, 05-Apr-2021,224.4,218.95,223.0,213.65,220.0,220.0,219.83,72078,158.45,931, 66760, 92.62
ANDHRSUGAR, EQ, 05-Apr-2021,304.05,305.15,305.15,296.0,298.9,298.55,299.24,30088,90.04,1212, 14046, 46.68
ANGELBRKG, EQ, 05-Apr-2021,294.55,300.5,303.0,286.6,294.95,291.85,292.67,460068,1346.48,5099, 341095, 74.14
ANIKINDS, EQ, 05-Apr-2021,15.0,15.55,15.6,14.25,14.45,14.45,14.55,17711,2.58,77, 12139, 68.54
ANKITMETAL, EQ, 05-Apr-2021,1.05,1.1,1.1,1.0,1.05,1.0,1.03,119923,1.23,70, 76928, 64.15
ANSALAPI, EQ, 05-Apr-2021,6.15,6.45,6.45,6.15,6.45,6.4,6.44,532976,34.35,150, 507038, 95.13
ANSALHSG, EQ, 05-Apr-2021,5.45,5.6,5.6,5.2,5.3,5.25,5.26,104268,5.49,160, 62553, 59.99
ANTGRAPHIC, BE, 05-Apr-2021,0.55,0.5,0.5,0.5,0.5,0.5,0.5,27457,0.14,23, -, -
ANUP, EQ, 05-Apr-2021,583.65,575.05,594.0,555.0,570.25,567.9,569.14,15930,90.66,1381, 6867, 43.11
ANURAS, EQ, 05-Apr-2021,516.95,525.0,558.1,515.55,542.5,540.95,539.46,1583749,8543.75,63389, 599940, 37.88
APARINDS, EQ, 05-Apr-2021,483.15,482.9,482.9,460.0,470.75,473.25,468.93,42079,197.32,1915, 17957, 42.67
APCL, EQ, 05-Apr-2021,214.85,214.85,214.9,207.05,208.6,208.6,209.83,16508,34.64,577, 10461, 63.37
APCOTEXIND, EQ, 05-Apr-2021,183.8,183.65,184.95,177.0,180.0,179.3,180.21,61571,110.96,1808, 29989, 48.71
APEX, EQ, 05-Apr-2021,220.2,221.0,221.0,210.55,215.5,214.45,216.09,147000,317.65,5660, 42230, 28.73
APLAPOLLO, EQ, 05-Apr-2021,1326.75,1324.0,1324.0,1230.0,1237.95,1235.55,1253.17,345806,4333.55,18129, 238437, 68.95
APLLTD, EQ, 05-Apr-2021,987.15,987.0,987.0,945.5,971.0,974.15,966.54,270807,2617.47,12373, 135414, 50.00
APOLLO, EQ, 05-Apr-2021,98.95,99.0,99.0,94.0,94.95,94.9,95.6,168314,160.91,6457, 60163, 35.74
APOLLOHOSP, EQ, 05-Apr-2021,2894.05,2922.0,3015.0,2886.0,2920.1,2919.5,2943.4,1241115,36530.92,74842, 380496, 30.66
APOLLOPIPE, EQ, 05-Apr-2021,1019.55,1038.0,1040.0,975.1,1000.05,1003.65,991.97,62911,624.06,5054, 34971, 55.59
APOLLOTYRE, EQ, 05-Apr-2021,236.05,234.25,234.35,221.05,222.4,221.75,224.84,7826250,17596.89,51387, 1523877, 19.47
APOLSINHOT, EQ, 05-Apr-2021,566.0,555.05,565.15,545.0,546.05,550.4,549.12,556,3.05,75, 276, 49.64
APTECHT, EQ, 05-Apr-2021,222.95,217.0,228.8,210.15,214.0,215.35,219.3,1116950,2449.49,29452, 237871, 21.30
ARCHIDPLY, BE, 05-Apr-2021,30.9,31.75,32.15,29.75,31.15,31.15,31.49,5105,1.61,44, -, -
ARCHIES, EQ, 05-Apr-2021,10.65,10.9,11.0,10.5,10.65,10.9,10.76,73259,7.88,226, 54769, 74.76
ARCOTECH, BZ, 05-Apr-2021,1.8,1.75,1.75,1.75,1.75,1.75,1.75,2645,0.05,20, -, -
ARENTERP, EQ, 05-Apr-2021,10.75,11.2,11.25,10.55,10.9,10.9,10.83,52,0.01,16, 40, 76.92
ARIES, EQ, 05-Apr-2021,82.95,82.95,83.4,79.5,80.7,80.85,80.94,28981,23.46,843, 16838, 58.10
ARIHANT, EQ, 05-Apr-2021,17.5,18.3,18.3,17.0,18.2,17.7,17.89,4149,0.74,52, 1953, 47.07
ARIHANTSUP, EQ, 05-Apr-2021,35.95,34.4,36.7,34.35,36.65,36.35,35.58,24358,8.67,122, 2951, 12.12
ARMANFIN, EQ, 05-Apr-2021,609.55,609.0,609.0,594.9,595.0,601.3,600.16,5792,34.76,406, 4129, 71.29
AROGRANITE, EQ, 05-Apr-2021,41.85,42.0,42.0,40.05,40.5,40.7,40.91,13814,5.65,234, 9495, 68.73
ARROWGREEN, BE, 05-Apr-2021,70.65,70.65,73.3,67.6,73.0,72.95,72.04,3297,2.38,72, -, -
ARSHIYA, BE, 05-Apr-2021,34.25,33.5,33.7,32.55,32.55,32.55,32.66,22194,7.25,94, -, -
ARSSINFRA, EQ, 05-Apr-2021,20.4,21.35,22.4,20.7,22.4,22.4,21.42,21581,4.62,217, 14826, 68.70
ARTEMISMED, EQ, 05-Apr-2021,216.9,216.9,220.65,216.7,219.7,219.0,218.48,3423,7.48,81, 2718, 79.40
ARVEE, EQ, 05-Apr-2021,58.15,61.05,61.05,61.05,61.05,61.05,61.05,100,0.06,1, 100, 100.00
ARVIND, EQ, 05-Apr-2021,69.1,69.45,69.5,62.15,66.55,66.3,66.06,927596,612.81,6992, 431633, 46.53
ARVINDFASN, EQ, 05-Apr-2021,144.75,144.45,144.45,136.0,140.0,139.75,139.58,161077,224.83,2710, 80268, 49.83
ARVSMART, EQ, 05-Apr-2021,98.85,98.0,100.85,94.5,100.0,99.3,98.11,133391,130.87,1460, 80384, 60.26
ASAHIINDIA, EQ, 05-Apr-2021,307.05,305.0,312.9,304.25,306.2,306.35,307.52,58122,178.74,1938, 31888, 54.86
ASAHISONG, EQ, 05-Apr-2021,323.6,327.95,327.95,311.0,315.1,319.8,319.12,13620,43.46,395, 4454, 32.70
ASAL, BE, 05-Apr-2021,34.3,34.95,34.95,33.6,33.95,33.95,34.27,5769,1.98,24, -, -
ASALCBR, EQ, 05-Apr-2021,441.1,439.4,444.4,428.65,437.7,436.55,434.82,73123,317.96,3349, 36335, 49.69
ASHAPURMIN, EQ, 05-Apr-2021,106.5,108.95,110.4,104.85,107.35,106.85,107.48,174746,187.82,1783, 103456, 59.20
ASHIANA, EQ, 05-Apr-2021,128.4,133.9,140.0,131.5,139.0,138.25,136.62,385246,526.33,5702, 129104, 33.51
ASHIMASYN, EQ, 05-Apr-2021,16.1,16.6,16.8,15.7,16.0,15.8,16.3,110528,18.01,315, 77237, 69.88
ASHOKA, EQ, 05-Apr-2021,100.6,100.0,100.6,95.0,95.9,96.25,97.05,956392,928.2,9286, 407614, 42.62
ASHOKLEY, EQ, 05-Apr-2021,118.15,117.4,117.6,110.8,113.5,113.35,113.35,22361908,25346.18,98720, 4657717, 20.83
ASIANHOTNR, EQ, 05-Apr-2021,62.8,60.9,63.9,60.7,63.9,63.2,62.0,5837,3.62,165, 3029, 51.89
ASIANPAINT, EQ, 05-Apr-2021,2551.75,2558.0,2558.0,2484.5,2512.0,2510.65,2509.91,1268939,31849.19,74815, 460703, 36.31
ASIANTILES, EQ, 05-Apr-2021,158.5,160.0,168.4,156.2,166.0,166.6,162.97,1329095,2166.02,17440, 687302, 51.71
ASPINWALL, EQ, 05-Apr-2021,191.8,189.0,196.5,186.0,186.55,187.5,190.29,1438,2.74,65, 810, 56.33
ASTEC, EQ, 05-Apr-2021,1019.65,1016.0,1032.8,998.25,1012.25,1013.65,1014.42,13917,141.18,1719, 6795, 48.83
ASTERDM, EQ, 05-Apr-2021,138.55,139.9,139.9,135.25,137.0,137.0,136.98,119900,164.24,2437, 54791, 45.70
ASTRAL, EQ, 05-Apr-2021,1685.35,1670.0,1680.0,1626.15,1636.0,1636.6,1651.14,205016,3385.1,14979, 123528, 60.25
ASTRAMICRO, EQ, 05-Apr-2021,132.8,134.8,134.8,126.0,127.5,127.8,128.69,270039,347.51,3016, 164310, 60.85
ASTRAZEN, EQ, 05-Apr-2021,3429.85,3415.15,3448.2,3247.8,3282.1,3303.5,3324.08,136094,4523.87,17516, 22392, 16.45
ASTRON, EQ, 05-Apr-2021,43.1,43.9,43.9,41.55,41.95,42.0,42.07,28648,12.05,320, 18397, 64.22
ATFL, EQ, 05-Apr-2021,833.25,834.9,850.05,784.95,839.0,841.45,814.54,11911,97.02,1041, 7340, 61.62
ATGL, EQ, 05-Apr-2021,1060.65,1064.0,1197.0,1021.0,1168.0,1164.0,1128.45,5752170,64910.1,159953, 1360951, 23.66
ATLANTA, EQ, 05-Apr-2021,6.9,7.2,7.2,6.85,7.1,7.0,7.02,10174,0.71,69, 7568, 74.39
ATLASCYCLE, BZ, 05-Apr-2021,25.85,27.1,27.1,24.6,27.1,27.1,25.7,10332,2.66,62, -, -
ATNINTER, BE, 05-Apr-2021,0.2,0.2,0.2,0.15,0.2,0.2,0.2,8400,0.02,13, -, -
ATUL, EQ, 05-Apr-2021,7415.35,7432.0,7546.95,7326.0,7480.0,7510.95,7454.35,27903,2079.99,8463, 13380, 47.95
ATULAUTO, EQ, 05-Apr-2021,180.25,181.0,182.5,177.1,178.8,178.4,179.87,78541,141.27,1610, 52389, 66.70
AUBANK, EQ, 05-Apr-2021,1267.9,1262.0,1264.0,1217.05,1228.0,1228.5,1233.76,872471,10764.23,41401, 270489, 31.00
AURIONPRO, EQ, 05-Apr-2021,133.2,133.0,138.95,130.1,134.5,134.35,133.89,56639,75.83,1546, 26444, 46.69
AUROPHARMA, EQ, 05-Apr-2021,881.3,879.0,893.65,871.0,884.75,882.2,882.23,1559124,13755.1,48262, 527312, 33.82
AUSOMENT, EQ, 05-Apr-2021,48.95,49.0,50.35,47.75,48.0,48.1,48.7,10022,4.88,108, 7676, 76.59
AUTOAXLES, EQ, 05-Apr-2021,1096.0,1100.0,1118.0,1054.0,1059.0,1063.25,1079.23,11407,123.11,1184, 6701, 58.74
AUTOIND, EQ, 05-Apr-2021,42.65,43.9,44.75,41.65,42.5,42.55,43.2,140975,60.91,598, 99865, 70.84
AUTOLITIND, BZ, 05-Apr-2021,29.3,29.3,29.35,27.85,27.85,27.85,27.85,9226,2.57,15, -, -
AVADHSUGAR, EQ, 05-Apr-2021,188.8,189.0,189.15,156.05,178.0,178.7,180.79,112665,203.69,2705, 50199, 44.56
AVANTIFEED, EQ, 05-Apr-2021,418.5,421.65,449.0,417.4,447.3,445.1,429.97,1972854,8482.7,43513, 958929, 48.61
AVSL, SM, 05-Apr-2021,33.6,32.1,32.1,32.1,32.1,32.1,32.1,12000,3.85,1, 12000, 100.00
AVTNPL, EQ, 05-Apr-2021,46.35,47.2,47.2,44.3,45.4,45.25,45.33,91834,41.62,1015, 53773, 58.55
AWHCL, EQ, 05-Apr-2021,252.8,255.0,260.2,251.05,258.0,258.75,257.01,135108,347.24,5377, 71520, 52.94
AXISBANK, EQ, 05-Apr-2021,713.0,707.2,708.45,677.45,687.0,685.25,687.85,16239521,111704.09,206940, 5562261, 34.25
AXISBNKETF, EQ, 05-Apr-2021,338.02,335.53,335.53,322.55,327.6,327.24,326.4,7238,23.62,191, 5569, 76.94
AXISCADES, EQ, 05-Apr-2021,42.7,43.0,43.0,41.45,42.1,42.25,42.13,47328,19.94,399, 30341, 64.11
AXISGOLD, EQ, 05-Apr-2021,39.21,39.5,39.69,39.21,39.45,39.36,39.39,250112,98.52,1575, 229171, 91.63
AXISNIFTY, EQ, 05-Apr-2021,154.61,154.78,154.78,150.17,152.72,152.71,152.03,11415,17.35,218, 9963, 87.28
AXISTECETF, EQ, 05-Apr-2021,278.98,278.98,280.0,260.0,279.0,278.0,272.23,802,2.18,55, 688, 85.79
AYMSYNTEX, EQ, 05-Apr-2021,48.75,48.75,49.5,46.5,48.5,48.4,47.24,10741,5.07,117, 9174, 85.41
BAFNAPH, BE, 05-Apr-2021,130.6,124.1,124.1,124.1,124.1,124.1,124.1,3902,4.84,96, -, -
BAGFILMS, EQ, 05-Apr-2021,2.05,2.05,2.05,2.0,2.05,2.05,2.03,99789,2.03,123, 70430, 70.58
BAJAJ-AUTO, EQ, 05-Apr-2021,3743.05,3700.05,3740.0,3576.05,3598.0,3598.5,3612.34,723573,26137.95,34717, 334149, 46.18
BAJAJCON, EQ, 05-Apr-2021,268.6,275.0,275.0,264.8,269.4,270.85,268.47,760696,2042.27,31834, 397202, 52.22
BAJAJELEC, EQ, 05-Apr-2021,992.5,994.95,995.0,956.4,991.0,981.0,970.14,67949,659.2,5455, 42419, 62.43
BAJAJFINSV, EQ, 05-Apr-2021,9789.5,9760.0,9763.9,9150.0,9480.0,9481.65,9377.5,612166,57405.86,72614, 183480, 29.97
BAJAJHIND, EQ, 05-Apr-2021,6.4,6.4,6.5,6.15,6.25,6.25,6.26,3321364,208.03,2298, 1537199, 46.28
BAJAJHLDNG, EQ, 05-Apr-2021,3338.7,3379.0,3379.0,3275.0,3288.0,3291.0,3305.73,61876,2045.45,14348, 45137, 72.95
BAJFINANCE, EQ, 05-Apr-2021,5272.15,5259.0,5259.0,4920.6,4969.5,4962.5,5005.1,3739680,187174.75,260025, 1078850, 28.85
BALAJITELE, EQ, 05-Apr-2021,59.0,58.65,58.95,55.5,57.1,56.95,57.06,190283,108.57,1854, 103491, 54.39
BALAMINES, EQ, 05-Apr-2021,1787.15,1800.0,1800.0,1725.05,1763.9,1751.85,1761.42,79874,1406.91,6694, 24829, 31.09
BALAXI, EQ, 05-Apr-2021,550.7,578.2,578.2,530.15,566.0,566.15,562.98,2842,16.0,368, 1665, 58.59
BALKRISHNA, BE, 05-Apr-2021,19.3,19.3,20.25,18.45,20.1,18.8,19.89,1661,0.33,31, -, -
BALKRISIND, EQ, 05-Apr-2021,1681.8,1671.0,1679.05,1625.55,1645.15,1650.8,1650.6,430886,7112.2,16290, 194557, 45.15
BALLARPUR, BZ, 05-Apr-2021,1.1,1.15,1.15,1.05,1.15,1.15,1.12,595287,6.65,244, -, -
BALMLAWRIE, EQ, 05-Apr-2021,133.7,134.4,134.4,127.4,129.3,129.3,129.62,566420,734.2,9218, 171233, 30.23
BALPHARMA, EQ, 05-Apr-2021,55.25,55.7,55.7,53.0,53.8,54.0,54.19,19739,10.7,249, 12687, 64.27
BALRAMCHIN, EQ, 05-Apr-2021,214.1,212.2,213.9,197.0,206.5,207.2,205.09,2221273,4555.5,22488, 611494, 27.53
BANARBEADS, EQ, 05-Apr-2021,50.3,51.75,51.75,48.35,48.6,49.15,49.86,9435,4.7,330, 2005, 21.25
BANARISUG, EQ, 05-Apr-2021,1640.0,1653.55,1669.7,1606.05,1630.1,1633.2,1633.29,597,9.75,236, 254, 42.55
BANCOINDIA, EQ, 05-Apr-2021,147.65,148.3,148.3,140.7,143.8,143.55,143.3,82993,118.93,4580, 35290, 42.52
BANDHANBNK, EQ, 05-Apr-2021,350.9,348.7,349.0,328.15,335.7,335.45,337.13,5421081,18276.33,62358, 1494101, 27.56
BANG, EQ, 05-Apr-2021,27.55,26.7,29.45,26.7,27.55,27.55,27.58,819,0.23,61, 398, 48.60
BANKA, EQ, 05-Apr-2021,62.7,65.8,65.8,60.0,61.0,62.0,61.71,4560,2.81,115, 2976, 65.26
BANKBARODA, EQ, 05-Apr-2021,75.6,75.1,75.65,70.8,72.65,72.7,72.59,37343942,27108.71,95391, 7096738, 19.00
BANKBEES, EQ, 05-Apr-2021,341.52,341.52,342.45,325.52,329.55,328.97,329.75,2048803,6756.01,31345, 1067226, 52.09
BANKINDIA, EQ, 05-Apr-2021,69.9,69.7,69.7,66.55,67.4,67.25,67.56,4030619,2723.12,18857, 1265559, 31.40
BANSWRAS, EQ, 05-Apr-2021,106.05,103.95,108.85,99.05,100.15,102.3,101.69,30047,30.56,190, 20866, 69.44
BARTRONICS, BZ, 05-Apr-2021,2.4,2.4,2.5,2.3,2.45,2.4,2.36,17452,0.41,23, -, -
BASF, EQ, 05-Apr-2021,2136.9,2085.0,2115.9,2015.15,2032.55,2034.95,2052.18,29139,597.98,4384, 13990, 48.01
BASML, EQ, 05-Apr-2021,62.25,68.0,68.0,61.0,63.45,62.5,62.3,9704,6.05,236, 5350, 55.13
BATAINDIA, EQ, 05-Apr-2021,1425.05,1431.9,1434.85,1380.8,1398.8,1396.55,1399.68,743916,10412.44,31924, 332038, 44.63
BAYERCROP, EQ, 05-Apr-2021,5313.1,5241.0,5298.9,5150.0,5235.0,5253.25,5210.93,11386,593.32,2541, 5794, 50.89
BBL, EQ, 05-Apr-2021,1124.7,1130.35,1133.65,1090.3,1103.0,1105.75,1107.38,4750,52.6,733, 2703, 56.91
BBTC, EQ, 05-Apr-2021,1145.45,1155.0,1192.5,1136.15,1190.0,1181.95,1167.53,124937,1458.68,7847, 53179, 42.56
BBTCL, SM, 05-Apr-2021,80.0,79.0,79.0,79.0,79.0,79.0,79.0,3000,2.37,1, 3000, 100.00
BCG, EQ, 05-Apr-2021,8.15,8.55,8.55,7.95,8.25,8.2,8.25,6172195,509.11,3196, 3970879, 64.33
BCLIND, EQ, 05-Apr-2021,106.65,108.0,108.0,98.0,101.25,101.3,100.72,87290,87.92,1669, 42266, 48.42
BCONCEPTS, SM, 05-Apr-2021,31.3,29.75,29.75,29.75,29.75,29.75,29.75,3000,0.89,1, 3000, 100.00
BCP, EQ, 05-Apr-2021,3.2,3.35,3.35,3.35,3.35,3.35,3.35,31451,1.05,62, 31451, 100.00
BDL, EQ, 05-Apr-2021,337.95,337.5,344.9,332.1,341.6,339.1,336.42,128191,431.26,4092, 59241, 46.21
BEARDSELL, EQ, 05-Apr-2021,9.9,10.55,10.55,9.5,9.8,9.75,9.75,4925,0.48,60, 3023, 61.38
BECTORFOOD, EQ, 05-Apr-2021,345.4,343.5,346.95,338.3,341.0,341.05,342.17,317699,1087.07,20679, 171633, 54.02
BEDMUTHA, EQ, 05-Apr-2021,21.0,21.7,22.05,20.7,22.0,22.0,21.66,4107,0.89,33, 3401, 82.81
BEL, EQ, 05-Apr-2021,126.1,126.85,132.0,125.0,131.3,131.4,128.54,20425592,26255.1,84866, 4743376, 23.22
BEML, EQ, 05-Apr-2021,1319.55,1305.0,1307.95,1205.55,1232.55,1235.95,1244.26,786274,9783.29,36742, 199311, 25.35
BEPL, EQ, 05-Apr-2021,152.9,153.3,161.9,151.0,161.6,160.7,156.95,2203857,3458.86,22354, 935870, 42.47
BERGEPAINT, EQ, 05-Apr-2021,764.35,769.0,769.0,743.0,749.45,746.75,748.68,856266,6410.72,18375, 330363, 38.58
BESTAGRO, EQ, 05-Apr-2021,429.7,424.3,435.0,422.1,435.0,427.95,428.63,1961,8.41,172, 1286, 65.58
BETA, SM, 05-Apr-2021,123.0,123.0,123.0,119.0,120.0,120.0,120.16,12000,14.42,12, 10400, 86.67
BFINVEST, EQ, 05-Apr-2021,280.3,281.75,282.1,274.05,276.05,277.35,276.93,6377,17.66,296, 2854, 44.75
BFUTILITIE, EQ, 05-Apr-2021,256.8,258.0,258.0,241.8,245.0,243.45,245.83,128871,316.81,3996, 61009, 47.34
BGLOBAL, BE, 05-Apr-2021,1.15,1.1,1.1,1.1,1.1,1.1,1.1,3439,0.04,11, -, -
BGRENERGY, EQ, 05-Apr-2021,45.25,44.35,45.3,42.9,43.3,43.6,43.83,102150,44.77,616, 63429, 62.09
BHAGERIA, EQ, 05-Apr-2021,158.6,159.9,160.3,153.95,155.35,155.25,155.69,30607,47.65,619, 19375, 63.30
BHAGYANGR, BE, 05-Apr-2021,44.5,44.5,46.7,43.15,45.4,46.1,45.65,52290,23.87,251, -, -
BHAGYAPROP, EQ, 05-Apr-2021,28.35,28.0,28.9,27.55,28.2,28.25,28.13,8852,2.49,79, 5533, 62.51
BHANDARI, BE, 05-Apr-2021,2.35,2.45,2.45,2.25,2.35,2.3,2.31,104116,2.41,121, -, -
BHARATFORG, EQ, 05-Apr-2021,613.35,612.95,617.0,588.85,608.5,608.65,603.36,1296370,7821.74,24432, 274536, 21.18
BHARATGEAR, EQ, 05-Apr-2021,75.95,76.5,77.0,72.3,73.2,73.65,74.31,13622,10.12,192, 8014, 58.83
BHARATRAS, EQ, 05-Apr-2021,9442.2,9440.0,9494.0,9350.0,9400.0,9388.1,9388.93,1692,158.86,731, 1197, 70.74
BHARATWIRE, BE, 05-Apr-2021,35.95,37.7,37.7,37.7,37.7,37.7,37.7,19866,7.49,62, -, -
BHARTIARTL, EQ, 05-Apr-2021,520.8,520.8,529.0,514.6,528.05,528.25,521.82,9203847,48027.22,92553, 2821698, 30.66
BHEL, EQ, 05-Apr-2021,50.95,51.0,51.1,48.4,48.95,49.0,49.28,49348313,24321.11,85377, 11526792, 23.36
BIGBLOC, EQ, 05-Apr-2021,104.8,99.6,99.6,99.6,99.6,99.6,99.6,1418,1.41,42, 1418, 100.00
BIL, EQ, 05-Apr-2021,188.55,193.75,219.8,180.8,212.7,214.0,207.35,208376,432.07,5510, 51468, 24.70
BILENERGY, BZ, 05-Apr-2021,0.55,0.5,0.6,0.5,0.55,0.55,0.53,1068240,5.67,482, -, -
BINDALAGRO, EQ, 05-Apr-2021,18.7,19.05,19.35,17.6,18.2,18.1,18.38,163759,30.1,1179, 68957, 42.11
BIOCON, EQ, 05-Apr-2021,410.55,410.55,410.55,401.55,406.35,406.45,406.25,1318706,5357.26,17956, 340982, 25.86
BIOFILCHEM, BE, 05-Apr-2021,69.1,69.1,72.55,68.0,72.55,72.4,71.14,61229,43.56,1101, -, -
BIRET, RR, 05-Apr-2021,232.14,227.0,234.0,227.0,231.5,233.04,231.69,104200,241.43,220, 88200, 84.64
BIRLACABLE, EQ, 05-Apr-2021,62.95,63.2,63.2,59.8,61.0,60.55,60.81,68873,41.88,1372, 37376, 54.27
BIRLACORPN, EQ, 05-Apr-2021,974.1,977.4,997.15,945.1,968.95,963.65,972.73,291033,2830.96,14427, 96891, 33.29
BIRLAMONEY, EQ, 05-Apr-2021,42.15,42.15,42.2,41.15,41.8,41.6,41.6,79725,33.16,699, 41319, 51.83
BIRLATYRE, EQ, 05-Apr-2021,23.9,24.0,25.05,23.5,24.8,24.65,24.51,603107,147.81,3033, 292112, 48.43
BKMINDST, EQ, 05-Apr-2021,0.9,0.95,0.95,0.85,0.95,0.95,0.93,63713,0.59,93, 43764, 68.69
BLBLIMITED, BE, 05-Apr-2021,6.35,6.05,6.2,6.05,6.05,6.05,6.07,14999,0.91,26, -, -
BLISSGVS, EQ, 05-Apr-2021,100.85,101.8,103.0,99.5,100.05,100.1,100.82,228373,230.24,2922, 135685, 59.41
BLKASHYAP, BE, 05-Apr-2021,19.4,19.85,20.35,19.0,20.05,20.0,19.93,220429,43.92,230, -, -
BLS, EQ, 05-Apr-2021,96.9,96.0,96.5,93.0,94.8,94.4,94.39,71359,67.35,3347, 32538, 45.60
BLUECHIP, BE, 05-Apr-2021,0.15,0.15,0.2,0.15,0.15,0.15,0.18,5755,0.01,9, -, -
BLUEDART, EQ, 05-Apr-2021,5591.2,5599.0,5599.0,5302.1,5380.0,5373.0,5410.4,16102,871.18,3819, 4757, 29.54
BLUESTARCO, EQ, 05-Apr-2021,922.85,929.9,950.0,911.6,922.0,924.4,928.57,271926,2525.02,13169, 107611, 39.57
BODALCHEM, EQ, 05-Apr-2021,93.8,93.8,93.8,89.3,91.1,90.65,90.96,625823,569.24,6635, 247145, 39.49
BOHRA, SM, 05-Apr-2021,1.7,1.75,1.75,1.75,1.75,1.75,1.75,2000,0.04,1, 2000, 100.00
BOMDYEING, EQ, 05-Apr-2021,73.35,72.4,73.15,70.05,71.25,71.15,71.32,1461925,1042.66,8593, 410974, 28.11
BOROLTD, EQ, 05-Apr-2021,169.7,172.7,184.7,168.35,183.3,183.0,179.35,356270,638.98,9277, 172232, 48.34
BORORENEW, EQ, 05-Apr-2021,249.5,249.7,249.95,241.0,245.65,245.65,245.53,280731,689.28,6145, 143383, 51.07
BOSCHLTD, EQ, 05-Apr-2021,14178.9,14178.9,14178.9,13815.0,14090.0,14035.65,13986.13,24374,3408.98,7264, 5545, 22.75
BPCL, EQ, 05-Apr-2021,437.4,434.1,437.0,421.1,427.7,428.05,427.16,5755221,24584.19,68867, 1870472, 32.50
BPL, EQ, 05-Apr-2021,23.85,23.85,23.85,22.85,23.35,23.45,23.29,76252,17.76,585, 42624, 55.90
BRFL, EQ, 05-Apr-2021,7.05,7.3,7.3,6.8,7.1,7.05,6.95,126195,8.77,401, 92221, 73.08
BRIGADE, EQ, 05-Apr-2021,267.35,267.0,267.75,255.0,261.0,259.95,261.21,632474,1652.09,8033, 555376, 87.81
BRIGHT, SM, 05-Apr-2021,11.7,11.95,12.2,11.4,11.45,11.45,11.76,21000,2.47,7, 15000, 71.43
BRITANNIA, EQ, 05-Apr-2021,3618.5,3635.0,3720.0,3630.0,3700.0,3700.35,3685.16,807938,29773.81,63288, 274553, 33.98
BRITANNIA, N2, 05-Apr-2021,32.17,32.17,32.38,32.07,32.17,32.16,32.16,4986,1.6,67, 4302, 86.28
BRNL, EQ, 05-Apr-2021,29.2,30.6,31.0,29.4,29.95,30.25,30.08,95039,28.59,941, 52850, 55.61
BROOKS, EQ, 05-Apr-2021,60.25,57.55,63.25,57.55,63.25,63.25,62.05,88662,55.01,798, 67572, 76.21
BSE, EQ, 05-Apr-2021,583.55,583.0,583.0,559.3,563.8,564.0,565.56,253508,1433.75,8605, 128201, 50.57
BSHSL, BE, 05-Apr-2021,139.9,134.5,139.9,133.05,138.5,138.5,133.87,1084,1.45,40, -, -
BSL, EQ, 05-Apr-2021,34.2,35.65,35.95,34.2,34.95,34.8,35.03,16791,5.88,274, 12485, 74.36
BSLGOLDETF, EQ, 05-Apr-2021,4128.45,4174.0,4174.0,4102.0,4144.0,4138.25,4131.18,380,15.7,135, 228, 60.00
BSLNIFTY, EQ, 05-Apr-2021,163.93,160.65,172.26,160.56,161.7,161.58,162.11,1529,2.48,65, 1433, 93.72
BSOFT, EQ, 05-Apr-2021,262.15,262.65,273.85,256.5,268.45,269.85,265.26,3315204,8793.87,38687, 1212895, 36.59
BURGERKING, EQ, 05-Apr-2021,131.1,130.0,130.7,126.25,127.0,127.25,127.8,1357321,1734.68,19047, 762873, 56.20
BURNPUR, BE, 05-Apr-2021,2.15,2.2,2.25,2.15,2.2,2.25,2.24,23857,0.53,51, -, -
BUTTERFLY, EQ, 05-Apr-2021,550.5,551.0,553.0,476.05,530.7,527.05,520.44,85829,446.69,3717, 44665, 52.04
BVCL, BE, 05-Apr-2021,18.1,18.4,18.4,17.5,18.2,18.1,18.13,1229,0.22,30, -, -
BYKE, EQ, 05-Apr-2021,18.85,19.3,19.3,17.85,18.15,18.25,18.31,43038,7.88,271, 26754, 62.16
CADILAHC, EQ, 05-Apr-2021,441.8,444.8,449.0,434.45,441.0,439.95,440.76,2940040,12958.66,52894, 1007573, 34.27
CADSYS, SM, 05-Apr-2021,19.95,19.95,20.9,19.95,20.9,20.9,20.27,6000,1.22,3, 6000, 100.00
CALSOFT, EQ, 05-Apr-2021,8.8,9.0,9.1,8.9,9.0,9.0,9.0,32024,2.88,73, 27871, 87.03
CAMLINFINE, EQ, 05-Apr-2021,139.7,141.3,141.3,135.05,139.0,139.15,137.78,229933,316.8,6240, 82668, 35.95
CAMS, EQ, 05-Apr-2021,1836.5,1840.0,1854.85,1817.3,1834.0,1830.3,1832.91,36682,672.35,5467, 20164, 54.97
CANBK, EQ, 05-Apr-2021,156.35,154.25,156.0,144.85,146.75,146.75,148.21,22534118,33398.87,91211, 3790053, 16.82
CANDC, BZ, 05-Apr-2021,4.4,4.55,4.6,4.3,4.45,4.55,4.52,4454,0.2,20, -, -
CANFINHOME, EQ, 05-Apr-2021,611.45,610.0,610.0,571.8,579.0,578.65,582.04,395667,2302.94,16468, 181882, 45.97
CANTABIL, EQ, 05-Apr-2021,379.1,382.0,382.3,375.1,375.1,376.3,379.72,97037,368.47,1635, 18872, 19.45
CAPACITE, EQ, 05-Apr-2021,203.35,205.9,205.9,196.7,199.0,197.5,199.36,115808,230.88,2929, 55424, 47.86
CAPLIPOINT, EQ, 05-Apr-2021,452.35,452.7,466.6,436.65,456.7,454.95,451.22,344851,1556.04,13847, 72241, 20.95
CAPTRUST, BE, 05-Apr-2021,97.05,97.0,97.0,92.2,93.8,93.0,93.43,9748,9.11,123, -, -
CARBORUNIV, EQ, 05-Apr-2021,506.7,509.0,512.0,488.1,494.95,493.0,497.0,101732,505.6,5357, 50188, 49.33
CAREERP, EQ, 05-Apr-2021,139.8,138.1,140.9,130.85,131.4,131.95,134.22,37752,50.67,907, 21058, 55.78
CARERATING, EQ, 05-Apr-2021,430.6,432.0,432.0,415.15,425.0,424.4,423.2,87545,370.49,5307, 49070, 56.05
CASTEXTECH, BE, 05-Apr-2021,0.35,0.3,0.4,0.3,0.4,0.4,0.37,69379,0.26,38, -, -
CASTROLIND, EQ, 05-Apr-2021,124.8,125.4,125.9,122.5,125.35,125.35,124.2,765288,950.5,14510, 369525, 48.29
CCCL, BE, 05-Apr-2021,0.65,0.6,0.6,0.6,0.6,0.6,0.6,50,0.0,1, -, -
CCHHL, EQ, 05-Apr-2021,4.45,4.5,4.65,4.2,4.3,4.25,4.3,40692,1.75,116, 38906, 95.61
CCL, EQ, 05-Apr-2021,230.55,233.95,233.95,226.35,228.95,228.8,229.62,320574,736.12,3638, 257666, 80.38
CDSL, EQ, 05-Apr-2021,655.65,659.0,659.5,639.0,655.5,652.5,649.69,751642,4883.31,30029, 308078, 40.99
CEATLTD, EQ, 05-Apr-2021,1595.8,1600.0,1620.0,1525.0,1550.0,1548.3,1570.86,126508,1987.26,9840, 26116, 20.64
CEBBCO, BE, 05-Apr-2021,15.3,15.3,15.3,14.85,15.05,15.05,15.04,17200,2.59,115, -, -
CELEBRITY, BE, 05-Apr-2021,5.85,6.1,6.1,5.6,5.8,5.7,5.67,20541,1.16,83, -, -
CENTENKA, EQ, 05-Apr-2021,257.9,258.0,258.0,246.8,250.85,250.8,251.09,25164,63.19,655, 17256, 68.57
CENTEXT, EQ, 05-Apr-2021,4.55,4.4,4.7,4.25,4.45,4.45,4.48,144968,6.5,292, 101980, 70.35
CENTRALBK, EQ, 05-Apr-2021,17.1,17.4,17.45,16.25,16.3,16.3,16.54,12981835,2147.38,22190, 6071096, 46.77
CENTRUM, EQ, 05-Apr-2021,28.35,28.5,28.8,27.9,27.9,28.05,28.4,4033851,1145.45,5247, 645698, 16.01
CENTUM, EQ, 05-Apr-2021,378.35,381.2,384.95,362.0,381.0,381.4,371.83,6029,22.42,399, 3991, 66.20
CENTURYPLY, EQ, 05-Apr-2021,318.25,321.25,325.55,300.3,317.55,319.4,313.32,266800,835.93,11668, 122301, 45.84
CENTURYTEX, EQ, 05-Apr-2021,458.9,460.45,460.45,441.4,445.0,445.25,447.18,361997,1618.79,12690, 139267, 38.47
CERA, EQ, 05-Apr-2021,3867.45,3840.0,4108.2,3732.1,3762.65,3768.85,3871.83,14010,542.44,3064, 3442, 24.57
CEREBRAINT, EQ, 05-Apr-2021,52.9,52.3,52.45,50.0,50.8,50.8,50.78,157413,79.94,1056, 103254, 65.59
CESC, EQ, 05-Apr-2021,605.55,603.1,610.0,595.25,600.05,600.25,601.6,157143,945.37,4838, 80358, 51.14
CGCL, EQ, 05-Apr-2021,394.1,395.95,395.95,372.15,380.15,381.6,382.32,104496,399.51,6174, 20598, 19.71
CGPOWER, EQ, 05-Apr-2021,68.75,68.75,68.75,65.35,66.7,66.45,66.11,4168801,2755.92,7306, 3003380, 72.04
CHALET, EQ, 05-Apr-2021,152.7,152.7,152.7,146.1,150.9,149.95,148.04,282686,418.48,6053, 71003, 25.12
CHAMBLFERT, EQ, 05-Apr-2021,230.35,228.2,230.0,220.0,222.95,222.7,225.1,352367,793.17,9500, 183508, 52.08
CHEMBOND, EQ, 05-Apr-2021,191.35,190.5,191.0,181.5,183.1,184.15,185.38,29244,54.21,563, 16285, 55.69
CHEMCON, EQ, 05-Apr-2021,413.6,415.0,415.0,405.8,408.5,408.05,409.96,101677,416.83,4062, 43346, 42.63
CHEMFAB, EQ, 05-Apr-2021,130.9,127.0,131.9,127.0,130.0,129.35,128.57,1909,2.45,106, 1049, 54.95
CHENNPETRO, EQ, 05-Apr-2021,103.05,102.8,102.8,97.55,98.7,98.55,99.12,451679,447.72,4504, 192785, 42.68
CHOLAFIN, EQ, 05-Apr-2021,562.5,560.0,560.95,534.0,544.0,544.35,544.38,3489627,18996.84,63421, 1051371, 30.13
CHOLAHLDNG, EQ, 05-Apr-2021,600.85,592.05,594.55,570.5,571.15,580.3,582.45,33035,192.41,2707, 14766, 44.70
CHROMATIC, BZ, 05-Apr-2021,0.65,0.65,0.7,0.6,0.6,0.65,0.65,146986,0.96,174, -, -
CIGNITITEC, EQ, 05-Apr-2021,343.9,345.0,361.1,331.9,354.0,354.8,349.36,202972,709.1,6692, 118377, 58.32
CINELINE, EQ, 05-Apr-2021,32.55,32.5,32.5,30.7,32.4,32.0,31.56,41481,13.09,398, 23303, 56.18
CINEVISTA, EQ, 05-Apr-2021,6.3,6.5,6.9,6.05,6.9,6.7,6.42,33175,2.13,88, 28763, 86.70
CIPLA, EQ, 05-Apr-2021,818.3,825.0,827.0,806.1,820.0,819.75,815.61,2920638,23821.09,59161, 780655, 26.73
CLEDUCATE, EQ, 05-Apr-2021,96.05,97.4,100.85,94.2,95.0,95.95,98.46,123245,121.34,1159, 80659, 65.45
CLNINDIA, EQ, 05-Apr-2021,382.65,383.0,387.5,373.05,386.8,386.6,381.95,34678,132.45,1747, 16365, 47.19
CMICABLES, BE, 05-Apr-2021,44.25,43.55,46.45,43.55,46.45,46.45,46.01,13043,6.0,98, -, -
CMMIPL, SM, 05-Apr-2021,5.15,5.4,5.4,5.4,5.4,5.4,5.4,3000,0.16,1, 3000, 100.00
CNOVAPETRO, BE, 05-Apr-2021,15.95,15.5,16.15,15.25,16.05,16.05,15.87,380,0.06,11, -, -
COALINDIA, EQ, 05-Apr-2021,132.15,131.9,132.1,128.05,129.9,129.8,129.58,9012457,11678.05,48202, 3158712, 35.05
COCHINSHIP, EQ, 05-Apr-2021,378.45,375.0,377.8,364.5,368.2,369.55,368.91,110902,409.13,5114, 45224, 40.78
COFORGE, EQ, 05-Apr-2021,2933.45,2919.0,3059.9,2885.0,3043.05,3036.6,2999.98,766853,23005.41,54890, 118682, 15.48
COLPAL, EQ, 05-Apr-2021,1562.95,1565.55,1569.0,1533.5,1556.0,1556.4,1550.77,190999,2961.95,12382, 64157, 33.59
COMPINFO, EQ, 05-Apr-2021,18.5,18.3,18.85,17.35,17.5,17.5,17.64,284781,50.25,1034, 209423, 73.54
COMPUSOFT, EQ, 05-Apr-2021,8.8,8.8,9.0,8.65,8.8,8.65,8.75,21757,1.9,163, 17785, 81.74
CONCOR, EQ, 05-Apr-2021,598.6,596.5,607.8,574.1,577.7,578.6,584.0,1681325,9818.92,35347, 524109, 31.17
CONFIPET, EQ, 05-Apr-2021,45.1,45.1,45.3,42.6,43.3,43.45,43.57,576245,251.06,3827, 301181, 52.27
CONSOFINVT, EQ, 05-Apr-2021,58.35,57.3,57.65,54.05,56.3,57.25,56.76,11041,6.27,108, 8769, 79.42
CONTI, SM, 05-Apr-2021,6.0,6.0,6.0,6.0,6.0,6.0,6.0,3333,0.2,1, 3333, 100.00
CONTROLPR, EQ, 05-Apr-2021,247.25,245.0,248.9,241.0,243.0,241.95,242.94,8241,20.02,406, 6105, 74.08
CORALFINAC, EQ, 05-Apr-2021,22.25,21.5,22.45,20.15,21.05,21.1,21.33,15605,3.33,230, 8285, 53.09
CORDSCABLE, EQ, 05-Apr-2021,41.1,41.1,41.7,40.0,40.05,40.4,40.47,17223,6.97,192, 10189, 59.16
COROMANDEL, EQ, 05-Apr-2021,748.9,748.95,753.6,718.0,739.0,738.9,731.48,489510,3580.69,25228, 311475, 63.63
COSMOFILMS, EQ, 05-Apr-2021,636.9,634.8,635.0,607.25,624.0,629.0,625.44,52627,329.15,2844, 30985, 58.88
COUNCODOS, BE, 05-Apr-2021,2.1,2.2,2.2,2.05,2.2,2.2,2.15,55652,1.2,119, -, -
COX&KINGS, BZ, 05-Apr-2021,1.15,1.2,1.2,1.15,1.2,1.15,1.19,283788,3.39,145, -, -
CPSEETF, EQ, 05-Apr-2021,22.89,22.94,22.94,22.3,22.75,22.69,22.62,1506114,340.7,7219, 1111174, 73.78
CRAFTSMAN, EQ, 05-Apr-2021,1449.05,1435.0,1459.95,1422.0,1424.0,1424.95,1432.83,37221,533.31,4244, 15782, 42.40
CREATIVE, EQ, 05-Apr-2021,103.3,101.15,105.65,101.15,103.0,102.6,102.94,5856,6.03,72, 1548, 26.43
CREDITACC, EQ, 05-Apr-2021,666.9,668.0,699.0,626.0,631.95,630.65,642.24,93601,601.14,7799, 55417, 59.21
CREST, EQ, 05-Apr-2021,84.1,85.1,87.85,83.5,83.6,83.95,85.06,3648,3.1,130, 1967, 53.92
CRISIL, EQ, 05-Apr-2021,1788.95,1810.0,1857.2,1766.0,1784.0,1778.2,1803.5,42436,765.33,7414, 19410, 45.74
CROMPTON, EQ, 05-Apr-2021,393.25,391.25,393.25,364.25,373.75,373.3,374.49,2220358,8315.03,33825, 1313402, 59.15
CROWN, SM, 05-Apr-2021,43.9,46.05,46.05,46.05,46.05,46.05,46.05,1000,0.46,1, 1000, 100.00
CSBBANK, EQ, 05-Apr-2021,236.2,238.1,241.6,233.6,238.8,238.75,237.99,447480,1064.98,15520, 198512, 44.36
CTE, EQ, 05-Apr-2021,25.55,26.35,26.35,24.65,24.65,25.2,25.37,14464,3.67,117, 11631, 80.41
CUB, EQ, 05-Apr-2021,161.1,161.1,161.8,155.1,156.4,156.3,157.01,1785738,2803.85,36094, 837279, 46.89
CUBEXTUB, EQ, 05-Apr-2021,17.75,18.15,18.6,17.05,17.95,17.7,17.69,17752,3.14,162, 5490, 30.93
CUMMINSIND, EQ, 05-Apr-2021,895.35,889.0,904.0,868.8,884.0,882.05,883.21,858911,7585.99,20450, 178880, 20.83
CUPID, EQ, 05-Apr-2021,213.9,213.9,225.0,210.0,221.25,221.6,218.73,85913,187.92,2918, 44805, 52.15
CURATECH, BE, 05-Apr-2021,1.6,1.6,1.6,1.6,1.6,1.6,1.6,340,0.01,2, -, -
CYBERMEDIA, BE, 05-Apr-2021,9.45,9.9,9.9,9.6,9.9,9.9,9.9,8956,0.89,19, -, -
CYBERTECH, EQ, 05-Apr-2021,124.8,124.8,124.8,118.2,120.75,120.75,120.95,110498,133.64,1641, 67019, 60.65
CYIENT, EQ, 05-Apr-2021,665.65,660.65,680.0,655.05,669.0,667.3,669.55,241274,1615.45,15459, 114001, 47.25
DAAWAT, EQ, 05-Apr-2021,62.25,62.4,62.5,59.3,60.1,60.1,60.39,2046756,1235.97,10309, 1064614, 52.01
DABUR, EQ, 05-Apr-2021,538.65,538.2,541.1,534.1,537.5,537.0,537.52,1359678,7308.57,20190, 666755, 49.04
DALALSTCOM, BE, 05-Apr-2021,1.2,1.25,1.25,1.15,1.25,1.25,1.22,124403,1.52,75, -, -
DALBHARAT, EQ, 05-Apr-2021,1560.35,1583.95,1583.95,1525.0,1538.0,1536.9,1547.83,75321,1165.84,5871, 46212, 61.35
DALMIASUG, EQ, 05-Apr-2021,184.3,184.3,184.3,175.0,180.95,181.05,179.03,167752,300.33,2488, 76787, 45.77
DAMODARIND, EQ, 05-Apr-2021,24.2,25.65,25.65,23.25,23.75,23.6,23.72,14464,3.43,124, 11419, 78.95
DANGEE, EQ, 05-Apr-2021,130.45,130.2,131.8,128.75,131.75,129.9,130.53,38740,50.57,125, 19798, 51.10
DATAMATICS, EQ, 05-Apr-2021,122.55,120.2,121.45,112.45,118.05,118.0,117.39,161158,189.19,3956, 69704, 43.25
DBCORP, EQ, 05-Apr-2021,91.5,91.5,92.0,88.0,90.5,89.95,89.69,116936,104.88,1592, 58237, 49.80
DBL, EQ, 05-Apr-2021,595.0,594.7,594.7,568.0,573.05,573.9,576.46,169550,977.38,7719, 60205, 35.51
DBREALTY, BE, 05-Apr-2021,24.55,24.55,25.3,23.35,23.4,23.4,23.47,426901,100.21,851, -, -
DBSTOCKBRO, EQ, 05-Apr-2021,8.75,8.4,9.15,7.9,8.55,8.35,8.41,7294,0.61,44, 2540, 34.82
DCAL, EQ, 05-Apr-2021,113.45,113.85,119.3,109.6,116.4,117.2,114.71,729498,836.81,8546, 305156, 41.83
DCBBANK, EQ, 05-Apr-2021,104.35,104.3,104.4,99.35,101.65,101.75,101.39,1905230,1931.68,14460, 719205, 37.75
DCM, EQ, 05-Apr-2021,24.45,23.7,24.75,23.6,23.95,23.9,23.91,4376,1.05,64, 3721, 85.03
DCMNVL, BE, 05-Apr-2021,86.55,89.9,89.9,82.25,85.0,84.6,84.49,15781,13.33,80, -, -
DCMSHRIRAM, EQ, 05-Apr-2021,517.6,520.0,522.45,492.5,509.0,505.8,504.64,47557,239.99,4081, 18806, 39.54
DCW, EQ, 05-Apr-2021,28.15,28.05,28.4,26.4,27.1,27.0,27.15,910664,247.23,2421, 501077, 55.02
DECCANCE, EQ, 05-Apr-2021,423.7,428.9,428.9,411.0,419.0,415.9,416.85,38059,158.65,1818, 18379, 48.29
DEEPAKFERT, EQ, 05-Apr-2021,234.55,233.95,233.95,224.1,224.8,225.3,227.1,388789,882.93,9604, 126601, 32.56
DEEPAKNTR, EQ, 05-Apr-2021,1646.75,1647.8,1668.0,1602.0,1621.65,1617.15,1629.14,697617,11365.18,39070, 139387, 19.98
DEEPENR, EQ, 05-Apr-2021,35.5,35.5,35.6,34.1,35.0,34.45,34.74,24554,8.53,327, 15187, 61.85
DELTACORP, EQ, 05-Apr-2021,169.05,167.05,167.05,156.8,160.55,159.3,160.86,2794393,4495.16,27291, 918669, 32.88
DELTAMAGNT, EQ, 05-Apr-2021,31.45,32.85,32.85,29.9,29.9,29.9,30.18,7602,2.29,149, 6298, 82.85
DEN, EQ, 05-Apr-2021,49.2,49.2,49.2,46.1,47.15,47.05,47.35,2625197,1243.07,9053, 1522278, 57.99
DENORA, EQ, 05-Apr-2021,254.1,260.0,260.0,248.3,252.0,251.25,250.62,4581,11.48,191, 2052, 44.79
DFMFOODS, EQ, 05-Apr-2021,361.6,362.55,363.45,350.0,351.0,352.05,356.36,40484,144.27,2120, 22849, 56.44
DGCONTENT, EQ, 05-Apr-2021,7.45,7.1,7.8,7.1,7.8,7.8,7.79,10359,0.81,69, 8973, 86.62
DHAMPURSUG, EQ, 05-Apr-2021,185.6,184.1,185.05,172.35,176.35,176.6,177.47,398829,707.79,6861, 154550, 38.75
DHANBANK, EQ, 05-Apr-2021,15.55,15.55,15.55,14.65,14.9,14.9,14.91,657459,98.02,1500, 423313, 64.39
DHANI, EQ, 05-Apr-2021,172.35,171.4,174.65,156.35,161.95,163.7,164.81,3667729,6044.76,36156, 1690409, 46.09
DHANILOANS, N1, 05-Apr-2021,992.0,1000.0,1000.0,994.0,995.0,995.0,995.0,109,1.08,7, 109, 100.00
DHANILOANS, N2, 05-Apr-2021,1221.0,1221.0,1221.0,1220.0,1220.0,1220.0,1220.21,253,3.09,7, 253, 100.00
DHANILOANS, N3, 05-Apr-2021,963.88,980.0,983.0,971.0,971.0,971.3,976.03,77,0.75,7, 77, 100.00
DHANILOANS, N4, 05-Apr-2021,980.0,960.0,980.0,960.0,980.0,980.0,977.93,75,0.73,3, 75, 100.00
DHANILOANS, N5, 05-Apr-2021,1191.0,1190.0,1190.0,1171.15,1190.0,1190.0,1189.39,155,1.84,6, 155, 100.00
DHANILOANS, N6, 05-Apr-2021,998.5,998.0,999.0,995.0,999.0,999.0,996.43,478,4.76,4, 478, 100.00
DHANILOANS, N7, 05-Apr-2021,975.0,945.0,989.0,945.0,989.0,989.0,945.7,178,1.68,5, 178, 100.00
DHANILOANS, N8, 05-Apr-2021,1080.0,1080.0,1080.0,1080.0,1080.0,1080.0,1080.0,50,0.54,2, 50, 100.00
DHANILOANS, NC, 05-Apr-2021,975.0,930.0,930.0,930.0,930.0,930.0,930.0,55,0.51,1, 55, 100.00
DHANILOANS, NF, 05-Apr-2021,941.8,895.0,895.0,895.0,895.0,895.0,895.0,145,1.3,1, 145, 100.00
DHANIPP, E1, 05-Apr-2021,91.1,91.65,93.9,82.0,82.0,82.0,84.55,289869,245.1,2400, 162422, 56.03
DHANUKA, EQ, 05-Apr-2021,717.15,717.15,736.0,695.45,735.1,733.05,721.58,62019,447.52,4201, 31418, 50.66
DHARSUGAR, EQ, 05-Apr-2021,6.4,6.15,6.45,6.1,6.45,6.45,6.27,13718,0.86,89, 11157, 81.33
DHFL, EQ, 05-Apr-2021,16.3,16.35,17.1,15.85,16.1,16.15,16.23,1679530,272.64,3990, 989177, 58.90
DHFL, N4, 05-Apr-2021,325.0,310.01,324.49,310.01,324.49,324.49,317.25,2,0.01,2, 1, 50.00
DHFL, NC, 05-Apr-2021,350.0,369.0,369.0,368.69,368.69,368.69,368.85,40,0.15,2, 20, 50.00
DHFL, NP, 05-Apr-2021,350.0,350.0,351.0,350.0,351.0,351.0,350.96,260,0.91,3, 260, 100.00
DHFL, NQ, 05-Apr-2021,335.0,324.0,335.8,324.0,335.8,335.8,333.78,35,0.12,5, 35, 100.00
DHFL, NS, 05-Apr-2021,322.6,325.0,325.0,325.0,325.0,325.0,325.0,100,0.33,1, 100, 100.00
DHFL, NY, 05-Apr-2021,324.8,345.49,345.49,345.49,345.49,345.49,345.49,1,0.0,1, 1, 100.00
DHFL, Y1, 05-Apr-2021,334.98,320.0,320.0,320.0,320.0,320.0,320.0,193,0.62,1, 193, 100.00
DHUNINV, EQ, 05-Apr-2021,272.05,272.1,283.5,262.0,283.0,282.3,273.34,5783,15.81,673, 2565, 44.35
DIAMONDYD, EQ, 05-Apr-2021,593.95,594.95,604.0,591.35,597.95,594.8,595.57,3552,21.15,381, 2190, 61.66
DIAPOWER, BZ, 05-Apr-2021,0.8,0.75,0.8,0.75,0.8,0.8,0.76,65640,0.5,21, -, -
DICIND, EQ, 05-Apr-2021,394.9,399.9,399.9,390.7,390.7,392.3,393.37,2552,10.04,111, 1839, 72.06
DIGISPICE, BE, 05-Apr-2021,48.1,45.7,50.5,45.7,50.0,50.05,49.13,487969,239.75,1844, -, -
DISHTV, EQ, 05-Apr-2021,10.3,10.3,10.35,9.8,10.05,10.05,10.06,4928248,495.56,7108, 2160242, 43.83
DIVISLAB, EQ, 05-Apr-2021,3616.1,3616.1,3681.0,3561.65,3605.0,3611.05,3625.25,880667,31926.4,52187, 415544, 47.19
DIXON, EQ, 05-Apr-2021,3588.05,3599.95,3611.0,3465.55,3503.0,3496.9,3516.39,397173,13966.15,68028, 214280, 53.95
DLF, EQ, 05-Apr-2021,291.8,289.0,289.0,272.15,277.0,276.75,278.09,10716857,29802.19,73242, 1789255, 16.70
DLINKINDIA, EQ, 05-Apr-2021,106.15,105.0,105.25,101.55,103.4,103.1,103.15,96705,99.75,2349, 40253, 41.62
DMART, EQ, 05-Apr-2021,2912.7,2890.0,2890.0,2793.0,2836.15,2846.95,2835.63,460926,13070.15,44321, 177128, 38.43
DNAMEDIA, EQ, 05-Apr-2021,0.75,0.75,0.75,0.7,0.75,0.7,0.71,28899,0.21,55, 22421, 77.58
DOLAT, EQ, 05-Apr-2021,70.65,71.0,71.0,67.05,68.2,68.55,68.59,207017,142.0,2532, 120070, 58.00
DOLLAR, EQ, 05-Apr-2021,234.95,235.0,235.0,226.5,228.8,228.45,228.95,91048,208.45,2630, 60227, 66.15
DONEAR, EQ, 05-Apr-2021,31.2,31.35,31.4,29.5,29.9,30.05,30.21,27431,8.29,323, 18577, 67.72
DPABHUSHAN, EQ, 05-Apr-2021,121.15,120.6,121.55,111.5,114.05,116.35,116.41,5323,6.2,128, 4744, 89.12
DPSCLTD, EQ, 05-Apr-2021,12.45,12.7,13.0,12.1,12.7,12.75,12.69,35018,4.44,210, 27204, 77.69
DPWIRES, EQ, 05-Apr-2021,105.8,107.0,112.0,106.45,107.0,106.95,108.37,5436,5.89,185, 3174, 58.39
DQE, BZ, 05-Apr-2021,1.05,1.1,1.1,1.0,1.0,1.0,1.0,28892,0.29,30, -, -
DRCSYSTEMS, EQ, 05-Apr-2021,307.25,322.0,322.6,322.0,322.6,322.6,322.19,3871,12.47,91, 3286, 84.89
DREDGECORP, EQ, 05-Apr-2021,383.4,380.8,384.0,369.5,372.1,371.4,374.92,122491,459.25,4081, 42828, 34.96
DRREDDY, EQ, 05-Apr-2021,4587.65,4560.0,4584.0,4423.9,4565.0,4556.6,4523.33,732258,33122.44,52046, 248890, 33.99
DSSL, EQ, 05-Apr-2021,72.6,72.6,72.6,70.0,71.5,70.35,70.62,36733,25.94,471, 24920, 67.84
DTIL, EQ, 05-Apr-2021,259.4,263.0,263.0,252.0,252.05,254.85,256.15,6154,15.76,227, 4487, 72.91
DUCON, EQ, 05-Apr-2021,5.95,6.15,6.2,5.85,6.2,6.15,6.05,82824,5.01,193, 61407, 74.14
DVL, EQ, 05-Apr-2021,98.5,101.35,102.5,97.25,97.65,97.85,99.33,91242,90.63,1109, 60611, 66.43
DWARKESH, EQ, 05-Apr-2021,31.6,31.4,31.8,30.05,30.75,30.75,30.72,958289,294.38,3200, 348545, 36.37
DYNAMATECH, EQ, 05-Apr-2021,1054.75,1051.0,1058.0,1007.5,1035.0,1031.3,1029.05,19147,197.03,1953, 8598, 44.91
DYNPRO, EQ, 05-Apr-2021,509.05,513.15,523.55,478.55,500.0,498.9,493.28,95692,472.03,4347, 49022, 51.23
E2E, SM, 05-Apr-2021,39.85,41.0,41.0,41.0,41.0,41.0,41.0,2000,0.82,1, 2000, 100.00
EASEMYTRIP, EQ, 05-Apr-2021,214.0,208.0,211.8,198.0,198.45,198.55,202.36,2630500,5323.18,21848, 997016, 37.90
EASTSILK, BE, 05-Apr-2021,1.55,1.6,1.6,1.6,1.6,1.6,1.6,5400,0.09,7, -, -
EASUNREYRL, BZ, 05-Apr-2021,2.6,2.6,2.6,2.5,2.5,2.5,2.54,6375,0.16,16, -, -
EBANK, EQ, 05-Apr-2021,3693.75,3512.0,3698.61,3512.0,3698.61,3698.61,3575.94,6,0.21,6, 3, 50.00
EBBETF0423, EQ, 05-Apr-2021,1116.43,1115.57,1117.25,1115.57,1116.01,1117.04,1116.03,3452,38.53,83, 3054, 88.47
EBBETF0425, EQ, 05-Apr-2021,1033.99,1034.5,1034.5,1030.07,1030.28,1031.33,1031.99,2896,29.89,85, 1937, 66.89
EBBETF0430, EQ, 05-Apr-2021,1136.75,1137.99,1137.99,1133.02,1136.97,1136.94,1135.37,7886,89.54,245, 6118, 77.58
EBBETF0431, EQ, 05-Apr-2021,1021.55,1021.55,1022.99,1018.21,1020.99,1020.6,1020.51,9769,99.69,300, 9090, 93.05
EBIXFOREX, EQ, 05-Apr-2021,475.5,486.65,486.65,460.05,465.05,470.9,470.32,1827,8.59,167, 1159, 63.44
ECLERX, EQ, 05-Apr-2021,1108.4,1120.9,1150.0,1094.5,1123.0,1120.95,1126.96,87730,988.68,7991, 30826, 35.14
ECLFINANCE, NE, 05-Apr-2021,1258.21,1251.0,1251.0,1251.0,1251.0,1251.0,1251.0,75,0.94,1, 75, 100.00
ECLFINANCE, NF, 05-Apr-2021,1051.81,1051.0,1059.7,1051.0,1058.99,1058.99,1052.83,200,2.11,7, 199, 99.50
ECLFINANCE, NG, 05-Apr-2021,959.0,931.0,932.0,911.0,925.21,927.42,927.64,229,2.12,23, 219, 95.63
ECLFINANCE, NH, 05-Apr-2021,1160.0,1082.0,1150.0,1082.0,1150.0,1116.0,1116.0,50,0.56,2, 25, 50.00
ECLFINANCE, NJ, 05-Apr-2021,930.0,920.0,922.0,920.0,921.0,921.0,920.6,422,3.88,18, 422, 100.00
ECLFINANCE, NM, 05-Apr-2021,1007.0,1002.0,1010.0,1001.0,1010.0,1010.0,1003.8,295,2.96,26, 256, 86.78
ECLFINANCE, NN, 05-Apr-2021,1208.0,1206.02,1244.95,1206.02,1244.95,1215.0,1215.0,13,0.16,2, 13, 100.00
ECLFINANCE, NO, 05-Apr-2021,965.9,970.0,970.0,970.0,970.0,970.0,970.0,200,1.94,4, 200, 100.00
ECLFINANCE, NP, 05-Apr-2021,989.9,953.0,953.0,953.0,953.0,953.0,953.0,500,4.77,4, 500, 100.00
ECLFINANCE, NQ, 05-Apr-2021,1180.0,1169.99,1169.99,1150.0,1150.0,1150.0,1158.49,500,5.79,19, 500, 100.00
ECLFINANCE, NR, 05-Apr-2021,980.03,988.0,992.0,985.0,985.0,990.11,989.87,1691,16.74,46, 1684, 99.59
ECLFINANCE, NS, 05-Apr-2021,990.0,990.0,990.0,990.0,990.0,990.0,990.0,80,0.79,5, 80, 100.00
EDELWEISS, EQ, 05-Apr-2021,66.45,67.0,69.75,66.65,69.75,69.55,68.21,5289356,3607.72,19491, 2796399, 52.87
EDUCOMP, BZ, 05-Apr-2021,2.5,2.6,2.6,2.45,2.6,2.6,2.58,18527,0.48,37, -, -
EHFLNCD, N3, 05-Apr-2021,1088.99,1051.0,1051.0,1040.0,1042.5,1042.5,1042.31,266,2.77,6, 266, 100.00
EHFLNCD, N5, 05-Apr-2021,965.0,950.0,950.0,950.0,950.0,950.0,950.0,1,0.01,1, 1, 100.00
EHFLNCD, N6, 05-Apr-2021,952.66,1000.0,1000.0,950.04,951.1,951.1,961.39,290,2.79,25, 271, 93.45
EICHERMOT, EQ, 05-Apr-2021,2631.15,2596.0,2603.0,2507.0,2519.0,2517.2,2538.64,1205767,30610.12,70445, 381823, 31.67
EIDPARRY, EQ, 05-Apr-2021,324.35,324.95,324.95,302.5,318.0,314.3,311.69,378813,1180.73,11823, 170338, 44.97
EIHAHOTELS, EQ, 05-Apr-2021,240.65,246.4,246.4,231.95,235.05,234.45,237.04,4806,11.39,303, 2187, 45.51
EIHOTEL, EQ, 05-Apr-2021,95.5,94.4,94.5,91.5,92.8,92.55,92.68,1704142,1579.45,4767, 1456230, 85.45
EIMCOELECO, EQ, 05-Apr-2021,339.95,339.05,346.2,330.0,332.1,335.35,338.16,1175,3.97,269, 250, 21.28
EKC, EQ, 05-Apr-2021,81.65,81.3,81.3,72.3,76.4,76.2,76.51,883615,676.09,9328, 426882, 48.31
ELECON, EQ, 05-Apr-2021,67.55,67.9,69.25,64.3,64.7,65.5,66.81,424975,283.93,4587, 310556, 73.08
ELECTCAST, EQ, 05-Apr-2021,25.7,25.75,26.8,25.2,25.6,25.55,25.86,1953322,505.17,3345, 951051, 48.69
ELECTHERM, EQ, 05-Apr-2021,112.95,113.15,116.35,108.0,110.45,110.3,111.26,14826,16.49,539, 6799, 45.86
ELGIEQUIP, EQ, 05-Apr-2021,197.2,198.8,203.0,193.05,196.0,194.55,197.41,93863,185.3,6118, 54765, 58.35
ELGIRUBCO, EQ, 05-Apr-2021,27.2,27.5,27.5,26.55,26.55,26.65,26.83,11402,3.06,114, 8611, 75.52
EMAMILTD, EQ, 05-Apr-2021,488.05,487.5,503.5,477.35,502.0,498.45,490.52,333102,1633.94,21581, 205072, 61.56
EMAMIPAP, EQ, 05-Apr-2021,125.7,123.0,125.6,115.0,118.5,118.2,118.22,38359,45.35,1272, 19322, 50.37
EMAMIREAL, EQ, 05-Apr-2021,41.65,43.7,43.7,42.0,43.7,43.7,43.62,49362,21.53,200, 38525, 78.05
EMBASSY, RR, 05-Apr-2021,325.3,325.0,328.0,318.05,319.65,319.66,320.29,662200,2120.93,2310, 605800, 91.48
EMCO, BZ, 05-Apr-2021,1.65,1.65,1.7,1.6,1.65,1.6,1.61,16970,0.27,35, -, -
EMKAY, EQ, 05-Apr-2021,68.25,67.0,71.85,64.3,65.5,65.25,65.57,80717,52.92,802, 66051, 81.83
EMMBI, EQ, 05-Apr-2021,84.4,84.4,87.15,81.0,81.85,81.7,82.61,41366,34.17,952, 27446, 66.35
EMOFSR1RDP, MF, 05-Apr-2021,14.3,13.5,13.9,13.5,13.9,13.9,13.73,6000,0.82,4, 6000, 100.00
EMOFSR1RGG, MF, 05-Apr-2021,14.22,13.92,14.05,13.81,13.91,13.91,13.97,173005,24.17,53, 159269, 92.06
ENDURANCE, EQ, 05-Apr-2021,1440.75,1458.0,1458.0,1380.0,1381.0,1386.1,1395.12,81914,1142.8,10076, 52838, 64.50
ENERGYDEV, BE, 05-Apr-2021,9.0,9.3,9.45,8.7,9.45,9.45,9.1,28484,2.59,172, -, -
ENGINERSIN, EQ, 05-Apr-2021,78.4,77.35,77.85,75.1,75.8,75.8,76.12,1555123,1183.83,7901, 741641, 47.69
ENIL, EQ, 05-Apr-2021,146.5,148.5,148.5,140.1,143.5,142.9,142.55,32271,46.0,708, 19358, 59.99
EPL, EQ, 05-Apr-2021,235.15,238.7,238.7,224.35,224.85,225.05,228.93,361988,828.69,11205, 213353, 58.94
EQ30, EQ, 05-Apr-2021,432.0,429.0,429.0,429.0,429.0,429.0,429.0,150,0.64,22, 150, 100.00
EQUITAS, EQ, 05-Apr-2021,87.8,87.0,87.7,83.0,84.85,84.65,85.14,1041295,886.56,14410, 654785, 62.88
EQUITASBNK, EQ, 05-Apr-2021,61.85,62.8,63.0,58.0,59.05,59.15,59.5,885498,526.85,11361, 391338, 44.19
ERFLNCDI, N3, 05-Apr-2021,931.75,910.0,948.9,910.0,935.0,935.0,912.8,331,3.02,10, 320, 96.68
ERFLNCDI, N5, 05-Apr-2021,863.36,868.0,868.0,850.0,850.0,850.38,853.69,32,0.27,5, 32, 100.00
ERFLNCDI, N6, 05-Apr-2021,850.62,855.0,855.0,855.0,855.0,855.0,855.0,2,0.02,2, 2, 100.00
ERIS, EQ, 05-Apr-2021,604.3,602.3,602.3,581.95,595.0,593.05,590.93,58294,344.48,6550, 20849, 35.77
EROSMEDIA, EQ, 05-Apr-2021,25.45,25.85,25.85,24.2,24.4,24.35,24.57,159148,39.1,853, 127671, 80.22
ESABINDIA, EQ, 05-Apr-2021,1830.8,1830.0,1830.0,1775.0,1795.0,1791.0,1792.85,3637,65.21,614, 2224, 61.15
ESCORTS, EQ, 05-Apr-2021,1274.05,1272.0,1275.95,1229.0,1240.0,1235.35,1247.2,887686,11071.25,35620, 208105, 23.44
ESSARSHPNG, EQ, 05-Apr-2021,8.15,8.15,8.25,7.95,8.2,8.15,8.1,53591,4.34,385, 33173, 61.90
ESTER, EQ, 05-Apr-2021,119.3,119.85,119.95,115.0,116.35,116.15,116.71,209269,244.24,6482, 103092, 49.26
EUROCERA, BZ, 05-Apr-2021,1.15,1.15,1.15,1.1,1.1,1.1,1.1,2050,0.02,6, -, -
EUROMULTI, BZ, 05-Apr-2021,1.1,1.05,1.05,1.05,1.05,1.05,1.05,2774,0.03,16, -, -
EVEREADY, EQ, 05-Apr-2021,275.8,278.45,278.45,264.0,267.0,268.25,267.38,270418,723.05,6724, 142167, 52.57
EVERESTIND, EQ, 05-Apr-2021,292.45,292.8,295.0,287.5,294.85,293.3,291.4,27802,81.02,881, 14138, 50.85
EXCEL, EQ, 05-Apr-2021,2.45,2.55,2.55,2.45,2.5,2.5,2.53,48256,1.22,119, 33024, 68.44
EXCELINDUS, EQ, 05-Apr-2021,850.8,866.0,870.9,838.5,840.0,843.0,855.12,22163,189.52,1927, 7241, 32.67
EXIDEIND, EQ, 05-Apr-2021,185.8,185.9,187.2,181.0,182.6,182.65,183.4,2897684,5314.44,30986, 790903, 27.29
EXPLEOSOL, EQ, 05-Apr-2021,546.45,546.45,629.7,546.45,608.5,605.85,597.95,283799,1696.98,11690, 103835, 36.59
FACT, EQ, 05-Apr-2021,112.25,111.9,111.9,105.6,107.2,107.4,108.01,251947,272.12,3258, 93028, 36.92
FAIRCHEMOR, EQ, 05-Apr-2021,747.65,735.0,757.1,722.0,740.0,739.65,738.53,17144,126.61,923, 11142, 64.99
FCL, EQ, 05-Apr-2021,67.2,66.75,66.75,63.8,64.95,64.95,65.03,360658,234.55,2156, 269248, 74.65
FCONSUMER, EQ, 05-Apr-2021,6.6,6.85,7.25,6.8,7.25,7.25,7.17,17623226,1262.83,10291, 8051900, 45.69
FCSSOFT, BE, 05-Apr-2021,0.7,0.7,0.7,0.65,0.7,0.7,0.67,1087108,7.32,1030, -, -
FDC, EQ, 05-Apr-2021,287.8,283.85,289.6,282.5,285.8,284.4,285.04,178910,509.97,4559, 112440, 62.85
FEDERALBNK, EQ, 05-Apr-2021,78.85,78.85,78.85,74.35,76.45,76.4,76.09,21409152,16291.03,57544, 4065663, 18.99
FEL, EQ, 05-Apr-2021,8.7,8.8,9.55,8.8,9.55,9.55,9.42,2641547,248.86,3482, 1465110, 55.46
FELDVR, EQ, 05-Apr-2021,10.8,11.3,11.3,11.1,11.3,11.3,11.3,20141,2.28,101, 19388, 96.26
FELIX, SM, 05-Apr-2021,45.75,43.5,44.95,43.5,44.95,44.95,43.66,36000,15.72,8, 36000, 100.00
FIEMIND, EQ, 05-Apr-2021,573.35,578.9,578.9,557.5,573.2,572.3,567.19,23832,135.17,1523, 15283, 64.13
FILATEX, EQ, 05-Apr-2021,69.9,70.0,70.95,67.7,68.4,69.05,69.3,617779,428.12,4435, 411721, 66.65
FINCABLES, EQ, 05-Apr-2021,388.75,387.0,389.95,375.8,381.0,379.15,380.71,56709,215.9,3327, 28861, 50.89
FINEORG, EQ, 05-Apr-2021,2290.25,2304.0,2313.95,2269.25,2294.9,2281.0,2284.93,18425,421.0,4828, 10763, 58.42
FINPIPE, EQ, 05-Apr-2021,654.7,663.0,672.0,654.75,667.1,665.5,664.15,233298,1549.44,11525, 112354, 48.16
FLEXITUFF, BE, 05-Apr-2021,19.45,20.4,20.4,18.6,20.4,20.4,20.31,16049,3.26,35, -, -
FLFL, EQ, 05-Apr-2021,51.3,53.85,53.85,53.8,53.85,53.85,53.85,108254,58.29,428, 91386, 84.42
FLUOROCHEM, EQ, 05-Apr-2021,610.65,619.0,619.0,595.5,607.5,608.35,602.67,29846,179.87,1321, 18577, 62.24
FMGOETZE, EQ, 05-Apr-2021,288.45,289.55,289.55,281.5,287.45,285.15,284.22,2750,7.82,140, 1527, 55.53
FMNL, EQ, 05-Apr-2021,12.5,13.0,13.1,12.65,13.1,13.1,13.05,41242,5.38,90, 26248, 63.64
FOCUS, SM, 05-Apr-2021,24.0,25.2,25.2,23.0,23.0,23.0,24.42,30000,7.33,10, 18000, 60.00
FORCEMOT, EQ, 05-Apr-2021,1197.65,1209.9,1209.9,1149.8,1168.0,1162.5,1173.23,23337,273.8,2521, 10157, 43.52
FORTIS, EQ, 05-Apr-2021,202.25,204.0,227.35,201.2,218.35,219.4,216.82,13070896,28340.77,107693, 2781967, 21.28
FOSECOIND, EQ, 05-Apr-2021,1195.75,1200.0,1200.0,1157.75,1191.0,1186.35,1177.11,804,9.46,279, 310, 38.56
FRETAIL, EQ, 05-Apr-2021,44.75,46.95,46.95,46.5,46.95,46.95,46.95,762792,358.12,3089, 707138, 92.70
FSC, EQ, 05-Apr-2021,66.35,69.4,69.65,69.1,69.65,69.65,69.62,52707,36.69,344, 45996, 87.27
FSL, EQ, 05-Apr-2021,118.1,118.1,122.45,116.35,119.7,119.4,119.27,7081822,8446.3,54539, 1900134, 26.83
G5, EQ, 05-Apr-2021,47.44,48.86,48.86,47.45,47.62,47.62,47.53,5319,2.53,74, 4823, 90.67
GABRIEL, EQ, 05-Apr-2021,103.1,103.1,103.1,96.2,103.0,102.6,101.88,414153,421.95,6554, 162135, 39.15
GAEL, EQ, 05-Apr-2021,135.2,135.4,136.2,122.05,128.8,129.15,128.1,681441,872.94,8512, 247226, 36.28
GAIL, EQ, 05-Apr-2021,140.15,139.0,139.45,134.55,135.1,134.95,136.15,12758646,17371.15,60159, 3368427, 26.40
GAL, EQ, 05-Apr-2021,1.95,1.95,2.0,1.9,1.95,1.95,1.92,31726,0.61,73, 26453, 83.38
GALAXYSURF, EQ, 05-Apr-2021,2546.35,2574.5,2574.75,2441.0,2470.0,2461.3,2499.11,22587,564.47,3859, 11688, 51.75
GALLANTT, EQ, 05-Apr-2021,46.55,46.7,52.95,46.7,51.3,52.0,50.62,556287,281.61,3627, 166225, 29.88
GALLISPAT, EQ, 05-Apr-2021,39.85,40.6,46.4,40.25,44.75,45.5,45.03,1213911,546.63,6887, 354198, 29.18
GAMMNINFRA, EQ, 05-Apr-2021,0.75,0.75,0.75,0.7,0.75,0.75,0.72,1176672,8.42,817, 728608, 61.92
GANDHITUBE, EQ, 05-Apr-2021,274.55,268.3,278.9,261.1,266.4,266.7,265.87,6912,18.38,416, 5001, 72.35
GANECOS, EQ, 05-Apr-2021,590.8,599.9,599.9,561.3,581.95,583.15,574.93,22015,126.57,1316, 12881, 58.51
GANESHHOUC, EQ, 05-Apr-2021,58.4,61.3,61.3,61.3,61.3,61.3,61.3,21305,13.06,89, 20304, 95.30
GANGAFORGE, SM, 05-Apr-2021,41.75,39.75,41.4,39.75,41.4,41.3,40.99,40000,16.4,5, 24000, 60.00
GANGESSECU, EQ, 05-Apr-2021,60.25,62.05,62.45,58.05,62.45,59.9,59.89,376,0.23,15, 340, 90.43
GANGOTRI, BE, 05-Apr-2021,0.7,0.7,0.75,0.65,0.75,0.75,0.68,3506,0.02,11, -, -
GARFIBRES, EQ, 05-Apr-2021,2616.2,2627.5,2638.4,2505.0,2580.0,2586.6,2578.47,10326,266.25,3020, 4799, 46.47
GATI, EQ, 05-Apr-2021,106.05,105.0,105.0,101.4,103.5,103.1,103.0,492875,507.64,3863, 277611, 56.32
GAYAHWS, BE, 05-Apr-2021,0.6,0.6,0.65,0.55,0.55,0.55,0.61,240875,1.47,149, -, -
GAYAPROJ, EQ, 05-Apr-2021,31.1,30.9,33.0,30.0,31.2,31.25,31.31,617149,193.25,3479, 317316, 51.42
GBGLOBAL, EQ, 05-Apr-2021,7.45,7.65,7.65,7.1,7.1,7.1,7.32,875,0.06,14, 858, 98.06
GDL, EQ, 05-Apr-2021,177.9,179.8,182.8,166.35,180.0,180.55,175.48,124728,218.87,4554, 67849, 54.40
GEECEE, EQ, 05-Apr-2021,102.65,102.0,102.9,101.5,102.0,101.95,102.11,11509,11.75,422, 7849, 68.20
GEEKAYWIRE, EQ, 05-Apr-2021,79.45,76.0,81.35,75.1,81.35,80.35,80.06,10972,8.78,68, 10667, 97.22
GENCON, EQ, 05-Apr-2021,45.25,46.65,48.2,45.0,47.05,47.05,47.25,730,0.34,56, 563, 77.12
GENESYS, BE, 05-Apr-2021,98.95,99.0,103.8,98.0,103.35,103.4,101.62,9154,9.3,110, -, -
GENUSPAPER, EQ, 05-Apr-2021,7.25,7.25,7.25,6.95,7.2,7.1,7.13,101759,7.25,250, 78115, 76.76
GENUSPOWER, EQ, 05-Apr-2021,50.65,51.7,51.7,48.0,49.5,49.35,49.57,260828,129.31,1584, 182314, 69.90
GEOJITFSL, EQ, 05-Apr-2021,51.8,51.95,52.2,50.05,51.45,51.3,51.11,221720,113.32,1905, 137281, 61.92
GEPIL, EQ, 05-Apr-2021,286.05,285.1,285.1,276.1,280.0,277.55,279.29,47132,131.63,1646, 22269, 47.25
GESHIP, EQ, 05-Apr-2021,315.1,312.55,316.0,296.15,304.0,302.05,303.72,113000,343.21,3654, 70551, 62.43
GET&D, EQ, 05-Apr-2021,121.6,121.6,122.55,117.3,122.0,120.3,119.77,113830,136.34,1806, 48457, 42.57
GFLLIMITED, BE, 05-Apr-2021,75.95,75.95,75.95,72.2,72.2,72.2,72.6,30838,22.39,266, -, -
GHCL, EQ, 05-Apr-2021,229.6,230.1,238.3,226.7,237.7,237.4,233.05,254571,593.29,4960, 139186, 54.67
GICHSGFIN, EQ, 05-Apr-2021,122.1,121.25,121.5,116.5,118.1,118.2,118.09,207603,245.16,2673, 81520, 39.27
GICRE, EQ, 05-Apr-2021,208.2,205.9,206.05,198.3,203.0,203.2,202.58,573689,1162.18,17267, 180016, 31.38
GILLANDERS, EQ, 05-Apr-2021,41.15,40.55,41.75,40.5,41.45,41.35,40.89,399,0.16,15, 283, 70.93
GILLETTE, EQ, 05-Apr-2021,5689.75,5680.0,5680.0,5585.0,5605.0,5599.1,5622.71,4539,255.22,1434, 1950, 42.96
GINNIFILA, EQ, 05-Apr-2021,20.4,20.9,21.4,19.55,19.9,19.85,19.94,150997,30.1,766, 30524, 20.21
GIPCL, EQ, 05-Apr-2021,76.2,76.0,77.05,74.4,74.5,74.55,74.94,321603,241.0,2390, 199415, 62.01
GIRIRAJ, SM, 05-Apr-2021,89.5,93.0,93.0,93.0,93.0,93.0,93.0,1200,1.12,1, 1200, 100.00
GISOLUTION, BE, 05-Apr-2021,2.6,2.7,2.7,2.7,2.7,2.7,2.7,1,0.0,1, -, -
GKWLIMITED, EQ, 05-Apr-2021,514.45,510.65,522.3,503.7,520.0,517.35,513.91,2452,12.6,1316, 284, 11.58
GLAND, EQ, 05-Apr-2021,2467.9,2470.0,2548.6,2400.0,2501.0,2501.5,2476.22,135477,3354.71,12460, 66330, 48.96
GLAXO, EQ, 05-Apr-2021,1432.15,1433.15,1439.7,1399.3,1410.0,1406.1,1410.39,95479,1346.63,5909, 72611, 76.05
GLENMARK, EQ, 05-Apr-2021,483.25,480.95,492.0,473.2,477.3,479.05,482.04,1635705,7884.82,26807, 234956, 14.36
GLFL, EQ, 05-Apr-2021,2.5,2.55,2.55,2.4,2.4,2.4,2.42,19078,0.46,29, 17821, 93.41
GLOBAL, EQ, 05-Apr-2021,37.5,39.0,39.0,35.65,39.0,38.25,37.94,10094,3.83,141, 6810, 67.47
GLOBALVECT, BZ, 05-Apr-2021,39.75,38.3,41.3,38.25,40.0,39.7,39.07,4275,1.67,68, -, -
GLOBE, BE, 05-Apr-2021,50.0,50.0,50.0,50.0,50.0,50.0,50.0,2,0.0,1, -, -
GLOBUSSPR, EQ, 05-Apr-2021,331.05,332.65,332.65,318.05,320.2,321.4,321.93,69733,224.49,2863, 40048, 57.43
GMBREW, EQ, 05-Apr-2021,435.85,440.0,448.0,422.65,448.0,442.7,435.86,116829,509.21,3757, 51539, 44.11
GMDCLTD, EQ, 05-Apr-2021,58.95,59.3,59.6,56.1,56.95,56.65,57.22,1292520,739.63,7902, 559629, 43.30
GMMPFAUDLR, EQ, 05-Apr-2021,4437.9,4429.8,4442.05,4275.0,4293.95,4287.95,4339.3,50747,2202.07,9032, 20847, 41.08
GMRINFRA, EQ, 05-Apr-2021,25.0,25.1,25.3,23.75,24.15,24.05,24.31,22878190,5560.64,46810, 8175157, 35.73
GNA, EQ, 05-Apr-2021,367.15,367.15,367.15,353.0,361.0,361.7,359.92,57545,207.11,2356, 30577, 53.14
GNFC, EQ, 05-Apr-2021,311.95,311.0,311.0,296.15,308.1,307.15,304.1,1128803,3432.68,15702, 348948, 30.91
GOACARBON, EQ, 05-Apr-2021,299.95,299.65,314.5,285.0,308.05,307.05,300.28,83344,250.26,3850, 34252, 41.10
GOCLCORP, EQ, 05-Apr-2021,223.65,226.5,226.5,215.55,223.5,223.45,222.5,4203,9.35,250, 2385, 56.75
GODFRYPHLP, EQ, 05-Apr-2021,928.0,927.9,927.9,891.5,912.75,915.0,910.6,33347,303.66,2601, 14965, 44.88
GODHA, EQ, 05-Apr-2021,45.65,45.6,47.9,44.2,47.6,47.6,46.42,1752,0.81,15, 1657, 94.58
GODREJAGRO, EQ, 05-Apr-2021,518.0,522.55,522.55,500.1,511.0,507.3,506.81,94747,480.19,5115, 41185, 43.47
GODREJCP, EQ, 05-Apr-2021,726.3,726.3,733.0,704.25,723.8,722.35,719.24,1593063,11458.02,23387, 840644, 52.77
GODREJIND, EQ, 05-Apr-2021,539.5,539.5,548.75,520.0,543.0,540.8,530.6,162047,859.82,6516, 79939, 49.33
GODREJPROP, EQ, 05-Apr-2021,1391.35,1393.35,1396.0,1317.1,1350.0,1352.1,1357.97,710251,9645.03,22097, 201029, 28.30
GOENKA, BZ, 05-Apr-2021,1.9,1.85,1.85,1.85,1.85,1.85,1.85,95025,1.76,73, -, -
GOKEX, EQ, 05-Apr-2021,79.15,79.0,79.45,76.8,78.95,78.85,78.47,150668,118.23,1569, 93824, 62.27
GOKUL, EQ, 05-Apr-2021,18.7,18.25,19.45,18.2,19.45,19.2,18.77,39823,7.48,323, 29200, 73.32
GOKULAGRO, EQ, 05-Apr-2021,20.3,20.3,20.8,19.4,20.0,19.75,20.27,146045,29.61,587, 73086, 50.04
GOLDBEES, EQ, 05-Apr-2021,39.1,39.95,39.95,39.12,39.33,39.33,39.35,5982785,2354.36,34563, 5221072, 87.27
GOLDENTOBC, EQ, 05-Apr-2021,41.4,40.2,41.2,39.05,40.55,40.5,40.08,5495,2.2,158, 3642, 66.28
GOLDIAM, EQ, 05-Apr-2021,340.55,336.0,339.95,325.8,329.0,328.3,329.61,31890,105.11,1181, 21797, 68.35
GOLDSHARE, EQ, 05-Apr-2021,40.05,40.55,41.2,40.1,40.45,40.35,40.35,206103,83.16,1264, 135586, 65.79
GOLDTECH, BE, 05-Apr-2021,9.05,9.5,9.5,9.5,9.5,9.5,9.5,12459,1.18,40, -, -
GOODLUCK, EQ, 05-Apr-2021,72.15,72.6,74.0,68.35,71.4,72.15,71.52,210761,150.74,2669, 67080, 31.83
GOODYEAR, EQ, 05-Apr-2021,918.8,925.0,925.0,883.8,910.0,911.85,900.81,12846,115.72,1103, 7926, 61.70
GPIL, EQ, 05-Apr-2021,759.3,766.0,807.0,749.45,798.95,792.45,781.8,474381,3708.69,20384, 123815, 26.10
GPPL, EQ, 05-Apr-2021,99.95,99.9,99.9,96.5,97.75,97.5,97.69,247782,242.06,4370, 130426, 52.64
GPTINFRA, EQ, 05-Apr-2021,38.2,39.75,39.75,37.0,37.95,37.95,37.85,32912,12.46,259, 24085, 73.18
GRANULES, EQ, 05-Apr-2021,311.9,313.4,316.6,306.05,310.1,310.2,310.54,1638810,5089.14,22168, 435947, 26.60
GRAPHITE, EQ, 05-Apr-2021,557.4,554.0,556.9,535.0,540.65,539.1,545.6,2000801,10916.45,48002, 643138, 32.14
GRASIM, EQ, 05-Apr-2021,1454.5,1455.0,1472.7,1425.1,1444.0,1446.5,1448.17,1396534,20224.17,33461, 363990, 26.06
GRAVITA, EQ, 05-Apr-2021,96.15,95.5,101.95,94.3,100.7,101.15,98.35,302986,298.0,4883, 152129, 50.21
GREAVESCOT, EQ, 05-Apr-2021,134.25,135.6,135.6,124.55,128.9,128.1,128.03,1507117,1929.52,15616, 901973, 59.85
GREENLAM, EQ, 05-Apr-2021,930.45,926.0,948.5,923.45,930.0,930.15,933.48,5004,46.71,370, 3724, 74.42
GREENPANEL, EQ, 05-Apr-2021,168.15,175.9,176.55,171.05,176.55,176.55,175.35,1494386,2620.41,6580, 1100552, 73.65
GREENPLY, EQ, 05-Apr-2021,180.0,180.0,181.0,172.5,177.5,176.3,175.7,210934,370.6,4652, 122910, 58.27
GREENPOWER, BE, 05-Apr-2021,2.1,2.1,2.15,2.0,2.1,2.1,2.06,942153,19.39,867, -, -
GRINDWELL, EQ, 05-Apr-2021,934.4,934.4,939.1,913.95,918.6,921.25,922.4,14150,130.52,2197, 7446, 52.62
GROBTEA, EQ, 05-Apr-2021,801.4,797.55,821.0,782.0,789.0,791.55,791.79,733,5.8,262, 234, 31.92
GRPLTD, EQ, 05-Apr-2021,913.1,910.0,910.0,852.55,860.0,862.8,868.23,1316,11.43,221, 747, 56.76
GRSE, EQ, 05-Apr-2021,190.55,190.55,191.0,184.0,185.0,184.9,185.8,119897,222.77,1928, 83919, 69.99
GSCLCEMENT, EQ, 05-Apr-2021,34.05,34.2,34.4,32.8,33.3,33.25,33.29,91771,30.56,750, 52694, 57.42
GSFC, EQ, 05-Apr-2021,87.15,87.25,89.5,85.0,86.15,86.0,86.98,1735435,1509.5,13686, 661940, 38.14
GSPL, EQ, 05-Apr-2021,276.3,274.75,275.0,264.1,267.1,269.75,269.06,255529,687.52,8307, 74817, 29.28
GSS, EQ, 05-Apr-2021,53.55,53.55,54.8,50.5,50.8,50.8,51.28,76609,39.29,1090, 45110, 58.88
GTL, EQ, 05-Apr-2021,5.5,5.65,5.75,5.5,5.75,5.75,5.72,162742,9.32,401, 114402, 70.30
GTLINFRA, EQ, 05-Apr-2021,0.8,0.75,0.8,0.75,0.8,0.75,0.76,13528766,102.33,4170, 10730969, 79.32
GTPL, EQ, 05-Apr-2021,124.55,126.0,126.0,118.8,121.9,121.25,120.96,48683,58.88,1021, 25755, 52.90
GUFICBIO, EQ, 05-Apr-2021,115.9,116.85,116.85,109.1,113.55,112.7,111.99,88196,98.77,2388, 37846, 42.91
GUJALKALI, EQ, 05-Apr-2021,353.25,353.25,353.9,338.6,342.5,341.45,344.73,77491,267.13,2458, 36977, 47.72
GUJAPOLLO, EQ, 05-Apr-2021,208.6,212.8,212.8,206.65,207.2,207.2,207.21,1339,2.77,88, 884, 66.02
GUJGASLTD, EQ, 05-Apr-2021,547.8,547.1,555.0,535.0,548.9,548.6,544.36,935563,5092.79,21853, 286380, 30.61
GUJRAFFIA, BE, 05-Apr-2021,44.05,41.85,41.85,41.85,41.85,41.85,41.85,171,0.07,9, -, -
GULFOILLUB, EQ, 05-Apr-2021,742.2,746.1,746.1,719.8,723.1,723.6,726.48,8268,60.07,1039, 4171, 50.45
GULFPETRO, EQ, 05-Apr-2021,38.3,38.4,38.4,36.85,37.1,37.25,37.5,25395,9.52,362, 15777, 62.13
GULPOLY, EQ, 05-Apr-2021,94.7,96.45,109.95,94.85,107.35,107.7,103.75,547173,567.71,7390, 248718, 45.46
GVKPIL, BZ, 05-Apr-2021,2.15,2.05,2.05,2.05,2.05,2.05,2.05,476269,9.76,411, -, -
HAL, EQ, 05-Apr-2021,1035.65,1040.0,1041.0,992.2,1002.0,999.9,1006.6,289644,2915.56,15442, 126335, 43.62
HAPPSTMNDS, EQ, 05-Apr-2021,594.55,617.0,648.7,610.25,622.0,618.8,631.17,13320286,84073.38,280497, 1808209, 13.57
HARITASEAT, EQ, 05-Apr-2021,735.45,735.45,749.2,722.3,730.5,734.65,734.13,39309,288.58,2277, 27020, 68.74
HARRMALAYA, EQ, 05-Apr-2021,141.95,140.7,147.5,138.4,139.0,139.7,142.68,240828,343.61,8185, 46797, 19.43
HATHWAY, EQ, 05-Apr-2021,25.35,25.35,25.45,23.4,24.0,24.05,24.32,1289011,313.43,7206, 843758, 65.46
HATSUN, EQ, 05-Apr-2021,742.0,735.3,748.0,725.0,735.0,738.15,730.6,35048,256.06,2086, 27478, 78.40
HAVELLS, EQ, 05-Apr-2021,1058.45,1060.0,1063.55,1015.45,1026.05,1029.85,1028.16,1017471,10461.27,34073, 244598, 24.04
HAVISHA, BE, 05-Apr-2021,0.7,0.7,0.75,0.65,0.7,0.75,0.72,50604,0.36,63, -, -
HBANKETF, EQ, 05-Apr-2021,337.8,336.84,336.97,323.7,328.62,327.6,327.38,7958,26.05,337, 6705, 84.25
HBLPOWER, EQ, 05-Apr-2021,34.45,34.55,34.95,32.8,33.65,33.5,33.67,387426,130.43,3212, 239184, 61.74
HBSL, BE, 05-Apr-2021,17.0,17.85,17.85,16.2,17.1,17.1,16.98,2039,0.35,28, -, -
HCC, EQ, 05-Apr-2021,8.45,8.45,8.7,8.05,8.45,8.45,8.42,5906523,497.61,13299, 4116450, 69.69
HCG, EQ, 05-Apr-2021,187.05,188.1,193.4,182.0,186.1,186.9,187.06,143348,268.15,2553, 62910, 43.89
HCL-INSYS, EQ, 05-Apr-2021,9.25,9.5,9.55,9.15,9.3,9.3,9.37,359536,33.68,1341, 237392, 66.03
HCLTECH, EQ, 05-Apr-2021,1002.6,1007.0,1040.0,1002.6,1034.55,1033.5,1022.68,9452833,96672.02,235092, 3361126, 35.56
HDFC, EQ, 05-Apr-2021,2531.45,2530.0,2531.0,2413.0,2448.0,2445.85,2448.25,3353567,82103.77,211024, 1668964, 49.77
HDFC, W3, 05-Apr-2021,770.0,746.0,754.9,722.1,737.0,740.2,743.4,33600,249.78,55, 23400, 69.64
HDFCAMC, EQ, 05-Apr-2021,2963.35,2936.5,2947.7,2851.0,2900.0,2902.35,2895.64,148725,4306.55,13786, 55851, 37.55
HDFCBANK, EQ, 05-Apr-2021,1486.75,1480.0,1485.0,1431.0,1450.2,1449.6,1451.04,8003293,116131.26,238305, 2874301, 35.91
HDFCLIFE, EQ, 05-Apr-2021,691.0,697.9,698.0,676.1,681.7,682.15,681.77,2074674,14144.45,55493, 1107864, 53.40
HDFCMFGETF, EQ, 05-Apr-2021,40.08,40.15,40.69,40.11,40.35,40.34,40.38,1071259,432.56,1862, 881606, 82.30
HDFCNIFETF, EQ, 05-Apr-2021,158.01,158.0,158.05,153.86,156.11,155.92,156.55,67584,105.81,513, 65031, 96.22
HDFCSENETF, EQ, 05-Apr-2021,530.47,540.0,540.0,521.0,525.2,525.93,526.76,4686,24.68,344, 3731, 79.62
HDIL, BZ, 05-Apr-2021,4.9,5.1,5.1,4.8,5.1,5.1,5.05,224755,11.34,435, -, -
HECPROJECT, SM, 05-Apr-2021,118.25,112.35,112.35,112.35,112.35,112.35,112.35,1200,1.35,1, 1200, 100.00
HEG, EQ, 05-Apr-2021,1580.9,1573.8,1595.0,1521.05,1538.9,1537.9,1548.2,587003,9087.99,27157, 258540, 44.04
HEIDELBERG, EQ, 05-Apr-2021,239.05,239.5,239.8,232.1,235.9,234.75,235.52,156492,368.57,4722, 59996, 38.34
HEMIPROP, BE, 05-Apr-2021,144.3,145.8,151.5,143.0,151.5,151.5,150.01,814554,1221.95,3493, -, -
HERANBA, EQ, 05-Apr-2021,632.15,632.0,636.2,620.1,622.8,624.6,626.11,333226,2086.37,15883, 125144, 37.56
HERCULES, EQ, 05-Apr-2021,114.95,115.95,115.95,110.2,112.0,111.9,112.08,30738,34.45,941, 13276, 43.19
HERITGFOOD, EQ, 05-Apr-2021,312.9,310.1,312.05,300.0,306.0,304.0,305.13,110202,336.26,4087, 39315, 35.68
HEROMOTOCO, EQ, 05-Apr-2021,2956.1,2961.0,2972.95,2866.6,2888.0,2886.9,2901.69,1152927,33454.33,69606, 472121, 40.95
HESTERBIO, EQ, 05-Apr-2021,1903.4,1903.4,1935.0,1895.0,1903.0,1904.25,1908.0,9890,188.7,1393, 4768, 48.21
HEXATRADEX, BE, 05-Apr-2021,77.85,77.9,81.6,74.0,80.0,80.0,75.71,321583,243.46,317, -, -
HFCL, EQ, 05-Apr-2021,26.4,26.3,26.55,25.45,25.75,25.65,25.78,3395356,875.43,4829, 2241309, 66.01
HGINFRA, EQ, 05-Apr-2021,295.55,298.6,298.6,285.05,294.0,291.25,289.76,41538,120.36,1960, 23328, 56.16
HGS, EQ, 05-Apr-2021,1798.8,1817.9,1828.9,1702.85,1765.0,1768.55,1770.67,57809,1023.61,5851, 26772, 46.31
HIKAL, EQ, 05-Apr-2021,159.9,159.9,164.7,156.2,159.7,158.9,160.06,884639,1415.98,13533, 246324, 27.84
HIL, EQ, 05-Apr-2021,3017.9,3029.85,3059.0,2975.0,3010.0,3005.1,3001.7,8155,244.79,1360, 5683, 69.69
HILTON, EQ, 05-Apr-2021,9.65,9.85,9.9,9.2,9.4,9.4,9.35,17707,1.66,91, 10443, 58.98
HIMATSEIDE, EQ, 05-Apr-2021,147.3,147.7,147.7,140.05,143.75,143.35,143.34,92054,131.95,3786, 40403, 43.89
HINDALCO, EQ, 05-Apr-2021,350.25,349.9,352.9,338.0,351.0,350.65,346.83,14771653,51232.56,126221, 2953958, 20.00
HINDCOMPOS, EQ, 05-Apr-2021,270.35,275.55,275.55,263.95,270.0,270.15,269.11,3411,9.18,343, 1690, 49.55
HINDCON, SM, 05-Apr-2021,24.5,23.5,23.5,21.0,21.75,21.75,22.08,12000,2.65,3, 8000, 66.67
HINDCOPPER, EQ, 05-Apr-2021,125.55,128.4,131.8,126.0,131.8,131.8,130.2,5676424,7390.93,27640, 2205219, 38.85
HINDMOTORS, BE, 05-Apr-2021,6.8,6.95,7.1,6.5,6.65,6.7,6.68,36834,2.46,155, -, -
HINDNATGLS, BE, 05-Apr-2021,32.55,32.0,33.65,31.25,32.6,32.15,32.22,26351,8.49,134, -, -
HINDOILEXP, EQ, 05-Apr-2021,98.0,97.25,100.0,94.0,99.2,99.55,96.78,549692,532.02,8644, 220636, 40.14
HINDPETRO, EQ, 05-Apr-2021,237.6,239.15,239.15,229.5,235.35,235.25,233.03,4829242,11253.77,45788, 2115618, 43.81
HINDUNILVR, EQ, 05-Apr-2021,2399.1,2400.0,2417.2,2346.5,2375.1,2373.2,2377.34,2545447,60514.01,129980, 1826014, 71.74
HINDZINC, EQ, 05-Apr-2021,280.25,281.0,303.0,277.5,296.0,297.25,292.41,3945113,11536.05,68399, 1067058, 27.05
HIRECT, EQ, 05-Apr-2021,125.25,128.4,128.4,122.55,122.75,122.95,124.96,8996,11.24,308, 5641, 62.71
HISARMETAL, EQ, 05-Apr-2021,122.9,119.2,128.0,115.05,124.0,125.25,122.77,245083,300.89,4523, 61898, 25.26
HITECH, EQ, 05-Apr-2021,402.15,407.5,407.5,389.35,404.95,403.8,401.87,76379,306.94,1850, 32294, 42.28
HITECHCORP, EQ, 05-Apr-2021,122.75,126.9,126.9,116.6,118.9,118.0,120.3,5855,7.04,388, 3116, 53.22
HITECHGEAR, EQ, 05-Apr-2021,173.25,175.95,175.95,170.0,170.0,170.4,172.04,2042,3.51,117, 1558, 76.30
HLEGLAS, EQ, 05-Apr-2021,2400.95,2419.0,2460.0,2281.0,2340.0,2328.5,2329.04,8488,197.69,1537, 5056, 59.57
HLVLTD, EQ, 05-Apr-2021,6.15,6.0,6.15,5.85,5.95,5.95,5.94,144838,8.61,338, 95205, 65.73
HMT, BZ, 05-Apr-2021,31.85,32.0,32.0,30.3,30.5,30.5,30.71,3813,1.17,54, -, -
HMVL, EQ, 05-Apr-2021,63.35,64.0,64.0,60.8,61.05,61.65,61.57,39146,24.1,527, 25507, 65.16
HNDFDS, EQ, 05-Apr-2021,2129.6,2127.85,2127.85,2023.15,2050.0,2055.3,2052.08,10903,223.74,2669, 5711, 52.38
HNGSNGBEES, EQ, 05-Apr-2021,357.0,367.71,369.0,355.01,360.0,359.91,359.47,1008,3.62,115, 746, 74.01
HOMEFIRST, EQ, 05-Apr-2021,462.35,462.1,463.0,443.3,449.0,447.85,449.01,146809,659.19,10426, 79303, 54.02
HONAUT, EQ, 05-Apr-2021,46112.6,46499.0,46499.0,45000.0,45198.95,45305.7,45416.14,3303,1500.09,1890, 1490, 45.11
HONDAPOWER, EQ, 05-Apr-2021,980.55,974.05,985.0,959.55,965.0,969.25,970.71,3948,38.32,534, 2517, 63.75
HOVS, BE, 05-Apr-2021,56.85,58.0,58.0,54.05,54.05,54.05,54.09,8973,4.85,83, -, -
HPL, BE, 05-Apr-2021,49.15,49.85,50.9,47.5,48.8,48.7,48.73,79717,38.84,789, -, -
HSCL, EQ, 05-Apr-2021,44.0,43.65,43.95,42.0,42.6,42.55,42.76,3336068,1426.55,14172, 1345611, 40.34
HSIL, EQ, 05-Apr-2021,159.2,157.0,157.0,152.45,153.35,152.9,154.28,140471,216.72,3181, 60943, 43.38
HTMEDIA, EQ, 05-Apr-2021,22.85,23.2,23.2,21.65,22.15,22.05,22.01,216583,47.66,745, 181276, 83.70
HUBTOWN, BE, 05-Apr-2021,16.05,16.1,16.75,16.0,16.35,16.35,16.4,29949,4.91,60, -, -
HUDCO, EQ, 05-Apr-2021,45.1,45.15,45.15,43.65,43.9,43.9,44.16,1423574,628.6,5050, 483908, 33.99
HUDCO, N2, 05-Apr-2021,1191.1,1199.0,1200.0,1191.1,1199.75,1199.75,1197.16,1813,21.7,34, 1704, 93.99
HUDCO, N3, 05-Apr-2021,1040.77,1045.65,1050.0,1040.05,1043.1,1043.22,1043.5,1286,13.42,25, 851, 66.17
HUDCO, N5, 05-Apr-2021,1167.02,1168.0,1168.0,1168.0,1168.0,1168.0,1168.0,25,0.29,1, 25, 100.00
HUDCO, ND, 05-Apr-2021,1294.79,1294.0,1294.0,1282.0,1283.0,1283.05,1284.94,1001,12.86,10, 1000, 99.90
HUDCO, NE, 05-Apr-2021,1437.99,1439.9,1441.0,1424.5,1424.5,1424.5,1428.56,70,1.0,12, 67, 95.71
HUHTAMAKI, EQ, 05-Apr-2021,287.9,288.0,289.4,276.25,279.0,279.35,280.58,56679,159.03,2189, 34127, 60.21
HUSYSLTD, SM, 05-Apr-2021,98.7,93.8,93.8,93.8,93.8,93.8,93.8,2000,1.88,1, 2000, 100.00
IBMFNIFTY, EQ, 05-Apr-2021,148.8,158.0,158.0,140.95,150.97,150.89,149.5,1190,1.78,127, 289, 24.29
IBREALEST, EQ, 05-Apr-2021,88.3,88.15,88.15,82.7,84.2,84.15,84.8,8277681,7019.43,35196, 2692947, 32.53
IBUCCREDIT, N4, 05-Apr-2021,1189.42,1205.0,1205.0,1205.0,1205.0,1205.0,1205.0,25,0.3,1, 25, 100.00
IBUCCREDIT, N7, 05-Apr-2021,915.0,920.0,950.65,863.0,890.5,890.5,896.52,47,0.42,7, 12, 25.53
IBUCCREDIT, NB, 05-Apr-2021,822.2,890.0,890.0,890.0,890.0,890.0,890.0,5,0.04,1, 5, 100.00
IBULHSGFIN, EQ, 05-Apr-2021,204.65,204.0,204.8,190.1,193.6,193.4,194.55,15741065,30624.99,101177, 3141890, 19.96
IBULHSGFIN, N8, 05-Apr-2021,926.99,955.8,956.0,955.8,956.0,956.0,955.84,5,0.05,2, 5, 100.00
IBULHSGFIN, NA, 05-Apr-2021,890.0,890.0,890.0,885.0,885.0,885.0,887.45,275,2.44,12, 275, 100.00
ICEMAKE, EQ, 05-Apr-2021,67.5,70.85,70.85,65.75,67.5,67.5,67.22,6724,4.52,103, 5460, 81.20
ICICI500, EQ, 05-Apr-2021,203.97,222.3,222.3,200.15,202.3,202.26,202.27,3690,7.46,289, 3428, 92.90
ICICIALPLV, EQ, 05-Apr-2021,143.35,146.7,146.7,141.31,142.85,142.83,142.29,3526,5.02,302, 2660, 75.44
ICICIB22, EQ, 05-Apr-2021,36.55,36.01,36.55,35.15,35.95,35.72,35.57,265167,94.33,2640, 213381, 80.47
ICICIBANK, EQ, 05-Apr-2021,594.4,592.0,592.0,563.5,572.0,571.25,572.46,23260127,133154.45,269197, 8775222, 37.73
ICICIBANKN, EQ, 05-Apr-2021,335.85,335.85,335.85,321.7,325.0,325.41,325.91,19370,63.13,592, 14133, 72.96
ICICIBANKP, EQ, 05-Apr-2021,178.93,182.0,182.0,170.73,172.43,172.05,172.98,33353,57.69,576, 21966, 65.86
ICICIGI, EQ, 05-Apr-2021,1437.6,1451.7,1457.8,1400.05,1412.3,1410.65,1419.13,731017,10374.08,42811, 543923, 74.41
ICICIGOLD, EQ, 05-Apr-2021,39.98,41.0,41.0,39.72,40.32,40.27,40.32,144305,58.18,2135, 110309, 76.44
ICICILIQ, EQ, 05-Apr-2021,999.99,999.95,1000.01,999.95,999.99,999.99,1000.0,26422,264.22,43, 26030, 98.52
ICICILOVOL, EQ, 05-Apr-2021,118.63,120.7,127.7,115.63,119.99,118.05,118.13,104022,122.88,1626, 97132, 93.38
ICICIM150, EQ, 05-Apr-2021,92.96,93.9,99.0,89.38,93.0,91.27,91.72,59373,54.46,883, 44857, 75.55
ICICIMCAP, EQ, 05-Apr-2021,86.09,87.0,88.0,84.45,85.7,85.73,85.62,9363,8.02,348, 7233, 77.25
ICICINF100, EQ, 05-Apr-2021,160.93,165.7,165.7,157.45,159.6,159.81,159.95,13184,21.09,486, 11865, 90.00
ICICINIFTY, EQ, 05-Apr-2021,157.87,161.45,165.0,151.6,156.33,156.49,156.03,375894,586.5,7941, 263805, 70.18
ICICINV20, EQ, 05-Apr-2021,78.95,80.0,80.7,77.75,80.0,79.51,78.79,20079,15.82,2056, 14331, 71.37
ICICINXT50, EQ, 05-Apr-2021,35.29,36.2,36.2,34.51,35.34,35.12,34.99,99177,34.7,1284, 85096, 85.80
ICICIPRULI, EQ, 05-Apr-2021,444.35,446.5,446.95,433.5,439.7,436.7,439.37,2524024,11089.84,48544, 1119678, 44.36
ICICISENSX, EQ, 05-Apr-2021,537.49,543.98,543.98,526.4,531.4,531.44,529.5,2204,11.67,201, 1823, 82.71
ICICITECH, EQ, 05-Apr-2021,263.09,266.0,267.98,262.05,267.24,267.73,267.8,422217,1130.71,527, 414060, 98.07
ICIL, EQ, 05-Apr-2021,130.85,131.55,131.55,125.1,127.55,127.05,127.16,156481,198.97,1502, 106965, 68.36
ICRA, EQ, 05-Apr-2021,3308.3,3325.6,3339.0,3132.0,3230.0,3231.2,3227.72,7609,245.6,1390, 2944, 38.69
IDBI, EQ, 05-Apr-2021,39.0,39.4,39.5,37.3,38.4,38.15,38.27,19178139,7338.86,34713, 7602073, 39.64
IDBIGOLD, EQ, 05-Apr-2021,4154.85,4202.9,4202.9,4136.0,4199.95,4199.45,4183.67,154,6.44,90, 74, 48.05
IDEA, EQ, 05-Apr-2021,10.0,9.95,10.0,9.25,9.5,9.55,9.54,177588656,16948.85,125435, 54434675, 30.65
IDFC, EQ, 05-Apr-2021,47.7,47.8,48.0,45.6,47.9,47.5,46.76,3363476,1572.86,15278, 1866196, 55.48
IDFCFIRSTB, EQ, 05-Apr-2021,57.05,57.0,57.0,53.75,54.45,54.3,54.67,48364592,26440.43,123485, 15200955, 31.43
IDFCFIRSTB, N9, 05-Apr-2021,5294.99,5101.06,5150.0,5101.06,5150.0,5150.0,5125.53,8,0.41,2, 4, 50.00
IDFCFIRSTB, NA, 05-Apr-2021,11167.5,11150.0,11250.0,11150.0,11250.0,11250.0,11221.4,7,0.79,4, 7, 100.00
IDFCFIRSTB, NB, 05-Apr-2021,5050.0,5051.0,5051.0,5050.01,5050.01,5050.01,5050.51,8,0.4,3, 8, 100.00
IDFCFIRSTB, NC, 05-Apr-2021,10683.1,10690.0,10700.0,10685.0,10690.0,10690.0,10688.76,24,2.57,14, 24, 100.00
IDFNIFTYET, EQ, 05-Apr-2021,156.1,151.42,159.0,151.12,153.47,153.47,153.18,371,0.57,31, 245, 66.04
IEX, EQ, 05-Apr-2021,347.05,348.45,348.45,336.0,342.4,341.6,340.01,1929684,6561.11,42026, 725147, 37.58
IFBAGRO, EQ, 05-Apr-2021,407.55,408.55,414.8,395.55,404.0,404.6,406.24,9627,39.11,522, 4859, 50.47
IFBIND, EQ, 05-Apr-2021,1096.8,1074.95,1095.55,1031.15,1066.95,1064.65,1066.03,59618,635.55,4682, 18741, 31.44
IFCI, EQ, 05-Apr-2021,12.6,12.45,12.45,12.0,12.0,12.0,12.17,2453454,298.53,9682, 1767065, 72.02
IFCI, NF, 05-Apr-2021,1045.0,1060.0,1060.0,1060.0,1060.0,1060.0,1060.0,5,0.05,1, 5, 100.00
IFCI, NH, 05-Apr-2021,1083.0,1086.0,1086.0,1070.0,1083.85,1083.85,1081.81,1290,13.96,21, 1145, 88.76
IFCI, NL, 05-Apr-2021,1040.0,1044.0,1050.0,1044.0,1050.0,1050.0,1045.88,16,0.17,4, 16, 100.00
IFGLEXPOR, EQ, 05-Apr-2021,325.2,326.1,340.0,310.4,327.0,323.45,320.05,68228,218.36,2006, 27886, 40.87
IGARASHI, EQ, 05-Apr-2021,285.3,285.0,287.0,274.45,278.5,278.2,278.84,65415,182.4,1977, 29440, 45.00
IGL, EQ, 05-Apr-2021,526.45,525.75,525.75,502.25,505.1,504.75,508.18,2059327,10465.01,28861, 819630, 39.80
IGPL, EQ, 05-Apr-2021,429.15,429.15,443.4,413.0,418.95,419.2,428.12,40943,175.29,2100, 18618, 45.47
IIFL, EQ, 05-Apr-2021,293.95,295.0,295.0,279.3,279.6,279.4,281.46,300717,846.38,5052, 209100, 69.53
IIFL, N2, 05-Apr-2021,1020.0,1016.4,1016.4,1016.4,1016.4,1016.4,1016.4,40,0.41,2, 40, 100.00
IIFL, N4, 05-Apr-2021,1017.2,1024.0,1025.99,1015.6,1016.96,1016.96,1022.29,305,3.12,7, 305, 100.00
IIFL, N5, 05-Apr-2021,1030.75,1032.0,1032.0,1032.0,1032.0,1032.0,1032.0,100,1.03,1, 100, 100.00
IIFL, N6, 05-Apr-2021,1023.0,1020.5,1021.0,1020.5,1021.0,1020.75,1020.75,50,0.51,2, 50, 100.00
IIFL, N7, 05-Apr-2021,1005.0,1100.0,1100.0,1100.0,1100.0,1100.0,1100.0,100,1.1,1, 100, 100.00
IIFL, N9, 05-Apr-2021,1007.0,1006.0,1006.0,1006.0,1006.0,1006.0,1006.0,220,2.21,3, 220, 100.00
IIFL, NA, 05-Apr-2021,1162.25,1166.3,1166.3,1166.3,1166.3,1166.3,1166.3,50,0.58,2, 50, 100.00
IIFL, NB, 05-Apr-2021,1021.73,1031.05,1035.0,1030.0,1035.0,1035.0,1032.35,300,3.1,4, 300, 100.00
IIFL, NE, 05-Apr-2021,995.05,995.05,1009.0,995.0,1005.0,1005.0,998.88,642,6.41,29, 636, 99.07
IIFL, NF, 05-Apr-2021,998.0,999.55,1000.5,996.5,1000.5,998.58,998.41,4475,44.68,72, 3834, 85.68
IIFL, NG, 05-Apr-2021,1000.0,1000.0,1000.0,1000.0,1000.0,1000.0,1000.0,202,2.02,3, 202, 100.00
IIFLSEC, EQ, 05-Apr-2021,50.45,49.5,50.45,48.1,49.9,49.9,49.17,252389,124.1,1825, 107137, 42.45
IIFLWAM, EQ, 05-Apr-2021,1308.95,1308.0,1358.0,1277.05,1325.0,1313.15,1312.37,23777,312.04,4113, 11606, 48.81
IITL, EQ, 05-Apr-2021,62.95,66.5,66.6,58.0,58.0,60.0,61.86,17341,10.73,422, 9633, 55.55
IL&FSENGG, BZ, 05-Apr-2021,3.0,3.15,3.15,2.95,3.15,3.15,3.1,47637,1.48,77, -, -
IL&FSTRANS, BZ, 05-Apr-2021,2.2,2.3,2.3,2.3,2.3,2.3,2.3,80228,1.85,61, -, -
IMAGICAA, BE, 05-Apr-2021,6.5,6.35,6.55,6.2,6.3,6.35,6.33,62166,3.93,184, -, -
IMFA, EQ, 05-Apr-2021,482.25,490.9,505.0,472.0,481.0,481.45,488.94,59534,291.08,3296, 26851, 45.10
IMPAL, EQ, 05-Apr-2021,689.2,688.6,689.3,674.0,685.35,682.05,680.98,570,3.88,87, 314, 55.09
INDBANK, EQ, 05-Apr-2021,12.85,12.85,13.0,12.5,12.6,12.65,12.68,41647,5.28,375, 31012, 74.46
INDHOTEL, EQ, 05-Apr-2021,112.3,109.5,109.8,106.5,107.75,107.95,108.06,2154197,2327.89,17584, 674584, 31.31
INDIACEM, EQ, 05-Apr-2021,169.8,169.05,170.4,163.25,164.7,164.7,166.04,1792983,2977.0,11098, 782653, 43.65
INDIAGLYCO, EQ, 05-Apr-2021,438.65,439.0,448.95,422.3,432.15,433.4,433.31,204385,885.62,10791, 50761, 24.84
INDIAMART, EQ, 05-Apr-2021,7972.55,7920.0,8078.0,7736.05,8002.0,8004.55,7909.83,98752,7811.12,24469, 29098, 29.47
INDIANB, EQ, 05-Apr-2021,118.1,118.4,118.7,113.05,114.8,114.65,115.14,1219864,1404.56,9657, 378368, 31.02
INDIANCARD, EQ, 05-Apr-2021,134.0,135.95,135.95,130.1,131.4,133.35,133.35,10006,13.34,109, 2029, 20.28
INDIANHUME, EQ, 05-Apr-2021,179.15,179.45,179.45,172.0,173.0,173.0,174.13,23947,41.7,1058, 13518, 56.45
INDIGO, EQ, 05-Apr-2021,1616.6,1601.0,1609.9,1525.0,1551.0,1552.7,1560.93,1714868,26767.9,64262, 696629, 40.62
INDIGOPNTS, EQ, 05-Apr-2021,2384.25,2398.8,2398.8,2311.85,2324.0,2324.45,2335.16,26484,618.44,3826, 11054, 41.74
INDIGRID, IV, 05-Apr-2021,136.29,134.99,135.3,131.0,131.0,131.89,133.11,318087,423.42,142, 289170, 90.91
INDLMETER, EQ, 05-Apr-2021,14.0,14.5,14.5,13.4,14.2,14.2,13.86,2893,0.4,38, 2199, 76.01
INDNIPPON, EQ, 05-Apr-2021,374.0,380.0,384.8,375.55,383.35,380.8,379.56,19851,75.35,1127, 11130, 56.07
INDOCO, EQ, 05-Apr-2021,288.25,293.7,298.2,285.25,286.0,286.3,289.68,84116,243.67,2373, 35542, 42.25
INDORAMA, EQ, 05-Apr-2021,38.85,38.55,39.9,37.0,37.05,37.15,37.88,49967,18.93,329, 27145, 54.33
INDOSOLAR, BZ, 05-Apr-2021,2.15,2.15,2.15,2.05,2.05,2.1,2.07,127165,2.63,124, -, -
INDOSTAR, EQ, 05-Apr-2021,317.15,317.1,323.0,305.0,321.0,318.4,312.47,25320,79.12,1068, 13786, 54.45
INDOTECH, EQ, 05-Apr-2021,90.3,92.0,92.0,87.2,88.0,88.9,88.54,6968,6.17,338, 3354, 48.13
INDOTHAI, BE, 05-Apr-2021,55.35,53.1,55.35,52.6,54.0,52.7,53.05,2395,1.27,29, -, -
INDOWIND, BE, 05-Apr-2021,3.9,4.0,4.0,3.75,3.75,3.8,3.86,50583,1.95,220, -, -
INDRAMEDCO, EQ, 05-Apr-2021,56.0,57.7,60.5,56.15,59.3,59.35,59.2,1535310,908.86,8757, 548433, 35.72
INDSWFTLAB, EQ, 05-Apr-2021,74.9,75.4,76.8,74.0,75.3,75.3,75.14,62591,47.03,490, 38263, 61.13
INDSWFTLTD, BE, 05-Apr-2021,4.5,4.5,4.5,4.3,4.3,4.3,4.33,578,0.03,5, -, -
INDTERRAIN, BE, 05-Apr-2021,31.75,32.6,32.6,30.55,31.35,31.05,31.09,50539,15.71,201, -, -
INDUSINDBK, EQ, 05-Apr-2021,993.3,985.0,988.95,918.55,938.25,937.35,942.45,11223431,105775.3,218638, 3470931, 30.93
INDUSTOWER, EQ, 05-Apr-2021,255.45,257.8,257.8,245.4,251.0,251.8,250.81,1243612,3119.14,13896, 344939, 27.74
INEOSSTYRO, EQ, 05-Apr-2021,965.55,966.0,991.0,955.6,983.0,979.8,978.14,46324,453.11,2778, 21928, 47.34
INFIBEAM, EQ, 05-Apr-2021,47.6,47.9,48.2,44.4,45.5,45.4,45.93,2753070,1264.58,9776, 1373935, 49.91
INFOBEAN, EQ, 05-Apr-2021,146.55,144.1,150.0,144.1,147.75,147.6,147.8,20905,30.9,369, 14757, 70.59
INFOMEDIA, BE, 05-Apr-2021,3.15,3.15,3.15,3.15,3.15,3.15,3.15,3170,0.1,7, -, -
INFRABEES, EQ, 05-Apr-2021,430.31,430.0,430.0,417.13,422.88,423.63,422.88,1504,6.36,183, 825, 54.85
INFY, EQ, 05-Apr-2021,1385.2,1391.0,1425.0,1387.0,1415.0,1409.9,1406.84,9479572,133362.74,237018, 3462914, 36.53
INGERRAND, EQ, 05-Apr-2021,697.9,693.75,701.4,682.25,700.0,693.85,695.29,13299,92.47,1194, 8307, 62.46
INNOVANA, SM, 05-Apr-2021,97.0,92.35,99.95,92.3,99.55,99.55,95.41,6000,5.72,6, 3000, 50.00
INOXLEISUR, EQ, 05-Apr-2021,278.8,265.0,270.35,261.1,267.95,266.6,264.69,1165785,3085.77,21474, 236179, 20.26
INOXWIND, EQ, 05-Apr-2021,72.1,72.0,72.0,68.3,69.2,69.3,69.24,197129,136.49,2338, 72347, 36.70
INSECTICID, EQ, 05-Apr-2021,475.75,479.35,479.35,468.3,470.5,470.3,471.77,34782,164.09,1342, 20717, 59.56
INSPIRISYS, EQ, 05-Apr-2021,43.55,45.35,45.35,42.35,44.95,43.75,43.71,11423,4.99,249, 5120, 44.82
INTEGRA, BE, 05-Apr-2021,4.0,4.2,4.2,4.2,4.2,4.2,4.2,19493,0.82,17, -, -
INTELLECT, EQ, 05-Apr-2021,730.75,729.9,734.75,683.7,709.0,710.85,706.16,682379,4818.66,33642, 288707, 42.31
INTENTECH, EQ, 05-Apr-2021,32.75,33.8,33.8,31.25,31.25,31.55,31.93,24915,7.96,198, 18410, 73.89
INVENTURE, EQ, 05-Apr-2021,31.25,30.35,30.9,28.25,29.3,29.35,29.17,123024,35.88,905, 69798, 56.74
IOB, EQ, 05-Apr-2021,16.95,16.85,16.85,16.0,16.3,16.25,16.29,8026834,1307.76,9653, 3155882, 39.32
IOC, EQ, 05-Apr-2021,93.15,93.0,93.0,90.05,90.9,90.75,91.07,17182715,15647.83,62740, 5058616, 29.44
IOLCP, EQ, 05-Apr-2021,552.4,557.9,584.95,554.55,577.0,574.8,572.02,1002122,5732.3,26983, 257991, 25.74
IPCALAB, EQ, 05-Apr-2021,1882.0,1882.0,1893.0,1833.35,1875.0,1875.55,1866.34,103238,1926.77,12124, 49747, 48.19
IRB, EQ, 05-Apr-2021,113.8,113.8,113.95,107.3,108.25,108.9,109.79,1978801,2172.49,15804, 630150, 31.85
IRBINVIT, IV, 05-Apr-2021,55.68,56.01,56.01,54.1,56.0,55.88,55.23,577500,318.97,194, 452500, 78.35
IRCON, EQ, 05-Apr-2021,89.9,90.0,91.0,87.05,89.4,89.3,89.39,7548463,6747.38,29521, 3683979, 48.80
IRCTC, EQ, 05-Apr-2021,1751.75,1726.0,1737.95,1677.4,1704.5,1702.65,1700.81,1622830,27601.29,92917, 490775, 30.24
IREDA, N4, 05-Apr-2021,1085.9,1094.0,1197.74,1091.11,1197.74,1197.74,1115.74,130,1.45,3, 100, 76.92
IREDA, N5, 05-Apr-2021,1269.65,1289.99,1289.99,1260.0,1260.0,1260.0,1263.88,67,0.85,4, 67, 100.00
IREDA, N6, 05-Apr-2021,1420.0,1449.99,1449.99,1449.98,1449.98,1449.98,1449.99,200,2.9,2, 200, 100.00
IREDA, N7, 05-Apr-2021,1235.0,1248.94,1248.94,1243.89,1243.89,1243.89,1245.15,4,0.05,3, 4, 100.00
IRFC, EQ, 05-Apr-2021,22.85,22.85,22.9,22.3,22.4,22.5,22.54,20106460,4531.14,61087, 10622835, 52.83
IRFC, N1, 05-Apr-2021,1076.3,1070.0,1070.0,1070.0,1070.0,1070.0,1070.0,1,0.01,1, 1, 100.00
IRFC, N2, 05-Apr-2021,1210.04,1230.0,1230.0,1230.0,1230.0,1230.0,1230.0,366,4.5,1, 366, 100.00
IRFC, N3, 05-Apr-2021,1074.05,1075.3,1075.3,1075.3,1075.3,1075.3,1075.3,1,0.01,1, 1, 100.00
IRFC, N4, 05-Apr-2021,1194.0,1194.0,1194.0,1194.0,1194.0,1194.0,1194.0,1,0.01,1, 1, 100.00
IRFC, N8, 05-Apr-2021,1404.04,1404.0,1404.0,1404.0,1404.0,1404.0,1404.0,1,0.01,1, 1, 100.00
IRFC, N9, 05-Apr-2021,1245.0,1276.99,1276.99,1083.1,1199.0,1199.0,1193.58,14,0.17,3, 10, 71.43
IRFC, NA, 05-Apr-2021,1287.49,1287.49,1287.49,1287.0,1287.0,1287.0,1287.25,20,0.26,2, 10, 50.00
IRFC, NC, 05-Apr-2021,1544.99,1543.0,1543.0,1543.0,1543.0,1543.0,1543.0,1,0.02,1, 1, 100.00
IRFC, ND, 05-Apr-2021,1179.99,1179.0,1179.0,1179.0,1179.0,1179.0,1179.0,10,0.12,1, 10, 100.00
IRFC, NE, 05-Apr-2021,1344.99,1378.0,1378.0,1335.99,1335.99,1336.88,1340.82,89,1.19,9, 55, 61.80
IRFC, NI, 05-Apr-2021,1150.0,1148.5,1150.0,1148.5,1150.0,1150.0,1149.86,535,6.15,2, 535, 100.00
IRFC, NJ, 05-Apr-2021,1229.0,1229.0,1245.0,1229.0,1244.9,1244.93,1243.86,736,9.15,22, 536, 72.83
IRFC, NK, 05-Apr-2021,1330.52,1330.01,1335.0,1330.01,1335.0,1335.0,1333.34,30,0.4,3, 20, 66.67
IRFC, NM, 05-Apr-2021,1220.5,1229.0,1240.0,1229.0,1230.0,1230.0,1236.15,1552,19.19,5, 1552, 100.00
IRFC, NO, 05-Apr-2021,1249.9,1247.55,1250.0,1247.55,1250.0,1250.0,1248.78,24,0.3,2, 12, 50.00
IRISDOREME, EQ, 05-Apr-2021,90.1,89.05,90.1,87.65,88.0,88.05,88.65,1046,0.93,60, 642, 61.38
ISEC, EQ, 05-Apr-2021,394.6,395.5,395.9,386.0,391.05,391.85,389.4,454112,1768.32,20838, 191429, 42.15
ISFT, EQ, 05-Apr-2021,68.25,68.25,70.25,66.65,70.25,69.75,68.81,18529,12.75,279, 13913, 75.09
ISMTLTD, EQ, 05-Apr-2021,10.95,11.3,11.3,10.6,10.8,10.85,10.89,187645,20.43,231, 152811, 81.44
ITC, EQ, 05-Apr-2021,220.05,217.6,220.0,210.5,211.95,212.55,213.47,31378045,66983.98,220759, 14361225, 45.77
ITDC, EQ, 05-Apr-2021,390.75,385.0,388.9,369.0,376.6,375.65,377.06,103546,390.43,3730, 30158, 29.13
ITDCEM, EQ, 05-Apr-2021,78.95,77.05,79.45,75.7,76.2,76.25,76.86,205877,158.23,2429, 110968, 53.90
ITI, EQ, 05-Apr-2021,117.15,116.7,117.15,114.0,114.7,114.75,115.31,237273,273.6,3303, 99839, 42.08
IVC, EQ, 05-Apr-2021,4.05,4.1,4.3,4.1,4.2,4.2,4.18,177124,7.4,227, 111880, 63.16
IVP, BE, 05-Apr-2021,101.55,102.9,102.9,101.65,101.75,101.75,102.39,95,0.1,7, -, -
IVZINGOLD, EQ, 05-Apr-2021,4077.75,4182.0,4184.0,4090.0,4100.0,4097.5,4103.04,45,1.85,24, 38, 84.44
IVZINNIFTY, EQ, 05-Apr-2021,1617.0,1620.0,1620.0,1571.7,1575.55,1579.02,1590.48,45,0.72,22, 17, 37.78
IZMO, EQ, 05-Apr-2021,50.1,52.25,52.6,51.9,52.6,52.6,52.55,24091,12.66,81, 23885, 99.14
J&KBANK, EQ, 05-Apr-2021,26.65,27.0,27.0,25.8,26.05,26.05,26.24,1383395,363.01,4534, 750748, 54.27
JAGRAN, EQ, 05-Apr-2021,59.0,59.95,59.95,58.15,58.9,58.95,58.87,539279,317.45,2061, 374207, 69.39
JAGSNPHARM, EQ, 05-Apr-2021,79.9,80.55,81.8,77.25,79.0,79.0,79.35,349226,277.13,5532, 54389, 15.57
JAIBALAJI, BE, 05-Apr-2021,36.7,36.7,38.5,36.0,37.75,36.25,37.07,35484,13.16,144, -, -
JAICORPLTD, EQ, 05-Apr-2021,87.9,87.85,87.85,83.6,85.5,85.25,85.21,571643,487.11,4868, 149400, 26.14
JAINSTUDIO, BZ, 05-Apr-2021,2.0,2.0,2.0,2.0,2.0,2.0,2.0,60,0.0,1, -, -
JAMNAAUTO, EQ, 05-Apr-2021,68.8,68.95,71.0,67.65,68.35,68.6,69.04,771007,532.3,8624, 307875, 39.93
JASH, EQ, 05-Apr-2021,324.2,333.0,344.35,316.0,321.95,319.95,327.1,33986,111.17,930, 22084, 64.98
JAYAGROGN, EQ, 05-Apr-2021,136.75,138.0,138.0,132.15,133.95,134.2,134.24,9090,12.2,347, 6497, 71.47
JAYBARMARU, EQ, 05-Apr-2021,231.65,236.0,236.0,223.55,225.85,226.45,228.79,10384,23.76,295, 4110, 39.58
JAYNECOIND, EQ, 05-Apr-2021,11.1,11.65,11.65,11.65,11.65,11.65,11.65,64847,7.55,91, 62170, 95.87
JAYSREETEA, EQ, 05-Apr-2021,68.25,68.3,68.35,65.15,66.15,66.05,66.13,132007,87.29,1011, 80887, 61.27
JBCHEPHARM, EQ, 05-Apr-2021,1252.1,1252.1,1274.0,1214.0,1226.0,1227.15,1229.15,101959,1253.23,10789, 57374, 56.27
JBFIND, EQ, 05-Apr-2021,14.2,14.4,14.5,13.55,14.4,14.25,13.88,249674,34.66,429, 190881, 76.45
JBMA, EQ, 05-Apr-2021,425.95,428.7,428.7,411.05,413.0,413.75,414.95,16608,68.92,1246, 8996, 54.17
JCHAC, EQ, 05-Apr-2021,2668.05,2668.0,2681.4,2574.25,2612.0,2588.5,2613.69,9537,249.27,2073, 4573, 47.95
JETAIRWAYS, BZ, 05-Apr-2021,100.2,103.95,105.2,97.0,100.3,101.1,101.82,118497,120.65,1639, -, -
JHS, BE, 05-Apr-2021,19.95,20.35,20.75,19.15,20.3,20.3,20.15,21714,4.37,95, -, -
JIKIND, BE, 05-Apr-2021,0.55,0.6,0.6,0.5,0.6,0.6,0.51,27812,0.14,29, -, -
JINDALPHOT, BE, 05-Apr-2021,86.1,90.4,90.4,81.8,81.8,81.8,83.08,47713,39.64,331, -, -
JINDALPOLY, EQ, 05-Apr-2021,765.35,763.15,763.15,732.6,737.0,740.25,742.44,57954,430.28,4096, 27359, 47.21
JINDALSAW, EQ, 05-Apr-2021,76.65,76.9,77.9,73.0,75.2,74.7,75.25,1154814,868.94,8204, 430559, 37.28
JINDALSTEL, EQ, 05-Apr-2021,370.9,370.9,386.0,359.25,385.2,382.85,372.79,11514234,42924.11,104119, 1318380, 11.45
JINDCOT, BE, 05-Apr-2021,1.7,1.75,1.75,1.75,1.75,1.75,1.75,39702,0.69,5, -, -
JINDRILL, EQ, 05-Apr-2021,93.75,91.0,94.65,90.15,91.95,90.9,91.2,13855,12.64,272, 8421, 60.78
JINDWORLD, EQ, 05-Apr-2021,49.4,51.0,51.0,48.05,48.6,48.5,49.03,158865,77.9,1481, 5479, 3.45
JISLDVREQS, BE, 05-Apr-2021,12.75,12.75,12.75,12.35,12.4,12.4,12.48,18701,2.33,62, -, -
JISLJALEQS, EQ, 05-Apr-2021,19.3,19.5,19.85,18.4,19.5,19.15,19.01,3584569,681.6,4257, 2435281, 67.94
JITFINFRA, BE, 05-Apr-2021,8.0,7.6,8.0,7.6,8.0,8.0,7.69,3186,0.25,13, -, -
JIYAECO, BE, 05-Apr-2021,4.9,5.05,5.1,4.75,5.1,5.1,5.07,56607,2.87,153, -, -
JKCEMENT, EQ, 05-Apr-2021,2919.6,2923.0,2984.25,2799.95,2842.0,2810.55,2881.76,62420,1798.8,11892, 46126, 73.90
JKIL, EQ, 05-Apr-2021,194.45,190.0,192.65,179.5,182.75,182.85,184.34,203649,375.4,3360, 140719, 69.10
JKLAKSHMI, EQ, 05-Apr-2021,438.65,438.0,438.0,414.45,426.0,425.2,423.73,346926,1470.02,19478, 179496, 51.74
JKPAPER, EQ, 05-Apr-2021,154.55,153.0,153.0,143.6,146.2,146.05,147.2,1506737,2217.84,12337, 858928, 57.01
JKTYRE, EQ, 05-Apr-2021,119.15,119.9,119.95,113.0,115.0,114.5,115.47,1179208,1361.66,13104, 499926, 42.40
JMA, EQ, 05-Apr-2021,31.8,34.8,34.8,31.95,33.9,32.9,33.43,24360,8.14,316, 12885, 52.89
JMCPROJECT, EQ, 05-Apr-2021,82.6,84.4,86.3,79.5,82.5,82.4,83.2,391553,325.79,5383, 154167, 39.37
JMFINANCIL, EQ, 05-Apr-2021,85.4,85.0,85.35,82.5,84.2,83.7,83.78,507171,424.93,4480, 223320, 44.03
JMTAUTOLTD, BE, 05-Apr-2021,2.55,2.65,2.65,2.5,2.6,2.6,2.57,222267,5.72,330, -, -
JOCIL, EQ, 05-Apr-2021,149.7,148.75,149.85,144.0,147.0,146.9,146.71,3243,4.76,220, 1788, 55.13
JPASSOCIAT, EQ, 05-Apr-2021,7.1,7.15,7.2,6.85,6.95,7.0,6.99,8252089,576.65,22478, 6333419, 76.75
JPINFRATEC, EQ, 05-Apr-2021,1.55,1.6,1.6,1.5,1.5,1.5,1.51,2874447,43.46,848, 1717541, 59.75
JPOLYINVST, BE, 05-Apr-2021,32.2,32.2,32.2,32.2,32.2,32.2,32.2,202,0.07,4, -, -
JPPOWER, EQ, 05-Apr-2021,3.4,3.55,3.55,3.25,3.25,3.25,3.38,56218421,1899.64,15803, 29241981, 52.01
JSL, EQ, 05-Apr-2021,69.85,70.0,72.25,68.0,70.0,70.1,69.95,961261,672.4,6129, 479377, 49.87
JSLHISAR, EQ, 05-Apr-2021,128.5,127.8,133.6,126.2,131.5,130.85,130.48,994857,1298.12,7552, 494076, 49.66
JSWENERGY, EQ, 05-Apr-2021,90.7,90.0,90.4,85.0,87.0,86.55,87.13,5031925,4384.25,21487, 1332809, 26.49
JSWHL, EQ, 05-Apr-2021,3902.55,3915.0,3993.0,3811.1,3894.0,3909.35,3873.09,5121,198.34,1682, 1260, 24.60
JSWISPL, EQ, 05-Apr-2021,27.5,28.85,28.85,28.0,28.85,28.85,28.82,1043412,300.68,935, 811525, 77.78
JSWSTEEL, EQ, 05-Apr-2021,508.75,513.5,522.0,503.2,519.5,517.5,514.15,29711225,152760.55,289831, 2079223, 7.00
JTEKTINDIA, EQ, 05-Apr-2021,86.35,86.35,86.35,83.8,84.3,84.15,84.65,127706,108.1,4150, 64292, 50.34
JUBLFOOD, EQ, 05-Apr-2021,2950.75,2939.05,2966.25,2807.55,2844.15,2837.0,2862.45,669772,19171.91,47198, 191118, 28.53
JUBLINDS, EQ, 05-Apr-2021,191.6,195.0,195.0,188.4,192.85,192.75,191.88,23098,44.32,586, 13981, 60.53
JUBLINGREA, BE, 05-Apr-2021,272.65,278.9,286.25,275.0,286.25,286.25,285.3,431503,1231.1,2172, -, -
JUBLPHARMA, EQ, 05-Apr-2021,712.7,712.9,719.7,699.95,708.0,712.7,707.02,104091,735.94,5459, 48985, 47.06
JUMPNET, EQ, 05-Apr-2021,9.2,9.1,9.35,9.05,9.35,9.3,9.15,3079227,281.62,1690, 2147189, 69.73
JUNIORBEES, EQ, 05-Apr-2021,362.9,367.4,372.0,355.21,359.3,359.95,359.53,121134,435.51,11264, 76063, 62.79
JUSTDIAL, EQ, 05-Apr-2021,902.9,899.4,899.4,846.3,869.9,865.9,871.6,926514,8075.46,37616, 183907, 19.85
JYOTHYLAB, EQ, 05-Apr-2021,144.2,145.65,146.0,141.0,143.3,143.1,142.98,345342,493.79,9123, 86726, 25.11
JYOTISTRUC, BZ, 05-Apr-2021,5.1,5.35,5.35,5.0,5.35,5.35,5.28,132722,7.01,136, -, -
KABRAEXTRU, EQ, 05-Apr-2021,178.7,179.8,179.8,165.0,168.5,169.1,170.45,159591,272.03,4740, 85800, 53.76
KAJARIACER, EQ, 05-Apr-2021,941.95,943.95,960.9,927.1,946.55,947.1,947.67,572007,5420.75,11143, 443983, 77.62
KAKATCEM, EQ, 05-Apr-2021,174.3,170.3,174.95,167.0,170.25,170.05,169.48,9735,16.5,290, 5491, 56.40
KALPATPOWR, EQ, 05-Apr-2021,382.2,381.0,381.0,368.0,378.1,378.15,374.79,76783,287.78,2951, 38085, 49.60
KALYANIFRG, BE, 05-Apr-2021,198.0,202.0,204.0,189.9,190.0,189.95,195.19,1399,2.73,46, -, -
KALYANKJIL, EQ, 05-Apr-2021,71.4,71.5,71.5,68.55,70.05,69.9,69.78,2399032,1674.12,21877, 1025158, 42.73
KAMATHOTEL, EQ, 05-Apr-2021,31.45,30.25,30.6,29.4,30.05,30.2,29.99,37830,11.34,428, 18955, 50.11
KAMDHENU, EQ, 05-Apr-2021,145.5,146.45,164.5,146.45,155.95,155.75,158.04,638637,1009.28,8629, 297139, 46.53
KANANIIND, EQ, 05-Apr-2021,4.05,4.15,4.15,3.9,4.0,3.9,4.06,6156,0.25,58, 3786, 61.50
KANORICHEM, BE, 05-Apr-2021,95.6,97.6,100.35,92.0,100.35,100.35,99.12,89029,88.24,501, -, -
KANPRPLA, EQ, 05-Apr-2021,144.45,146.0,146.0,140.95,141.95,141.95,142.66,18273,26.07,665, 11625, 63.62
KANSAINER, EQ, 05-Apr-2021,591.85,585.0,592.35,576.45,587.5,588.6,586.27,204519,1199.02,4072, 165988, 81.16
KAPSTON, BE, 05-Apr-2021,97.05,97.5,99.0,94.0,98.95,98.95,97.44,231,0.23,14, -, -
KARDA, EQ, 05-Apr-2021,120.55,120.5,120.5,115.5,116.0,116.6,118.81,26942,32.01,304, 9300, 34.52
KARMAENG, BE, 05-Apr-2021,14.0,13.75,13.95,13.4,13.4,13.6,13.63,1756,0.24,28, -, -
KARURVYSYA, EQ, 05-Apr-2021,56.75,57.2,57.2,54.2,55.0,55.1,55.31,797316,441.0,4670, 440182, 55.21
KAUSHALYA, EQ, 05-Apr-2021,1.6,1.65,1.65,1.55,1.55,1.55,1.6,9951,0.16,35, 6062, 60.92
KAVVERITEL, BE, 05-Apr-2021,1.85,1.85,1.85,1.85,1.85,1.85,1.85,10,0.0,1, -, -
KAYA, EQ, 05-Apr-2021,288.75,288.95,288.95,268.1,280.0,280.2,275.3,34095,93.86,1532, 16252, 47.67
KCP, EQ, 05-Apr-2021,84.35,84.0,84.0,81.0,82.3,82.6,82.34,130763,107.68,1518, 85564, 65.43
KCPSUGIND, EQ, 05-Apr-2021,15.1,15.15,15.15,14.65,15.0,14.9,14.94,208122,31.09,395, 136281, 65.48
KDDL, EQ, 05-Apr-2021,266.35,271.05,271.95,249.95,261.05,261.2,259.37,8223,21.33,251, 6486, 78.88
KEC, EQ, 05-Apr-2021,419.5,413.0,426.7,411.05,417.05,417.35,415.48,178293,740.77,6668, 84013, 47.12
KECL, EQ, 05-Apr-2021,12.7,12.85,13.45,12.6,13.35,13.25,13.05,76205,9.94,388, 55341, 72.62
KEERTI, EQ, 05-Apr-2021,24.2,24.7,25.45,23.95,23.95,24.15,24.34,404030,98.32,922, 112215, 27.77
KEI, EQ, 05-Apr-2021,528.6,528.6,528.6,505.0,508.3,509.15,513.5,137175,704.39,6808, 61523, 44.85
KELLTONTEC, EQ, 05-Apr-2021,73.1,74.4,74.4,69.3,69.8,70.25,71.11,371070,263.86,3074, 242986, 65.48
KENNAMET, EQ, 05-Apr-2021,1082.65,1088.0,1088.0,1041.0,1045.0,1044.7,1053.7,2668,28.11,501, 1558, 58.40
KERNEX, BE, 05-Apr-2021,66.75,67.0,70.05,63.45,70.05,69.3,65.54,70606,46.28,292, -, -
KESORAMIND, EQ, 05-Apr-2021,76.45,75.9,76.45,70.75,73.7,73.75,73.61,915444,673.87,8002, 294127, 32.13
KEYFINSERV, EQ, 05-Apr-2021,56.4,54.35,58.6,54.3,55.1,56.65,57.13,582,0.33,49, 451, 77.49
KGL, BZ, 05-Apr-2021,0.3,0.25,0.3,0.25,0.3,0.3,0.26,566970,1.49,110, -, -
KHADIM, EQ, 05-Apr-2021,151.2,152.2,152.2,131.5,145.0,145.7,146.53,52398,76.78,1435, 27678, 52.82
KHAICHEM, EQ, 05-Apr-2021,22.9,23.4,23.4,21.85,22.2,22.4,22.31,77694,17.33,608, 46147, 59.40
KHAITANLTD, BE, 05-Apr-2021,17.4,16.55,16.55,16.55,16.55,16.55,16.55,611,0.1,11, -, -
KHANDSE, EQ, 05-Apr-2021,14.6,14.9,14.9,13.9,14.35,14.0,14.04,3806,0.53,27, 2770, 72.78
KICL, EQ, 05-Apr-2021,1579.2,1630.15,1630.15,1518.0,1525.0,1524.9,1549.66,663,10.27,366, 116, 17.50
KILITCH, EQ, 05-Apr-2021,83.3,83.7,84.4,81.35,81.4,82.3,83.03,2430,2.02,92, 1666, 68.56
KINGFA, EQ, 05-Apr-2021,606.15,606.15,611.9,586.0,593.2,594.75,593.78,6706,39.82,1169, 2110, 31.46
KIOCL, EQ, 05-Apr-2021,150.55,153.0,157.0,145.3,154.0,154.6,151.64,172266,261.23,13837, 62162, 36.08
KIRIINDUS, EQ, 05-Apr-2021,442.3,445.8,466.8,438.8,441.1,441.6,450.93,169937,766.3,5244, 81623, 48.03
KIRLFER, EQ, 05-Apr-2021,173.5,174.0,199.0,165.0,189.0,188.65,184.33,532558,981.68,15636, 242578, 45.55
KIRLOSBROS, EQ, 05-Apr-2021,260.5,262.9,268.8,244.05,250.5,252.2,255.34,136956,349.7,5190, 59125, 43.17
KIRLOSENG, EQ, 05-Apr-2021,170.1,173.0,173.75,159.55,161.3,161.2,164.45,236638,389.15,3958, 141126, 59.64
KIRLOSIND, EQ, 05-Apr-2021,1260.75,1279.0,1305.0,1246.5,1255.35,1264.25,1270.04,1081,13.73,168, 576, 53.28
KITEX, EQ, 05-Apr-2021,101.0,101.95,101.95,99.0,100.9,100.2,100.03,71517,71.54,1106, 47712, 66.71
KKCL, EQ, 05-Apr-2021,873.75,885.0,885.0,835.0,841.45,842.35,853.67,1382,11.8,448, 658, 47.61
KMSUGAR, EQ, 05-Apr-2021,12.05,12.8,13.25,12.5,12.65,12.7,12.85,794595,102.14,2583, 318926, 40.14
KNRCON, EQ, 05-Apr-2021,211.8,212.0,212.5,205.0,210.0,208.7,208.78,339257,708.31,9246, 186842, 55.07
KOHINOOR, BZ, 05-Apr-2021,6.65,6.65,6.9,6.4,6.5,6.5,6.49,7121,0.46,42, -, -
KOKUYOCMLN, EQ, 05-Apr-2021,59.15,59.6,59.6,56.9,57.45,57.3,57.49,111087,63.86,2110, 44800, 40.33
KOLTEPATIL, EQ, 05-Apr-2021,236.75,237.65,241.45,231.2,239.45,237.7,236.42,93672,221.46,3218, 38172, 40.75
KOPRAN, EQ, 05-Apr-2021,110.8,111.1,115.4,106.9,111.4,111.8,111.85,959513,1073.24,12319, 351196, 36.60
KOTAKBANK, EQ, 05-Apr-2021,1804.55,1786.1,1799.6,1734.4,1761.0,1759.2,1758.64,2448241,43055.7,117404, 1082397, 44.21
KOTAKBKETF, EQ, 05-Apr-2021,344.84,334.5,343.17,324.1,330.8,330.33,331.15,258356,855.55,1920, 87921, 34.03
KOTAKGOLD, EQ, 05-Apr-2021,393.3,397.45,398.85,394.1,395.7,396.85,396.62,55109,218.58,2120, 29505, 53.54
KOTAKIT, EQ, 05-Apr-2021,25.97,26.0,30.92,25.1,26.7,26.49,26.18,16507,4.32,156, 10726, 64.98
KOTAKNIFTY, EQ, 05-Apr-2021,155.1,159.97,159.97,151.51,153.5,153.32,153.15,207804,318.24,1477, 140569, 67.64
KOTAKNV20, EQ, 05-Apr-2021,81.23,82.0,88.5,79.08,80.25,80.11,81.77,7099,5.8,166, 5173, 72.87
KOTAKPSUBK, EQ, 05-Apr-2021,217.55,218.99,218.99,205.1,208.39,208.34,208.31,48665,101.37,399, 32115, 65.99
KOTARISUG, EQ, 05-Apr-2021,27.1,26.5,26.85,24.5,25.0,24.85,25.31,194570,49.25,1134, 143135, 73.56
KOTHARIPET, EQ, 05-Apr-2021,27.25,26.65,27.0,24.8,25.7,25.65,25.39,134364,34.12,830, 84806, 63.12
KOTHARIPRO, EQ, 05-Apr-2021,66.15,66.95,67.5,64.4,64.5,65.25,65.99,4811,3.17,121, 2497, 51.90
KPITTECH, EQ, 05-Apr-2021,175.7,175.5,179.4,173.0,174.45,175.75,176.16,663451,1168.73,11243, 290658, 43.81
KPRMILL, EQ, 05-Apr-2021,1061.15,1057.0,1061.15,1032.0,1049.0,1049.6,1050.96,70881,744.93,12754, 43364, 61.18
KRBL, EQ, 05-Apr-2021,179.05,180.05,186.4,178.0,185.0,184.8,182.08,406975,741.02,6130, 192491, 47.30
KREBSBIO, EQ, 05-Apr-2021,91.55,94.7,94.7,88.65,89.0,89.75,90.82,17498,15.89,273, 13117, 74.96
KRIDHANINF, EQ, 05-Apr-2021,3.9,4.05,4.05,3.85,4.0,3.95,3.96,40145,1.59,105, 29183, 72.69
KRISHANA, EQ, 05-Apr-2021,92.25,90.15,94.0,89.35,94.0,93.15,92.08,3273,3.01,83, 2363, 72.20
KSB, EQ, 05-Apr-2021,891.55,890.0,901.4,861.95,876.0,881.75,883.78,34700,306.67,2745, 23270, 67.06
KSCL, EQ, 05-Apr-2021,527.85,529.0,533.15,510.0,530.0,527.75,522.45,154691,808.19,6025, 67158, 43.41
KSERASERA, BZ, 05-Apr-2021,0.15,0.1,0.2,0.1,0.2,0.15,0.14,3430897,4.93,207, -, -
KSL, EQ, 05-Apr-2021,335.8,339.8,347.8,329.05,341.0,339.8,339.99,284975,968.89,10082, 90474, 31.75
KSOLVES, SM, 05-Apr-2021,705.0,720.0,725.0,720.0,725.0,725.0,722.14,2100,15.17,6, 2100, 100.00
KTKBANK, EQ, 05-Apr-2021,65.05,64.1,64.35,61.7,62.6,62.55,62.73,1452112,910.87,6335, 511274, 35.21
KUANTUM, EQ, 05-Apr-2021,68.3,67.3,69.25,64.1,65.85,65.5,67.41,37122,25.02,332, 7358, 19.82
L&TFH, EQ, 05-Apr-2021,99.5,99.4,99.4,94.0,95.65,95.3,95.71,11080990,10606.07,50014, 2494672, 22.51
L&TFINANCE, NA, 05-Apr-2021,1190.0,1196.01,1196.01,1196.01,1196.01,1196.01,1196.01,60,0.72,1, 60, 100.00
L&TFINANCE, NE, 05-Apr-2021,1066.0,1000.06,1142.0,1000.06,1031.14,1031.14,1009.06,420,4.24,7, 373, 88.81
L&TFINANCE, NK, 05-Apr-2021,1021.0,1057.0,1057.0,1008.0,1008.0,1008.0,1011.27,15,0.15,2, 14, 93.33
L&TFINANCE, NO, 05-Apr-2021,1075.0,1070.0,1080.0,1070.0,1080.0,1080.0,1079.97,1378,14.88,2, 1378, 100.00
L&TFINANCE, Y1, 05-Apr-2021,1113.5,1170.0,1170.0,1170.0,1170.0,1170.0,1170.0,20,0.23,1, 20, 100.00
L&TFINANCE, Y3, 05-Apr-2021,1026.5,1020.0,1020.0,1020.0,1020.0,1020.0,1020.0,100,1.02,1, 100, 100.00
L&TFINANCE, Y7, 05-Apr-2021,1066.6,1065.0,1065.0,1063.0,1063.0,1063.0,1064.69,26,0.28,3, 26, 100.00
LALPATHLAB, EQ, 05-Apr-2021,2730.6,2772.0,2925.0,2720.0,2898.0,2898.3,2875.89,942719,27111.52,78910, 140894, 14.95
LAMBODHARA, EQ, 05-Apr-2021,53.9,54.05,59.25,54.05,56.05,57.3,57.69,174120,100.46,1713, 86089, 49.44
LAOPALA, EQ, 05-Apr-2021,221.15,222.0,226.0,216.95,224.2,224.95,221.55,63412,140.49,2661, 34486, 54.38
LASA, EQ, 05-Apr-2021,60.4,60.4,60.4,58.6,59.9,59.65,59.46,126929,75.47,5747, 34591, 27.25
LAURUSLABS, EQ, 05-Apr-2021,365.3,368.0,376.5,362.1,374.0,373.75,371.1,4201991,15593.46,60155, 1822583, 43.37
LAXMIMACH, EQ, 05-Apr-2021,6876.1,6970.0,6970.0,6660.0,6677.85,6671.95,6729.03,3682,247.76,1489, 2320, 63.01
LCCINFOTEC, BE, 05-Apr-2021,5.2,4.95,4.95,4.95,4.95,4.95,4.95,8649,0.43,28, -, -
LEMONTREE, EQ, 05-Apr-2021,37.8,37.1,37.5,35.0,35.9,35.55,35.93,1796124,645.41,7790, 923610, 51.42
LEXUS, SM, 05-Apr-2021,12.9,13.5,13.5,13.5,13.5,13.5,13.5,1000,0.14,1, 1000, 100.00
LFIC, EQ, 05-Apr-2021,82.6,88.0,88.0,81.65,82.85,82.85,83.34,50,0.04,7, 30, 60.00
LGBBROSLTD, EQ, 05-Apr-2021,309.95,316.45,323.0,306.55,318.9,316.95,315.64,121612,383.85,4028, 79130, 65.07
LGBFORGE, BE, 05-Apr-2021,3.75,3.7,3.9,3.6,3.8,3.75,3.71,43688,1.62,70, -, -
LIBAS, BE, 05-Apr-2021,52.0,53.6,53.9,51.5,52.0,52.1,52.68,45628,24.03,463, -, -
LIBERTSHOE, EQ, 05-Apr-2021,130.9,131.5,131.9,126.65,128.0,127.9,128.3,33286,42.71,840, 15345, 46.10
LICHSGFIN, EQ, 05-Apr-2021,432.85,430.8,430.8,411.95,418.0,418.45,418.0,2994495,12516.87,53108, 763749, 25.51
LICNETFGSC, EQ, 05-Apr-2021,21.68,22.05,23.34,21.55,21.84,21.83,21.83,3282,0.72,112, 2128, 64.84
LICNETFN50, EQ, 05-Apr-2021,161.85,164.9,166.7,158.0,158.0,159.07,161.12,2985,4.81,313, 2031, 68.04
LICNETFSEN, EQ, 05-Apr-2021,541.34,552.2,552.2,536.1,549.75,539.46,545.76,174,0.95,74, 85, 48.85
LICNFNHGP, EQ, 05-Apr-2021,151.08,155.61,167.0,148.03,154.5,154.26,155.14,1366,2.12,89, 1291, 94.51
LIKHITHA, EQ, 05-Apr-2021,343.75,345.9,393.0,342.65,376.0,374.5,369.08,619078,2284.89,15500, 211741, 34.20
LINCOLN, EQ, 05-Apr-2021,236.7,233.1,235.1,227.4,229.0,228.95,230.73,58282,134.47,2125, 31116, 53.39
LINCPEN, EQ, 05-Apr-2021,150.45,154.0,154.0,145.0,148.95,148.25,147.52,4596,6.78,301, 1832, 39.86
LINDEINDIA, EQ, 05-Apr-2021,1813.45,1827.0,1860.0,1791.0,1802.0,1810.85,1822.33,40821,743.9,3860, 23039, 56.44
LIQUIDBEES, EQ, 05-Apr-2021,999.99,1002.3,1002.3,999.36,1000.01,1000.0,1000.0,1230583,12305.82,8221, 909098, 73.88
LIQUIDETF, EQ, 05-Apr-2021,999.99,1000.0,1000.01,1000.0,1000.0,1000.0,1000.0,11067,110.67,70, 11066, 99.99
LOKESHMACH, BE, 05-Apr-2021,32.9,34.0,34.5,33.95,34.5,34.5,34.44,6242,2.15,31, -, -
LOTUSEYE, EQ, 05-Apr-2021,43.35,44.25,44.25,41.0,41.0,41.3,42.07,46226,19.45,348, 35444, 76.68
LOVABLE, EQ, 05-Apr-2021,84.3,85.05,85.05,82.0,83.15,82.9,82.94,8084,6.7,251, 4804, 59.43
LPDC, BE, 05-Apr-2021,1.9,1.95,1.95,1.85,1.95,1.9,1.88,24143,0.45,46, -, -
LSIL, BE, 05-Apr-2021,1.15,1.15,1.2,1.1,1.15,1.2,1.17,2667146,31.15,1838, -, -
LT, EQ, 05-Apr-2021,1444.6,1439.0,1439.0,1381.4,1405.5,1403.8,1402.23,2548649,35737.86,86164, 863540, 33.88
LTI, EQ, 05-Apr-2021,4112.8,4115.0,4296.8,4079.05,4290.0,4269.5,4213.84,456022,19216.05,45549, 119629, 26.23
LTMFEOF2R, MF, 05-Apr-2021,14.45,14.85,14.85,14.85,14.85,14.85,14.85,2800,0.42,3, 2800, 100.00
LTTS, EQ, 05-Apr-2021,2720.6,2731.45,2794.8,2687.0,2749.0,2760.0,2745.74,376273,10331.46,31550, 133284, 35.42
LUMAXIND, EQ, 05-Apr-2021,1621.3,1621.3,1625.05,1581.3,1614.9,1605.9,1600.54,2629,42.08,603, 1518, 57.74
LUMAXTECH, EQ, 05-Apr-2021,163.5,163.0,163.0,155.0,156.8,156.7,157.47,81927,129.01,2550, 40039, 48.87
LUPIN, EQ, 05-Apr-2021,1027.0,1027.0,1031.4,1007.25,1029.0,1028.95,1021.59,754402,7706.9,16376, 151039, 20.02
LUXIND, EQ, 05-Apr-2021,1827.6,1852.8,1852.8,1780.0,1801.0,1792.05,1809.83,32208,582.91,3708, 12871, 39.96
LXCHEM, EQ, 05-Apr-2021,180.85,180.0,181.8,171.5,172.45,172.9,175.48,2183243,3831.23,32378, 967300, 44.31
LYKALABS, BE, 05-Apr-2021,27.4,28.0,28.75,27.4,28.75,28.75,28.48,49646,14.14,251, -, -
LYPSAGEMS, EQ, 05-Apr-2021,4.6,4.5,4.8,4.4,4.75,4.75,4.61,9774,0.45,55, 6985, 71.47
M&M, EQ, 05-Apr-2021,807.6,808.3,808.8,769.25,775.95,774.45,779.29,4176802,32549.43,80941, 1662146, 39.79
M&MFIN, EQ, 05-Apr-2021,204.3,203.7,203.7,192.0,195.25,195.5,197.03,6495024,12796.99,44472, 1803596, 27.77
M&MFIN, N1, 05-Apr-2021,1145.8,1099.95,1099.95,1099.95,1099.95,1099.95,1099.95,40,0.44,2, 40, 100.00
M&MFIN, N2, 05-Apr-2021,1140.01,1135.0,1139.0,1135.0,1139.0,1139.0,1136.36,180,2.05,4, 180, 100.00
M100, EQ, 05-Apr-2021,25.33,26.8,26.8,24.85,25.4,25.35,25.31,107269,27.15,2409, 65028, 60.62
M14RG, MF, 05-Apr-2021,9.9,9.49,9.9,9.48,9.9,9.9,9.72,79300,7.71,9, 49300, 62.17
M15RG, MF, 05-Apr-2021,9.22,9.41,9.41,8.31,8.35,8.35,8.69,25000,2.17,5, 25000, 100.00
M17RG, MF, 05-Apr-2021,8.64,7.8,7.8,7.8,7.8,7.8,7.8,10000,0.78,3, 10000, 100.00
M50, EQ, 05-Apr-2021,145.51,148.0,148.0,141.0,142.56,142.7,142.9,2523,3.61,88, 1986, 78.72
MAANALU, EQ, 05-Apr-2021,153.35,152.85,154.0,144.5,148.3,149.65,148.49,23964,35.58,1065, 10491, 43.78
MACPOWER, BE, 05-Apr-2021,92.85,93.0,95.5,88.75,93.0,93.0,91.47,1369,1.25,26, -, -
MADHAV, EQ, 05-Apr-2021,50.0,50.0,51.85,46.4,47.05,47.6,48.51,24922,12.09,499, 12574, 50.45
MADHUCON, BE, 05-Apr-2021,5.05,5.05,5.3,5.0,5.3,5.05,5.13,17003,0.87,56, -, -
MADRASFERT, BE, 05-Apr-2021,26.25,26.0,26.6,25.1,25.7,25.8,25.5,38974,9.94,195, -, -
MAESGETF, EQ, 05-Apr-2021,25.27,26.02,27.6,24.77,25.13,25.09,25.03,178196,44.6,234, 177709, 99.73
MAGADSUGAR, EQ, 05-Apr-2021,104.05,104.0,104.5,99.45,101.0,100.55,101.1,24274,24.54,407, 15793, 65.06
MAGMA, EQ, 05-Apr-2021,115.6,121.35,121.35,113.0,118.0,117.25,119.35,2100535,2506.95,11335, 1006531, 47.92
MAGMA, N3, 05-Apr-2021,1025.0,1023.0,1023.0,1022.0,1022.0,1022.0,1022.5,100,1.02,2, 100, 100.00
MAGNUM, BE, 05-Apr-2021,4.95,4.95,5.15,4.75,4.85,4.85,4.82,13498,0.65,27, -, -
MAHABANK, EQ, 05-Apr-2021,21.45,20.9,22.0,20.75,21.45,21.25,21.16,5849594,1237.85,8690, 2573097, 43.99
MAHAPEXLTD, BE, 05-Apr-2021,65.15,65.1,68.0,64.55,64.55,65.0,65.68,9816,6.45,73, -, -
MAHASTEEL, EQ, 05-Apr-2021,86.15,84.05,85.25,80.5,83.25,82.65,82.23,39941,32.84,885, 17667, 44.23
MAHEPC, EQ, 05-Apr-2021,147.8,146.55,147.35,143.35,145.1,145.7,145.2,47187,68.52,1069, 20078, 42.55
MAHESHWARI, EQ, 05-Apr-2021,76.35,76.35,83.95,75.05,83.0,82.7,81.97,89073,73.01,577, 35340, 39.68
MAHICKRA, SM, 05-Apr-2021,79.1,78.3,78.3,78.25,78.25,78.25,78.28,3000,2.35,2, 3000, 100.00
MAHINDCIE, EQ, 05-Apr-2021,167.2,167.4,169.0,161.2,162.8,162.75,163.3,113246,184.93,3550, 53175, 46.96
MAHLIFE, EQ, 05-Apr-2021,560.25,560.5,579.25,535.0,537.2,540.75,553.97,36732,203.48,2450, 19252, 52.41
MAHLOG, EQ, 05-Apr-2021,574.75,577.5,577.5,537.0,548.6,549.9,548.72,109432,600.48,10209, 52782, 48.23
MAHSCOOTER, EQ, 05-Apr-2021,3604.95,3630.0,3630.0,3445.65,3480.95,3467.9,3483.63,11769,409.99,2327, 9078, 77.13
MAHSEAMLES, EQ, 05-Apr-2021,284.15,280.1,283.4,276.25,279.45,277.3,278.69,43521,121.29,1593, 25354, 58.26
MAITHANALL, EQ, 05-Apr-2021,583.6,590.0,618.5,581.0,604.0,603.05,600.07,232378,1394.44,11779, 89490, 38.51
MAJESCO, BE, 05-Apr-2021,69.1,69.1,70.45,66.4,69.25,68.9,68.0,479662,326.15,4059, -, -
MALUPAPER, EQ, 05-Apr-2021,27.0,27.45,27.45,26.1,26.4,26.2,26.3,14952,3.93,107, 12027, 80.44
MAN50ETF, EQ, 05-Apr-2021,151.73,147.63,151.37,147.63,149.88,149.84,149.66,41119,61.54,215, 39716, 96.59
MANAKALUCO, EQ, 05-Apr-2021,8.85,9.15,9.15,8.55,9.0,8.8,8.75,28335,2.48,134, 25056, 88.43
MANAKCOAT, EQ, 05-Apr-2021,12.35,12.9,12.95,12.6,12.95,12.95,12.92,17675,2.28,80, 14830, 83.90
MANAKSIA, EQ, 05-Apr-2021,51.8,53.0,53.0,49.85,50.65,50.8,50.99,18670,9.52,450, 9882, 52.93
MANAKSTEEL, EQ, 05-Apr-2021,24.8,25.75,26.0,24.5,25.0,25.3,25.06,107154,26.85,493, 93217, 86.99
MANALIPETC, EQ, 05-Apr-2021,65.15,68.0,71.65,65.2,71.65,71.65,69.35,4316705,2993.56,18084, 2244141, 51.99
MANAPPURAM, EQ, 05-Apr-2021,157.3,156.0,156.65,149.6,154.25,155.1,153.16,5468611,8375.95,31571, 1857970, 33.98
MANGALAM, EQ, 05-Apr-2021,107.85,109.1,118.75,107.5,116.5,116.4,114.56,277408,317.8,4044, 121528, 43.81
MANGCHEFER, EQ, 05-Apr-2021,74.25,74.0,74.35,70.0,71.95,71.1,71.87,326510,234.68,3534, 198323, 60.74
MANGLMCEM, EQ, 05-Apr-2021,283.85,280.0,284.05,270.75,284.0,281.7,278.28,46766,130.14,880, 29226, 62.49
MANGTIMBER, EQ, 05-Apr-2021,11.4,11.75,11.75,10.95,11.2,11.1,11.05,1855,0.2,27, 1345, 72.51
MANINDS, EQ, 05-Apr-2021,80.75,80.25,80.3,77.1,80.0,79.1,78.68,154891,121.87,2514, 81718, 52.76
MANINFRA, EQ, 05-Apr-2021,41.7,41.5,41.5,39.3,40.7,40.3,40.26,382639,154.07,2153, 185962, 48.60
MANUGRAPH, EQ, 05-Apr-2021,12.2,12.7,12.7,12.0,12.4,12.35,12.27,3136,0.38,49, 1844, 58.80
MANXT50, EQ, 05-Apr-2021,345.91,385.0,385.0,338.36,342.52,342.52,341.94,9325,31.89,120, 8051, 86.34
MARALOVER, BE, 05-Apr-2021,32.5,32.0,32.5,30.9,30.95,31.1,31.46,16985,5.34,92, -, -
MARATHON, EQ, 05-Apr-2021,63.15,63.35,64.0,60.0,60.0,60.0,60.71,39121,23.75,448, 34520, 88.24
MARICO, EQ, 05-Apr-2021,407.25,411.25,417.0,399.0,400.45,402.45,408.43,2105709,8600.38,36842, 344582, 16.36
MARINE, EQ, 05-Apr-2021,66.3,66.85,66.85,62.35,62.8,63.15,63.94,152909,97.76,1829, 57237, 37.43
MARKSANS, EQ, 05-Apr-2021,54.0,54.5,54.65,50.95,52.7,52.85,52.5,2224134,1167.6,9852, 812390, 36.53
MARSHALL, SM, 05-Apr-2021,12.75,13.35,13.35,12.5,12.5,12.5,13.08,18000,2.35,6, 15000, 83.33
MARUTI, EQ, 05-Apr-2021,6923.9,6908.5,6908.5,6724.6,6773.0,6768.55,6785.21,668129,45333.93,76303, 221541, 33.16
MASFIN, EQ, 05-Apr-2021,858.95,863.5,863.5,815.0,828.0,824.15,833.13,25477,212.26,1933, 16257, 63.81
MASKINVEST, BE, 05-Apr-2021,32.6,32.6,32.6,32.6,32.6,32.6,32.6,5,0.0,1, -, -
MASTEK, EQ, 05-Apr-2021,1272.9,1277.0,1343.0,1260.0,1318.0,1311.05,1307.57,369706,4834.17,22318, 142087, 38.43
MATRIMONY, EQ, 05-Apr-2021,960.65,990.0,992.65,930.1,934.0,937.95,947.84,13921,131.95,2487, 7868, 56.52
MAWANASUG, EQ, 05-Apr-2021,36.85,37.65,37.65,35.25,35.5,36.0,36.15,19606,7.09,204, 13084, 66.73
MAXHEALTH, EQ, 05-Apr-2021,218.2,222.4,234.5,213.0,228.05,228.65,222.93,2654132,5916.78,44668, 1074833, 40.50
MAXIND, EQ, 05-Apr-2021,64.45,64.0,64.95,63.35,64.9,64.75,64.22,186290,119.63,836, 128144, 68.79
MAXVIL, EQ, 05-Apr-2021,57.3,57.75,57.9,55.75,57.0,56.85,56.66,123080,69.74,801, 59005, 47.94
MAYURUNIQ, EQ, 05-Apr-2021,416.1,412.0,415.75,401.45,404.7,405.3,408.0,51861,211.59,2788, 29831, 57.52
MAZDA, EQ, 05-Apr-2021,463.5,463.9,463.9,453.4,459.0,459.2,456.78,570,2.6,104, 382, 67.02
MAZDOCK, EQ, 05-Apr-2021,214.7,213.1,213.9,207.45,209.8,209.55,210.01,306058,642.76,7112, 122538, 40.04
MBAPL, BE, 05-Apr-2021,99.7,99.65,99.65,95.0,95.0,95.0,95.72,1190,1.14,26, -, -
MBECL, BE, 05-Apr-2021,8.2,8.2,8.2,7.8,8.0,7.9,7.9,75509,5.97,186, -, -
MBLINFRA, EQ, 05-Apr-2021,19.95,20.35,20.35,19.6,19.65,19.75,19.88,42057,8.36,182, 28089, 66.79
MC1RG, MF, 05-Apr-2021,12.03,11.06,11.06,11.06,11.06,11.06,11.06,500,0.06,1, 500, 100.00
MCDHOLDING, EQ, 05-Apr-2021,42.95,43.5,43.5,40.1,40.1,40.35,40.79,17094,6.97,193, 13775, 80.58
MCDOWELL-N, EQ, 05-Apr-2021,558.3,554.0,554.0,532.35,540.0,539.8,540.0,1833323,9899.86,35181, 727780, 39.70
MCL, EQ, 05-Apr-2021,91.5,96.2,96.2,90.35,90.6,90.85,91.2,6736,6.14,120, 4898, 72.71
MCLEODRUSS, EQ, 05-Apr-2021,20.05,20.4,20.4,19.3,19.6,19.55,19.72,392293,77.36,793, 305505, 77.88
MCX, EQ, 05-Apr-2021,1518.05,1521.9,1528.8,1443.05,1454.25,1451.0,1469.36,353676,5196.78,26262, 219298, 62.01
MEGASOFT, EQ, 05-Apr-2021,9.8,9.95,10.5,9.5,10.4,10.3,9.92,69727,6.92,188, 55671, 79.84
MEGH, EQ, 05-Apr-2021,118.85,118.7,119.0,113.05,117.4,116.2,115.51,1940500,2241.47,14418, 693267, 35.73
MELSTAR, BZ, 05-Apr-2021,1.9,1.9,1.95,1.85,1.95,1.95,1.86,8030,0.15,7, -, -
MENONBE, EQ, 05-Apr-2021,54.35,56.4,56.4,53.55,55.4,54.55,54.63,29994,16.38,335, 20904, 69.69
MEP, EQ, 05-Apr-2021,16.55,16.6,16.6,15.85,16.3,16.1,16.13,107467,17.34,438, 61765, 57.47
MERCATOR, BE, 05-Apr-2021,0.8,0.85,0.85,0.8,0.85,0.8,0.82,260140,2.12,167, -, -
METALFORGE, BE, 05-Apr-2021,5.1,5.25,5.35,4.9,5.25,5.25,5.15,6464,0.33,25, -, -
METROPOLIS, EQ, 05-Apr-2021,2159.65,2150.0,2322.75,2150.0,2220.0,2233.45,2241.63,358639,8039.37,24523, 120836, 33.69
MFSL, EQ, 05-Apr-2021,880.3,874.1,877.0,851.45,870.85,870.05,863.07,748683,6461.67,40403, 403827, 53.94
MGEL, EQ, 05-Apr-2021,46.25,47.0,47.0,45.2,46.0,46.0,46.0,2443,1.12,31, 2385, 97.63
MGL, EQ, 05-Apr-2021,1181.5,1180.0,1180.0,1115.0,1134.2,1134.55,1135.68,555399,6307.54,22814, 185121, 33.33
MHRIL, EQ, 05-Apr-2021,223.3,223.0,232.7,210.6,225.95,228.1,222.81,147293,328.18,4168, 66662, 45.26
MIC, BE, 05-Apr-2021,0.7,0.7,0.75,0.7,0.75,0.75,0.74,166207,1.23,168, -, -
MIDHANI, EQ, 05-Apr-2021,191.45,190.9,191.4,183.25,187.5,187.4,187.06,614190,1148.93,8629, 231599, 37.71
MILTON, SM, 05-Apr-2021,11.25,10.8,10.8,10.7,10.7,10.7,10.75,8800,0.95,2, 8800, 100.00
MINDACORP, EQ, 05-Apr-2021,101.35,101.3,101.3,97.4,99.4,99.0,99.11,567571,562.5,6261, 163365, 28.78
MINDAIND, EQ, 05-Apr-2021,539.2,539.85,542.0,522.1,530.0,530.05,530.21,303927,1611.46,19582, 157456, 51.81
MINDSPACE, RR, 05-Apr-2021,302.92,300.5,304.9,293.0,297.25,297.24,298.38,210600,628.4,951, 194400, 92.31
MINDTECK, EQ, 05-Apr-2021,43.65,44.0,45.45,43.05,44.95,44.85,44.5,14368,6.39,220, 9710, 67.58
MINDTREE, EQ, 05-Apr-2021,2075.95,2074.0,2107.2,2045.05,2092.0,2088.4,2077.57,1094282,22734.44,37203, 134638, 12.30
MIRCELECTR, BE, 05-Apr-2021,14.0,14.3,14.7,13.8,14.35,14.4,14.42,679699,98.04,584, -, -
MIRZAINT, EQ, 05-Apr-2021,47.95,47.8,48.3,46.7,46.8,47.05,47.18,222284,104.88,3983, 111729, 50.26
MITTAL, EQ, 05-Apr-2021,10.5,10.5,10.95,10.0,10.15,10.2,10.19,77636,7.91,306, 48751, 62.79
MMFL, EQ, 05-Apr-2021,488.2,501.0,501.0,475.0,483.35,480.3,483.92,3365,16.28,332, 1824, 54.21
MMP, EQ, 05-Apr-2021,86.1,85.25,87.0,83.6,85.75,85.7,85.93,3168,2.72,76, 2156, 68.06
MMTC, EQ, 05-Apr-2021,46.55,46.1,46.35,43.4,44.3,44.35,44.98,4693938,2111.56,14114, 1798080, 38.31
MODIRUBBER, BE, 05-Apr-2021,90.95,86.45,86.45,86.45,86.45,86.45,86.45,980,0.85,46, -, -
MOHITIND, EQ, 05-Apr-2021,9.1,8.65,9.5,8.65,8.95,8.65,9.03,10842,0.98,33, 10107, 93.22
MOHOTAIND, BE, 05-Apr-2021,7.25,7.1,7.35,7.0,7.3,7.2,7.06,8421,0.59,33, -, -
MOIL, EQ, 05-Apr-2021,156.0,155.0,155.95,149.0,151.2,150.55,151.34,517974,783.88,6961, 167394, 32.32
MOKSH, SM, 05-Apr-2021,49.0,47.05,47.05,45.0,45.0,45.0,46.03,6000,2.76,2, 3000, 50.00
MOLDTECH, EQ, 05-Apr-2021,40.7,40.7,41.4,39.5,41.0,40.4,40.48,7431,3.01,216, 4945, 66.55
MOLDTEKPP, E1, 05-Apr-2021,272.7,275.0,276.0,256.0,257.0,260.2,262.19,177,0.46,40, 99, 55.93
MOLDTKPAC, EQ, 05-Apr-2021,394.8,390.1,399.95,386.2,399.0,393.3,391.78,24750,96.97,1459, 12429, 50.22
MOLDTKPAC, W1, 05-Apr-2021,235.0,235.0,235.0,235.0,235.0,235.0,235.0,18,0.04,1, 18, 100.00
MONTECARLO, EQ, 05-Apr-2021,229.75,229.0,229.0,221.0,224.15,223.75,224.59,22645,50.86,819, 12059, 53.25
MORARJEE, EQ, 05-Apr-2021,14.75,14.7,15.25,14.1,15.2,15.1,14.54,6827,0.99,81, 5189, 76.01
MOREPENLAB, EQ, 05-Apr-2021,34.1,34.1,34.25,31.8,32.8,32.6,32.94,3494343,1150.99,8391, 1188377, 34.01
MOTHERSUMI, EQ, 05-Apr-2021,210.45,210.3,211.45,200.25,209.05,209.25,206.65,12038458,24877.7,87791, 2577074, 21.41
MOTILALOFS, EQ, 05-Apr-2021,640.65,640.0,641.15,623.3,637.0,637.0,632.4,92302,583.72,7292, 48473, 52.52
MOTOGENFIN, EQ, 05-Apr-2021,23.5,24.3,24.3,22.35,22.35,22.4,22.68,6817,1.55,87, 5819, 85.36
MPHASIS, EQ, 05-Apr-2021,1747.8,1750.0,1778.45,1713.15,1749.0,1755.1,1752.99,473624,8302.56,23348, 214150, 45.22
MPSLTD, EQ, 05-Apr-2021,539.7,538.9,538.9,493.8,502.5,499.05,514.24,100939,519.07,3682, 78706, 77.97
MPTODAY, SM, 05-Apr-2021,17.3,17.5,18.15,17.5,18.15,18.15,17.94,8000,1.44,4, 8000, 100.00
MRF, EQ, 05-Apr-2021,83133.1,82310.0,83269.1,81262.6,81640.0,81520.9,81988.87,19060,15627.08,11912, 3620, 18.99
MRO-TEK, BE, 05-Apr-2021,26.0,25.1,27.3,24.7,27.1,27.1,26.78,282,0.08,13, -, -
MRPL, EQ, 05-Apr-2021,40.05,40.05,40.2,38.4,38.9,39.05,39.06,1266417,494.7,5484, 485011, 38.30
MSPL, EQ, 05-Apr-2021,7.7,7.9,8.05,7.5,8.05,8.05,7.91,59131,4.68,190, 40400, 68.32
MSTCLTD, EQ, 05-Apr-2021,305.2,303.0,303.5,293.0,298.2,297.3,297.52,448396,1334.08,12375, 114811, 25.60
MTARTECH, EQ, 05-Apr-2021,1045.65,1050.0,1060.0,1008.35,1034.0,1038.3,1037.22,276148,2864.27,14034, 126367, 45.76
MTEDUCARE, EQ, 05-Apr-2021,7.0,7.1,7.2,6.5,6.9,7.0,6.88,245196,16.87,429, 113100, 46.13
MTNL, EQ, 05-Apr-2021,19.45,19.3,19.3,18.5,18.5,18.5,18.73,1594807,298.68,3685, 1183645, 74.22
MUKANDENGG, EQ, 05-Apr-2021,17.4,18.25,18.25,18.25,18.25,18.25,18.25,14006,2.56,102, 13463, 96.12
MUKANDLTD, EQ, 05-Apr-2021,88.8,90.0,93.05,81.0,83.25,83.9,87.05,1070924,932.19,10928, 434139, 40.54
MUKANDLTD, P1, 05-Apr-2021,5.85,5.8,5.8,4.7,5.75,5.75,4.9,1258,0.06,9, 1257, 99.92
MUKTAARTS, EQ, 05-Apr-2021,28.7,28.15,29.75,28.15,29.1,28.9,29.0,9761,2.83,143, 6205, 63.57
MUNJALAU, EQ, 05-Apr-2021,55.3,55.0,55.15,53.55,54.15,54.1,54.12,79415,42.98,1334, 43219, 54.42
MUNJALSHOW, EQ, 05-Apr-2021,142.85,142.7,144.4,139.0,141.0,141.45,140.76,17044,23.99,481, 11757, 68.98
MURUDCERA, EQ, 05-Apr-2021,20.35,20.05,20.1,19.25,19.5,19.55,19.55,35424,6.93,235, 20461, 57.76
MUTHOOTCAP, EQ, 05-Apr-2021,378.15,381.0,383.0,368.0,370.6,370.6,373.43,14723,54.98,1031, 8147, 55.34
MUTHOOTFIN, EQ, 05-Apr-2021,1214.35,1215.0,1216.4,1165.0,1181.7,1184.2,1184.72,676793,8018.12,31826, 228959, 33.83
N100, EQ, 05-Apr-2021,950.08,969.9,969.9,955.1,965.49,965.46,962.55,52387,504.25,3621, 32161, 61.39
NABARD, N2, 05-Apr-2021,1223.0,1223.9,1223.9,1215.05,1219.5,1219.5,1216.76,1455,17.7,14, 1105, 75.95
NACLIND, EQ, 05-Apr-2021,39.3,38.2,39.55,38.0,39.5,39.35,38.94,70202,27.33,379, 56833, 80.96
NAGAFERT, BE, 05-Apr-2021,6.35,6.5,6.55,6.05,6.05,6.05,6.23,260466,16.23,558, -, -
NAGREEKEXP, EQ, 05-Apr-2021,15.65,15.15,16.4,14.9,15.55,15.3,15.21,7817,1.19,60, 5586, 71.46
NAHARCAP, EQ, 05-Apr-2021,109.25,108.95,108.95,103.0,106.0,105.3,105.49,8984,9.48,228, 6604, 73.51
NAHARINDUS, EQ, 05-Apr-2021,46.3,48.0,48.0,44.1,44.25,44.6,46.19,50892,23.5,338, 6025, 11.84
NAHARPOLY, EQ, 05-Apr-2021,121.5,122.9,122.95,113.85,116.5,117.35,117.34,79070,92.78,1569, 39215, 49.60
NAHARSPING, EQ, 05-Apr-2021,104.8,105.05,107.8,102.05,102.25,103.3,103.62,20294,21.03,309, 14583, 71.86
NAM-INDIA, EQ, 05-Apr-2021,344.4,342.0,343.1,330.2,334.45,335.55,335.74,534245,1793.65,13555, 236112, 44.20
NATCOPHARM, EQ, 05-Apr-2021,842.1,845.0,847.55,828.05,831.5,830.55,833.69,115917,966.39,8927, 73988, 63.83
NATHBIOGEN, EQ, 05-Apr-2021,320.45,318.0,375.0,315.0,369.65,363.75,349.82,435244,1522.56,6781, 147362, 33.86
NATIONALUM, EQ, 05-Apr-2021,58.75,59.0,59.45,55.7,58.0,57.8,57.5,29172972,16775.63,42939, 5665202, 19.42
NATNLSTEEL, BE, 05-Apr-2021,3.7,3.85,3.85,3.85,3.85,3.85,3.85,75,0.0,1, -, -
NAUKRI, EQ, 05-Apr-2021,4263.05,4270.45,4467.8,4202.45,4426.0,4433.4,4378.35,1259614,55150.37,80706, 357832, 28.41
NAVINFLUOR, EQ, 05-Apr-2021,2777.0,2770.0,2773.6,2705.15,2742.1,2739.6,2739.64,136395,3736.74,16121, 31811, 23.32
NAVKARCORP, EQ, 05-Apr-2021,31.9,31.85,32.05,30.3,31.75,31.55,31.18,483941,150.89,2138, 243758, 50.37
NAVNETEDUL, EQ, 05-Apr-2021,83.65,83.2,84.25,80.75,81.0,81.05,81.97,105340,86.35,3851, 39372, 37.38
NAZARA, EQ, 05-Apr-2021,1670.7,1650.0,1713.0,1611.0,1648.0,1651.1,1658.23,986802,16363.45,72684, 246197, 24.95
NBCC, EQ, 05-Apr-2021,47.95,47.75,47.8,45.1,45.55,45.45,45.86,9653022,4427.32,32545, 4315042, 44.70
NBIFIN, EQ, 05-Apr-2021,1933.65,1922.0,1922.0,1822.1,1895.0,1910.25,1909.88,1286,24.56,41, 1170, 90.98
NBVENTURES, EQ, 05-Apr-2021,73.15,72.8,73.2,69.65,72.1,71.75,71.59,1008374,721.87,6408, 442761, 43.91
NCC, EQ, 05-Apr-2021,81.1,81.9,82.35,76.75,78.1,78.35,79.09,4772662,3774.68,30367, 2020180, 42.33
NCLIND, EQ, 05-Apr-2021,172.65,173.4,174.9,165.0,168.25,168.3,169.44,150660,255.28,2838, 79634, 52.86
NCPSESDL24, EQ, 05-Apr-2021,103.19,102.5,103.19,102.5,103.15,103.15,103.16,234,0.24,12, 229, 97.86
NDGL, EQ, 05-Apr-2021,750.2,760.35,775.0,727.0,758.65,758.65,749.75,109,0.82,64, 35, 32.11
NDL, EQ, 05-Apr-2021,32.3,31.5,32.6,30.4,31.4,31.35,31.27,32998,10.32,203, 26354, 79.87
NDRAUTO, EQ, 05-Apr-2021,193.45,185.2,198.2,185.2,193.0,193.15,193.21,2280,4.41,124, 1557, 68.29
NDTV, EQ, 05-Apr-2021,56.05,56.8,57.05,54.1,55.9,55.95,55.62,17399,9.68,307, 12545, 72.10
NECCLTD, EQ, 05-Apr-2021,8.3,8.25,8.9,8.05,8.5,8.45,8.45,13564,1.15,94, 8121, 59.87
NECLIFE, EQ, 05-Apr-2021,19.25,19.0,19.25,18.7,18.9,18.9,18.93,168638,31.92,823, 98972, 58.69
NELCAST, EQ, 05-Apr-2021,65.8,65.5,65.5,63.65,64.4,64.5,64.43,42508,27.39,710, 25038, 58.90
NELCO, EQ, 05-Apr-2021,197.5,198.95,198.95,192.4,197.0,196.45,194.88,72180,140.67,1591, 34593, 47.93
NEOGEN, EQ, 05-Apr-2021,863.9,868.75,868.75,815.45,848.0,846.25,842.41,34807,293.22,3365, 14285, 41.04
NESCO, EQ, 05-Apr-2021,522.8,519.0,522.9,511.55,517.2,517.9,517.72,61766,319.77,3510, 40727, 65.94
NESTLEIND, EQ, 05-Apr-2021,17083.15,17150.0,17150.0,16723.9,16858.85,16880.55,16903.01,81557,13785.59,17814, 45634, 55.95
NETF, EQ, 05-Apr-2021,182.64,180.73,180.73,180.73,180.73,180.73,180.73,129,0.23,24, 129, 100.00
NETFCONSUM, EQ, 05-Apr-2021,65.42,65.89,65.99,63.45,64.8,64.95,64.09,8603,5.51,191, 6217, 72.27
NETFDIVOPP, EQ, 05-Apr-2021,37.99,39.0,39.0,36.51,36.8,36.79,37.0,2440,0.9,106, 2394, 98.11
NETFIT, EQ, 05-Apr-2021,26.32,26.0,26.83,25.6,26.7,26.71,26.5,691588,183.27,2459, 416636, 60.24
NETFLTGILT, EQ, 05-Apr-2021,22.14,22.59,22.59,21.54,22.07,22.09,22.08,61880,13.67,421, 40921, 66.13
NETFMID150, EQ, 05-Apr-2021,92.5,94.95,94.95,89.92,90.8,90.87,90.66,112895,102.35,1265, 84649, 74.98
NETFNIF100, EQ, 05-Apr-2021,152.23,155.0,155.0,149.84,152.04,152.04,151.77,3127,4.75,85, 2252, 72.02
NETFNV20, EQ, 05-Apr-2021,80.18,82.99,89.3,80.18,88.95,85.94,86.05,56037,48.22,282, 54641, 97.51
NETFSDL26, EQ, 05-Apr-2021,101.65,101.85,101.85,101.85,101.85,101.85,101.85,12,0.01,3, 12, 100.00
NETWORK18, EQ, 05-Apr-2021,38.0,37.75,37.9,36.45,36.9,36.8,37.06,709866,263.08,2680, 368976, 51.98
NEULANDLAB, EQ, 05-Apr-2021,2185.05,2199.5,2377.95,2199.0,2302.0,2291.25,2300.78,139263,3204.14,11800, 66596, 47.82
NEWGEN, EQ, 05-Apr-2021,297.85,301.0,316.95,298.9,311.0,310.55,309.95,306927,951.32,11672, 139602, 45.48
NEXTMEDIA, EQ, 05-Apr-2021,3.65,3.8,3.8,3.75,3.75,3.75,3.77,7626,0.29,21, 7276, 95.41
NFL, EQ, 05-Apr-2021,55.35,56.25,56.3,54.0,55.0,54.3,54.96,1889989,1038.79,9640, 630494, 33.36
NH, EQ, 05-Apr-2021,418.05,420.0,424.9,410.0,412.0,412.55,415.1,165003,684.92,7128, 60070, 36.41
NHAI, N1, 05-Apr-2021,1073.0,1070.01,1071.5,1068.55,1069.8,1069.93,1069.92,4152,44.42,23, 3827, 92.17
NHAI, N2, 05-Apr-2021,1227.73,1227.0,1240.0,1220.0,1240.0,1240.0,1234.34,7563,93.35,51, 5693, 75.27
NHAI, N4, 05-Apr-2021,1145.0,1145.0,1145.0,1145.0,1145.0,1145.0,1145.0,13,0.15,1, 13, 100.00
NHAI, N5, 05-Apr-2021,1250.0,1259.99,1265.0,1240.65,1240.65,1240.72,1240.79,311,3.86,3, 310, 99.68
NHAI, N6, 05-Apr-2021,1269.9,1265.1,1271.5,1265.0,1271.5,1269.28,1268.59,4244,53.84,72, 3539, 83.39
NHAI, N8, 05-Apr-2021,1120.1,1120.0,1120.0,1103.0,1103.0,1103.0,1103.2,1027,11.33,17, 1027, 100.00
NHAI, NA, 05-Apr-2021,1208.96,1215.0,1217.9,1212.0,1217.0,1217.0,1215.94,1740,21.16,47, 1435, 82.47
NHAI, ND, 05-Apr-2021,1247.0,1247.0,1250.0,1247.0,1250.0,1249.5,1248.5,20,0.25,4, 20, 100.00
NHAI, NE, 05-Apr-2021,1258.8,1259.55,1260.0,1258.0,1259.95,1259.95,1259.35,935,11.77,6, 790, 84.49
NHBTF2014, N6, 05-Apr-2021,7063.0,7016.0,7049.0,7010.0,7035.0,7035.0,7022.91,755,53.02,52, 630, 83.44
NHBTF2023, N5, 05-Apr-2021,6460.0,5480.0,5480.0,5480.0,5480.0,5480.0,5480.0,25,1.37,1, 25, 100.00
NHBTF2023, N6, 05-Apr-2021,6320.0,6359.95,6359.95,6340.0,6340.0,6340.0,6343.01,100,6.34,10, 100, 100.00
NHPC, EQ, 05-Apr-2021,24.65,24.7,24.9,24.2,24.65,24.6,24.53,3993737,979.71,7030, 1846474, 46.23
NHPC, N2, 05-Apr-2021,1238.0,1485.0,1485.0,1484.0,1484.0,1484.0,1484.5,2,0.03,2, 2, 100.00
NHPC, N6, 05-Apr-2021,1413.44,1413.14,1413.14,1405.0,1405.0,1405.0,1406.81,9,0.13,2, 9, 100.00
NIACL, EQ, 05-Apr-2021,155.65,155.0,155.7,150.9,152.5,152.65,152.74,357315,545.78,5349, 147560, 41.30
NIBL, EQ, 05-Apr-2021,20.0,21.0,21.0,19.0,21.0,21.0,20.59,60864,12.53,320, 37729, 61.99
NIFTYBEES, EQ, 05-Apr-2021,158.7,156.01,174.0,155.01,157.18,156.96,156.32,3825031,5979.32,38238, 1926402, 50.36
NIFTYEES, EQ, 05-Apr-2021,18950.0,18600.0,18600.0,18600.0,18600.0,18600.0,18600.0,1,0.19,1, 1, 100.00
NIITLTD, EQ, 05-Apr-2021,165.45,179.0,194.4,177.35,189.15,188.4,188.29,5684144,10702.44,99955, 1413899, 24.87
NILAINFRA, BE, 05-Apr-2021,4.5,4.4,4.7,4.35,4.7,4.7,4.63,109327,5.06,94, -, -
NILASPACES, BE, 05-Apr-2021,1.4,1.45,1.45,1.4,1.45,1.45,1.45,46239,0.67,58, -, -
NILKAMAL, EQ, 05-Apr-2021,1951.8,1962.1,2044.0,1960.0,1974.95,1971.85,1994.8,35535,708.85,4464, 11681, 32.87
NIPPOBATRY, EQ, 05-Apr-2021,723.55,715.2,739.95,699.0,700.0,702.75,706.72,1453,10.27,285, 1026, 70.61
NIRAJ, EQ, 05-Apr-2021,40.2,43.5,43.5,39.0,41.65,40.95,41.04,17147,7.04,200, 11981, 69.87
NITCO, EQ, 05-Apr-2021,20.15,20.35,20.35,19.4,19.45,19.55,19.78,21392,4.23,212, 15538, 72.63
NITINFIRE, BZ, 05-Apr-2021,0.6,0.65,0.65,0.55,0.6,0.6,0.64,59522,0.38,44, -, -
NITINSPIN, EQ, 05-Apr-2021,84.7,84.7,84.7,81.3,84.35,84.1,82.8,80794,66.9,700, 52687, 65.21
NITIRAJ, SM, 05-Apr-2021,47.8,45.45,45.45,45.45,45.45,45.45,45.45,1500,0.68,1, 1500, 100.00
NKIND, EQ, 05-Apr-2021,21.75,22.4,22.4,20.7,21.0,21.9,21.11,1006,0.21,29, 795, 79.03
NLCINDIA, EQ, 05-Apr-2021,50.75,50.85,50.95,49.3,49.45,49.5,49.66,1018553,505.85,5819, 669486, 65.73
NMDC, EQ, 05-Apr-2021,138.45,139.0,143.55,136.05,140.85,140.95,140.12,17943600,25142.82,73908, 5277208, 29.41
NOCIL, EQ, 05-Apr-2021,180.4,179.45,179.45,170.95,173.2,173.9,173.89,616740,1072.46,8559, 317840, 51.54
NOIDATOLL, BE, 05-Apr-2021,6.3,6.6,6.6,6.6,6.6,6.6,6.6,25939,1.71,38, -, -
NORBTEAEXP, EQ, 05-Apr-2021,5.6,5.8,5.85,5.35,5.4,5.55,5.49,12253,0.67,85, 9414, 76.83
NOVARTIND, EQ, 05-Apr-2021,572.15,580.0,580.0,558.05,560.2,560.0,564.08,5291,29.85,504, 2719, 51.39
NPBET, EQ, 05-Apr-2021,177.91,178.05,187.9,174.0,176.62,177.11,180.68,1708,3.09,53, 1198, 70.14
NRAIL, EQ, 05-Apr-2021,242.7,240.5,244.0,230.0,239.0,242.55,237.81,19601,46.61,759, 12742, 65.01
NRBBEARING, EQ, 05-Apr-2021,112.35,110.8,110.95,107.75,108.3,108.2,108.82,171543,186.68,3747, 90302, 52.64
NSIL, EQ, 05-Apr-2021,1093.45,1119.35,1120.0,1075.0,1091.0,1088.3,1095.0,900,9.86,178, 564, 62.67
NTPC, EQ, 05-Apr-2021,107.9,107.4,107.8,103.75,107.05,106.3,105.75,15666099,16567.35,58665, 4824385, 30.80
NTPC, N1, 05-Apr-2021,1113.1,1180.0,1180.0,1113.5,1120.0,1120.0,1137.83,3,0.03,3, 1, 33.33
NTPC, N3, 05-Apr-2021,1390.0,1667.0,1667.0,1667.0,1667.0,1667.0,1667.0,1,0.02,1, 1, 100.00
NTPC, N4, 05-Apr-2021,1133.0,1140.0,1140.0,1134.0,1134.0,1134.0,1139.45,110,1.25,2, 110, 100.00
NTPC, N5, 05-Apr-2021,1277.0,1280.0,1280.0,1280.0,1280.0,1280.0,1280.0,3,0.04,1, 3, 100.00
NTPC, N6, 05-Apr-2021,1419.99,1410.0,1424.99,1410.0,1424.99,1421.93,1421.31,71,1.01,4, 71, 100.00
NTPC, N7, 05-Apr-2021,13.71,13.5,13.71,13.5,13.7,13.7,13.69,35478,4.86,95, 35478, 100.00
NTPC, NB, 05-Apr-2021,1139.5,1141.5,1141.5,1141.5,1141.5,1141.5,1141.5,10,0.11,1, 10, 100.00
NUCLEUS, EQ, 05-Apr-2021,495.35,505.0,537.9,501.6,533.0,532.75,524.49,205264,1076.59,9340, 67643, 32.95
NURECA, EQ, 05-Apr-2021,601.5,615.0,689.95,602.0,676.4,674.4,661.68,149707,990.58,8704, 51830, 34.62
NXTDIGITAL, EQ, 05-Apr-2021,484.8,483.85,484.55,472.55,476.0,476.05,478.05,1372,6.56,137, 896, 65.31
OAL, EQ, 05-Apr-2021,588.65,595.0,620.95,585.45,600.4,614.2,598.92,49486,296.38,1501, 35954, 72.65
OBEROIRLTY, EQ, 05-Apr-2021,578.85,578.0,580.0,553.0,568.0,572.6,565.18,110856,626.53,4489, 32396, 29.22
OCCL, EQ, 05-Apr-2021,937.5,939.0,975.0,912.05,975.0,966.05,949.82,13616,129.33,1505, 6983, 51.29
OFSS, EQ, 05-Apr-2021,3209.1,3230.0,3240.0,3172.45,3197.8,3196.1,3208.78,103398,3317.82,12903, 45413, 43.92
OIL, EQ, 05-Apr-2021,124.0,122.5,124.0,120.65,122.2,122.35,122.32,798931,977.22,9627, 431799, 54.05
OILCOUNTUB, BE, 05-Apr-2021,5.35,5.1,5.1,5.1,5.1,5.1,5.1,2427,0.12,11, -, -
OISL, BZ, 05-Apr-2021,2.35,2.25,2.3,2.25,2.25,2.25,2.25,112616,2.53,65, -, -
OLECTRA, EQ, 05-Apr-2021,219.45,225.0,228.4,208.5,217.3,216.7,215.67,481190,1037.81,7126, 244725, 50.86
OMAXAUTO, EQ, 05-Apr-2021,43.55,44.0,44.0,41.55,43.4,42.5,42.59,28138,11.98,521, 10291, 36.57
OMAXE, EQ, 05-Apr-2021,68.45,69.4,69.4,66.75,67.55,67.6,67.68,77391,52.38,525, 59241, 76.55
OMINFRAL, EQ, 05-Apr-2021,22.85,22.65,22.7,21.65,22.0,22.05,22.24,56973,12.67,158, 39336, 69.04
OMKARCHEM, BE, 05-Apr-2021,12.2,12.8,12.8,12.8,12.8,12.8,12.8,57710,7.39,105, -, -
ONELIFECAP, BE, 05-Apr-2021,6.05,6.05,6.3,5.75,6.25,6.25,5.81,1181,0.07,11, -, -
ONEPOINT, EQ, 05-Apr-2021,13.0,13.0,13.0,12.45,12.5,12.6,12.6,50464,6.36,73, 48158, 95.43
ONGC, EQ, 05-Apr-2021,104.35,102.15,104.5,99.4,103.3,103.45,102.01,24878516,25377.57,99549, 7679166, 30.87
ONMOBILE, EQ, 05-Apr-2021,92.55,97.15,97.15,94.9,97.15,97.15,97.03,808835,784.77,1856, 476829, 58.95
ONWARDTEC, EQ, 05-Apr-2021,123.75,123.9,124.5,112.55,120.25,119.5,119.26,62490,74.53,1913, 25232, 40.38
OPTIEMUS, EQ, 05-Apr-2021,127.1,133.45,133.45,120.85,124.0,126.2,127.11,134445,170.9,1617, 71020, 52.82
OPTOCIRCUI, BE, 05-Apr-2021,3.0,3.05,3.15,3.05,3.15,3.15,3.13,115555,3.62,123, -, -
ORBTEXP, EQ, 05-Apr-2021,57.0,58.1,58.45,55.4,56.1,56.65,56.88,9891,5.63,220, 6653, 67.26
ORCHPHARMA, BE, 05-Apr-2021,2527.9,2654.25,2654.25,2401.55,2401.55,2401.55,2534.39,5920,150.04,868, -, -
ORICONENT, BE, 05-Apr-2021,18.8,18.8,19.3,18.15,19.3,19.1,18.82,36262,6.82,113, -, -
ORIENTABRA, EQ, 05-Apr-2021,21.45,21.45,21.7,19.2,20.3,20.85,20.62,100165,20.65,684, 54517, 54.43
ORIENTALTL, EQ, 05-Apr-2021,6.05,6.15,6.2,5.85,5.9,5.9,5.93,40704,2.41,100, 36426, 89.49
ORIENTBELL, EQ, 05-Apr-2021,216.5,219.0,221.05,203.0,205.0,207.05,209.87,34794,73.02,1328, 16589, 47.68
ORIENTCEM, EQ, 05-Apr-2021,101.6,102.45,102.8,96.5,98.75,98.9,99.16,808173,801.36,5577, 511742, 63.32
ORIENTELEC, EQ, 05-Apr-2021,317.25,315.0,317.0,305.9,308.25,309.4,310.72,228285,709.32,6506, 90318, 39.56
ORIENTHOT, EQ, 05-Apr-2021,22.95,22.1,23.35,21.9,22.3,22.0,22.29,24716,5.51,214, 22078, 89.33
ORIENTLTD, EQ, 05-Apr-2021,80.45,80.45,80.65,77.25,77.3,77.3,80.02,40,0.03,11, 33, 82.50
ORIENTPPR, EQ, 05-Apr-2021,25.6,25.55,25.55,24.05,24.75,24.55,24.58,1357955,333.83,4032, 369670, 27.22
ORIENTREF, EQ, 05-Apr-2021,237.4,238.0,242.0,226.2,241.0,239.7,234.47,146165,342.71,5641, 84165, 57.58
ORISSAMINE, EQ, 05-Apr-2021,2471.2,2450.0,2486.05,2400.4,2419.5,2411.95,2433.09,6095,148.3,1064, 3462, 56.80
ORTEL, BZ, 05-Apr-2021,0.85,0.9,0.9,0.9,0.9,0.9,0.9,97150,0.87,59, -, -
ORTINLAB, BE, 05-Apr-2021,29.45,29.0,29.0,28.0,28.0,28.0,28.69,2790,0.8,49, -, -
OSWALAGRO, EQ, 05-Apr-2021,10.15,10.35,10.35,9.75,9.95,10.0,10.02,150305,15.06,419, 119720, 79.65
OSWALSEEDS, SM, 05-Apr-2021,32.35,31.0,31.0,30.75,30.75,30.75,30.85,12000,3.7,3, 8000, 66.67
PAEL, BZ, 05-Apr-2021,8.7,9.1,9.1,9.1,9.1,9.1,9.1,1,0.0,1, -, -
PAGEIND, EQ, 05-Apr-2021,30197.6,30380.0,30380.0,29311.0,29693.75,29679.15,29654.69,27164,8055.4,9890, 9664, 35.58
PAISALO, EQ, 05-Apr-2021,781.05,785.1,786.95,730.0,756.0,755.05,753.04,21058,158.57,1939, 10993, 52.20
PALASHSECU, EQ, 05-Apr-2021,50.0,51.9,52.5,49.85,52.0,50.1,51.78,1700,0.88,24, 1459, 85.82
PALREDTEC, BE, 05-Apr-2021,97.6,96.05,102.25,96.05,101.6,100.75,100.86,17760,17.91,250, -, -
PANACEABIO, EQ, 05-Apr-2021,190.5,190.5,192.35,183.8,184.0,184.4,186.37,102533,191.09,2623, 61420, 59.90
PANACHE, EQ, 05-Apr-2021,62.1,63.0,63.0,55.9,56.75,57.05,58.11,33986,19.75,564, 19317, 56.84
PANAMAPET, EQ, 05-Apr-2021,166.15,168.0,168.0,156.55,159.25,160.95,161.01,127251,204.88,4170, 70943, 55.75
PANSARI, SM, 05-Apr-2021,51.0,50.25,50.5,50.0,50.0,50.0,50.3,30000,15.09,4, 30000, 100.00
PAR, SM, 05-Apr-2021,129.3,135.75,135.75,124.6,132.0,132.0,134.26,20000,26.85,10, 18000, 90.00
PARACABLES, EQ, 05-Apr-2021,8.5,8.75,8.75,8.2,8.3,8.4,8.43,192014,16.19,384, 112954, 58.83
PARAGMILK, EQ, 05-Apr-2021,111.45,114.05,116.8,107.5,114.7,115.75,113.54,3656668,4151.94,32889, 1378301, 37.69
PARSVNATH, BE, 05-Apr-2021,8.95,9.2,9.2,8.65,9.05,9.0,8.96,34066,3.05,111, -, -
PARTYCRUS, SM, 05-Apr-2021,19.9,19.15,19.15,18.95,18.95,18.95,18.98,18000,3.42,9, 14000, 77.78
PATELENG, EQ, 05-Apr-2021,12.4,12.4,12.6,12.05,12.3,12.25,12.19,134320,16.38,449, 86564, 64.45
PATINTLOG, EQ, 05-Apr-2021,17.0,17.3,17.7,16.2,16.45,16.6,16.76,84496,14.16,491, 51971, 61.51
PATSPINLTD, EQ, 05-Apr-2021,4.8,4.75,4.75,4.6,4.7,4.7,4.66,19740,0.92,38, 12437, 63.00
PAVNAIND, SM, 05-Apr-2021,165.15,165.15,165.15,165.1,165.1,165.1,165.14,9600,15.85,12, 9600, 100.00
PCJEWELLER, EQ, 05-Apr-2021,27.7,27.65,28.0,26.85,27.15,27.25,27.29,1051145,286.84,3117, 647863, 61.63
PDMJEPAPER, EQ, 05-Apr-2021,24.55,24.85,25.9,23.15,24.0,23.8,23.91,59760,14.29,346, 39933, 66.82
PDPL, BE, 05-Apr-2021,3.15,3.3,3.3,3.3,3.3,3.3,3.3,1570,0.05,8, -, -
PDSMFL, EQ, 05-Apr-2021,672.05,665.1,680.0,654.85,661.0,656.6,659.95,8234,54.34,405, 7798, 94.70
PEARLPOLY, EQ, 05-Apr-2021,14.2,14.1,14.4,13.8,13.85,13.95,14.07,5877,0.83,64, 5268, 89.64
PEL, EQ, 05-Apr-2021,1779.8,1797.0,1797.0,1690.0,1748.85,1744.05,1734.32,878698,15239.47,36363, 182095, 20.72
PENIND, EQ, 05-Apr-2021,17.5,17.8,18.75,16.85,17.5,17.2,17.24,785563,135.41,1871, 613145, 78.05
PENINLAND, EQ, 05-Apr-2021,8.5,8.9,8.9,8.1,8.9,8.9,8.65,1711874,148.15,1824, 878884, 51.34
PENTAGOLD, SM, 05-Apr-2021,93.9,89.25,97.55,89.25,97.55,97.55,91.33,12000,10.96,4, 6000, 50.00
PERSISTENT, EQ, 05-Apr-2021,1953.25,1953.0,1986.4,1910.7,1951.6,1958.8,1951.55,155602,3036.65,12594, 89177, 57.31
PETRONET, EQ, 05-Apr-2021,227.75,228.5,228.5,222.65,227.1,227.4,225.77,3222576,7275.53,27764, 1501810, 46.60
PFC, EQ, 05-Apr-2021,114.4,114.0,114.35,109.7,111.5,111.45,111.08,10498788,11662.4,47073, 5655756, 53.87
PFC, N3, 05-Apr-2021,1327.98,1316.0,1316.0,1313.0,1313.0,1313.0,1313.4,100,1.31,4, 100, 100.00
PFC, N4, 05-Apr-2021,1070.5,1070.5,1070.5,1070.5,1070.5,1070.5,1070.5,100,1.07,1, 100, 100.00
PFC, N5, 05-Apr-2021,1222.0,1220.0,1223.8,1220.0,1223.8,1221.27,1220.38,213,2.6,8, 207, 97.18
PFC, N8, 05-Apr-2021,1422.11,1420.0,1420.0,1415.25,1420.0,1420.0,1417.59,597,8.46,11, 597, 100.00
PFIZER, EQ, 05-Apr-2021,4551.5,4575.0,4630.0,4553.55,4599.0,4601.85,4589.12,43024,1974.42,6701, 12754, 29.64
PFOCUS, EQ, 05-Apr-2021,60.85,60.45,61.3,55.15,59.4,59.75,57.76,109210,63.08,1112, 64742, 59.28
PFS, EQ, 05-Apr-2021,18.7,18.6,18.7,17.65,18.05,18.05,17.97,1256757,225.8,2379, 694287, 55.24
PGEL, BE, 05-Apr-2021,390.35,391.0,399.4,370.85,370.85,370.85,373.52,19956,74.54,491, -, -
PGHH, EQ, 05-Apr-2021,12567.55,12577.25,12577.3,12251.25,12500.0,12533.65,12417.76,3634,451.26,1439, 1784, 49.09
PGHL, EQ, 05-Apr-2021,6169.3,6190.0,6204.75,6082.1,6188.95,6183.0,6131.48,6961,426.81,2100, 3540, 50.85
PGIL, EQ, 05-Apr-2021,168.8,170.2,171.95,167.0,168.0,168.0,169.87,266,0.45,53, 62, 23.31
PHILIPCARB, EQ, 05-Apr-2021,198.7,197.2,198.45,186.0,188.95,188.6,189.35,981170,1857.82,10725, 540429, 55.08
PHOENIXLTD, EQ, 05-Apr-2021,767.85,752.45,757.7,706.6,712.35,732.7,735.19,181212,1332.26,10481, 120097, 66.27
PIDILITIND, EQ, 05-Apr-2021,1823.15,1824.0,1841.0,1786.5,1804.0,1799.5,1807.12,363509,6569.03,24001, 104058, 28.63
PIGL, SM, 05-Apr-2021,41.8,40.2,40.5,40.2,40.5,40.5,40.43,16000,6.47,4, 12000, 75.00
PIIND, EQ, 05-Apr-2021,2249.8,2247.0,2255.55,2205.6,2209.0,2211.45,2222.87,129132,2870.44,13267, 73670, 57.05
PILANIINVS, EQ, 05-Apr-2021,1693.0,1712.0,1712.0,1640.0,1660.0,1657.3,1676.61,3302,55.36,640, 1062, 32.16
PILITA, EQ, 05-Apr-2021,18.4,18.4,19.0,17.55,17.95,17.85,17.99,269890,48.56,680, 213620, 79.15
PIONDIST, EQ, 05-Apr-2021,108.3,108.2,108.2,104.1,105.55,105.6,105.41,6482,6.83,100, 5486, 84.63
PIONEEREMB, EQ, 05-Apr-2021,39.45,39.45,40.85,38.3,39.45,40.1,39.93,39587,15.81,498, 21622, 54.62
PITTIENG, EQ, 05-Apr-2021,67.8,67.0,68.4,65.45,66.0,66.75,66.79,190637,127.33,2876, 28937, 15.18
PKTEA, BE, 05-Apr-2021,229.45,230.0,230.0,218.2,218.2,218.2,222.13,15,0.03,2, -, -
PLASTIBLEN, EQ, 05-Apr-2021,229.8,231.75,234.55,225.0,225.0,225.95,229.42,6427,14.74,409, 4081, 63.50
PNB, EQ, 05-Apr-2021,38.2,38.55,38.55,36.2,36.95,36.95,37.0,103941329,38457.57,99950, 14511387, 13.96
PNBGILTS, EQ, 05-Apr-2021,51.2,51.45,52.7,50.05,51.45,51.3,51.16,401799,205.57,3609, 216477, 53.88
PNBHOUSING, EQ, 05-Apr-2021,393.05,393.9,394.0,374.25,382.85,379.7,381.34,170921,651.79,9349, 70612, 41.31
PNC, BE, 05-Apr-2021,43.9,46.05,46.05,46.05,46.05,46.05,46.05,39471,18.18,89, -, -
PNCINFRA, EQ, 05-Apr-2021,257.5,262.5,263.0,252.6,255.5,256.2,257.42,433288,1115.38,25451, 194869, 44.97
PODDARHOUS, BE, 05-Apr-2021,186.85,187.8,187.8,178.2,182.85,182.85,179.61,701,1.26,13, -, -
PODDARMENT, EQ, 05-Apr-2021,192.0,190.9,192.5,188.25,190.5,190.7,190.63,4403,8.39,151, 2738, 62.18
POKARNA, EQ, 05-Apr-2021,267.4,269.45,272.5,252.1,257.6,257.15,260.05,117655,305.96,5223, 68632, 58.33
POLYCAB, EQ, 05-Apr-2021,1396.25,1395.0,1395.0,1341.3,1376.0,1373.1,1370.68,242102,3318.44,19158, 111363, 46.00
POLYMED, EQ, 05-Apr-2021,837.2,835.0,917.0,830.05,905.0,898.9,881.53,282484,2490.19,12918, 104852, 37.12
POLYPLEX, EQ, 05-Apr-2021,870.15,868.7,868.7,837.2,846.0,847.2,850.48,27632,235.01,2665, 15623, 56.54
PONNIERODE, EQ, 05-Apr-2021,149.95,155.05,155.05,145.75,148.85,148.85,149.23,796,1.19,70, 385, 48.37
POWERFUL, SZ, 05-Apr-2021,3.2,3.05,3.05,3.05,3.05,3.05,3.05,4000,0.12,2, 4000, 100.00
POWERGRID, EQ, 05-Apr-2021,218.7,215.2,219.0,213.35,214.65,214.15,214.96,8147763,17514.53,48405, 3967858, 48.70
POWERINDIA, EQ, 05-Apr-2021,1382.7,1389.6,1424.5,1358.45,1373.95,1377.3,1391.29,14932,207.75,2360, 6918, 46.33
POWERMECH, EQ, 05-Apr-2021,576.25,578.0,589.0,547.55,570.0,566.45,569.18,58995,335.79,2435, 33748, 57.20
PPAP, EQ, 05-Apr-2021,199.2,202.2,202.2,192.4,199.0,196.0,195.28,53046,103.59,1468, 35686, 67.27
PPL, EQ, 05-Apr-2021,130.3,130.95,134.8,123.05,126.4,126.7,127.6,176834,225.64,5798, 66417, 37.56
PRABHAT, EQ, 05-Apr-2021,97.0,96.6,97.8,96.25,97.5,97.55,97.26,175434,170.62,1015, 126521, 72.12
PRAENG, EQ, 05-Apr-2021,8.05,8.5,8.5,7.7,8.0,8.0,7.94,15053,1.2,72, 13455, 89.38
PRAJIND, EQ, 05-Apr-2021,193.15,192.0,192.9,182.2,185.1,185.7,186.92,1270029,2373.9,12648, 620555, 48.86
PRAKASH, EQ, 05-Apr-2021,81.4,82.75,84.4,77.6,82.7,83.2,81.89,6147352,5034.23,40532, 1964417, 31.96
PRAKASHSTL, EQ, 05-Apr-2021,0.75,0.8,0.8,0.75,0.8,0.8,0.78,182835,1.43,182, 176643, 96.61
PRAXIS, BE, 05-Apr-2021,35.05,35.05,36.8,35.05,36.8,36.8,36.25,3460,1.25,62, -, -
PRECAM, EQ, 05-Apr-2021,41.2,42.0,42.05,39.55,40.7,40.6,40.45,116802,47.24,1157, 69213, 59.26
PRECOT, EQ, 05-Apr-2021,112.5,112.45,118.0,107.7,117.9,117.8,117.17,17638,20.67,161, 14326, 81.22
PRECWIRE, EQ, 05-Apr-2021,195.45,199.0,199.0,188.0,191.0,190.8,191.82,48330,92.71,1236, 27288, 56.46
PREMEXPLN, BE, 05-Apr-2021,156.75,156.0,156.0,149.1,154.1,154.1,153.55,5479,8.41,92, -, -
PREMIER, BE, 05-Apr-2021,2.5,2.5,2.6,2.4,2.55,2.55,2.49,150015,3.74,24, -, -
PREMIERPOL, EQ, 05-Apr-2021,37.7,38.95,39.6,36.15,36.4,36.4,36.97,4124,1.52,264, 1407, 34.12
PRESSMN, EQ, 05-Apr-2021,22.85,23.9,25.0,22.85,23.6,23.75,24.16,103103,24.91,594, 56455, 54.76
PRESTIGE, EQ, 05-Apr-2021,308.85,306.35,307.1,292.85,299.0,299.45,299.94,270617,811.7,6029, 133805, 49.44
PRICOLLTD, EQ, 05-Apr-2021,71.5,74.75,74.75,71.05,72.0,72.35,72.56,771208,559.62,4939, 372572, 48.31
PRIMESECU, BE, 05-Apr-2021,43.55,43.0,43.0,41.75,42.75,42.8,42.33,1546,0.65,20, -, -
PRINCEPIPE, EQ, 05-Apr-2021,427.5,427.5,435.0,415.55,417.0,416.65,422.37,182938,772.68,7696, 100397, 54.88
PRIVISCL, EQ, 05-Apr-2021,843.95,850.0,879.9,832.05,847.9,841.85,846.65,50766,429.81,4732, 31508, 62.07
PROZONINTU, EQ, 05-Apr-2021,17.1,17.2,17.2,16.3,17.0,16.9,16.73,145577,24.36,739, 100209, 68.84
PRSMJOHNSN, EQ, 05-Apr-2021,134.05,135.45,136.0,123.0,130.95,131.45,129.39,475742,615.56,5936, 214552, 45.10
PSB, EQ, 05-Apr-2021,18.45,19.3,19.3,17.6,18.0,17.85,18.29,1292337,236.4,3157, 803080, 62.14
PSPPROJECT, EQ, 05-Apr-2021,466.15,468.6,468.6,460.5,465.0,464.7,464.72,22765,105.79,1365, 9138, 40.14
PSUBNKBEES, EQ, 05-Apr-2021,24.02,24.3,24.3,22.94,23.26,23.23,23.46,760895,178.49,1999, 497970, 65.45
PTC, EQ, 05-Apr-2021,78.8,78.8,81.9,77.95,81.0,81.15,79.79,1734130,1383.68,14895, 878244, 50.64
PTL, EQ, 05-Apr-2021,38.95,39.8,39.95,37.8,37.9,38.55,38.56,75496,29.11,548, 58494, 77.48
PUNJABCHEM, EQ, 05-Apr-2021,896.15,919.0,919.0,882.5,909.0,901.3,897.18,7974,71.54,501, 6066, 76.07
PUNJLLOYD, BZ, 05-Apr-2021,1.45,1.4,1.4,1.4,1.4,1.4,1.4,304492,4.26,151, -, -
PURVA, EQ, 05-Apr-2021,71.95,71.2,71.9,69.6,71.25,71.15,70.57,61350,43.29,1148, 28020, 45.67
PVR, EQ, 05-Apr-2021,1238.05,1170.0,1195.95,1130.1,1173.0,1178.15,1164.27,3402756,39617.34,118005, 535164, 15.73
QGOLDHALF, EQ, 05-Apr-2021,1942.9,1946.0,1957.0,1938.0,1945.0,1951.9,1951.3,960,18.73,116, 828, 86.25
QNIFTY, EQ, 05-Apr-2021,1534.0,1521.0,1521.0,1506.0,1518.0,1518.0,1513.15,182,2.75,43, 175, 96.15
QUESS, EQ, 05-Apr-2021,689.75,686.7,686.7,651.0,652.95,653.8,662.33,152030,1006.95,9354, 71820, 47.24
QUICKHEAL, EQ, 05-Apr-2021,189.3,187.25,192.9,185.35,186.9,187.1,188.27,209839,395.06,3852, 83469, 39.78
QUINTEGRA, BE, 05-Apr-2021,0.9,0.95,0.95,0.9,0.95,0.95,0.95,37005,0.35,50, -, -
RADICO, EQ, 05-Apr-2021,565.1,565.0,565.0,544.05,550.0,548.4,550.79,154023,848.34,6922, 70075, 45.50
RADIOCITY, EQ, 05-Apr-2021,24.1,24.2,24.4,23.55,23.9,23.95,23.72,214916,50.98,372, 173047, 80.52
RAILTEL, EQ, 05-Apr-2021,128.8,128.95,129.0,124.0,124.4,124.45,125.18,2098870,2627.43,39200, 1178971, 56.17
RAIN, EQ, 05-Apr-2021,149.9,149.95,153.5,145.4,147.3,147.2,148.48,2258772,3353.73,17774, 718966, 31.83
RAJESHEXPO, EQ, 05-Apr-2021,492.35,486.8,489.95,477.5,483.25,482.1,482.0,55754,268.73,3603, 20428, 36.64
RAJMET, BE, 05-Apr-2021,87.0,87.0,89.8,87.0,89.7,89.7,88.45,231,0.2,8, -, -
RAJRATAN, EQ, 05-Apr-2021,771.9,773.0,789.6,763.65,782.0,779.95,776.49,8705,67.59,703, 5101, 58.60
RAJRAYON, BZ, 05-Apr-2021,0.25,0.25,0.25,0.2,0.25,0.25,0.21,691176,1.42,55, -, -
RAJSREESUG, BE, 05-Apr-2021,18.1,19.0,19.0,17.7,17.7,17.9,18.49,14436,2.67,71, -, -
RAJTV, EQ, 05-Apr-2021,32.8,32.65,33.25,32.25,32.4,32.4,32.54,4570,1.49,145, 2820, 61.71
RAJVIR, BE, 05-Apr-2021,9.05,8.6,8.6,8.6,8.6,8.6,8.6,21,0.0,2, -, -
RALLIS, EQ, 05-Apr-2021,259.8,259.7,259.95,252.2,257.35,257.05,255.2,228010,581.88,5208, 103174, 45.25
RAMANEWS, EQ, 05-Apr-2021,16.8,16.95,16.95,15.65,16.5,16.2,16.07,55998,9.0,232, 40267, 71.91
RAMASTEEL, BE, 05-Apr-2021,69.85,69.95,73.3,69.95,72.0,72.1,71.83,12975,9.32,64, -, -
RAMCOCEM, EQ, 05-Apr-2021,1027.05,1020.0,1027.0,982.55,1008.0,1009.9,1005.44,454203,4566.73,15172, 52280, 11.51
RAMCOIND, EQ, 05-Apr-2021,257.95,259.3,262.0,240.0,252.0,251.7,249.74,62586,156.3,2558, 27109, 43.31
RAMCOSYS, EQ, 05-Apr-2021,570.5,563.5,578.0,553.3,568.9,567.1,571.2,204397,1167.52,4976, 137582, 67.31
RAMKY, EQ, 05-Apr-2021,76.3,75.05,76.95,72.5,73.1,73.95,73.94,175203,129.54,741, 141982, 81.04
RANASUG, EQ, 05-Apr-2021,9.8,9.95,10.0,9.25,9.45,9.4,9.49,619690,58.82,1159, 397436, 64.13
RANEENGINE, EQ, 05-Apr-2021,266.7,269.2,269.2,256.1,260.1,261.45,261.08,2945,7.69,194, 1658, 56.30
RANEHOLDIN, EQ, 05-Apr-2021,600.2,600.5,612.0,585.1,593.0,593.95,596.58,8041,47.97,579, 4542, 56.49
RATNAMANI, EQ, 05-Apr-2021,1995.6,2090.0,2090.0,1980.0,2035.0,2019.25,2019.71,35612,719.26,6644, 17601, 49.42
RAYMOND, EQ, 05-Apr-2021,368.7,364.0,366.0,347.4,351.5,350.75,353.96,682796,2416.8,12387, 276093, 40.44
RBL, EQ, 05-Apr-2021,799.45,799.45,806.0,783.0,806.0,802.15,794.49,4922,39.1,582, 1914, 38.89
RBLBANK, EQ, 05-Apr-2021,216.2,214.95,215.0,203.0,206.65,206.25,207.43,13462130,27924.63,83855, 2530931, 18.80
RCF, EQ, 05-Apr-2021,79.05,78.9,78.9,73.85,74.8,74.75,75.59,2874855,2173.11,16652, 956215, 33.26
RCOM, EQ, 05-Apr-2021,1.75,1.75,1.8,1.7,1.75,1.7,1.74,8433199,146.37,4719, 6808519, 80.73
RECLTD, EQ, 05-Apr-2021,132.75,132.85,132.85,128.2,130.15,130.2,130.17,4680625,6092.98,22557, 1764975, 37.71
RECLTD, N6, 05-Apr-2021,1255.0,1299.99,1299.99,1251.0,1251.01,1251.01,1267.33,3,0.04,3, 1, 33.33
RECLTD, N7, 05-Apr-2021,1360.49,1352.0,1352.0,1352.0,1352.0,1352.0,1352.0,1,0.01,1, 1, 100.00
RECLTD, N8, 05-Apr-2021,1129.95,1124.72,1130.0,1124.72,1130.0,1130.0,1125.08,796,8.96,10, 771, 96.86
RECLTD, N9, 05-Apr-2021,1263.02,1275.0,1275.0,1264.0,1270.0,1270.0,1269.39,691,8.77,10, 395, 57.16
RECLTD, NC, 05-Apr-2021,2160.0,2160.0,2160.0,2160.0,2160.0,2160.0,2160.0,1,0.02,1, 1, 100.00
RECLTD, NE, 05-Apr-2021,1150.0,1140.0,1140.0,1140.0,1140.0,1140.0,1140.0,100,1.14,1, 100, 100.00
RECLTD, NF, 05-Apr-2021,1295.0,1295.0,1295.0,1290.0,1292.0,1292.15,1291.92,600,7.75,5, 600, 100.00
RECLTD, NI, 05-Apr-2021,1257.95,1240.0,1240.0,1240.0,1240.0,1240.0,1240.0,500,6.2,1, 500, 100.00
REDINGTON, EQ, 05-Apr-2021,184.0,183.1,187.7,174.75,176.0,176.35,180.0,388612,699.48,8977, 156854, 40.36
REFEX, EQ, 05-Apr-2021,94.35,94.0,94.0,88.0,89.2,89.45,89.9,155237,139.55,2696, 86748, 55.88
REGENCERAM, BE, 05-Apr-2021,1.1,1.15,1.15,1.15,1.15,1.15,1.15,202,0.0,3, -, -
RELAXO, EQ, 05-Apr-2021,904.35,914.2,920.1,896.15,909.0,914.0,912.88,271897,2482.09,19240, 96653, 35.55
RELCAPITAL, EQ, 05-Apr-2021,11.25,10.75,11.1,10.7,10.75,10.75,10.82,3428775,370.99,3762, 1626368, 47.43
RELIABLE, SM, 05-Apr-2021,23.75,24.8,24.9,24.8,24.9,24.9,24.86,16800,4.18,5, 16800, 100.00
RELIANCE, EQ, 05-Apr-2021,2021.85,2024.95,2025.0,1962.1,1992.0,1992.6,1986.24,6864856,136352.37,246459, 2208186, 32.17
RELIANCEPP, E1, 05-Apr-2021,1097.75,1103.0,1105.0,1037.0,1068.45,1068.6,1058.54,875074,9263.04,42288, 433425, 49.53
RELIGARE, EQ, 05-Apr-2021,94.95,94.6,102.0,93.15,98.0,99.7,98.32,2230987,2193.46,12587, 1246162, 55.86
RELINFRA, EQ, 05-Apr-2021,38.2,38.45,40.7,37.5,39.15,39.1,38.86,5308369,2062.63,15074, 2139981, 40.31
REMSONSIND, EQ, 05-Apr-2021,141.7,147.4,148.35,142.0,147.6,147.55,145.39,1059,1.54,93, 789, 74.50
RENUKA, EQ, 05-Apr-2021,9.7,9.65,9.85,9.3,9.4,9.45,9.54,2387774,227.88,1846, 1143571, 47.89
REPCOHOME, EQ, 05-Apr-2021,336.9,334.0,335.8,315.0,323.5,322.45,324.89,157852,512.84,9151, 106057, 67.19
REPL, EQ, 05-Apr-2021,207.05,209.6,210.0,201.15,203.8,203.5,203.77,11384,23.2,257, 9360, 82.22
REPRO, EQ, 05-Apr-2021,360.0,360.45,366.95,352.0,355.65,362.25,358.41,7372,26.42,367, 4417, 59.92
RESPONIND, EQ, 05-Apr-2021,182.1,185.9,187.95,169.45,172.8,173.1,177.97,66223,117.86,2035, 15940, 24.07
REVATHI, EQ, 05-Apr-2021,492.5,495.05,495.25,475.0,478.6,483.8,483.24,1808,8.74,308, 558, 30.86
RGL, EQ, 05-Apr-2021,308.7,307.15,323.75,307.15,318.7,319.2,316.69,115842,366.86,2691, 63390, 54.72
RHFL, EQ, 05-Apr-2021,2.5,2.6,2.6,2.5,2.6,2.6,2.57,2000279,51.42,1239, 1310418, 65.51
RHFL, N8, 05-Apr-2021,140.0,139.55,155.0,139.55,155.0,155.0,143.66,31,0.04,3, 15, 48.39
RICOAUTO, EQ, 05-Apr-2021,37.65,37.5,37.5,35.3,36.5,36.3,36.15,316556,114.43,1877, 152827, 48.28
RIIL, EQ, 05-Apr-2021,374.95,374.7,374.7,361.0,363.9,363.1,365.73,118579,433.68,3505, 39613, 33.41
RITES, EQ, 05-Apr-2021,244.75,245.0,246.55,240.5,244.5,243.8,243.49,188210,458.27,4355, 95777, 50.89
RKDL, EQ, 05-Apr-2021,7.65,7.65,7.75,7.35,7.6,7.5,7.48,13196,0.99,62, 10961, 83.06
RKEC, EQ, 05-Apr-2021,62.65,61.9,64.0,60.0,60.55,61.45,61.63,18815,11.6,120, 15198, 80.78
RKFORGE, EQ, 05-Apr-2021,531.8,539.95,540.0,500.1,509.0,512.4,514.08,28709,147.59,1388, 11706, 40.77
RMCL, BE, 05-Apr-2021,2.35,2.45,2.45,2.3,2.4,2.35,2.37,18930,0.45,53, -, -
RMDRIP, SM, 05-Apr-2021,21.3,20.4,20.4,20.4,20.4,20.4,20.4,112000,22.85,1, 112000, 100.00
RML, EQ, 05-Apr-2021,375.5,383.65,383.65,358.45,363.5,362.15,365.58,14143,51.7,735, 4380, 30.97
RNAVAL, BZ, 05-Apr-2021,3.05,3.2,3.2,3.0,3.2,3.2,3.18,1511052,48.03,917, -, -
ROHITFERRO, BE, 05-Apr-2021,1.85,1.9,1.9,1.8,1.8,1.8,1.88,12860,0.24,8, -, -
ROHLTD, EQ, 05-Apr-2021,65.9,65.95,65.95,52.75,63.5,63.15,63.19,55312,34.95,670, 21920, 39.63
ROLLT, BE, 05-Apr-2021,2.35,2.35,2.45,2.3,2.35,2.35,2.39,12419,0.3,41, -, -
ROLTA, EQ, 05-Apr-2021,3.4,3.4,3.55,3.35,3.55,3.55,3.51,373340,13.11,620, 245643, 65.80
ROML, BE, 05-Apr-2021,93.05,95.95,96.0,88.65,96.0,95.1,92.89,6426,5.97,114, -, -
ROSSARI, EQ, 05-Apr-2021,1073.6,1069.9,1134.9,1020.4,1105.5,1117.3,1092.55,393963,4304.26,26706, 120078, 30.48
ROSSELLIND, EQ, 05-Apr-2021,109.7,109.25,110.0,105.0,109.85,109.7,107.62,5842,6.29,231, 2901, 49.66
ROUTE, EQ, 05-Apr-2021,1469.7,1477.7,1540.0,1451.0,1529.8,1519.15,1507.76,716708,10806.24,46882, 154159, 21.51
RPGLIFE, EQ, 05-Apr-2021,388.1,388.2,393.0,376.0,390.0,386.75,384.49,14103,54.23,947, 6388, 45.30
RPOWER, EQ, 05-Apr-2021,4.55,4.75,4.75,4.55,4.75,4.75,4.72,39673665,1874.28,9708, 21286200, 53.65
RPPINFRA, EQ, 05-Apr-2021,61.95,63.4,63.4,59.05,60.55,60.55,60.44,27759,16.78,469, 12387, 44.62
RPPL, SM, 05-Apr-2021,84.0,81.9,81.9,81.9,81.9,81.9,81.9,1000,0.82,1, 1000, 100.00
RPSGVENT, EQ, 05-Apr-2021,370.2,370.2,370.2,354.2,355.0,357.3,360.66,67804,244.54,2909, 43021, 63.45
RSSOFTWARE, EQ, 05-Apr-2021,25.2,26.45,26.45,25.5,26.3,26.2,26.22,73233,19.2,563, 40109, 54.77
RSWM, EQ, 05-Apr-2021,193.55,191.95,193.4,184.15,188.0,186.45,187.31,19319,36.19,437, 13593, 70.36
RSYSTEMS, EQ, 05-Apr-2021,114.4,115.0,115.2,113.9,113.9,114.05,114.23,6213,7.1,130, 4890, 78.71
RTNINFRA, EQ, 05-Apr-2021,4.95,5.0,5.15,4.75,4.75,4.75,4.88,2780761,135.83,1664, 2532396, 91.07
RTNPOWER, EQ, 05-Apr-2021,2.65,2.75,2.75,2.6,2.65,2.6,2.67,9152397,244.76,2739, 5590597, 61.08
RUBYMILLS, EQ, 05-Apr-2021,168.9,168.55,177.0,165.0,169.0,167.8,169.18,5861,9.92,152, 4372, 74.59
RUCHI, EQ, 05-Apr-2021,674.1,684.0,707.8,677.15,707.8,707.8,701.29,70828,496.71,3506, 32067, 45.27
RUCHINFRA, BE, 05-Apr-2021,6.1,6.15,6.3,5.8,6.1,6.15,6.13,70614,4.33,246, -, -
RUCHIRA, EQ, 05-Apr-2021,63.35,63.15,63.15,60.8,62.25,61.8,61.83,47737,29.52,374, 30063, 62.98
RUPA, EQ, 05-Apr-2021,307.5,307.0,308.9,294.7,296.0,296.6,300.77,69579,209.27,2545, 35657, 51.25
RUSHIL, EQ, 05-Apr-2021,219.8,224.8,230.7,210.95,230.5,230.25,223.55,43102,96.35,1403, 22998, 53.36
RVHL, EQ, 05-Apr-2021,16.5,17.3,17.3,16.7,17.3,17.25,17.25,48997,8.45,213, 38446, 78.47
RVNL, EQ, 05-Apr-2021,29.65,29.7,30.2,28.8,29.7,29.5,29.28,10008653,2930.5,23872, 3274670, 32.72
S&SPOWER, BE, 05-Apr-2021,19.85,20.8,20.8,19.55,20.8,20.2,20.17,4612,0.93,13, -, -
SABEVENTS, EQ, 05-Apr-2021,1.35,1.35,1.4,1.3,1.35,1.35,1.34,7262,0.1,19, 7262, 100.00
SABTN, BE, 05-Apr-2021,2.1,2.1,2.2,2.1,2.2,2.2,2.17,56474,1.22,21, -, -
SADBHAV, EQ, 05-Apr-2021,64.3,63.8,63.8,62.2,62.9,63.05,62.9,296038,186.21,2846, 112097, 37.87
SADBHIN, EQ, 05-Apr-2021,20.4,20.5,20.65,19.8,19.9,19.95,20.05,167093,33.51,841, 83785, 50.14
SAFARI, EQ, 05-Apr-2021,615.75,608.4,616.8,590.0,600.5,600.0,599.57,10398,62.34,787, 7936, 76.32
SAGARDEEP, EQ, 05-Apr-2021,33.8,34.25,34.25,32.75,33.5,33.25,33.33,2327,0.78,114, 1399, 60.12
SAGCEM, EQ, 05-Apr-2021,735.0,738.7,746.4,705.0,716.55,712.3,724.22,32287,233.83,2257, 15871, 49.16
SAIL, EQ, 05-Apr-2021,83.85,86.5,90.0,83.55,89.95,89.65,87.35,149912383,130955.15,300998, 38424603, 25.63
SAKAR, EQ, 05-Apr-2021,115.5,116.45,124.55,113.85,116.0,116.4,119.02,171976,204.69,2683, 114542, 66.60
SAKHTISUG, EQ, 05-Apr-2021,9.7,9.9,9.9,9.4,9.6,9.5,9.65,76846,7.42,267, 41710, 54.28
SAKSOFT, EQ, 05-Apr-2021,368.6,367.4,379.65,361.65,372.95,372.7,374.03,44485,166.39,1924, 18844, 42.36
SAKUMA, EQ, 05-Apr-2021,5.0,4.9,4.9,4.8,4.9,4.9,4.88,127211,6.21,206, 100309, 78.85
SALASAR, EQ, 05-Apr-2021,372.2,374.9,376.35,365.35,375.0,372.75,371.74,25780,95.84,1369, 5514, 21.39
SALONA, EQ, 05-Apr-2021,95.6,91.45,99.35,91.45,91.5,91.5,92.21,5375,4.96,47, 5005, 93.12
SALSTEEL, EQ, 05-Apr-2021,3.2,3.3,3.35,3.1,3.3,3.3,3.32,287325,9.54,202, 235833, 82.08
SALZERELEC, EQ, 05-Apr-2021,127.95,125.4,127.2,121.5,123.8,123.2,123.94,27471,34.05,729, 17633, 64.19
SAMBHAAV, EQ, 05-Apr-2021,2.05,2.05,2.1,1.95,2.0,2.05,1.99,15641,0.31,31, 10561, 67.52
SANCO, EQ, 05-Apr-2021,7.95,8.3,8.3,8.3,8.3,8.3,8.3,27017,2.24,77, 22017, 81.49
SANDESH, EQ, 05-Apr-2021,657.7,639.05,679.95,639.05,670.0,658.9,656.52,1259,8.27,220, 434, 34.47
SANDHAR, EQ, 05-Apr-2021,210.7,209.85,212.8,206.0,206.2,206.7,208.19,13799,28.73,598, 7680, 55.66
SANGAMIND, BE, 05-Apr-2021,76.5,74.85,76.35,74.85,76.35,76.35,74.99,509,0.38,16, -, -
SANGHIIND, EQ, 05-Apr-2021,43.85,43.5,44.4,41.7,42.3,42.3,42.66,1368743,583.96,3832, 605833, 44.26
SANGHVIFOR, BE, 05-Apr-2021,20.05,20.45,20.95,20.05,20.05,20.05,20.23,304,0.06,9, -, -
SANGHVIMOV, EQ, 05-Apr-2021,105.1,102.5,108.75,96.95,101.9,101.05,103.89,54484,56.6,642, 39461, 72.43
SANGINITA, EQ, 05-Apr-2021,18.8,18.8,19.3,18.05,18.2,18.3,18.54,51516,9.55,477, 41255, 80.08
SANOFI, EQ, 05-Apr-2021,7994.3,8037.5,8078.65,7985.0,8000.0,7998.45,8010.79,44212,3541.73,6987, 33741, 76.32
SANWARIA, BZ, 05-Apr-2021,0.6,0.65,0.65,0.6,0.65,0.65,0.65,3388309,21.97,370, -, -
SARDAEN, EQ, 05-Apr-2021,437.1,437.9,463.0,428.05,450.0,449.75,445.37,193652,862.46,5928, 90634, 46.80
SAREGAMA, EQ, 05-Apr-2021,1712.3,1720.0,1728.0,1639.85,1700.0,1699.95,1681.7,27193,457.31,3186, 11097, 40.81
SARLAPOLY, EQ, 05-Apr-2021,26.8,26.3,28.5,26.3,27.0,27.1,27.28,355263,96.91,1561, 232522, 65.45
SARVESHWAR, SM, 05-Apr-2021,23.35,24.0,24.5,22.2,24.5,24.5,24.06,20800,5.0,12, 14400, 69.23
SASKEN, EQ, 05-Apr-2021,875.3,892.0,892.0,857.1,872.95,873.25,872.31,21481,187.38,1886, 10334, 48.11
SASTASUNDR, EQ, 05-Apr-2021,118.15,120.95,120.95,112.55,113.5,113.15,114.59,38653,44.29,1105, 25880, 66.95
SATHAISPAT, BE, 05-Apr-2021,3.0,3.15,3.15,3.15,3.15,3.15,3.15,200,0.01,1, -, -
SATIA, EQ, 05-Apr-2021,85.7,85.95,85.95,82.3,82.4,82.9,83.51,27080,22.61,409, 17907, 66.13
SATIN, EQ, 05-Apr-2021,90.05,92.0,94.55,88.0,94.55,94.3,92.59,260466,241.17,2469, 148734, 57.10
SBICARD, EQ, 05-Apr-2021,974.3,979.0,979.0,912.2,941.5,941.35,941.11,2167884,20402.25,107578, 714613, 32.96
SBIETFIT, EQ, 05-Apr-2021,264.93,265.99,267.0,258.95,265.54,265.8,263.75,5131,13.53,148, 3124, 60.88
SBIETFPB, EQ, 05-Apr-2021,179.98,181.0,183.0,175.0,176.77,175.95,176.84,5492,9.71,131, 3097, 56.39
SBIETFQLTY, EQ, 05-Apr-2021,126.68,126.68,129.68,125.0,127.36,127.23,126.83,4161,5.28,142, 2409, 57.89
SBILIFE, EQ, 05-Apr-2021,883.45,885.0,887.0,864.8,874.0,872.55,871.45,1091002,9507.59,41719, 492106, 45.11
SBIN, EQ, 05-Apr-2021,370.65,367.5,369.2,349.05,354.0,353.55,355.21,51743981,183797.97,382160, 12654477, 24.46
SCAPDVR, BE, 05-Apr-2021,1.75,1.8,1.8,1.7,1.8,1.8,1.78,62276,1.11,88, -, -
SCHAEFFLER, EQ, 05-Apr-2021,5491.85,5491.0,5491.0,5325.05,5325.25,5355.0,5372.31,3102,166.65,1216, 1783, 57.48
SCHAND, BE, 05-Apr-2021,107.55,107.55,107.55,102.55,104.0,104.35,104.72,39987,41.87,461, -, -
SCHNEIDER, EQ, 05-Apr-2021,96.75,96.95,97.65,93.05,93.95,94.05,94.68,347063,328.59,4231, 135701, 39.10
SCI, EQ, 05-Apr-2021,114.15,113.0,113.3,109.1,110.15,110.25,110.62,1795797,1986.48,13484, 645658, 35.95
SDBL, EQ, 05-Apr-2021,33.5,33.6,34.0,32.0,32.65,32.85,32.76,102016,33.42,710, 75797, 74.30
SEAMECLTD, EQ, 05-Apr-2021,447.0,453.45,458.75,445.65,447.5,449.3,451.96,48679,220.01,1968, 24802, 50.95
SECL, SZ, 05-Apr-2021,11.3,10.75,10.75,10.75,10.75,10.75,10.75,30000,3.23,5, 30000, 100.00
SECURKLOUD, EQ, 05-Apr-2021,80.75,82.5,84.75,81.0,84.75,84.75,84.15,76004,63.96,632, 62487, 82.22
SELAN, EQ, 05-Apr-2021,131.5,131.5,131.75,128.55,129.05,129.4,129.71,17277,22.41,427, 8528, 49.36
SEPOWER, BE, 05-Apr-2021,3.85,3.85,4.0,3.85,4.0,3.95,3.96,7853,0.31,59, -, -
SEQUENT, EQ, 05-Apr-2021,243.9,244.75,248.7,235.5,242.05,241.6,240.7,301426,725.53,6814, 158032, 52.43
SESHAPAPER, EQ, 05-Apr-2021,162.2,159.9,162.35,157.1,159.3,160.3,159.72,27491,43.91,697, 23573, 85.75
SETCO, EQ, 05-Apr-2021,15.25,16.15,16.35,15.25,15.75,15.9,15.79,256044,40.42,612, 189782, 74.12
SETF10GILT, EQ, 05-Apr-2021,201.95,200.0,201.9,199.0,199.0,199.0,199.77,126,0.25,9, 101, 80.16
SETFGOLD, EQ, 05-Apr-2021,4019.95,4063.0,4063.0,4020.05,4035.0,4034.85,4035.61,15234,614.78,2095, 12672, 83.18
SETFNIF50, EQ, 05-Apr-2021,150.52,151.35,154.0,146.7,148.6,148.59,147.95,503298,744.63,4035, 357170, 70.97
SETFNIFBK, EQ, 05-Apr-2021,337.44,338.0,339.9,307.1,326.84,326.54,327.0,170159,556.41,2409, 143491, 84.33
SETFNN50, EQ, 05-Apr-2021,358.48,360.99,360.99,350.0,356.94,356.47,355.63,12627,44.91,827, 10269, 81.33
SETUINFRA, BE, 05-Apr-2021,0.8,0.75,0.8,0.75,0.8,0.75,0.75,274624,2.06,60, -, -
SEYAIND, EQ, 05-Apr-2021,51.55,50.95,51.55,50.15,51.3,51.15,50.85,18031,9.17,285, 12843, 71.23
SFL, EQ, 05-Apr-2021,1988.15,1983.3,2153.9,1951.7,2095.0,2106.45,2092.58,62326,1304.22,9139, 10813, 17.35
SGBAPR28I, GB, 05-Apr-2021,4604.9,4725.0,4734.0,4565.0,4590.02,4594.59,4608.48,244,11.24,58, 172, 70.49
SGBAUG24, GB, 05-Apr-2021,4670.07,4699.0,4700.0,4632.0,4651.0,4652.9,4654.43,65,3.03,25, 40, 61.54
SGBAUG27, GB, 05-Apr-2021,4600.0,4618.0,4618.0,4520.0,4610.0,4612.78,4601.94,71,3.27,28, 69, 97.18
SGBAUG28V, GB, 05-Apr-2021,4710.25,4710.25,4720.0,4675.0,4710.0,4684.3,4688.05,1794,84.1,256, 1724, 96.10
SGBDC27VII, GB, 05-Apr-2021,4516.0,4715.0,4715.8,4560.0,4560.0,4560.0,4587.19,35,1.61,9, 34, 97.14
SGBDEC25, GB, 05-Apr-2021,4980.0,4580.0,4580.0,4580.0,4580.0,4580.0,4580.0,1,0.05,1, 1, 100.00
SGBDEC2512, GB, 05-Apr-2021,4503.84,4944.44,4944.44,4944.44,4944.44,4944.44,4944.44,1,0.05,1, 1, 100.00
SGBFEB24, GB, 05-Apr-2021,4570.0,4570.0,4699.0,4570.0,4630.0,4630.0,4623.05,208,9.62,26, 198, 95.19
SGBFEB28IX, GB, 05-Apr-2021,4692.0,5139.0,5139.0,4516.0,4550.0,4550.0,4567.82,39,1.78,15, 25, 64.10
SGBFEB29XI, GB, 05-Apr-2021,4660.0,4660.0,4700.0,4660.0,4685.0,4685.0,4684.71,21,0.98,10, 21, 100.00
SGBJ28VIII, GB, 05-Apr-2021,4719.51,4699.0,4699.0,4518.0,4522.01,4522.75,4534.55,38,1.72,13, 26, 68.42
SGBJAN29IX, GB, 05-Apr-2021,4679.0,4679.0,4699.99,4650.0,4689.0,4672.35,4669.99,170,7.94,56, 156, 91.76
SGBJAN29X, GB, 05-Apr-2021,4671.0,4671.0,4800.0,4671.0,4699.0,4756.5,4721.7,53,2.5,24, 53, 100.00
SGBJUL25, GB, 05-Apr-2021,4521.04,4520.0,4574.0,4520.0,4525.0,4525.05,4523.72,329,14.88,41, 232, 70.52
SGBJUL27, GB, 05-Apr-2021,4600.0,4600.0,4775.0,4510.05,4510.05,4511.7,4591.59,17,0.78,10, 13, 76.47
SGBJUL28IV, GB, 05-Apr-2021,4620.01,4620.0,4629.0,4600.0,4625.0,4625.0,4613.87,464,21.41,112, 442, 95.26
SGBJUN27, GB, 05-Apr-2021,4544.99,4598.0,4598.0,4510.0,4544.0,4544.0,4530.69,728,32.98,45, 700, 96.15
SGBJUN28, GB, 05-Apr-2021,4580.11,4580.11,4698.0,4580.11,4600.0,4600.22,4599.24,57,2.62,19, 57, 100.00
SGBMAR24, GB, 05-Apr-2021,4504.32,4679.5,4679.5,4630.0,4630.0,4630.0,4663.0,3,0.14,2, 3, 100.00
SGBMAR25, GB, 05-Apr-2021,4501.41,4510.0,4540.0,4501.0,4530.0,4530.0,4518.74,121,5.47,18, 88, 72.73
SGBMAR28X, GB, 05-Apr-2021,4555.95,4578.9,4578.9,4551.0,4555.0,4555.0,4563.17,41,1.87,11, 38, 92.68
SGBMAY25, GB, 05-Apr-2021,4590.0,4588.6,4610.0,4511.0,4526.0,4529.67,4541.57,86,3.91,16, 75, 87.21
SGBMAY26, GB, 05-Apr-2021,4554.99,4585.0,4585.0,4510.0,4548.0,4548.0,4539.33,663,30.1,48, 620, 93.51
SGBMAY28, GB, 05-Apr-2021,4569.22,4649.0,4649.0,4575.0,4575.0,4575.96,4587.63,120,5.51,38, 104, 86.67
SGBMR29XII, GB, 05-Apr-2021,4569.16,4570.0,4620.0,4570.0,4609.0,4602.23,4585.95,502,23.02,134, 453, 90.24
SGBN28VIII, GB, 05-Apr-2021,4634.45,4629.0,4900.0,4629.0,4660.0,4660.0,4668.88,86,4.02,30, 65, 75.58
SGBNOV23, GB, 05-Apr-2021,4589.98,4599.0,4700.0,4599.0,4675.0,4675.0,4622.46,127,5.87,39, 97, 76.38
SGBNOV24, GB, 05-Apr-2021,4583.9,4605.0,4605.0,4522.0,4545.5,4545.9,4557.25,289,13.17,52, 257, 88.93
SGBNOV25IX, GB, 05-Apr-2021,4597.97,4598.0,4598.0,4598.0,4598.0,4598.0,4598.0,10,0.46,1, 10, 100.00
SGBOC28VII, GB, 05-Apr-2021,4654.13,4724.0,4764.0,4605.0,4605.01,4615.72,4662.62,61,2.84,25, 55, 90.16
SGBOCT25, GB, 05-Apr-2021,4536.8,4536.0,4598.8,4536.0,4570.0,4561.13,4574.71,203,9.29,36, 183, 90.15
SGBOCT25IV, GB, 05-Apr-2021,4556.0,4556.0,4556.0,4556.0,4556.0,4556.0,4556.0,15,0.68,1, 15, 100.00
SGBOCT25V, GB, 05-Apr-2021,4649.0,4601.0,4601.0,4601.0,4601.0,4601.0,4601.0,1,0.05,1, 1, 100.00
SGBOCT27, GB, 05-Apr-2021,4650.0,4650.0,4650.0,4533.0,4625.0,4625.0,4614.44,27,1.25,6, 22, 81.48
SGBOCT27VI, GB, 05-Apr-2021,4550.0,4900.0,4900.0,4900.0,4900.0,4900.0,4900.0,1,0.05,1, 1, 100.00
SGBSEP24, GB, 05-Apr-2021,4596.66,4700.0,4700.0,4581.0,4690.0,4690.0,4667.47,18,0.84,6, 18, 100.00
SGBSEP27, GB, 05-Apr-2021,4515.01,4885.0,4885.0,4600.0,4739.0,4744.66,4642.35,17,0.79,7, 15, 88.24
SGBSEP28VI, GB, 05-Apr-2021,4625.0,4660.0,4690.0,4660.0,4660.0,4662.3,4672.39,54,2.52,18, 51, 94.44
SGL, EQ, 05-Apr-2021,9.05,9.4,9.65,8.7,8.9,8.95,9.01,78912,7.11,277, 45987, 58.28
SHAHALLOYS, BE, 05-Apr-2021,8.15,8.15,8.5,7.85,8.35,8.35,8.32,4953,0.41,18, -, -
SHAKTIPUMP, EQ, 05-Apr-2021,518.25,517.05,517.05,497.45,505.75,505.8,504.21,38478,194.01,1734, 24362, 63.31
SHALBY, EQ, 05-Apr-2021,106.3,105.0,113.9,104.95,109.5,109.2,110.53,1005945,1111.83,12648, 298454, 29.67
SHALPAINTS, EQ, 05-Apr-2021,97.2,96.95,96.95,92.3,93.6,93.6,93.66,76255,71.42,1843, 43184, 56.63
SHANKARA, EQ, 05-Apr-2021,425.05,415.6,428.15,411.1,415.0,414.05,417.38,50546,210.97,2711, 22677, 44.86
SHANTI, SM, 05-Apr-2021,23.5,23.5,24.0,23.5,24.0,24.0,23.58,27000,6.37,6, 27000, 100.00
SHANTIGEAR, EQ, 05-Apr-2021,133.4,131.6,134.9,129.25,130.5,129.65,132.25,63306,83.72,749, 44200, 69.82
SHARDACROP, EQ, 05-Apr-2021,298.4,298.0,298.5,288.0,293.0,291.25,292.35,64073,187.32,2248, 26905, 41.99
SHARDAMOTR, EQ, 05-Apr-2021,1994.75,2007.95,2129.4,2007.95,2085.05,2094.35,2060.18,7619,156.96,1327, 4752, 62.37
SHAREINDIA, EQ, 05-Apr-2021,270.25,270.3,270.3,265.3,270.0,269.85,267.44,9993,26.73,279, 6059, 60.63
SHARIABEES, EQ, 05-Apr-2021,370.24,380.0,380.0,360.95,372.94,375.32,369.81,1331,4.92,61, 505, 37.94
SHEMAROO, EQ, 05-Apr-2021,68.35,66.6,67.95,64.8,66.65,65.95,65.89,31491,20.75,414, 25604, 81.31
SHIL, EQ, 05-Apr-2021,272.1,272.0,272.0,259.0,263.5,268.95,265.6,91915,244.13,1841, 50430, 54.87
SHILPAMED, EQ, 05-Apr-2021,351.15,354.7,354.7,340.7,345.5,345.0,345.58,93595,323.44,2912, 41975, 44.85
SHIRPUR-G, BZ, 05-Apr-2021,6.25,6.5,6.5,5.95,5.95,5.95,5.95,8251,0.49,38, -, -
SHIVAMAUTO, EQ, 05-Apr-2021,18.25,18.7,18.7,17.6,17.9,17.95,18.02,71560,12.89,269, 49091, 68.60
SHIVAMILLS, BE, 05-Apr-2021,43.4,42.05,42.05,41.75,42.0,42.0,41.96,590,0.25,5, -, -
SHIVATEX, EQ, 05-Apr-2021,138.0,138.0,143.8,132.7,135.9,135.55,137.63,4365,6.01,118, 3736, 85.59
SHK, EQ, 05-Apr-2021,113.05,112.2,112.7,110.05,110.5,110.95,111.19,116362,129.38,2342, 69435, 59.67
SHOPERSTOP, EQ, 05-Apr-2021,215.6,211.6,215.6,201.5,203.65,203.75,206.94,185342,383.55,4198, 80948, 43.67
SHRADHA, BE, 05-Apr-2021,42.95,42.9,42.9,42.9,42.9,42.9,42.9,5,0.0,2, -, -
SHREDIGCEM, EQ, 05-Apr-2021,63.25,64.0,65.2,61.5,62.75,62.55,63.4,454656,288.23,3029, 212780, 46.80
SHREECEM, EQ, 05-Apr-2021,29951.95,29900.0,30628.4,29650.0,30375.0,30358.25,30193.46,124392,37558.25,30244, 51734, 41.59
SHREEPUSHK, EQ, 05-Apr-2021,138.75,147.0,150.3,144.0,146.0,146.75,146.99,269964,396.82,7078, 140582, 52.07
SHREERAMA, EQ, 05-Apr-2021,10.25,10.55,10.55,9.7,10.25,10.2,10.07,77788,7.84,265, 40087, 51.53
SHRENIK, EQ, 05-Apr-2021,1.8,1.8,1.85,1.75,1.85,1.8,1.78,3642276,64.73,1629, 1828690, 50.21
SHREYANIND, EQ, 05-Apr-2021,104.4,104.05,104.1,99.2,100.4,100.65,100.96,27000,27.26,785, 12851, 47.60
SHREYAS, EQ, 05-Apr-2021,76.55,77.4,77.4,72.7,74.2,74.2,74.02,30283,22.42,425, 20305, 67.05
SHRIPISTON, BE, 05-Apr-2021,778.05,785.0,816.95,750.0,762.1,762.1,765.2,1034,7.91,43, -, -
SHRIRAMCIT, EQ, 05-Apr-2021,1429.7,1464.9,1493.5,1426.85,1442.9,1440.3,1448.91,41171,596.53,6092, 23240, 56.45
SHRIRAMEPC, EQ, 05-Apr-2021,4.05,4.1,4.25,4.0,4.0,4.05,4.07,223106,9.07,333, 133453, 59.82
SHUBHLAXMI, SM, 05-Apr-2021,14.0,14.7,14.7,14.7,14.7,14.7,14.7,2000,0.29,2, 2000, 100.00
SHYAMCENT, EQ, 05-Apr-2021,5.35,5.45,5.8,5.15,5.55,5.5,5.52,170943,9.43,293, 126430, 73.96
SICAGEN, EQ, 05-Apr-2021,15.05,15.85,15.85,14.65,14.9,14.9,14.84,11122,1.65,114, 7861, 70.68
SICAL, EQ, 05-Apr-2021,10.9,11.2,11.4,11.0,11.4,11.4,11.31,544373,61.57,793, 420585, 77.26
SIEMENS, EQ, 05-Apr-2021,1858.25,1854.8,1863.0,1806.2,1824.4,1824.4,1828.46,151339,2767.17,9154, 27999, 18.50
SIGIND, EQ, 05-Apr-2021,31.35,31.35,31.95,29.5,30.95,30.4,30.68,32896,10.09,423, 19580, 59.52
SIKKO, SM, 05-Apr-2021,24.95,26.0,26.1,26.0,26.05,26.05,26.04,32000,8.33,4, 8000, 25.00
SIL, BE, 05-Apr-2021,19.7,20.0,20.0,19.05,19.75,19.75,19.5,24629,4.8,43, -, -
SILGO, EQ, 05-Apr-2021,55.65,57.4,57.9,52.0,53.0,53.15,53.59,96223,51.56,1178, 31690, 32.93
SILINV, EQ, 05-Apr-2021,194.15,195.1,200.9,182.25,183.75,184.3,187.77,4478,8.41,176, 2110, 47.12
SILLYMONKS, BE, 05-Apr-2021,19.6,19.6,20.55,18.65,20.55,20.5,19.82,7599,1.51,36, -, -
SIMBHALS, EQ, 05-Apr-2021,7.45,7.7,7.8,7.5,7.8,7.8,7.71,61817,4.76,170, 47035, 76.09
SIMPLEXINF, EQ, 05-Apr-2021,31.95,31.9,31.9,30.45,30.8,30.95,30.85,124435,38.38,865, 65585, 52.71
SINTERCOM, EQ, 05-Apr-2021,83.5,88.3,88.3,78.25,80.0,80.0,80.05,19221,15.39,61, 18754, 97.57
SINTEX, BE, 05-Apr-2021,3.5,3.55,3.65,3.35,3.65,3.65,3.55,1966429,69.84,982, -, -
SIRCA, BE, 05-Apr-2021,322.1,329.0,337.9,318.0,333.0,335.6,326.9,20297,66.35,269, -, -
SIS, EQ, 05-Apr-2021,404.8,411.0,413.8,400.1,404.0,402.0,405.78,181131,735.0,9216, 115169, 63.58
SITINET, EQ, 05-Apr-2021,0.9,0.9,0.9,0.85,0.9,0.85,0.88,1699619,14.89,924, 1319212, 77.62
SIYSIL, EQ, 05-Apr-2021,190.95,187.25,191.0,182.0,186.5,185.25,185.33,71712,132.9,1177, 40932, 57.08
SJVN, EQ, 05-Apr-2021,26.1,26.1,26.1,25.65,25.85,25.8,25.79,1247324,321.73,4391, 604768, 48.49
SKFINDIA, EQ, 05-Apr-2021,2220.65,2221.0,2236.95,2160.0,2175.0,2177.5,2184.32,16488,360.15,3411, 9644, 58.49
SKIL, BE, 05-Apr-2021,2.55,2.5,2.65,2.5,2.65,2.65,2.59,18829,0.49,47, -, -
SKIPPER, EQ, 05-Apr-2021,61.25,60.6,61.25,59.0,59.35,59.7,60.15,50733,30.51,536, 32876, 64.80
SKMEGGPROD, EQ, 05-Apr-2021,49.45,50.45,50.45,47.1,49.0,48.7,48.37,32237,15.59,394, 16620, 51.56
SMARTLINK, EQ, 05-Apr-2021,84.95,84.8,85.15,82.95,84.4,84.3,83.99,8962,7.53,169, 7936, 88.55
SMCGLOBAL, EQ, 05-Apr-2021,75.75,76.3,76.3,72.1,72.45,72.5,73.47,103736,76.22,1101, 69376, 66.88
SMLISUZU, EQ, 05-Apr-2021,469.7,474.9,474.9,450.0,454.0,455.05,458.16,18908,86.63,914, 11741, 62.10
SMPL, BZ, 05-Apr-2021,0.15,0.15,0.15,0.15,0.15,0.15,0.15,7723,0.01,8, -, -
SMSLIFE, EQ, 05-Apr-2021,503.7,503.65,533.7,470.0,504.4,504.6,491.75,6328,31.12,361, 4158, 65.71
SMSPHARMA, EQ, 05-Apr-2021,124.85,126.9,126.9,123.4,125.0,125.05,124.04,362157,449.22,716, 334013, 92.23
SNOWMAN, EQ, 05-Apr-2021,46.5,46.45,46.45,44.4,45.2,45.05,45.17,1163128,525.34,4607, 572927, 49.26
SOBHA, EQ, 05-Apr-2021,445.6,447.0,447.0,419.45,430.7,431.3,431.02,81380,350.76,6629, 38714, 47.57
SOFTTECH, SM, 05-Apr-2021,103.55,98.4,98.4,98.4,98.4,98.4,98.4,3200,3.15,2, 3200, 100.00
SOLARA, EQ, 05-Apr-2021,1404.2,1410.0,1410.0,1334.3,1339.0,1345.0,1354.67,62753,850.1,4557, 35580, 56.70
SOLARINDS, EQ, 05-Apr-2021,1292.4,1284.0,1292.5,1239.95,1246.95,1247.7,1253.64,11706,146.75,1638, 7263, 62.05
SOLEX, SM, 05-Apr-2021,36.6,38.4,38.4,38.4,38.4,38.4,38.4,8000,3.07,2, 8000, 100.00
SOMANYCERA, EQ, 05-Apr-2021,434.3,434.35,434.6,408.55,412.0,413.45,417.78,31467,131.46,1658, 21648, 68.80
SOMATEX, BE, 05-Apr-2021,5.9,5.9,5.9,5.65,5.65,5.65,5.66,6654,0.38,28, -, -
SOMICONVEY, BE, 05-Apr-2021,30.9,30.9,32.15,30.2,30.3,30.3,30.41,1992,0.61,22, -, -
SONAMCLOCK, SM, 05-Apr-2021,61.75,60.95,61.5,60.95,61.5,61.5,61.23,9000,5.51,3, 0, 0.00
SONATSOFTW, EQ, 05-Apr-2021,525.7,523.55,537.85,513.5,524.5,522.25,525.82,453738,2385.84,14409, 141950, 31.28
SORILINFRA, EQ, 05-Apr-2021,148.35,147.0,151.0,138.6,141.0,141.15,143.93,94631,136.2,2775, 42390, 44.80
SOTL, EQ, 05-Apr-2021,1021.85,1035.0,1049.0,1000.0,1014.95,1012.4,1024.11,18597,190.45,2988, 10187, 54.78
SOUTHBANK, EQ, 05-Apr-2021,8.7,8.65,8.7,8.35,8.45,8.4,8.45,9601232,811.1,100380, 3391245, 35.32
SOUTHWEST, EQ, 05-Apr-2021,52.7,55.3,55.3,50.1,50.2,50.2,50.58,6099,3.09,59, 5216, 85.52
SPAL, EQ, 05-Apr-2021,161.0,162.15,166.95,151.05,154.5,152.45,155.63,41650,64.82,725, 33654, 80.80
SPANDANA, EQ, 05-Apr-2021,618.5,618.0,638.1,602.0,607.0,608.25,620.59,53627,332.81,3903, 26585, 49.57
SPARC, EQ, 05-Apr-2021,152.25,152.0,159.5,147.35,158.3,158.6,155.02,951397,1474.89,13786, 310661, 32.65
SPCENET, BE, 05-Apr-2021,1.8,1.75,1.8,1.75,1.75,1.75,1.78,4850,0.09,8, -, -
SPECIALITY, EQ, 05-Apr-2021,38.2,37.8,37.8,35.25,35.9,35.8,36.49,247596,90.35,1534, 192651, 77.81
SPENCERS, EQ, 05-Apr-2021,72.5,72.0,72.6,70.0,70.5,70.75,71.19,270836,192.82,2593, 137142, 50.64
SPENTEX, BZ, 05-Apr-2021,0.75,0.75,0.75,0.7,0.7,0.7,0.74,67,0.0,3, -, -
SPIC, EQ, 05-Apr-2021,30.15,30.25,31.4,29.5,31.05,31.0,30.54,893397,272.85,4690, 386147, 43.22
SPICEJET, EQ, 05-Apr-2021,72.15,71.0,71.2,68.0,68.6,68.75,68.97,3724725,2568.8,24584, 1637479, 43.96
SPLIL, EQ, 05-Apr-2021,34.5,35.35,35.4,33.0,33.55,33.85,33.84,15381,5.2,252, 9426, 61.28
SPMLINFRA, EQ, 05-Apr-2021,10.0,10.35,10.35,9.55,9.85,9.75,9.67,37611,3.64,135, 29867, 79.41
SPTL, EQ, 05-Apr-2021,3.45,3.5,3.6,3.3,3.45,3.45,3.4,2164823,73.5,2040, 1351419, 62.43
SPYL, EQ, 05-Apr-2021,0.4,0.4,0.4,0.35,0.35,0.4,0.36,704712,2.56,171, 600367, 85.19
SREEL, EQ, 05-Apr-2021,147.6,147.05,149.6,142.35,143.55,143.4,144.44,16428,23.73,508, 9162, 55.77
SREIBNPNCD, N9, 05-Apr-2021,608.0,608.0,700.0,487.0,700.0,700.0,527.54,24,0.13,8, 24, 100.00
SREIBNPNCD, NL, 05-Apr-2021,400.0,400.0,400.0,400.0,400.0,400.0,400.0,80,0.32,1, 80, 100.00
SREIBNPNCD, NO, 05-Apr-2021,350.0,355.0,355.0,355.0,355.0,355.0,355.0,3,0.01,1, 3, 100.00
SREIBNPNCD, NP, 05-Apr-2021,275.1,330.0,330.0,330.0,330.0,330.0,330.0,3,0.01,1, 3, 100.00
SREIBNPNCD, NY, 05-Apr-2021,390.0,390.0,390.0,390.0,390.0,390.0,390.0,61,0.24,2, 61, 100.00
SREIBNPNCD, Y1, 05-Apr-2021,305.0,357.65,357.65,357.65,357.65,357.65,357.65,14,0.05,1, 14, 100.00
SREIBNPNCD, Y2, 05-Apr-2021,320.29,370.0,370.0,369.0,370.0,369.37,369.62,26,0.1,4, 26, 100.00
SREINFRA, EQ, 05-Apr-2021,6.05,6.05,6.45,5.6,5.95,5.9,6.0,4946413,296.87,4123, 1846666, 37.33
SRF, EQ, 05-Apr-2021,5741.35,5770.0,5770.0,5580.0,5655.1,5652.2,5660.97,143188,8105.83,15585, 19850, 13.86
SRHHYPOLTD, EQ, 05-Apr-2021,244.3,245.0,245.35,237.55,242.9,242.4,242.06,9569,23.16,455, 5778, 60.38
SRIPIPES, EQ, 05-Apr-2021,174.05,170.0,174.0,170.0,171.0,171.4,172.18,55584,95.71,800, 36900, 66.39
SRPL, BE, 05-Apr-2021,29.75,29.75,30.95,28.4,28.45,28.45,28.88,336,0.1,6, -, -
SRTRANSFIN, EQ, 05-Apr-2021,1472.7,1464.95,1478.3,1390.55,1421.0,1420.15,1429.84,2173089,31071.63,68054, 476890, 21.95
SRTRANSFIN, Y9, 05-Apr-2021,1083.25,1075.0,1082.0,1075.0,1081.1,1081.1,1078.53,662,7.14,21, 412, 62.24
SRTRANSFIN, YH, 05-Apr-2021,1006.06,1030.0,1030.0,1012.9,1012.9,1017.63,1025.79,92,0.94,5, 91, 98.91
SRTRANSFIN, YI, 05-Apr-2021,1030.0,1021.0,1021.0,1021.0,1021.0,1021.0,1021.0,60,0.61,1, 60, 100.00
SRTRANSFIN, YJ, 05-Apr-2021,1067.0,1066.0,1066.0,1066.0,1066.0,1066.0,1066.0,120,1.28,2, 120, 100.00
SRTRANSFIN, YK, 05-Apr-2021,1080.0,1080.0,1095.0,1080.0,1095.0,1082.37,1081.78,1175,12.71,15, 875, 74.47
SRTRANSFIN, YM, 05-Apr-2021,1274.9,1275.05,1275.05,1274.99,1274.99,1274.99,1275.01,49,0.62,6, 45, 91.84
SRTRANSFIN, YO, 05-Apr-2021,1015.0,1011.1,1012.0,981.0,1001.0,1002.23,1005.1,908,9.13,13, 900, 99.12
SRTRANSFIN, YP, 05-Apr-2021,1030.0,1021.1,1021.1,1021.0,1021.0,1021.0,1021.05,30,0.31,3, 14, 46.67
SRTRANSFIN, YQ, 05-Apr-2021,1044.0,1044.0,1044.0,1044.0,1044.0,1044.0,1044.0,1010,10.54,5, 1010, 100.00
SRTRANSFIN, YR, 05-Apr-2021,1046.1,1050.0,1050.0,1050.0,1050.0,1050.0,1050.0,80,0.84,23, 80, 100.00
SRTRANSFIN, YU, 05-Apr-2021,1240.0,1240.0,1244.11,1240.0,1244.11,1244.11,1240.37,110,1.36,2, 110, 100.00
SRTRANSFIN, YV, 05-Apr-2021,1015.5,1015.0,1015.99,1000.01,1015.99,1015.99,1007.41,352,3.55,8, 252, 71.59
SRTRANSFIN, YW, 05-Apr-2021,1030.0,1060.9,1060.9,1060.9,1060.9,1060.9,1060.9,50,0.53,1, 50, 100.00
SRTRANSFIN, YX, 05-Apr-2021,1025.0,1011.0,1025.0,977.3,1024.97,1024.09,1007.51,350,3.53,14, 200, 57.14
SRTRANSFIN, YY, 05-Apr-2021,1040.98,1018.0,1040.0,1018.0,1040.0,1040.0,1022.42,137,1.4,7, 137, 100.00
SRTRANSFIN, Z2, 05-Apr-2021,1223.15,1223.15,1223.15,1223.15,1223.15,1223.15,1223.15,1,0.01,1, 1, 100.00
SRTRANSFIN, Z4, 05-Apr-2021,1026.0,1000.25,1000.25,1000.25,1000.25,1000.25,1000.25,60,0.6,2, 60, 100.00
SRTRANSFIN, Z8, 05-Apr-2021,1065.0,1070.0,1070.0,1070.0,1070.0,1070.0,1070.0,15,0.16,1, 15, 100.00
SRTRANSFIN, ZB, 05-Apr-2021,1150.0,1150.0,1150.0,1150.0,1150.0,1150.0,1150.0,100,1.15,1, 100, 100.00
SRTRANSFIN, ZG, 05-Apr-2021,1011.06,1012.0,1012.0,1012.0,1012.0,1012.0,1012.0,15,0.15,1, 15, 100.00
SSINFRA, SM, 05-Apr-2021,9.7,9.3,9.4,9.25,9.4,9.4,9.3,12000,1.12,4, 9000, 75.00
SSWL, EQ, 05-Apr-2021,720.15,723.8,725.0,678.3,724.0,723.55,707.62,57718,408.42,3658, 25040, 43.38
STAMPEDE, BE, 05-Apr-2021,0.75,0.75,0.75,0.7,0.75,0.75,0.75,357691,2.68,43, -, -
STAR, EQ, 05-Apr-2021,850.2,847.0,853.7,824.05,838.9,836.85,838.11,292979,2455.5,10050, 85476, 29.17
STARCEMENT, EQ, 05-Apr-2021,99.05,98.1,99.0,94.35,96.75,96.75,96.16,288984,277.9,2920, 173303, 59.97
STARPAPER, EQ, 05-Apr-2021,123.7,121.2,121.65,118.1,119.05,119.15,119.37,59388,70.89,1010, 30794, 51.85
STCINDIA, EQ, 05-Apr-2021,78.1,78.55,81.3,77.5,80.4,79.3,79.4,47766,37.93,721, 22942, 48.03
STEELCITY, EQ, 05-Apr-2021,37.1,37.2,37.8,36.55,36.95,36.8,37.04,20990,7.78,187, 16266, 77.49
STEELXIND, EQ, 05-Apr-2021,66.7,67.0,67.35,62.35,65.1,65.35,64.83,213305,138.28,2068, 88695, 41.58
STEL, BE, 05-Apr-2021,83.3,83.15,83.15,80.35,81.0,81.0,81.14,2421,1.96,31, -, -
STERTOOLS, EQ, 05-Apr-2021,197.7,199.7,203.8,184.0,187.25,189.85,189.44,33734,63.9,1246, 17408, 51.60
STINDIA, BZ, 05-Apr-2021,3.05,3.05,3.05,3.05,3.05,3.05,3.05,99,0.0,1, -, -
STLTECH, EQ, 05-Apr-2021,206.65,203.05,210.95,201.05,207.75,207.0,206.37,545439,1125.63,27933, 309905, 56.82
STOVEKRAFT, EQ, 05-Apr-2021,479.75,481.0,490.0,455.4,481.8,482.05,474.13,177166,840.0,8316, 72250, 40.78
SUBCAPCITY, BE, 05-Apr-2021,16.6,16.6,16.6,16.0,16.0,16.0,16.18,10,0.0,4, -, -
SUBEXLTD, EQ, 05-Apr-2021,37.0,36.95,37.15,35.0,36.25,36.05,35.9,5140187,1845.11,15172, 2120146, 41.25
SUBROS, EQ, 05-Apr-2021,325.05,326.0,326.0,314.1,325.45,321.3,320.71,28093,90.1,1616, 13399, 47.70
SUDARSCHEM, EQ, 05-Apr-2021,523.15,523.0,525.75,510.3,515.6,515.25,516.05,48155,248.5,2811, 21409, 44.46
SUMEETINDS, BE, 05-Apr-2021,4.9,5.1,5.1,5.1,5.1,5.1,5.1,57944,2.96,52, -, -
SUMICHEM, EQ, 05-Apr-2021,288.45,288.3,288.3,280.3,282.0,282.05,283.61,252144,715.1,4717, 140445, 55.70
SUMIT, EQ, 05-Apr-2021,10.5,10.95,11.0,9.7,10.35,10.35,10.42,104625,10.9,247, 41881, 40.03
SUMMITSEC, EQ, 05-Apr-2021,540.0,520.65,547.0,520.65,533.3,528.75,527.33,3742,19.73,633, 1203, 32.15
SUNCLAYLTD, EQ, 05-Apr-2021,3060.4,3135.0,3135.0,3062.0,3100.0,3099.9,3092.69,2302,71.19,317, 1854, 80.54
SUNDARAM, EQ, 05-Apr-2021,1.25,1.25,1.3,1.25,1.3,1.3,1.27,128835,1.63,131, 102354, 79.45
SUNDARMFIN, EQ, 05-Apr-2021,2619.1,2630.0,2630.0,2561.0,2570.1,2577.7,2579.19,10570,272.62,2591, 6390, 60.45
SUNDARMHLD, EQ, 05-Apr-2021,77.55,79.85,82.9,76.75,78.0,78.0,78.95,86726,68.47,1019, 57092, 65.83
SUNDRMBRAK, EQ, 05-Apr-2021,348.5,336.6,356.0,336.6,345.0,347.0,348.52,2215,7.72,156, 1690, 76.30
SUNDRMFAST, EQ, 05-Apr-2021,798.2,806.9,806.9,754.0,762.0,761.35,772.13,102141,788.67,7270, 53506, 52.38
SUNFLAG, EQ, 05-Apr-2021,67.95,67.35,69.35,63.2,65.3,65.55,65.77,1248790,821.31,8704, 485485, 38.88
SUNPHARMA, EQ, 05-Apr-2021,610.75,611.7,611.95,592.75,608.6,608.8,604.83,5353987,32382.75,82282, 1340206, 25.03
SUNTECK, EQ, 05-Apr-2021,281.25,281.7,282.35,270.1,275.65,275.65,276.33,195885,541.29,11157, 82084, 41.90
SUNTV, EQ, 05-Apr-2021,478.35,479.0,479.0,460.25,471.4,469.15,468.1,1347258,6306.49,23444, 367753, 27.30
SUPERHOUSE, EQ, 05-Apr-2021,126.0,124.3,125.0,122.05,122.65,123.4,123.49,3911,4.83,121, 2658, 67.96
SUPERSPIN, EQ, 05-Apr-2021,4.25,4.45,4.45,4.05,4.45,4.35,4.37,94601,4.14,129, 64447, 68.13
SUPPETRO, EQ, 05-Apr-2021,422.0,429.0,429.0,412.75,420.05,423.75,420.7,41574,174.9,1117, 28926, 69.58
SUPRAJIT, EQ, 05-Apr-2021,289.8,291.7,291.7,279.95,284.0,283.75,284.3,85757,243.81,3880, 40483, 47.21
SUPREMEENG, EQ, 05-Apr-2021,27.5,26.75,28.1,26.15,27.7,26.6,26.64,3799,1.01,33, 2117, 55.73
SUPREMEIND, EQ, 05-Apr-2021,2020.8,2010.7,2022.0,1975.0,2017.65,2009.05,1994.48,22228,443.33,3564, 8029, 36.12
SUPREMEINF, BZ, 05-Apr-2021,14.2,14.0,14.9,14.0,14.9,14.8,14.62,8038,1.17,8, -, -
SURANASOL, BE, 05-Apr-2021,9.15,9.3,9.5,8.7,8.9,8.8,8.94,30484,2.73,142, -, -
SURANAT&P, EQ, 05-Apr-2021,4.25,4.3,4.3,4.1,4.15,4.1,4.14,36105,1.5,109, 21655, 59.98
SURANI, SM, 05-Apr-2021,19.1,18.15,18.15,18.15,18.15,18.15,18.15,2000,0.36,1, 2000, 100.00
SURYALAXMI, EQ, 05-Apr-2021,30.95,31.6,32.45,30.45,30.65,30.7,31.67,8914,2.82,65, 6918, 77.61
SURYAROSNI, EQ, 05-Apr-2021,357.75,355.0,360.0,343.5,352.2,352.5,352.97,124182,438.32,6816, 51271, 41.29
SURYODAY, EQ, 05-Apr-2021,273.35,273.0,273.95,263.1,265.0,264.85,266.27,152689,406.57,4860, 80184, 52.51
SUTLEJTEX, EQ, 05-Apr-2021,41.15,42.0,42.0,39.65,41.2,40.8,40.6,41458,16.83,442, 21790, 52.56
SUULD, BE, 05-Apr-2021,198.9,202.9,205.0,195.5,198.75,198.75,196.14,21518,42.21,92, -, -
SUVEN, EQ, 05-Apr-2021,74.55,74.2,82.0,74.2,80.25,80.45,79.62,1785896,1421.89,11625, 720884, 40.37
SUVENPHAR, EQ, 05-Apr-2021,491.1,491.0,491.0,475.05,475.5,477.6,481.34,134741,648.56,4120, 91536, 67.93
SUVIDHAA, BE, 05-Apr-2021,99.6,94.65,94.65,94.65,94.65,94.65,94.65,1036,0.98,27, -, -
SUZLON, EQ, 05-Apr-2021,5.1,5.1,5.1,4.85,5.0,4.95,4.94,20314684,1002.76,14620, 11069519, 54.49
SWANENERGY, EQ, 05-Apr-2021,137.05,136.75,138.25,133.1,135.1,136.9,134.96,131475,177.44,4142, 3725, 2.83
SWARAJENG, EQ, 05-Apr-2021,1327.1,1343.0,1343.0,1308.0,1313.0,1313.75,1319.43,5629,74.27,737, 2780, 49.39
SWELECTES, EQ, 05-Apr-2021,204.55,204.2,204.3,197.1,199.55,199.8,200.35,9621,19.28,333, 7893, 82.04
SWSOLAR, EQ, 05-Apr-2021,279.35,274.25,287.05,270.6,279.6,282.1,279.55,2341394,6545.37,25904, 861981, 36.81
SYMPHONY, EQ, 05-Apr-2021,1293.95,1296.9,1319.8,1256.5,1277.0,1275.6,1282.45,53487,685.94,4417, 21041, 39.34
SYNCOM, BZ, 05-Apr-2021,2.35,2.45,2.45,2.25,2.35,2.3,2.33,50241,1.17,158, -, -
SYNGENE, EQ, 05-Apr-2021,557.95,562.8,569.4,548.05,563.9,564.95,560.95,471277,2643.61,15120, 212298, 45.05
TAINWALCHM, EQ, 05-Apr-2021,60.55,61.3,61.5,57.15,57.15,58.25,59.35,13493,8.01,461, 5544, 41.09
TAJGVK, EQ, 05-Apr-2021,113.3,110.25,112.9,109.1,111.35,111.3,110.4,66499,73.41,1534, 29521, 44.39
TAKE, EQ, 05-Apr-2021,52.85,52.0,52.25,49.65,50.6,50.4,50.79,2299340,1167.89,10891, 850038, 36.97
TALBROAUTO, EQ, 05-Apr-2021,207.45,207.45,221.2,202.25,214.0,213.45,210.9,61591,129.89,1743, 24583, 39.91
TANLA, EQ, 05-Apr-2021,854.25,868.0,896.95,845.0,896.95,896.95,890.24,523022,4656.18,9448, 261542, 50.01
TANTIACONS, BZ, 05-Apr-2021,2.7,2.8,2.8,2.8,2.8,2.8,2.8,400,0.01,1, -, -
TARAPUR, BE, 05-Apr-2021,3.5,3.6,3.6,3.5,3.55,3.55,3.54,6693,0.24,24, -, -
TARC, EQ, 05-Apr-2021,30.45,30.2,30.8,28.9,29.9,29.4,29.64,285432,84.61,1694, 168105, 58.89
TARMAT, EQ, 05-Apr-2021,47.05,47.0,48.85,46.65,48.8,48.05,47.68,22679,10.81,282, 13270, 58.51
TASTYBITE, EQ, 05-Apr-2021,14416.45,14599.0,14599.0,13952.5,14257.05,14339.45,14239.16,1765,251.32,881, 819, 46.40
TATACAPHSG, N1, 05-Apr-2021,1000.0,876.2,1200.0,876.2,1200.0,1200.0,1038.1,20,0.21,2, 0, 0.00
TATACAPHSG, N2, 05-Apr-2021,1035.0,1059.0,1059.29,1040.0,1040.0,1040.0,1046.38,150,1.57,5, 150, 100.00
TATACAPHSG, N4, 05-Apr-2021,1045.0,1042.0,1060.0,1035.35,1035.35,1035.35,1042.22,225,2.34,7, 215, 95.56
TATACAPHSG, NA, 05-Apr-2021,1085.0,1075.0,1085.0,1075.0,1084.0,1084.0,1083.09,127,1.38,4, 114, 89.76
TATACHEM, EQ, 05-Apr-2021,779.1,779.9,788.0,748.5,763.0,761.75,763.65,5260782,40173.83,96710, 736166, 13.99
TATACOFFEE, EQ, 05-Apr-2021,122.85,122.85,122.85,117.5,121.05,121.1,120.28,1735840,2087.8,10813, 308323, 17.76
TATACOMM, EQ, 05-Apr-2021,1122.9,1119.0,1132.85,1080.2,1116.0,1112.55,1100.94,1166565,12843.13,16905, 875535, 75.05
TATACONSUM, EQ, 05-Apr-2021,650.15,651.95,651.95,639.2,641.9,644.95,645.41,3568896,23033.88,58587, 1284735, 36.00
TATAELXSI, EQ, 05-Apr-2021,2772.0,2780.0,2872.0,2755.0,2858.0,2855.8,2815.99,862892,24298.92,60050, 204731, 23.73
TATAINVEST, EQ, 05-Apr-2021,1034.45,1043.0,1043.0,1001.65,1023.0,1025.25,1020.2,19208,195.96,1772, 10166, 52.93
TATAMETALI, EQ, 05-Apr-2021,843.8,836.1,851.25,813.35,841.0,838.55,831.32,500769,4162.98,15387, 120201, 24.00
TATAMOTORS, EQ, 05-Apr-2021,307.75,306.8,311.7,297.2,305.5,305.05,304.12,66178755,201261.69,346981, 5081702, 7.68
TATAMTRDVR, EQ, 05-Apr-2021,131.45,131.0,133.4,126.75,131.9,131.15,130.7,2458671,3213.6,16760, 1077667, 43.83
TATAPOWER, EQ, 05-Apr-2021,105.05,105.0,105.5,100.45,103.5,103.35,102.87,48340372,49727.58,138042, 6376644, 13.19
TATASTEEL, EQ, 05-Apr-2021,863.05,862.0,877.85,837.15,867.3,867.75,859.01,30575986,262649.95,380909, 2172668, 7.11
TATASTLBSL, EQ, 05-Apr-2021,55.45,55.45,56.65,53.65,55.75,55.7,55.09,18888011,10405.88,38406, 4717687, 24.98
TATASTLLP, EQ, 05-Apr-2021,755.3,765.0,776.95,725.0,731.9,736.8,746.13,139986,1044.48,5431, 77257, 55.19
TBZ, EQ, 05-Apr-2021,65.85,65.7,65.7,62.95,64.75,64.55,64.12,86544,55.49,1648, 47263, 54.61
TCFSL, NB, 05-Apr-2021,1052.02,1052.0,1053.0,1050.5,1053.0,1053.0,1052.06,1005,10.57,11, 805, 80.10
TCFSL, ND, 05-Apr-2021,1105.08,1104.0,1105.0,1100.0,1102.0,1101.99,1101.83,1267,13.96,46, 1147, 90.53
TCFSL, NF, 05-Apr-2021,1190.0,1173.0,1230.0,1173.0,1176.0,1211.84,1210.07,769,9.31,13, 635, 82.57
TCFSL, NH, 05-Apr-2021,1056.66,1065.0,1065.5,1065.0,1065.0,1065.0,1065.17,861,9.17,10, 761, 88.39
TCFSL, NJ, 05-Apr-2021,1087.06,1082.0,1082.0,1080.0,1080.0,1080.0,1081.43,35,0.38,2, 35, 100.00
TCFSL, NL, 05-Apr-2021,1138.01,1130.01,1135.0,1130.0,1132.05,1132.05,1130.26,510,5.76,22, 500, 98.04
TCI, EQ, 05-Apr-2021,264.45,267.8,267.8,255.0,258.5,258.0,258.6,36226,93.68,1770, 18091, 49.94
TCIDEVELOP, EQ, 05-Apr-2021,309.95,307.95,311.25,295.25,299.0,300.05,300.5,1128,3.39,178, 578, 51.24
TCIEXP, EQ, 05-Apr-2021,933.75,947.9,947.9,904.6,908.0,910.0,924.23,18755,173.34,2849, 6596, 35.17
TCIFINANCE, EQ, 05-Apr-2021,4.85,5.05,5.05,5.05,5.05,5.05,5.05,4091,0.21,9, 4091, 100.00
TCNSBRANDS, EQ, 05-Apr-2021,519.9,517.0,540.0,495.0,497.95,498.85,507.64,156863,796.29,6081, 125937, 80.28
TCPLPACK, EQ, 05-Apr-2021,432.55,426.0,430.0,412.0,420.95,420.0,423.34,10693,45.27,763, 6011, 56.21
TCS, EQ, 05-Apr-2021,3165.0,3171.0,3263.0,3151.0,3241.0,3238.9,3206.75,5317862,170530.51,229667, 2518855, 47.37
TDPOWERSYS, EQ, 05-Apr-2021,155.45,157.95,158.0,151.35,152.55,152.8,152.79,12346,18.86,256, 8594, 69.61
TEAMLEASE, EQ, 05-Apr-2021,3772.6,3800.0,3824.95,3625.15,3669.15,3680.4,3714.89,12623,468.93,4166, 6694, 53.03
TECHM, EQ, 05-Apr-2021,992.15,992.0,1007.2,978.2,998.6,997.7,996.23,5118272,50989.79,110183, 2384209, 46.58
TECHNOE, EQ, 05-Apr-2021,316.1,312.0,324.0,299.6,315.0,318.3,313.03,88372,276.63,3533, 50239, 56.85
TECHNOFAB, BZ, 05-Apr-2021,7.05,7.05,7.05,6.7,7.05,7.05,6.77,4803,0.33,25, -, -
TEJASNET, EQ, 05-Apr-2021,166.85,170.9,175.15,168.0,175.15,175.15,173.25,565928,980.49,5179, 238061, 42.07
TEMBO, SM, 05-Apr-2021,99.0,93.0,97.5,93.0,97.5,97.5,96.0,6000,5.76,2, 6000, 100.00
TERASOFT, EQ, 05-Apr-2021,39.55,40.0,40.9,37.6,38.95,38.05,38.2,39087,14.93,366, 18562, 47.49
TEXINFRA, EQ, 05-Apr-2021,70.7,71.65,75.0,70.5,73.9,73.7,72.08,70832,51.06,498, 57757, 81.54
TEXMOPIPES, EQ, 05-Apr-2021,25.45,25.0,25.25,24.55,25.25,25.1,24.93,110932,27.65,729, 65428, 58.98
TEXRAIL, EQ, 05-Apr-2021,27.5,27.4,27.45,26.65,26.95,27.0,26.98,398454,107.51,1912, 181271, 45.49
TFCILTD, EQ, 05-Apr-2021,62.8,62.0,62.0,58.55,60.5,60.15,60.09,235504,141.52,2072, 121861, 51.74
TGBHOTELS, EQ, 05-Apr-2021,4.4,4.4,4.55,4.25,4.35,4.35,4.43,6242,0.28,53, 4766, 76.35
THANGAMAYL, EQ, 05-Apr-2021,594.7,590.0,600.0,579.05,600.0,595.15,590.14,14819,87.45,867, 8623, 58.19
THEINVEST, EQ, 05-Apr-2021,90.7,95.5,95.5,89.5,89.85,90.0,90.39,3431,3.1,142, 2451, 71.44
THEJO, SM, 05-Apr-2021,1257.55,1257.0,1257.0,1166.0,1200.0,1200.0,1186.85,600,7.12,6, 500, 83.33
THEMISMED, EQ, 05-Apr-2021,297.9,294.75,304.0,294.75,303.95,301.4,299.7,4869,14.59,199, 3794, 77.92
THERMAX, EQ, 05-Apr-2021,1326.6,1326.55,1339.75,1271.8,1290.0,1291.0,1302.07,32625,424.8,4427, 12833, 39.33
THOMASCOOK, EQ, 05-Apr-2021,49.2,50.2,50.2,46.75,47.2,47.4,47.39,469965,222.72,2939, 262151, 55.78
THOMASCOTT, BE, 05-Apr-2021,7.75,7.4,7.4,7.4,7.4,7.4,7.4,50,0.0,1, -, -
THYROCARE, EQ, 05-Apr-2021,945.4,946.0,1036.0,946.0,1017.9,1015.55,999.7,1678040,16775.31,78697, 379556, 22.62
TI, EQ, 05-Apr-2021,30.9,31.0,36.3,31.0,35.55,35.45,34.13,2042231,697.08,6608, 1053223, 51.57
TIDEWATER, EQ, 05-Apr-2021,4389.95,4389.05,4400.0,4331.0,4400.0,4390.9,4378.38,1616,70.75,496, 776, 48.02
TIIL, EQ, 05-Apr-2021,393.95,393.05,396.4,383.85,389.95,392.75,390.03,12193,47.56,634, 7439, 61.01
TIINDIA, EQ, 05-Apr-2021,1198.35,1200.1,1200.1,1131.7,1150.0,1158.95,1153.8,64430,743.4,3810, 49665, 77.08
TIJARIA, BE, 05-Apr-2021,6.75,6.95,6.95,6.45,6.75,6.75,6.62,1927,0.13,20, -, -
TIL, EQ, 05-Apr-2021,162.5,159.0,162.6,158.35,159.2,159.6,159.79,2591,4.14,123, 1858, 71.71
TIMESGTY, EQ, 05-Apr-2021,25.0,25.0,25.9,24.0,25.2,25.25,24.75,1871,0.46,32, 1685, 90.06
TIMETECHNO, EQ, 05-Apr-2021,61.9,62.5,66.7,60.65,65.5,65.35,64.37,2702816,1739.72,17231, 947407, 35.05
TIMKEN, EQ, 05-Apr-2021,1311.5,1337.0,1337.0,1282.1,1300.0,1299.95,1299.95,120972,1572.57,2524, 113825, 94.09
TINPLATE, EQ, 05-Apr-2021,168.45,170.1,172.8,165.15,168.5,168.35,169.12,621452,1050.97,11451, 221845, 35.70
TIPSINDLTD, BE, 05-Apr-2021,496.05,490.05,517.95,480.0,515.0,514.5,505.26,4150,20.97,95, -, -
TIRUMALCHM, EQ, 05-Apr-2021,89.1,89.8,89.8,86.35,87.2,87.45,87.5,261287,228.63,3082, 121158, 46.37
TIRUPATIFL, BE, 05-Apr-2021,25.0,25.0,25.0,25.0,25.0,25.0,25.0,100,0.03,1, -, -
TITAN, EQ, 05-Apr-2021,1559.35,1541.1,1559.0,1500.0,1539.0,1535.0,1528.24,1376233,21032.21,58703, 366462, 26.63
TMRVL, EQ, 05-Apr-2021,12.7,12.7,13.2,12.3,12.4,12.5,12.65,49627,6.28,318, 29355, 59.15
TNPETRO, EQ, 05-Apr-2021,52.75,53.0,53.5,50.55,50.7,50.75,51.36,776979,399.03,5306, 401220, 51.64
TNPL, EQ, 05-Apr-2021,154.0,153.0,153.85,144.25,149.25,149.3,148.5,339781,504.59,7801, 183319, 53.95
TNTELE, BE, 05-Apr-2021,4.85,4.95,5.0,4.65,5.0,5.0,4.81,14962,0.72,36, -, -
TOKYOPLAST, EQ, 05-Apr-2021,70.05,70.6,71.35,69.0,70.0,70.0,70.02,1774,1.24,55, 1065, 60.03
TORNTPHARM, EQ, 05-Apr-2021,2548.25,2560.0,2560.0,2493.05,2525.05,2521.55,2521.25,174977,4411.61,13522, 79723, 45.56
TORNTPOWER, EQ, 05-Apr-2021,427.55,425.0,425.6,414.45,416.95,416.1,417.82,742898,3103.95,8905, 345394, 46.49
TOTAL, EQ, 05-Apr-2021,43.6,43.65,44.9,42.2,43.35,43.45,42.96,13063,5.61,108, 9390, 71.88
TOUCHWOOD, BE, 05-Apr-2021,119.8,119.0,119.0,113.85,119.0,119.0,114.96,1276,1.47,28, -, -
TPLPLASTEH, EQ, 05-Apr-2021,154.6,157.7,157.7,151.6,153.1,153.6,153.78,4272,6.57,143, 3212, 75.19
TREEHOUSE, EQ, 05-Apr-2021,7.85,7.85,8.6,7.2,8.6,8.6,8.15,147339,12.0,544, 93578, 63.51
TREJHARA, EQ, 05-Apr-2021,30.95,32.4,32.4,30.3,31.5,31.35,31.7,28483,9.03,273, 9251, 32.48
TRENT, EQ, 05-Apr-2021,750.85,747.0,748.75,721.4,726.25,729.45,728.21,738836,5380.28,24631, 387457, 52.44
TRF, EQ, 05-Apr-2021,88.8,88.8,89.0,83.2,88.95,87.0,85.59,18880,16.16,438, 13507, 71.54
TRIDENT, EQ, 05-Apr-2021,14.2,14.15,14.15,13.75,14.0,14.0,13.93,8655751,1205.99,18658, 5083773, 58.73
TRIGYN, EQ, 05-Apr-2021,68.25,69.85,73.9,67.7,71.6,71.45,71.12,201424,143.25,1751, 109674, 54.45
TRIL, EQ, 05-Apr-2021,17.3,17.4,17.85,16.5,16.8,16.9,17.06,172158,29.37,611, 99900, 58.03
TRITURBINE, EQ, 05-Apr-2021,101.75,100.0,101.15,97.5,100.5,100.5,99.9,156440,156.29,2071, 85309, 54.53
TRIVENI, EQ, 05-Apr-2021,85.25,86.15,86.35,80.1,81.7,81.4,82.63,499331,412.61,3875, 258570, 51.78
TTKHLTCARE, EQ, 05-Apr-2021,497.25,497.5,500.0,484.95,500.0,497.35,493.32,3120,15.39,256, 1910, 61.22
TTKPRESTIG, EQ, 05-Apr-2021,7282.7,7282.0,7348.8,7115.0,7272.1,7294.15,7245.29,5054,366.18,1799, 2302, 45.55
TTL, EQ, 05-Apr-2021,46.7,46.95,48.5,45.45,46.5,46.75,47.12,13575,6.4,321, 4009, 29.53
TTML, BE, 05-Apr-2021,14.05,14.05,14.05,13.35,13.5,13.45,13.5,1328358,179.38,3965, -, -
TV18BRDCST, EQ, 05-Apr-2021,29.2,29.25,29.25,28.1,28.5,28.3,28.44,7130856,2028.31,9764, 3013864, 42.27
TVSELECT, BE, 05-Apr-2021,134.15,137.95,138.8,132.1,137.0,137.0,136.26,35114,47.85,524, -, -
TVSMOTOR, EQ, 05-Apr-2021,589.2,590.6,593.05,568.5,588.4,584.25,580.61,1782479,10349.29,31609, 427318, 23.97
TVSSRICHAK, EQ, 05-Apr-2021,1798.0,1799.95,1825.0,1775.0,1781.25,1789.9,1793.84,8198,147.06,1515, 3819, 46.58
TVTODAY, EQ, 05-Apr-2021,270.45,271.7,294.1,268.1,279.9,279.35,280.41,160121,448.99,4002, 58128, 36.30
TVVISION, EQ, 05-Apr-2021,2.6,2.7,2.7,2.7,2.7,2.7,2.7,9524,0.26,10, 9524, 100.00
TWL, EQ, 05-Apr-2021,47.05,46.9,49.7,46.35,48.6,48.6,47.52,542452,257.75,5016, 255401, 47.08
UBL, EQ, 05-Apr-2021,1242.15,1235.0,1238.0,1136.65,1152.0,1150.05,1157.61,1385265,16036.01,53575, 387807, 28.00
UCALFUEL, EQ, 05-Apr-2021,146.4,147.6,147.6,140.25,142.35,142.15,143.3,49315,70.67,1897, 17463, 35.41
UCOBANK, EQ, 05-Apr-2021,11.45,11.45,11.5,11.0,11.25,11.2,11.18,6314462,706.04,16375, 3095420, 49.02
UFLEX, EQ, 05-Apr-2021,387.6,387.0,387.0,375.3,380.5,380.25,379.7,71732,272.37,3245, 37440, 52.19
UFO, EQ, 05-Apr-2021,73.7,73.4,73.4,70.5,71.9,71.4,71.5,111390,79.65,1338, 70012, 62.85
UGARSUGAR, EQ, 05-Apr-2021,17.3,17.3,17.4,16.55,16.8,16.75,16.82,88693,14.92,410, 60622, 68.35
UJAAS, BE, 05-Apr-2021,2.55,2.55,2.65,2.5,2.65,2.65,2.59,682635,17.71,605, -, -
UJJIVAN, EQ, 05-Apr-2021,223.55,225.45,225.5,208.85,213.85,214.6,213.88,1091705,2334.96,13833, 454401, 41.62
UJJIVANSFB, EQ, 05-Apr-2021,31.9,31.85,31.9,30.5,31.1,31.05,31.06,1788772,555.56,8180, 909873, 50.87
ULTRACEMCO, EQ, 05-Apr-2021,6898.85,6895.0,6994.0,6735.0,6816.5,6795.8,6834.91,540954,36973.73,43412, 157184, 29.06
UMANGDAIRY, EQ, 05-Apr-2021,58.8,59.1,60.0,56.7,57.0,57.15,57.74,23594,13.62,421, 12574, 53.29
UMESLTD, BE, 05-Apr-2021,3.55,3.45,3.7,3.4,3.6,3.4,3.44,25479,0.88,73, -, -
UNICHEMLAB, EQ, 05-Apr-2021,314.2,318.9,320.0,304.05,309.0,310.05,311.62,30375,94.66,1288, 16343, 53.80
UNIDT, EQ, 05-Apr-2021,277.5,303.5,333.0,303.5,333.0,333.0,326.38,135248,441.42,3205, 66696, 49.31
UNIENTER, EQ, 05-Apr-2021,85.55,85.05,86.65,83.3,84.85,84.85,84.9,16517,14.02,453, 7883, 47.73
UNIONBANK, EQ, 05-Apr-2021,34.9,34.9,34.9,33.6,34.05,34.05,34.05,5372465,1829.23,10553, 1578780, 29.39
UNIPLY, BZ, 05-Apr-2021,4.0,3.8,4.0,3.8,3.8,3.8,3.81,140785,5.36,123, -, -
UNITECH, BZ, 05-Apr-2021,1.7,1.7,1.7,1.65,1.65,1.65,1.65,2332991,38.57,750, -, -
UNITEDTEA, EQ, 05-Apr-2021,300.65,300.0,303.2,296.05,301.95,301.7,298.69,790,2.36,52, 270, 34.18
UNITY, BZ, 05-Apr-2021,0.85,0.9,0.9,0.8,0.85,0.85,0.85,3067,0.03,24, -, -
UNIVASTU, BE, 05-Apr-2021,37.8,37.8,39.5,37.8,39.5,39.0,38.46,14565,5.6,61, -, -
UNIVCABLES, EQ, 05-Apr-2021,139.0,142.0,142.0,134.55,135.75,136.1,136.25,19106,26.03,490, 12738, 66.67
UNIVPHOTO, EQ, 05-Apr-2021,167.85,167.05,179.4,165.35,177.9,169.1,167.97,2610,4.38,103, 1662, 63.68
UPL, EQ, 05-Apr-2021,653.6,650.0,664.75,631.6,646.0,646.25,646.93,9077724,58726.38,115052, 1506504, 16.60
URJA, BE, 05-Apr-2021,6.6,6.6,6.85,6.3,6.5,6.5,6.42,1305937,83.82,5234, -, -
URJAPP, X1, 05-Apr-2021,2.0,2.0,2.1,1.9,2.1,2.0,2.02,75953,1.53,89, 75953, 100.00
USHAMART, EQ, 05-Apr-2021,36.55,36.55,37.9,34.75,37.1,36.85,36.46,3522298,1284.29,10249, 1271037, 36.09
UTIAMC, EQ, 05-Apr-2021,572.8,571.5,572.0,560.15,572.0,567.5,564.93,90947,513.79,9279, 41419, 45.54
UTIBANKETF, EQ, 05-Apr-2021,33.97,33.3,33.66,32.34,32.9,32.89,32.72,105196,34.42,436, 96504, 91.74
UTINEXT50, EQ, 05-Apr-2021,36.22,36.95,37.0,35.02,35.9,36.5,35.88,13255,4.76,290, 7612, 57.43
UTINIFTETF, EQ, 05-Apr-2021,1561.4,1592.65,1592.65,1513.0,1531.85,1531.18,1525.75,1165,17.77,139, 1112, 95.45
UTISENSETF, EQ, 05-Apr-2021,522.81,533.3,539.0,500.05,514.9,514.34,513.37,2754,14.14,256, 1909, 69.32
UTISXN50, EQ, 05-Apr-2021,40.5,39.62,41.0,38.8,39.5,39.49,39.63,822,0.33,71, 714, 86.86
UTTAMSTL, BE, 05-Apr-2021,7.3,7.05,7.5,7.0,7.1,7.1,7.09,166372,11.8,203, -, -
UTTAMSUGAR, EQ, 05-Apr-2021,91.4,91.4,91.4,88.0,89.7,89.55,89.52,29536,26.44,585, 13294, 45.01
V2RETAIL, EQ, 05-Apr-2021,132.1,138.7,138.7,130.65,136.2,137.1,135.71,116703,158.38,1373, 73169, 62.70
VADILALIND, EQ, 05-Apr-2021,912.5,920.0,920.0,898.0,908.0,907.75,905.16,7291,65.99,744, 4664, 63.97
VAIBHAVGBL, EQ, 05-Apr-2021,4006.95,4091.1,4091.1,3857.9,4018.1,4020.3,3977.75,31698,1260.87,7285, 12499, 39.43
VAISHALI, BE, 05-Apr-2021,33.7,33.7,35.0,32.7,33.95,33.9,33.96,12467,4.23,176, -, -
VAKRANGEE, EQ, 05-Apr-2021,58.3,59.0,60.4,57.65,60.25,59.9,59.37,3507319,2082.32,7631, 1988274, 56.69
VALIANTORG, EQ, 05-Apr-2021,1292.9,1290.0,1299.85,1240.0,1250.5,1256.4,1258.82,24062,302.9,2505, 12540, 52.12
VARDHACRLC, EQ, 05-Apr-2021,37.15,37.15,38.0,36.3,36.7,36.75,36.72,8478,3.11,117, 5836, 68.84
VARDMNPOLY, EQ, 05-Apr-2021,17.1,17.0,17.0,16.25,16.25,16.25,16.37,32668,5.35,220, 20511, 62.79
VARROC, EQ, 05-Apr-2021,378.3,376.3,383.75,370.0,378.05,379.05,377.33,88551,334.13,6761, 41824, 47.23
VASCONEQ, EQ, 05-Apr-2021,18.55,18.5,18.5,17.4,17.7,17.85,17.92,215854,38.67,741, 126046, 58.39
VASWANI, EQ, 05-Apr-2021,9.6,9.3,9.6,9.15,9.2,9.25,9.23,21382,1.97,88, 12344, 57.73
VBL, EQ, 05-Apr-2021,1009.0,1009.0,1009.75,971.0,979.0,975.45,985.81,122155,1204.21,6773, 65174, 53.35
VCL, SM, 05-Apr-2021,43.95,44.0,44.0,43.5,43.95,43.95,43.74,24000,10.5,4, 18000, 75.00
VEDL, EQ, 05-Apr-2021,231.25,230.55,232.9,229.0,231.45,231.75,230.91,14527112,33544.84,32761, 6771170, 46.61
VENKEYS, EQ, 05-Apr-2021,1566.85,1560.0,1586.5,1542.2,1555.25,1565.45,1567.52,64107,1004.89,5494, 16703, 26.05
VENUSREM, EQ, 05-Apr-2021,284.95,289.85,299.15,272.35,299.0,298.2,291.26,134796,392.61,2093, 79141, 58.71
VERTOZ, EQ, 05-Apr-2021,285.5,280.0,292.0,269.0,270.0,271.65,275.49,117975,325.01,3824, 66276, 56.18
VESUVIUS, EQ, 05-Apr-2021,995.3,999.0,999.0,954.0,973.0,982.4,969.34,7160,69.4,1175, 2955, 41.27
VETO, EQ, 05-Apr-2021,121.85,121.85,127.9,118.5,122.35,121.3,122.41,64457,78.9,927, 25818, 40.05
VGUARD, EQ, 05-Apr-2021,247.55,249.1,252.0,238.1,249.4,250.15,245.17,854954,2096.11,14902, 219344, 25.66
VHL, EQ, 05-Apr-2021,1789.25,1830.95,1830.95,1729.95,1737.25,1750.65,1751.24,856,14.99,134, 631, 73.71
VICEROY, BE, 05-Apr-2021,2.1,2.2,2.2,2.05,2.1,2.2,2.15,23324,0.5,64, -, -
VIDEOIND, BZ, 05-Apr-2021,4.3,4.5,4.5,4.25,4.5,4.35,4.41,144999,6.39,235, -, -
VIDHIING, EQ, 05-Apr-2021,207.1,204.1,207.85,191.2,199.4,199.45,199.36,137437,273.99,4795, 78314, 56.98
VIJIFIN, EQ, 05-Apr-2021,0.65,0.7,0.7,0.65,0.7,0.7,0.67,270155,1.82,105, 130797, 48.42
VIKASECO, EQ, 05-Apr-2021,2.35,2.35,2.4,2.25,2.25,2.25,2.27,2605478,59.02,840, 1880388, 72.17
VIKASMCORP, EQ, 05-Apr-2021,3.05,3.05,3.1,2.95,3.1,3.05,3.02,4407887,133.11,6324, 2250689, 51.06
VIKASPROP, EQ, 05-Apr-2021,2.4,2.45,2.45,2.3,2.3,2.35,2.35,2095682,49.34,4470, 1155064, 55.12
VIKASWSP, EQ, 05-Apr-2021,6.05,6.05,6.25,5.75,5.75,5.75,5.84,377259,22.03,269, 287427, 76.19
VIMTALABS, EQ, 05-Apr-2021,163.55,163.7,166.0,158.0,161.0,160.7,161.46,47186,76.19,1206, 22991, 48.72
VINATIORGA, EQ, 05-Apr-2021,1399.9,1413.0,1418.95,1373.0,1390.0,1388.95,1389.99,145069,2016.45,3941, 129763, 89.45
VINDHYATEL, EQ, 05-Apr-2021,828.9,835.0,835.0,800.0,812.0,810.4,810.92,7208,58.45,802, 3228, 44.78
VINYLINDIA, EQ, 05-Apr-2021,117.05,117.05,118.45,116.0,117.0,117.1,116.74,46870,54.71,677, 23281, 49.67
VIPCLOTHNG, BE, 05-Apr-2021,13.95,13.75,13.95,13.3,13.3,13.3,13.35,70949,9.47,157, -, -
VIPIND, EQ, 05-Apr-2021,354.45,354.45,354.45,339.0,343.75,342.2,343.56,275972,948.14,10776, 114776, 41.59
VIPULLTD, BE, 05-Apr-2021,29.8,29.25,31.25,29.25,29.5,29.5,30.36,11303,3.43,31, -, -
VISAKAIND, EQ, 05-Apr-2021,472.75,472.8,474.0,459.35,465.0,463.8,466.5,49494,230.89,2118, 32088, 64.83
VISASTEEL, EQ, 05-Apr-2021,6.7,6.75,6.95,6.4,6.75,6.75,6.59,41713,2.75,132, 25920, 62.14
VISESHINFO, BE, 05-Apr-2021,0.1,0.05,0.1,0.05,0.1,0.1,0.09,22857402,20.8,650, -, -
VISHAL, EQ, 05-Apr-2021,61.15,59.95,62.35,59.95,59.95,59.95,60.84,150700,91.69,667, 112056, 74.36
VISHNU, EQ, 05-Apr-2021,297.95,307.0,312.8,285.65,312.0,310.5,303.4,59435,180.32,1864, 34961, 58.82
VISHWARAJ, EQ, 05-Apr-2021,122.6,124.9,126.0,118.0,120.0,120.95,120.32,23786,28.62,716, 6385, 26.84
VIVIDHA, BE, 05-Apr-2021,0.75,0.8,0.8,0.7,0.75,0.7,0.73,834555,6.1,222, -, -
VIVIMEDLAB, EQ, 05-Apr-2021,17.7,17.95,18.0,16.8,17.25,17.15,17.16,242730,41.65,1055, 137415, 56.61
VLSFINANCE, EQ, 05-Apr-2021,82.55,82.95,82.95,79.8,81.0,80.5,81.0,18050,14.62,592, 9732, 53.92
VMART, EQ, 05-Apr-2021,2808.45,2868.0,2868.0,2773.5,2799.8,2794.8,2810.0,23065,648.13,3981, 12743, 55.25
VOLTAMP, EQ, 05-Apr-2021,1081.65,1081.65,1125.0,1048.6,1058.95,1056.35,1060.94,11949,126.77,1400, 8376, 70.10
VOLTAS, EQ, 05-Apr-2021,1005.95,1006.8,1007.9,960.6,976.5,976.7,979.53,1567700,15356.08,50708, 543948, 34.70
VRLLOG, EQ, 05-Apr-2021,233.4,233.4,234.25,223.75,223.75,224.85,227.15,109123,247.87,2981, 49068, 44.97
VSSL, EQ, 05-Apr-2021,143.6,143.65,149.0,136.45,136.65,136.5,140.52,296593,416.77,3655, 178114, 60.05
VSTIND, EQ, 05-Apr-2021,3363.85,3389.95,3393.6,3280.2,3307.0,3297.15,3306.75,6468,213.88,2316, 4325, 66.87
VSTTILLERS, EQ, 05-Apr-2021,1833.7,1872.0,1872.0,1795.2,1820.0,1822.75,1817.51,9243,167.99,1427, 4930, 53.34
VTL, EQ, 05-Apr-2021,1269.15,1265.05,1279.35,1190.0,1200.4,1196.5,1220.47,35812,437.07,3191, 21723, 60.66
WABAG, EQ, 05-Apr-2021,256.6,260.0,260.0,239.15,245.0,244.4,245.68,482397,1185.16,10579, 221903, 46.00
WABCOINDIA, EQ, 05-Apr-2021,6421.9,6419.7,6419.7,6174.95,6287.0,6324.5,6282.41,14610,917.86,4336, 5360, 36.69
WALCHANNAG, EQ, 05-Apr-2021,64.8,64.95,65.0,60.8,62.35,62.4,62.66,313653,196.53,5404, 61648, 19.65
WANBURY, BE, 05-Apr-2021,86.4,86.4,88.4,82.4,85.2,85.2,85.29,15512,13.23,107, -, -
WATERBASE, EQ, 05-Apr-2021,104.3,103.95,104.85,98.85,102.5,102.5,102.35,150447,153.98,3149, 43103, 28.65
WEALTH, EQ, 05-Apr-2021,131.3,127.25,137.2,126.0,126.0,127.15,128.53,191,0.25,18, 126, 65.97
WEBELSOLAR, EQ, 05-Apr-2021,43.65,44.25,44.5,42.65,43.65,43.25,43.43,88332,38.37,529, 60136, 68.08
WEIZMANIND, EQ, 05-Apr-2021,44.35,46.4,46.4,43.0,43.0,43.6,44.11,5854,2.58,121, 3781, 64.59
WELCORP, EQ, 05-Apr-2021,147.3,148.5,148.55,136.7,138.25,138.6,140.45,2256377,3169.03,18492, 1059406, 46.95
WELENT, EQ, 05-Apr-2021,113.9,115.0,115.5,109.2,110.5,110.85,111.5,243681,271.71,3186, 128924, 52.91
WELINV, EQ, 05-Apr-2021,393.65,394.0,420.0,361.5,409.9,392.9,397.47,1485,5.9,212, 800, 53.87
WELSPUNIND, EQ, 05-Apr-2021,84.75,85.0,85.4,80.4,83.0,83.15,82.67,1049665,867.72,8459, 471597, 44.93
WENDT, EQ, 05-Apr-2021,3189.0,3213.0,3213.0,3133.4,3150.0,3144.9,3156.05,164,5.18,51, 87, 53.05
WESTLIFE, EQ, 05-Apr-2021,456.0,454.0,455.45,438.2,439.5,439.7,443.45,191666,849.94,6446, 120623, 62.93
WHEELS, EQ, 05-Apr-2021,458.7,458.7,458.7,450.0,456.0,454.15,453.88,9757,44.29,726, 5141, 52.69
WHIRLPOOL, EQ, 05-Apr-2021,2223.65,2229.0,2229.0,2172.95,2189.0,2189.5,2192.16,54404,1192.62,7349, 34853, 64.06
WILLAMAGOR, EQ, 05-Apr-2021,18.8,19.4,19.7,18.0,19.35,19.35,18.76,5373,1.01,91, 3487, 64.90
WINDMACHIN, EQ, 05-Apr-2021,32.05,33.65,33.65,30.75,31.5,31.65,32.07,222896,71.49,704, 140806, 63.17
WIPL, BE, 05-Apr-2021,58.05,58.0,60.0,58.0,60.0,60.0,58.55,2660,1.56,9, -, -
WIPRO, EQ, 05-Apr-2021,416.4,416.45,427.9,416.2,425.9,425.45,423.14,21216395,89774.45,189433, 5936319, 27.98
WOCKPHARMA, EQ, 05-Apr-2021,428.25,428.0,443.0,425.05,442.0,438.1,434.64,665678,2893.27,16967, 173356, 26.04
WONDERLA, EQ, 05-Apr-2021,202.55,197.75,201.0,192.1,193.5,193.85,194.63,47108,91.68,1618, 22955, 48.73
WORTH, EQ, 05-Apr-2021,51.85,51.0,52.7,49.0,49.0,49.4,50.01,8044,4.02,106, 4562, 56.71
WSI, EQ, 05-Apr-2021,6.85,7.15,7.15,7.15,7.15,7.15,7.15,29186,2.09,44, 29186, 100.00
WSTCSTPAPR, EQ, 05-Apr-2021,247.9,247.1,247.1,225.0,236.1,236.5,233.48,317682,741.72,8033, 144258, 45.41
XCHANGING, EQ, 05-Apr-2021,66.6,67.2,69.8,66.35,68.7,67.1,67.71,156336,105.86,2055, 73557, 47.05
XELPMOC, EQ, 05-Apr-2021,266.5,269.0,279.8,255.6,270.0,273.45,268.26,53729,144.13,4982, 31364, 58.37
XPROINDIA, EQ, 05-Apr-2021,76.7,76.0,76.0,72.9,72.9,72.9,73.39,73208,53.73,219, 60215, 82.25
YAARII, EQ, 05-Apr-2021,113.7,112.2,113.1,108.05,108.05,108.35,109.24,554105,605.28,4764, 332221, 59.96
YESBANK, EQ, 05-Apr-2021,15.7,15.85,15.95,15.2,15.55,15.5,15.54,83064018,12912.21,80377, 29034327, 34.95
ZEEL, EQ, 05-Apr-2021,209.25,209.0,209.0,195.5,201.7,202.15,200.81,14387268,28890.52,85109, 3265028, 22.69
ZEEL, P2, 05-Apr-2021,1.95,1.95,1.95,1.9,1.9,1.9,1.9,390219,7.42,19, 390219, 100.00
ZEELEARN, EQ, 05-Apr-2021,10.95,10.6,10.9,10.25,10.5,10.45,10.45,610912,63.82,1119, 348872, 57.11
ZEEMEDIA, EQ, 05-Apr-2021,6.5,6.5,6.75,6.3,6.45,6.4,6.49,1853516,120.28,5479, 1122105, 60.54
ZENITHEXPO, EQ, 05-Apr-2021,67.85,67.5,69.95,65.6,66.55,66.6,66.83,616,0.41,42, 501, 81.33
ZENITHSTL, BE, 05-Apr-2021,0.7,0.7,0.75,0.65,0.75,0.75,0.71,84721,0.6,68, -, -
ZENSARTECH, EQ, 05-Apr-2021,274.75,280.0,280.0,266.15,274.0,273.95,273.42,189321,517.64,6118, 98220, 51.88
ZENTEC, EQ, 05-Apr-2021,79.65,79.8,80.0,77.45,78.0,77.9,78.28,71124,55.68,1568, 44787, 62.97
ZICOM, BZ, 05-Apr-2021,1.7,1.65,1.65,1.65,1.65,1.65,1.65,433,0.01,6, -, -
ZODIAC, SM, 05-Apr-2021,14.1,14.1,14.1,13.5,13.5,13.5,13.81,16000,2.21,4, 12000, 75.00
ZODIACLOTH, EQ, 05-Apr-2021,97.45,98.9,98.9,92.45,93.0,93.55,94.28,34943,32.94,605, 24364, 69.72
ZODJRDMKJ, EQ, 05-Apr-2021,25.8,25.8,26.5,24.4,25.45,25.25,25.17,1038,0.26,89, 559, 53.85
ZOTA, EQ, 05-Apr-2021,144.85,144.05,144.05,139.0,141.05,142.05,141.8,20822,29.53,226, 11126, 53.43
ZUARI, EQ, 05-Apr-2021,91.3,91.3,91.3,88.0,88.75,88.95,89.17,51785,46.18,776, 33297, 64.30
ZUARIGLOB, BE, 05-Apr-2021,83.6,85.0,85.95,82.0,83.0,83.5,83.39,24198,20.18,167, -, -
ZYDUSWELL, EQ, 05-Apr-2021,1985.0,1960.0,2095.0,1957.7,2014.9,2011.2,2030.01,79121,1606.16,10969, 18461, 23.33
