SYMBOL, SERIES, DATE1, PREV_CLOSE, OPEN_PRICE, HIGH_PRICE, LOW_PRICE, LAST_PRICE, CLOSE_PRICE, AVG_PRICE, TTL_TRD_QNTY, TURNOVER_LACS, NO_OF_TRADES, DELIV_QTY, DELIV_PER
1018GS2026, GS, 14-Sep-2021,96.95,97.05,97.05,97.05, 97.05,97.05,97.05,1,0.0,1, 1, 100.00
20MICRONS, EQ, 14-Sep-2021,53.8,54.0,55.3,53.75, 54.70,54.0,54.21,69160,37.49,1174, 39105, 56.54
21STCENMGM, EQ, 14-Sep-2021,37.6,38.35,38.35,38.35, 38.35,38.35,38.35,5605,2.15,30, 5605, 100.00
3MINDIA, EQ, 14-Sep-2021,25150.9,25260.0,26000.0,25260.0, 25700.00,25705.25,25737.6,5960,1533.96,3052, 2764, 46.38
3PLAND, BE, 14-Sep-2021,14.0,14.3,14.3,13.3, 13.70,13.7,13.95,3665,0.51,47, -, -
5PAISA, EQ, 14-Sep-2021,468.7,471.6,492.0,469.0, 474.10,475.75,480.48,41722,200.46,1615, 22431, 53.76
618GS2024, GS, 14-Sep-2021,103.0,103.0,103.0,103.0, 103.00,103.0,103.0,200,0.21,1, 200, 100.00
63MOONS, EQ, 14-Sep-2021,93.25,93.4,97.4,93.4, 95.75,96.0,95.37,57908,55.23,1190, 37555, 64.85
667GS2050, GS, 14-Sep-2021,96.5,97.5,98.0,96.0, 96.00,96.49,97.2,6360,6.18,9, 6360, 100.00
676GS2061, GS, 14-Sep-2021,96.7,97.5,97.5,97.01, 97.01,97.01,97.08,12440,12.08,16, 12440, 100.00
716GS2050, GS, 14-Sep-2021,112.0,112.0,112.0,112.0, 112.00,112.0,112.0,50,0.06,1, 50, 100.00
759GS2026, GS, 14-Sep-2021,106.2,108.0,108.0,108.0, 108.00,108.0,108.0,323,0.35,1, 323, 100.00
762GS2039, GS, 14-Sep-2021,105.05,110.0,110.0,110.0, 110.00,110.0,110.0,100,0.11,1, 100, 100.00
A2ZINFRA, EQ, 14-Sep-2021,4.3,4.3,4.4,4.25, 4.25,4.25,4.29,351843,15.1,336, 275397, 78.27
AAATECH, SM, 14-Sep-2021,49.0,48.0,49.5,48.0, 49.50,49.5,49.19,63000,30.99,3, 63000, 100.00
AAKASH, EQ, 14-Sep-2021,279.9,282.8,301.0,275.55, 294.50,289.45,281.28,92322,259.69,731, 33733, 36.54
AAREYDRUGS, EQ, 14-Sep-2021,37.45,37.3,41.0,36.95, 38.25,37.85,38.15,110514,42.16,941, 61511, 55.66
AARON, EQ, 14-Sep-2021,104.85,108.0,108.0,105.1, 106.25,106.35,106.75,4575,4.88,166, 3210, 70.16
AARTIDRUGS, EQ, 14-Sep-2021,606.05,609.25,616.5,607.3, 612.00,611.9,612.53,147899,905.92,6622, 64889, 43.87
AARTIIND, EQ, 14-Sep-2021,928.95,937.4,939.95,920.6, 926.75,926.95,930.06,723885,6732.54,28078, 262154, 36.21
AARTISURF, EQ, 14-Sep-2021,1412.9,1402.2,1679.9,1402.2, 1646.30,1640.05,1584.57,253184,4011.88,26359, 72853, 28.77
AARVEEDEN, EQ, 14-Sep-2021,18.35,18.3,18.5,18.0, 18.05,18.1,18.25,7625,1.39,95, 4364, 57.23
AARVI, EQ, 14-Sep-2021,57.15,58.25,58.3,57.05, 57.50,57.35,57.36,23076,13.24,222, 14859, 64.39
AAVAS, EQ, 14-Sep-2021,2505.5,2517.7,2517.7,2450.05, 2474.00,2472.55,2475.56,74696,1849.14,10293, 39314, 52.63
ABAN, EQ, 14-Sep-2021,44.7,44.7,45.5,43.1, 43.80,43.7,44.47,172192,76.58,2044, 94063, 54.63
ABB, EQ, 14-Sep-2021,1861.0,1888.0,1917.0,1870.65, 1900.00,1907.3,1900.18,163938,3115.12,8564, 87283, 53.24
ABBOTINDIA, EQ, 14-Sep-2021,21378.55,21400.0,21870.0,21311.0, 21399.00,21454.05,21623.95,22983,4969.83,8554, 5152, 22.42
ABCAPITAL, EQ, 14-Sep-2021,113.15,113.45,115.85,113.0, 113.25,113.85,114.19,2375746,2712.82,23701, 1055250, 44.42
ABFRL, EQ, 14-Sep-2021,215.9,216.0,221.45,214.7, 216.25,216.05,217.77,2448242,5331.62,21924, 1143549, 46.71
ABMINTLLTD, BE, 14-Sep-2021,122.6,116.5,116.5,116.5, 116.50,116.5,116.5,567,0.66,17, -, -
ABSLBANETF, EQ, 14-Sep-2021,362.4,363.0,365.6,363.0, 364.59,364.21,363.27,566,2.06,9, 511, 90.28
ABSLNN50ET, EQ, 14-Sep-2021,436.2,431.0,439.25,431.0, 435.75,435.75,435.8,324,1.41,21, 105, 32.41
ACC, EQ, 14-Sep-2021,2471.4,2470.0,2475.05,2437.55, 2443.40,2442.95,2451.3,174874,4286.68,13727, 69770, 39.90
ACCELYA, EQ, 14-Sep-2021,1298.25,1300.0,1315.0,1278.05, 1285.00,1282.35,1296.53,22642,293.56,2202, 12260, 54.15
ACCURACY, EQ, 14-Sep-2021,137.25,138.7,140.5,136.6, 137.10,137.6,138.41,53483,74.02,1405, 31327, 58.57
ACE, EQ, 14-Sep-2021,278.2,278.0,291.75,271.25, 276.70,277.1,282.35,6413416,18108.13,95659, 1249627, 19.48
ACEINTEG, SM, 14-Sep-2021,19.2,20.15,20.15,20.15, 20.15,20.15,20.15,3000,0.6,1, 3000, 100.00
ACRYSIL, EQ, 14-Sep-2021,639.55,640.0,665.0,640.0, 660.00,658.0,658.72,122597,807.57,5595, 76670, 62.54
ADANIENT, EQ, 14-Sep-2021,1532.45,1539.9,1547.25,1497.05, 1514.00,1513.2,1514.85,7143757,108216.95,60792, 3771568, 52.80
ADANIGREEN, EQ, 14-Sep-2021,1185.2,1189.0,1208.4,1133.1, 1149.00,1149.4,1165.2,903673,10529.61,28669, 712215, 78.81
ADANIPORTS, EQ, 14-Sep-2021,745.1,747.8,762.75,745.45, 756.50,755.4,755.58,5615411,42429.08,75482, 1388244, 24.72
ADANIPOWER, BE, 14-Sep-2021,100.55,99.0,102.0,97.85, 99.35,99.2,99.74,2729725,2722.56,29012, -, -
ADANITRANS, EQ, 14-Sep-2021,1871.4,1950.0,1954.15,1891.45, 1938.00,1942.7,1934.16,1952043,37755.65,35819, 1130491, 57.91
ADFFOODS, EQ, 14-Sep-2021,936.35,937.3,949.95,928.0, 939.90,939.5,936.53,21027,196.92,1797, 15098, 71.80
ADL, BE, 14-Sep-2021,41.0,39.25,42.5,39.25, 42.50,42.15,41.38,2142,0.89,22, -, -
ADORWELD, EQ, 14-Sep-2021,693.2,693.2,698.85,680.0, 684.00,685.3,690.07,6473,44.67,580, 4863, 75.13
ADROITINFO, BE, 14-Sep-2021,10.35,10.7,10.7,9.9, 10.45,10.45,10.33,9479,0.98,58, -, -
ADSL, EQ, 14-Sep-2021,73.95,75.0,78.65,73.2, 74.60,74.15,76.42,836087,638.92,7661, 414431, 49.57
ADVANIHOTR, EQ, 14-Sep-2021,71.2,70.8,72.0,70.2, 70.95,70.8,71.17,8346,5.94,235, 6401, 76.70
ADVENZYMES, EQ, 14-Sep-2021,412.3,414.85,417.7,403.0, 406.10,407.3,409.46,1042393,4268.21,27478, 260342, 24.98
AEGISCHEM, EQ, 14-Sep-2021,244.8,244.45,251.5,241.5, 243.00,243.0,246.64,1159830,2860.57,16452, 580325, 50.04
AFFLE, EQ, 14-Sep-2021,4908.95,4989.0,4989.0,4862.0, 4910.00,4906.0,4911.76,50215,2466.44,8773, 33778, 67.27
AGARIND, EQ, 14-Sep-2021,313.3,315.0,319.5,310.0, 313.45,311.45,313.0,12128,37.96,405, 8759, 72.22
AGCNET, BE, 14-Sep-2021,1217.3,1274.0,1278.15,1250.0, 1278.15,1278.15,1274.61,4278,54.53,174, -, -
AGRITECH, EQ, 14-Sep-2021,63.65,66.8,66.8,62.1, 66.80,66.8,66.7,71468,47.67,376, 39041, 54.63
AGROPHOS, EQ, 14-Sep-2021,14.9,15.4,15.4,14.4, 15.40,15.2,15.01,40244,6.04,274, 28421, 70.62
AHLADA, EQ, 14-Sep-2021,143.3,144.0,147.5,141.8, 142.45,142.5,145.08,59898,86.9,789, 49547, 82.72
AHLEAST, EQ, 14-Sep-2021,190.9,186.8,195.75,185.4, 188.40,189.35,190.43,3843,7.32,157, 2617, 68.10
AHLUCONT, EQ, 14-Sep-2021,398.05,405.8,405.8,394.0, 396.15,396.1,399.99,14457,57.83,1159, 6425, 44.44
AHLWEST, EQ, 14-Sep-2021,276.7,276.7,282.0,273.8, 279.90,276.75,276.95,3715,10.29,250, 2416, 65.03
AIAENG, EQ, 14-Sep-2021,2095.85,2097.0,2119.5,2060.0, 2105.05,2105.0,2098.21,30850,647.3,7242, 16669, 54.03
AILIMITED, SM, 14-Sep-2021,30.25,31.5,31.5,31.5, 31.50,31.5,31.5,9000,2.84,3, 9000, 100.00
AIRAN, BE, 14-Sep-2021,22.45,23.45,23.55,22.5, 23.45,23.45,23.2,80028,18.56,502, -, -
AIROLAM, SM, 14-Sep-2021,50.45,48.6,51.25,48.6, 51.25,51.25,50.53,15000,7.58,5, 12000, 80.00
AISL, SM, 14-Sep-2021,42.0,38.3,38.3,38.3, 38.30,38.3,38.3,1200,0.46,1, 1200, 100.00
AJANTPHARM, EQ, 14-Sep-2021,2137.05,2146.05,2225.0,2139.2, 2220.00,2217.4,2203.34,159601,3516.56,22155, 83791, 52.50
AJMERA, BE, 14-Sep-2021,399.7,411.95,411.95,379.75, 379.75,379.75,386.53,51883,200.54,1140, -, -
AJOONI, EQ, 14-Sep-2021,51.55,52.35,52.8,50.5, 50.60,50.9,51.66,23186,11.98,182, 17374, 74.93
AJRINFRA, BE, 14-Sep-2021,1.55,1.55,1.55,1.5, 1.55,1.55,1.51,806315,12.21,632, -, -
AKASH, EQ, 14-Sep-2021,196.3,200.0,200.0,181.35, 194.00,187.6,193.49,63111,122.11,893, 42984, 68.11
AKG, EQ, 14-Sep-2021,24.85,25.25,25.3,23.0, 23.30,24.2,24.27,52460,12.73,141, 46381, 88.41
AKSHARCHEM, EQ, 14-Sep-2021,429.0,432.05,439.0,427.05, 429.40,429.35,430.89,12066,51.99,1050, 6509, 53.94
AKSHOPTFBR, BE, 14-Sep-2021,8.65,8.75,9.05,8.7, 8.95,8.85,8.92,249834,22.29,398, -, -
AKZOINDIA, EQ, 14-Sep-2021,2204.5,2204.5,2204.5,2191.65, 2199.90,2199.65,2199.06,17924,394.16,1233, 9671, 53.96
ALANKIT, EQ, 14-Sep-2021,15.55,15.7,15.95,15.45, 15.55,15.6,15.7,269134,42.26,972, 166710, 61.94
ALBERTDAVD, EQ, 14-Sep-2021,587.5,590.1,598.0,585.25, 587.25,591.2,591.38,13048,77.16,1113, 5207, 39.91
ALEMBICLTD, EQ, 14-Sep-2021,114.8,115.55,116.65,114.3, 115.35,114.7,115.14,266010,306.27,4506, 107841, 40.54
ALICON, EQ, 14-Sep-2021,792.3,799.4,802.5,785.1, 790.00,792.15,791.44,20364,161.17,1093, 16241, 79.75
ALKALI, EQ, 14-Sep-2021,71.3,71.2,72.45,70.85, 71.70,71.5,71.79,23437,16.83,611, 11523, 49.17
ALKEM, EQ, 14-Sep-2021,3823.85,3843.3,3849.3,3794.4, 3811.65,3806.3,3822.05,54872,2097.24,6624, 25508, 46.49
ALKYLAMINE, EQ, 14-Sep-2021,4123.85,4150.0,4185.0,4080.0, 4095.00,4093.0,4106.65,165657,6802.96,23641, 101047, 61.00
ALLCARGO, EQ, 14-Sep-2021,236.45,225.0,235.95,220.55, 230.25,230.95,230.43,3026957,6974.96,33392, 1396736, 46.14
ALLSEC, EQ, 14-Sep-2021,466.55,466.65,466.65,456.55, 461.00,461.15,461.11,10855,50.05,385, 9185, 84.62
ALMONDZ, EQ, 14-Sep-2021,74.65,75.95,76.75,74.05, 74.05,74.65,75.25,6346,4.78,142, 3275, 51.61
ALOKINDS, EQ, 14-Sep-2021,24.25,24.25,24.7,23.65, 23.80,23.75,24.18,10459249,2528.95,14651, 4051072, 38.73
ALPA, EQ, 14-Sep-2021,54.6,54.0,57.0,54.0, 56.40,56.25,55.9,111674,62.43,1118, 69127, 61.90
ALPHAGEO, EQ, 14-Sep-2021,430.55,426.6,434.7,420.0, 421.50,421.0,426.0,99214,422.65,4003, 50550, 50.95
ALPSINDUS, BE, 14-Sep-2021,2.0,2.05,2.1,1.95, 2.10,2.1,2.01,15261,0.31,50, -, -
AMARAJABAT, EQ, 14-Sep-2021,718.05,721.9,741.25,718.7, 737.20,736.7,734.8,1928206,14168.49,45426, 698091, 36.20
AMBER, EQ, 14-Sep-2021,3206.55,3240.0,3274.0,3201.65, 3214.00,3213.95,3245.0,77465,2513.74,12531, 33071, 42.69
AMBICAAGAR, EQ, 14-Sep-2021,15.75,16.0,17.3,15.4, 16.30,15.95,16.61,176647,29.35,461, 82158, 46.51
AMBIKCO, EQ, 14-Sep-2021,1617.15,1628.0,1635.0,1608.0, 1610.00,1610.5,1623.21,22247,361.11,2679, 13606, 61.16
AMBUJACEM, EQ, 14-Sep-2021,436.25,436.55,436.85,428.5, 432.00,432.45,431.92,2872240,12405.71,57053, 1589583, 55.34
AMDIND, EQ, 14-Sep-2021,29.0,28.55,29.7,28.5, 28.65,28.7,28.96,18669,5.41,166, 12004, 64.30
AMIORG, EQ, 14-Sep-2021,610.0,910.0,966.7,841.0, 934.50,935.0,914.91,11215387,102610.26,414932, 4789233, 42.70
AMJLAND, EQ, 14-Sep-2021,31.85,32.6,32.6,31.5, 31.90,31.95,32.05,18262,5.85,190, 12227, 66.95
AMRUTANJAN, EQ, 14-Sep-2021,727.55,725.0,739.9,725.0, 739.00,737.05,734.58,37118,272.66,4035, 19526, 52.61
ANANTRAJ, EQ, 14-Sep-2021,67.8,68.45,69.35,66.25, 67.35,67.35,67.49,200183,135.11,1225, 137426, 68.65
ANDHRACEMT, BE, 14-Sep-2021,21.2,21.65,22.25,20.8, 22.25,22.25,21.87,914235,199.97,1613, -, -
ANDHRAPAP, EQ, 14-Sep-2021,230.3,238.4,238.4,229.4, 231.00,230.65,231.35,16597,38.4,499, 11523, 69.43
ANDHRSUGAR, EQ, 14-Sep-2021,566.75,574.7,600.0,570.15, 595.75,595.0,591.04,355892,2103.46,8376, 186914, 52.52
ANDREWYU, EQ, 14-Sep-2021,24.45,24.8,24.85,24.15, 24.45,24.4,24.57,126516,31.08,717, 69270, 54.75
ANGELBRKG, EQ, 14-Sep-2021,1295.6,1304.0,1334.8,1265.15, 1281.50,1278.45,1306.64,474872,6204.86,32217, 169181, 35.63
ANIKINDS, EQ, 14-Sep-2021,18.95,18.7,19.5,18.55, 18.70,18.65,18.74,14828,2.78,87, 9712, 65.50
ANKITMETAL, BE, 14-Sep-2021,1.75,1.75,1.8,1.7, 1.80,1.8,1.78,54074,0.96,54, -, -
ANMOL, EQ, 14-Sep-2021,195.95,203.85,207.55,193.5, 193.85,193.95,196.95,296559,584.08,5413, 106030, 35.75
ANSALAPI, EQ, 14-Sep-2021,9.35,9.45,9.45,9.15, 9.25,9.25,9.25,211004,19.51,244, 161095, 76.35
ANSALHSG, EQ, 14-Sep-2021,6.5,6.5,6.7,6.3, 6.30,6.35,6.48,241151,15.62,244, 195003, 80.86
ANTGRAPHIC, BE, 14-Sep-2021,0.8,0.85,0.85,0.75, 0.85,0.85,0.8,212447,1.71,293, -, -
ANUP, EQ, 14-Sep-2021,1072.0,1083.8,1108.3,1036.9, 1082.00,1092.4,1073.12,40658,436.31,5016, 18787, 46.21
ANURAS, EQ, 14-Sep-2021,742.1,745.0,749.7,731.2, 734.00,738.15,741.61,51090,378.89,2470, 32716, 64.04
APARINDS, EQ, 14-Sep-2021,673.6,674.95,678.85,658.0, 660.00,660.4,666.65,45793,305.28,2651, 24245, 52.94
APCL, EQ, 14-Sep-2021,424.3,430.0,430.0,423.05, 426.80,425.75,425.66,17840,75.94,1049, 9879, 55.38
APCOTEXIND, EQ, 14-Sep-2021,426.65,433.4,441.3,406.0, 409.90,409.85,420.71,625262,2630.57,23346, 255417, 40.85
APEX, EQ, 14-Sep-2021,289.4,300.85,319.5,300.85, 304.00,304.75,310.44,576475,1789.58,21893, 173690, 30.13
APLAPOLLO, EQ, 14-Sep-2021,1854.75,1882.8,1890.0,1840.0, 1885.00,1880.0,1877.07,375638,7050.99,23729, 268723, 71.54
APLLTD, EQ, 14-Sep-2021,773.4,775.25,783.9,773.9, 780.00,780.2,779.91,253775,1979.21,7557, 91358, 36.00
APOLLO, EQ, 14-Sep-2021,125.3,127.5,129.0,123.55, 125.15,126.4,126.28,384098,485.05,8647, 164783, 42.90
APOLLOHOSP, EQ, 14-Sep-2021,4745.85,4773.0,4773.0,4696.7, 4725.00,4732.45,4738.83,528943,25065.73,48594, 309654, 58.54
APOLLOPIPE, EQ, 14-Sep-2021,1575.55,1580.0,1592.9,1541.0, 1548.90,1551.15,1567.94,22954,359.9,2592, 13953, 60.79
APOLLOTYRE, EQ, 14-Sep-2021,214.9,215.95,221.9,215.3, 221.15,221.05,219.69,3898100,8563.85,25436, 1743377, 44.72
APOLSINHOT, EQ, 14-Sep-2021,809.75,810.5,822.05,800.0, 809.00,803.2,806.71,1650,13.31,185, 1141, 69.15
APTECHT, EQ, 14-Sep-2021,285.25,287.0,291.05,283.0, 284.40,284.1,287.24,253316,727.63,8876, 82750, 32.67
APTUS, EQ, 14-Sep-2021,362.2,361.0,365.9,360.05, 362.00,361.3,362.41,423733,1535.66,15719, 314333, 74.18
ARCHIDPLY, EQ, 14-Sep-2021,31.75,31.5,32.3,30.9, 31.75,31.85,31.32,13074,4.1,156, 6854, 52.42
ARCHIES, BE, 14-Sep-2021,17.95,17.95,18.3,17.8, 17.80,17.95,18.02,36381,6.56,186, -, -
ARENTERP, EQ, 14-Sep-2021,31.25,29.7,29.7,29.7, 29.70,29.7,29.7,4895,1.45,94, 4889, 99.88
ARIES, EQ, 14-Sep-2021,148.65,149.3,154.4,149.0, 152.20,152.35,151.99,54826,83.33,1819, 31736, 57.88
ARIHANT, EQ, 14-Sep-2021,27.15,26.25,28.3,26.2, 27.75,27.5,27.28,32213,8.79,687, 4754, 14.76
ARIHANTCAP, EQ, 14-Sep-2021,140.15,142.0,144.5,138.2, 139.30,139.0,140.62,101879,143.26,1892, 67448, 66.20
ARIHANTSUP, EQ, 14-Sep-2021,119.05,119.05,124.0,118.5, 121.90,123.15,120.98,98383,119.03,897, 43712, 44.43
ARMANFIN, EQ, 14-Sep-2021,888.05,889.0,910.0,871.65, 881.80,879.95,893.09,25180,224.88,3170, 10322, 40.99
AROGRANITE, EQ, 14-Sep-2021,70.7,72.0,72.45,69.7, 69.80,69.85,71.31,133387,95.12,1416, 91994, 68.97
ARROWGREEN, EQ, 14-Sep-2021,130.3,134.95,136.25,129.05, 131.50,130.45,132.45,10479,13.88,697, 3748, 35.77
ARSHIYA, EQ, 14-Sep-2021,29.05,29.8,29.8,28.5, 28.70,28.6,28.88,46865,13.53,397, 31412, 67.03
ARSSINFRA, EQ, 14-Sep-2021,30.95,31.8,31.8,29.45, 29.45,29.45,30.07,67460,20.28,509, 51590, 76.47
ARTEMISMED, EQ, 14-Sep-2021,379.15,388.8,393.35,367.1, 374.60,370.95,379.09,16785,63.63,638, 13746, 81.89
ARVEE, BE, 14-Sep-2021,91.9,92.0,93.4,90.0, 93.40,93.4,90.91,1588,1.44,28, -, -
ARVIND, EQ, 14-Sep-2021,97.85,98.1,98.3,95.3, 96.00,95.7,96.34,754855,727.19,6968, 525389, 69.60
ARVINDFASN, EQ, 14-Sep-2021,265.65,265.0,267.7,250.0, 253.50,254.1,257.24,670069,1723.67,12917, 288527, 43.06
ARVSMART, EQ, 14-Sep-2021,150.25,151.0,151.0,145.75, 146.40,147.05,148.92,155461,231.51,2623, 85095, 54.74
ASAHIINDIA, EQ, 14-Sep-2021,377.85,377.85,384.0,375.05, 378.00,377.0,379.81,52344,198.81,2094, 25417, 48.56
ASAHISONG, EQ, 14-Sep-2021,360.55,369.75,369.75,352.25, 357.00,354.3,357.9,29625,106.03,1592, 18081, 61.03
ASAL, BE, 14-Sep-2021,56.7,57.85,59.0,56.1, 57.00,57.1,57.72,8222,4.75,117, -, -
ASALCBR, EQ, 14-Sep-2021,443.2,444.0,448.85,440.8, 444.00,443.6,444.31,68251,303.25,3898, 32598, 47.76
ASHAPURMIN, EQ, 14-Sep-2021,134.75,128.05,133.45,128.05, 128.05,128.05,129.07,246626,318.32,1365, 143534, 58.20
ASHIANA, EQ, 14-Sep-2021,188.55,188.55,193.65,183.0, 188.15,189.45,188.53,222489,419.46,8140, 69916, 31.42
ASHIMASYN, EQ, 14-Sep-2021,18.3,18.65,18.65,17.95, 18.00,18.05,18.2,20909,3.8,131, 18027, 86.22
ASHOKA, EQ, 14-Sep-2021,103.5,104.45,105.0,102.0, 102.30,102.25,103.06,1130549,1165.09,10889, 516936, 45.72
ASHOKLEY, EQ, 14-Sep-2021,123.3,124.0,125.45,123.7, 124.95,124.85,124.69,11681491,14566.07,75515, 5859513, 50.16
ASIANHOTNR, EQ, 14-Sep-2021,84.8,85.8,88.0,84.0, 87.45,87.5,86.35,14187,12.25,265, 8027, 56.58
ASIANPAINT, EQ, 14-Sep-2021,3367.05,3384.9,3388.6,3356.85, 3362.50,3362.5,3368.62,569412,19181.34,56577, 347892, 61.10
ASIANTILES, EQ, 14-Sep-2021,160.8,161.9,162.85,157.2, 157.25,159.35,159.55,645526,1029.96,9138, 283831, 43.97
ASPINWALL, EQ, 14-Sep-2021,181.9,182.1,196.0,171.95, 191.20,190.9,188.37,28771,54.2,893, 10817, 37.60
ASTEC, EQ, 14-Sep-2021,1335.15,1347.0,1398.0,1337.5, 1358.90,1361.3,1374.97,31600,434.49,5807, 16719, 52.91
ASTERDM, EQ, 14-Sep-2021,229.35,232.45,237.0,230.6, 233.70,233.85,234.31,3336511,7817.61,46141, 941643, 28.22
ASTRAL, EQ, 14-Sep-2021,2135.6,2157.0,2157.0,2098.0, 2107.50,2107.05,2116.57,262781,5561.93,34065, 136801, 52.06
ASTRAMICRO, EQ, 14-Sep-2021,173.35,174.8,174.8,169.1, 170.90,170.75,171.58,466645,800.65,5509, 313172, 67.11
ASTRAZEN, EQ, 14-Sep-2021,3101.0,3101.0,3142.0,3101.0, 3140.00,3136.6,3126.71,13880,433.99,3585, 6444, 46.43
ASTRON, EQ, 14-Sep-2021,59.65,59.95,61.4,58.4, 58.95,58.85,59.96,140924,84.5,2045, 70388, 49.95
ATALREAL, SM, 14-Sep-2021,103.0,102.0,103.9,100.5, 103.75,103.75,102.97,72000,74.14,25, 44800, 62.22
ATFL, EQ, 14-Sep-2021,1046.25,1043.0,1075.0,1016.25, 1046.90,1041.4,1042.43,12262,127.82,2015, 6068, 49.49
ATGL, EQ, 14-Sep-2021,1375.65,1369.95,1385.1,1340.0, 1375.00,1375.0,1369.42,266026,3643.02,12333, 191976, 72.16
ATLANTA, BE, 14-Sep-2021,14.4,14.85,14.85,13.7, 14.15,14.25,14.15,26799,3.79,169, -, -
ATUL, EQ, 14-Sep-2021,9558.95,9605.0,9898.0,9605.0, 9890.00,9850.25,9784.98,35973,3519.95,7664, 14680, 40.81
ATULAUTO, EQ, 14-Sep-2021,197.35,198.0,203.0,197.05, 199.50,199.85,200.2,133281,266.82,4712, 61210, 45.93
AUBANK, EQ, 14-Sep-2021,1150.4,1150.0,1166.95,1124.05, 1137.00,1134.0,1142.58,1845711,21088.79,71188, 551394, 29.87
AURDIS, SM, 14-Sep-2021,67.6,70.9,70.95,67.0, 67.00,67.0,69.69,14000,9.76,7, 14000, 100.00
AURIONPRO, BE, 14-Sep-2021,200.7,199.0,208.95,199.0, 199.00,200.25,203.65,17723,36.09,177, -, -
AUROPHARMA, EQ, 14-Sep-2021,736.15,736.15,750.9,733.6, 747.95,748.05,739.84,2377906,17592.67,82656, 1314599, 55.28
AUSOMENT, BE, 14-Sep-2021,73.0,72.95,74.5,71.35, 73.70,73.7,73.04,2113,1.54,24, -, -
AUTOAXLES, EQ, 14-Sep-2021,1230.35,1234.05,1237.95,1215.0, 1218.00,1218.75,1224.28,11387,139.41,1211, 6448, 56.63
AUTOIND, EQ, 14-Sep-2021,54.75,55.0,57.45,54.15, 57.45,57.45,56.96,28029,15.96,196, 26275, 93.74
AVADHSUGAR, EQ, 14-Sep-2021,414.7,415.9,444.8,414.45, 443.40,434.15,429.74,134560,578.26,4217, 64552, 47.97
AVANTIFEED, EQ, 14-Sep-2021,564.45,565.05,577.85,561.0, 564.80,564.45,569.5,239599,1364.51,9967, 77648, 32.41
AVG, SM, 14-Sep-2021,63.0,60.1,62.1,60.1, 62.10,62.1,61.7,7200,4.44,6, 4800, 66.67
AVTNPL, EQ, 14-Sep-2021,76.05,76.55,82.4,76.55, 80.50,80.75,79.98,1186852,949.26,13781, 548613, 46.22
AWHCL, EQ, 14-Sep-2021,406.4,420.0,450.9,416.85, 448.00,445.15,440.43,1154206,5083.44,39596, 315802, 27.36
AXISBANK, EQ, 14-Sep-2021,788.35,791.0,801.0,790.0, 793.00,794.4,796.25,6301208,50173.36,139644, 3529043, 56.01
AXISBNKETF, EQ, 14-Sep-2021,366.01,368.0,374.0,366.55, 367.55,367.64,368.63,345,1.27,19, 288, 83.48
AXISBPSETF, EQ, 14-Sep-2021,10.34,10.35,10.35,10.34, 10.34,10.34,10.35,13468,1.39,97, 13149, 97.63
AXISCADES, EQ, 14-Sep-2021,69.25,69.8,72.7,69.8, 72.70,72.7,71.58,59018,42.25,517, 46725, 79.17
AXISGOLD, EQ, 14-Sep-2021,40.75,40.89,40.89,40.63, 40.76,40.72,40.74,115271,46.96,3472, 66418, 57.62
AXISHCETF, EQ, 14-Sep-2021,90.02,90.02,90.75,89.39, 90.30,90.22,90.0,8926,8.03,280, 8211, 91.99
AXISNIFTY, EQ, 14-Sep-2021,181.31,181.0,182.6,181.0, 181.19,181.24,181.42,5360,9.72,146, 4374, 81.60
AXISTECETF, EQ, 14-Sep-2021,351.99,351.99,355.0,351.99, 353.00,352.91,353.46,1529,5.4,64, 1402, 91.69
AYMSYNTEX, EQ, 14-Sep-2021,99.7,98.55,101.65,97.35, 97.55,97.75,98.43,33397,32.87,981, 19620, 58.75
BAFNAPH, EQ, 14-Sep-2021,129.8,131.5,133.4,127.25, 131.00,130.8,130.21,3104,4.04,104, 1919, 61.82
BAGFILMS, EQ, 14-Sep-2021,2.75,2.85,2.85,2.85, 2.85,2.85,2.85,14470,0.41,32, 14470, 100.00
BAJAJ-AUTO, EQ, 14-Sep-2021,3699.55,3717.4,3767.0,3690.0, 3754.55,3751.05,3743.84,741880,27774.8,47270, 483586, 65.18
BAJAJCON, EQ, 14-Sep-2021,259.15,262.0,265.0,260.4, 262.40,262.35,262.85,700919,1842.39,15475, 380925, 54.35
BAJAJELEC, EQ, 14-Sep-2021,1323.9,1335.0,1389.8,1325.45, 1380.05,1381.0,1361.15,327818,4462.09,22129, 124270, 37.91
BAJAJFINSV, EQ, 14-Sep-2021,16938.2,17000.0,17040.0,16795.8, 16840.00,16831.25,16922.51,159227,26945.2,34339, 54257, 34.08
BAJAJHIND, BE, 14-Sep-2021,14.55,14.6,15.25,14.3, 15.25,15.1,14.82,2711910,401.91,4711, -, -
BAJAJHLDNG, EQ, 14-Sep-2021,4281.4,4329.95,4329.95,4258.85, 4288.70,4282.2,4288.13,10442,447.77,2476, 4689, 44.91
BAJFINANCE, EQ, 14-Sep-2021,7445.55,7480.0,7530.0,7408.0, 7415.00,7417.55,7450.12,719258,53585.57,73995, 300256, 41.75
BALAJITELE, EQ, 14-Sep-2021,61.05,61.65,63.7,61.5, 62.70,62.85,62.83,433981,272.67,5112, 151910, 35.00
BALAMINES, EQ, 14-Sep-2021,4645.35,4735.0,5005.0,4675.0, 5000.00,4974.8,4859.28,329741,16023.05,42064, 114865, 34.83
BALAXI, EQ, 14-Sep-2021,557.2,557.2,565.0,551.7, 556.00,554.25,557.92,1689,9.42,188, 965, 57.13
BALKRISIND, EQ, 14-Sep-2021,2448.6,2460.0,2502.95,2435.6, 2465.40,2472.5,2473.25,289098,7150.11,19725, 111832, 38.68
BALLARPUR, BZ, 14-Sep-2021,1.45,1.4,1.4,1.4, 1.40,1.4,1.4,704390,9.86,418, -, -
BALMLAWRIE, EQ, 14-Sep-2021,135.1,136.0,136.4,135.0, 136.10,135.85,135.68,376606,510.99,4779, 221961, 58.94
BALPHARMA, EQ, 14-Sep-2021,97.55,99.55,99.55,96.15, 98.10,98.2,98.42,28173,27.73,923, 14673, 52.08
BALRAMCHIN, EQ, 14-Sep-2021,365.65,367.3,368.55,359.0, 359.70,360.1,361.5,795240,2874.79,16108, 382568, 48.11
BANARBEADS, EQ, 14-Sep-2021,67.15,68.6,68.6,65.7, 66.05,66.0,66.63,14050,9.36,230, 9018, 64.19
BANARISUG, EQ, 14-Sep-2021,1794.4,1769.65,1820.0,1755.1, 1820.00,1797.45,1791.69,2488,44.58,273, 1804, 72.51
BANCOINDIA, EQ, 14-Sep-2021,208.6,209.9,213.15,200.65, 207.85,206.05,206.62,369799,764.08,13003, 150339, 40.65
BANDHANBNK, EQ, 14-Sep-2021,283.95,284.55,287.5,283.5, 284.45,284.35,284.96,3308341,9427.3,29964, 1605398, 48.53
BANG, BE, 14-Sep-2021,34.4,34.45,36.0,33.15, 36.00,35.95,34.54,17046,5.89,116, -, -
BANKA, BE, 14-Sep-2021,84.7,82.5,88.9,82.5, 85.95,83.95,85.05,18973,16.14,311, -, -
BANKBARODA, EQ, 14-Sep-2021,78.25,78.7,79.05,78.1, 78.45,78.65,78.61,12162777,9561.22,27756, 3687664, 30.32
BANKBEES, EQ, 14-Sep-2021,367.25,369.99,369.99,367.82, 368.60,368.41,368.86,175962,649.06,3305, 94165, 53.51
BANKINDIA, EQ, 14-Sep-2021,56.2,56.3,56.7,55.95, 56.20,56.1,56.38,5561610,3135.56,25562, 3115869, 56.02
BANSWRAS, EQ, 14-Sep-2021,177.15,181.0,181.0,175.0, 175.20,175.35,177.51,6217,11.04,335, 3456, 55.59
BARBEQUE, EQ, 14-Sep-2021,1126.2,1132.0,1182.0,1117.8, 1128.00,1130.6,1154.52,148254,1711.63,12422, 34445, 23.23
BARTRONICS, BZ, 14-Sep-2021,2.85,2.8,2.95,2.75, 2.85,2.85,2.89,47756,1.38,40, -, -
BASF, EQ, 14-Sep-2021,3420.45,3434.45,3471.75,3400.0, 3403.00,3404.95,3423.22,47417,1623.19,5825, 28699, 60.52
BASML, EQ, 14-Sep-2021,64.75,62.1,64.5,62.0, 62.60,62.45,63.06,174068,109.77,1323, 112621, 64.70
BATAINDIA, EQ, 14-Sep-2021,1768.9,1778.0,1799.95,1769.5, 1799.90,1793.6,1781.56,366410,6527.83,13153, 154897, 42.27
BAYERCROP, EQ, 14-Sep-2021,5471.4,5525.0,5525.0,5443.0, 5472.00,5466.15,5486.19,9050,496.5,2791, 4369, 48.28
BBL, EQ, 14-Sep-2021,1375.6,1395.0,1409.45,1356.0, 1386.00,1386.9,1391.53,17826,248.05,2206, 12010, 67.37
BBTC, EQ, 14-Sep-2021,1198.85,1201.0,1217.2,1198.0, 1205.00,1204.6,1206.47,71801,866.26,5973, 31569, 43.97
BCG, BE, 14-Sep-2021,34.2,34.8,35.9,34.5, 35.90,35.9,35.74,732006,261.59,1813, -, -
BCLIND, EQ, 14-Sep-2021,240.05,241.6,247.75,239.0, 240.50,240.1,243.15,83006,201.83,7276, 36276, 43.70
BCONCEPTS, SM, 14-Sep-2021,35.95,35.4,35.45,35.4, 35.45,35.45,35.43,9000,3.19,3, 0, 0.00
BCP, EQ, 14-Sep-2021,3.6,3.7,3.75,3.6, 3.70,3.7,3.68,171055,6.3,265, 106925, 62.51
BDL, EQ, 14-Sep-2021,386.45,390.0,396.7,390.0, 392.85,394.0,393.98,447682,1763.8,15145, 331548, 74.06
BEARDSELL, EQ, 14-Sep-2021,13.45,13.75,14.1,13.35, 14.00,13.9,13.72,8343,1.14,40, 7077, 84.83
BECTORFOOD, EQ, 14-Sep-2021,412.7,425.0,427.95,418.25, 421.50,422.9,421.71,638812,2693.96,26212, 246296, 38.56
BEDMUTHA, EQ, 14-Sep-2021,38.55,38.2,39.6,37.55, 38.50,38.0,38.26,19269,7.37,187, 14866, 77.15
BEL, EQ, 14-Sep-2021,196.5,195.45,204.0,194.7, 202.65,202.4,200.69,9670105,19407.4,86238, 3223126, 33.33
BEML, EQ, 14-Sep-2021,1342.6,1348.7,1443.0,1343.75, 1435.00,1433.45,1406.14,1551014,21809.48,57164, 425774, 27.45
BEPL, EQ, 14-Sep-2021,181.6,182.55,184.7,180.5, 181.50,181.3,182.55,657183,1199.7,11901, 342379, 52.10
BERGEPAINT, EQ, 14-Sep-2021,839.3,844.0,847.0,833.6, 835.60,834.85,839.95,504689,4239.13,21073, 225852, 44.75
BESTAGRO, EQ, 14-Sep-2021,813.1,821.0,823.15,772.45, 772.45,781.8,785.46,90215,708.6,2416, 63733, 70.65
BETA, SM, 14-Sep-2021,388.0,400.0,423.0,383.5, 404.45,404.2,396.65,14400,57.12,17, 8800, 61.11
BFINVEST, EQ, 14-Sep-2021,361.45,363.7,378.9,362.5, 367.00,364.45,368.31,40897,150.63,2295, 11090, 27.12
BFUTILITIE, EQ, 14-Sep-2021,414.7,416.9,426.85,416.9, 421.40,420.05,421.99,132100,557.45,3688, 59562, 45.09
BGRENERGY, EQ, 14-Sep-2021,61.1,61.5,63.5,60.75, 61.75,62.0,62.01,220412,136.68,3491, 88296, 40.06
BHAGERIA, EQ, 14-Sep-2021,252.95,250.5,255.6,249.25, 253.00,251.95,252.35,35074,88.51,1599, 18582, 52.98
BHAGYANGR, EQ, 14-Sep-2021,51.95,52.55,54.75,51.45, 51.55,52.15,53.38,112405,60.0,1024, 42525, 37.83
BHAGYAPROP, EQ, 14-Sep-2021,29.5,29.65,31.5,29.6, 30.00,30.85,30.76,49461,15.22,281, 28983, 58.60
BHANDARI, EQ, 14-Sep-2021,2.8,2.9,2.9,2.8, 2.90,2.9,2.89,423529,12.22,541, 270477, 63.86
BHARATFORG, EQ, 14-Sep-2021,774.5,776.0,791.85,774.0, 778.95,780.05,782.58,2152450,16844.63,39194, 1018259, 47.31
BHARATGEAR, EQ, 14-Sep-2021,150.2,151.0,153.9,148.05, 149.00,148.75,150.37,74921,112.66,4957, 33840, 45.17
BHARATRAS, EQ, 14-Sep-2021,12824.2,12839.9,13047.95,12705.0, 12760.00,12798.7,12862.0,2426,312.03,1004, 1336, 55.07
BHARATWIRE, BE, 14-Sep-2021,63.35,64.4,66.5,64.4, 66.50,66.5,66.29,30538,20.24,200, -, -
BHARTIARTL, EQ, 14-Sep-2021,693.3,695.0,699.7,689.1, 694.80,694.2,694.32,11479081,79701.31,156740, 4082118, 35.56
BHEL, EQ, 14-Sep-2021,55.15,55.4,58.5,55.2, 58.40,58.0,57.21,59747450,34178.83,100674, 13765069, 23.04
BIGBLOC, EQ, 14-Sep-2021,112.6,115.0,115.55,112.0, 112.10,112.4,113.2,6155,6.97,136, 4349, 70.66
BIL, EQ, 14-Sep-2021,213.6,220.0,220.0,210.05, 213.00,212.6,211.68,1777,3.76,107, 885, 49.80
BINDALAGRO, EQ, 14-Sep-2021,22.95,23.15,23.8,22.9, 23.15,23.3,23.42,195383,45.76,2314, 103786, 53.12
BIOCON, EQ, 14-Sep-2021,353.6,355.0,356.4,353.0, 355.90,355.7,354.33,1174007,4159.81,17214, 519242, 44.23
BIOFILCHEM, EQ, 14-Sep-2021,63.2,63.85,63.85,62.85, 63.35,63.15,63.33,15797,10.0,379, 10627, 67.27
BIRET, RR, 14-Sep-2021,274.87,276.89,276.89,273.0, 274.00,274.07,274.95,825447,2269.6,8544, 764172, 92.58
BIRLACABLE, BE, 14-Sep-2021,83.35,83.35,85.4,83.35, 85.20,84.55,84.42,16569,13.99,298, -, -
BIRLACORPN, EQ, 14-Sep-2021,1328.7,1336.7,1348.0,1307.0, 1322.00,1323.75,1327.87,70248,932.8,6828, 32552, 46.34
BIRLAMONEY, EQ, 14-Sep-2021,61.0,62.5,62.5,61.0, 61.85,61.75,61.71,50583,31.21,678, 36218, 71.60
BIRLATYRE, EQ, 14-Sep-2021,24.55,25.0,25.0,24.5, 24.80,24.7,24.75,140445,34.76,1467, 89212, 63.52
BKMINDST, BE, 14-Sep-2021,1.35,1.35,1.35,1.3, 1.35,1.35,1.32,52919,0.7,147, -, -
BLBLIMITED, EQ, 14-Sep-2021,10.0,10.25,10.5,9.7, 9.95,9.95,10.22,124530,12.73,318, 66906, 53.73
BLISSGVS, EQ, 14-Sep-2021,110.45,111.0,113.15,110.3, 110.80,110.65,111.51,296095,330.18,4516, 128873, 43.52
BLKASHYAP, EQ, 14-Sep-2021,24.2,24.35,25.0,23.95, 24.90,24.7,24.45,159437,38.99,674, 99791, 62.59
BLS, EQ, 14-Sep-2021,244.4,247.2,260.0,244.0, 251.90,251.25,254.12,1780533,4524.74,26330, 537569, 30.19
BLUEDART, EQ, 14-Sep-2021,6379.8,6417.0,6456.0,6340.05, 6361.85,6379.45,6400.53,23000,1472.12,4610, 10281, 44.70
BLUESTARCO, EQ, 14-Sep-2021,846.1,848.0,859.45,841.6, 851.05,852.05,849.99,70188,596.59,5762, 36278, 51.69
BODALCHEM, EQ, 14-Sep-2021,108.0,108.6,113.0,108.1, 109.60,109.55,110.36,857247,946.08,7822, 332934, 38.84
BOHRA, SM, 14-Sep-2021,3.1,2.95,3.25,2.95, 3.25,3.25,3.09,10000,0.31,5, 10000, 100.00
BOMDYEING, EQ, 14-Sep-2021,96.2,96.45,97.8,95.55, 95.75,96.0,96.64,2348009,2269.03,13470, 550061, 23.43
BOROLTD, EQ, 14-Sep-2021,238.75,239.75,246.7,226.1, 228.00,227.75,234.84,986793,2317.39,22538, 474960, 48.13
BORORENEW, EQ, 14-Sep-2021,323.85,335.0,337.0,312.2, 320.55,323.25,325.99,723584,2358.8,13088, 430631, 59.51
BOSCHLTD, EQ, 14-Sep-2021,14566.1,14585.0,14720.0,14500.0, 14563.90,14569.0,14602.28,24239,3539.45,7434, 9736, 40.17
BPCL, EQ, 14-Sep-2021,498.1,501.0,503.0,490.5, 492.95,493.1,497.44,12091391,60147.27,128550, 6993934, 57.84
BPL, BE, 14-Sep-2021,63.75,66.9,66.9,66.9, 66.90,66.9,66.9,43636,29.19,187, -, -
BRFL, BE, 14-Sep-2021,7.0,6.95,7.2,6.95, 7.10,6.95,7.05,486807,34.31,593, -, -
BRIGADE, EQ, 14-Sep-2021,400.75,402.45,409.9,400.0, 401.40,401.3,404.68,430988,1744.12,9536, 114958, 26.67
BRIGHT, SM, 14-Sep-2021,5.05,5.05,5.3,4.8, 5.15,5.2,4.94,360000,17.8,92, 282000, 78.33
BRITANNIA, EQ, 14-Sep-2021,4093.85,4097.0,4153.0,4082.4, 4109.00,4101.5,4129.47,419441,17320.7,31591, 191209, 45.59
BRITANNIA, N2, 14-Sep-2021,31.01,30.97,31.05,30.97, 31.04,31.04,31.0,1850,0.57,47, 1708, 92.32
BRITANNIA, N3, 14-Sep-2021,29.6,29.6,29.8,29.6, 29.65,29.65,29.64,6338,1.88,229, 5823, 91.87
BRNL, EQ, 14-Sep-2021,30.25,30.25,31.45,30.0, 30.35,30.2,30.54,75554,23.08,553, 58765, 77.78
BROOKS, EQ, 14-Sep-2021,136.4,137.4,141.3,135.0, 136.00,136.65,138.56,101043,140.01,1856, 44597, 44.14
BSE, EQ, 14-Sep-2021,1228.05,1235.55,1255.0,1221.2, 1225.00,1229.65,1237.34,597649,7394.94,29506, 255014, 42.67
BSHSL, BE, 14-Sep-2021,297.95,297.95,297.95,290.0, 290.05,290.3,290.98,2186,6.36,36, -, -
BSL, EQ, 14-Sep-2021,65.55,66.5,66.9,64.5, 65.20,64.8,65.14,44008,28.67,542, 23606, 53.64
BSLGOLDETF, EQ, 14-Sep-2021,4291.65,4287.05,4307.5,4287.0, 4295.00,4295.0,4295.77,79,3.39,39, 41, 51.90
BSLNIFTY, EQ, 14-Sep-2021,192.58,194.49,194.49,190.95, 193.05,191.79,192.32,1462,2.81,47, 552, 37.76
BSOFT, EQ, 14-Sep-2021,408.75,410.5,411.3,408.0, 409.40,408.9,409.68,1208780,4952.11,26842, 624328, 51.65
BURGERKING, EQ, 14-Sep-2021,158.4,158.55,161.85,158.5, 160.00,159.95,160.17,1537670,2462.87,18837, 617777, 40.18
BURNPUR, BE, 14-Sep-2021,3.25,3.3,3.3,3.1, 3.10,3.1,3.11,211471,6.58,242, -, -
BUTTERFLY, EQ, 14-Sep-2021,838.9,838.9,858.0,838.9, 839.40,839.95,844.92,72372,611.49,2819, 60889, 84.13
BVCL, BE, 14-Sep-2021,24.5,24.5,25.5,23.6, 25.50,24.8,24.62,1936,0.48,30, -, -
BYKE, EQ, 14-Sep-2021,27.65,28.0,28.6,27.5, 28.15,28.5,28.15,31792,8.95,228, 24122, 75.87
CADILAHC, EQ, 14-Sep-2021,555.55,556.0,563.4,553.5, 561.35,560.85,557.71,1244191,6938.93,19345, 447961, 36.00
CALSOFT, EQ, 14-Sep-2021,17.85,19.6,19.6,19.6, 19.60,19.6,19.6,50797,9.96,87, 50797, 100.00
CAMLINFINE, EQ, 14-Sep-2021,171.85,172.65,178.4,171.3, 174.10,174.25,175.4,722588,1267.45,8483, 253467, 35.08
CAMS, EQ, 14-Sep-2021,3603.65,3624.0,3674.0,3600.0, 3602.00,3608.5,3628.12,227624,8258.47,30059, 105616, 46.40
CANBK, EQ, 14-Sep-2021,156.8,157.0,157.9,154.65, 155.50,155.25,155.96,9677274,15092.67,37458, 4461742, 46.11
CANDC, BZ, 14-Sep-2021,3.6,3.45,3.6,3.45, 3.45,3.45,3.45,21133,0.73,30, -, -
CANFINHOME, EQ, 14-Sep-2021,631.75,634.7,641.5,627.5, 631.00,630.35,633.29,1204646,7628.85,22709, 328821, 27.30
CANTABIL, EQ, 14-Sep-2021,494.45,525.0,577.3,482.6, 511.00,511.05,529.33,1143839,6054.71,45187, 205586, 17.97
CAPACITE, EQ, 14-Sep-2021,169.4,170.6,177.65,168.55, 172.00,172.35,171.91,499544,858.77,6587, 236951, 47.43
CAPLIPOINT, EQ, 14-Sep-2021,956.0,960.8,965.0,912.8, 926.50,925.9,929.48,551938,5130.15,24053, 172584, 31.27
CAPTRUST, EQ, 14-Sep-2021,99.45,102.6,109.35,102.55, 109.35,109.35,107.26,98614,105.77,1083, 79471, 80.59
CARBORUNIV, EQ, 14-Sep-2021,913.75,920.0,951.95,905.2, 923.00,928.15,930.3,583813,5431.18,57232, 413374, 70.81
CAREERP, EQ, 14-Sep-2021,163.2,162.35,166.0,162.05, 162.20,162.5,163.19,23436,38.25,641, 14031, 59.87
CARERATING, EQ, 14-Sep-2021,728.45,733.85,739.0,727.2, 732.90,730.8,732.74,132770,972.86,6233, 60494, 45.56
CARTRADE, EQ, 14-Sep-2021,1518.65,1524.0,1529.95,1492.75, 1503.10,1510.9,1510.67,333373,5036.15,20360, 183906, 55.17
CASTROLIND, EQ, 14-Sep-2021,138.9,139.5,140.4,138.1, 138.55,138.45,139.11,613027,852.75,8116, 308858, 50.38
CCHHL, BE, 14-Sep-2021,6.45,6.65,6.65,6.2, 6.65,6.55,6.47,27938,1.81,108, -, -
CCL, EQ, 14-Sep-2021,407.0,407.0,413.0,403.4, 405.00,405.65,407.12,223730,910.86,6664, 89186, 39.86
CDSL, BE, 14-Sep-2021,1378.05,1439.0,1439.0,1321.0, 1345.00,1349.45,1376.89,925803,12747.29,65523, -, -
CEATLTD, EQ, 14-Sep-2021,1309.05,1316.0,1350.0,1310.5, 1338.00,1338.45,1334.5,251147,3351.55,20452, 92257, 36.73
CEBBCO, BE, 14-Sep-2021,34.55,35.4,35.4,33.8, 34.75,34.25,34.65,34979,12.12,214, -, -
CELEBRITY, EQ, 14-Sep-2021,9.0,9.2,9.45,8.8, 9.45,9.45,9.34,82355,7.69,241, 70309, 85.37
CENTENKA, EQ, 14-Sep-2021,442.0,442.0,467.45,442.0, 456.70,454.95,456.12,96531,440.3,4713, 46575, 48.25
CENTEXT, EQ, 14-Sep-2021,10.05,10.35,10.5,9.9, 10.00,9.95,10.22,390419,39.9,898, 246417, 63.12
CENTRALBK, EQ, 14-Sep-2021,20.5,20.5,20.7,20.45, 20.55,20.55,20.58,2958797,609.05,4386, 1367330, 46.21
CENTRUM, EQ, 14-Sep-2021,34.85,35.15,35.45,34.5, 34.90,35.0,35.01,453890,158.89,2303, 275073, 60.60
CENTUM, EQ, 14-Sep-2021,456.95,472.5,474.0,460.0, 463.00,464.5,465.0,2616,12.16,173, 1640, 62.69
CENTURYPLY, EQ, 14-Sep-2021,412.05,415.65,419.45,411.25, 413.50,415.2,415.38,289711,1203.39,7196, 207222, 71.53
CENTURYTEX, EQ, 14-Sep-2021,848.6,850.0,855.6,840.6, 844.05,846.45,847.62,264501,2241.96,7570, 77620, 29.35
CERA, EQ, 14-Sep-2021,4436.3,4413.0,4470.0,4386.2, 4450.40,4453.65,4447.89,8297,369.04,2404, 4076, 49.13
CEREBRAINT, EQ, 14-Sep-2021,57.9,58.6,58.6,56.8, 57.15,57.2,57.64,202859,116.92,1582, 136217, 67.15
CESC, EQ, 14-Sep-2021,838.25,840.0,894.0,839.0, 879.00,880.85,870.97,1542468,13434.39,51776, 525179, 34.05
CGCL, EQ, 14-Sep-2021,501.75,501.75,506.0,501.45, 504.90,503.45,503.17,21641,108.89,2524, 3650, 16.87
CGPOWER, EQ, 14-Sep-2021,89.3,89.25,90.9,88.5, 89.70,89.5,89.28,1185875,1058.73,6766, 1011121, 85.26
CHALET, EQ, 14-Sep-2021,186.55,185.15,188.15,184.0, 185.00,184.9,185.36,294671,546.2,6345, 142847, 48.48
CHAMBLFERT, EQ, 14-Sep-2021,315.4,317.0,322.6,317.0, 319.90,320.3,320.74,720577,2311.21,21339, 409659, 56.85
CHEMBOND, EQ, 14-Sep-2021,229.05,230.4,232.0,225.5, 225.50,226.35,228.38,20126,45.96,688, 12515, 62.18
CHEMCON, EQ, 14-Sep-2021,440.45,441.1,468.45,441.1, 468.45,465.7,459.11,650026,2984.35,23425, 150089, 23.09
CHEMFAB, EQ, 14-Sep-2021,156.2,157.9,164.0,156.65, 161.75,160.9,161.45,31235,50.43,584, 21276, 68.12
CHEMPLASTS, EQ, 14-Sep-2021,560.85,569.85,574.2,555.0, 559.00,558.0,566.64,495418,2807.22,13056, 315117, 63.61
CHENNPETRO, EQ, 14-Sep-2021,110.8,111.1,112.9,110.5, 110.80,111.05,111.48,311417,347.17,3932, 169502, 54.43
CHOLAFIN, EQ, 14-Sep-2021,584.4,590.0,595.0,579.45, 580.00,581.25,587.16,2256309,13248.17,47607, 690192, 30.59
CHOLAHLDNG, EQ, 14-Sep-2021,667.2,670.0,674.95,655.85, 659.90,659.8,666.29,220033,1466.05,4146, 193507, 87.94
CIGNITITEC, EQ, 14-Sep-2021,576.25,579.0,584.8,572.0, 579.15,579.1,577.67,105368,608.68,4408, 55857, 53.01
CINELINE, BE, 14-Sep-2021,100.45,100.45,101.0,97.45, 100.50,100.5,100.02,69546,69.56,233, -, -
CINEVISTA, BE, 14-Sep-2021,14.25,14.05,14.8,14.05, 14.60,14.45,14.37,19628,2.82,105, -, -
CIPLA, EQ, 14-Sep-2021,950.45,954.8,958.35,949.6, 952.15,953.15,953.17,1373821,13094.8,33657, 864685, 62.94
CLEAN, EQ, 14-Sep-2021,1671.85,1681.05,1706.95,1678.0, 1701.00,1698.4,1697.07,478063,8113.05,27264, 298204, 62.38
CLEDUCATE, EQ, 14-Sep-2021,146.75,146.75,149.5,142.55, 144.00,145.0,147.03,24205,35.59,479, 18688, 77.21
CLNINDIA, EQ, 14-Sep-2021,579.6,588.0,588.0,571.0, 577.40,575.5,578.77,47497,274.9,2975, 25233, 53.13
CLSEL, EQ, 14-Sep-2021,117.75,119.8,123.0,116.6, 120.10,120.6,120.01,103238,123.89,2705, 47595, 46.10
CMICABLES, EQ, 14-Sep-2021,48.6,49.0,50.35,48.4, 49.00,49.3,49.62,108602,53.89,1570, 53282, 49.06
CMMIPL, SM, 14-Sep-2021,17.25,18.05,18.1,18.05, 18.10,18.1,18.1,48000,8.69,6, 48000, 100.00
COALINDIA, EQ, 14-Sep-2021,154.6,155.35,155.5,153.35, 154.60,154.7,154.3,8804432,13584.8,60220, 3172869, 36.04
COCHINSHIP, EQ, 14-Sep-2021,367.0,371.45,377.75,366.35, 376.00,375.1,372.01,207902,773.41,5493, 122472, 58.91
COFFEEDAY, EQ, 14-Sep-2021,27.7,28.15,28.3,27.7, 28.00,27.9,27.95,716257,200.18,2212, 558261, 77.94
COFORGE, EQ, 14-Sep-2021,5177.85,5205.0,5339.65,5170.0, 5294.00,5295.55,5264.9,396367,20868.31,48383, 116399, 29.37
COLPAL, EQ, 14-Sep-2021,1723.3,1731.95,1737.8,1724.95, 1732.00,1732.95,1731.86,310843,5383.36,27412, 188766, 60.73
COMPINFO, EQ, 14-Sep-2021,27.05,26.9,27.6,26.45, 26.50,26.65,26.86,251159,67.46,1824, 135528, 53.96
COMPUSOFT, EQ, 14-Sep-2021,13.45,13.4,13.95,13.3, 13.65,13.65,13.68,88095,12.05,556, 49544, 56.24
CONCOR, EQ, 14-Sep-2021,740.55,740.0,745.6,725.5, 728.90,729.1,732.07,1237271,9057.69,40927, 575500, 46.51
CONFIPET, EQ, 14-Sep-2021,79.6,80.25,81.55,77.65, 80.00,79.75,80.03,2125072,1700.66,16389, 930344, 43.78
CONSOFINVT, EQ, 14-Sep-2021,156.65,162.5,162.5,149.65, 152.10,152.35,156.26,28841,45.07,978, 16114, 55.87
CONTI, SM, 14-Sep-2021,6.65,6.65,6.95,6.65, 6.95,6.95,6.84,19998,1.37,6, 19998, 100.00
CONTROLPR, EQ, 14-Sep-2021,338.25,340.0,341.0,334.15, 335.40,336.15,337.29,11565,39.01,782, 7283, 62.97
CORALFINAC, EQ, 14-Sep-2021,38.75,39.8,39.8,38.55, 39.10,38.95,38.89,12640,4.92,170, 10472, 82.85
CORDSCABLE, EQ, 14-Sep-2021,53.85,54.25,55.2,53.95, 55.00,54.75,54.63,24830,13.56,511, 16299, 65.64
COROMANDEL, EQ, 14-Sep-2021,835.05,834.5,835.95,821.65, 827.15,827.2,829.92,258280,2143.52,10533, 76097, 29.46
COSMOFILMS, EQ, 14-Sep-2021,1358.35,1377.45,1598.6,1373.3, 1558.00,1556.25,1503.73,923214,13882.62,64088, 194845, 21.11
COUNCODOS, EQ, 14-Sep-2021,3.0,2.95,3.15,2.95, 3.00,2.95,3.03,237643,7.21,254, 130633, 54.97
COX&KINGS, BZ, 14-Sep-2021,1.65,1.7,1.7,1.7, 1.70,1.7,1.7,121026,2.06,48, -, -
CPSEETF, EQ, 14-Sep-2021,26.74,26.8,27.05,26.68, 26.96,26.97,26.95,6208696,1673.17,16688, 5833299, 93.95
CRAFTSMAN, EQ, 14-Sep-2021,1971.55,1985.6,1990.0,1961.2, 1964.80,1966.45,1971.02,9061,178.59,1645, 5610, 61.91
CREATIVE, BE, 14-Sep-2021,228.95,228.95,236.5,226.0, 227.00,226.9,228.67,18737,42.85,188, -, -
CREDITACC, EQ, 14-Sep-2021,675.85,684.9,688.45,669.0, 673.95,672.25,679.41,68702,466.77,4128, 36964, 53.80
CREST, BE, 14-Sep-2021,121.2,121.0,124.0,120.6, 123.00,123.05,121.29,7364,8.93,54, -, -
CRISIL, EQ, 14-Sep-2021,2816.75,2841.7,2844.25,2780.65, 2791.00,2797.1,2796.97,29012,811.46,6237, 13465, 46.41
CROMPTON, EQ, 14-Sep-2021,486.3,489.65,495.3,483.05, 489.00,489.9,489.07,902511,4413.94,46697, 534364, 59.21
CROWN, SM, 14-Sep-2021,92.25,96.85,96.85,96.85, 96.85,96.85,96.85,2000,1.94,1, 2000, 100.00
CSBBANK, EQ, 14-Sep-2021,300.05,300.35,304.8,297.7, 302.00,303.35,302.27,185943,562.05,7122, 107531, 57.83
CTE, EQ, 14-Sep-2021,54.55,54.65,57.25,54.65, 57.25,57.25,56.93,31344,17.84,297, 27449, 87.57
CUB, EQ, 14-Sep-2021,155.55,155.8,159.3,155.7, 157.25,156.9,157.8,1539491,2429.31,14628, 417299, 27.11
CUBEXTUB, EQ, 14-Sep-2021,22.35,22.85,23.3,22.05, 22.70,22.75,22.71,15471,3.51,464, 7085, 45.80
CUMMINSIND, EQ, 14-Sep-2021,1044.15,1045.0,1049.3,1026.75, 1037.45,1038.65,1034.7,481487,4981.93,41442, 215833, 44.83
CUPID, EQ, 14-Sep-2021,234.5,235.8,236.7,230.7, 232.90,232.0,233.04,40485,94.35,1881, 26328, 65.03
CYBERMEDIA, BE, 14-Sep-2021,10.1,9.9,10.5,9.9, 10.00,10.0,10.05,6729,0.68,42, -, -
CYBERTECH, EQ, 14-Sep-2021,166.25,167.9,170.95,166.65, 167.50,167.35,168.59,38153,64.32,1380, 21302, 55.83
CYIENT, EQ, 14-Sep-2021,1049.95,1059.1,1059.1,1020.75, 1036.40,1041.9,1043.04,371615,3876.1,17243, 231885, 62.40
DAAWAT, EQ, 14-Sep-2021,64.3,65.0,67.4,64.8, 65.10,65.1,65.55,3059007,2005.25,25761, 1269101, 41.49
DABUR, EQ, 14-Sep-2021,640.2,640.2,640.95,634.75, 639.30,639.2,637.82,1422838,9075.09,50070, 905993, 63.68
DALBHARAT, EQ, 14-Sep-2021,2409.4,2425.0,2548.4,2415.15, 2420.00,2447.85,2476.23,569927,14112.72,39799, 311634, 54.68
DALMIASUG, EQ, 14-Sep-2021,402.25,403.0,421.0,403.0, 420.20,417.15,413.31,121786,503.35,5381, 50681, 41.61
DAMODARIND, BE, 14-Sep-2021,44.0,43.0,45.9,43.0, 44.75,44.75,44.93,6383,2.87,48, -, -
DANGEE, EQ, 14-Sep-2021,197.2,197.0,198.2,196.25, 196.25,196.25,197.36,2113,4.17,86, 415, 19.64
DATAMATICS, EQ, 14-Sep-2021,309.05,311.0,313.1,307.0, 308.95,308.55,310.63,125800,390.78,3072, 69358, 55.13
DBCORP, EQ, 14-Sep-2021,88.65,89.0,94.95,88.95, 93.80,94.0,92.51,789202,730.07,8966, 285581, 36.19
DBL, EQ, 14-Sep-2021,514.65,519.85,523.0,514.5, 519.00,517.55,518.73,194336,1008.07,7416, 36297, 18.68
DBREALTY, EQ, 14-Sep-2021,29.55,30.0,32.5,28.4, 30.00,30.05,31.15,4064964,1266.18,9177, 1586136, 39.02
DBSTOCKBRO, BE, 14-Sep-2021,19.4,19.8,19.8,18.45, 19.10,19.05,18.92,9665,1.83,66, -, -
DCAL, EQ, 14-Sep-2021,212.1,213.85,217.45,205.5, 209.00,210.25,212.54,1365262,2901.73,18130, 467134, 34.22
DCBBANK, EQ, 14-Sep-2021,94.85,95.0,95.1,93.35, 93.80,93.95,94.38,850851,803.03,12195, 531120, 62.42
DCI, SM, 14-Sep-2021,66.0,66.5,66.5,66.5, 66.50,66.5,66.5,30000,19.95,1, 30000, 100.00
DCM, BE, 14-Sep-2021,47.7,49.15,49.35,46.55, 47.90,47.85,47.57,7144,3.4,56, -, -
DCMNVL, EQ, 14-Sep-2021,210.0,203.0,220.5,203.0, 220.50,220.5,218.58,68469,149.66,1001, 54643, 79.81
DCMSHRIRAM, EQ, 14-Sep-2021,967.25,985.0,997.0,962.0, 969.00,971.65,980.8,108296,1062.16,7725, 48522, 44.80
DCW, EQ, 14-Sep-2021,36.95,37.05,39.65,36.7, 39.15,39.2,38.58,4038338,1557.85,12268, 1952250, 48.34
DECCANCE, EQ, 14-Sep-2021,743.85,750.0,757.0,742.55, 748.00,750.45,751.67,40300,302.92,4885, 25490, 63.25
DEEPAKFERT, BE, 14-Sep-2021,416.1,415.0,420.8,412.0, 418.00,416.95,417.41,92885,387.71,1279, -, -
DEEPAKNTR, EQ, 14-Sep-2021,2427.6,2439.7,2468.85,2420.0, 2448.00,2451.15,2449.88,1002384,24557.19,48928, 317542, 31.68
DEEPENR, BE, 14-Sep-2021,42.85,43.0,44.95,43.0, 44.80,44.35,44.21,28811,12.74,276, -, -
DEEPINDS, EQ, 14-Sep-2021,150.7,150.65,153.8,142.25, 143.60,144.1,146.56,251323,368.33,7911, 122081, 48.58
DELPHIFX, EQ, 14-Sep-2021,699.9,699.9,725.0,690.0, 692.00,691.9,702.55,6953,48.85,480, 4421, 63.58
DELTACORP, EQ, 14-Sep-2021,222.25,223.5,233.8,222.2, 229.50,230.4,229.42,12626317,28967.13,94004, 2982476, 23.62
DELTAMAGNT, EQ, 14-Sep-2021,52.35,54.25,54.4,51.9, 53.55,53.45,53.43,6176,3.3,254, 3968, 64.25
DEN, EQ, 14-Sep-2021,49.5,49.7,52.05,49.7, 51.10,51.35,51.0,3038981,1549.97,10559, 972677, 32.01
DENORA, EQ, 14-Sep-2021,348.6,348.0,352.8,340.0, 343.50,342.45,346.53,12853,44.54,835, 8006, 62.29
DEVIT, SM, 14-Sep-2021,120.0,132.0,142.0,132.0, 136.05,136.05,138.99,12000,16.68,8, 10500, 87.50
DEVYANI, EQ, 14-Sep-2021,115.1,116.9,121.95,116.05, 119.70,119.55,119.64,8353968,9995.07,60213, 3262524, 39.05
DFMFOODS, EQ, 14-Sep-2021,350.45,349.8,368.0,342.0, 363.00,365.05,360.23,336075,1210.63,10790, 133642, 39.77
DGCONTENT, BE, 14-Sep-2021,11.85,12.4,12.4,11.85, 12.15,12.15,12.2,19893,2.43,60, -, -
DHAMPURSUG, EQ, 14-Sep-2021,296.5,298.7,305.6,295.6, 304.25,302.55,300.75,359346,1080.73,6808, 153227, 42.64
DHANBANK, EQ, 14-Sep-2021,16.0,16.1,16.55,16.0, 16.50,16.35,16.2,855419,138.59,1283, 681148, 79.63
DHANI, EQ, 14-Sep-2021,198.05,198.25,205.0,196.55, 197.10,197.35,199.76,898558,1794.99,9785, 502804, 55.96
DHANILOANS, N3, 14-Sep-2021,1009.0,1009.0,1012.7,1005.0, 1010.00,1010.0,1010.8,331,3.35,10, 331, 100.00
DHANILOANS, N5, 14-Sep-2021,1264.2,1264.2,1295.0,1264.2, 1295.00,1295.0,1291.05,275,3.55,15, 250, 90.91
DHANILOANS, N6, 14-Sep-2021,1008.0,1008.0,1008.0,1008.0, 1008.00,1008.0,1008.0,188,1.9,5, 188, 100.00
DHANILOANS, N7, 14-Sep-2021,1020.0,1020.1,1020.1,1020.1, 1020.10,1020.1,1020.1,1,0.01,1, 1, 100.00
DHANILOANS, NC, 14-Sep-2021,980.0,985.0,985.0,985.0, 985.00,985.0,985.0,25,0.25,3, 25, 100.00
DHANILOANS, ND, 14-Sep-2021,985.0,1009.95,1010.0,1009.95, 1010.00,1010.0,1009.98,50,0.5,2, 50, 100.00
DHANIPP, E1, 14-Sep-2021,86.95,88.85,88.85,86.05, 86.60,86.7,87.28,51176,44.67,482, 30130, 58.88
DHANUKA, EQ, 14-Sep-2021,811.9,816.0,826.0,810.0, 819.25,816.55,820.39,51803,424.99,4773, 28531, 55.08
DHARSUGAR, BE, 14-Sep-2021,18.05,17.2,18.95,17.15, 18.95,18.95,18.2,45775,8.33,445, -, -
DHUNINV, EQ, 14-Sep-2021,637.05,635.1,654.5,611.15, 629.00,627.5,641.47,4963,31.84,425, 3121, 62.89
DIAMONDYD, EQ, 14-Sep-2021,661.85,661.85,710.55,661.4, 697.50,696.2,693.09,62440,432.76,6047, 18107, 29.00
DIAPOWER, BZ, 14-Sep-2021,1.2,1.25,1.25,1.25, 1.25,1.25,1.25,142564,1.78,56, -, -
DICIND, EQ, 14-Sep-2021,478.6,491.0,491.0,467.2, 471.95,470.95,471.29,3754,17.69,381, 2375, 63.27
DIGISPICE, EQ, 14-Sep-2021,58.15,60.4,60.4,55.25, 55.25,55.25,57.1,229397,130.98,1180, 189523, 82.62
DISHTV, EQ, 14-Sep-2021,19.35,20.5,21.25,20.4, 21.25,21.25,21.06,13616686,2867.95,7505, 12191593, 89.53
DIVISLAB, EQ, 14-Sep-2021,5085.2,5125.0,5191.4,5071.8, 5088.95,5094.85,5137.64,521157,26775.18,35239, 184924, 35.48
DIXON, EQ, 14-Sep-2021,4306.75,4324.4,4336.35,4263.05, 4289.95,4289.15,4301.34,185828,7993.09,24679, 82210, 44.24
DLF, EQ, 14-Sep-2021,339.65,341.0,345.0,341.0, 341.95,342.3,342.99,6832136,23433.37,79065, 2212855, 32.39
DLINKINDIA, EQ, 14-Sep-2021,139.55,140.8,144.8,138.9, 140.05,140.0,141.52,382231,540.92,7289, 134503, 35.19
DMART, EQ, 14-Sep-2021,3961.85,3970.0,4000.0,3964.9, 3978.00,3979.7,3988.39,203689,8123.92,32876, 123434, 60.60
DNAMEDIA, BE, 14-Sep-2021,2.1,2.15,2.15,2.0, 2.05,2.1,2.06,43689,0.9,81, -, -
DODLA, EQ, 14-Sep-2021,538.55,540.0,542.35,535.0, 537.50,535.9,538.17,29269,157.52,2466, 19580, 66.90
DOLAT, EQ, 14-Sep-2021,93.05,93.05,96.15,90.45, 94.75,94.9,94.84,404092,383.22,4613, 251248, 62.18
DOLLAR, EQ, 14-Sep-2021,377.55,377.55,383.4,375.5, 376.95,377.95,378.79,118050,447.16,4579, 53881, 45.64
DONEAR, EQ, 14-Sep-2021,60.2,60.0,61.7,59.25, 61.00,60.55,60.5,94893,57.41,1111, 62151, 65.50
DPABHUSHAN, EQ, 14-Sep-2021,200.1,196.3,201.55,196.3, 199.50,199.3,199.51,5302,10.58,126, 3340, 63.00
DPSCLTD, EQ, 14-Sep-2021,15.45,15.8,15.85,15.45, 15.60,15.55,15.59,40611,6.33,325, 26466, 65.17
DPWIRES, EQ, 14-Sep-2021,233.55,245.0,245.2,237.1, 245.20,245.2,243.66,49415,120.41,1270, 30725, 62.18
DRCSYSTEMS, EQ, 14-Sep-2021,277.5,279.0,282.05,269.95, 272.05,274.15,273.92,803,2.2,80, 619, 77.09
DREDGECORP, EQ, 14-Sep-2021,363.8,363.8,378.0,362.3, 372.00,373.55,371.95,169060,628.81,6563, 57905, 34.25
DRL, SM, 14-Sep-2021,11.35,11.9,11.9,11.9, 11.90,11.9,11.9,6000,0.71,1, 6000, 100.00
DRREDDY, EQ, 14-Sep-2021,4931.4,4949.9,4989.0,4923.75, 4938.60,4930.75,4954.77,309981,15358.85,34441, 114330, 36.88
DSML, SM, 14-Sep-2021,31.1,32.65,32.65,32.65, 32.65,32.65,32.65,42000,13.71,7, 36000, 85.71
DSSL, EQ, 14-Sep-2021,125.85,128.35,128.35,125.15, 126.95,126.5,127.08,16816,21.37,502, 11182, 66.50
DTIL, EQ, 14-Sep-2021,287.1,288.7,294.85,282.2, 288.70,290.6,291.46,11171,32.56,769, 6521, 58.37
DUCON, BE, 14-Sep-2021,10.7,10.9,11.15,10.75, 10.90,10.85,10.97,33488,3.67,184, -, -
DUDIGITAL, SM, 14-Sep-2021,117.95,129.7,129.7,129.7, 129.70,129.7,129.7,12000,15.56,6, 12000, 100.00
DVL, EQ, 14-Sep-2021,286.25,286.05,287.95,282.9, 285.25,285.95,285.7,29782,85.09,1131, 17185, 57.70
DWARKESH, EQ, 14-Sep-2021,67.95,68.2,71.3,67.55, 71.20,70.4,69.76,2361637,1647.58,12804, 958725, 40.60
DYNAMATECH, EQ, 14-Sep-2021,3175.85,3238.7,3317.0,2991.0, 3007.00,3026.85,3137.96,146503,4597.21,22654, 58080, 39.64
DYNPRO, EQ, 14-Sep-2021,551.55,555.9,576.9,555.1, 562.95,561.6,569.21,68294,388.74,4005, 27316, 40.00
E2E, SM, 14-Sep-2021,43.75,44.95,45.5,44.95, 45.50,45.5,45.16,12000,5.42,4, 10000, 83.33
EASEMYTRIP, EQ, 14-Sep-2021,523.0,527.4,533.4,517.0, 517.50,519.05,524.86,1102695,5787.61,23780, 449212, 40.74
EASTSILK, EQ, 14-Sep-2021,3.9,3.95,3.95,3.8, 3.85,3.8,3.82,41599,1.59,118, 36162, 86.93
EASUNREYRL, BZ, 14-Sep-2021,2.65,2.65,2.75,2.65, 2.75,2.75,2.69,4924,0.13,20, -, -
EBANK, EQ, 14-Sep-2021,4068.0,4086.99,4087.0,3812.0, 4020.00,4020.0,3995.66,40,1.6,22, 9, 22.50
EBBETF0423, EQ, 14-Sep-2021,1151.28,1151.0,1151.0,1149.55, 1149.55,1149.8,1150.38,4887,56.22,77, 3265, 66.81
EBBETF0425, EQ, 14-Sep-2021,1069.99,1071.5,1071.5,1069.75, 1070.00,1069.98,1070.68,5587,59.82,46, 5546, 99.27
EBBETF0430, EQ, 14-Sep-2021,1178.69,1169.0,1180.0,1169.0, 1178.00,1178.09,1179.06,6542,77.13,142, 5564, 85.05
EBBETF0431, EQ, 14-Sep-2021,1057.52,1056.5,1060.0,1055.55, 1057.70,1057.94,1058.23,14035,148.52,101, 13446, 95.80
EC2RG, MF, 14-Sep-2021,14.94,13.47,13.47,13.47, 13.47,13.47,13.47,5005,0.67,2, 5005, 100.00
EC5RG, MF, 14-Sep-2021,15.45,16.5,16.5,16.5, 16.50,16.5,16.5,1,0.0,1, 1, 100.00
ECLERX, BE, 14-Sep-2021,2193.85,2201.0,2255.0,2201.0, 2241.00,2238.1,2214.95,146564,3246.32,3153, -, -
ECLFINANCE, NG, 14-Sep-2021,979.0,984.26,984.26,984.26, 984.26,984.26,984.26,200,1.97,11, 200, 100.00
ECLFINANCE, NH, 14-Sep-2021,1280.0,1280.0,1280.0,1280.0, 1280.00,1280.0,1280.0,43,0.55,2, 43, 100.00
ECLFINANCE, NI, 14-Sep-2021,980.0,980.0,980.0,980.0, 980.00,980.0,980.0,10,0.1,1, 10, 100.00
ECLFINANCE, NJ, 14-Sep-2021,941.99,946.0,946.0,935.0, 946.00,945.97,942.54,602,5.67,10, 602, 100.00
ECLFINANCE, NK, 14-Sep-2021,886.57,895.0,895.0,890.0, 890.00,890.0,894.29,2003,17.91,47, 2003, 100.00
ECLFINANCE, NM, 14-Sep-2021,1062.0,1065.0,1067.8,1060.0, 1060.00,1060.0,1060.03,417,4.42,8, 416, 99.76
ECLFINANCE, NN, 14-Sep-2021,1280.17,1280.0,1292.0,1280.0, 1289.85,1289.97,1283.46,1054,13.53,23, 905, 85.86
ECLFINANCE, NO, 14-Sep-2021,999.0,993.6,993.6,993.6, 993.60,993.6,993.6,10,0.1,1, 10, 100.00
ECLFINANCE, NP, 14-Sep-2021,1048.82,1059.9,1061.0,1042.0, 1060.97,1060.97,1056.69,464,4.9,15, 464, 100.00
ECLFINANCE, NQ, 14-Sep-2021,1255.01,1255.11,1255.11,1255.11, 1255.11,1255.11,1255.11,10,0.13,1, 10, 100.00
ECLFINANCE, NR, 14-Sep-2021,1005.0,1005.0,1014.0,1005.0, 1007.00,1009.38,1006.66,336,3.38,22, 328, 97.62
ECLFINANCE, NS, 14-Sep-2021,1015.0,1012.0,1015.1,1012.0, 1015.00,1015.0,1014.52,384,3.9,17, 344, 89.58
EDELWEISS, EQ, 14-Sep-2021,80.8,81.55,82.5,80.05, 81.05,80.95,81.21,1572366,1276.96,10192, 798423, 50.78
EDUCOMP, BZ, 14-Sep-2021,2.9,2.95,3.0,2.8, 3.00,3.0,2.91,66034,1.92,76, -, -
EHFLNCD, N5, 14-Sep-2021,965.0,965.0,969.99,960.0, 966.00,966.0,962.39,332,3.2,14, 232, 69.88
EHFLNCD, N6, 14-Sep-2021,938.04,940.0,940.0,938.01, 938.01,939.44,939.69,387,3.64,9, 387, 100.00
EICHERMOT, EQ, 14-Sep-2021,2805.0,2818.8,2870.0,2809.65, 2814.00,2820.3,2840.52,672701,19108.22,39904, 135497, 20.14
EIDPARRY, EQ, 14-Sep-2021,426.8,428.65,429.0,415.25, 422.60,422.0,423.3,401242,1698.46,12814, 167569, 41.76
EIFFL, SM, 14-Sep-2021,84.5,84.5,84.5,84.5, 84.50,84.5,84.5,3200,2.7,4, 3200, 100.00
EIHAHOTELS, EQ, 14-Sep-2021,332.6,335.0,342.0,329.35, 341.95,339.95,335.53,21193,71.11,967, 10558, 49.82
EIHOTEL, EQ, 14-Sep-2021,109.75,110.6,111.6,108.6, 110.00,109.75,110.11,482131,530.9,8981, 220977, 45.83
EIMCOELECO, EQ, 14-Sep-2021,413.3,417.95,428.25,406.4, 415.05,414.95,417.01,7660,31.94,486, 4726, 61.70
EKC, EQ, 14-Sep-2021,127.4,129.8,133.45,127.5, 128.95,128.7,130.49,591864,772.35,5405, 403822, 68.23
ELECON, EQ, 14-Sep-2021,176.55,177.55,179.05,174.0, 176.80,176.05,176.29,562099,990.95,6985, 247940, 44.11
ELECTCAST, EQ, 14-Sep-2021,40.85,41.2,41.5,39.15, 40.25,39.9,40.3,1116576,449.95,4272, 563095, 50.43
ELECTHERM, EQ, 14-Sep-2021,129.0,129.0,130.45,126.1, 128.35,128.25,128.06,12863,16.47,387, 7284, 56.63
ELGIEQUIP, EQ, 14-Sep-2021,198.7,198.65,202.0,198.0, 199.00,198.4,199.75,96529,192.81,2460, 47018, 48.71
ELGIRUBCO, EQ, 14-Sep-2021,38.55,39.5,39.5,38.5, 38.90,38.75,38.8,22938,8.9,269, 14066, 61.32
EMAMILTD, EQ, 14-Sep-2021,591.05,591.65,607.95,589.95, 594.00,594.5,600.65,538271,3233.11,22385, 291425, 54.14
EMAMIPAP, EQ, 14-Sep-2021,166.3,167.0,168.7,165.25, 165.85,165.75,166.58,76369,127.22,2440, 44909, 58.81
EMAMIREAL, EQ, 14-Sep-2021,67.6,67.55,70.95,65.55, 69.20,69.15,69.55,139979,97.36,990, 76970, 54.99
EMBASSY, RR, 14-Sep-2021,374.33,372.48,377.0,372.02, 373.89,374.21,374.7,695946,2607.69,4138, 237797, 34.17
EMCO, BZ, 14-Sep-2021,1.85,1.9,1.9,1.8, 1.85,1.85,1.84,44048,0.81,46, -, -
EMKAY, EQ, 14-Sep-2021,118.65,118.1,119.5,118.1, 118.45,118.45,118.61,44400,52.66,1153, 23404, 52.71
EMMBI, EQ, 14-Sep-2021,101.75,101.9,106.15,101.8, 104.35,103.65,103.89,55148,57.29,1184, 34011, 61.67
ENDURANCE, EQ, 14-Sep-2021,1604.5,1612.0,1645.25,1583.0, 1585.00,1592.05,1614.04,122055,1970.01,11961, 54622, 44.75
ENERGYDEV, EQ, 14-Sep-2021,9.45,9.3,9.6,9.05, 9.20,9.25,9.22,89338,8.24,267, 61432, 68.76
ENGINERSIN, EQ, 14-Sep-2021,72.6,72.85,73.5,72.65, 73.05,73.0,73.11,1225567,896.07,6063, 609734, 49.75
ENIL, EQ, 14-Sep-2021,210.05,211.75,211.8,205.5, 205.50,206.3,208.74,62499,130.46,1573, 39966, 63.95
EPL, EQ, 14-Sep-2021,238.85,240.6,252.8,239.2, 242.35,242.5,244.14,352066,859.54,9530, 140846, 40.01
EQ30, EQ, 14-Sep-2021,405.95,413.0,413.94,402.02, 412.50,411.84,409.84,995,4.08,254, 568, 57.09
EQUITAS, EQ, 14-Sep-2021,128.4,129.6,130.55,127.05, 127.05,127.8,128.48,488129,627.17,7294, 276913, 56.73
EQUITASBNK, EQ, 14-Sep-2021,59.95,60.25,61.25,59.6, 61.00,60.85,60.6,615626,373.08,5045, 343738, 55.84
ERFLNCDI, N5, 14-Sep-2021,885.0,890.2,890.2,886.2, 886.20,886.2,888.86,150,1.33,4, 150, 100.00
ERFLNCDI, N6, 14-Sep-2021,899.0,890.0,900.0,890.0, 900.00,900.0,898.93,112,1.01,2, 112, 100.00
ERIS, EQ, 14-Sep-2021,760.5,764.35,769.05,755.0, 759.35,761.25,762.31,53493,407.78,4750, 20581, 38.47
EROSMEDIA, EQ, 14-Sep-2021,16.8,16.9,17.6,16.5, 17.60,17.6,17.41,985626,171.59,1938, 680654, 69.06
ESABINDIA, EQ, 14-Sep-2021,2234.75,2275.0,2285.25,2194.05, 2226.50,2231.15,2235.59,408465,9131.62,3350, 379012, 92.79
ESCORTS, EQ, 14-Sep-2021,1378.85,1382.0,1478.0,1377.55, 1461.90,1466.0,1439.88,4243237,61097.37,131652, 973215, 22.94
ESSARSHPNG, EQ, 14-Sep-2021,10.05,10.05,10.2,9.9, 10.20,10.05,10.04,57350,5.76,248, 39987, 69.72
ESTER, EQ, 14-Sep-2021,147.3,149.45,156.75,148.15, 152.40,152.5,153.1,723397,1107.55,13949, 323081, 44.66
EVEREADY, EQ, 14-Sep-2021,327.9,331.95,346.95,329.75, 337.10,338.95,338.86,750203,2542.11,9037, 455301, 60.69
EVERESTIND, EQ, 14-Sep-2021,442.3,442.3,453.1,442.3, 447.95,446.2,448.56,39165,175.68,2224, 22629, 57.78
EXCEL, BE, 14-Sep-2021,3.45,3.5,3.5,3.3, 3.40,3.4,3.41,73077,2.49,128, -, -
EXCELINDUS, EQ, 14-Sep-2021,1070.95,1076.5,1119.0,1076.5, 1094.75,1092.75,1101.26,24999,275.3,3679, 9390, 37.56
EXIDEIND, EQ, 14-Sep-2021,184.05,184.2,185.15,182.0, 182.25,182.6,183.45,4346188,7973.1,41138, 2011998, 46.29
EXPLEOSOL, BE, 14-Sep-2021,1067.05,1087.05,1120.4,1086.0, 1120.40,1120.4,1114.9,21813,243.19,643, -, -
EXXARO, EQ, 14-Sep-2021,154.05,155.9,162.45,154.25, 155.55,155.85,158.69,1800960,2858.01,24735, 720779, 40.02
FACT, EQ, 14-Sep-2021,125.35,126.25,128.0,125.2, 126.25,126.05,126.7,107445,136.13,2501, 34636, 32.24
FAIRCHEMOR, EQ, 14-Sep-2021,1903.7,1925.0,1929.6,1872.0, 1887.30,1880.3,1892.72,11506,217.78,1683, 7144, 62.09
FCL, EQ, 14-Sep-2021,124.85,126.5,129.7,122.6, 125.45,125.75,126.6,2295411,2906.04,26712, 824373, 35.91
FCONSUMER, EQ, 14-Sep-2021,7.5,7.55,7.7,7.5, 7.55,7.55,7.57,7704817,583.29,4603, 2986262, 38.76
FCSSOFT, BE, 14-Sep-2021,1.4,1.4,1.45,1.35, 1.45,1.4,1.43,4144514,59.21,3254, -, -
FDC, EQ, 14-Sep-2021,369.2,370.0,371.9,361.5, 363.85,363.6,366.08,249637,913.88,7742, 95685, 38.33
FEDERALBNK, EQ, 14-Sep-2021,82.1,82.5,82.9,81.95, 82.30,82.35,82.44,5706185,4703.96,34924, 2738296, 47.99
FEL, EQ, 14-Sep-2021,8.85,9.0,9.25,8.8, 9.10,9.1,9.0,619945,55.78,990, 406408, 65.56
FELDVR, EQ, 14-Sep-2021,11.9,11.9,12.2,11.65, 11.85,11.85,11.88,52301,6.22,154, 30519, 58.35
FELIX, SM, 14-Sep-2021,43.05,44.9,44.9,42.0, 44.65,44.45,44.31,112000,49.63,28, 68000, 60.71
FIEMIND, EQ, 14-Sep-2021,1186.5,1194.25,1223.0,1150.0, 1180.00,1175.3,1189.24,116805,1389.1,8979, 52619, 45.05
FILATEX, EQ, 14-Sep-2021,105.85,106.0,110.25,106.0, 108.50,108.55,108.58,3495486,3795.29,18790, 1101372, 31.51
FINCABLES, EQ, 14-Sep-2021,514.25,517.4,531.0,506.85, 525.00,523.2,522.33,519669,2714.37,20270, 266623, 51.31
FINEORG, EQ, 14-Sep-2021,3174.25,3192.0,3246.65,3156.7, 3230.15,3219.65,3208.76,38985,1250.94,8421, 20299, 52.07
FINPIPE, EQ, 14-Sep-2021,181.95,180.9,186.0,180.25, 185.50,184.95,184.32,1628931,3002.5,34897, 1007424, 61.85
FLEXITUFF, EQ, 14-Sep-2021,15.05,15.45,15.45,14.75, 15.00,14.95,15.08,23656,3.57,172, 20558, 86.90
FLFL, EQ, 14-Sep-2021,52.7,51.25,52.5,51.25, 51.80,51.5,51.81,171114,88.65,1417, 105077, 61.41
FLUOROCHEM, EQ, 14-Sep-2021,1697.35,1730.0,1734.0,1690.0, 1691.90,1693.45,1698.05,196034,3328.75,12403, 171325, 87.40
FMGOETZE, EQ, 14-Sep-2021,287.1,289.95,290.5,286.5, 289.75,289.1,288.86,45189,130.53,1615, 24253, 53.67
FMNL, EQ, 14-Sep-2021,8.95,9.15,9.15,8.8, 9.00,8.95,8.96,168663,15.12,470, 101251, 60.03
FOCUS, SM, 14-Sep-2021,55.6,58.0,58.0,55.0, 56.00,56.0,57.0,15000,8.55,4, 12000, 80.00
FORCEMOT, EQ, 14-Sep-2021,1410.95,1417.95,1480.0,1416.25, 1475.00,1463.35,1443.7,132439,1912.02,8670, 53781, 40.61
FORTIS, EQ, 14-Sep-2021,272.3,273.0,280.3,273.0, 278.00,277.35,276.97,2576387,7135.91,26631, 856504, 33.24
FOSECOIND, EQ, 14-Sep-2021,1510.85,1511.0,1528.0,1493.0, 1495.20,1500.5,1511.6,3754,56.75,459, 1706, 45.44
FRETAIL, EQ, 14-Sep-2021,48.3,47.95,48.45,46.8, 47.40,47.3,47.34,2828270,1338.99,11581, 1250907, 44.23
FSC, EQ, 14-Sep-2021,71.2,71.5,75.0,71.5, 74.10,73.6,73.18,84242,61.64,1497, 45660, 54.20
FSL, EQ, 14-Sep-2021,202.2,203.8,206.4,200.25, 202.50,202.65,203.67,4963574,10109.52,47942, 1653145, 33.31
GABRIEL, EQ, 14-Sep-2021,142.1,142.9,143.0,140.0, 140.50,140.5,141.29,601646,850.04,9826, 347358, 57.73
GAEL, EQ, 14-Sep-2021,176.65,178.7,179.7,177.05, 177.90,177.6,177.92,160489,285.54,4206, 82104, 51.16
GAIL, EQ, 14-Sep-2021,145.9,147.2,156.65,147.2, 156.05,156.0,153.04,36317283,55579.49,200354, 12346930, 34.00
GAL, EQ, 14-Sep-2021,2.2,2.25,2.3,2.2, 2.25,2.25,2.26,1150817,26.04,515, 754850, 65.59
GALAXYSURF, EQ, 14-Sep-2021,3226.15,3250.0,3575.2,3226.2, 3515.05,3515.35,3451.38,404241,13951.88,45890, 63596, 15.73
GALLANTT, EQ, 14-Sep-2021,74.5,75.95,76.0,72.4, 72.85,72.65,73.58,45848,33.73,913, 25873, 56.43
GALLISPAT, EQ, 14-Sep-2021,58.55,58.9,59.8,56.6, 58.30,57.65,57.84,55565,32.14,903, 30508, 54.91
GANDHITUBE, EQ, 14-Sep-2021,456.55,457.95,471.4,451.7, 464.90,462.8,462.68,20432,94.53,1093, 5709, 27.94
GANECOS, EQ, 14-Sep-2021,504.05,514.7,514.7,497.15, 500.00,500.2,502.69,31531,158.5,1025, 24901, 78.97
GANESHHOUC, EQ, 14-Sep-2021,162.7,164.5,171.0,163.15, 165.50,165.95,167.2,146402,244.78,2818, 74828, 51.11
GANGAFORGE, EQ, 14-Sep-2021,15.05,15.4,15.8,15.15, 15.40,15.3,15.59,1233199,192.31,3011, 652160, 52.88
GANGESSECU, EQ, 14-Sep-2021,91.25,90.55,92.0,88.8, 90.60,90.75,90.08,10336,9.31,242, 8345, 80.74
GARFIBRES, EQ, 14-Sep-2021,3465.0,3480.0,3480.0,3402.1, 3425.00,3427.9,3428.11,15768,540.54,5102, 8704, 55.20
GATI, EQ, 14-Sep-2021,141.45,142.4,142.7,139.9, 140.75,140.85,141.06,486291,685.96,5747, 289772, 59.59
GAYAPROJ, EQ, 14-Sep-2021,56.4,56.95,59.95,56.05, 58.90,58.7,58.62,5513403,3231.85,16041, 2642906, 47.94
GDL, BE, 14-Sep-2021,254.75,258.75,258.75,252.9, 255.00,254.55,254.98,55357,141.15,671, -, -
GEECEE, EQ, 14-Sep-2021,145.35,146.0,148.1,145.05, 145.20,145.4,146.74,8243,12.1,283, 5098, 61.85
GEEKAYWIRE, EQ, 14-Sep-2021,86.2,85.0,87.45,85.0, 86.85,86.1,86.53,2163,1.87,111, 1331, 61.53
GENCON, EQ, 14-Sep-2021,45.8,47.9,47.9,44.2, 45.25,45.05,45.44,69662,31.66,809, 45496, 65.31
GENESYS, EQ, 14-Sep-2021,147.2,146.45,148.9,143.3, 147.00,146.6,146.27,16018,23.43,336, 8334, 52.03
GENUSPAPER, BE, 14-Sep-2021,9.6,9.75,10.05,9.6, 10.05,9.95,9.9,163692,16.2,317, -, -
GENUSPOWER, EQ, 14-Sep-2021,67.65,68.4,69.4,67.4, 67.60,67.75,68.23,833642,568.82,6634, 401697, 48.19
GEOJITFSL, EQ, 14-Sep-2021,79.25,79.55,80.45,78.95, 79.00,79.15,79.5,256190,203.66,2504, 136699, 53.36
GEPIL, EQ, 14-Sep-2021,318.1,315.1,320.3,315.1, 318.00,318.3,318.66,48896,155.81,2899, 31129, 63.66
GESHIP, EQ, 14-Sep-2021,363.1,368.8,375.5,364.75, 368.30,367.75,369.98,980860,3629.0,22610, 427086, 43.54
GET&D, EQ, 14-Sep-2021,131.75,132.7,135.6,132.0, 134.70,134.35,133.76,181186,242.35,3503, 86045, 47.49
GFLLIMITED, EQ, 14-Sep-2021,64.55,65.3,74.9,64.0, 72.90,73.25,72.17,923178,666.22,11344, 389220, 42.16
GFSTEELS, BE, 14-Sep-2021,1.85,1.8,1.8,1.8, 1.80,1.8,1.8,40,0.0,1, -, -
GHCL, EQ, 14-Sep-2021,382.25,382.0,390.4,376.25, 387.10,385.55,381.72,670485,2559.36,9792, 381973, 56.97
GICHSGFIN, EQ, 14-Sep-2021,155.55,156.4,158.4,155.65, 156.20,156.35,156.74,232539,364.49,3997, 87540, 37.65
GICRE, EQ, 14-Sep-2021,144.15,144.7,150.3,144.55, 147.45,147.95,147.8,1928828,2850.88,29417, 632903, 32.81
GILLANDERS, BE, 14-Sep-2021,47.05,46.0,47.0,46.0, 46.80,46.8,46.17,1639,0.76,19, -, -
GILLETTE, EQ, 14-Sep-2021,6145.5,6155.0,6174.9,6025.15, 6066.05,6051.7,6092.98,8081,492.37,2508, 4121, 51.00
GINNIFILA, EQ, 14-Sep-2021,35.55,37.7,38.5,35.25, 36.50,36.05,37.13,511159,189.77,2852, 314967, 61.62
GIPCL, EQ, 14-Sep-2021,83.3,83.7,84.5,83.35, 84.00,83.85,83.92,520221,436.56,4436, 318180, 61.16
GISOLUTION, BE, 14-Sep-2021,2.85,2.85,2.85,2.75, 2.75,2.75,2.75,520,0.01,4, -, -
GKWLIMITED, EQ, 14-Sep-2021,675.75,692.35,692.35,667.1, 667.10,671.7,673.11,239,1.61,62, 155, 64.85
GLAND, EQ, 14-Sep-2021,3810.0,3821.0,3863.35,3795.05, 3813.00,3812.35,3816.74,179020,6832.73,26511, 120476, 67.30
GLAXO, EQ, 14-Sep-2021,1538.6,1545.0,1584.45,1530.0, 1567.00,1562.7,1557.04,81502,1269.02,7552, 45432, 55.74
GLENMARK, EQ, 14-Sep-2021,518.7,520.3,533.65,520.0, 531.50,531.55,526.95,1123980,5922.85,22368, 416721, 37.08
GLOBAL, EQ, 14-Sep-2021,44.65,45.95,45.95,43.8, 44.40,44.4,44.42,2806,1.25,82, 2305, 82.15
GLOBALVECT, EQ, 14-Sep-2021,51.35,51.4,53.8,51.0, 53.50,53.55,52.52,13920,7.31,174, 11986, 86.11
GLOBE, BE, 14-Sep-2021,10.75,10.55,10.9,10.5, 10.80,10.8,10.78,94617,10.2,359, -, -
GLOBUSSPR, BE, 14-Sep-2021,1212.75,1273.35,1273.35,1232.0, 1273.35,1273.35,1270.18,142997,1816.33,3300, -, -
GLS, EQ, 14-Sep-2021,664.4,670.2,691.35,667.1, 684.55,687.25,680.57,419073,2852.09,18984, 200005, 47.73
GMBREW, EQ, 14-Sep-2021,576.05,581.2,593.0,578.45, 580.00,581.7,584.14,41810,244.23,2617, 18605, 44.50
GMDCLTD, EQ, 14-Sep-2021,68.85,69.35,71.1,68.9, 69.10,69.1,69.76,1154826,805.64,7008, 333501, 28.88
GMMPFAUDLR, EQ, 14-Sep-2021,4421.9,4422.25,4480.25,4402.0, 4435.00,4424.5,4436.96,15817,701.79,4182, 7933, 50.15
GMRINFRA, EQ, 14-Sep-2021,30.0,30.2,30.3,29.8, 29.90,30.0,30.05,4332410,1301.8,42845, 1449768, 33.46
GNA, EQ, 14-Sep-2021,813.9,820.0,825.0,805.0, 814.00,813.95,815.21,75078,612.05,5407, 43998, 58.60
GNFC, EQ, 14-Sep-2021,337.2,338.1,344.35,337.7, 340.00,339.85,341.24,621824,2121.89,7705, 407679, 65.56
GOACARBON, EQ, 14-Sep-2021,379.9,379.9,382.6,372.0, 376.00,376.95,377.43,19948,75.29,1025, 13450, 67.43
GOCLCORP, EQ, 14-Sep-2021,263.75,266.0,274.95,263.65, 273.05,269.5,267.57,48445,129.62,2087, 26313, 54.32
GODFRYPHLP, EQ, 14-Sep-2021,977.65,975.2,1014.4,975.2, 997.50,997.25,1002.01,72788,729.34,5481, 28944, 39.76
GODHA, BE, 14-Sep-2021,35.7,35.7,35.7,33.95, 33.95,33.95,35.67,2548,0.91,13, -, -
GODREJAGRO, EQ, 14-Sep-2021,654.3,652.65,655.5,640.1, 647.35,645.9,647.52,125218,810.81,7718, 51328, 40.99
GODREJCP, EQ, 14-Sep-2021,1121.25,1123.3,1125.0,1110.3, 1114.00,1114.05,1117.51,506206,5656.92,20841, 274167, 54.16
GODREJIND, EQ, 14-Sep-2021,553.7,558.2,560.0,547.8, 548.15,551.2,553.65,406953,2253.08,14515, 273059, 67.10
GODREJPROP, EQ, 14-Sep-2021,1605.9,1614.0,1629.0,1606.0, 1614.00,1615.8,1617.47,566580,9164.26,25335, 151988, 26.83
GOENKA, BZ, 14-Sep-2021,1.35,1.4,1.4,1.35, 1.40,1.4,1.39,417472,5.82,150, -, -
GOKEX, EQ, 14-Sep-2021,207.95,208.5,213.0,204.45, 207.40,206.35,208.78,144685,302.08,5087, 100779, 69.65
GOKUL, EQ, 14-Sep-2021,27.75,27.75,28.2,27.4, 28.20,27.95,27.93,42655,11.91,331, 30303, 71.04
GOKULAGRO, EQ, 14-Sep-2021,38.7,39.0,40.5,38.1, 39.65,39.7,39.64,148720,58.96,1110, 83066, 55.85
GOLDBEES, EQ, 14-Sep-2021,40.72,41.12,41.12,40.34, 40.73,40.73,40.74,2019311,822.76,20680, 1540237, 76.28
GOLDENTOBC, EQ, 14-Sep-2021,92.05,89.3,96.0,89.0, 91.60,92.0,93.03,46956,43.68,961, 28308, 60.29
GOLDIAM, EQ, 14-Sep-2021,1020.4,1041.65,1070.0,1000.05, 1020.00,1018.2,1031.38,289527,2986.12,21522, 119850, 41.40
GOLDSHARE, EQ, 14-Sep-2021,41.35,41.6,41.65,41.15, 41.30,41.25,41.31,60604,25.04,662, 49503, 81.68
GOLDTECH, BE, 14-Sep-2021,25.8,27.05,27.05,27.05, 27.05,27.05,27.05,65523,17.72,99, -, -
GOODLUCK, EQ, 14-Sep-2021,308.35,309.0,323.75,306.0, 310.20,310.25,318.65,499337,1591.14,5568, 165991, 33.24
GOODYEAR, EQ, 14-Sep-2021,1020.2,1025.0,1039.65,1021.55, 1027.80,1025.9,1030.2,20349,209.64,2565, 11628, 57.14
GPIL, BE, 14-Sep-2021,1210.0,1270.5,1270.5,1241.15, 1270.50,1270.5,1269.98,385321,4893.49,8800, -, -
GPPL, EQ, 14-Sep-2021,100.9,101.2,101.75,100.9, 101.75,101.6,101.43,377196,382.58,5361, 219083, 58.08
GPTINFRA, EQ, 14-Sep-2021,88.55,89.0,89.95,87.1, 87.75,88.15,88.56,11991,10.62,298, 10111, 84.32
GRANULES, EQ, 14-Sep-2021,323.85,325.0,337.4,324.05, 336.20,335.6,332.25,2730146,9070.91,30541, 740869, 27.14
GRAPHITE, EQ, 14-Sep-2021,636.85,640.0,645.0,632.1, 633.50,633.85,638.07,232448,1483.19,8824, 93207, 40.10
GRASIM, EQ, 14-Sep-2021,1606.35,1610.0,1619.9,1594.0, 1611.00,1611.8,1611.47,1082767,17448.47,45915, 396847, 36.65
GRAUWEIL, EQ, 14-Sep-2021,61.4,62.0,65.0,62.0, 64.45,64.4,63.79,339609,216.65,7640, 216645, 63.79
GRAVITA, EQ, 14-Sep-2021,203.9,205.0,211.75,203.5, 204.00,204.5,207.11,898295,1860.43,13217, 327058, 36.41
GREAVESCOT, EQ, 14-Sep-2021,140.75,141.75,148.85,140.1, 147.80,147.8,146.02,5478628,7999.96,48817, 1498693, 27.36
GREENLAM, EQ, 14-Sep-2021,1427.0,1420.0,1429.8,1400.0, 1404.30,1403.3,1410.28,3874,54.63,598, 2070, 53.43
GREENPANEL, EQ, 14-Sep-2021,308.65,308.7,317.45,293.25, 293.25,298.1,304.71,697627,2125.77,16141, 474152, 67.97
GREENPLY, EQ, 14-Sep-2021,174.7,177.85,177.85,174.35, 174.55,174.95,175.11,132798,232.55,2664, 74555, 56.14
GREENPOWER, EQ, 14-Sep-2021,3.0,3.0,3.15,3.0, 3.15,3.15,3.13,3173671,99.35,3842, 1924287, 60.63
GRINDWELL, EQ, 14-Sep-2021,1484.4,1498.0,1507.85,1448.15, 1452.50,1460.7,1463.34,111118,1626.04,12497, 60028, 54.02
GRINFRA, EQ, 14-Sep-2021,1580.1,1585.0,1608.0,1553.6, 1560.00,1568.4,1589.62,117017,1860.12,5639, 100225, 85.65
GROBTEA, EQ, 14-Sep-2021,1012.1,1038.5,1055.0,1000.0, 1005.10,1008.5,1020.67,749,7.64,148, 481, 64.22
GRPLTD, EQ, 14-Sep-2021,949.85,956.4,973.4,940.5, 951.85,955.05,957.7,1701,16.29,245, 1322, 77.72
GRSE, EQ, 14-Sep-2021,193.85,195.35,195.4,191.05, 192.00,192.25,193.12,124926,241.26,7958, 78441, 62.79
GSCLCEMENT, EQ, 14-Sep-2021,50.8,51.2,52.3,50.95, 51.00,51.1,51.44,131983,67.89,1410, 77338, 58.60
GSFC, EQ, 14-Sep-2021,106.8,107.1,110.4,107.1, 110.00,109.3,108.73,1472323,1600.84,17846, 829184, 56.32
GSPL, EQ, 14-Sep-2021,351.0,354.05,354.05,348.0, 349.95,349.35,349.76,443008,1549.46,5812, 349239, 78.83
GSS, EQ, 14-Sep-2021,85.25,85.95,87.45,85.1, 85.10,85.6,85.91,282023,242.28,3020, 131689, 46.69
GTL, BE, 14-Sep-2021,15.45,15.05,15.55,14.75, 15.20,15.15,15.14,109571,16.59,545, -, -
GTLINFRA, BE, 14-Sep-2021,1.65,1.6,1.6,1.6, 1.60,1.6,1.6,4566322,73.06,4882, -, -
GTPL, EQ, 14-Sep-2021,230.45,232.95,235.0,228.65, 232.00,231.35,232.33,154985,360.08,6133, 55446, 35.78
GUFICBIO, EQ, 14-Sep-2021,198.1,199.7,205.0,197.7, 199.00,198.45,200.81,223111,448.03,5705, 100067, 44.85
GUJALKALI, EQ, 14-Sep-2021,495.95,501.4,516.0,493.0, 496.00,496.75,506.62,1913651,9694.85,47269, 366187, 19.14
GUJAPOLLO, EQ, 14-Sep-2021,220.7,223.5,223.6,218.0, 221.55,218.9,220.13,7397,16.28,247, 5006, 67.68
GUJGASLTD, EQ, 14-Sep-2021,676.15,676.0,678.75,668.0, 673.10,672.7,673.39,1024902,6901.6,30729, 475172, 46.36
GUJRAFFIA, BE, 14-Sep-2021,37.1,38.95,38.95,37.55, 38.50,38.3,38.65,11777,4.55,146, -, -
GULFOILLUB, EQ, 14-Sep-2021,603.9,606.0,609.25,602.75, 607.00,606.05,606.09,35043,212.39,3343, 18482, 52.74
GULFPETRO, EQ, 14-Sep-2021,54.65,55.0,56.05,54.7, 55.50,55.2,55.32,57388,31.75,1007, 36698, 63.95
GULPOLY, BE, 14-Sep-2021,250.35,251.0,254.6,245.05, 247.90,245.6,247.58,31761,78.64,638, -, -
HAL, EQ, 14-Sep-2021,1405.25,1412.3,1441.75,1369.95, 1407.30,1409.95,1403.57,2308493,32401.34,85430, 366135, 15.86
HAPPSTMNDS, EQ, 14-Sep-2021,1480.55,1488.0,1515.0,1486.25, 1499.50,1499.25,1501.36,670479,10066.31,40097, 359320, 53.59
HARRMALAYA, EQ, 14-Sep-2021,196.6,197.65,198.95,196.0, 196.45,196.3,196.93,63041,124.15,1732, 24359, 38.64
HATHWAY, EQ, 14-Sep-2021,23.45,23.65,25.75,23.6, 25.05,25.1,24.46,33949059,8304.69,21587, 21785224, 64.17
HATSUN, EQ, 14-Sep-2021,1264.95,1275.0,1517.9,1271.0, 1492.00,1463.95,1381.25,1294178,17875.86,79186, 295231, 22.81
HAVELLS, EQ, 14-Sep-2021,1450.1,1450.3,1471.45,1450.1, 1465.05,1465.55,1461.1,1024080,14962.84,29004, 446500, 43.60
HAVISHA, BE, 14-Sep-2021,1.3,1.3,1.35,1.25, 1.25,1.25,1.27,68059,0.87,139, -, -
HBANKETF, EQ, 14-Sep-2021,364.86,371.88,371.88,363.98, 367.38,367.1,365.69,3472,12.7,82, 2993, 86.20
HBLPOWER, EQ, 14-Sep-2021,48.7,49.15,49.5,48.6, 48.85,48.8,49.01,519358,254.55,3532, 239646, 46.14
HBSL, EQ, 14-Sep-2021,38.35,39.95,39.95,36.65, 38.05,38.7,38.01,8398,3.19,226, 6610, 78.71
HCC, EQ, 14-Sep-2021,9.95,10.1,10.4,10.05, 10.20,10.25,10.3,6542408,673.96,5073, 3678541, 56.23
HCG, EQ, 14-Sep-2021,241.05,240.1,243.7,236.9, 238.80,238.55,240.16,116375,279.48,4386, 72121, 61.97
HCL-INSYS, EQ, 14-Sep-2021,13.4,14.05,14.05,13.8, 14.05,14.05,14.05,413322,58.07,847, 339434, 82.12
HCLTECH, EQ, 14-Sep-2021,1208.4,1216.0,1240.6,1207.0, 1237.00,1238.65,1229.99,5593286,68797.08,185674, 3339205, 59.70
HDFC, EQ, 14-Sep-2021,2849.8,2864.95,2869.0,2810.0, 2820.20,2818.05,2829.56,2238463,63338.7,79187, 1238079, 55.31
HDFC, W3, 14-Sep-2021,878.25,871.1,871.1,856.0, 856.00,856.0,865.9,7800,67.54,13, 6000, 76.92
HDFCAMC, EQ, 14-Sep-2021,3302.05,3314.0,3338.0,3255.0, 3268.00,3268.9,3296.58,298333,9834.77,25372, 104178, 34.92
HDFCBANK, EQ, 14-Sep-2021,1555.55,1560.0,1564.5,1546.6, 1550.00,1548.55,1552.26,4879253,75738.82,152737, 3748148, 76.82
HDFCLIFE, EQ, 14-Sep-2021,734.9,737.8,744.0,736.1, 739.00,739.2,740.32,1974670,14618.83,51527, 1161336, 58.81
HDFCMFGETF, EQ, 14-Sep-2021,41.74,41.74,41.89,41.74, 41.83,41.8,41.81,127722,53.4,767, 84120, 65.86
HDFCNIFETF, EQ, 14-Sep-2021,185.41,186.9,186.9,184.0, 185.70,185.68,186.08,13860,25.79,319, 11645, 84.02
HDFCSENETF, EQ, 14-Sep-2021,625.17,633.99,633.99,625.0, 628.85,628.73,627.4,2004,12.57,192, 1120, 55.89
HDIL, BZ, 14-Sep-2021,4.55,4.65,4.7,4.55, 4.55,4.55,4.61,164918,7.6,306, -, -
HEG, EQ, 14-Sep-2021,2264.6,2276.0,2290.95,2245.0, 2248.00,2255.2,2265.87,62880,1424.78,6105, 31024, 49.34
HEIDELBERG, EQ, 14-Sep-2021,263.95,264.0,268.4,264.0, 267.00,266.6,266.59,155854,415.5,4291, 86221, 55.32
HEMIPROP, EQ, 14-Sep-2021,132.1,132.95,142.5,132.4, 139.80,139.7,139.03,2778835,3863.38,28917, 838569, 30.18
HERANBA, EQ, 14-Sep-2021,769.3,775.35,781.9,769.45, 775.30,776.65,775.99,116349,902.85,5364, 63609, 54.67
HERCULES, EQ, 14-Sep-2021,141.75,142.7,143.1,140.05, 141.80,141.55,142.05,53008,75.3,2760, 26863, 50.68
HERITGFOOD, EQ, 14-Sep-2021,455.6,459.8,462.0,451.0, 454.00,454.8,458.11,110249,505.06,4860, 53338, 48.38
HEROMOTOCO, EQ, 14-Sep-2021,2789.8,2800.0,2861.0,2800.0, 2846.00,2851.7,2842.85,880592,25033.93,54200, 358095, 40.67
HESTERBIO, EQ, 14-Sep-2021,2562.2,2605.0,2620.0,2525.05, 2550.00,2539.3,2573.7,15841,407.7,2444, 7084, 44.72
HEXATRADEX, BE, 14-Sep-2021,190.15,186.35,194.9,186.0, 188.30,191.1,190.76,8782,16.75,151, -, -
HFCL, BE, 14-Sep-2021,78.1,78.5,80.9,78.4, 79.50,79.4,79.66,4552200,3626.3,25672, -, -
HGINFRA, EQ, 14-Sep-2021,598.7,602.7,617.85,591.55, 609.00,609.4,606.81,250529,1520.24,12299, 94996, 37.92
HGS, BE, 14-Sep-2021,2975.9,3055.0,3089.0,2975.9, 2999.00,3015.3,3045.22,31890,971.12,2323, -, -
HIKAL, EQ, 14-Sep-2021,650.15,656.75,676.0,650.0, 655.00,654.0,662.02,392029,2595.32,15653, 129760, 33.10
HIL, EQ, 14-Sep-2021,5263.75,5312.0,5330.8,5205.55, 5286.00,5264.55,5268.97,13795,726.85,2335, 10786, 78.19
HILTON, EQ, 14-Sep-2021,14.2,14.2,14.9,14.0, 14.70,14.65,14.68,47628,6.99,262, 34099, 71.59
HIMATSEIDE, BE, 14-Sep-2021,251.35,253.0,254.0,247.0, 251.30,251.9,251.81,106180,267.37,611, -, -
HINDALCO, EQ, 14-Sep-2021,478.35,483.1,483.45,473.2, 478.00,477.95,476.48,15253798,72681.39,120620, 8939862, 58.61
HINDCOMPOS, EQ, 14-Sep-2021,300.7,300.75,313.45,300.75, 304.65,305.25,307.28,5610,17.24,393, 3270, 58.29
HINDCON, EQ, 14-Sep-2021,61.5,61.5,62.3,60.6, 61.10,61.1,61.22,12688,7.77,262, 9891, 77.96
HINDCOPPER, EQ, 14-Sep-2021,124.6,125.45,129.75,124.1, 125.95,126.0,127.18,5772261,7341.03,39868, 1826016, 31.63
HINDMOTORS, EQ, 14-Sep-2021,7.65,7.75,7.75,7.5, 7.60,7.65,7.65,187238,14.32,680, 125185, 66.86
HINDNATGLS, BE, 14-Sep-2021,35.4,35.9,37.15,35.0, 37.15,37.15,35.99,39416,14.19,86, -, -
HINDOILEXP, EQ, 14-Sep-2021,193.15,195.0,204.5,192.3, 195.75,196.65,198.35,1890473,3749.83,18220, 585836, 30.99
HINDPETRO, EQ, 14-Sep-2021,270.65,272.45,275.85,270.7, 274.50,274.15,274.07,3211837,8802.59,31050, 1502777, 46.79
HINDUNILVR, EQ, 14-Sep-2021,2786.35,2802.0,2804.0,2751.05, 2764.45,2762.55,2766.54,1755061,48554.44,100921, 1252787, 71.38
HINDZINC, EQ, 14-Sep-2021,335.4,338.0,338.8,331.05, 333.00,333.0,335.14,571182,1914.27,11024, 259608, 45.45
HIRECT, EQ, 14-Sep-2021,211.55,212.0,215.5,205.5, 206.25,206.65,209.96,49586,104.11,2195, 27128, 54.71
HISARMETAL, EQ, 14-Sep-2021,129.25,130.15,138.75,130.0, 132.50,133.2,135.01,49199,66.42,1130, 20975, 42.63
HITECH, EQ, 14-Sep-2021,593.2,604.7,620.0,600.0, 614.00,614.1,610.3,194931,1189.66,4169, 146677, 75.25
HITECHCORP, EQ, 14-Sep-2021,222.95,228.9,237.6,217.6, 230.60,228.5,231.38,30360,70.25,901, 11876, 39.12
HITECHGEAR, EQ, 14-Sep-2021,275.7,275.65,282.0,274.25, 276.25,277.4,278.81,9010,25.12,561, 4461, 49.51
HLEGLAS, EQ, 14-Sep-2021,4616.4,4675.1,4769.1,4550.0, 4620.00,4621.1,4655.62,12348,574.88,2444, 5179, 41.94
HLVLTD, EQ, 14-Sep-2021,8.85,8.95,9.15,8.8, 9.10,9.05,9.01,190748,17.19,485, 123109, 64.54
HMT, BZ, 14-Sep-2021,28.5,28.0,29.1,27.5, 28.00,28.15,28.51,6723,1.92,60, -, -
HMVL, EQ, 14-Sep-2021,75.75,75.75,78.4,75.55, 77.90,77.8,77.15,214185,165.24,1863, 133627, 62.39
HNDFDS, EQ, 14-Sep-2021,2036.2,2037.0,2064.0,2005.0, 2020.00,2018.35,2027.84,8167,165.61,1615, 6100, 74.69
HNGSNGBEES, EQ, 14-Sep-2021,330.19,332.2,332.7,327.03, 329.60,329.73,329.72,5977,19.71,240, 4136, 69.20
HOMEFIRST, EQ, 14-Sep-2021,575.1,575.25,582.0,575.0, 575.10,578.9,576.34,279089,1608.51,5897, 253857, 90.96
HONAUT, EQ, 14-Sep-2021,42511.05,42807.55,42807.55,42013.95, 42200.00,42243.05,42320.79,1496,633.12,1124, 707, 47.26
HONDAPOWER, EQ, 14-Sep-2021,1210.5,1220.3,1220.3,1202.55, 1210.35,1213.4,1212.23,4292,52.03,631, 2390, 55.68
HOVS, BE, 14-Sep-2021,57.4,58.5,59.0,55.5, 56.50,56.7,56.78,10008,5.68,79, -, -
HPL, EQ, 14-Sep-2021,70.9,71.8,71.95,69.5, 70.25,70.05,70.67,130255,92.04,1987, 91185, 70.00
HSCL, EQ, 14-Sep-2021,46.8,47.1,47.85,46.95, 47.10,47.2,47.23,2274376,1074.22,10851, 854015, 37.55
HSIL, EQ, 14-Sep-2021,235.7,238.05,244.3,235.0, 243.10,243.15,241.19,264456,637.83,9333, 113518, 42.93
HTMEDIA, EQ, 14-Sep-2021,23.95,24.7,27.0,24.25, 25.30,25.25,25.86,1469816,380.03,4670, 716482, 48.75
HUBTOWN, BE, 14-Sep-2021,30.4,30.7,31.5,29.25, 30.00,30.0,30.16,37914,11.44,158, -, -
HUDCO, EQ, 14-Sep-2021,43.15,43.35,43.95,43.15, 43.60,43.6,43.61,1336728,582.91,5413, 638477, 47.76
HUDCO, N3, 14-Sep-2021,1059.0,1059.5,1059.99,1059.0, 1059.00,1059.0,1059.45,1006,10.66,19, 975, 96.92
HUDCO, N4, 14-Sep-2021,1080.0,1076.8,1079.0,1076.8, 1079.00,1079.0,1077.72,50,0.54,3, 30, 60.00
HUDCO, N5, 14-Sep-2021,1199.0,1199.9,1200.0,1198.0, 1200.00,1199.33,1199.41,395,4.74,6, 395, 100.00
HUDCO, N7, 14-Sep-2021,1167.0,1167.5,1168.0,1167.5, 1168.00,1168.0,1167.78,1000,11.68,3, 1000, 100.00
HUDCO, N8, 14-Sep-2021,1250.0,1250.0,1250.0,1249.0, 1249.00,1249.0,1249.05,21,0.26,2, 21, 100.00
HUDCO, N9, 14-Sep-2021,1260.0,1265.0,1265.0,1265.0, 1265.00,1265.0,1265.0,300,3.8,3, 300, 100.00
HUDCO, ND, 14-Sep-2021,1313.01,1329.89,1334.5,1317.0, 1332.00,1331.99,1329.56,3898,51.83,68, 2855, 73.24
HUDCO, NE, 14-Sep-2021,1453.0,1462.0,1462.0,1452.0, 1452.00,1452.0,1458.58,153,2.23,12, 146, 95.42
HUHTAMAKI, EQ, 14-Sep-2021,262.95,263.0,270.0,262.95, 267.35,268.35,266.8,84437,225.28,3378, 45784, 54.22
IBMFNIFTY, EQ, 14-Sep-2021,173.51,173.51,181.0,173.2, 175.37,174.86,176.51,2871,5.07,141, 480, 16.72
IBREALEST, EQ, 14-Sep-2021,141.3,142.25,144.0,137.55, 139.15,139.8,140.73,8930014,12567.46,51073, 4368985, 48.92
IBUCCREDIT, N7, 14-Sep-2021,940.0,941.0,941.0,940.0, 940.00,940.0,940.01,185,1.74,5, 185, 100.00
IBUCCREDIT, ND, 14-Sep-2021,965.0,918.2,920.0,909.2, 909.20,909.2,918.53,65,0.6,4, 65, 100.00
IBULHSGFIN, EQ, 14-Sep-2021,228.95,230.0,240.35,229.6, 239.05,239.3,235.73,11315150,26672.79,71756, 3735387, 33.01
IBULHSGFIN, N8, 14-Sep-2021,970.0,979.99,979.99,979.99, 979.99,979.99,979.99,10,0.1,1, 10, 100.00
IBULHSGFIN, NA, 14-Sep-2021,969.0,962.0,962.0,955.0, 955.00,955.0,957.33,150,1.44,3, 150, 100.00
IBULHSGFIN, NB, 14-Sep-2021,1300.0,1325.0,1325.0,1305.0, 1305.00,1305.0,1309.0,100,1.31,4, 100, 100.00
IBULHSGFIN, NE, 14-Sep-2021,992.87,990.0,990.0,970.0, 970.00,970.0,978.5,50,0.49,4, 50, 100.00
ICDSLTD, BE, 14-Sep-2021,153.55,161.2,161.2,145.9, 145.90,145.9,154.59,30204,46.69,536, -, -
ICEMAKE, EQ, 14-Sep-2021,76.15,75.85,77.0,74.75, 75.00,75.35,75.38,13538,10.2,139, 10854, 80.17
ICICI500, EQ, 14-Sep-2021,245.06,248.55,248.55,245.0, 245.15,245.2,245.51,7442,18.27,180, 6462, 86.83
ICICIALPLV, EQ, 14-Sep-2021,184.46,184.45,187.0,181.0, 182.00,181.69,181.9,15571,28.32,428, 13736, 88.22
ICICIB22, EQ, 14-Sep-2021,42.39,42.5,42.97,42.18, 42.90,42.91,42.79,724911,310.18,2784, 529441, 73.04
ICICIBANK, EQ, 14-Sep-2021,707.4,713.25,714.0,706.5, 707.95,707.45,709.65,5241865,37198.74,109788, 2897308, 55.27
ICICIBANKN, EQ, 14-Sep-2021,363.44,374.7,374.7,364.43, 364.90,364.49,365.25,26751,97.71,206, 25550, 95.51
ICICIBANKP, EQ, 14-Sep-2021,186.24,188.0,189.88,187.0, 187.60,187.77,188.07,1948,3.66,94, 1592, 81.72
ICICIFMCG, EQ, 14-Sep-2021,406.8,414.95,414.95,405.05, 406.25,406.22,406.53,1980,8.05,147, 1638, 82.73
ICICIGI, EQ, 14-Sep-2021,1636.85,1624.95,1629.6,1578.7, 1606.50,1614.7,1611.66,1148377,18507.98,47737, 701558, 61.09
ICICIGOLD, EQ, 14-Sep-2021,41.75,41.41,41.87,41.41, 41.71,41.76,41.76,236306,98.69,2303, 217254, 91.94
ICICILIQ, EQ, 14-Sep-2021,999.99,1005.0,1008.9,999.01, 999.99,999.99,1000.01,22000,220.0,118, 17093, 77.70
ICICILOVOL, EQ, 14-Sep-2021,142.26,139.26,144.2,138.27, 142.91,142.91,142.86,104157,148.8,1257, 100372, 96.37
ICICIM150, EQ, 14-Sep-2021,111.68,114.7,116.7,111.1, 112.90,113.13,113.16,8156,9.23,427, 5860, 71.85
ICICIMCAP, EQ, 14-Sep-2021,104.72,106.2,106.2,104.2, 105.90,105.37,105.67,10434,11.03,314, 5878, 56.34
ICICINF100, EQ, 14-Sep-2021,190.87,192.39,192.98,190.21, 191.75,191.73,191.99,4196,8.06,261, 2323, 55.36
ICICINIFTY, EQ, 14-Sep-2021,186.05,199.0,199.0,185.75, 186.40,186.51,186.64,142154,265.31,3537, 100956, 71.02
ICICINV20, EQ, 14-Sep-2021,94.48,95.19,95.19,94.0, 95.05,95.04,94.96,17907,17.0,1318, 15293, 85.40
ICICINXT50, EQ, 14-Sep-2021,43.74,44.0,44.23,43.74, 43.76,43.83,43.98,32854,14.45,821, 25787, 78.49
ICICIPHARM, EQ, 14-Sep-2021,91.1,91.1,92.0,91.1, 91.79,91.79,91.61,6435,5.9,125, 3883, 60.34
ICICIPRULI, EQ, 14-Sep-2021,693.4,698.8,700.25,687.5, 689.90,689.9,692.93,630884,4371.6,21428, 220076, 34.88
ICICISENSX, EQ, 14-Sep-2021,631.36,634.0,635.0,631.9, 633.25,633.25,633.88,588,3.73,66, 524, 89.12
ICICITECH, EQ, 14-Sep-2021,356.19,358.0,360.45,352.2, 360.29,359.72,358.91,15453,55.46,372, 12880, 83.35
ICIL, EQ, 14-Sep-2021,276.3,277.8,280.0,268.0, 270.00,268.75,272.31,368193,1002.63,9036, 187579, 50.95
ICRA, EQ, 14-Sep-2021,3591.35,3623.0,3623.0,3535.0, 3549.00,3545.3,3574.82,3572,127.69,690, 2320, 64.95
IDBI, EQ, 14-Sep-2021,39.35,39.5,39.5,38.9, 39.10,39.0,39.25,10404454,4083.54,48338, 5111444, 49.13
IDBIGOLD, EQ, 14-Sep-2021,4348.55,4343.95,4360.0,4309.4, 4309.40,4311.5,4317.26,74,3.19,27, 65, 87.84
IDEA, EQ, 14-Sep-2021,7.95,7.95,9.0,7.9, 8.75,8.7,8.55,776770515,66420.53,314525, 225885043, 29.08
IDFC, EQ, 14-Sep-2021,56.6,56.7,57.1,53.15, 54.70,54.85,54.89,24932674,13686.27,38718, 13385763, 53.69
IDFCFIRSTB, EQ, 14-Sep-2021,46.85,47.0,48.5,46.9, 47.90,47.95,47.75,23597971,11268.21,38061, 7472764, 31.67
IDFCFIRSTB, N9, 14-Sep-2021,5300.0,5300.0,5375.0,5300.0, 5365.00,5365.0,5334.0,10,0.53,4, 9, 90.00
IDFCFIRSTB, NA, 14-Sep-2021,11486.11,11485.11,11550.0,11485.11, 11550.00,11550.0,11506.74,6,0.69,2, 6, 100.00
IDFCFIRSTB, NB, 14-Sep-2021,5200.0,5200.0,5215.0,5200.0, 5205.00,5206.66,5209.21,19,0.99,4, 14, 73.68
IDFCFIRSTB, NC, 14-Sep-2021,11000.0,11000.0,11039.0,11000.0, 11039.00,11039.0,11026.0,6,0.66,2, 6, 100.00
IDFNIFTYET, EQ, 14-Sep-2021,181.79,164.8,182.81,164.8, 182.55,182.55,182.14,65,0.12,9, 56, 86.15
IEX, EQ, 14-Sep-2021,592.75,596.9,597.0,583.5, 586.85,586.3,590.11,4587084,27068.81,79524, 1184195, 25.82
IFBAGRO, EQ, 14-Sep-2021,559.8,566.8,577.45,551.6, 556.00,557.65,564.71,15721,88.78,984, 7955, 50.60
IFBIND, EQ, 14-Sep-2021,1075.85,1084.0,1084.0,1037.2, 1073.15,1075.9,1070.16,45179,483.49,3589, 21489, 47.56
IFCI, EQ, 14-Sep-2021,11.3,11.35,11.6,11.15, 11.45,11.4,11.4,3241738,369.57,11210, 1478924, 45.62
IFCI, NF, 14-Sep-2021,1084.8,1070.1,1072.1,1070.1, 1072.10,1072.1,1071.9,10,0.11,2, 10, 100.00
IFCI, NH, 14-Sep-2021,1056.63,1074.0,1074.0,1054.0, 1054.00,1054.06,1056.63,5948,62.85,118, 5664, 95.23
IFCI, NI, 14-Sep-2021,1930.0,1950.0,1970.0,1950.0, 1950.00,1950.0,1956.0,10,0.2,3, 10, 100.00
IFCI, NM, 14-Sep-2021,1830.0,1835.0,1835.0,1835.0, 1835.00,1835.0,1835.0,75,1.38,1, 75, 100.00
IFGLEXPOR, EQ, 14-Sep-2021,327.65,330.0,339.8,330.0, 333.00,334.65,334.45,30218,101.07,1427, 15499, 51.29
IGARASHI, EQ, 14-Sep-2021,511.2,514.0,549.9,513.2, 545.50,542.6,535.32,412482,2208.1,17283, 195925, 47.50
IGL, EQ, 14-Sep-2021,591.45,600.0,602.05,585.45, 587.00,587.0,593.26,3871669,22968.96,73956, 1069535, 27.62
IGPL, EQ, 14-Sep-2021,639.5,646.0,646.0,631.2, 631.70,632.4,634.82,32738,207.83,2144, 19221, 58.71
IIFCL, N4, 14-Sep-2021,1426.03,1421.01,1423.0,1420.0, 1423.00,1423.0,1422.77,1012,14.4,6, 1000, 98.81
IIFL, EQ, 14-Sep-2021,309.4,317.0,322.85,304.95, 312.50,309.2,313.12,540266,1691.69,8188, 298804, 55.31
IIFL, N2, 14-Sep-2021,1057.65,1057.9,1057.9,1057.9, 1057.90,1057.9,1057.9,4,0.04,1, 4, 100.00
IIFL, N3, 14-Sep-2021,1268.0,1349.0,1349.0,1272.0, 1280.00,1280.0,1300.33,300,3.9,4, 200, 66.67
IIFL, N4, 14-Sep-2021,1037.0,1030.0,1030.0,1020.0, 1021.00,1022.19,1022.36,1032,10.55,40, 950, 92.05
IIFL, N5, 14-Sep-2021,1065.0,1065.0,1065.0,1057.0, 1057.00,1059.0,1064.02,1351,14.37,16, 1201, 88.90
IIFL, N7, 14-Sep-2021,1045.0,1053.55,1053.55,1053.55, 1053.55,1053.55,1053.55,268,2.82,3, 268, 100.00
IIFL, NB, 14-Sep-2021,1044.8,1040.8,1048.5,1040.8, 1048.50,1048.5,1044.65,200,2.09,2, 100, 50.00
IIFL, ND, 14-Sep-2021,1017.0,1022.23,1022.23,1022.23, 1022.23,1022.23,1022.23,15,0.15,1, 15, 100.00
IIFL, NE, 14-Sep-2021,997.0,1005.0,1005.0,996.0, 996.00,996.0,1002.39,69,0.69,4, 69, 100.00
IIFL, NF, 14-Sep-2021,998.81,995.3,998.99,995.25, 997.00,997.24,997.36,1030,10.27,27, 1030, 100.00
IIFL, NG, 14-Sep-2021,994.0,994.0,996.0,994.0, 996.00,996.0,995.07,203,2.02,8, 203, 100.00
IIFLSEC, EQ, 14-Sep-2021,95.3,95.9,97.9,93.8, 94.85,94.35,95.62,308337,294.84,4267, 183015, 59.36
IIFLWAM, EQ, 14-Sep-2021,1690.85,1710.0,1715.0,1651.55, 1657.50,1665.1,1683.66,61501,1035.47,7998, 29623, 48.17
IIHFL, N4, 14-Sep-2021,994.5,989.0,995.0,989.0, 991.00,991.0,993.66,878,8.72,4, 878, 100.00
IIHFL, N5, 14-Sep-2021,993.99,995.0,995.0,988.51, 992.00,990.26,990.07,9760,96.63,70, 9446, 96.78
IIHFL, N6, 14-Sep-2021,930.18,912.0,935.0,912.0, 931.00,932.33,931.0,17,0.16,4, 16, 94.12
IITL, EQ, 14-Sep-2021,67.25,66.0,70.6,65.85, 70.60,70.6,67.31,227942,153.43,79, 226644, 99.43
IL&FSENGG, BZ, 14-Sep-2021,4.5,4.65,4.65,4.35, 4.35,4.35,4.42,20387,0.9,54, -, -
IL&FSTRANS, BZ, 14-Sep-2021,3.4,3.25,3.5,3.25, 3.25,3.25,3.28,57983,1.9,118, -, -
IMAGICAA, EQ, 14-Sep-2021,7.65,7.85,7.95,7.7, 7.80,7.8,7.84,55314,4.33,153, 36823, 66.57
IMFA, BE, 14-Sep-2021,674.6,674.6,690.0,668.05, 686.00,680.1,675.68,13459,90.94,450, -, -
IMPAL, EQ, 14-Sep-2021,758.35,757.3,769.9,755.0, 756.00,756.35,758.19,1363,10.33,139, 972, 71.31
INCREDIBLE, BE, 14-Sep-2021,27.3,27.0,28.3,26.6, 27.65,27.65,27.32,8718,2.38,71, -, -
INDBANK, EQ, 14-Sep-2021,23.55,24.0,24.35,23.15, 23.90,23.95,24.08,139939,33.7,740, 74331, 53.12
INDHOTEL, EQ, 14-Sep-2021,154.1,154.95,155.5,152.4, 153.60,153.9,154.08,2832309,4364.01,19725, 1061968, 37.49
INDIACEM, EQ, 14-Sep-2021,178.65,180.2,182.45,179.15, 181.50,181.35,180.83,1261406,2281.02,11635, 431237, 34.19
INDIAGLYCO, EQ, 14-Sep-2021,698.15,701.1,706.65,686.2, 689.70,687.45,693.07,186110,1289.88,7408, 98842, 53.11
INDIAMART, EQ, 14-Sep-2021,8705.9,8775.0,8901.0,8720.0, 8759.95,8776.5,8797.9,157515,13858.02,25047, 19950, 12.67
INDIANB, EQ, 14-Sep-2021,125.0,125.75,129.15,125.45, 128.55,128.6,127.69,1774143,2265.43,16471, 853472, 48.11
INDIANCARD, BE, 14-Sep-2021,177.0,183.0,183.0,170.3, 173.20,176.8,172.63,1116,1.93,23, -, -
INDIANHUME, EQ, 14-Sep-2021,198.5,199.0,201.75,199.0, 199.85,199.9,199.99,42830,85.66,1094, 29063, 67.86
INDIGO, EQ, 14-Sep-2021,1897.7,1895.0,1948.95,1893.45, 1942.95,1943.0,1924.71,639673,12311.86,40863, 254740, 39.82
INDIGOPNTS, EQ, 14-Sep-2021,2588.1,2596.0,2596.0,2568.0, 2575.00,2574.8,2581.75,9929,256.34,2581, 5905, 59.47
INDIGRID, IV, 14-Sep-2021,135.95,135.95,136.9,135.0, 135.00,135.11,135.54,529048,717.06,2940, 502502, 94.98
INDIGRID, ND, 14-Sep-2021,1021.0,1021.0,1021.0,1021.0, 1021.00,1021.0,1021.0,5,0.05,1, 5, 100.00
INDIGRID, NJ, 14-Sep-2021,1069.99,1070.0,1070.5,1069.99, 1069.99,1069.99,1070.37,1095,11.72,5, 1085, 99.09
INDIGRID, NL, 14-Sep-2021,1059.0,1058.5,1059.55,1058.5, 1059.55,1059.55,1059.46,49,0.52,4, 49, 100.00
INDLMETER, EQ, 14-Sep-2021,12.0,11.8,12.3,11.6, 12.00,12.0,12.05,17347,2.09,216, 11528, 66.46
INDNIPPON, EQ, 14-Sep-2021,356.05,359.6,362.7,356.0, 359.90,359.4,358.43,10803,38.72,830, 6047, 55.98
INDOCO, EQ, 14-Sep-2021,456.75,458.7,471.5,458.65, 463.50,464.25,465.2,228175,1061.48,10898, 94925, 41.60
INDORAMA, EQ, 14-Sep-2021,52.25,53.25,54.6,50.4, 54.20,54.0,52.59,129288,68.0,970, 89919, 69.55
INDOSOLAR, BZ, 14-Sep-2021,2.45,2.55,2.55,2.45, 2.55,2.55,2.54,91660,2.32,135, -, -
INDOSTAR, EQ, 14-Sep-2021,294.7,296.4,300.4,293.0, 297.00,294.9,297.7,117676,350.32,3341, 70929, 60.27
INDOTECH, BE, 14-Sep-2021,159.55,159.65,160.95,155.15, 157.00,157.65,157.1,10794,16.96,182, -, -
INDOTHAI, EQ, 14-Sep-2021,86.3,86.3,88.0,86.3, 88.00,87.3,87.75,29392,25.79,132, 23107, 78.62
INDOWIND, BE, 14-Sep-2021,6.4,6.6,6.7,6.3, 6.45,6.4,6.45,63430,4.09,258, -, -
INDRAMEDCO, EQ, 14-Sep-2021,80.3,80.75,81.55,79.2, 79.95,79.7,80.16,292202,234.23,3471, 137632, 47.10
INDSWFTLAB, EQ, 14-Sep-2021,69.55,70.0,71.0,68.5, 68.90,68.8,69.75,75518,52.67,1122, 47699, 63.16
INDSWFTLTD, BE, 14-Sep-2021,9.9,10.2,10.2,9.45, 9.90,9.8,9.92,26363,2.62,69, -, -
INDTERRAIN, EQ, 14-Sep-2021,41.65,41.65,42.5,40.3, 41.10,40.95,41.68,173741,72.41,944, 109435, 62.99
INDUSINDBK, EQ, 14-Sep-2021,996.3,999.0,1039.0,997.6, 1035.50,1036.6,1022.65,7838383,80159.43,139376, 4155548, 53.02
INDUSTOWER, EQ, 14-Sep-2021,238.85,238.85,249.8,238.0, 245.90,246.25,244.8,6010556,14713.81,52899, 1365134, 22.71
INEOSSTYRO, EQ, 14-Sep-2021,1409.55,1425.0,1445.0,1401.0, 1405.70,1407.3,1420.02,21478,304.99,3760, 13604, 63.34
INFIBEAM, EQ, 14-Sep-2021,46.05,46.25,46.5,44.85, 45.35,45.2,45.65,2967023,1354.53,7977, 1577149, 53.16
INFOBEAN, BE, 14-Sep-2021,362.45,362.45,370.2,360.0, 365.00,364.05,365.01,14588,53.25,390, -, -
INFRABEES, EQ, 14-Sep-2021,502.91,500.23,510.0,500.23, 505.42,505.17,503.89,1012,5.1,121, 695, 68.68
INFY, EQ, 14-Sep-2021,1691.9,1695.95,1695.95,1678.6, 1686.50,1686.15,1688.38,4945167,83492.99,207112, 3829313, 77.44
INGERRAND, EQ, 14-Sep-2021,967.15,972.0,992.0,963.1, 976.00,979.55,979.29,36919,361.55,3314, 15319, 41.49
INNOVATIVE, SM, 14-Sep-2021,11.15,11.65,11.65,10.8, 10.80,10.8,11.35,15000,1.7,5, 12000, 80.00
INOXLEISUR, EQ, 14-Sep-2021,300.55,300.6,305.9,300.6, 304.00,304.8,302.71,581836,1761.26,6495, 417432, 71.74
INOXWIND, EQ, 14-Sep-2021,101.15,101.85,104.8,100.25, 103.80,103.15,102.28,1126066,1151.69,9369, 541024, 48.05
INSECTICID, EQ, 14-Sep-2021,727.4,731.95,740.0,725.0, 733.95,731.45,734.2,26018,191.02,2396, 11453, 44.02
INSPIRISYS, BE, 14-Sep-2021,47.55,47.0,48.9,46.5, 48.50,48.5,48.27,4241,2.05,53, -, -
INTELLECT, EQ, 14-Sep-2021,643.7,649.9,649.9,636.25, 643.00,643.2,642.89,172327,1107.87,12182, 125134, 72.61
INTENTECH, EQ, 14-Sep-2021,73.35,73.95,74.0,71.1, 72.40,71.95,72.15,81757,58.99,922, 58055, 71.01
INVENTURE, EQ, 14-Sep-2021,2.95,2.9,3.0,2.9, 2.95,2.9,2.93,831759,24.4,1103, 541868, 65.15
IOB, EQ, 14-Sep-2021,19.55,19.6,19.8,19.6, 19.70,19.7,19.72,3472713,684.67,5103, 1303639, 37.54
IOC, EQ, 14-Sep-2021,114.0,114.0,115.9,114.0, 115.15,115.25,115.16,9235074,10635.4,54010, 4112639, 44.53
IOLCP, EQ, 14-Sep-2021,556.1,559.0,605.8,558.5, 593.50,592.75,586.82,2315947,13590.45,65797, 502656, 21.70
IPCALAB, EQ, 14-Sep-2021,2596.15,2600.0,2679.8,2571.65, 2679.80,2637.5,2614.77,228828,5983.32,20380, 63077, 27.57
IPL, EQ, 14-Sep-2021,325.5,326.4,329.05,320.0, 323.00,322.55,324.26,284483,922.47,8061, 165017, 58.01
IRB, EQ, 14-Sep-2021,169.65,170.6,179.0,170.25, 178.00,176.7,174.83,4123116,7208.25,31995, 1327838, 32.20
IRBINVIT, IV, 14-Sep-2021,57.18,57.75,57.75,57.2, 57.55,57.54,57.44,249138,143.1,302, 247482, 99.34
IRCON, EQ, 14-Sep-2021,45.2,45.3,45.5,45.2, 45.40,45.3,45.35,1912730,867.51,7132, 1247739, 65.23
IRCTC, EQ, 14-Sep-2021,3435.75,3487.0,3758.8,3476.0, 3723.00,3738.45,3647.85,11821825,431242.64,538821, 1409524, 11.92
IREDA, N5, 14-Sep-2021,1290.0,1288.0,1288.0,1288.0, 1288.00,1288.0,1288.0,66,0.85,2, 66, 100.00
IREDA, N7, 14-Sep-2021,1269.99,1260.0,1260.0,1260.0, 1260.00,1260.0,1260.0,1,0.01,1, 1, 100.00
IRFC, EQ, 14-Sep-2021,22.95,23.1,23.1,22.9, 22.95,22.95,22.99,11404677,2621.96,19164, 7643951, 67.02
IRFC, N1, 14-Sep-2021,1093.75,1093.75,1093.75,1093.75, 1093.75,1093.75,1093.75,104,1.14,1, 104, 100.00
IRFC, N2, 14-Sep-2021,1245.1,1237.0,1250.0,1237.0, 1245.05,1245.05,1241.06,3156,39.17,10, 2021, 64.04
IRFC, N4, 14-Sep-2021,1205.0,1211.75,1220.0,1210.11, 1210.11,1210.11,1212.57,1275,15.46,10, 1275, 100.00
IRFC, N9, 14-Sep-2021,1150.0,1145.0,1145.0,1135.0, 1135.00,1135.0,1138.26,230,2.62,5, 230, 100.00
IRFC, NA, 14-Sep-2021,1306.0,1305.0,1306.0,1282.02, 1282.02,1282.02,1294.01,200,2.59,3, 200, 100.00
IRFC, NE, 14-Sep-2021,1292.94,1295.0,1305.0,1292.0, 1302.99,1302.57,1295.75,723,9.37,17, 326, 45.09
IRFC, NJ, 14-Sep-2021,1275.0,1274.0,1274.0,1256.21, 1256.21,1256.21,1258.98,850,10.7,9, 480, 56.47
IRFC, NO, 14-Sep-2021,1270.0,1275.0,1275.0,1270.21, 1273.00,1273.0,1271.24,664,8.44,11, 609, 91.72
IRISDOREME, BE, 14-Sep-2021,179.0,182.0,182.8,180.0, 180.00,180.0,180.11,31535,56.8,19, -, -
ISEC, EQ, 14-Sep-2021,716.45,717.65,738.45,717.65, 730.20,732.3,732.53,683448,5006.44,42199, 421865, 61.73
ISFT, EQ, 14-Sep-2021,145.5,148.8,148.8,138.25, 138.25,138.4,141.46,283088,400.44,5277, 158124, 55.86
ISGEC, EQ, 14-Sep-2021,728.85,732.5,810.0,728.0, 806.00,794.05,774.91,474320,3675.57,24934, 187476, 39.53
ISMTLTD, BE, 14-Sep-2021,27.05,27.1,28.4,27.05, 28.40,28.4,27.85,217435,60.55,274, -, -
ITC, EQ, 14-Sep-2021,214.15,214.9,217.25,214.2, 216.75,216.1,216.03,19621849,42389.76,149992, 9221721, 47.00
ITDC, EQ, 14-Sep-2021,387.85,389.5,392.95,386.3, 389.90,387.4,389.37,39580,154.11,2095, 12839, 32.44
ITDCEM, EQ, 14-Sep-2021,77.95,78.2,83.4,78.2, 83.30,82.85,81.45,1957313,1594.27,13705, 831251, 42.47
ITI, EQ, 14-Sep-2021,121.0,121.8,121.8,120.0, 120.10,120.25,120.68,227008,273.96,3891, 93394, 41.14
IVC, EQ, 14-Sep-2021,6.0,5.95,6.2,5.85, 6.00,6.0,5.99,346397,20.75,640, 253331, 73.13
IVP, EQ, 14-Sep-2021,116.55,117.6,117.85,115.55, 116.80,116.7,116.49,1098,1.28,43, 822, 74.86
IVZINGOLD, EQ, 14-Sep-2021,4237.85,4202.05,4287.95,4202.05, 4229.00,4213.75,4222.75,63,2.66,27, 39, 61.90
IVZINNIFTY, EQ, 14-Sep-2021,1898.5,1885.55,1903.55,1885.55, 1903.55,1903.55,1887.8,8,0.15,2, 7, 87.50
IWEL, BE, 14-Sep-2021,672.8,689.05,689.05,650.0, 653.00,652.6,661.28,6313,41.75,187, -, -
IZMO, EQ, 14-Sep-2021,96.05,97.9,97.9,93.5, 96.40,95.65,95.92,65022,62.37,751, 44309, 68.14
J&KBANK, EQ, 14-Sep-2021,37.5,37.1,37.8,37.1, 37.45,37.4,37.41,1678540,627.95,5185, 792173, 47.19
JAGRAN, EQ, 14-Sep-2021,56.55,56.6,59.65,56.6, 58.60,58.65,58.69,325604,191.1,2340, 173238, 53.21
JAGSNPHARM, EQ, 14-Sep-2021,165.2,164.7,169.7,161.3, 163.00,162.85,165.12,81669,134.85,2400, 41537, 50.86
JAIBALAJI, EQ, 14-Sep-2021,54.0,55.3,55.5,53.5, 54.55,53.85,54.44,29976,16.32,649, 24746, 82.55
JAICORPLTD, EQ, 14-Sep-2021,136.4,137.3,139.65,135.4, 136.50,136.55,137.37,1149738,1579.4,10584, 285088, 24.80
JAINSTUDIO, BZ, 14-Sep-2021,1.9,1.9,1.95,1.85, 1.85,1.85,1.9,1179,0.02,6, -, -
JAIPURKURT, EQ, 14-Sep-2021,59.15,62.1,62.1,56.4, 59.45,57.7,60.24,316096,190.43,990, 258437, 81.76
JALAN, SM, 14-Sep-2021,14.75,14.75,14.75,14.05, 14.50,14.5,14.08,132000,18.59,30, 129000, 97.73
JAMNAAUTO, EQ, 14-Sep-2021,85.55,85.2,86.45,85.1, 85.50,85.65,85.67,323727,277.33,7205, 153109, 47.30
JASH, EQ, 14-Sep-2021,493.4,490.05,510.0,490.05, 510.00,507.7,502.32,18119,91.01,520, 14950, 82.51
JAYAGROGN, EQ, 14-Sep-2021,268.95,272.0,274.7,260.7, 262.50,262.05,268.27,122588,328.87,5238, 61198, 49.92
JAYBARMARU, EQ, 14-Sep-2021,186.95,189.9,195.8,186.95, 193.20,192.4,192.39,91702,176.43,2155, 39437, 43.01
JAYNECOIND, EQ, 14-Sep-2021,20.9,21.65,21.65,20.55, 20.90,21.05,20.95,83108,17.41,316, 62396, 75.08
JAYSREETEA, EQ, 14-Sep-2021,108.8,109.85,110.0,108.25, 108.90,109.1,109.22,76016,83.02,1867, 34409, 45.27
JBCHEPHARM, EQ, 14-Sep-2021,1765.15,1774.0,1779.5,1728.0, 1729.35,1732.6,1738.18,145102,2522.13,19579, 95052, 65.51
JBFIND, BE, 14-Sep-2021,27.6,28.35,28.5,26.25, 27.10,27.3,27.04,488247,132.02,876, -, -
JBMA, EQ, 14-Sep-2021,456.35,460.95,495.0,456.35, 488.80,488.45,482.44,214289,1033.82,9886, 61150, 28.54
JCHAC, EQ, 14-Sep-2021,2233.85,2258.0,2258.0,2230.0, 2242.00,2243.9,2242.71,8177,183.39,2220, 4872, 59.58
JETAIRWAYS, BZ, 14-Sep-2021,84.4,88.6,88.6,88.6, 88.60,88.6,88.6,96587,85.58,765, -, -
JETFREIGHT, SM, 14-Sep-2021,39.35,41.3,41.3,41.3, 41.30,41.3,41.3,8000,3.3,2, 8000, 100.00
JHS, EQ, 14-Sep-2021,27.05,27.0,27.8,27.0, 27.00,27.15,27.28,79377,21.65,658, 55634, 70.09
JINDALPHOT, EQ, 14-Sep-2021,105.85,107.3,108.4,103.0, 104.20,104.05,104.22,29206,30.44,553, 24342, 83.35
JINDALPOLY, EQ, 14-Sep-2021,1003.75,1013.0,1089.45,1006.0, 1071.90,1072.15,1059.09,678596,7186.96,32090, 162129, 23.89
JINDALSAW, EQ, 14-Sep-2021,120.05,120.7,122.35,120.15, 121.15,121.5,121.07,1210623,1465.76,9983, 490657, 40.53
JINDALSTEL, EQ, 14-Sep-2021,403.5,405.0,408.3,400.25, 400.90,401.1,403.72,5800969,23419.45,45755, 1653685, 28.51
JINDRILL, EQ, 14-Sep-2021,138.05,136.1,139.35,133.5, 136.95,137.2,136.86,89747,122.83,1688, 32397, 36.10
JINDWORLD, EQ, 14-Sep-2021,81.5,81.9,87.95,81.65, 86.25,86.4,85.88,1283387,1102.19,9075, 572682, 44.62
JISLDVREQS, EQ, 14-Sep-2021,23.1,22.2,23.8,22.05, 23.15,23.35,23.02,139157,32.03,590, 61003, 43.84
JISLJALEQS, EQ, 14-Sep-2021,37.0,36.4,38.2,35.15, 36.30,36.1,36.26,9630834,3492.28,14202, 4900802, 50.89
JITFINFRA, BE, 14-Sep-2021,104.9,110.1,110.1,110.1, 110.10,110.1,110.1,42751,47.07,211, -, -
JKCEMENT, EQ, 14-Sep-2021,3472.95,3492.0,3516.55,3381.0, 3394.00,3391.9,3420.75,51215,1751.94,12044, 28016, 54.70
JKIL, EQ, 14-Sep-2021,193.6,194.8,197.25,193.3, 194.15,194.85,195.08,112959,220.36,3482, 66072, 58.49
JKLAKSHMI, EQ, 14-Sep-2021,729.85,730.4,747.0,721.85, 737.00,736.3,735.45,379780,2793.11,29424, 172793, 45.50
JKPAPER, EQ, 14-Sep-2021,251.4,253.5,254.8,248.0, 250.40,250.6,251.56,757372,1905.25,9383, 213854, 28.24
JKTYRE, EQ, 14-Sep-2021,150.45,151.85,157.95,150.95, 156.30,156.4,155.18,1846514,2865.39,18195, 510779, 27.66
JMA, EQ, 14-Sep-2021,62.25,61.6,64.0,61.6, 63.90,63.85,63.62,18010,11.46,354, 11443, 63.54
JMCPROJECT, EQ, 14-Sep-2021,103.9,104.5,105.7,102.0, 103.20,103.1,104.05,91441,95.15,1969, 45453, 49.71
JMFINANCIL, EQ, 14-Sep-2021,88.45,88.95,90.7,88.6, 89.55,89.65,89.75,1073705,963.65,7228, 518694, 48.31
JMTAUTOLTD, EQ, 14-Sep-2021,2.65,2.65,2.7,2.6, 2.65,2.6,2.64,310485,8.2,358, 211124, 68.00
JOCIL, EQ, 14-Sep-2021,232.8,237.95,256.0,233.6, 251.00,248.75,246.62,140059,345.41,3375, 59969, 42.82
JPASSOCIAT, BE, 14-Sep-2021,8.95,9.35,9.35,9.0, 9.35,9.35,9.31,4990308,464.38,5858, -, -
JPINFRATEC, EQ, 14-Sep-2021,1.9,1.95,1.95,1.9, 1.95,1.95,1.94,1560518,30.34,1126, 1300094, 83.31
JPOLYINVST, EQ, 14-Sep-2021,41.0,43.05,43.05,43.05, 43.05,43.05,43.05,2597,1.12,19, 2597, 100.00
JPPOWER, EQ, 14-Sep-2021,4.0,4.05,4.2,4.0, 4.20,4.2,4.17,27905250,1162.52,8575, 13839032, 49.59
JSL, EQ, 14-Sep-2021,163.5,164.7,168.75,162.25, 164.10,164.25,165.31,2410232,3984.33,21584, 930148, 38.59
JSLHISAR, EQ, 14-Sep-2021,295.8,298.5,304.95,293.0, 294.30,294.55,298.94,851325,2544.91,11390, 434720, 51.06
JSWENERGY, BE, 14-Sep-2021,293.15,307.75,307.8,299.05, 307.80,307.8,304.46,2077692,6325.64,7176, -, -
JSWHL, EQ, 14-Sep-2021,4779.95,4849.95,4849.95,4730.0, 4792.00,4777.9,4781.18,591,28.26,196, 265, 44.84
JSWISPL, EQ, 14-Sep-2021,35.5,35.85,37.2,35.3, 35.90,35.7,36.23,1967823,713.03,4282, 966999, 49.14
JSWSTEEL, EQ, 14-Sep-2021,694.4,696.4,702.0,692.25, 694.95,693.65,696.6,3185808,22192.24,52396, 888958, 27.90
JTEKTINDIA, EQ, 14-Sep-2021,102.1,102.5,105.2,102.25, 103.70,103.7,103.81,176811,183.55,3523, 83174, 47.04
JUBLFOOD, EQ, 14-Sep-2021,4135.2,4134.0,4159.95,4091.0, 4121.95,4116.0,4108.28,371034,15243.12,31710, 162933, 43.91
JUBLINDS, EQ, 14-Sep-2021,513.85,519.4,524.0,511.95, 514.00,514.65,517.37,36531,189.0,1466, 16122, 44.13
JUBLINGREA, EQ, 14-Sep-2021,741.35,748.7,782.0,745.1, 773.00,774.15,767.38,3377964,25921.85,87739, 1321925, 39.13
JUBLPHARMA, EQ, 14-Sep-2021,619.1,620.0,628.9,620.0, 621.70,622.45,623.97,218501,1363.37,9141, 126853, 58.06
JUMPNET, EQ, 14-Sep-2021,8.7,8.75,8.95,8.7, 8.90,8.8,8.81,500866,44.11,755, 346638, 69.21
JUNIORBEES, EQ, 14-Sep-2021,449.39,391.0,453.8,391.0, 451.26,450.74,451.0,83369,376.0,6937, 49167, 58.98
JUSTDIAL, EQ, 14-Sep-2021,989.0,990.0,993.7,984.0, 986.55,986.15,986.73,236881,2337.38,7884, 101330, 42.78
JYOTHYLAB, EQ, 14-Sep-2021,177.1,176.7,179.5,176.55, 177.70,177.45,177.91,724797,1289.46,10787, 451835, 62.34
JYOTISTRUC, BZ, 14-Sep-2021,14.05,14.75,14.75,14.75, 14.75,14.75,14.75,403253,59.48,159, -, -
KABRAEXTRU, EQ, 14-Sep-2021,236.55,237.9,262.0,237.9, 252.95,251.1,253.45,795667,2016.59,19147, 223620, 28.10
KAJARIACER, EQ, 14-Sep-2021,1172.7,1172.7,1180.0,1155.55, 1159.90,1163.7,1168.23,137985,1611.99,7143, 90893, 65.87
KAKATCEM, EQ, 14-Sep-2021,249.0,246.3,250.9,246.3, 248.90,248.65,248.97,11367,28.3,640, 5158, 45.38
KALPATPOWR, EQ, 14-Sep-2021,414.95,414.6,425.45,414.6, 424.80,422.9,422.41,182992,772.98,5124, 112070, 61.24
KALYANIFRG, BE, 14-Sep-2021,198.75,200.4,202.85,197.0, 201.95,201.95,199.92,502,1.0,26, -, -
KALYANKJIL, EQ, 14-Sep-2021,65.8,66.7,66.9,66.25, 66.75,66.65,66.6,617145,411.05,5369, 404995, 65.62
KAMATHOTEL, EQ, 14-Sep-2021,49.25,49.55,49.9,48.0, 49.00,49.25,48.93,76749,37.55,711, 38117, 49.66
KAMDHENU, EQ, 14-Sep-2021,203.5,203.55,205.8,195.05, 196.95,195.7,199.5,106856,213.18,3118, 63083, 59.04
KANANIIND, BE, 14-Sep-2021,8.9,9.1,9.1,8.5, 8.75,8.9,8.76,13092,1.15,71, -, -
KANORICHEM, EQ, 14-Sep-2021,181.8,190.85,190.85,190.85, 190.85,190.85,190.85,16655,31.79,98, 16655, 100.00
KANPRPLA, EQ, 14-Sep-2021,261.7,265.0,265.0,251.0, 254.00,252.95,256.74,43523,111.74,1921, 34633, 79.57
KANSAINER, EQ, 14-Sep-2021,603.95,606.9,615.05,603.05, 613.00,613.1,610.31,169809,1036.36,13307, 95838, 56.44
KAPSTON, BE, 14-Sep-2021,87.8,85.1,89.85,85.1, 87.75,87.45,87.14,2201,1.92,66, -, -
KARDA, EQ, 14-Sep-2021,16.05,16.0,16.55,15.25, 16.45,16.4,15.5,5986712,927.85,5009, 4584094, 76.57
KARMAENG, BE, 14-Sep-2021,19.45,19.1,20.2,18.5, 19.00,19.35,19.11,11459,2.19,110, -, -
KARURVYSYA, EQ, 14-Sep-2021,42.3,42.6,44.5,42.4, 43.45,43.55,43.43,2037895,885.08,18400, 1127189, 55.31
KAUSHALYA, EQ, 14-Sep-2021,2.6,2.55,2.65,2.55, 2.65,2.65,2.61,17903,0.47,43, 16625, 92.86
KAVVERITEL, BE, 14-Sep-2021,8.7,9.1,9.1,9.1, 9.10,9.1,9.1,30439,2.77,26, -, -
KAYA, EQ, 14-Sep-2021,463.55,465.45,479.45,457.05, 466.75,468.4,470.88,71206,335.29,2665, 34859, 48.96
KCP, EQ, 14-Sep-2021,137.6,137.6,140.85,137.6, 140.75,140.35,139.51,154167,215.08,2557, 108176, 70.17
KCPSUGIND, EQ, 14-Sep-2021,21.7,21.7,22.75,21.6, 22.75,22.35,22.17,421723,93.48,1269, 227195, 53.87
KDDL, EQ, 14-Sep-2021,418.1,425.0,425.0,408.0, 421.60,420.7,416.7,7896,32.9,562, 3239, 41.02
KEC, EQ, 14-Sep-2021,440.7,442.95,444.8,433.8, 435.00,435.95,439.78,143580,631.43,7587, 94473, 65.80
KECL, EQ, 14-Sep-2021,17.85,18.25,18.25,17.5, 18.00,17.85,17.9,120975,21.66,522, 83814, 69.28
KEERTI, EQ, 14-Sep-2021,18.75,19.15,22.5,17.45, 22.50,22.5,21.44,456258,97.84,1526, 192395, 42.17
KEI, EQ, 14-Sep-2021,805.0,804.65,824.85,803.25, 807.05,809.85,813.66,424343,3452.7,19960, 166401, 39.21
KELLTONTEC, EQ, 14-Sep-2021,48.7,49.05,54.95,48.75, 54.25,54.2,53.23,2832413,1507.55,21612, 1186863, 41.90
KENNAMET, EQ, 14-Sep-2021,1437.1,1449.0,1476.0,1411.05, 1442.00,1442.1,1453.09,89757,1304.25,7228, 32641, 36.37
KERNEX, BE, 14-Sep-2021,63.35,63.4,64.95,60.35, 62.50,62.1,63.15,10827,6.84,97, -, -
KESORAMIND, EQ, 14-Sep-2021,86.15,87.0,88.9,86.1, 88.30,88.15,87.51,1721752,1506.67,13474, 778155, 45.20
KEYFINSERV, EQ, 14-Sep-2021,82.05,79.65,87.9,79.65, 82.45,82.95,84.6,8306,7.03,271, 3998, 48.13
KHADIM, EQ, 14-Sep-2021,248.2,252.0,252.0,244.15, 246.50,246.25,247.63,30525,75.59,2569, 18656, 61.12
KHAICHEM, EQ, 14-Sep-2021,60.8,61.0,62.6,58.6, 61.40,61.1,60.64,106233,64.42,1013, 64328, 60.55
KHAITANLTD, BE, 14-Sep-2021,35.0,36.75,36.75,36.75, 36.75,36.75,36.75,3977,1.46,57, -, -
KHANDSE, EQ, 14-Sep-2021,18.15,17.4,18.15,17.25, 17.25,17.25,17.29,10005,1.73,105, 9454, 94.49
KHFM, SM, 14-Sep-2021,45.0,46.0,49.5,46.0, 48.45,48.45,47.29,63000,29.79,7, 57000, 90.48
KICL, EQ, 14-Sep-2021,2100.6,2110.0,2146.0,2096.0, 2110.00,2126.85,2125.16,963,20.47,187, 725, 75.29
KILITCH, EQ, 14-Sep-2021,169.3,173.4,177.75,167.35, 177.75,176.45,174.65,11888,20.76,300, 7799, 65.60
KIMS, EQ, 14-Sep-2021,1264.55,1269.0,1287.35,1243.3, 1260.00,1256.45,1264.46,125863,1591.49,8342, 65547, 52.08
KINGFA, EQ, 14-Sep-2021,1061.15,1085.0,1085.0,1049.9, 1058.00,1064.45,1064.51,3398,36.17,494, 1957, 57.59
KIOCL, EQ, 14-Sep-2021,263.1,263.2,267.0,263.15, 263.80,263.95,264.69,34240,90.63,2469, 17428, 50.90
KIRIINDUS, EQ, 14-Sep-2021,520.8,525.0,546.0,518.5, 542.00,541.1,535.79,337016,1805.68,12113, 78385, 23.26
KIRLFER, EQ, 14-Sep-2021,237.4,239.7,241.25,237.75, 239.90,239.6,239.53,113927,272.89,3836, 60978, 53.52
KIRLOSBROS, EQ, 14-Sep-2021,367.15,369.0,376.95,360.0, 366.80,366.9,369.22,28308,104.52,656, 24771, 87.51
KIRLOSENG, EQ, 14-Sep-2021,209.6,211.6,215.1,209.6, 214.55,214.45,212.81,118730,252.67,3032, 68222, 57.46
KIRLOSIND, EQ, 14-Sep-2021,1538.5,1559.0,1615.0,1538.05, 1604.00,1602.95,1591.47,42077,669.64,3686, 21273, 50.56
KITEX, EQ, 14-Sep-2021,173.0,174.4,174.9,170.0, 171.00,170.8,172.16,165297,284.57,3135, 103750, 62.77
KKCL, EQ, 14-Sep-2021,817.35,823.5,949.0,823.5, 890.00,893.7,899.58,30790,276.98,2734, 15198, 49.36
KMSUGAR, EQ, 14-Sep-2021,25.05,25.3,26.3,25.0, 26.30,26.05,25.6,287415,73.58,1048, 192308, 66.91
KNRCON, EQ, 14-Sep-2021,304.05,324.0,324.0,307.0, 311.00,312.35,314.09,2056473,6459.09,43669, 401847, 19.54
KOKUYOCMLN, EQ, 14-Sep-2021,68.75,68.75,69.65,68.1, 68.70,68.4,68.66,123450,84.76,1608, 62246, 50.42
KOLTEPATIL, EQ, 14-Sep-2021,297.1,299.7,307.0,292.25, 293.90,295.0,300.92,1402801,4221.37,22993, 330557, 23.56
KOPRAN, BE, 14-Sep-2021,211.7,211.7,216.0,210.05, 214.00,213.05,211.98,50012,106.02,580, -, -
KOTAKBANK, EQ, 14-Sep-2021,1840.05,1850.0,1879.0,1845.15, 1865.00,1867.75,1863.37,4168080,77666.88,168286, 2619984, 62.86
KOTAKBKETF, EQ, 14-Sep-2021,368.11,390.2,390.2,367.99, 369.82,369.87,370.09,216570,801.51,587, 188980, 87.26
KOTAKGOLD, EQ, 14-Sep-2021,41.07,41.07,41.5,40.95, 41.13,41.11,41.26,345060,142.36,766, 306902, 88.94
KOTAKIT, EQ, 14-Sep-2021,35.22,35.22,35.74,34.95, 35.60,35.57,35.49,13545,4.81,209, 10501, 77.53
KOTAKNIFTY, EQ, 14-Sep-2021,182.88,187.82,187.82,182.78, 183.20,182.93,183.38,112676,206.63,299, 106650, 94.65
KOTAKNV20, EQ, 14-Sep-2021,95.94,96.9,98.0,95.4, 96.90,97.04,96.62,6862,6.63,303, 3869, 56.38
KOTAKPSUBK, EQ, 14-Sep-2021,229.05,227.11,232.98,227.11, 229.00,228.37,228.92,3243,7.42,106, 1065, 32.84
KOTARISUG, EQ, 14-Sep-2021,32.95,33.55,34.25,33.0, 33.50,33.7,33.58,210419,70.67,948, 92788, 44.10
KOTHARIPET, EQ, 14-Sep-2021,53.45,53.5,54.8,53.3, 53.90,53.8,53.77,103807,55.82,1100, 71432, 68.81
KOTHARIPRO, BE, 14-Sep-2021,98.75,103.65,103.65,96.5, 99.35,99.15,99.1,2445,2.42,49, -, -
KOVAI, EQ, 14-Sep-2021,1722.25,1730.85,1733.3,1695.0, 1719.90,1711.25,1718.42,5578,95.85,1076, 3545, 63.55
KPIGLOBAL, EQ, 14-Sep-2021,119.7,120.35,125.65,120.0, 125.65,125.6,122.0,86839,105.94,1834, 74816, 86.15
KPITTECH, EQ, 14-Sep-2021,327.45,327.9,331.95,325.15, 331.00,329.8,329.27,806165,2654.48,30593, 541541, 67.17
KPRMILL, EQ, 14-Sep-2021,2183.05,2228.0,2286.0,2190.0, 2239.00,2236.9,2236.68,141520,3165.35,20171, 60781, 42.95
KRBL, EQ, 14-Sep-2021,257.6,261.0,268.5,260.9, 262.70,263.5,264.75,1101512,2916.24,17167, 384191, 34.88
KREBSBIO, EQ, 14-Sep-2021,158.45,161.0,162.0,156.05, 156.50,156.6,159.13,109951,174.96,9146, 43609, 39.66
KRIDHANINF, EQ, 14-Sep-2021,4.75,4.7,4.9,4.55, 4.65,4.7,4.7,108982,5.12,123, 73525, 67.47
KRISHANA, EQ, 14-Sep-2021,174.2,172.05,177.4,171.0, 172.45,172.35,172.74,13015,22.48,237, 10385, 79.79
KRITIKA, SM, 14-Sep-2021,34.5,33.0,34.6,33.0, 34.60,34.6,34.14,28000,9.56,2, 28000, 100.00
KRSNAA, EQ, 14-Sep-2021,868.15,885.0,894.0,860.25, 865.00,864.15,874.87,160652,1405.49,10094, 65542, 40.80
KSB, EQ, 14-Sep-2021,1199.1,1215.0,1245.0,1204.0, 1204.75,1207.1,1218.55,40394,492.22,6771, 16416, 40.64
KSCL, EQ, 14-Sep-2021,604.7,606.9,611.5,604.05, 610.00,609.9,608.6,244819,1489.97,8110, 142161, 58.07
KSHITIJPOL, SM, 14-Sep-2021,36.25,36.0,39.8,36.0, 39.80,39.8,38.29,83988,32.16,10, 46660, 55.56
KSL, EQ, 14-Sep-2021,392.2,393.85,395.8,388.0, 389.50,389.65,391.73,31022,121.52,2094, 13971, 45.04
KSOLVES, SM, 14-Sep-2021,356.7,374.5,374.5,361.5, 374.50,374.5,372.5,74400,277.14,89, 57600, 77.42
KTKBANK, EQ, 14-Sep-2021,68.3,68.4,68.8,66.25, 66.85,66.7,67.63,2543583,1720.1,9383, 1119992, 44.03
KUANTUM, EQ, 14-Sep-2021,77.15,77.15,81.75,74.15, 75.35,75.3,77.52,169780,131.62,1733, 83893, 49.41
L&TFH, EQ, 14-Sep-2021,85.2,85.45,86.3,85.25, 86.10,86.15,85.86,4426166,3800.51,16412, 1655488, 37.40
L&TFINANCE, N8, 14-Sep-2021,1055.0,1046.55,1047.11,1044.0, 1044.00,1044.0,1046.08,4,0.04,4, 1, 25.00
L&TFINANCE, NC, 14-Sep-2021,1120.0,1125.55,1130.01,1125.55, 1130.01,1130.0,1128.13,79,0.89,5, 57, 72.15
L&TFINANCE, NI, 14-Sep-2021,1121.15,1120.0,1130.0,1120.0, 1122.00,1120.35,1120.67,120,1.34,13, 100, 83.33
L&TFINANCE, NO, 14-Sep-2021,1068.13,1075.0,1075.0,1069.01, 1069.01,1069.01,1074.77,104,1.12,3, 104, 100.00
L&TFINANCE, NY, 14-Sep-2021,1085.0,1080.0,1090.0,1080.0, 1090.00,1090.0,1087.74,145,1.58,7, 100, 68.97
L&TFINANCE, Y5, 14-Sep-2021,1095.0,1092.55,1092.55,1090.0, 1090.00,1090.0,1090.54,1000,10.91,17, 1000, 100.00
L&TFINANCE, Y9, 14-Sep-2021,1110.0,1124.0,1124.0,1124.0, 1124.00,1124.0,1124.0,100,1.12,2, 100, 100.00
LAGNAM, SM, 14-Sep-2021,40.7,40.95,40.95,39.25, 39.25,39.65,40.2,27000,10.85,9, 24000, 88.89
LAKPRE, BZ, 14-Sep-2021,4.25,4.25,4.45,4.25, 4.25,4.25,4.29,1118,0.05,7, -, -
LALPATHLAB, EQ, 14-Sep-2021,4170.45,4170.45,4174.05,4122.05, 4138.00,4141.7,4146.17,93877,3892.3,13490, 35419, 37.73
LAMBODHARA, BE, 14-Sep-2021,83.55,83.4,86.0,82.2, 84.60,84.05,84.52,3323,2.81,62, -, -
LAOPALA, EQ, 14-Sep-2021,293.1,295.8,298.0,290.6, 292.10,292.5,294.02,234597,689.76,7784, 87567, 37.33
LASA, EQ, 14-Sep-2021,73.8,74.35,76.65,72.5, 73.25,73.1,74.29,155230,115.33,2240, 84806, 54.63
LAURUSLABS, EQ, 14-Sep-2021,645.7,648.0,666.0,644.2, 649.80,651.15,654.95,3124016,20460.62,79517, 1137785, 36.42
LAXMICOT, SM, 14-Sep-2021,26.5,26.25,26.25,26.25, 26.25,26.25,26.25,6000,1.58,1, 6000, 100.00
LAXMIMACH, EQ, 14-Sep-2021,7879.0,7961.0,7961.0,7835.0, 7856.00,7862.0,7888.44,4702,370.91,997, 2596, 55.21
LCCINFOTEC, BE, 14-Sep-2021,2.2,2.1,2.1,2.1, 2.10,2.1,2.1,88513,1.86,158, -, -
LEMONTREE, EQ, 14-Sep-2021,40.05,40.35,40.55,39.75, 40.00,39.95,40.17,1470207,590.52,7382, 699941, 47.61
LFIC, EQ, 14-Sep-2021,78.8,83.2,83.2,75.4, 81.40,80.95,80.16,7214,5.78,387, 4856, 67.31
LGBBROSLTD, EQ, 14-Sep-2021,415.8,418.0,425.3,418.0, 424.90,423.6,422.8,93790,396.55,3995, 48289, 51.49
LGBFORGE, BE, 14-Sep-2021,7.7,7.5,7.8,7.35, 7.50,7.45,7.54,81601,6.15,251, -, -
LIBAS, EQ, 14-Sep-2021,62.5,62.85,62.95,60.35, 61.00,61.15,61.95,443285,274.61,3355, 209259, 47.21
LIBERTSHOE, EQ, 14-Sep-2021,183.65,185.0,185.3,175.1, 175.75,175.95,179.0,756891,1354.87,12332, 390037, 51.53
LICHSGFIN, EQ, 14-Sep-2021,419.55,420.0,421.95,417.15, 419.70,419.6,419.42,1971764,8269.99,25959, 925857, 46.96
LICNETFGSC, EQ, 14-Sep-2021,22.89,24.3,24.3,22.61, 23.00,23.12,23.13,8308,1.92,172, 5731, 68.98
LICNETFN50, EQ, 14-Sep-2021,184.49,186.49,186.49,183.0, 184.06,184.08,184.58,1703,3.14,86, 995, 58.43
LICNETFSEN, EQ, 14-Sep-2021,632.53,630.0,640.0,620.6, 625.00,628.89,627.72,943,5.92,121, 252, 26.72
LICNFNHGP, EQ, 14-Sep-2021,175.12,174.3,176.88,174.0, 176.20,175.64,175.81,316,0.56,45, 146, 46.20
LIKHITHA, EQ, 14-Sep-2021,396.6,398.6,399.0,393.85, 396.40,395.35,396.13,37243,147.53,2193, 17090, 45.89
LINCOLN, EQ, 14-Sep-2021,384.4,387.45,393.0,380.05, 383.50,384.05,384.6,156167,600.62,5734, 67215, 43.04
LINCPEN, EQ, 14-Sep-2021,224.3,229.0,234.7,219.0, 221.25,220.5,227.64,18547,42.22,451, 9587, 51.69
LINDEINDIA, EQ, 14-Sep-2021,2649.0,2670.0,2739.8,2622.95, 2667.05,2667.2,2683.18,376083,10091.0,25605, 124961, 33.23
LIQUIDBEES, EQ, 14-Sep-2021,1000.0,1003.4,1003.4,998.0, 999.99,999.99,1000.0,1302110,13021.07,5486, 1038220, 79.73
LIQUIDETF, EQ, 14-Sep-2021,1000.0,999.99,1000.01,999.99, 1000.01,1000.0,1000.0,25392,253.92,68, 18983, 74.76
LODHA, EQ, 14-Sep-2021,1062.75,1069.9,1069.9,1045.0, 1046.00,1048.6,1051.07,133163,1399.64,8781, 86920, 65.27
LOKESHMACH, EQ, 14-Sep-2021,48.7,49.8,49.9,48.1, 49.00,48.95,48.96,68264,33.42,413, 57256, 83.87
LOTUSEYE, BE, 14-Sep-2021,46.7,49.0,49.0,46.6, 48.70,47.95,48.79,16994,8.29,118, -, -
LOVABLE, EQ, 14-Sep-2021,116.05,116.95,119.1,116.0, 117.45,117.15,117.32,45971,53.93,2013, 19627, 42.69
LPDC, BE, 14-Sep-2021,4.2,4.0,4.25,4.0, 4.20,4.2,4.16,35788,1.49,153, -, -
LSIL, BE, 14-Sep-2021,3.05,3.2,3.2,3.05, 3.20,3.2,3.18,2717111,86.37,2012, -, -
LT, EQ, 14-Sep-2021,1671.7,1676.0,1698.8,1675.4, 1696.50,1696.45,1689.28,1407269,23772.78,107526, 756723, 53.77
LTI, EQ, 14-Sep-2021,5488.95,5499.9,5670.0,5495.0, 5589.00,5580.4,5605.45,482838,27065.26,53945, 97265, 20.14
LTTS, EQ, 14-Sep-2021,4373.25,4396.95,4556.25,4368.5, 4532.00,4544.0,4492.97,648024,29115.53,60475, 130924, 20.20
LUMAXIND, EQ, 14-Sep-2021,1482.55,1485.0,1490.0,1454.8, 1470.00,1468.15,1467.36,4422,64.89,763, 2486, 56.22
LUMAXTECH, EQ, 14-Sep-2021,138.35,141.0,142.35,140.0, 141.85,141.4,141.57,63253,89.55,1837, 37484, 59.26
LUPIN, EQ, 14-Sep-2021,984.1,984.5,990.1,979.05, 981.50,982.65,983.13,660129,6489.91,24537, 354330, 53.68
LUXIND, EQ, 14-Sep-2021,4156.05,4200.0,4200.0,4005.0, 4077.00,4038.35,4109.3,44584,1832.09,10408, 19357, 43.42
LXCHEM, EQ, 14-Sep-2021,542.55,562.8,569.65,561.2, 569.65,569.65,568.58,2123681,12074.82,21906, 1136713, 53.53
LYKALABS, EQ, 14-Sep-2021,79.15,80.8,83.1,79.65, 83.10,83.1,82.09,176095,144.56,889, 122847, 69.76
LYPSAGEMS, EQ, 14-Sep-2021,4.5,4.65,4.65,4.4, 4.60,4.55,4.52,25793,1.17,74, 18846, 73.07
M&M, EQ, 14-Sep-2021,745.55,744.8,752.55,744.65, 750.40,750.2,749.64,3089381,23159.09,75901, 2018292, 65.33
M&MFIN, EQ, 14-Sep-2021,168.55,169.1,170.95,168.55, 168.75,168.95,169.69,3496482,5933.03,23745, 1609965, 46.05
M&MFIN, N2, 14-Sep-2021,1093.95,1085.25,1085.25,1085.25, 1085.25,1085.25,1085.25,94,1.02,1, 94, 100.00
M14RG, MF, 14-Sep-2021,13.61,13.72,13.72,13.72, 13.72,13.72,13.72,1000,0.14,1, 1000, 100.00
M15RG, MF, 14-Sep-2021,13.4,13.21,13.21,13.21, 13.21,13.21,13.21,5000,0.66,1, 5000, 100.00
MAANALU, BE, 14-Sep-2021,135.5,135.4,138.2,134.0, 136.00,135.05,136.24,27292,37.18,469, -, -
MACPOWER, EQ, 14-Sep-2021,180.7,183.95,184.0,180.0, 180.60,181.1,181.96,20797,37.84,179, 4258, 20.47
MADHAV, EQ, 14-Sep-2021,56.35,57.1,57.35,56.0, 56.00,56.1,56.55,10391,5.88,242, 6620, 63.71
MADHUCON, EQ, 14-Sep-2021,4.7,4.5,4.9,4.5, 4.85,4.85,4.75,32499,1.54,135, 21637, 66.58
MADRASFERT, EQ, 14-Sep-2021,29.15,29.15,29.9,29.15, 29.25,29.35,29.49,114587,33.79,755, 58128, 50.73
MAESGETF, EQ, 14-Sep-2021,29.96,30.0,30.1,29.94, 30.00,30.0,30.01,80820,24.25,107, 74190, 91.80
MAFANG, EQ, 14-Sep-2021,54.51,55.2,55.2,54.1, 54.35,54.33,54.32,223271,121.27,1626, 193458, 86.65
MAFSETF, EQ, 14-Sep-2021,18.11,18.4,18.4,18.06, 18.06,18.1,18.13,201909,36.61,189, 200481, 99.29
MAGADSUGAR, EQ, 14-Sep-2021,286.85,290.0,301.15,282.9, 300.00,297.8,296.63,41933,124.38,830, 24768, 59.07
MAGNUM, BE, 14-Sep-2021,7.95,8.0,8.3,7.65, 7.80,8.05,8.01,13847,1.11,55, -, -
MAHABANK, EQ, 14-Sep-2021,18.05,18.1,18.5,18.1, 18.25,18.2,18.25,3943894,719.7,5823, 2103739, 53.34
MAHAPEXLTD, BE, 14-Sep-2021,92.45,94.4,94.4,90.7, 93.30,91.15,91.74,2172,1.99,24, -, -
MAHASTEEL, EQ, 14-Sep-2021,92.95,92.5,94.45,92.1, 92.75,92.75,92.96,19705,18.32,517, 13856, 70.32
MAHEPC, EQ, 14-Sep-2021,137.95,138.6,141.45,135.1, 140.65,140.5,139.45,116749,162.81,2633, 68973, 59.08
MAHESHWARI, EQ, 14-Sep-2021,102.8,103.8,104.05,100.35, 102.00,102.5,102.75,43731,44.93,863, 26732, 61.13
MAHINDCIE, EQ, 14-Sep-2021,232.5,234.7,234.8,228.35, 232.40,230.95,232.49,118376,275.21,3356, 40882, 34.54
MAHLIFE, EQ, 14-Sep-2021,847.9,281.0,283.45,275.3, 280.00,278.5,280.61,494134,1386.61,11906, 279794, 56.62
MAHLOG, EQ, 14-Sep-2021,707.55,709.9,717.8,695.8, 697.00,699.95,705.81,213711,1508.4,16899, 99755, 46.68
MAHSCOOTER, EQ, 14-Sep-2021,4446.75,4450.8,4530.0,4425.0, 4445.00,4449.8,4476.55,10197,456.47,1819, 6903, 67.70
MAHSEAMLES, EQ, 14-Sep-2021,318.75,317.75,318.65,314.8, 315.40,315.15,316.31,43472,137.51,1888, 22141, 50.93
MAITHANALL, EQ, 14-Sep-2021,1011.5,1020.0,1038.0,997.65, 1001.50,1002.3,1016.38,105130,1068.52,7500, 50877, 48.39
MAJESCO, EQ, 14-Sep-2021,90.7,92.0,92.25,88.2, 89.35,89.35,90.03,235414,211.95,5844, 148462, 63.06
MALUPAPER, EQ, 14-Sep-2021,34.8,34.5,35.35,34.5, 34.65,34.7,34.83,18419,6.42,227, 12447, 67.58
MAN50ETF, EQ, 14-Sep-2021,178.63,178.63,179.74,178.6, 178.60,178.61,179.04,3272,5.86,71, 1956, 59.78
MANAKALUCO, EQ, 14-Sep-2021,19.85,20.15,21.8,20.15, 21.80,21.8,21.44,881408,188.95,1580, 511179, 58.00
MANAKCOAT, EQ, 14-Sep-2021,12.35,13.25,13.25,12.0, 12.50,12.4,12.41,16339,2.03,124, 11584, 70.90
MANAKSIA, EQ, 14-Sep-2021,67.8,68.0,68.45,66.9, 68.05,67.85,67.56,77257,52.2,1086, 43003, 55.66
MANAKSTEEL, EQ, 14-Sep-2021,36.2,36.4,36.8,35.45, 35.70,35.9,36.02,55482,19.98,538, 40985, 73.87
MANALIPETC, EQ, 14-Sep-2021,92.0,92.95,94.9,91.6, 94.70,93.7,93.08,724241,674.14,5317, 515906, 71.23
MANAPPURAM, EQ, 14-Sep-2021,165.3,165.4,166.9,165.2, 166.75,166.2,166.06,2118109,3517.36,12756, 797244, 37.64
MANGALAM, EQ, 14-Sep-2021,151.35,152.9,153.6,150.0, 150.00,150.4,151.42,33576,50.84,1058, 17466, 52.02
MANGCHEFER, EQ, 14-Sep-2021,74.7,74.7,76.6,74.1, 75.50,75.2,75.43,210623,158.87,3435, 100569, 47.75
MANGLMCEM, EQ, 14-Sep-2021,462.6,463.05,476.3,462.1, 462.15,463.5,469.16,64892,304.45,3406, 25183, 38.81
MANGTIMBER, BE, 14-Sep-2021,16.1,16.9,16.9,15.35, 16.10,16.1,16.08,18878,3.04,17, -, -
MANINDS, EQ, 14-Sep-2021,113.0,114.0,116.9,112.85, 113.95,113.8,114.87,381208,437.9,6280, 127466, 33.44
MANINFRA, EQ, 14-Sep-2021,76.9,78.45,87.0,77.4, 86.75,85.75,83.36,8177353,6816.34,45539, 2868432, 35.08
MANUGRAPH, EQ, 14-Sep-2021,13.05,13.25,13.25,12.55, 13.10,12.9,12.92,10436,1.35,92, 6813, 65.28
MANXT50, EQ, 14-Sep-2021,428.21,430.19,431.06,428.13, 429.81,429.81,430.16,852,3.66,41, 757, 88.85
MARALOVER, EQ, 14-Sep-2021,81.85,80.5,83.55,79.25, 79.25,80.3,81.0,30036,24.33,522, 20213, 67.30
MARATHON, EQ, 14-Sep-2021,87.2,86.25,88.7,85.5, 86.60,86.25,87.09,38389,33.43,636, 28800, 75.02
MARICO, EQ, 14-Sep-2021,575.6,575.0,582.1,555.9, 559.25,558.3,562.42,5993393,33708.33,132516, 3286299, 54.83
MARINE, EQ, 14-Sep-2021,37.35,37.35,38.0,37.1, 37.30,37.25,37.47,1046949,392.33,4124, 342246, 32.69
MARKSANS, EQ, 14-Sep-2021,71.0,71.6,72.7,71.35, 72.25,72.1,71.98,1649242,1187.08,10590, 885611, 53.70
MARSHALL, SM, 14-Sep-2021,32.0,31.9,31.9,31.9, 31.90,31.9,31.9,3000,0.96,1, 3000, 100.00
MARUTI, EQ, 14-Sep-2021,6873.7,6910.0,6955.0,6851.1, 6893.00,6894.45,6905.55,817280,56437.66,63253, 439314, 53.75
MASFIN, EQ, 14-Sep-2021,768.4,772.5,799.0,772.5, 790.00,785.5,790.1,79501,628.14,7879, 43751, 55.03
MASKINVEST, BE, 14-Sep-2021,37.2,39.05,39.05,37.2, 39.05,39.05,38.99,279,0.11,14, -, -
MASTEK, EQ, 14-Sep-2021,2921.55,2939.95,2948.0,2881.55, 2899.00,2897.3,2916.51,77879,2271.35,12520, 43644, 56.04
MATRIMONY, EQ, 14-Sep-2021,1029.05,1042.6,1042.6,1014.45, 1024.30,1022.55,1026.97,33211,341.07,4657, 8223, 24.76
MAWANASUG, BE, 14-Sep-2021,81.3,83.5,85.35,81.4, 85.35,84.6,84.08,77253,64.95,460, -, -
MAXHEALTH, EQ, 14-Sep-2021,386.55,389.9,402.5,383.65, 395.55,397.1,390.72,2032473,7941.26,35647, 1318454, 64.87
MAXIND, EQ, 14-Sep-2021,72.75,73.0,74.5,72.65, 73.50,73.75,73.97,553422,409.38,2950, 314534, 56.83
MAXVIL, EQ, 14-Sep-2021,92.35,93.3,97.75,92.6, 96.00,95.85,95.42,399149,380.86,5463, 214655, 53.78
MAYURUNIQ, EQ, 14-Sep-2021,478.9,481.3,491.7,480.0, 482.00,483.2,484.32,44840,217.17,2669, 23275, 51.91
MAZDA, EQ, 14-Sep-2021,608.8,624.9,626.0,601.0, 620.00,621.65,618.27,13450,83.16,664, 8770, 65.20
MAZDOCK, EQ, 14-Sep-2021,246.55,247.0,254.0,247.0, 250.10,250.0,251.23,735794,1848.55,13692, 265624, 36.10
MBAPL, EQ, 14-Sep-2021,185.3,182.5,184.15,175.0, 179.50,178.1,181.29,22052,39.98,966, 14580, 66.12
MBECL, BE, 14-Sep-2021,6.25,6.55,6.55,6.35, 6.55,6.55,6.54,239934,15.69,122, -, -
MBLINFRA, EQ, 14-Sep-2021,18.85,18.95,19.35,18.5, 18.70,18.7,18.86,91188,17.19,409, 65968, 72.34
MCDHOLDING, EQ, 14-Sep-2021,55.0,57.75,57.75,52.75, 57.75,57.75,56.17,1611537,905.21,4753, 1111668, 68.98
MCDOWELL-N, EQ, 14-Sep-2021,754.6,754.6,771.8,752.5, 758.80,758.9,762.1,2023070,15417.87,40073, 728699, 36.02
MCL, EQ, 14-Sep-2021,38.25,38.8,38.8,38.1, 38.40,38.35,38.39,19461,7.47,293, 16669, 85.65
MCLEODRUSS, BE, 14-Sep-2021,28.15,26.75,29.55,26.75, 29.55,29.55,27.88,1020220,284.4,1548, -, -
MCX, EQ, 14-Sep-2021,1629.3,1632.0,1642.0,1611.0, 1615.00,1613.5,1623.08,500442,8122.58,36711, 203854, 40.73
MEGASOFT, BE, 14-Sep-2021,21.4,22.4,22.45,20.35, 20.35,20.35,21.49,743221,159.73,1803, -, -
MELSTAR, BZ, 14-Sep-2021,3.5,3.65,3.65,3.35, 3.65,3.65,3.61,23957,0.87,53, -, -
MENONBE, EQ, 14-Sep-2021,76.1,76.95,76.95,74.4, 74.80,74.8,75.15,19184,14.42,550, 14498, 75.57
MEP, EQ, 14-Sep-2021,20.7,20.5,22.75,20.5, 22.75,22.65,22.12,948331,209.73,2203, 571901, 60.31
MERCATOR, BE, 14-Sep-2021,1.85,1.9,1.9,1.85, 1.90,1.9,1.9,623634,11.85,325, -, -
METALFORGE, BZ, 14-Sep-2021,5.25,5.0,5.4,5.0, 5.25,5.25,5.14,5832,0.3,55, -, -
METROPOLIS, EQ, 14-Sep-2021,3072.9,3094.0,3094.0,3029.0, 3077.00,3077.45,3066.49,119563,3666.38,9892, 35144, 29.39
MFL, EQ, 14-Sep-2021,673.1,680.0,740.4,677.15, 740.40,740.4,719.97,117081,842.94,3152, 85487, 73.02
MFSL, EQ, 14-Sep-2021,1094.9,1101.0,1115.4,1088.1, 1091.30,1093.7,1100.96,628172,6915.95,24936, 221864, 35.32
MGEL, EQ, 14-Sep-2021,51.5,51.55,52.85,50.0, 51.90,51.3,51.32,17528,9.0,141, 11010, 62.81
MGL, EQ, 14-Sep-2021,1181.65,1185.0,1195.0,1183.1, 1188.00,1189.05,1189.13,207221,2464.13,7914, 94444, 45.58
MHHL, SM, 14-Sep-2021,21.6,21.6,21.95,20.3, 21.95,21.95,21.28,9000,1.92,3, 6000, 66.67
MHRIL, EQ, 14-Sep-2021,234.4,236.35,237.6,231.5, 232.00,232.5,234.07,352129,824.23,5753, 216477, 61.48
MIDHANI, EQ, 14-Sep-2021,185.7,186.6,189.8,186.2, 188.70,188.5,187.98,306924,576.95,6243, 123687, 40.30
MINDACORP, EQ, 14-Sep-2021,126.6,128.95,128.95,126.4, 126.65,126.9,127.37,374679,477.23,6369, 224056, 59.80
MINDAIND, EQ, 14-Sep-2021,698.9,702.4,713.75,697.55, 704.00,704.8,706.56,285858,2019.76,11668, 151012, 52.83
MINDSPACE, RR, 14-Sep-2021,298.79,299.09,301.75,296.0, 298.00,297.05,298.63,196324,586.27,1698, 183309, 93.37
MINDTECK, EQ, 14-Sep-2021,90.35,92.3,92.3,86.75, 88.20,88.4,88.32,52953,46.77,1281, 32213, 60.83
MINDTREE, EQ, 14-Sep-2021,3935.05,3942.5,3964.0,3890.2, 3932.00,3936.0,3939.51,858856,33834.68,65795, 238622, 27.78
MIRCELECTR, BE, 14-Sep-2021,16.05,16.0,16.85,15.85, 16.85,16.85,16.35,296936,48.54,430, -, -
MIRZAINT, EQ, 14-Sep-2021,59.1,59.6,60.2,58.8, 59.05,59.15,59.38,330018,195.96,3629, 150315, 45.55
MITCON, SM, 14-Sep-2021,59.0,61.95,61.95,59.5, 61.95,61.95,61.68,154000,94.99,45, 144000, 93.51
MITTAL, EQ, 14-Sep-2021,10.6,10.8,10.8,10.05, 10.40,10.3,10.35,63425,6.57,375, 35208, 55.51
MMFL, EQ, 14-Sep-2021,826.95,829.85,833.0,809.0, 833.00,826.4,817.61,13590,111.11,1248, 11127, 81.88
MMP, EQ, 14-Sep-2021,165.75,171.45,172.0,166.0, 168.00,168.1,168.64,35204,59.37,853, 20481, 58.18
MMTC, EQ, 14-Sep-2021,45.9,45.9,46.8,45.85, 45.95,46.0,46.16,1277882,589.91,4957, 359496, 28.13
MODIRUBBER, BE, 14-Sep-2021,96.15,100.95,100.95,100.95, 100.95,100.95,100.95,6194,6.25,136, -, -
MODISNME, EQ, 14-Sep-2021,74.7,72.5,75.45,72.5, 74.60,74.4,74.37,43180,32.11,868, 31325, 72.55
MOGSEC, EQ, 14-Sep-2021,48.81,54.0,54.0,48.78, 48.80,48.8,48.85,960,0.47,40, 641, 66.77
MOHITIND, BE, 14-Sep-2021,12.05,12.65,12.65,12.0, 12.40,12.4,12.36,3080,0.38,37, -, -
MOHOTAIND, BE, 14-Sep-2021,9.55,9.9,9.95,9.1, 9.50,9.3,9.64,49650,4.79,237, -, -
MOIL, EQ, 14-Sep-2021,162.4,163.0,170.0,163.0, 168.40,168.4,166.63,616973,1028.08,8912, 266645, 43.22
MOKSH, EQ, 14-Sep-2021,36.8,37.5,37.65,36.6, 37.15,37.0,37.02,840591,311.23,1061, 667363, 79.39
MOL, EQ, 14-Sep-2021,114.5,114.55,125.4,114.55, 120.95,120.25,121.18,1902339,2305.34,17387, 821614, 43.19
MOLDTECH, BE, 14-Sep-2021,78.8,79.5,82.7,77.7, 82.70,82.7,81.47,41251,33.61,380, -, -
MOLDTEKPP, E1, 14-Sep-2021,373.95,384.6,429.9,370.1, 424.95,413.0,404.63,10076,40.77,747, 4338, 43.05
MOLDTKPAC, EQ, 14-Sep-2021,521.6,528.7,598.0,523.05, 578.00,577.6,576.05,598303,3446.54,27034, 238797, 39.91
MOLDTKPAC, W1, 14-Sep-2021,342.6,373.0,410.0,373.0, 391.10,406.95,397.88,1994,7.93,64, 1597, 80.09
MOM100, EQ, 14-Sep-2021,30.87,31.65,32.12,30.9, 31.20,31.3,31.55,176676,55.73,2365, 97673, 55.28
MOM50, EQ, 14-Sep-2021,171.95,172.0,173.48,171.21, 171.41,171.41,171.48,4381,7.51,64, 4296, 98.06
MON100, EQ, 14-Sep-2021,112.25,111.8,113.5,111.8, 112.30,112.35,112.25,554935,622.89,4790, 363231, 65.45
MONTECARLO, EQ, 14-Sep-2021,369.45,370.05,378.1,370.05, 371.00,371.85,373.98,82401,308.17,4673, 39254, 47.64
MORARJEE, EQ, 14-Sep-2021,16.7,16.95,17.4,16.4, 16.65,16.45,16.76,15643,2.62,97, 12128, 77.53
MOREPENLAB, EQ, 14-Sep-2021,58.75,59.25,61.9,59.1, 60.55,60.65,60.94,4359622,2656.7,23750, 1470162, 33.72
MOTHERSUMI, EQ, 14-Sep-2021,213.25,215.0,223.3,213.25, 222.75,221.95,220.51,11348586,25024.28,96776, 3698271, 32.59
MOTILALOFS, EQ, 14-Sep-2021,767.9,770.25,789.0,770.25, 786.30,786.5,782.74,347911,2723.24,12140, 122621, 35.24
MOTOGENFIN, EQ, 14-Sep-2021,26.4,26.95,27.3,26.0, 26.50,26.35,26.46,8191,2.17,152, 4709, 57.49
MPHASIS, EQ, 14-Sep-2021,3000.2,3015.0,3067.0,2984.0, 3051.00,3055.45,3035.21,559672,16987.21,37567, 194118, 34.68
MPSLTD, EQ, 14-Sep-2021,698.6,704.0,704.45,682.0, 689.00,687.75,692.59,15262,105.7,1274, 10302, 67.50
MRF, EQ, 14-Sep-2021,80243.6,80230.0,80847.05,80052.05, 80335.00,80423.85,80404.69,9958,8006.7,6711, 3874, 38.90
MRO-TEK, EQ, 14-Sep-2021,44.15,48.55,48.55,44.2, 48.55,48.55,47.5,78824,37.44,352, 51272, 65.05
MRPL, EQ, 14-Sep-2021,43.15,43.3,43.65,43.2, 43.25,43.3,43.41,747204,324.32,3607, 389181, 52.08
MSPL, EQ, 14-Sep-2021,9.9,9.9,10.15,9.8, 9.90,9.85,9.95,66560,6.62,243, 45927, 69.00
MSTCLTD, EQ, 14-Sep-2021,318.1,320.3,324.7,310.6, 312.85,313.25,316.88,959474,3040.38,18143, 425549, 44.35
MTARTECH, EQ, 14-Sep-2021,1406.3,1425.0,1435.0,1411.6, 1418.00,1419.65,1424.49,230032,3276.78,14118, 94848, 41.23
MTEDUCARE, EQ, 14-Sep-2021,7.85,7.95,8.6,7.8, 8.60,8.6,8.44,809412,68.28,1031, 369775, 45.68
MTNL, EQ, 14-Sep-2021,18.25,18.25,19.45,18.25, 18.70,18.6,18.74,2638132,494.5,4052, 808699, 30.65
MUKANDLTD, BE, 14-Sep-2021,144.65,146.8,149.9,144.0, 145.45,144.35,145.65,24940,36.33,239, -, -
MUKTAARTS, EQ, 14-Sep-2021,37.9,38.5,38.5,37.65, 38.10,37.7,37.97,10749,4.08,93, 5151, 47.92
MUNJALAU, EQ, 14-Sep-2021,56.6,56.75,58.5,56.75, 57.75,57.75,57.67,108527,62.59,1546, 55561, 51.20
MUNJALSHOW, EQ, 14-Sep-2021,133.6,133.6,135.65,133.05, 134.60,134.15,134.7,36911,49.72,1009, 21882, 59.28
MURUDCERA, EQ, 14-Sep-2021,25.4,25.6,26.0,25.3, 25.60,25.65,25.68,70317,18.06,587, 39534, 56.22
MUTHOOTCAP, EQ, 14-Sep-2021,397.95,396.7,402.65,396.7, 400.50,399.55,400.04,25199,100.81,1539, 11700, 46.43
MUTHOOTFIN, EQ, 14-Sep-2021,1544.55,1550.0,1560.0,1537.6, 1542.00,1542.4,1547.63,289304,4477.36,20505, 123411, 42.66
NABARD, N2, 14-Sep-2021,1244.0,1240.3,1243.5,1240.0, 1241.00,1241.65,1240.64,1145,14.21,21, 875, 76.42
NACLIND, EQ, 14-Sep-2021,71.05,71.8,72.4,70.65, 71.55,71.95,71.74,65689,47.13,584, 54087, 82.34
NAGAFERT, BE, 14-Sep-2021,11.15,11.2,11.6,10.6, 11.60,11.4,10.93,1441067,157.53,1403, -, -
NAGREEKEXP, BE, 14-Sep-2021,34.5,33.15,35.6,33.15, 34.30,33.7,34.19,7015,2.4,74, -, -
NAHARCAP, EQ, 14-Sep-2021,268.2,268.2,279.0,268.2, 272.05,274.35,272.84,15678,42.78,644, 6565, 41.87
NAHARINDUS, BE, 14-Sep-2021,116.1,113.0,118.0,113.0, 116.00,115.7,115.54,19130,22.1,206, -, -
NAHARPOLY, EQ, 14-Sep-2021,230.3,231.0,253.0,230.95, 249.00,248.95,244.76,172589,422.42,3695, 103674, 60.07
NAHARSPING, BE, 14-Sep-2021,404.9,400.05,413.9,400.05, 407.00,404.55,402.17,29580,118.96,340, -, -
NAM-INDIA, EQ, 14-Sep-2021,436.8,439.95,442.35,434.3, 437.00,437.85,437.44,916597,4009.59,13990, 418920, 45.70
NATCOPHARM, EQ, 14-Sep-2021,970.6,979.0,979.0,964.0, 975.10,975.65,972.13,81756,794.78,5155, 43380, 53.06
NATHBIOGEN, EQ, 14-Sep-2021,333.4,336.0,337.95,332.15, 334.90,333.1,334.52,24775,82.88,1176, 12917, 52.14
NATIONALUM, EQ, 14-Sep-2021,100.75,100.95,101.2,97.9, 98.00,98.15,99.15,19119757,18957.55,61777, 6838561, 35.77
NATNLSTEEL, EQ, 14-Sep-2021,4.0,4.1,4.1,4.0, 4.05,4.05,4.02,22282,0.9,98, 19815, 88.93
NAUKRI, EQ, 14-Sep-2021,6604.35,6647.0,6932.8,6601.65, 6683.00,6722.5,6807.8,1273267,86681.42,124303, 273890, 21.51
NAVINFLUOR, EQ, 14-Sep-2021,4019.85,4042.9,4058.0,3985.05, 4005.00,4008.1,4018.8,99835,4012.17,9464, 42075, 42.14
NAVKARCORP, EQ, 14-Sep-2021,42.9,43.1,43.55,43.0, 43.15,43.15,43.24,218279,94.38,1387, 135385, 62.02
NAVNETEDUL, EQ, 14-Sep-2021,100.6,101.0,103.3,100.55, 102.25,102.05,102.27,192488,196.85,3428, 108619, 56.43
NAZARA, EQ, 14-Sep-2021,1925.9,1930.0,2088.85,1930.0, 2044.10,2035.25,2039.62,1578094,32187.11,106969, 329861, 20.90
NBCC, EQ, 14-Sep-2021,43.2,43.4,45.5,43.3, 45.40,45.25,44.83,9944919,4458.29,30282, 3064597, 30.82
NBIFIN, EQ, 14-Sep-2021,2809.6,2762.35,2815.1,2762.35, 2789.95,2779.4,2796.41,103,2.88,58, 56, 54.37
NBVENTURES, EQ, 14-Sep-2021,114.9,115.1,117.4,115.05, 115.75,115.55,116.27,462085,537.29,5117, 284694, 61.61
NCC, EQ, 14-Sep-2021,77.95,78.6,81.0,78.55, 79.90,79.85,79.87,3175656,2536.47,12903, 1435603, 45.21
NCLIND, EQ, 14-Sep-2021,237.95,238.5,243.75,238.15, 239.95,241.35,240.71,74256,178.74,2633, 45614, 61.43
NCPSESDL24, EQ, 14-Sep-2021,106.86,106.86,106.86,106.77, 106.81,106.81,106.8,3180,3.4,17, 3179, 99.97
NDGL, BE, 14-Sep-2021,1433.7,1460.0,1460.0,1405.0, 1439.00,1423.2,1422.33,170,2.42,40, -, -
NDL, EQ, 14-Sep-2021,77.15,77.0,78.65,76.05, 77.00,76.65,76.83,35695,27.42,443, 24256, 67.95
NDRAUTO, BE, 14-Sep-2021,404.35,394.0,410.0,394.0, 404.95,404.85,400.63,5627,22.54,96, -, -
NDTV, EQ, 14-Sep-2021,72.95,73.9,74.95,72.85, 74.00,73.75,73.93,25848,19.11,482, 17519, 67.78
NECCLTD, EQ, 14-Sep-2021,20.2,20.5,20.75,20.0, 20.45,20.4,20.51,1108386,227.36,1309, 638205, 57.58
NECLIFE, EQ, 14-Sep-2021,29.1,29.2,30.2,29.15, 29.70,29.6,29.68,277093,82.24,1155, 173987, 62.79
NELCAST, EQ, 14-Sep-2021,89.25,90.4,91.5,89.0, 91.00,90.35,90.53,158016,143.05,2737, 94165, 59.59
NELCO, EQ, 14-Sep-2021,541.2,544.0,559.0,534.0, 537.90,536.2,545.97,171645,937.13,6202, 64712, 37.70
NEOGEN, EQ, 14-Sep-2021,1164.8,1178.3,1187.8,1146.75, 1162.00,1158.2,1163.75,66369,772.37,5960, 27418, 41.31
NESCO, EQ, 14-Sep-2021,596.15,597.25,604.65,590.6, 593.70,594.9,597.69,46445,277.6,3261, 23706, 51.04
NESTLEIND, EQ, 14-Sep-2021,20452.25,20450.0,20609.15,20180.0, 20242.00,20230.45,20303.84,59185,12016.83,16381, 28226, 47.69
NETF, EQ, 14-Sep-2021,214.17,215.02,215.02,215.02, 215.02,215.02,215.02,129,0.28,22, 128, 99.22
NETFCONSUM, EQ, 14-Sep-2021,77.0,78.07,78.48,75.47, 77.40,77.38,77.2,7654,5.91,187, 4999, 65.31
NETFDIVOPP, EQ, 14-Sep-2021,44.91,44.91,45.7,44.44, 44.77,44.83,44.93,4404,1.98,104, 2677, 60.79
NETFGILT5Y, EQ, 14-Sep-2021,48.85,48.85,48.85,48.82, 48.83,48.83,48.83,2633,1.29,12, 2632, 99.96
NETFIT, EQ, 14-Sep-2021,35.77,35.9,36.1,35.8, 35.89,35.99,35.95,698294,251.07,3077, 487983, 69.88
NETFLTGILT, EQ, 14-Sep-2021,22.75,22.75,22.81,22.6, 22.74,22.61,22.71,33513,7.61,84, 11405, 34.03
NETFMID150, EQ, 14-Sep-2021,112.22,118.82,118.82,112.22, 113.76,113.74,113.39,176988,200.68,1324, 125573, 70.95
NETFNIF100, EQ, 14-Sep-2021,182.3,175.29,185.95,175.29, 182.45,182.78,182.99,1665,3.05,45, 1516, 91.05
NETFNV20, EQ, 14-Sep-2021,97.4,96.5,98.5,96.22, 98.00,98.0,97.68,6321,6.17,133, 4370, 69.13
NETFPHARMA, EQ, 14-Sep-2021,14.43,14.6,14.6,14.32, 14.46,14.47,14.46,103192,14.92,470, 63748, 61.78
NETFSDL26, EQ, 14-Sep-2021,105.89,105.89,105.89,105.89, 105.89,105.89,105.89,98,0.1,1, 98, 100.00
NETWORK18, EQ, 14-Sep-2021,50.8,51.75,54.5,51.2, 54.15,54.2,53.29,7168982,3820.34,20049, 2271750, 31.69
NEULANDLAB, EQ, 14-Sep-2021,1722.15,1786.0,1786.0,1701.0, 1730.00,1731.35,1742.37,21403,372.92,1680, 14692, 68.64
NEWGEN, BE, 14-Sep-2021,601.4,601.4,619.1,590.1, 612.00,614.55,609.27,79676,485.44,4039, -, -
NEXTMEDIA, EQ, 14-Sep-2021,4.45,4.3,4.75,4.3, 4.60,4.6,4.55,31424,1.43,78, 22515, 71.65
NFL, EQ, 14-Sep-2021,54.1,54.55,56.2,54.25, 55.35,55.15,55.38,845823,468.39,6314, 335799, 39.70
NGIL, EQ, 14-Sep-2021,97.45,101.0,102.3,99.45, 102.30,102.2,102.0,535594,546.29,2057, 192028, 35.85
NH, EQ, 14-Sep-2021,526.5,533.9,562.0,532.0, 544.10,545.05,552.45,1475861,8153.39,60232, 642287, 43.52
NHAI, N1, 14-Sep-2021,1095.02,1096.0,1098.0,1094.0, 1095.10,1095.1,1095.05,3690,40.41,22, 2879, 78.02
NHAI, N2, 14-Sep-2021,1285.4,1282.3,1287.5,1282.0, 1283.11,1283.48,1282.98,1736,22.27,15, 1195, 68.84
NHAI, N4, 14-Sep-2021,1234.0,1181.0,1181.0,1181.0, 1181.00,1181.0,1181.0,500,5.91,1, 500, 100.00
NHAI, N6, 14-Sep-2021,1317.53,1317.5,1317.5,1301.0, 1317.50,1313.32,1309.52,719,9.42,17, 660, 91.79
NHAI, N8, 14-Sep-2021,1135.0,1131.0,1133.0,1131.0, 1133.00,1133.0,1131.0,972,10.99,3, 971, 99.90
NHAI, NA, 14-Sep-2021,1239.69,1240.0,1241.5,1238.0, 1240.50,1240.7,1238.99,5135,63.62,77, 3749, 73.01
NHAI, NC, 14-Sep-2021,1174.99,1158.0,1179.99,1158.0, 1179.99,1179.99,1158.24,1870,21.66,3, 1870, 100.00
NHAI, ND, 14-Sep-2021,1294.0,1294.0,1294.0,1294.0, 1294.00,1294.0,1294.0,1,0.01,1, 1, 100.00
NHAI, NE, 14-Sep-2021,1279.73,1275.65,1277.0,1275.01, 1275.01,1275.32,1275.86,2536,32.36,72, 2121, 83.64
NHBTF2014, N3, 14-Sep-2021,7107.0,7132.0,7132.0,7132.0, 7132.00,7132.0,7132.0,5,0.36,1, 5, 100.00
NHBTF2014, N6, 14-Sep-2021,7152.0,7175.0,7180.0,7175.0, 7178.00,7178.0,7177.83,152,10.91,20, 152, 100.00
NHBTF2023, N6, 14-Sep-2021,6590.0,6540.2,6540.2,6540.0, 6540.00,6540.1,6540.1,10,0.65,2, 10, 100.00
NHPC, EQ, 14-Sep-2021,27.6,27.6,27.7,27.3, 27.65,27.6,27.52,3118139,858.19,9039, 1608053, 51.57
NIACL, EQ, 14-Sep-2021,168.0,167.0,173.6,165.2, 171.55,172.05,171.23,2240987,3837.18,34919, 903317, 40.31
NIBL, EQ, 14-Sep-2021,19.95,20.0,20.0,19.45, 19.50,19.5,19.67,3802,0.75,45, 1966, 51.71
NIFTYBEES, EQ, 14-Sep-2021,187.11,214.83,214.83,180.16, 187.70,187.54,187.71,738023,1385.31,15024, 389309, 52.75
NIFTYEES, EQ, 14-Sep-2021,22779.0,22201.0,22798.0,22201.0, 22798.00,22798.0,22619.0,5,1.13,5, 2, 40.00
NIITLTD, EQ, 14-Sep-2021,317.05,317.8,323.8,311.1, 317.75,315.25,317.76,688638,2188.25,11666, 255743, 37.14
NILAINFRA, EQ, 14-Sep-2021,5.5,5.55,5.65,5.45, 5.50,5.45,5.55,343853,19.07,735, 167699, 48.77
NILASPACES, BE, 14-Sep-2021,1.7,1.75,1.75,1.65, 1.70,1.65,1.66,355721,5.91,302, -, -
NILKAMAL, EQ, 14-Sep-2021,2786.55,2797.7,2805.65,2731.4, 2759.00,2757.85,2768.08,8437,233.54,1607, 3995, 47.35
NIPPOBATRY, EQ, 14-Sep-2021,1030.7,1032.0,1047.05,1025.0, 1039.15,1034.35,1035.01,6154,63.69,1061, 3664, 59.54
NIRAJ, EQ, 14-Sep-2021,43.45,44.65,44.65,43.25, 43.25,43.35,43.47,3818,1.66,134, 1877, 49.16
NITCO, EQ, 14-Sep-2021,22.55,23.0,23.0,22.1, 22.30,22.25,22.43,64691,14.51,468, 52391, 80.99
NITINFIRE, BZ, 14-Sep-2021,1.45,1.4,1.5,1.4, 1.40,1.5,1.43,178395,2.56,112, -, -
NITINSPIN, BE, 14-Sep-2021,222.15,226.8,227.35,216.0, 217.00,218.2,218.63,123067,269.07,1781, -, -
NITIRAJ, EQ, 14-Sep-2021,45.25,46.9,46.9,44.55, 46.00,46.0,45.79,976,0.45,58, 584, 59.84
NKIND, BE, 14-Sep-2021,35.25,35.25,37.0,33.55, 37.00,37.0,35.99,1520,0.55,21, -, -
NLCINDIA, EQ, 14-Sep-2021,53.4,53.45,54.45,53.0, 53.65,53.7,53.67,2255402,1210.46,8104, 876874, 38.88
NMDC, EQ, 14-Sep-2021,151.55,152.1,153.7,151.1, 151.95,151.9,152.06,7857856,11948.31,35240, 3371919, 42.91
NOCIL, EQ, 14-Sep-2021,290.55,292.0,295.75,287.5, 291.55,293.0,292.04,1550747,4528.82,21890, 490519, 31.63
NOIDATOLL, EQ, 14-Sep-2021,5.8,5.9,6.05,5.8, 6.00,5.95,5.96,60451,3.6,129, 43814, 72.48
NOVARTIND, EQ, 14-Sep-2021,835.8,849.7,862.0,836.0, 851.00,851.75,847.36,23988,203.27,1652, 14720, 61.36
NPBET, EQ, 14-Sep-2021,187.29,194.4,194.4,185.1, 187.20,190.26,190.21,1660,3.16,102, 1057, 63.67
NPST, SM, 14-Sep-2021,70.65,70.65,73.95,70.2, 70.20,70.2,72.0,8000,5.76,5, 3200, 40.00
NRAIL, EQ, 14-Sep-2021,318.25,318.1,334.0,318.1, 329.00,329.0,324.94,41246,134.03,2173, 22286, 54.03
NRBBEARING, EQ, 14-Sep-2021,140.8,141.25,141.7,139.25, 140.00,140.15,140.22,190355,266.91,3823, 99140, 52.08
NSIL, EQ, 14-Sep-2021,1671.75,1664.85,1714.65,1663.05, 1675.00,1677.25,1686.08,737,12.43,141, 563, 76.39
NTL, BE, 14-Sep-2021,2.35,2.4,2.4,2.25, 2.25,2.25,2.31,35021,0.81,40, -, -
NTPC, EQ, 14-Sep-2021,115.0,115.25,116.15,114.8, 115.80,115.9,115.58,7369292,8517.51,50424, 4268793, 57.93
NTPC, N2, 14-Sep-2021,1400.0,1679.9,1679.9,1600.0, 1600.00,1600.0,1607.26,11,0.18,2, 11, 100.00
NTPC, N4, 14-Sep-2021,1165.0,1230.0,1230.0,1230.0, 1230.00,1230.0,1230.0,10,0.12,2, 5, 50.00
NTPC, N7, 14-Sep-2021,13.87,13.87,13.9,13.81, 13.86,13.86,13.86,23352,3.24,117, 23101, 98.93
NTPC, ND, 14-Sep-2021,1340.18,1369.99,1369.99,1369.99, 1369.99,1369.99,1369.99,1,0.01,1, 1, 100.00
NUCLEUS, EQ, 14-Sep-2021,536.7,545.0,550.0,530.15, 536.00,536.9,540.36,74765,404.0,5505, 39421, 52.73
NURECA, EQ, 14-Sep-2021,1632.45,1623.0,1663.5,1623.0, 1642.05,1646.25,1648.55,6601,108.82,1078, 4516, 68.41
NUVOCO, EQ, 14-Sep-2021,544.8,542.55,555.5,542.55, 555.00,552.05,550.96,482527,2658.51,15143, 336592, 69.76
NXTDIGITAL, EQ, 14-Sep-2021,418.65,424.0,427.75,412.55, 415.00,418.25,418.9,6337,26.55,288, 3963, 62.54
OAL, EQ, 14-Sep-2021,1010.35,1035.85,1100.0,1021.0, 1059.90,1046.6,1056.36,185728,1961.95,17777, 83360, 44.88
OBEROIRLTY, EQ, 14-Sep-2021,758.8,760.8,784.5,759.15, 771.50,770.6,774.5,659522,5108.02,21894, 226709, 34.37
OCCL, EQ, 14-Sep-2021,1092.55,1113.8,1150.0,1096.15, 1141.05,1142.05,1132.37,41087,465.26,4014, 20751, 50.51
OFSS, EQ, 14-Sep-2021,4856.05,4889.0,4899.95,4825.0, 4827.90,4832.9,4857.62,114390,5556.63,14250, 51016, 44.60
OIL, EQ, 14-Sep-2021,193.35,194.4,200.7,194.35, 198.40,198.4,197.75,1317149,2604.66,17071, 464178, 35.24
OILCOUNTUB, BE, 14-Sep-2021,6.65,6.5,6.95,6.5, 6.65,6.6,6.61,9889,0.65,69, -, -
OLECTRA, BE, 14-Sep-2021,378.35,397.25,397.25,382.0, 397.25,397.25,394.97,843072,3329.89,4872, -, -
OMAXAUTO, BE, 14-Sep-2021,46.15,47.0,48.1,45.5, 47.20,47.0,47.4,20045,9.5,158, -, -
OMAXE, EQ, 14-Sep-2021,75.75,76.0,76.85,73.2, 73.80,73.6,74.74,282653,211.26,5073, 221132, 78.23
OMINFRAL, EQ, 14-Sep-2021,28.4,28.85,28.85,28.35, 28.50,28.5,28.59,74541,21.31,352, 55264, 74.14
OMKARCHEM, EQ, 14-Sep-2021,18.05,18.75,18.8,17.6, 17.90,17.85,18.24,78974,14.41,547, 54870, 69.48
ONELIFECAP, BE, 14-Sep-2021,18.8,19.45,19.45,17.9, 18.60,18.4,18.19,5067,0.92,63, -, -
ONEPOINT, BE, 14-Sep-2021,38.85,37.05,40.0,37.0, 38.85,37.15,37.55,19845,7.45,100, -, -
ONGC, EQ, 14-Sep-2021,123.05,123.3,125.4,122.8, 123.85,123.95,124.26,16593684,20619.2,72690, 7740559, 46.65
ONMOBILE, EQ, 14-Sep-2021,115.45,116.75,118.3,115.5, 115.65,115.85,116.37,439015,510.86,6448, 270332, 61.58
ONWARDTEC, EQ, 14-Sep-2021,228.55,234.45,235.05,228.35, 229.05,229.8,230.3,19116,44.02,583, 12379, 64.76
OPTIEMUS, BE, 14-Sep-2021,277.45,291.3,291.3,291.3, 291.30,291.3,291.3,191829,558.8,506, -, -
OPTOCIRCUI, BE, 14-Sep-2021,3.7,3.75,3.8,3.65, 3.70,3.7,3.73,182936,6.82,266, -, -
ORBTEXP, EQ, 14-Sep-2021,76.25,76.9,78.0,75.05, 76.25,76.1,76.63,20573,15.77,554, 16231, 78.89
ORCHPHARMA, BE, 14-Sep-2021,429.5,436.5,437.0,426.9, 427.00,427.45,431.33,4192,18.08,202, -, -
ORICONENT, EQ, 14-Sep-2021,31.3,31.3,32.85,31.1, 32.85,32.85,32.56,220491,71.79,576, 119109, 54.02
ORIENTABRA, EQ, 14-Sep-2021,30.05,30.0,30.5,30.0, 30.15,30.25,30.27,89050,26.96,865, 58428, 65.61
ORIENTALTL, EQ, 14-Sep-2021,8.4,8.5,8.95,8.35, 8.55,8.5,8.61,57402,4.95,238, 30888, 53.81
ORIENTBELL, EQ, 14-Sep-2021,342.7,341.05,348.7,338.2, 344.90,341.4,341.8,11620,39.72,1115, 5632, 48.47
ORIENTCEM, EQ, 14-Sep-2021,163.3,163.5,167.45,163.5, 164.15,163.8,164.8,968117,1595.46,9722, 433873, 44.82
ORIENTELEC, EQ, 14-Sep-2021,337.05,342.0,360.0,342.0, 359.00,357.95,352.74,1059752,3738.21,24149, 329289, 31.07
ORIENTHOT, EQ, 14-Sep-2021,36.25,36.5,36.6,35.8, 36.05,36.0,36.14,65261,23.58,743, 40603, 62.22
ORIENTLTD, EQ, 14-Sep-2021,67.85,67.9,70.95,66.85, 70.00,69.9,69.21,7085,4.9,188, 4234, 59.76
ORIENTPPR, EQ, 14-Sep-2021,30.2,30.45,30.6,30.15, 30.25,30.25,30.36,726549,220.57,2286, 349386, 48.09
ORISSAMINE, EQ, 14-Sep-2021,2983.3,2990.0,3013.3,2899.85, 2940.00,2932.6,2961.68,21329,631.7,2809, 10359, 48.57
ORTEL, BZ, 14-Sep-2021,1.25,1.2,1.2,1.2, 1.20,1.2,1.2,5685,0.07,9, -, -
ORTINLAB, EQ, 14-Sep-2021,28.35,29.5,29.55,28.2, 28.55,28.7,28.87,42181,12.18,423, 25722, 60.98
OSIAHYPER, SM, 14-Sep-2021,235.0,221.5,221.5,220.0, 220.00,220.85,220.83,1200,2.65,3, 1200, 100.00
OSWALAGRO, EQ, 14-Sep-2021,17.3,17.6,18.15,17.2, 18.15,18.15,17.86,515830,92.14,786, 482721, 93.58
OSWALSEEDS, SM, 14-Sep-2021,32.2,30.6,30.6,30.6, 30.60,30.6,30.6,128000,39.17,13, 128000, 100.00
PAEL, BZ, 14-Sep-2021,6.25,6.25,6.4,6.0, 6.00,6.0,6.2,860,0.05,12, -, -
PAGEIND, EQ, 14-Sep-2021,32077.75,32007.75,32850.0,32007.75, 32700.00,32590.45,32441.9,15680,5086.89,6804, 7650, 48.79
PAISALO, EQ, 14-Sep-2021,774.0,796.9,796.9,751.55, 761.50,764.4,763.89,227592,1738.55,12543, 134016, 58.88
PALASHSECU, EQ, 14-Sep-2021,73.05,74.15,74.2,72.35, 72.50,72.5,72.97,5257,3.84,158, 2753, 52.37
PALREDTEC, EQ, 14-Sep-2021,123.8,126.95,129.45,122.1, 122.25,122.95,124.8,63082,78.73,2345, 33362, 52.89
PANACEABIO, EQ, 14-Sep-2021,289.05,291.4,299.95,290.0, 298.00,296.8,294.44,129982,382.72,3138, 89005, 68.47
PANACHE, BE, 14-Sep-2021,56.4,59.0,59.0,56.5, 58.00,58.0,57.6,4809,2.77,49, -, -
PANAMAPET, EQ, 14-Sep-2021,261.7,264.0,265.0,258.5, 262.00,260.35,261.41,102987,269.22,3602, 67077, 65.13
PAR, SM, 14-Sep-2021,112.5,117.0,123.75,117.0, 123.75,123.75,123.43,64000,78.99,32, 56000, 87.50
PARACABLES, BE, 14-Sep-2021,12.95,12.7,13.25,12.55, 13.25,13.15,13.09,94582,12.38,423, -, -
PARAGMILK, EQ, 14-Sep-2021,133.4,134.25,134.45,130.15, 130.65,131.1,132.25,373221,493.59,4571, 218615, 58.58
PARSVNATH, EQ, 14-Sep-2021,16.9,17.1,17.7,16.65, 16.95,17.0,17.3,1732112,299.72,1948, 1055551, 60.94
PARTYCRUS, SM, 14-Sep-2021,21.9,22.95,22.95,22.95, 22.95,22.95,22.95,10000,2.3,5, 6000, 60.00
PATELENG, EQ, 14-Sep-2021,16.7,16.75,17.4,16.55, 16.90,16.8,16.95,2908095,492.88,4691, 1475730, 50.75
PATINTLOG, EQ, 14-Sep-2021,23.4,23.95,24.5,23.15, 24.50,24.25,23.97,60241,14.44,427, 42545, 70.62
PATSPINLTD, EQ, 14-Sep-2021,8.65,9.05,9.05,8.45, 8.75,8.75,8.81,16210,1.43,124, 13717, 84.62
PBAINFRA, BE, 14-Sep-2021,10.6,11.05,11.05,10.5, 11.00,11.0,10.9,2619,0.29,13, -, -
PCJEWELLER, EQ, 14-Sep-2021,24.95,24.95,25.3,24.5, 24.95,24.85,24.95,972239,242.53,3106, 517012, 53.18
PDMJEPAPER, EQ, 14-Sep-2021,40.65,40.5,41.4,40.5, 40.70,40.75,40.91,134470,55.01,1133, 82106, 61.06
PDSMFL, EQ, 14-Sep-2021,1254.35,1260.0,1349.85,1251.0, 1348.00,1313.25,1297.99,7057,91.6,584, 5833, 82.66
PEARLPOLY, EQ, 14-Sep-2021,15.9,16.2,16.2,15.7, 15.85,15.75,15.85,6324,1.0,164, 5788, 91.52
PEL, EQ, 14-Sep-2021,2570.6,2570.65,2658.65,2570.65, 2654.90,2648.7,2630.15,1197023,31483.48,68623, 325862, 27.22
PENIND, EQ, 14-Sep-2021,29.75,29.75,31.5,29.75, 30.55,30.7,30.86,810929,250.21,4083, 356614, 43.98
PENINLAND, BE, 14-Sep-2021,11.65,11.25,12.2,11.25, 11.85,12.0,11.92,173915,20.72,281, -, -
PENTAGOLD, SM, 14-Sep-2021,70.0,67.0,67.0,67.0, 67.00,67.0,67.0,3000,2.01,1, 3000, 100.00
PERFECT, SM, 14-Sep-2021,11.55,11.0,11.0,11.0, 11.00,11.0,11.0,6000,0.66,1, 6000, 100.00
PERSISTENT, EQ, 14-Sep-2021,3587.7,3610.95,3630.55,3570.0, 3590.00,3587.6,3592.18,172292,6189.04,19375, 110372, 64.06
PETRONET, EQ, 14-Sep-2021,230.05,231.0,232.1,230.25, 230.90,231.05,231.09,1694591,3915.95,16224, 1002581, 59.16
PFC, EQ, 14-Sep-2021,138.7,139.0,140.6,137.7, 138.15,138.25,139.31,8280445,11535.83,37542, 3648032, 44.06
PFC, N4, 14-Sep-2021,1088.7,1087.0,1088.56,1087.0, 1088.56,1088.56,1087.0,1404,15.26,2, 1404, 100.00
PFC, N5, 14-Sep-2021,1269.9,1269.9,1269.9,1260.0, 1260.00,1260.0,1264.21,174,2.2,3, 174, 100.00
PFC, N6, 14-Sep-2021,1151.0,1145.0,1145.0,1145.0, 1145.00,1145.0,1145.0,42,0.48,2, 42, 100.00
PFC, N8, 14-Sep-2021,1465.0,1458.0,1458.0,1457.0, 1457.00,1457.22,1457.22,135,1.97,6, 105, 77.78
PFIZER, EQ, 14-Sep-2021,6091.6,6090.4,6119.15,6022.35, 6050.00,6052.55,6055.49,25346,1534.82,3927, 8477, 33.45
PFOCUS, EQ, 14-Sep-2021,91.9,96.45,96.45,87.35, 87.35,87.35,90.27,544918,491.91,1307, 377655, 69.30
PFS, EQ, 14-Sep-2021,17.8,17.9,18.25,17.85, 18.05,18.0,18.07,821837,148.51,1773, 457232, 55.64
PGEL, EQ, 14-Sep-2021,368.65,376.95,403.9,370.1, 401.05,397.6,389.63,61190,238.41,1810, 31128, 50.87
PGHH, EQ, 14-Sep-2021,14202.9,14329.9,14498.0,13799.2, 13940.40,13884.35,14089.98,22543,3176.3,6261, 8998, 39.91
PGHL, EQ, 14-Sep-2021,5491.35,5540.0,5550.0,5453.05, 5510.00,5501.05,5513.61,7160,394.77,2484, 3972, 55.47
PGIL, EQ, 14-Sep-2021,319.65,320.15,326.85,312.4, 321.00,321.3,322.33,17972,57.93,654, 10848, 60.36
PGINVIT, IV, 14-Sep-2021,120.66,120.9,121.48,120.0, 120.70,120.84,120.73,589342,711.49,4912, 525138, 89.11
PHILIPCARB, EQ, 14-Sep-2021,249.0,251.0,254.3,246.35, 251.50,251.2,250.68,941738,2360.73,12852, 435711, 46.27
PHOENIXLTD, EQ, 14-Sep-2021,853.3,856.0,864.3,837.0, 846.00,843.95,846.29,175433,1484.67,12812, 105081, 59.90
PIDILITIND, EQ, 14-Sep-2021,2397.0,2415.5,2424.0,2390.0, 2412.00,2408.85,2408.98,371947,8960.13,25985, 170974, 45.97
PIIND, EQ, 14-Sep-2021,3447.75,3447.0,3534.9,3445.0, 3480.00,3497.6,3503.02,482388,16898.17,39956, 146912, 30.46
PILANIINVS, EQ, 14-Sep-2021,1893.45,1890.0,1901.45,1851.25, 1868.00,1863.1,1881.71,13866,260.92,970, 1657, 11.95
PILITA, EQ, 14-Sep-2021,7.65,7.75,7.75,7.4, 7.50,7.5,7.51,1308447,98.25,2381, 977481, 74.71
PIONDIST, EQ, 14-Sep-2021,151.5,152.4,155.2,149.65, 151.35,150.75,152.22,39055,59.45,1388, 12845, 32.89
PIONEEREMB, EQ, 14-Sep-2021,67.9,68.1,69.45,65.05, 65.60,65.55,67.0,645310,432.34,4536, 416044, 64.47
PITTIENG, EQ, 14-Sep-2021,165.35,169.0,169.05,159.0, 161.05,161.45,162.78,184695,300.65,2378, 70910, 38.39
PKTEA, BE, 14-Sep-2021,331.6,347.75,348.1,333.25, 335.75,335.8,344.01,2029,6.98,40, -, -
PLASTIBLEN, EQ, 14-Sep-2021,270.35,268.05,288.7,268.05, 279.00,281.35,282.71,286984,811.34,13454, 89732, 31.27
PNB, EQ, 14-Sep-2021,37.6,37.75,38.35,37.65, 37.80,37.8,37.92,31674866,12009.72,39863, 6162088, 19.45
PNBGILTS, EQ, 14-Sep-2021,66.0,66.4,66.4,65.75, 66.00,65.9,66.03,121106,79.96,1180, 90152, 74.44
PNBHOUSING, EQ, 14-Sep-2021,636.5,644.0,655.0,615.35, 633.30,634.1,642.77,114536,736.21,2781, 81222, 70.91
PNC, EQ, 14-Sep-2021,35.1,34.9,38.6,34.25, 38.60,38.3,37.52,61662,23.13,555, 53536, 86.82
PNCINFRA, EQ, 14-Sep-2021,362.25,364.7,365.5,359.25, 361.10,361.95,361.96,367248,1329.28,24247, 236467, 64.39
PODDARHOUS, EQ, 14-Sep-2021,185.0,191.7,191.75,182.0, 185.00,184.5,186.79,3496,6.53,101, 2402, 68.71
PODDARMENT, EQ, 14-Sep-2021,364.15,367.0,381.9,365.35, 379.80,377.75,376.34,85882,323.21,4216, 41825, 48.70
POKARNA, EQ, 14-Sep-2021,511.0,511.6,520.7,500.0, 500.50,504.1,510.25,68461,349.32,3369, 44145, 64.48
POLYCAB, EQ, 14-Sep-2021,2442.35,2460.0,2489.8,2438.1, 2466.15,2462.95,2466.0,495313,12214.43,34085, 105365, 21.27
POLYMED, EQ, 14-Sep-2021,999.35,1009.75,1019.0,996.05, 999.90,999.85,1004.27,170272,1709.99,11391, 118554, 69.63
POLYPLEX, EQ, 14-Sep-2021,1747.15,1824.0,1894.0,1785.05, 1802.90,1798.2,1847.63,1347535,24897.5,89950, 243202, 18.05
PONNIERODE, BE, 14-Sep-2021,237.7,241.0,249.55,238.0, 249.55,246.8,243.89,12239,29.85,292, -, -
POONAWALLA, EQ, 14-Sep-2021,185.9,184.7,186.6,179.5, 180.90,180.15,181.71,1524942,2771.05,15737, 1275841, 83.66
POWERGRID, EQ, 14-Sep-2021,173.9,173.9,175.1,173.5, 173.85,174.1,174.13,6325821,11015.21,54916, 4001797, 63.26
POWERINDIA, EQ, 14-Sep-2021,2326.3,2359.0,2473.0,2335.1, 2384.00,2389.9,2415.87,91715,2215.71,14493, 21032, 22.93
POWERMECH, EQ, 14-Sep-2021,840.4,842.7,854.9,821.8, 832.50,834.6,841.43,86742,729.87,9350, 43890, 50.60
PPAP, EQ, 14-Sep-2021,243.3,241.1,245.5,241.1, 245.50,244.85,243.8,14783,36.04,601, 10248, 69.32
PPL, EQ, 14-Sep-2021,167.8,165.2,170.5,165.0, 167.90,167.65,168.44,81292,136.93,2301, 47674, 58.65
PRAENG, BE, 14-Sep-2021,18.2,18.55,18.8,18.0, 18.50,18.65,18.3,96395,17.64,260, -, -
PRAJIND, EQ, 14-Sep-2021,365.0,358.0,363.7,349.0, 355.00,355.4,355.42,897416,3189.56,22094, 567298, 63.21
PRAKASH, EQ, 14-Sep-2021,69.05,69.5,71.45,69.3, 70.95,71.1,70.42,1140253,802.91,7224, 650967, 57.09
PRAKASHSTL, EQ, 14-Sep-2021,2.05,2.0,2.15,2.0, 2.15,2.15,2.08,1245581,25.91,755, 845684, 67.89
PRAXIS, EQ, 14-Sep-2021,32.75,31.2,32.1,31.15, 31.15,31.15,31.57,183023,57.78,377, 172813, 94.42
PRECAM, EQ, 14-Sep-2021,83.95,83.95,86.95,82.5, 85.50,85.15,85.41,187681,160.29,2394, 133607, 71.19
PRECOT, EQ, 14-Sep-2021,240.7,246.1,246.15,236.9, 238.00,238.8,240.39,25902,62.26,1627, 2519, 9.73
PRECWIRE, EQ, 14-Sep-2021,235.05,235.05,238.2,232.7, 234.40,234.0,234.64,35268,82.75,1005, 18191, 51.58
PREMEXPLN, BE, 14-Sep-2021,236.0,232.05,239.4,232.05, 236.10,238.2,234.97,13547,31.83,116, -, -
PREMIER, BE, 14-Sep-2021,3.5,3.6,3.65,3.35, 3.65,3.55,3.39,48296,1.64,58, -, -
PREMIERPOL, EQ, 14-Sep-2021,74.45,76.3,76.3,73.5, 73.50,73.65,74.26,14364,10.67,284, 10309, 71.77
PRESSMN, EQ, 14-Sep-2021,28.65,29.0,29.0,27.8, 28.15,28.35,28.33,37834,10.72,436, 26442, 69.89
PRESTIGE, EQ, 14-Sep-2021,436.0,435.75,444.4,424.2, 432.50,433.9,434.01,969686,4208.53,20984, 483800, 49.89
PRICOLLTD, EQ, 14-Sep-2021,94.1,94.5,96.0,93.45, 93.75,93.9,94.67,1001401,948.06,7984, 434789, 43.42
PRIMESECU, EQ, 14-Sep-2021,81.8,82.95,83.0,81.0, 82.70,82.5,82.55,7813,6.45,173, 5347, 68.44
PRINCEPIPE, EQ, 14-Sep-2021,727.3,734.0,734.0,711.1, 717.80,715.05,719.78,444939,3202.6,24390, 235151, 52.85
PRITI, SM, 14-Sep-2021,230.25,233.6,239.95,230.1, 230.10,230.1,234.2,49600,116.16,28, 27200, 54.84
PRITIKAUTO, EQ, 14-Sep-2021,18.3,18.45,18.7,18.1, 18.20,18.15,18.29,127441,23.3,678, 79321, 62.24
PRIVISCL, EQ, 14-Sep-2021,1889.35,1924.4,1924.4,1836.0, 1850.10,1856.5,1899.84,111606,2120.34,8179, 87824, 78.69
PROINDIA, BE, 14-Sep-2021,51.25,53.8,53.8,53.75, 53.80,53.8,53.8,110199,59.29,1090, -, -
PROZONINTU, EQ, 14-Sep-2021,28.35,28.35,29.0,28.2, 28.40,28.4,28.58,201737,57.66,1324, 132407, 65.63
PRSMJOHNSN, EQ, 14-Sep-2021,125.15,126.95,127.6,123.8, 124.10,124.15,125.02,969498,1212.1,5636, 787055, 81.18
PSB, EQ, 14-Sep-2021,16.6,16.6,17.15,16.6, 16.90,16.85,16.94,386679,65.49,1110, 278851, 72.11
PSPPROJECT, EQ, 14-Sep-2021,430.9,433.1,434.7,425.0, 427.20,426.5,428.6,57744,247.49,2934, 34142, 59.13
PSUBNKBEES, EQ, 14-Sep-2021,25.55,25.79,25.79,25.4, 25.66,25.58,25.63,207260,53.12,710, 125200, 60.41
PTC, EQ, 14-Sep-2021,99.4,100.15,100.4,97.9, 98.15,98.1,98.84,1180111,1166.48,10894, 723596, 61.32
PTL, EQ, 14-Sep-2021,47.6,48.1,48.15,47.5, 47.75,47.7,47.76,33176,15.85,483, 25230, 76.05
PULZ, SM, 14-Sep-2021,14.45,15.15,15.15,15.15, 15.15,15.15,15.15,4000,0.61,1, 4000, 100.00
PUNJABCHEM, EQ, 14-Sep-2021,1781.25,1788.5,1850.0,1771.05, 1793.00,1786.4,1806.26,28393,512.85,3842, 10591, 37.30
PUNJLLOYD, BZ, 14-Sep-2021,1.65,1.7,1.7,1.65, 1.70,1.7,1.69,283464,4.8,142, -, -
PURVA, EQ, 14-Sep-2021,109.3,110.0,113.6,109.15, 110.00,109.9,111.64,573532,640.3,9901, 183968, 32.08
PVP, BE, 14-Sep-2021,4.7,4.75,4.8,4.55, 4.65,4.6,4.64,119302,5.54,188, -, -
PVR, EQ, 14-Sep-2021,1394.25,1395.0,1418.0,1393.5, 1406.85,1407.35,1404.98,774630,10883.4,32486, 196769, 25.40
QGOLDHALF, EQ, 14-Sep-2021,2024.0,2028.25,2028.25,2015.25, 2024.00,2025.0,2025.06,1679,34.0,107, 1454, 86.60
QNIFTY, EQ, 14-Sep-2021,1805.0,1807.0,1813.0,1807.0, 1811.00,1811.0,1810.14,7,0.13,5, 4, 57.14
QUESS, EQ, 14-Sep-2021,845.6,853.85,890.0,848.0, 860.30,865.65,876.24,485882,4257.51,11071, 332533, 68.44
QUICKHEAL, EQ, 14-Sep-2021,223.0,222.6,233.55,222.6, 227.35,226.35,228.07,180279,411.16,5742, 58738, 32.58
RADAAN, BE, 14-Sep-2021,1.3,1.35,1.35,1.25, 1.35,1.35,1.34,83327,1.12,97, -, -
RADICO, EQ, 14-Sep-2021,897.6,900.75,925.0,890.1, 894.75,895.05,908.12,575101,5222.62,20013, 199190, 34.64
RADIOCITY, EQ, 14-Sep-2021,23.05,23.1,24.1,23.05, 23.60,23.55,23.58,857943,202.27,1782, 564984, 65.85
RAILTEL, EQ, 14-Sep-2021,126.95,127.9,133.3,127.55, 131.80,131.95,131.22,1877345,2463.37,18320, 639963, 34.09
RAIN, EQ, 14-Sep-2021,243.55,245.1,247.55,240.3, 242.85,242.65,243.62,1843614,4491.44,20235, 620988, 33.68
RAJESHEXPO, EQ, 14-Sep-2021,606.7,609.95,609.95,603.6, 606.65,606.9,605.32,65660,397.45,3534, 37652, 57.34
RAJMET, BE, 14-Sep-2021,136.9,136.5,137.9,136.0, 137.85,137.8,136.66,5526,7.55,130, -, -
RAJRATAN, BE, 14-Sep-2021,2028.7,2003.0,2049.0,2003.0, 2039.00,2033.95,2032.98,8110,164.87,448, -, -
RAJRAYON, BZ, 14-Sep-2021,0.25,0.25,0.25,0.2, 0.25,0.25,0.24,95211,0.23,34, -, -
RAJSREESUG, EQ, 14-Sep-2021,26.95,27.7,28.2,26.55, 28.20,27.45,27.26,36975,10.08,234, 22565, 61.03
RAJTV, BE, 14-Sep-2021,34.95,34.75,35.5,34.05, 35.50,35.15,34.88,13505,4.71,83, -, -
RALLIS, EQ, 14-Sep-2021,292.35,292.35,299.55,291.15, 293.75,293.05,295.06,636052,1876.73,10230, 264712, 41.62
RAMANEWS, EQ, 14-Sep-2021,19.2,19.25,19.5,18.0, 19.00,18.95,18.91,170845,32.31,775, 98045, 57.39
RAMASTEEL, BE, 14-Sep-2021,235.8,235.0,245.0,232.5, 244.20,243.2,240.55,129853,312.36,826, -, -
RAMCOCEM, EQ, 14-Sep-2021,1056.1,1059.8,1060.95,1044.75, 1047.50,1047.8,1050.68,225945,2373.95,12985, 147726, 65.38
RAMCOIND, EQ, 14-Sep-2021,320.45,323.75,327.5,313.25, 316.40,317.1,320.38,305882,979.99,10435, 120251, 39.31
RAMCOSYS, EQ, 14-Sep-2021,461.8,465.5,466.95,458.15, 464.15,462.1,462.35,80977,374.39,4151, 41208, 50.89
RAMKY, BE, 14-Sep-2021,154.3,153.0,154.0,148.1, 151.00,149.65,150.74,38697,58.33,301, -, -
RANASUG, BE, 14-Sep-2021,26.05,26.2,27.35,25.55, 27.35,27.05,26.64,829089,220.89,1578, -, -
RANEENGINE, EQ, 14-Sep-2021,282.4,284.3,329.8,284.3, 313.55,313.6,314.78,136782,430.56,6151, 25447, 18.60
RANEHOLDIN, EQ, 14-Sep-2021,617.4,621.0,657.7,621.0, 638.00,639.8,641.48,80089,513.75,5380, 30129, 37.62
RATNAMANI, EQ, 14-Sep-2021,2160.05,2174.95,2174.95,2145.0, 2160.00,2159.6,2158.64,17781,383.83,2915, 12291, 69.12
RAYMOND, EQ, 14-Sep-2021,429.45,433.65,436.7,430.95, 434.05,433.65,433.27,313701,1359.17,9760, 127781, 40.73
RBL, EQ, 14-Sep-2021,916.5,919.95,967.95,919.95, 937.00,941.05,946.56,36620,346.63,3802, 7753, 21.17
RBLBANK, EQ, 14-Sep-2021,172.25,173.6,175.8,173.3, 175.50,175.35,174.92,4800066,8396.44,28082, 1670216, 34.80
RCF, EQ, 14-Sep-2021,73.7,73.9,75.1,73.55, 75.00,74.6,74.54,1292915,963.73,8349, 547424, 42.34
RCOM, EQ, 14-Sep-2021,3.05,3.2,3.2,3.05, 3.15,3.1,3.14,41910079,1317.75,35763, 18799169, 44.86
RECLTD, EQ, 14-Sep-2021,158.05,159.25,159.5,156.75, 157.60,157.45,158.26,2991055,4733.79,16774, 1324444, 44.28
RECLTD, N1, 14-Sep-2021,1087.01,1086.7,1089.0,1086.7, 1089.00,1089.0,1088.79,55,0.6,2, 55, 100.00
RECLTD, N2, 14-Sep-2021,1200.02,1201.0,1201.01,1201.0, 1201.01,1201.01,1201.01,20,0.24,2, 20, 100.00
RECLTD, N6, 14-Sep-2021,1285.0,1285.2,1285.2,1285.2, 1285.20,1285.2,1285.2,5,0.06,1, 5, 100.00
RECLTD, N9, 14-Sep-2021,1295.0,1309.99,1309.99,1299.99, 1300.50,1300.25,1304.32,996,12.99,12, 996, 100.00
RECLTD, NI, 14-Sep-2021,1212.96,1209.98,1213.7,1209.98, 1213.70,1213.7,1210.12,285,3.45,5, 285, 100.00
REDINGTON, EQ, 14-Sep-2021,145.4,151.7,152.95,143.0, 143.90,144.15,145.55,3945011,5741.93,75208, 1990047, 50.44
REFEX, EQ, 14-Sep-2021,162.6,163.8,173.4,162.2, 164.80,164.55,167.98,456149,766.24,10334, 199264, 43.68
REGENCERAM, BE, 14-Sep-2021,1.75,1.8,1.8,1.8, 1.80,1.8,1.8,2,0.0,1, -, -
RELAXO, EQ, 14-Sep-2021,1196.85,1210.0,1225.0,1185.8, 1210.00,1205.85,1209.97,236958,2867.12,18933, 92891, 39.20
RELCAPITAL, EQ, 14-Sep-2021,18.8,19.7,19.7,19.7, 19.70,19.7,19.7,458967,90.42,1140, 458967, 100.00
RELIABLE, SM, 14-Sep-2021,30.85,32.35,32.35,32.35, 32.35,32.35,32.35,2400,0.78,1, 2400, 100.00
RELIANCE, EQ, 14-Sep-2021,2371.55,2375.0,2394.0,2366.0, 2370.50,2368.45,2377.55,4111205,97745.84,153291, 2491875, 60.61
RELIANCEP1, E1, 14-Sep-2021,1735.15,1739.7,1753.7,1727.0, 1731.00,1730.45,1737.81,80791,1403.99,6352, 40393, 50.00
RELIGARE, EQ, 14-Sep-2021,152.95,153.4,158.8,152.5, 154.55,154.6,155.27,711434,1104.67,7277, 352237, 49.51
RELINFRA, BE, 14-Sep-2021,77.9,81.75,81.75,81.75, 81.75,81.75,81.75,453653,370.86,2023, -, -
REMSONSIND, BE, 14-Sep-2021,215.55,210.0,222.0,209.0, 222.00,219.9,217.9,2123,4.63,84, -, -
RENUKA, BE, 14-Sep-2021,26.1,26.5,27.4,25.6, 27.40,27.35,26.62,3023639,804.75,6104, -, -
REPCOHOME, EQ, 14-Sep-2021,300.75,299.5,304.0,297.6, 300.00,300.0,300.84,145600,438.03,4897, 77806, 53.44
REPL, EQ, 14-Sep-2021,225.15,227.75,231.7,215.05, 221.00,219.75,224.75,30070,67.58,755, 20647, 68.66
REPRO, EQ, 14-Sep-2021,571.05,573.5,579.0,555.0, 557.50,560.0,566.75,19313,109.46,787, 11860, 61.41
RESPONIND, EQ, 14-Sep-2021,129.2,129.2,132.95,128.05, 132.90,132.15,130.42,59936,78.17,762, 6708, 11.19
REVATHI, EQ, 14-Sep-2021,567.75,587.0,587.0,548.25, 560.90,558.25,564.11,3900,22.0,254, 2674, 68.56
REXPIPES, SM, 14-Sep-2021,50.6,55.65,55.65,55.65, 55.65,55.65,55.65,36000,20.03,9, 36000, 100.00
RGL, EQ, 14-Sep-2021,768.75,771.0,779.8,752.65, 753.15,761.2,759.96,104560,794.62,5194, 35739, 34.18
RHFL, BE, 14-Sep-2021,4.4,4.6,4.6,4.55, 4.60,4.6,4.6,1524395,70.07,1730, -, -
RHFL, N8, 14-Sep-2021,160.0,164.1,164.1,164.1, 164.10,164.1,164.1,10,0.02,1, 10, 100.00
RHIM, EQ, 14-Sep-2021,387.45,397.8,407.0,391.6, 401.00,400.45,400.86,441277,1768.89,16579, 158716, 35.97
RICOAUTO, EQ, 14-Sep-2021,49.15,49.5,49.65,48.8, 49.15,48.95,49.2,473790,233.11,2693, 280434, 59.19
RIIL, EQ, 14-Sep-2021,697.1,704.9,709.8,690.0, 693.50,693.45,699.41,122545,857.09,4409, 48207, 39.34
RITES, EQ, 14-Sep-2021,274.05,274.9,278.75,270.95, 275.50,275.3,274.37,220013,603.65,14816, 113897, 51.77
RKDL, BE, 14-Sep-2021,12.4,12.6,12.75,12.1, 12.25,12.35,12.53,9995,1.25,53, -, -
RKEC, EQ, 14-Sep-2021,80.8,82.9,84.6,80.2, 83.20,83.15,83.34,25238,21.03,577, 15662, 62.06
RKFORGE, EQ, 14-Sep-2021,992.9,1000.0,1035.0,1000.0, 1025.90,1018.5,1019.4,163915,1670.95,10160, 89358, 54.51
RMCL, BZ, 14-Sep-2021,2.1,2.15,2.15,2.0, 2.15,2.05,2.1,27668,0.58,36, -, -
RML, EQ, 14-Sep-2021,384.9,387.45,408.0,387.45, 397.50,399.5,400.11,102822,411.4,4738, 29006, 28.21
RNAVAL, BZ, 14-Sep-2021,2.95,3.0,3.05,2.95, 3.05,3.05,3.04,1311039,39.88,747, -, -
ROHITFERRO, EQ, 14-Sep-2021,3.45,3.75,3.75,3.75, 3.75,3.75,3.75,17751,0.67,14, 17751, 100.00
ROHLTD, EQ, 14-Sep-2021,81.0,81.5,83.75,80.5, 82.05,82.6,82.11,129868,106.64,1886, 79795, 61.44
ROLEXRINGS, EQ, 14-Sep-2021,1083.0,1085.0,1094.4,1070.1, 1074.00,1077.1,1081.03,63296,684.25,7190, 33977, 53.68
ROLLT, EQ, 14-Sep-2021,2.25,2.25,2.3,2.2, 2.25,2.25,2.27,443671,10.06,381, 346138, 78.02
ROLTA, BE, 14-Sep-2021,5.85,6.0,6.05,5.8, 6.00,5.95,5.95,275233,16.37,500, -, -
ROML, EQ, 14-Sep-2021,113.0,124.0,124.3,120.0, 124.30,124.3,124.05,82819,102.74,633, 75122, 90.71
ROSSARI, EQ, 14-Sep-2021,1393.95,1405.0,1432.7,1397.25, 1426.50,1422.4,1419.51,108003,1533.12,9386, 49972, 46.27
ROSSELLIND, EQ, 14-Sep-2021,170.15,171.0,172.4,165.65, 167.00,166.5,168.55,88934,149.9,1526, 57252, 64.38
ROUTE, EQ, 14-Sep-2021,2022.6,2038.0,2054.0,2008.0, 2016.00,2013.15,2029.71,232399,4717.03,14218, 81052, 34.88
RPGLIFE, EQ, 14-Sep-2021,612.35,616.0,629.0,607.1, 614.00,612.7,618.05,69440,429.17,3607, 32174, 46.33
RPOWER, EQ, 14-Sep-2021,13.9,14.55,14.55,13.45, 13.85,13.85,14.05,90157300,12663.92,56536, 47324234, 52.49
RPPINFRA, EQ, 14-Sep-2021,81.3,84.5,86.05,82.5, 82.90,82.8,84.07,504677,424.27,7457, 232808, 46.13
RPPL, SM, 14-Sep-2021,161.75,163.95,164.0,163.1, 163.10,163.1,163.84,14000,22.94,9, 12000, 85.71
RPSGVENT, EQ, 14-Sep-2021,785.75,794.0,853.7,791.8, 850.00,844.5,830.83,337834,2806.82,16130, 130617, 38.66
RSSOFTWARE, EQ, 14-Sep-2021,33.4,33.5,34.8,33.4, 34.05,34.0,34.28,46966,16.1,491, 24199, 51.52
RSWM, EQ, 14-Sep-2021,318.0,322.7,330.0,319.1, 327.00,325.2,325.66,50295,163.79,1172, 29744, 59.14
RSYSTEMS, EQ, 14-Sep-2021,205.0,208.65,211.0,207.35, 209.50,209.0,209.15,143024,299.13,7073, 82162, 57.45
RTNINDIA, BE, 14-Sep-2021,46.9,46.5,47.0,44.7, 45.75,45.6,45.72,760865,347.9,3780, -, -
RTNPOWER, BE, 14-Sep-2021,4.6,4.65,4.8,4.6, 4.70,4.65,4.69,14723151,689.95,6330, -, -
RUBYMILLS, EQ, 14-Sep-2021,301.2,303.5,303.5,293.25, 293.50,296.6,296.72,47580,141.18,5152, 12863, 27.03
RUCHI, EQ, 14-Sep-2021,1067.1,1070.0,1080.0,1060.05, 1066.00,1063.7,1066.63,16043,171.12,1782, 8054, 50.20
RUCHINFRA, BE, 14-Sep-2021,7.1,7.25,7.4,6.75, 7.20,7.2,7.07,121055,8.56,191, -, -
RUCHIRA, EQ, 14-Sep-2021,78.65,79.45,80.0,78.55, 80.00,79.8,79.5,64602,51.36,760, 45599, 70.58
RUPA, EQ, 14-Sep-2021,468.4,469.4,472.3,461.1, 465.00,465.5,467.63,166533,778.77,7349, 101953, 61.22
RUSHIL, EQ, 14-Sep-2021,263.8,265.0,275.95,262.8, 268.00,268.75,269.29,27094,72.96,543, 15494, 57.19
RVHL, EQ, 14-Sep-2021,22.85,23.95,23.95,22.7, 23.90,23.5,23.58,66679,15.72,221, 33046, 49.56
RVNL, EQ, 14-Sep-2021,30.2,30.35,30.7,30.1, 30.30,30.3,30.36,2860732,868.41,8484, 1310846, 45.82
S&SPOWER, BE, 14-Sep-2021,22.45,21.35,23.55,21.35, 23.55,23.55,21.83,1403,0.31,14, -, -
SABEVENTS, BE, 14-Sep-2021,3.1,3.1,3.15,2.95, 3.00,3.15,3.02,14887,0.45,64, -, -
SABTN, BE, 14-Sep-2021,1.65,1.6,1.7,1.6, 1.70,1.7,1.66,14299,0.24,20, -, -
SADBHAV, EQ, 14-Sep-2021,50.4,51.0,51.9,50.5, 51.20,51.0,51.14,630855,322.64,3592, 327068, 51.85
SADBHIN, EQ, 14-Sep-2021,15.3,15.55,16.0,14.85, 15.95,15.85,15.62,1824434,285.03,3162, 1359210, 74.50
SAFARI, EQ, 14-Sep-2021,871.3,879.7,879.7,848.0, 850.25,853.65,859.41,13043,112.09,2280, 7766, 59.54
SAGARDEEP, BE, 14-Sep-2021,40.6,38.9,41.75,38.6, 39.80,39.2,39.5,23682,9.36,204, -, -
SAGCEM, EQ, 14-Sep-2021,272.65,276.95,276.95,273.0, 273.50,274.35,274.53,59240,162.63,3362, 37924, 64.02
SAIL, EQ, 14-Sep-2021,120.25,120.95,121.7,119.7, 120.70,120.65,120.74,22858807,27599.64,66610, 5321158, 23.28
SAKAR, EQ, 14-Sep-2021,162.65,166.0,166.0,159.65, 162.00,160.75,161.8,45545,73.69,1057, 22655, 49.74
SAKHTISUG, BE, 14-Sep-2021,14.95,15.25,15.65,14.9, 15.60,15.45,15.35,145586,22.35,401, -, -
SAKSOFT, EQ, 14-Sep-2021,896.75,900.0,1000.0,899.1, 989.00,993.25,965.3,586550,5662.0,29735, 113351, 19.33
SAKUMA, BE, 14-Sep-2021,11.3,11.35,11.55,11.05, 11.30,11.35,11.33,146324,16.58,448, -, -
SALASAR, EQ, 14-Sep-2021,294.95,294.0,296.2,289.7, 290.45,291.5,292.71,26200,76.69,1601, 16356, 62.43
SALONA, EQ, 14-Sep-2021,203.55,204.0,206.3,201.75, 202.05,202.5,203.48,1238,2.52,76, 908, 73.34
SALSTEEL, BE, 14-Sep-2021,11.05,10.75,11.4,10.5, 11.00,10.85,10.86,172569,18.73,596, -, -
SALZERELEC, EQ, 14-Sep-2021,160.15,161.6,163.55,159.7, 160.80,160.35,161.47,50720,81.9,1344, 31147, 61.41
SAMBHAAV, BE, 14-Sep-2021,2.8,2.8,2.9,2.7, 2.85,2.85,2.79,31568,0.88,68, -, -
SANCO, EQ, 14-Sep-2021,8.4,8.6,8.6,8.2, 8.35,8.35,8.34,10007,0.83,96, 6224, 62.20
SANDESH, EQ, 14-Sep-2021,777.7,783.1,804.9,775.0, 799.00,793.2,792.75,5492,43.54,472, 3416, 62.20
SANDHAR, EQ, 14-Sep-2021,278.4,278.0,290.0,278.0, 283.45,282.8,284.06,59302,168.45,3027, 29902, 50.42
SANGAMIND, EQ, 14-Sep-2021,139.7,137.75,146.65,137.75, 146.65,146.65,144.45,50295,72.65,455, 25815, 51.33
SANGHIIND, EQ, 14-Sep-2021,70.3,70.4,71.95,69.5, 69.60,69.65,70.23,682553,479.34,4707, 350471, 51.35
SANGHVIMOV, EQ, 14-Sep-2021,179.6,178.2,182.3,178.2, 179.90,179.45,180.45,44108,79.59,1343, 20018, 45.38
SANGINITA, EQ, 14-Sep-2021,27.0,27.4,28.3,26.75, 28.05,28.1,27.6,201246,55.53,1105, 71788, 35.67
SANOFI, EQ, 14-Sep-2021,8213.45,8240.0,8240.0,8163.0, 8195.95,8190.35,8196.7,8643,708.44,2496, 6276, 72.61
SANWARIA, BZ, 14-Sep-2021,0.6,0.6,0.65,0.6, 0.65,0.65,0.64,1003461,6.39,298, -, -
SARDAEN, BE, 14-Sep-2021,701.1,735.55,735.55,702.15, 722.00,729.9,723.85,50094,362.6,1948, -, -
SAREGAMA, EQ, 14-Sep-2021,4129.8,4199.95,4224.25,4050.0, 4124.50,4114.2,4123.86,34253,1412.55,5265, 24193, 70.63
SARLAPOLY, EQ, 14-Sep-2021,46.75,47.25,54.3,46.7, 51.00,50.9,50.59,4176507,2112.85,19195, 1693796, 40.56
SARVESHWAR, SM, 14-Sep-2021,21.5,22.55,22.55,20.85, 22.55,22.55,22.06,22400,4.94,14, 16000, 71.43
SASKEN, EQ, 14-Sep-2021,1440.3,1480.0,1480.0,1402.5, 1420.00,1410.0,1436.38,42825,615.13,6378, 22258, 51.97
SASTASUNDR, BE, 14-Sep-2021,284.8,287.5,290.75,283.7, 284.25,285.4,285.39,10090,28.8,128, -, -
SATIA, EQ, 14-Sep-2021,98.0,98.8,100.75,98.15, 98.65,98.8,99.25,187422,186.01,2773, 68882, 36.75
SATIN, EQ, 14-Sep-2021,77.2,77.2,80.25,77.15, 79.00,78.9,78.89,82983,65.47,1268, 50626, 61.01
SBCL, EQ, 14-Sep-2021,213.65,219.0,228.7,210.25, 211.90,211.55,219.73,125632,276.05,4587, 73941, 58.86
SBICARD, EQ, 14-Sep-2021,1085.95,1090.0,1090.0,1057.75, 1060.00,1061.3,1070.17,1128681,12078.78,50357, 695456, 61.62
SBIETFCON, EQ, 14-Sep-2021,71.11,72.0,72.0,70.5, 71.30,71.31,71.28,6918,4.93,141, 5444, 78.69
SBIETFIT, EQ, 14-Sep-2021,355.59,359.99,359.99,355.15, 359.92,359.72,358.45,1737,6.23,140, 912, 52.50
SBIETFPB, EQ, 14-Sep-2021,189.52,191.8,191.8,187.1, 190.00,190.0,188.65,303,0.57,27, 221, 72.94
SBIETFQLTY, EQ, 14-Sep-2021,156.53,159.7,159.7,155.95, 156.97,156.48,156.86,1926,3.02,105, 1538, 79.85
SBILIFE, EQ, 14-Sep-2021,1165.15,1170.0,1174.0,1158.05, 1170.00,1170.9,1168.35,1338821,15642.07,56652, 816887, 61.02
SBIN, EQ, 14-Sep-2021,432.85,435.0,436.75,432.25, 432.95,433.0,434.37,9981562,43356.68,119218, 4167481, 41.75
SCAPDVR, BE, 14-Sep-2021,8.65,9.05,9.05,9.0, 9.05,9.05,9.05,560678,50.71,512, -, -
SCHAEFFLER, EQ, 14-Sep-2021,7307.05,7325.05,7354.65,7194.45, 7260.00,7257.65,7264.11,10072,731.64,3638, 6480, 64.34
SCHAND, EQ, 14-Sep-2021,114.7,114.7,116.5,114.15, 115.20,115.35,115.46,33764,38.98,661, 24622, 72.92
SCHNEIDER, EQ, 14-Sep-2021,116.05,117.15,119.75,116.45, 117.50,117.6,118.07,760509,897.95,8397, 307046, 40.37
SCI, EQ, 14-Sep-2021,115.1,116.9,116.9,114.0, 114.20,114.45,115.03,2088786,2402.64,14924, 1110515, 53.17
SDBL, EQ, 14-Sep-2021,41.65,42.0,42.8,41.6, 41.60,41.7,42.01,53177,22.34,575, 38373, 72.16
SEAMECLTD, EQ, 14-Sep-2021,1029.75,1010.0,1128.8,1010.0, 1103.95,1101.25,1100.76,316293,3481.61,14441, 163032, 51.54
SECURCRED, SM, 14-Sep-2021,33.05,33.05,34.55,33.05, 34.55,34.55,33.43,3000,1.0,5, 2400, 80.00
SECURKLOUD, EQ, 14-Sep-2021,162.35,163.85,167.75,160.15, 163.00,163.15,163.24,177754,290.17,3472, 104004, 58.51
SELAN, EQ, 14-Sep-2021,146.05,146.95,151.15,145.1, 146.00,145.8,147.7,147352,217.63,3199, 48889, 33.18
SEPOWER, EQ, 14-Sep-2021,8.3,8.4,8.5,8.2, 8.25,8.25,8.3,27661,2.3,135, 17501, 63.27
SEQUENT, EQ, 14-Sep-2021,232.5,234.5,238.5,233.5, 234.00,235.65,235.64,671388,1582.04,12820, 327902, 48.84
SERVOTECH, EQ, 14-Sep-2021,27.9,28.45,29.25,26.65, 27.80,28.1,28.01,187890,52.64,668, 138325, 73.62
SESHAPAPER, EQ, 14-Sep-2021,175.3,176.2,180.05,175.3, 179.30,177.95,177.33,24100,42.74,536, 15103, 62.67
SETCO, EQ, 14-Sep-2021,23.65,24.2,24.4,22.5, 22.70,22.6,23.24,622034,144.58,2055, 430414, 69.19
SETF10GILT, EQ, 14-Sep-2021,205.21,207.49,207.49,205.2, 205.20,205.2,206.82,221,0.46,12, 204, 92.31
SETFGOLD, EQ, 14-Sep-2021,4179.0,4182.0,4188.1,4174.0, 4179.00,4177.55,4179.75,6407,267.8,1061, 5015, 78.27
SETFNIF50, EQ, 14-Sep-2021,177.1,178.37,178.37,177.1, 177.54,177.49,177.64,159271,282.94,1212, 89171, 55.99
SETFNIFBK, EQ, 14-Sep-2021,364.31,365.0,366.99,364.66, 365.15,365.42,365.87,45463,166.34,411, 28770, 63.28
SETFNN50, EQ, 14-Sep-2021,443.61,445.0,446.49,442.49, 444.99,444.33,444.5,26366,117.2,351, 23365, 88.62
SETUINFRA, BE, 14-Sep-2021,1.3,1.3,1.3,1.25, 1.25,1.3,1.26,128425,1.62,105, -, -
SEYAIND, EQ, 14-Sep-2021,54.95,55.0,56.05,54.5, 54.85,54.9,55.02,82161,45.2,964, 74011, 90.08
SFL, EQ, 14-Sep-2021,2287.6,2291.5,2310.0,2265.6, 2285.00,2281.35,2284.62,18419,420.8,5054, 14694, 79.78
SGBAPR28I, GB, 14-Sep-2021,4691.0,4691.0,4699.0,4665.01, 4690.00,4690.0,4680.26,514,24.06,64, 418, 81.32
SGBAUG24, GB, 14-Sep-2021,4695.0,4700.2,4700.2,4680.0, 4691.00,4691.03,4690.25,202,9.47,41, 188, 93.07
SGBAUG27, GB, 14-Sep-2021,4671.21,4725.0,4725.0,4661.0, 4665.10,4665.1,4697.48,33,1.55,10, 23, 69.70
SGBAUG28V, GB, 14-Sep-2021,4739.89,4748.45,4748.45,4710.0, 4728.50,4721.34,4732.02,1130,53.47,146, 1005, 88.94
SGBAUG29V, GB, 14-Sep-2021,4709.61,4701.0,4720.0,4681.0, 4720.00,4691.64,4694.19,92,4.32,40, 68, 73.91
SGBDC27VII, GB, 14-Sep-2021,4675.0,4675.0,4720.0,4675.0, 4720.00,4720.0,4705.0,3,0.14,2, 3, 100.00
SGBDEC2513, GB, 14-Sep-2021,4700.0,4636.0,4636.0,4636.0, 4636.00,4636.0,4636.0,1,0.05,1, 1, 100.00
SGBDEC26, GB, 14-Sep-2021,4683.0,4683.0,4683.0,4683.0, 4683.00,4683.0,4683.0,1,0.05,1, 1, 100.00
SGBFEB24, GB, 14-Sep-2021,4697.39,4690.0,4690.0,4680.01, 4684.00,4686.77,4687.77,68,3.19,17, 67, 98.53
SGBFEB27, GB, 14-Sep-2021,4740.0,4632.0,4632.0,4632.0, 4632.00,4632.0,4632.0,1,0.05,1, 1, 100.00
SGBFEB28IX, GB, 14-Sep-2021,4670.0,4646.0,4646.0,4646.0, 4646.00,4646.0,4646.0,6,0.28,1, 6, 100.00
SGBFEB29XI, GB, 14-Sep-2021,4669.0,4701.0,4701.0,4675.0, 4695.00,4695.0,4685.41,39,1.83,14, 39, 100.00
SGBJ28VIII, GB, 14-Sep-2021,4643.01,4699.0,4700.0,4699.0, 4700.00,4700.0,4699.2,10,0.47,2, 10, 100.00
SGBJAN26, GB, 14-Sep-2021,4652.0,4660.0,4660.0,4639.0, 4639.00,4639.0,4639.8,168,7.79,7, 168, 100.00
SGBJAN29IX, GB, 14-Sep-2021,4680.0,4681.0,4681.0,4670.0, 4680.00,4680.0,4675.37,255,11.92,57, 255, 100.00
SGBJAN29X, GB, 14-Sep-2021,4688.4,4689.0,4690.0,4681.0, 4690.00,4686.4,4688.43,129,6.05,28, 129, 100.00
SGBJU29III, GB, 14-Sep-2021,4700.0,4677.0,4690.0,4677.0, 4690.00,4689.28,4686.17,78,3.66,30, 73, 93.59
SGBJUL25, GB, 14-Sep-2021,4651.25,4650.0,4709.0,4635.01, 4655.00,4655.0,4690.08,78,3.66,11, 68, 87.18
SGBJUL27, GB, 14-Sep-2021,4650.0,5094.52,5094.52,4651.0, 4651.00,4651.0,4946.68,3,0.15,2, 3, 100.00
SGBJUL28IV, GB, 14-Sep-2021,4664.86,4665.0,4670.0,4650.0, 4658.50,4658.68,4659.96,3909,182.16,116, 3617, 92.53
SGBJUL29IV, GB, 14-Sep-2021,4661.08,4689.0,4689.1,4653.0, 4670.00,4669.92,4669.86,158,7.38,53, 130, 82.28
SGBJUN27, GB, 14-Sep-2021,4650.0,4631.01,4678.9,4631.01, 4632.00,4636.21,4637.04,54,2.5,12, 54, 100.00
SGBJUN28, GB, 14-Sep-2021,4674.99,4663.11,4670.0,4636.0, 4665.00,4665.0,4653.22,536,24.94,51, 466, 86.94
SGBJUN29II, GB, 14-Sep-2021,4679.15,4671.0,4710.0,4671.0, 4672.50,4674.77,4678.36,115,5.38,25, 76, 66.09
SGBMAR24, GB, 14-Sep-2021,4700.0,4675.0,4705.0,4675.0, 4700.00,4700.0,4680.86,134,6.27,10, 118, 88.06
SGBMAR25, GB, 14-Sep-2021,4674.02,4674.02,4692.99,4660.0, 4692.99,4692.99,4660.86,119,5.55,9, 119, 100.00
SGBMAR28X, GB, 14-Sep-2021,4650.56,4660.0,4660.0,4649.0, 4654.99,4654.99,4650.22,162,7.53,23, 160, 98.77
SGBMAY25, GB, 14-Sep-2021,4649.17,4660.0,4674.9,4650.0, 4665.00,4666.66,4668.2,38,1.77,18, 38, 100.00
SGBMAY26, GB, 14-Sep-2021,4700.0,4660.1,4660.1,4660.0, 4660.00,4660.01,4660.03,9,0.42,5, 9, 100.00
SGBMAY28, GB, 14-Sep-2021,4670.4,4660.0,4670.9,4654.0, 4654.00,4666.94,4661.65,457,21.3,43, 427, 93.44
SGBMAY29I, GB, 14-Sep-2021,4676.81,4675.0,4688.89,4666.0, 4676.00,4677.62,4677.46,396,18.52,71, 340, 85.86
SGBMR29XII, GB, 14-Sep-2021,4644.72,4669.0,4669.0,4642.0, 4651.00,4650.35,4651.04,561,26.09,90, 539, 96.08
SGBN28VIII, GB, 14-Sep-2021,4711.87,4710.0,4721.03,4710.0, 4721.02,4721.02,4717.98,15,0.71,10, 13, 86.67
SGBNOV23, GB, 14-Sep-2021,4684.76,4684.76,4718.0,4684.76, 4702.10,4702.25,4692.12,134,6.29,17, 111, 82.84
SGBNOV24, GB, 14-Sep-2021,4668.25,4690.0,4690.0,4653.0, 4653.00,4655.0,4656.84,74,3.45,32, 73, 98.65
SGBNOV25, GB, 14-Sep-2021,4847.0,4725.0,4725.0,4725.0, 4725.00,4725.0,4725.0,1,0.05,1, 1, 100.00
SGBNOV258, GB, 14-Sep-2021,4700.0,4660.0,4670.0,4660.0, 4670.00,4670.0,4669.17,12,0.56,2, 12, 100.00
SGBNOV25VI, GB, 14-Sep-2021,4631.0,4700.0,4700.0,4670.0, 4670.00,4670.0,4685.0,2,0.09,2, 2, 100.00
SGBNOV26, GB, 14-Sep-2021,4651.01,4633.46,4633.46,4633.46, 4633.46,4633.46,4633.46,4,0.19,1, 4, 100.00
SGBOC28VII, GB, 14-Sep-2021,4713.95,4718.0,4718.0,4714.0, 4715.01,4715.01,4716.07,74,3.49,15, 50, 67.57
SGBOCT25, GB, 14-Sep-2021,4744.0,4734.87,4734.87,4734.87, 4734.87,4734.87,4734.87,1,0.05,1, 1, 100.00
SGBOCT25IV, GB, 14-Sep-2021,4686.0,4670.0,4671.0,4670.0, 4671.00,4671.0,4670.5,2,0.09,2, 2, 100.00
SGBOCT26, GB, 14-Sep-2021,4644.2,4650.01,4650.01,4650.01, 4650.01,4650.01,4650.01,1,0.05,1, 1, 100.00
SGBOCT27, GB, 14-Sep-2021,4650.0,4653.11,4653.11,4653.11, 4653.11,4653.11,4653.11,5,0.23,1, 5, 100.00
SGBOCT27VI, GB, 14-Sep-2021,4679.0,4641.0,4680.0,4641.0, 4655.00,4655.31,4657.18,141,6.57,17, 138, 97.87
SGBSEP24, GB, 14-Sep-2021,4675.18,4685.0,4705.0,4680.0, 4680.00,4680.0,4701.25,12,0.56,4, 12, 100.00
SGBSEP27, GB, 14-Sep-2021,4682.91,4710.0,4710.0,4680.0, 4680.00,4680.0,4704.0,5,0.24,2, 5, 100.00
SGBSEP28VI, GB, 14-Sep-2021,4705.0,4740.0,4740.0,4681.0, 4683.05,4686.75,4692.1,218,10.23,54, 169, 77.52
SGBSEP29VI, GB, 14-Sep-2021,4708.86,4633.1,4697.99,4633.1, 4663.99,4663.99,4654.74,545,25.37,161, 415, 76.15
SGIL, EQ, 14-Sep-2021,152.5,152.5,154.2,148.15, 149.00,149.25,150.19,8049,12.09,290, 5913, 73.46
SGL, EQ, 14-Sep-2021,13.2,13.5,13.5,13.05, 13.20,13.15,13.19,7935,1.05,71, 4889, 61.61
SHAHALLOYS, BE, 14-Sep-2021,14.2,14.9,14.9,14.9, 14.90,14.9,14.9,33819,5.04,17, -, -
SHAKTIPUMP, EQ, 14-Sep-2021,715.85,729.9,744.5,719.05, 739.85,737.9,733.84,67655,496.48,4395, 34457, 50.93
SHALBY, EQ, 14-Sep-2021,192.55,193.0,194.0,191.0, 191.25,191.45,192.44,115973,223.18,2379, 61422, 52.96
SHALPAINTS, EQ, 14-Sep-2021,96.75,96.25,97.5,95.85, 96.95,96.3,96.74,91721,88.73,1791, 56092, 61.16
SHANKARA, EQ, 14-Sep-2021,557.6,559.0,569.9,555.1, 564.00,562.5,562.36,70444,396.15,5545, 25655, 36.42
SHANTIGEAR, EQ, 14-Sep-2021,169.85,171.5,172.85,169.35, 170.00,169.95,170.45,82382,140.42,2697, 43712, 53.06
SHARDACROP, EQ, 14-Sep-2021,325.1,325.15,329.0,324.55, 325.95,325.55,325.95,53450,174.22,2473, 33025, 61.79
SHARDAMOTR, BE, 14-Sep-2021,637.7,655.0,655.0,620.55, 632.00,641.5,635.36,7383,46.91,265, -, -
SHAREINDIA, EQ, 14-Sep-2021,534.35,535.05,550.0,524.0, 539.95,537.05,532.22,781554,4159.62,13771, 442155, 56.57
SHARIABEES, EQ, 14-Sep-2021,453.91,469.48,469.48,450.0, 454.05,454.89,455.47,659,3.0,50, 654, 99.24
SHEMAROO, EQ, 14-Sep-2021,138.1,138.9,151.9,138.8, 151.20,151.6,147.89,808059,1195.04,11718, 365072, 45.18
SHIL, EQ, 14-Sep-2021,423.15,444.3,444.3,430.2, 444.30,444.3,442.58,151439,670.24,1089, 95485, 63.05
SHILPAMED, EQ, 14-Sep-2021,588.7,589.9,605.2,581.15, 583.00,583.65,590.7,391521,2312.73,7964, 153909, 39.31
SHIVAMAUTO, EQ, 14-Sep-2021,22.35,22.35,22.85,22.2, 22.60,22.6,22.49,32008,7.2,288, 24695, 77.15
SHIVAMILLS, EQ, 14-Sep-2021,88.35,88.15,90.0,84.1, 87.00,86.0,87.78,22503,19.75,614, 12968, 57.63
SHIVATEX, EQ, 14-Sep-2021,193.6,195.9,201.5,193.5, 197.80,197.0,197.97,28853,57.12,996, 10379, 35.97
SHK, EQ, 14-Sep-2021,164.05,165.8,173.5,165.3, 167.50,167.6,168.82,551029,930.27,10581, 225553, 40.93
SHOPERSTOP, EQ, 14-Sep-2021,250.4,249.55,258.5,249.35, 250.95,251.2,253.42,280231,710.15,6280, 90632, 32.34
SHRADHA, EQ, 14-Sep-2021,58.35,56.5,58.4,56.1, 58.40,57.9,57.55,3067,1.76,128, 1980, 64.56
SHREDIGCEM, EQ, 14-Sep-2021,79.25,79.9,80.95,79.0, 79.60,79.3,79.7,280212,223.33,3833, 166445, 59.40
SHREECEM, EQ, 14-Sep-2021,30663.35,30665.1,30785.0,30403.0, 30607.10,30658.5,30574.58,33014,10093.89,13079, 12911, 39.11
SHREEPUSHK, EQ, 14-Sep-2021,229.45,232.0,232.4,218.5, 220.30,220.35,223.6,213094,476.48,9259, 114443, 53.71
SHREERAMA, EQ, 14-Sep-2021,11.7,11.75,11.95,11.55, 11.80,11.75,11.74,58434,6.86,253, 33696, 57.67
SHRENIK, EQ, 14-Sep-2021,1.6,1.6,1.6,1.55, 1.60,1.6,1.57,1603196,25.17,853, 1036526, 64.65
SHREYANIND, EQ, 14-Sep-2021,121.1,120.0,122.65,120.0, 120.55,120.65,121.1,10350,12.53,376, 6492, 62.72
SHREYAS, EQ, 14-Sep-2021,363.9,374.7,382.05,371.95, 382.05,382.05,378.19,87605,331.31,1266, 62671, 71.54
SHRIPISTON, BE, 14-Sep-2021,910.15,920.0,934.5,915.0, 934.00,934.0,921.91,407,3.75,32, -, -
SHRIRAMCIT, EQ, 14-Sep-2021,2474.25,2495.7,2602.0,2474.75, 2536.50,2554.15,2558.23,221101,5656.26,27830, 83888, 37.94
SHRIRAMEPC, EQ, 14-Sep-2021,5.25,5.5,5.5,5.5, 5.50,5.5,5.5,398535,21.92,204, 398535, 100.00
SHUBHLAXMI, SM, 14-Sep-2021,12.05,12.05,12.05,12.05, 12.05,12.05,12.05,1000,0.12,1, 1000, 100.00
SHYAMCENT, EQ, 14-Sep-2021,11.45,11.45,11.85,11.4, 11.55,11.55,11.54,169840,19.59,546, 126036, 74.21
SHYAMMETL, EQ, 14-Sep-2021,413.1,416.4,417.75,400.0, 404.95,406.8,411.49,530582,2183.27,10558, 217738, 41.04
SHYAMTEL, BE, 14-Sep-2021,9.05,9.0,9.05,8.65, 8.65,8.65,8.83,2050,0.18,17, -, -
SICAL, EQ, 14-Sep-2021,11.3,11.1,11.6,11.1, 11.50,11.5,11.44,188301,21.54,566, 124226, 65.97
SIDDHIKA, SM, 14-Sep-2021,68.2,68.0,71.5,66.05, 66.30,66.3,68.14,18000,12.27,9, 16000, 88.89
SIEMENS, EQ, 14-Sep-2021,2208.55,2210.0,2221.45,2201.85, 2210.00,2207.3,2209.97,125523,2774.02,13688, 50902, 40.55
SIGIND, EQ, 14-Sep-2021,49.3,49.5,49.9,47.75, 47.90,48.25,48.59,15245,7.41,315, 8790, 57.66
SIGMA, SM, 14-Sep-2021,258.8,271.7,271.7,271.7, 271.70,271.7,271.7,3000,8.15,1, 3000, 100.00
SIL, BE, 14-Sep-2021,14.95,14.55,15.25,14.55, 15.15,14.7,14.83,3605,0.53,30, -, -
SILGO, EQ, 14-Sep-2021,33.4,33.3,34.35,33.3, 33.40,33.65,33.85,14115,4.78,111, 11384, 80.65
SILINV, BE, 14-Sep-2021,280.05,275.1,280.0,275.1, 276.95,276.95,276.8,419,1.16,13, -, -
SILLYMONKS, EQ, 14-Sep-2021,20.5,21.8,21.8,20.1, 20.90,20.65,20.63,14606,3.01,245, 4470, 30.60
SILVERTUC, SM, 14-Sep-2021,181.5,181.0,181.0,176.5, 180.00,180.0,179.24,6000,10.75,5, 5000, 83.33
SIMBHALS, BE, 14-Sep-2021,26.65,27.2,27.95,25.4, 27.90,27.35,26.92,48880,13.16,172, -, -
SIMPLEXINF, EQ, 14-Sep-2021,40.65,41.1,42.65,40.8, 42.65,42.65,42.37,87198,36.94,229, 75687, 86.80
SINTERCOM, EQ, 14-Sep-2021,84.0,84.0,87.0,83.0, 86.85,85.9,85.1,35946,30.59,311, 23207, 64.56
SINTEX, EQ, 14-Sep-2021,3.75,3.8,3.85,3.75, 3.80,3.75,3.79,1212733,45.91,1131, 844061, 69.60
SIRCA, EQ, 14-Sep-2021,337.2,338.9,352.9,337.3, 347.95,348.6,347.29,97917,340.06,2781, 59962, 61.24
SIS, EQ, 14-Sep-2021,484.65,487.9,489.2,472.2, 475.00,478.6,484.13,131134,634.85,10263, 77140, 58.83
SITINET, EQ, 14-Sep-2021,1.55,1.6,1.6,1.55, 1.60,1.6,1.6,3493019,55.88,556, 3126060, 89.49
SIYSIL, EQ, 14-Sep-2021,386.15,386.15,393.05,383.3, 385.00,384.95,387.32,47007,182.07,2260, 27547, 58.60
SJVN, EQ, 14-Sep-2021,26.95,27.1,27.7,26.9, 27.25,27.25,27.27,4593544,1252.45,14497, 1811454, 39.43
SKFINDIA, EQ, 14-Sep-2021,3195.85,3223.6,3253.0,3167.65, 3179.20,3213.8,3212.24,190279,6112.22,30927, 97649, 51.32
SKIL, EQ, 14-Sep-2021,3.8,3.75,3.85,3.75, 3.80,3.85,3.8,48689,1.85,67, 44190, 90.76
SKIPPER, EQ, 14-Sep-2021,85.2,85.5,86.0,83.4, 83.75,83.7,84.74,201203,170.5,3910, 119892, 59.59
SKMEGGPROD, EQ, 14-Sep-2021,84.0,84.5,85.8,83.5, 83.50,83.8,84.33,86651,73.07,1499, 42489, 49.03
SKSTEXTILE, SM, 14-Sep-2021,21.9,20.85,20.85,20.85, 20.85,20.85,20.85,186000,38.78,8, 186000, 100.00
SMARTLINK, EQ, 14-Sep-2021,120.15,121.15,124.7,118.45, 119.80,120.15,121.72,84949,103.4,2259, 33240, 39.13
SMCGLOBAL, EQ, 14-Sep-2021,76.15,76.45,77.3,75.5, 76.25,75.75,76.22,99795,76.07,1164, 64568, 64.70
SMLISUZU, EQ, 14-Sep-2021,560.6,569.0,570.0,560.7, 566.00,565.8,565.26,23657,133.72,2859, 9968, 42.14
SMSLIFE, EQ, 14-Sep-2021,716.65,725.0,746.0,720.15, 730.00,731.55,730.86,3698,27.03,251, 2267, 61.30
SMSPHARMA, EQ, 14-Sep-2021,161.05,162.7,162.85,159.4, 160.60,160.35,161.02,81621,131.42,1897, 51266, 62.81
SNOWMAN, EQ, 14-Sep-2021,44.55,44.85,45.8,44.8, 44.95,44.95,45.17,850562,384.23,5143, 366243, 43.06
SOBHA, EQ, 14-Sep-2021,797.8,801.0,804.8,775.2, 780.00,779.55,785.37,240485,1888.69,11502, 118681, 49.35
SOLARA, EQ, 14-Sep-2021,1679.15,1687.55,1710.0,1680.0, 1694.00,1694.2,1694.99,52315,886.73,4758, 35893, 68.61
SOLARINDS, EQ, 14-Sep-2021,1805.75,1832.85,1999.0,1821.9, 1998.00,1987.55,1939.12,493880,9576.95,37411, 135280, 27.39
SOLEX, SM, 14-Sep-2021,48.0,45.65,45.8,45.65, 45.80,45.8,45.73,8000,3.66,3, 6000, 75.00
SOMANYCERA, BE, 14-Sep-2021,710.55,710.55,718.8,695.0, 705.00,704.3,706.21,12206,86.2,578, -, -
SOMATEX, EQ, 14-Sep-2021,8.55,8.9,8.95,8.9, 8.95,8.95,8.95,31988,2.86,94, 23122, 72.28
SOMICONVEY, BE, 14-Sep-2021,57.8,57.0,59.9,56.0, 56.40,56.7,56.87,14659,8.34,202, -, -
SONACOMS, EQ, 14-Sep-2021,583.45,587.45,596.8,567.2, 572.00,572.0,580.78,3046264,17692.02,78254, 1131500, 37.14
SONAHISONA, SM, 14-Sep-2021,13.5,14.0,14.75,14.0, 14.75,14.75,14.38,20000,2.88,2, 20000, 100.00
SONAMCLOCK, SM, 14-Sep-2021,62.95,63.0,63.8,63.0, 63.80,63.8,63.36,18000,11.4,6, 0, 0.00
SONATSOFTW, EQ, 14-Sep-2021,854.9,855.0,856.0,842.0, 850.00,849.35,851.29,179051,1524.24,9632, 103776, 57.96
SORILINFRA, EQ, 14-Sep-2021,123.8,125.2,134.45,125.05, 130.20,129.85,130.62,112834,147.38,2118, 44555, 39.49
SOTL, EQ, 14-Sep-2021,1661.15,1685.0,1685.0,1628.0, 1630.00,1632.4,1641.81,14058,230.81,2191, 8679, 61.74
SOUTHBANK, EQ, 14-Sep-2021,9.9,10.0,10.1,9.95, 10.00,9.95,10.01,7649675,765.92,25897, 3429113, 44.83
SOUTHWEST, EQ, 14-Sep-2021,98.1,102.3,102.3,97.4, 97.75,97.9,98.09,44635,43.78,163, 41577, 93.15
SPAL, EQ, 14-Sep-2021,339.3,339.8,343.9,326.5, 327.15,329.35,334.44,66431,222.17,2710, 41918, 63.10
SPANDANA, EQ, 14-Sep-2021,622.85,638.85,640.95,621.4, 625.00,626.15,631.04,32413,204.54,2303, 12436, 38.37
SPARC, EQ, 14-Sep-2021,291.45,292.0,297.0,292.0, 293.50,293.55,294.31,539884,1588.92,7139, 163982, 30.37
SPECIALITY, EQ, 14-Sep-2021,74.65,74.6,77.0,74.05, 75.30,74.85,75.82,340652,258.28,4648, 195474, 57.38
SPENCERS, EQ, 14-Sep-2021,115.65,115.9,117.55,114.5, 115.50,115.65,115.9,1059215,1227.68,13032, 424828, 40.11
SPENTEX, BZ, 14-Sep-2021,1.35,1.4,1.4,1.3, 1.35,1.3,1.3,51848,0.67,18, -, -
SPIC, EQ, 14-Sep-2021,51.15,51.1,53.2,51.1, 52.95,52.35,51.94,985095,511.65,3068, 693182, 70.37
SPICEJET, EQ, 14-Sep-2021,69.8,70.2,72.6,70.2, 72.30,72.05,71.67,5927354,4248.05,21595, 2375857, 40.08
SPLIL, EQ, 14-Sep-2021,48.15,48.15,49.5,48.15, 48.90,48.65,48.73,28940,14.1,472, 15808, 54.62
SPMLINFRA, BE, 14-Sep-2021,11.0,11.25,11.4,11.0, 11.15,11.15,11.2,21068,2.36,51, -, -
SPTL, EQ, 14-Sep-2021,4.05,4.1,4.15,4.05, 4.10,4.05,4.08,1081764,44.11,1031, 775518, 71.69
SREEL, EQ, 14-Sep-2021,184.5,185.0,186.5,182.6, 183.60,184.75,185.09,27136,50.23,597, 22290, 82.14
SREIBNPNCD, NO, 14-Sep-2021,295.0,260.3,260.3,260.3, 260.30,260.3,260.3,1,0.0,1, 1, 100.00
SREIBNPNCD, NQ, 14-Sep-2021,300.0,325.0,325.0,325.0, 325.00,325.0,325.0,10,0.03,1, 10, 100.00
SREIBNPNCD, NX, 14-Sep-2021,350.0,345.0,345.0,340.0, 345.00,345.0,341.16,151,0.52,6, 151, 100.00
SREIBNPNCD, Y1, 14-Sep-2021,350.0,300.0,300.0,300.0, 300.00,300.0,300.0,35,0.11,2, 35, 100.00
SREIBNPNCD, Y7, 14-Sep-2021,280.0,336.0,336.0,336.0, 336.00,336.0,336.0,2,0.01,2, 2, 100.00
SREIBNPNCD, YA, 14-Sep-2021,245.0,241.0,241.0,241.0, 241.00,241.0,241.0,2,0.0,1, 2, 100.00
SREINFRA, BE, 14-Sep-2021,8.5,8.25,8.55,8.1, 8.50,8.4,8.23,1010239,83.09,1771, -, -
SRF, EQ, 14-Sep-2021,10685.5,10817.85,10821.0,10611.35, 10654.65,10676.4,10694.45,258514,27646.66,40113, 113725, 43.99
SRHHYPOLTD, EQ, 14-Sep-2021,342.55,346.0,357.95,338.5, 343.00,340.6,347.63,69640,242.09,3227, 47763, 68.59
SRIPIPES, EQ, 14-Sep-2021,232.1,232.45,233.5,225.05, 226.60,226.2,229.0,66469,152.22,2201, 38292, 57.61
SRPL, BE, 14-Sep-2021,34.8,35.5,36.5,33.3, 36.40,36.4,35.84,1945,0.7,23, -, -
SRTRANSFIN, EQ, 14-Sep-2021,1341.7,1348.0,1371.0,1344.2, 1352.00,1352.8,1358.13,670710,9109.11,23114, 150879, 22.50
SRTRANSFIN, YH, 14-Sep-2021,1029.95,1010.35,1010.35,1010.35, 1010.35,1010.35,1010.35,88,0.89,1, 88, 100.00
SRTRANSFIN, YI, 14-Sep-2021,1073.85,1073.85,1073.85,1073.85, 1073.85,1073.85,1073.85,10,0.11,1, 10, 100.00
SRTRANSFIN, YN, 14-Sep-2021,1359.91,1341.9,1359.13,1341.9, 1359.13,1359.13,1357.68,48,0.65,5, 44, 91.67
SRTRANSFIN, YQ, 14-Sep-2021,1082.69,1082.6,1083.3,1082.6, 1083.30,1083.3,1082.97,11,0.12,3, 11, 100.00
SRTRANSFIN, YR, 14-Sep-2021,1100.0,1110.0,1110.0,1100.01, 1100.01,1100.01,1105.01,200,2.21,2, 100, 50.00
SRTRANSFIN, YS, 14-Sep-2021,1160.0,1075.0,1165.0,1075.0, 1165.00,1165.0,1120.0,50,0.56,2, 50, 100.00
SRTRANSFIN, YT, 14-Sep-2021,1293.0,1290.01,1293.0,1290.01, ,1293.0,1292.0,165,2.13,5, 165, 100.00
SRTRANSFIN, YU, 14-Sep-2021,1350.0,1349.0,1363.9,1337.0, 1337.00,1337.0,1345.16,18,0.24,5, 14, 77.78
SRTRANSFIN, YV, 14-Sep-2021,1040.0,1031.0,1031.0,1030.25, 1030.25,1030.25,1030.63,50,0.52,2, 50, 100.00
SRTRANSFIN, YX, 14-Sep-2021,1053.11,1074.9,1074.9,1052.76, 1058.00,1058.0,1065.93,180,1.92,4, 105, 58.33
SRTRANSFIN, YY, 14-Sep-2021,1070.0,1050.5,1070.0,1050.5, 1065.00,1065.0,1063.98,220,2.34,3, 120, 54.55
SRTRANSFIN, YZ, 14-Sep-2021,1160.0,1160.0,1160.0,1160.0, 1160.00,1160.0,1160.0,6,0.07,1, 6, 100.00
SRTRANSFIN, Z1, 14-Sep-2021,1260.0,1262.0,1262.0,1262.0, 1262.00,1262.0,1262.0,10,0.13,1, 10, 100.00
SRTRANSFIN, Z8, 14-Sep-2021,1025.51,1030.0,1030.0,1030.0, 1030.00,1030.0,1030.0,200,2.06,1, 200, 100.00
SRTRANSFIN, ZC, 14-Sep-2021,1252.0,1289.0,1289.0,1289.0, 1289.00,1289.0,1289.0,50,0.64,1, 50, 100.00
SRTRANSFIN, ZH, 14-Sep-2021,1070.0,1050.0,1052.05,1050.0, 1052.00,1052.0,1050.94,93,0.98,4, 93, 100.00
SRTRANSFIN, ZJ, 14-Sep-2021,1150.0,1150.0,1150.0,1150.0, 1150.00,1150.0,1150.0,10,0.12,1, 10, 100.00
SRTRANSFIN, ZK, 14-Sep-2021,1172.0,1158.0,1158.0,1158.0, 1158.00,1158.0,1158.0,11,0.13,1, 11, 100.00
SSINFRA, SM, 14-Sep-2021,9.3,9.0,9.0,9.0, 9.00,9.0,9.0,3000,0.27,1, 3000, 100.00
SSWL, BE, 14-Sep-2021,1718.15,1717.0,1798.0,1691.2, 1773.00,1761.45,1731.56,9961,172.48,838, -, -
STAR, EQ, 14-Sep-2021,597.55,599.75,604.75,595.9, 601.05,600.8,599.78,349097,2093.82,7423, 97752, 28.00
STARCEMENT, EQ, 14-Sep-2021,106.25,105.6,107.4,105.6, 107.00,107.0,106.81,160370,171.29,2909, 102210, 63.73
STARPAPER, EQ, 14-Sep-2021,148.9,149.85,152.8,149.3, 152.80,152.45,151.44,143950,217.99,3681, 61374, 42.64
STCINDIA, EQ, 14-Sep-2021,104.35,105.45,106.8,104.3, 105.45,105.15,105.43,63413,66.86,1198, 20391, 32.16
STEELCITY, EQ, 14-Sep-2021,59.75,60.7,60.7,59.25, 59.85,59.85,59.75,29701,17.75,384, 18189, 61.24
STEELXIND, EQ, 14-Sep-2021,78.15,80.0,80.0,76.8, 77.10,77.3,78.24,154227,120.67,1207, 113802, 73.79
STEL, EQ, 14-Sep-2021,165.3,166.75,174.7,164.0, 169.00,171.6,171.05,159434,272.71,3805, 60525, 37.96
STERTOOLS, EQ, 14-Sep-2021,197.35,198.0,204.0,198.0, 203.35,202.6,201.67,68692,138.53,1975, 39870, 58.04
STLTECH, EQ, 14-Sep-2021,276.7,277.2,283.9,274.15, 282.60,282.3,280.03,645184,1806.7,13414, 294775, 45.69
STOVEKRAFT, EQ, 14-Sep-2021,951.7,957.45,967.0,932.2, 944.90,939.4,949.16,127404,1209.27,8730, 57639, 45.24
STYLAMIND, EQ, 14-Sep-2021,1099.7,1124.95,1319.6,1115.0, 1229.00,1222.95,1223.14,58446,714.88,9068, 25570, 43.75
SUBCAPCITY, BE, 14-Sep-2021,23.0,23.0,23.0,23.0, 23.00,23.0,23.0,1020,0.23,4, -, -
SUBEXLTD, EQ, 14-Sep-2021,50.65,51.0,56.0,50.9, 55.25,55.3,54.04,22641259,12235.47,65553, 6592807, 29.12
SUBROS, EQ, 14-Sep-2021,306.95,307.0,312.0,306.1, 308.90,307.5,308.39,24743,76.3,1233, 13352, 53.96
SUDARSCHEM, EQ, 14-Sep-2021,685.25,690.0,698.0,679.05, 683.65,690.0,687.52,477737,3284.52,15675, 143409, 30.02
SUMEETINDS, BE, 14-Sep-2021,7.3,7.25,7.45,6.95, 7.30,7.0,7.11,161332,11.47,209, -, -
SUMICHEM, EQ, 14-Sep-2021,413.7,415.3,420.45,413.6, 414.95,414.65,416.71,506260,2109.65,11650, 242641, 47.93
SUMIT, BE, 14-Sep-2021,12.65,12.15,12.7,12.15, 12.50,12.5,12.45,12980,1.62,62, -, -
SUMMITSEC, EQ, 14-Sep-2021,715.35,711.75,738.5,711.75, 730.00,728.65,729.06,13386,97.59,890, 7141, 53.35
SUNCLAYLTD, EQ, 14-Sep-2021,3515.4,3520.5,3544.75,3498.0, 3506.05,3510.1,3513.36,2164,76.03,519, 1565, 72.32
SUNDARAM, BE, 14-Sep-2021,2.05,2.05,2.05,1.95, 2.00,2.0,1.98,318814,6.32,173, -, -
SUNDARMFIN, EQ, 14-Sep-2021,2530.95,2543.65,2589.4,2520.05, 2551.75,2572.2,2549.23,44421,1132.4,9964, 24970, 56.21
SUNDARMHLD, EQ, 14-Sep-2021,76.9,77.5,79.3,77.25, 78.30,78.15,78.16,84560,66.09,898, 48962, 57.90
SUNDRMBRAK, EQ, 14-Sep-2021,403.2,409.85,411.45,400.1, 400.55,401.6,404.27,5826,23.55,244, 3565, 61.19
SUNDRMFAST, EQ, 14-Sep-2021,884.1,892.0,933.8,884.15, 892.25,896.4,917.6,601305,5517.55,34138, 126242, 20.99
SUNFLAG, EQ, 14-Sep-2021,82.2,82.4,83.25,81.7, 81.90,82.0,82.48,350575,289.15,4540, 161064, 45.94
SUNPHARMA, EQ, 14-Sep-2021,780.3,784.7,788.0,777.3, 782.50,781.4,782.86,1996844,15632.47,52076, 692798, 34.69
SUNTECK, EQ, 14-Sep-2021,394.65,396.0,416.5,394.95, 414.90,413.4,407.41,6993301,28491.37,75075, 1574024, 22.51
SUNTV, EQ, 14-Sep-2021,488.65,494.0,514.85,494.0, 511.30,512.15,506.93,5441534,27585.0,78895, 1231618, 22.63
SUPERHOUSE, EQ, 14-Sep-2021,168.85,169.45,178.45,169.45, 175.15,176.35,175.04,55113,96.47,1856, 25736, 46.70
SUPERSPIN, BE, 14-Sep-2021,12.9,13.5,13.5,12.45, 13.00,12.8,12.99,96740,12.57,346, -, -
SUPPETRO, EQ, 14-Sep-2021,703.0,713.0,713.0,696.65, 710.00,709.95,701.94,191730,1345.83,4072, 171070, 89.22
SUPRAJIT, EQ, 14-Sep-2021,308.65,311.9,320.7,310.6, 318.05,317.85,315.93,260038,821.55,9618, 119369, 45.90
SUPREMEENG, EQ, 14-Sep-2021,30.5,29.7,31.35,28.5, 29.50,29.5,29.48,69321,20.44,505, 40012, 57.72
SUPREMEIND, EQ, 14-Sep-2021,2140.25,2158.85,2169.9,2132.0, 2150.00,2147.05,2151.81,53226,1145.32,11032, 33265, 62.50
SURANASOL, EQ, 14-Sep-2021,13.0,13.4,13.5,13.0, 13.45,13.4,13.27,63316,8.4,383, 47027, 74.27
SURANAT&P, EQ, 14-Sep-2021,6.3,6.4,6.4,6.2, 6.40,6.35,6.32,90230,5.7,287, 59623, 66.08
SURANI, SM, 14-Sep-2021,46.65,46.5,46.5,44.35, 44.35,44.35,44.93,8000,3.59,4, 8000, 100.00
SURYALAXMI, BE, 14-Sep-2021,60.55,62.0,62.0,60.2, 60.90,60.9,61.23,20059,12.28,61, -, -
SURYAROSNI, EQ, 14-Sep-2021,576.0,579.5,587.25,561.1, 579.30,579.9,571.69,169092,966.68,9079, 67153, 39.71
SURYODAY, EQ, 14-Sep-2021,179.6,192.0,215.5,190.15, 215.50,215.5,205.25,3777271,7752.91,56575, 874260, 23.15
SUTLEJTEX, EQ, 14-Sep-2021,67.05,67.05,67.9,65.75, 65.85,66.0,66.74,167124,111.54,2160, 103594, 61.99
SUULD, EQ, 14-Sep-2021,527.95,539.0,539.0,511.0, 511.00,517.05,524.91,31433,165.0,1316, 26043, 82.85
SUVEN, EQ, 14-Sep-2021,84.2,84.2,86.0,84.0, 84.25,84.2,84.75,177132,150.12,2892, 84716, 47.83
SUVENPHAR, EQ, 14-Sep-2021,532.25,532.25,540.0,524.9, 533.00,538.35,534.25,209075,1116.97,15129, 114723, 54.87
SUVIDHAA, EQ, 14-Sep-2021,18.9,18.85,19.2,18.15, 18.35,18.3,18.47,270626,49.99,830, 174149, 64.35
SUZLON, EQ, 14-Sep-2021,6.25,6.3,6.55,6.25, 6.55,6.5,6.47,41938487,2713.47,25975, 22549294, 53.77
SVPGLOB, EQ, 14-Sep-2021,138.75,140.8,164.85,137.0, 148.05,148.35,148.56,1312494,1949.84,22030, 482753, 36.78
SWANENERGY, EQ, 14-Sep-2021,136.25,137.0,138.9,135.9, 137.20,137.15,137.19,84708,116.21,3012, 32292, 38.12
SWARAJENG, EQ, 14-Sep-2021,1685.55,1702.0,1702.0,1677.65, 1684.00,1679.85,1682.93,6825,114.86,1092, 5318, 77.92
SWELECTES, EQ, 14-Sep-2021,219.25,217.5,231.0,217.5, 227.90,228.2,226.91,24591,55.8,847, 16620, 67.59
SWSOLAR, EQ, 14-Sep-2021,358.95,360.0,369.0,353.55, 360.10,361.3,361.06,1876940,6776.84,29752, 464599, 24.75
SYMPHONY, EQ, 14-Sep-2021,998.15,1009.0,1017.0,993.35, 1003.95,1002.15,1002.33,62822,629.68,5454, 36480, 58.07
SYNGENE, EQ, 14-Sep-2021,668.8,671.8,674.95,662.0, 667.00,667.1,668.88,1605712,10740.26,59151, 561448, 34.97
TAINWALCHM, BE, 14-Sep-2021,80.75,81.4,81.4,78.15, 79.10,80.35,79.6,2827,2.25,66, -, -
TAJGVK, EQ, 14-Sep-2021,132.4,133.65,136.9,132.55, 133.30,133.3,135.12,337943,456.63,6161, 114176, 33.79
TAKE, EQ, 14-Sep-2021,52.3,52.65,53.35,52.0, 52.70,52.75,52.72,784644,413.69,4362, 334967, 42.69
TALBROAUTO, EQ, 14-Sep-2021,282.1,284.75,286.45,280.5, 282.05,281.5,283.12,26974,76.37,957, 14996, 55.59
TANLA, EQ, 14-Sep-2021,887.6,886.0,886.0,865.0, 870.80,869.8,873.46,77012,672.67,5999, 58877, 76.45
TANTIACONS, BZ, 14-Sep-2021,6.65,6.8,6.8,6.35, 6.70,6.7,6.47,9963,0.64,60, -, -
TARAPUR, EQ, 14-Sep-2021,4.35,4.3,4.5,4.2, 4.40,4.4,4.37,26974,1.18,65, 18454, 68.41
TARC, BE, 14-Sep-2021,39.2,39.3,39.95,38.7, 39.25,38.95,39.69,546351,216.83,686, -, -
TARMAT, EQ, 14-Sep-2021,63.45,64.8,64.8,63.55, 63.55,63.65,63.98,27170,17.38,414, 19313, 71.08
TASTYBITE, EQ, 14-Sep-2021,18706.55,18706.55,19060.0,18606.25, 18713.00,18792.35,18864.57,2213,417.47,1237, 870, 39.31
TATACAPHSG, N2, 14-Sep-2021,1072.0,1080.0,1080.0,1079.0, 1079.00,1079.0,1079.5,2,0.02,2, 0, 0.00
TATACAPHSG, N4, 14-Sep-2021,1035.19,1036.0,1036.0,1035.0, 1035.00,1035.0,1035.07,378,3.91,5, 378, 100.00
TATACAPHSG, N8, 14-Sep-2021,1072.0,1075.0,1075.0,1075.0, 1075.00,1075.0,1075.0,30,0.32,1, 30, 100.00
TATACHEM, EQ, 14-Sep-2021,837.3,839.0,842.8,830.9, 835.00,835.75,837.04,819659,6860.86,16749, 252724, 30.83
TATACOFFEE, EQ, 14-Sep-2021,208.25,210.0,210.35,207.5, 208.00,208.2,208.88,942617,1968.98,10177, 310402, 32.93
TATACOMM, EQ, 14-Sep-2021,1346.8,1357.95,1379.15,1350.0, 1360.00,1359.9,1361.12,245969,3347.95,18036, 145220, 59.04
TATACONSUM, EQ, 14-Sep-2021,882.1,884.8,885.9,877.6, 880.20,881.3,881.85,622424,5488.87,24422, 275536, 44.27
TATAELXSI, EQ, 14-Sep-2021,5009.3,5018.0,5057.9,4970.0, 4975.15,4987.0,5003.96,147811,7396.41,28278, 74193, 50.19
TATAINVEST, EQ, 14-Sep-2021,1274.35,1280.75,1290.0,1261.8, 1272.00,1276.15,1273.83,36153,460.53,3232, 16525, 45.71
TATAMETALI, EQ, 14-Sep-2021,1052.6,1059.75,1073.8,1047.95, 1062.00,1064.1,1063.18,148064,1574.19,9388, 64460, 43.54
TATAMOTORS, EQ, 14-Sep-2021,301.2,302.25,307.2,302.2, 305.75,306.1,304.96,23234649,70855.51,196460, 6975975, 30.02
TATAMTRDVR, EQ, 14-Sep-2021,140.95,141.5,144.2,141.5, 143.40,143.15,143.23,3208214,4595.11,35949, 1961983, 61.15
TATAPOWER, EQ, 14-Sep-2021,131.05,131.5,133.3,131.3, 133.15,133.0,132.42,13305823,17618.91,67637, 5027123, 37.78
TATASTEEL, EQ, 14-Sep-2021,1463.45,1476.0,1476.0,1449.0, 1451.40,1452.3,1461.4,5503767,80432.1,133997, 1378792, 25.05
TATASTLBSL, BE, 14-Sep-2021,95.35,95.65,96.0,94.1, 94.50,94.45,94.96,1201330,1140.76,11236, -, -
TATASTLLP, EQ, 14-Sep-2021,894.95,898.0,908.4,885.05, 887.75,889.5,893.35,80895,722.67,3526, 62716, 77.53
TATVA, EQ, 14-Sep-2021,2053.5,2059.0,2065.0,2041.55, 2060.05,2059.0,2055.9,44506,915.0,5547, 21716, 48.79
TBZ, EQ, 14-Sep-2021,75.75,76.4,76.95,75.15, 75.60,75.6,76.05,144742,110.08,1769, 94923, 65.58
TCFSL, ND, 14-Sep-2021,1071.97,1069.0,1069.24,1067.2, 1067.20,1067.2,1068.45,928,9.92,20, 692, 74.57
TCFSL, NF, 14-Sep-2021,1154.4,1155.0,1167.0,1149.1, 1155.00,1153.42,1156.22,149,1.72,9, 135, 90.60
TCFSL, NH, 14-Sep-2021,1021.0,1023.0,1023.0,1020.0, 1020.00,1020.22,1020.69,355,3.62,23, 355, 100.00
TCFSL, NJ, 14-Sep-2021,1052.04,1051.25,1051.25,1051.25, 1051.25,1051.25,1051.25,50,0.53,1, 50, 100.00
TCI, EQ, 14-Sep-2021,427.3,429.45,435.9,425.55, 433.95,433.6,432.12,44118,190.64,2208, 22584, 51.19
TCIDEVELOP, EQ, 14-Sep-2021,322.95,319.8,340.9,317.5, 329.95,325.3,326.19,6259,20.42,367, 4814, 76.91
TCIEXP, EQ, 14-Sep-2021,1506.85,1506.05,1544.0,1504.8, 1519.00,1521.0,1526.52,44800,683.88,8506, 17318, 38.66
TCNSBRANDS, EQ, 14-Sep-2021,668.7,677.9,695.0,665.0, 668.40,668.1,674.46,125141,844.03,5363, 64705, 51.71
TCPLPACK, EQ, 14-Sep-2021,505.45,505.45,534.75,501.65, 529.00,525.65,523.24,21148,110.65,1207, 9506, 44.95
TCS, EQ, 14-Sep-2021,3845.35,3849.95,3896.5,3825.0, 3880.10,3885.9,3873.73,1991188,77133.16,104679, 1273237, 63.94
TDPOWERSYS, EQ, 14-Sep-2021,326.5,326.05,331.85,319.5, 322.00,322.9,324.04,101367,328.47,3334, 52578, 51.87
TEAMLEASE, EQ, 14-Sep-2021,4509.9,4530.0,4573.55,4489.15, 4573.55,4545.65,4539.32,9239,419.39,2904, 3436, 37.19
TECHIN, EQ, 14-Sep-2021,6.7,7.0,7.0,7.0, 7.00,7.0,7.0,16548,1.16,34, 16548, 100.00
TECHM, EQ, 14-Sep-2021,1429.5,1435.0,1457.0,1429.5, 1449.10,1452.05,1443.28,1554999,22442.92,82831, 882048, 56.72
TECHNOE, EQ, 14-Sep-2021,278.15,282.8,282.8,278.3, 280.60,280.65,280.82,55213,155.05,2830, 37334, 67.62
TEJASNET, EQ, 14-Sep-2021,434.7,425.0,439.0,415.0, 424.00,420.95,424.23,759048,3220.14,18535, 363996, 47.95
TEMBO, EQ, 14-Sep-2021,278.65,279.5,282.0,275.25, 279.00,278.35,278.36,110068,306.38,824, 22976, 20.87
TERASOFT, BE, 14-Sep-2021,49.6,49.5,50.7,48.75, 50.00,49.7,50.03,16925,8.47,254, -, -
TEXINFRA, EQ, 14-Sep-2021,59.8,59.85,60.65,58.25, 58.35,58.8,59.05,72521,42.82,312, 57910, 79.85
TEXMOPIPES, EQ, 14-Sep-2021,48.25,48.8,50.5,48.3, 50.00,49.8,49.42,203562,100.6,1542, 124410, 61.12
TEXRAIL, EQ, 14-Sep-2021,32.85,33.35,33.75,33.05, 33.20,33.2,33.39,408199,136.28,1720, 208951, 51.19
TFCILTD, EQ, 14-Sep-2021,69.2,69.05,70.95,68.6, 68.90,69.0,69.73,138379,96.49,1628, 80374, 58.08
TFL, EQ, 14-Sep-2021,5.4,5.65,5.65,5.45, 5.65,5.65,5.63,3650,0.21,22, 3354, 91.89
TGBHOTELS, EQ, 14-Sep-2021,7.95,8.7,8.7,8.25, 8.70,8.7,8.69,163371,14.19,292, 113206, 69.29
THANGAMAYL, EQ, 14-Sep-2021,1094.55,1090.85,1106.85,1080.3, 1096.00,1091.7,1096.19,8194,89.82,1358, 3984, 48.62
THEINVEST, EQ, 14-Sep-2021,119.85,120.55,123.9,119.05, 119.05,119.9,122.12,34061,41.59,827, 16454, 48.31
THEJO, SM, 14-Sep-2021,2650.0,2650.0,2700.0,2625.0, 2688.00,2692.0,2645.38,2250,59.52,18, 2150, 95.56
THEMISMED, BE, 14-Sep-2021,996.0,1038.0,1045.8,975.25, 1045.80,1039.55,1025.15,8182,83.88,318, -, -
THERMAX, EQ, 14-Sep-2021,1430.95,1455.0,1474.9,1445.2, 1468.00,1464.75,1462.07,70694,1033.6,6378, 27480, 38.87
THOMASCOOK, EQ, 14-Sep-2021,61.9,61.9,63.1,61.2, 62.30,62.1,62.34,286755,178.75,2156, 148803, 51.89
THOMASCOTT, BE, 14-Sep-2021,19.0,18.2,19.5,18.2, 18.95,18.95,18.53,1586,0.29,29, -, -
THYROCARE, EQ, 14-Sep-2021,1274.15,1284.7,1294.7,1265.85, 1278.05,1279.05,1280.76,129232,1655.16,6628, 66518, 51.47
TI, BE, 14-Sep-2021,40.95,40.0,41.15,40.0, 40.60,40.35,40.38,90205,36.43,433, -, -
TIDEWATER, BE, 14-Sep-2021,2004.15,2042.95,2042.95,1960.0, 1980.00,1971.35,1988.5,14610,290.52,2383, -, -
TIIL, EQ, 14-Sep-2021,810.05,816.6,835.0,810.05, 820.00,817.85,822.52,9300,76.49,873, 5491, 59.04
TIINDIA, EQ, 14-Sep-2021,1338.9,1336.0,1375.55,1330.0, 1337.00,1342.45,1351.94,82163,1110.8,9298, 32423, 39.46
TIJARIA, BE, 14-Sep-2021,5.7,5.8,5.95,5.45, 5.95,5.95,5.85,40517,2.37,64, -, -
TIL, EQ, 14-Sep-2021,158.35,161.05,161.05,156.55, 158.05,158.25,158.51,3232,5.12,124, 2116, 65.47
TIMESGTY, EQ, 14-Sep-2021,43.85,45.2,46.15,44.05, 44.10,45.05,45.17,8016,3.62,191, 4414, 55.06
TIMETECHNO, EQ, 14-Sep-2021,70.65,71.3,73.3,71.0, 72.15,72.25,72.21,593971,428.9,6483, 278168, 46.83
TIMKEN, EQ, 14-Sep-2021,1724.7,1749.0,1764.95,1700.0, 1716.00,1714.5,1731.2,32158,556.72,4209, 11598, 36.07
TINPLATE, EQ, 14-Sep-2021,280.15,282.7,291.65,280.75, 282.70,282.8,286.64,606717,1739.08,10117, 266791, 43.97
TIPSINDLTD, EQ, 14-Sep-2021,1322.05,1321.0,1382.0,1311.0, 1348.00,1342.85,1348.47,30986,417.84,2013, 20231, 65.29
TIRUMALCHM, EQ, 14-Sep-2021,205.0,206.5,207.9,203.0, 204.80,204.6,205.01,517464,1060.85,8864, 272125, 52.59
TIRUPATIFL, BE, 14-Sep-2021,81.4,82.5,84.45,78.6, 84.45,83.75,82.73,8395,6.95,26, -, -
TITAN, EQ, 14-Sep-2021,2030.65,2038.9,2061.5,2032.05, 2052.95,2055.7,2050.46,888765,18223.73,67618, 527802, 59.39
TMRVL, EQ, 14-Sep-2021,15.15,15.55,15.55,15.15, 15.15,15.15,15.29,67720,10.36,460, 48717, 71.94
TNPETRO, EQ, 14-Sep-2021,115.7,116.15,134.95,116.15, 129.00,127.95,126.9,2502596,3175.7,26350, 972764, 38.87
TNPL, EQ, 14-Sep-2021,134.15,132.05,134.2,131.55, 133.30,133.55,133.1,181187,241.15,3046, 87023, 48.03
TNTELE, BE, 14-Sep-2021,10.75,10.3,11.1,10.25, 10.75,10.7,10.54,29179,3.07,141, -, -
TOKYOPLAST, EQ, 14-Sep-2021,103.2,104.8,115.0,102.85, 109.00,107.85,110.74,196226,217.3,3538, 65983, 33.63
TORNTPHARM, EQ, 14-Sep-2021,3126.05,3129.0,3143.95,3105.0, 3119.15,3133.1,3128.22,88648,2773.11,6894, 35658, 40.22
TORNTPOWER, EQ, 14-Sep-2021,480.75,480.5,484.25,476.65, 480.45,482.25,481.7,304051,1464.62,8628, 126067, 41.46
TOTAL, EQ, 14-Sep-2021,56.05,56.8,57.0,54.6, 54.95,55.05,55.93,53317,29.82,358, 35867, 67.27
TOUCHWOOD, BE, 14-Sep-2021,125.45,125.0,126.0,119.2, 123.85,119.65,120.92,12677,15.33,151, -, -
TPLPLASTEH, EQ, 14-Sep-2021,350.8,352.0,357.95,342.5, 342.50,343.55,347.73,14628,50.87,1129, 10678, 73.00
TREEHOUSE, BE, 14-Sep-2021,9.35,9.7,9.8,9.4, 9.75,9.6,9.62,14582,1.4,66, -, -
TREJHARA, EQ, 14-Sep-2021,58.45,59.0,59.45,58.1, 58.20,58.2,58.6,20414,11.96,406, 10968, 53.73
TRENT, EQ, 14-Sep-2021,1006.1,1009.95,1023.75,1000.05, 1001.00,1004.0,1010.69,529047,5347.05,26126, 257205, 48.62
TRF, EQ, 14-Sep-2021,114.95,115.0,117.4,114.1, 114.80,114.8,115.25,24737,28.51,435, 17027, 68.83
TRIDENT, EQ, 14-Sep-2021,25.25,25.75,25.75,24.9, 25.10,25.05,25.25,18338855,4630.47,49094, 9643347, 52.58
TRIGYN, EQ, 14-Sep-2021,114.25,115.0,119.95,114.2, 119.95,119.9,118.94,255624,304.05,2477, 161029, 62.99
TRIL, EQ, 14-Sep-2021,27.8,28.25,28.25,27.6, 27.75,27.75,27.78,86300,23.97,735, 55470, 64.28
TRITURBINE, EQ, 14-Sep-2021,138.1,139.2,141.6,136.0, 139.50,139.5,137.86,208314,287.19,4611, 106269, 51.01
TRIVENI, EQ, 14-Sep-2021,170.45,171.85,177.65,170.4, 177.60,175.6,174.34,528892,922.09,8367, 315965, 59.74
TTKHLTCARE, EQ, 14-Sep-2021,698.05,698.05,740.85,695.0, 705.00,702.75,712.98,58014,413.63,3371, 35786, 61.69
TTKPRESTIG, EQ, 14-Sep-2021,9241.3,9320.0,9325.0,9107.0, 9170.00,9150.05,9226.78,3670,338.62,1501, 1919, 52.29
TTL, EQ, 14-Sep-2021,66.05,66.2,68.0,65.6, 66.85,66.75,67.27,19304,12.99,371, 10819, 56.05
TTML, BE, 14-Sep-2021,35.1,35.0,36.0,34.8, 35.55,35.55,35.45,1024665,363.23,5848, -, -
TV18BRDCST, EQ, 14-Sep-2021,36.1,36.3,40.4,36.3, 39.70,39.8,39.03,26231460,10239.19,47886, 9301532, 35.46
TVSELECT, EQ, 14-Sep-2021,169.55,174.85,178.0,174.65, 178.00,178.0,177.77,118189,210.1,1293, 66385, 56.17
TVSMOTOR, EQ, 14-Sep-2021,545.65,546.5,550.9,544.3, 548.95,549.95,548.52,1274163,6989.03,19932, 613172, 48.12
TVSSRICHAK, EQ, 14-Sep-2021,2114.05,2124.65,2169.1,2105.0, 2160.00,2158.95,2134.93,10639,227.14,1355, 5823, 54.73
TVTODAY, EQ, 14-Sep-2021,300.5,301.0,312.3,300.1, 303.05,304.2,306.58,138150,423.54,5315, 42900, 31.05
TVVISION, BE, 14-Sep-2021,2.5,2.45,2.45,2.4, 2.40,2.4,2.42,1401,0.03,5, -, -
TWL, EQ, 14-Sep-2021,92.1,92.1,94.7,92.1, 93.25,93.15,93.37,512712,478.74,5220, 183728, 35.83
UBL, EQ, 14-Sep-2021,1599.1,1598.0,1622.95,1581.15, 1582.10,1586.6,1605.76,738094,11851.99,29606, 254325, 34.46
UCALFUEL, EQ, 14-Sep-2021,150.4,150.1,153.15,149.2, 151.45,151.2,151.22,26110,39.48,857, 13343, 51.10
UCOBANK, EQ, 14-Sep-2021,13.8,13.85,13.9,13.5, 13.60,13.55,13.68,5862626,801.88,17628, 2409889, 41.11
UFLEX, EQ, 14-Sep-2021,508.45,514.0,546.1,512.3, 540.40,540.45,533.03,1495748,7972.84,35945, 404241, 27.03
UFO, EQ, 14-Sep-2021,91.6,92.25,98.4,92.25, 96.70,96.7,95.75,845511,809.54,10662, 392595, 46.43
UGARSUGAR, EQ, 14-Sep-2021,26.9,26.95,28.2,26.75, 28.20,27.9,27.68,279654,77.42,1111, 171698, 61.40
UGROCAP, EQ, 14-Sep-2021,118.15,117.7,119.75,116.75, 117.00,117.1,117.62,29705,34.94,252, 26148, 88.03
UJAAS, EQ, 14-Sep-2021,2.8,2.75,2.8,2.7, 2.80,2.8,2.75,815737,22.45,741, 575614, 70.56
UJJIVAN, EQ, 14-Sep-2021,165.5,167.0,167.45,159.5, 160.00,160.45,162.41,1914749,3109.77,20044, 875285, 45.71
UJJIVANSFB, EQ, 14-Sep-2021,20.5,20.7,20.75,20.1, 20.25,20.2,20.39,6161845,1256.59,14039, 3024671, 49.09
ULTRACEMCO, EQ, 14-Sep-2021,7944.45,7970.0,7973.05,7850.0, 7855.00,7856.45,7882.77,168408,13275.22,34664, 94577, 56.16
UMANGDAIRY, EQ, 14-Sep-2021,76.15,76.15,77.9,76.15, 77.70,77.3,77.19,19376,14.96,446, 13853, 71.50
UMESLTD, EQ, 14-Sep-2021,4.3,4.5,4.5,4.15, 4.20,4.25,4.26,19666,0.84,329, 14668, 74.59
UNICHEMLAB, EQ, 14-Sep-2021,276.5,275.2,278.0,273.15, 273.95,273.95,275.02,54670,150.36,4654, 25945, 47.46
UNIDT, EQ, 14-Sep-2021,350.15,352.0,352.0,344.1, 344.20,345.95,347.85,8355,29.06,350, 5333, 63.83
UNIENTER, EQ, 14-Sep-2021,139.9,139.9,141.5,137.5, 141.50,140.15,139.02,9274,12.89,491, 6165, 66.48
UNIINFO, SM, 14-Sep-2021,25.25,24.0,26.0,24.0, 26.00,24.8,24.61,8000,1.97,4, 8000, 100.00
UNIONBANK, EQ, 14-Sep-2021,34.65,34.6,35.0,34.3, 34.50,34.45,34.67,6650203,2305.4,10907, 3938446, 59.22
UNITECH, BZ, 14-Sep-2021,1.8,1.75,1.85,1.75, 1.85,1.85,1.79,2944125,52.65,973, -, -
UNITEDPOLY, SM, 14-Sep-2021,15.05,15.8,15.8,15.8, 15.80,15.8,15.8,9000,1.42,1, 9000, 100.00
UNITEDTEA, EQ, 14-Sep-2021,398.7,400.2,403.45,395.55, 402.00,397.5,399.34,1902,7.6,131, 1273, 66.93
UNIVASTU, EQ, 14-Sep-2021,48.75,49.95,49.95,47.25, 48.40,48.05,48.59,8281,4.02,85, 3963, 47.86
UNIVCABLES, EQ, 14-Sep-2021,171.7,174.0,174.75,172.05, 172.60,172.55,172.91,13211,22.84,465, 7214, 54.61
UNIVPHOTO, EQ, 14-Sep-2021,361.05,361.55,379.9,343.5, 371.50,373.75,370.88,10583,39.25,508, 5353, 50.58
UPL, EQ, 14-Sep-2021,756.0,760.9,764.85,751.0, 753.00,752.5,757.25,1932973,14637.46,29455, 1077169, 55.73
URJA, EQ, 14-Sep-2021,6.15,6.25,6.25,6.05, 6.20,6.15,6.17,1879924,116.08,3917, 934531, 49.71
URJAPP, X1, 14-Sep-2021,1.9,1.85,1.95,1.85, 1.95,1.9,1.88,36870,0.69,84, 30347, 82.31
USHAMART, EQ, 14-Sep-2021,70.45,70.5,70.95,67.55, 68.25,68.2,69.21,821226,568.33,5880, 516932, 62.95
UTIAMC, EQ, 14-Sep-2021,1180.05,1185.0,1195.0,1172.0, 1180.00,1176.45,1179.38,251892,2970.78,12124, 174456, 69.26
UTIBANKETF, EQ, 14-Sep-2021,36.47,36.95,36.95,36.47, 36.84,36.64,36.72,4527,1.66,101, 3163, 69.87
UTINEXT50, EQ, 14-Sep-2021,44.73,44.73,45.87,44.7, 44.70,44.86,44.93,7813,3.51,164, 4732, 60.57
UTINIFTETF, EQ, 14-Sep-2021,1826.05,1839.2,1848.12,1818.0, 1828.50,1825.4,1823.14,1686,30.74,73, 1434, 85.05
UTISENSETF, EQ, 14-Sep-2021,611.2,617.99,617.99,609.96, 612.16,611.45,613.15,629,3.86,63, 593, 94.28
UTISXN50, EQ, 14-Sep-2021,48.2,47.3,49.91,47.3, 48.80,48.8,48.73,300,0.15,35, 273, 91.00
UTTAMSTL, BE, 14-Sep-2021,4.3,4.35,4.4,4.25, 4.30,4.25,4.31,278854,12.02,419, -, -
UTTAMSUGAR, BE, 14-Sep-2021,185.9,185.9,194.95,182.6, 194.95,192.1,188.33,32680,61.55,707, -, -
V2RETAIL, EQ, 14-Sep-2021,126.6,125.7,126.95,122.3, 125.90,124.4,124.64,27115,33.8,596, 18277, 67.41
VADILALIND, EQ, 14-Sep-2021,1066.85,1076.3,1079.65,1028.5, 1031.05,1032.45,1050.28,25532,268.16,2126, 16311, 63.88
VAIBHAVGBL, EQ, 14-Sep-2021,777.0,782.6,784.9,755.0, 757.75,758.25,764.3,187569,1433.59,11838, 129963, 69.29
VAISHALI, EQ, 14-Sep-2021,37.7,38.2,38.45,37.5, 37.75,38.0,37.87,44886,17.0,328, 29701, 66.17
VAKRANGEE, EQ, 14-Sep-2021,43.15,43.3,44.2,42.9, 43.05,43.15,43.3,5830756,2524.79,11393, 2365229, 40.56
VALIANTORG, EQ, 14-Sep-2021,1456.3,1475.0,1481.95,1430.1, 1435.55,1441.15,1455.46,81482,1185.94,7800, 44105, 54.13
VARDHACRLC, EQ, 14-Sep-2021,67.05,67.3,68.4,65.75, 66.20,65.9,66.51,145646,96.87,2128, 95577, 65.62
VARDMNPOLY, BE, 14-Sep-2021,24.5,23.55,24.9,23.55, 24.35,24.35,24.31,10899,2.65,90, -, -
VARROC, EQ, 14-Sep-2021,264.55,267.9,267.9,260.0, 262.00,260.9,263.36,535704,1410.84,13741, 318643, 59.48
VASCONEQ, EQ, 14-Sep-2021,26.0,26.0,27.05,25.5, 26.00,25.95,26.19,606933,158.93,1406, 360258, 59.36
VASWANI, EQ, 14-Sep-2021,12.05,11.8,12.15,11.8, 12.00,12.1,12.07,17199,2.08,83, 13241, 76.99
VBL, EQ, 14-Sep-2021,928.7,936.8,941.9,912.45, 934.90,931.45,931.7,392254,3654.64,25652, 234882, 59.88
VCL, SM, 14-Sep-2021,70.5,72.0,72.95,69.0, 72.95,70.5,70.47,27000,19.03,9, 12000, 44.44
VEDL, EQ, 14-Sep-2021,308.55,309.25,309.25,302.55, 303.30,303.2,305.81,8122323,24838.67,58674, 3087937, 38.02
VENKEYS, EQ, 14-Sep-2021,2961.9,2969.0,3029.0,2910.0, 2938.00,2940.9,2972.51,111796,3323.14,12108, 40447, 36.18
VENUSREM, EQ, 14-Sep-2021,480.9,481.0,499.0,480.0, 481.00,482.15,487.11,104651,509.76,6636, 43709, 41.77
VERTOZ, EQ, 14-Sep-2021,97.4,96.9,100.65,96.5, 96.70,96.9,97.67,204858,200.09,3569, 65773, 32.11
VESUVIUS, EQ, 14-Sep-2021,1171.65,1182.45,1183.0,1149.8, 1170.00,1159.85,1163.73,4138,48.16,368, 2810, 67.91
VETO, EQ, 14-Sep-2021,102.75,104.0,105.25,102.9, 103.20,103.3,104.12,58891,61.32,1427, 29789, 50.58
VGUARD, EQ, 14-Sep-2021,260.6,261.7,264.15,256.05, 259.00,259.0,261.03,503751,1314.94,7644, 235526, 46.75
VHL, EQ, 14-Sep-2021,3288.85,3328.4,3341.7,3240.0, 3292.00,3269.2,3274.63,394,12.9,132, 220, 55.84
VICEROY, BZ, 14-Sep-2021,3.15,3.05,3.2,3.05, 3.10,3.1,3.09,12109,0.37,27, -, -
VIDHIING, EQ, 14-Sep-2021,386.35,389.35,401.0,370.1, 377.25,379.2,388.67,335790,1305.12,11242, 104231, 31.04
VIJAYA, EQ, 14-Sep-2021,531.0,540.0,648.0,532.5, 617.00,620.1,587.37,22194857,130367.01,418379, 10969687, 49.42
VIJIFIN, BE, 14-Sep-2021,1.55,1.55,1.6,1.5, 1.60,1.6,1.57,243139,3.81,246, -, -
VIKASECO, EQ, 14-Sep-2021,2.1,2.1,2.2,2.1, 2.20,2.2,2.19,9164644,200.5,1783, 5498120, 59.99
VIKASLIFE, BE, 14-Sep-2021,3.2,3.2,3.3,3.2, 3.30,3.25,3.23,1859009,60.05,3062, -, -
VIKASPROP, EQ, 14-Sep-2021,2.25,2.25,2.25,2.2, 2.20,2.2,2.22,617863,13.7,1701, 490870, 79.45
VIKASWSP, EQ, 14-Sep-2021,4.8,4.85,4.95,4.75, 4.85,4.8,4.83,445738,21.53,539, 318042, 71.35
VIMTALABS, EQ, 14-Sep-2021,287.1,290.0,308.2,288.05, 305.00,305.9,302.0,165962,501.2,5019, 79182, 47.71
VINATIORGA, EQ, 14-Sep-2021,1930.75,1939.4,1950.85,1902.15, 1920.00,1919.35,1924.97,61830,1190.21,6305, 26380, 42.67
VINDHYATEL, EQ, 14-Sep-2021,1177.85,1175.0,1204.2,1170.0, 1179.00,1176.55,1188.67,18599,221.08,2379, 10054, 54.06
VINEETLAB, EQ, 14-Sep-2021,80.95,81.3,83.0,80.0, 80.00,80.3,81.25,19398,15.76,354, 14744, 76.01
VINYLINDIA, EQ, 14-Sep-2021,227.1,229.2,235.0,228.3, 232.00,231.65,231.84,282765,655.58,9677, 83346, 29.48
VIPCLOTHNG, BE, 14-Sep-2021,19.1,19.25,19.5,18.6, 19.00,18.85,19.01,80461,15.3,403, -, -
VIPIND, EQ, 14-Sep-2021,483.0,485.7,488.45,481.05, 484.55,484.15,484.97,253245,1228.16,6198, 110854, 43.77
VIPULLTD, EQ, 14-Sep-2021,33.35,32.05,33.8,32.05, 32.70,32.25,32.74,15711,5.14,166, 11107, 70.70
VISAKAIND, EQ, 14-Sep-2021,698.7,699.0,709.0,693.8, 699.00,697.15,700.38,20580,144.14,1724, 12827, 62.33
VISASTEEL, EQ, 14-Sep-2021,10.15,10.6,10.6,10.0, 10.30,10.3,10.29,37698,3.88,167, 23123, 61.34
VISHAL, EQ, 14-Sep-2021,116.2,116.05,116.6,110.4, 112.60,112.3,112.61,461005,519.13,4112, 305875, 66.35
VISHNU, EQ, 14-Sep-2021,695.9,728.0,730.65,700.0, 730.65,730.65,726.82,91052,661.78,1801, 53889, 59.18
VISHWARAJ, EQ, 14-Sep-2021,149.0,149.0,150.1,143.55, 147.05,148.75,148.26,340318,504.57,2181, 195028, 57.31
VIVIDHA, EQ, 14-Sep-2021,0.75,0.8,0.8,0.75, 0.80,0.75,0.77,2536312,19.6,1117, 993168, 39.16
VIVIMEDLAB, EQ, 14-Sep-2021,21.45,21.5,22.3,21.5, 21.90,21.85,21.84,192019,41.95,918, 128203, 66.77
VLSFINANCE, EQ, 14-Sep-2021,199.85,204.85,206.6,200.05, 203.00,201.1,202.28,36935,74.71,926, 22090, 59.81
VMARCIND, SM, 14-Sep-2021,34.0,33.95,33.95,33.95, 33.95,33.95,33.95,3000,1.02,1, 3000, 100.00
VMART, EQ, 14-Sep-2021,3473.95,3473.0,3499.0,3430.0, 3459.50,3451.6,3453.06,23167,799.97,4915, 15376, 66.37
VOLTAMP, EQ, 14-Sep-2021,1395.65,1402.65,1412.85,1386.75, 1401.00,1401.25,1397.3,12914,180.45,1362, 9195, 71.20
VOLTAS, EQ, 14-Sep-2021,1213.05,1218.65,1234.0,1213.25, 1227.00,1227.75,1224.11,2076578,25419.62,59402, 808266, 38.92
VRLLOG, EQ, 14-Sep-2021,344.1,333.85,348.0,333.85, 344.00,344.2,344.11,199959,688.09,6625, 38786, 19.40
VSSL, EQ, 14-Sep-2021,265.15,266.0,270.35,263.0, 264.20,264.45,266.5,124223,331.06,3379, 55806, 44.92
VSTIND, EQ, 14-Sep-2021,3424.5,3404.5,3475.6,3404.5, 3431.00,3431.5,3439.5,5761,198.15,1455, 3498, 60.72
VSTTILLERS, EQ, 14-Sep-2021,2726.5,2732.0,2773.75,2635.2, 2690.00,2676.1,2687.02,18980,510.0,4108, 8159, 42.99
VTL, EQ, 14-Sep-2021,1922.3,1934.9,1950.0,1894.1, 1915.50,1914.2,1918.12,46611,894.06,4821, 22561, 48.40
WABAG, EQ, 14-Sep-2021,339.15,341.05,354.95,338.2, 352.00,352.55,349.01,610362,2130.22,18823, 308936, 50.62
WABCOINDIA, EQ, 14-Sep-2021,7308.6,7390.0,7399.9,7250.0, 7270.00,7291.2,7316.81,15775,1154.23,1526, 8037, 50.95
WALCHANNAG, EQ, 14-Sep-2021,61.2,61.55,62.85,59.95, 60.00,60.5,61.3,514727,315.55,5157, 355620, 69.09
WALPAR, SM, 14-Sep-2021,38.55,36.65,36.65,36.65, 36.65,36.65,36.65,8000,2.93,4, 6000, 75.00
WANBURY, BE, 14-Sep-2021,82.0,82.0,84.0,80.25, 82.80,82.5,82.32,22359,18.41,87, -, -
WATERBASE, EQ, 14-Sep-2021,116.1,116.9,119.7,116.0, 117.50,117.45,118.03,164928,194.66,3534, 61359, 37.20
WEALTH, BE, 14-Sep-2021,265.0,265.0,265.0,252.0, 253.00,253.0,253.62,145,0.37,9, -, -
WEBELSOLAR, EQ, 14-Sep-2021,68.35,69.3,69.8,67.75, 69.30,69.25,68.85,224148,154.32,2125, 114894, 51.26
WEIZMANIND, EQ, 14-Sep-2021,49.15,50.0,50.75,47.55, 50.00,49.25,49.14,10913,5.36,436, 3721, 34.10
WELCORP, EQ, 14-Sep-2021,122.1,123.45,127.0,121.8, 124.40,123.95,124.54,1319380,1643.15,14885, 587980, 44.56
WELENT, EQ, 14-Sep-2021,96.0,97.4,99.0,96.1, 96.85,96.7,97.26,150776,146.65,3291, 99146, 65.76
WELINV, EQ, 14-Sep-2021,329.45,329.3,339.0,329.3, 331.25,332.1,335.14,896,3.0,74, 576, 64.29
WELSPUNIND, EQ, 14-Sep-2021,133.65,134.0,136.8,133.2, 133.80,133.6,134.78,2807815,3784.26,21640, 1094124, 38.97
WENDT, EQ, 14-Sep-2021,4658.75,4748.0,4899.9,4720.4, 4769.00,4758.45,4805.55,5459,262.33,1401, 2820, 51.66
WESTLIFE, EQ, 14-Sep-2021,529.85,533.0,538.5,528.05, 536.00,536.35,534.17,41284,220.53,4517, 19062, 46.17
WFL, SM, 14-Sep-2021,121.0,127.05,127.05,127.05, 127.05,127.05,127.05,4800,6.1,3, 4800, 100.00
WHEELS, EQ, 14-Sep-2021,808.0,815.4,816.0,796.15, 808.30,808.05,807.89,14340,115.85,976, 9308, 64.91
WHIRLPOOL, EQ, 14-Sep-2021,2293.95,2313.85,2318.0,2265.5, 2300.00,2275.85,2288.53,59436,1360.21,6970, 30921, 52.02
WILLAMAGOR, EQ, 14-Sep-2021,20.6,20.8,21.0,20.2, 20.25,20.25,20.58,8908,1.83,63, 7685, 86.27
WINDLAS, EQ, 14-Sep-2021,369.35,372.0,379.0,370.5, 377.50,377.0,375.75,283508,1065.28,11377, 109346, 38.57
WINDMACHIN, EQ, 14-Sep-2021,29.8,30.2,31.25,28.8, 29.60,29.45,29.9,304975,91.19,1263, 187284, 61.41
WIPL, BE, 14-Sep-2021,61.0,64.0,64.0,60.1, 61.00,61.0,61.02,24471,14.93,61, -, -
WIPRO, EQ, 14-Sep-2021,670.75,671.0,675.7,670.0, 673.20,673.45,673.41,3661338,24655.86,78079, 1503357, 41.06
WOCKPHARMA, EQ, 14-Sep-2021,414.65,417.65,421.7,415.6, 417.45,417.4,418.64,373503,1563.62,9941, 167402, 44.82
WONDERLA, EQ, 14-Sep-2021,231.05,231.0,234.7,231.0, 232.35,232.1,232.98,74192,172.85,4630, 34434, 46.41
WORTH, EQ, 14-Sep-2021,89.45,89.05,90.5,88.4, 88.50,88.65,89.04,37676,33.55,594, 30375, 80.62
WSI, BE, 14-Sep-2021,8.15,8.15,8.55,8.0, 8.00,8.0,8.48,8380,0.71,11, -, -
WSTCSTPAPR, EQ, 14-Sep-2021,231.7,233.45,234.0,231.5, 231.90,232.5,232.86,168313,391.93,2033, 114215, 67.86
XCHANGING, EQ, 14-Sep-2021,112.0,113.5,121.4,113.5, 118.60,118.25,118.5,1749180,2072.8,15972, 962642, 55.03
XELPMOC, BE, 14-Sep-2021,394.05,408.55,413.75,395.0, 407.00,406.3,407.02,26123,106.33,726, -, -
XPROINDIA, EQ, 14-Sep-2021,401.5,410.95,410.95,386.0, 394.85,392.05,396.33,22264,88.24,1202, 13104, 58.86
YAARII, EQ, 14-Sep-2021,107.8,108.45,113.15,107.0, 110.00,109.75,110.87,518814,575.23,3224, 269144, 51.88
YESBANK, EQ, 14-Sep-2021,11.1,11.1,12.85,11.05, 12.60,12.45,12.23,777602458,95063.21,286409, 268715438, 34.56
YUKEN, EQ, 14-Sep-2021,605.95,590.0,619.0,589.0, 608.50,607.4,607.11,7313,44.4,891, 1802, 24.64
ZEEL, EQ, 14-Sep-2021,186.85,205.5,270.9,205.5, 261.70,261.55,238.29,218600225,520912.29,893152, 63632612, 29.11
ZEEL, P2, 14-Sep-2021,2.0,2.0,2.05,2.0, 2.05,2.05,2.04,150548,3.08,331, 129965, 86.33
ZEELEARN, EQ, 14-Sep-2021,12.95,13.35,15.5,13.35, 15.50,15.5,15.03,17076409,2567.24,17465, 5483841, 32.11
ZEEMEDIA, EQ, 14-Sep-2021,9.95,10.2,10.4,10.2, 10.40,10.4,10.38,789160,81.89,684, 740257, 93.80
ZENITHEXPO, EQ, 14-Sep-2021,84.85,85.5,85.5,83.1, 83.50,83.5,84.11,1290,1.09,63, 696, 53.95
ZENSARTECH, EQ, 14-Sep-2021,488.35,492.5,499.95,481.05, 489.00,487.15,488.07,1152266,5623.81,27659, 335478, 29.11
ZENTEC, EQ, 14-Sep-2021,215.35,226.1,226.1,226.1, 226.10,226.1,226.1,1542820,3488.32,14135, 1129005, 73.18
ZODIAC, SM, 14-Sep-2021,29.2,30.6,30.6,29.15, 29.95,29.95,29.68,24000,7.12,6, 12000, 50.00
ZODIACLOTH, EQ, 14-Sep-2021,113.0,113.0,115.75,112.45, 114.05,114.2,114.14,31077,35.47,879, 15174, 48.83
ZODJRDMKJ, EQ, 14-Sep-2021,32.2,33.75,33.75,32.5, 32.50,32.5,32.82,1138,0.37,67, 552, 48.51
ZOMATO, EQ, 14-Sep-2021,143.15,145.15,152.75,136.2, 143.00,144.1,145.31,112358935,163273.85,460120, 20799720, 18.51
ZOTA, EQ, 14-Sep-2021,368.05,369.2,372.0,360.05, 360.95,361.0,365.21,49756,181.71,661, 40077, 80.55
ZUARI, BE, 14-Sep-2021,115.5,115.5,118.2,115.1, 118.00,117.8,117.03,21287,24.91,286, -, -
ZUARIGLOB, BE, 14-Sep-2021,129.6,129.0,131.95,127.5, 130.00,129.7,130.16,14795,19.26,203, -, -
ZYDUSWELL, EQ, 14-Sep-2021,2402.35,2410.0,2429.0,2381.0, 2385.00,2396.35,2399.71,35469,851.15,5224, 20622, 58.14
