SYMBOL, SERIES, DATE1, PREV_CLOSE, OPEN_PRICE, HIGH_PRICE, LOW_PRICE, LAST_PRICE, CLOSE_PRICE, AVG_PRICE, TTL_TRD_QNTY, TURNOVER_LACS, NO_OF_TRADES, DELIV_QTY, DELIV_PER
20MICRONS, EQ, 12-Aug-2021,58.55,58.6,61.8,58.55, 61.75,61.15,60.34,67303,40.61,1205, 37686, 55.99
21STCENMGM, EQ, 12-Aug-2021,26.25,26.75,26.75,26.75, 26.75,26.75,26.75,2176,0.58,10, 2176, 100.00
3IINFOTECH, BE, 12-Aug-2021,8.55,8.7,8.7,8.15, 8.40,8.35,8.33,5550909,462.47,7495, -, -
3MINDIA, EQ, 12-Aug-2021,23692.6,23810.0,24966.15,23704.85, 24700.00,24596.85,24420.41,11674,2850.84,4573, 2805, 24.03
3PLAND, BE, 12-Aug-2021,14.4,14.75,14.95,14.0, 14.40,14.4,14.46,4654,0.67,43, -, -
5PAISA, EQ, 12-Aug-2021,478.4,485.0,497.0,480.05, 489.00,490.65,486.91,31793,154.8,1211, 14364, 45.18
618GS2024, GS, 12-Aug-2021,100.0,95.05,95.05,95.05, 95.05,95.05,95.05,2,0.0,1, 2, 100.00
63MOONS, EQ, 12-Aug-2021,96.45,98.9,100.9,97.05, 99.15,99.3,99.29,58727,58.31,1326, 29855, 50.84
667GS2050, GS, 12-Aug-2021,97.01,97.0,97.0,97.0, 97.00,97.0,97.0,300,0.29,2, 300, 100.00
676GS2061, GS, 12-Aug-2021,98.15,98.15,98.15,98.15, 98.15,98.15,98.15,200,0.2,5, 200, 100.00
732GS2024, GS, 12-Aug-2021,96.5,96.0,96.0,96.0, 96.00,96.0,96.0,199,0.19,2, 199, 100.00
A2ZINFRA, EQ, 12-Aug-2021,4.4,4.45,4.6,4.35, 4.60,4.6,4.51,372363,16.79,444, 244552, 65.68
AAATECH, SM, 12-Aug-2021,44.1,44.05,45.0,44.0, 45.00,45.0,44.51,12000,5.34,4, 6000, 50.00
AAKASH, EQ, 12-Aug-2021,266.1,276.0,276.0,262.0, 267.00,268.75,268.52,75399,202.46,1355, 33416, 44.32
AAREYDRUGS, EQ, 12-Aug-2021,39.55,40.4,42.0,39.45, 40.45,40.95,40.66,61802,25.13,905, 40226, 65.09
AARON, EQ, 12-Aug-2021,109.95,113.0,113.0,105.3, 109.50,109.45,109.34,8238,9.01,258, 6345, 77.02
AARTIDRUGS, EQ, 12-Aug-2021,644.25,648.15,662.0,645.2, 658.90,657.25,657.01,145423,955.45,8807, 47469, 32.64
AARTIIND, EQ, 12-Aug-2021,919.5,923.0,936.75,920.35, 926.00,926.6,928.79,568088,5276.36,19181, 187359, 32.98
AARTISURF, EQ, 12-Aug-2021,1465.65,1480.0,1549.75,1470.1, 1520.00,1521.2,1519.86,77827,1182.86,7689, 28782, 36.98
AARVEEDEN, EQ, 12-Aug-2021,22.1,22.9,23.2,21.15, 23.20,23.2,22.85,11945,2.73,120, 9689, 81.11
AARVI, EQ, 12-Aug-2021,63.35,64.9,67.0,63.55, 67.00,66.8,65.69,42823,28.13,413, 25366, 59.23
AAVAS, EQ, 12-Aug-2021,2582.15,2571.05,2655.0,2560.0, 2601.10,2616.95,2614.93,55090,1440.57,7052, 22810, 41.40
ABAN, EQ, 12-Aug-2021,42.95,43.8,44.9,42.75, 43.85,43.75,43.86,78541,34.45,1267, 37945, 48.31
ABB, EQ, 12-Aug-2021,1674.55,1677.0,1724.4,1666.0, 1714.50,1718.35,1705.12,78404,1336.89,8360, 44583, 56.86
ABBOTINDIA, EQ, 12-Aug-2021,18290.8,18350.4,18656.9,18201.1, 18431.00,18596.8,18482.67,15607,2884.59,3673, 9191, 58.89
ABCAPITAL, EQ, 12-Aug-2021,115.0,115.75,117.45,114.8, 116.70,116.5,115.92,1998445,2316.62,15007, 559393, 27.99
ABFRL, EQ, 12-Aug-2021,207.9,209.0,212.75,208.0, 209.70,209.7,210.93,2292417,4835.37,27826, 861493, 37.58
ABSLBANETF, EQ, 12-Aug-2021,355.8,356.55,357.85,356.0, 357.85,357.75,356.2,100166,356.79,60, 100013, 99.85
ABSLNN50ET, EQ, 12-Aug-2021,397.6,399.0,400.7,397.55, 400.00,400.0,397.97,117,0.47,7, 99, 84.62
ABSLRIF6RG, MF, 12-Aug-2021,10.25,10.2,10.23,10.19, 10.23,10.23,10.21,18659,1.91,8, 18659, 100.00
ACC, EQ, 12-Aug-2021,2276.05,2278.35,2329.95,2255.0, 2291.00,2292.0,2304.02,593594,13676.51,27775, 195044, 32.86
ACCELYA, EQ, 12-Aug-2021,1336.25,1350.0,1372.9,1332.9, 1345.00,1344.25,1351.71,58360,788.86,5092, 15575, 26.69
ACCURACY, EQ, 12-Aug-2021,107.05,112.7,116.0,105.35, 109.00,109.4,112.54,108648,122.27,3227, 54109, 49.80
ACE, EQ, 12-Aug-2021,215.0,215.7,234.55,215.55, 230.60,229.35,227.21,933115,2120.1,19646, 285288, 30.57
ACRYSIL, EQ, 12-Aug-2021,596.25,608.0,641.0,602.95, 640.00,638.95,626.23,145750,912.74,5379, 71738, 49.22
ADANIENT, EQ, 12-Aug-2021,1437.05,1443.6,1458.0,1430.25, 1441.95,1442.9,1444.61,2455443,35471.65,41283, 651296, 26.52
ADANIGREEN, BE, 12-Aug-2021,901.5,890.0,920.0,885.0, 909.00,913.7,912.35,2615374,23861.32,32875, -, -
ADANIPORTS, EQ, 12-Aug-2021,699.15,701.0,710.4,700.0, 703.95,704.05,705.36,5068665,35752.33,80831, 1015218, 20.03
ADANIPOWER, BE, 12-Aug-2021,83.4,81.9,86.8,81.1, 85.20,85.0,84.42,3362033,2838.24,30476, -, -
ADANITRANS, BE, 12-Aug-2021,946.7,950.0,959.0,918.0, 957.15,955.05,951.4,58601,557.53,6140, -, -
ADFFOODS, EQ, 12-Aug-2021,766.2,779.0,822.0,771.95, 822.00,812.75,797.52,33038,263.48,2425, 18222, 55.15
ADL, BE, 12-Aug-2021,38.05,36.2,38.0,36.2, 38.00,37.8,36.97,1197,0.44,15, -, -
ADORWELD, EQ, 12-Aug-2021,671.15,680.0,713.8,679.45, 698.00,693.5,697.94,17630,123.05,2407, 10511, 59.62
ADROITINFO, EQ, 12-Aug-2021,8.95,9.35,9.35,9.35, 9.35,9.35,9.35,1165,0.11,4, 1165, 100.00
ADSL, EQ, 12-Aug-2021,58.7,59.95,63.0,58.65, 62.00,61.75,61.28,200265,122.72,2433, 120990, 60.41
ADVANIHOTR, EQ, 12-Aug-2021,69.35,70.4,74.7,70.15, 74.60,73.8,73.09,101271,74.02,2911, 49210, 48.59
ADVENZYMES, EQ, 12-Aug-2021,382.25,386.0,397.95,385.1, 390.00,390.0,392.01,252179,988.56,9694, 79203, 31.41
AEGISCHEM, EQ, 12-Aug-2021,262.5,263.5,288.0,263.35, 284.60,283.3,273.4,953589,2607.15,22237, 306623, 32.15
AFFLE, BE, 12-Aug-2021,4102.15,4100.0,4200.0,4060.8, 4193.00,4141.0,4101.06,239926,9839.52,5892, -, -
AGARIND, EQ, 12-Aug-2021,306.35,315.0,321.65,312.0, 321.65,321.65,320.54,16541,53.02,256, 14800, 89.47
AGCNET, BE, 12-Aug-2021,1130.6,1090.1,1149.85,1074.1, 1139.95,1131.0,1133.52,1134,12.85,64, -, -
AGRITECH, EQ, 12-Aug-2021,44.75,45.75,46.9,44.25, 45.55,46.65,45.61,16169,7.37,277, 6896, 42.65
AGROPHOS, EQ, 12-Aug-2021,16.6,16.7,18.0,16.2, 17.90,17.9,17.64,455105,80.26,1115, 308701, 67.83
AHLADA, EQ, 12-Aug-2021,174.95,166.25,183.45,166.25, 181.00,180.5,175.57,260540,457.42,4454, 157962, 60.63
AHLEAST, EQ, 12-Aug-2021,178.5,184.0,184.0,176.25, 176.30,178.4,179.02,2068,3.7,152, 1004, 48.55
AHLUCONT, EQ, 12-Aug-2021,363.8,363.8,381.1,363.8, 369.40,370.4,372.29,126662,471.55,2998, 100207, 79.11
AHLWEST, EQ, 12-Aug-2021,286.05,289.95,292.0,284.0, 289.90,288.65,287.55,2458,7.07,80, 1745, 70.99
AIAENG, EQ, 12-Aug-2021,1949.0,1951.0,2000.0,1945.0, 1950.00,1949.1,1957.83,54800,1072.89,6740, 39132, 71.41
AILIMITED, SM, 12-Aug-2021,26.45,25.15,25.15,25.15, 25.15,25.15,25.15,3000,0.75,1, 3000, 100.00
AIRAN, BE, 12-Aug-2021,23.1,22.4,23.8,22.1, 23.25,23.3,23.05,37810,8.72,342, -, -
AIROLAM, SM, 12-Aug-2021,53.8,54.1,56.0,52.0, 52.90,52.9,53.38,27000,14.41,8, 18000, 66.67
AISL, SM, 12-Aug-2021,44.75,44.95,49.8,44.95, 49.40,49.4,46.72,24000,11.21,14, 2400, 10.00
AJANTPHARM, EQ, 12-Aug-2021,2251.5,2262.8,2281.7,2216.25, 2239.40,2253.25,2233.98,140918,3148.07,8469, 108674, 77.12
AJMERA, BE, 12-Aug-2021,312.1,315.0,327.7,305.0, 327.70,327.7,325.43,38647,125.77,424, -, -
AJOONI, EQ, 12-Aug-2021,59.2,59.3,59.95,56.4, 56.70,57.0,58.09,11469,6.66,272, 8549, 74.54
AKASH, EQ, 12-Aug-2021,180.4,183.3,185.95,175.55, 175.55,179.55,179.7,42223,75.88,697, 34556, 81.84
AKG, EQ, 12-Aug-2021,23.3,23.8,25.4,23.8, 24.25,24.25,24.37,10281,2.51,73, 8257, 80.31
AKSHARCHEM, EQ, 12-Aug-2021,436.25,437.5,464.7,437.5, 452.00,447.5,451.42,66048,298.15,5175, 32308, 48.92
AKSHOPTFBR, BE, 12-Aug-2021,9.4,9.3,9.85,8.95, 9.85,9.85,9.45,454744,42.99,878, -, -
AKZOINDIA, EQ, 12-Aug-2021,2131.6,2133.0,2177.8,2132.95, 2137.20,2146.45,2157.89,7600,164.0,1821, 3934, 51.76
ALANKIT, EQ, 12-Aug-2021,13.8,13.8,15.75,13.7, 15.50,15.4,15.18,1477567,224.23,4303, 697288, 47.19
ALBERTDAVD, EQ, 12-Aug-2021,582.55,582.0,655.0,582.0, 650.00,637.1,625.59,382851,2395.1,18713, 136623, 35.69
ALEMBICLTD, EQ, 12-Aug-2021,108.3,108.8,113.7,108.5, 112.95,113.0,111.34,391818,436.27,8891, 137818, 35.17
ALICON, EQ, 12-Aug-2021,819.35,825.0,910.0,821.75, 910.00,897.95,871.62,59809,521.31,4212, 35362, 59.12
ALKALI, EQ, 12-Aug-2021,73.55,74.1,80.4,73.55, 78.50,77.9,77.46,50770,39.33,1617, 25162, 49.56
ALKEM, EQ, 12-Aug-2021,3684.25,3683.0,3687.95,3628.2, 3651.55,3645.6,3651.58,148555,5424.6,15736, 40471, 27.24
ALKYLAMINE, EQ, 12-Aug-2021,4201.45,4227.8,4274.0,4180.0, 4236.00,4235.0,4240.04,44644,1892.93,7667, 20063, 44.94
ALLCARGO, EQ, 12-Aug-2021,200.85,200.0,208.7,195.75, 203.30,204.7,203.37,2335469,4749.6,22415, 550705, 23.58
ALLSEC, EQ, 12-Aug-2021,421.3,422.1,434.8,417.05, 426.00,428.9,428.19,9670,41.41,640, 6258, 64.72
ALMONDZ, EQ, 12-Aug-2021,67.5,70.7,70.85,68.05, 70.85,70.85,70.42,54375,38.29,331, 47211, 86.82
ALOKINDS, EQ, 12-Aug-2021,21.9,22.1,22.6,21.9, 22.45,22.35,22.34,3973827,887.93,8181, 1758045, 44.24
ALPA, EQ, 12-Aug-2021,51.1,50.2,56.2,50.2, 54.80,55.15,54.04,88085,47.6,770, 59529, 67.58
ALPHAGEO, EQ, 12-Aug-2021,317.2,319.05,339.0,318.65, 336.00,335.85,329.84,48873,161.2,3387, 26590, 54.41
ALPSINDUS, BE, 12-Aug-2021,2.7,2.8,2.8,2.6, 2.60,2.6,2.63,10001,0.26,33, -, -
AMARAJABAT, EQ, 12-Aug-2021,719.3,724.0,733.0,720.7, 730.00,729.5,727.93,637971,4643.97,16908, 228313, 35.79
AMBANIORG, SM, 12-Aug-2021,73.9,70.25,70.25,70.25, 70.25,70.25,70.25,2000,1.41,1, 2000, 100.00
AMBER, EQ, 12-Aug-2021,2835.75,2859.7,2942.5,2858.45, 2919.00,2923.9,2913.06,47887,1394.98,8913, 17066, 35.64
AMBICAAGAR, EQ, 12-Aug-2021,18.45,18.0,19.0,18.0, 19.00,18.65,18.52,10823,2.0,118, 4231, 39.09
AMBIKCO, EQ, 12-Aug-2021,1557.15,1600.0,1625.0,1540.0, 1570.00,1577.5,1581.4,94161,1489.06,9966, 30991, 32.91
AMBUJACEM, EQ, 12-Aug-2021,398.25,400.3,408.0,395.45, 400.40,399.8,401.1,4066743,16311.54,55739, 1227817, 30.19
AMDIND, EQ, 12-Aug-2021,25.7,26.85,26.85,25.4, 26.65,26.4,26.37,15907,4.19,204, 10247, 64.42
AMJLAND, EQ, 12-Aug-2021,33.1,33.1,35.25,33.1, 33.25,33.75,34.19,79547,27.2,726, 45719, 57.47
AMRUTANJAN, EQ, 12-Aug-2021,675.5,679.0,699.0,668.5, 684.50,681.35,680.04,78238,532.05,3832, 42454, 54.26
ANANTRAJ, BE, 12-Aug-2021,64.05,64.0,64.9,61.8, 63.15,63.4,62.4,296203,184.83,847, -, -
ANDHRACEMT, BE, 12-Aug-2021,32.85,31.5,33.25,31.25, 31.25,31.3,31.85,373713,119.02,1860, -, -
ANDHRAPAP, EQ, 12-Aug-2021,236.15,239.0,243.9,237.0, 238.60,238.95,240.46,35219,84.69,1893, 20374, 57.85
ANDHRSUGAR, EQ, 12-Aug-2021,552.2,562.0,571.9,551.95, 561.50,562.45,565.18,121191,684.95,4458, 52957, 43.70
ANDREWYU, EQ, 12-Aug-2021,25.85,26.4,27.45,26.0, 27.30,27.1,27.08,154833,41.94,1112, 96549, 62.36
ANGELBRKG, EQ, 12-Aug-2021,1190.45,1202.25,1249.95,1196.9, 1236.00,1239.9,1235.32,295097,3645.4,16936, 137399, 46.56
ANIKINDS, EQ, 12-Aug-2021,19.5,19.6,20.45,18.8, 20.45,20.45,19.78,51346,10.16,224, 28546, 55.60
ANKITMETAL, BE, 12-Aug-2021,1.85,1.85,1.9,1.85, 1.90,1.85,1.87,33362,0.62,39, -, -
ANMOL, EQ, 12-Aug-2021,200.55,205.0,209.7,195.0, 203.40,199.75,201.29,25723,51.78,2268, 12451, 48.40
ANSALAPI, EQ, 12-Aug-2021,9.0,9.3,9.85,9.0, 9.20,9.2,9.33,306508,28.59,638, 162132, 52.90
ANSALHSG, EQ, 12-Aug-2021,7.2,7.35,7.55,7.2, 7.55,7.55,7.47,41073,3.07,95, 26952, 65.62
ANUP, EQ, 12-Aug-2021,962.45,982.95,1040.0,965.0, 1025.00,1027.8,1012.04,65885,666.78,7047, 29190, 44.30
ANURAS, EQ, 12-Aug-2021,715.95,715.0,748.05,715.0, 735.55,736.3,734.28,197250,1448.36,9177, 110685, 56.11
APARINDS, EQ, 12-Aug-2021,600.0,623.0,649.9,615.05, 627.00,629.05,634.65,325295,2064.48,16351, 117969, 36.27
APCL, EQ, 12-Aug-2021,463.2,475.0,493.0,470.3, 493.00,486.65,484.6,54162,262.47,3355, 24270, 44.81
APCOTEXIND, EQ, 12-Aug-2021,336.8,345.0,347.0,338.1, 342.00,341.6,342.81,38039,130.4,1728, 23962, 62.99
APEX, EQ, 12-Aug-2021,325.8,325.0,337.15,322.0, 330.00,328.65,330.6,247064,816.8,7021, 99702, 40.35
APLAPOLLO, EQ, 12-Aug-2021,1660.25,1674.75,1693.7,1655.75, 1666.05,1673.7,1674.12,124914,2091.21,14898, 81922, 65.58
APLLTD, EQ, 12-Aug-2021,762.2,760.0,766.05,753.55, 760.00,757.7,758.29,275285,2087.46,10644, 131739, 47.86
APOLLO, EQ, 12-Aug-2021,114.0,116.4,117.95,115.75, 116.50,116.7,116.97,127452,149.08,7866, 46207, 36.25
APOLLOHOSP, EQ, 12-Aug-2021,4026.35,4027.0,4142.95,3975.35, 4136.10,4133.1,4074.43,556973,22693.45,41549, 160980, 28.90
APOLLOPIPE, EQ, 12-Aug-2021,1321.65,1327.7,1345.0,1302.4, 1322.00,1315.75,1327.47,32838,435.91,2801, 19495, 59.37
APOLLOTYRE, EQ, 12-Aug-2021,213.5,215.4,225.0,213.05, 224.20,224.5,221.73,8200307,18182.8,49347, 2082965, 25.40
APOLSINHOT, EQ, 12-Aug-2021,934.85,972.6,1008.7,786.65, 885.00,910.85,906.5,90581,821.11,12102, 17267, 19.06
APTECHT, EQ, 12-Aug-2021,253.4,246.15,266.0,246.15, 263.05,263.8,259.03,450289,1166.4,9741, 148078, 32.89
ARCHIDPLY, BE, 12-Aug-2021,34.2,33.55,34.4,32.95, 33.90,33.1,33.29,24678,8.22,148, -, -
ARCHIES, BE, 12-Aug-2021,19.0,18.4,19.9,18.4, 19.90,19.7,19.41,64954,12.61,377, -, -
ARENTERP, EQ, 12-Aug-2021,18.75,19.65,19.65,19.65, 19.65,19.65,19.65,2023,0.4,18, 2023, 100.00
ARIES, EQ, 12-Aug-2021,152.45,155.0,174.4,153.05, 165.20,165.25,167.3,284761,476.41,6690, 103654, 36.40
ARIHANT, EQ, 12-Aug-2021,27.85,27.95,29.8,27.15, 29.80,29.4,28.31,18556,5.25,251, 7330, 39.50
ARIHANTCAP, EQ, 12-Aug-2021,130.35,132.0,156.4,131.4, 156.40,155.9,152.45,535158,815.85,9696, 192166, 35.91
ARIHANTSUP, EQ, 12-Aug-2021,126.0,128.95,129.0,119.0, 119.65,122.65,123.27,187576,231.23,2108, 122840, 65.49
ARMANFIN, EQ, 12-Aug-2021,643.15,651.0,727.45,650.8, 670.00,677.0,687.56,28601,196.65,3353, 12826, 44.84
AROGRANITE, EQ, 12-Aug-2021,68.05,68.8,72.4,68.7, 69.85,70.15,70.46,73623,51.87,1880, 30891, 41.96
ARROWGREEN, EQ, 12-Aug-2021,142.9,154.7,157.15,139.2, 156.30,154.05,155.46,25518,39.67,815, 12600, 49.38
ARSHIYA, EQ, 12-Aug-2021,26.65,26.05,27.7,26.05, 26.70,26.75,27.07,21840,5.91,297, 12881, 58.98
ARSSINFRA, EQ, 12-Aug-2021,28.55,28.3,29.95,28.0, 29.60,29.55,29.19,19081,5.57,474, 10303, 54.00
ARTEMISMED, EQ, 12-Aug-2021,318.65,320.0,334.45,320.0, 334.30,333.15,330.68,6215,20.55,252, 4580, 73.69
ARVEE, BE, 12-Aug-2021,100.15,100.15,100.15,97.0, 97.50,97.5,97.88,594,0.58,18, -, -
ARVIND, EQ, 12-Aug-2021,96.3,98.1,101.5,98.0, 100.00,100.05,99.28,1276045,1266.82,12352, 479008, 37.54
ARVINDFASN, EQ, 12-Aug-2021,203.95,207.45,207.8,195.0, 199.90,200.8,204.23,543246,1109.49,8927, 237621, 43.74
ARVSMART, EQ, 12-Aug-2021,122.65,125.85,125.85,122.25, 124.35,124.1,123.96,56051,69.48,1561, 27163, 48.46
ASAHIINDIA, EQ, 12-Aug-2021,356.4,359.0,362.4,356.4, 361.50,359.25,359.81,36716,132.11,1868, 16613, 45.25
ASAHISONG, EQ, 12-Aug-2021,339.9,348.0,372.4,341.9, 372.00,369.2,362.79,70860,257.07,4477, 31420, 44.34
ASAL, BE, 12-Aug-2021,58.85,58.85,60.8,58.8, 59.50,59.4,59.43,6183,3.67,76, -, -
ASALCBR, EQ, 12-Aug-2021,456.2,462.0,473.85,459.55, 465.00,465.55,466.88,69365,323.85,3263, 28211, 40.67
ASHAPURMIN, BE, 12-Aug-2021,139.05,141.0,146.0,141.0, 145.80,145.0,145.18,116889,169.7,622, -, -
ASHIANA, EQ, 12-Aug-2021,159.95,157.0,163.35,153.65, 161.65,160.9,159.95,112407,179.79,4066, 48651, 43.28
ASHIMASYN, EQ, 12-Aug-2021,18.35,18.35,19.4,16.8, 18.60,18.75,18.66,59313,11.07,307, 29504, 49.74
ASHOKA, EQ, 12-Aug-2021,97.5,98.3,101.5,98.2, 101.50,100.7,100.01,796560,796.67,7248, 280596, 35.23
ASHOKLEY, EQ, 12-Aug-2021,133.5,134.4,134.8,132.15, 133.05,133.6,133.46,10595949,14141.08,49320, 3047458, 28.76
ASIANHOTNR, EQ, 12-Aug-2021,80.15,80.8,83.75,80.8, 83.45,83.1,82.46,3735,3.08,150, 2151, 57.59
ASIANPAINT, EQ, 12-Aug-2021,2972.6,2974.0,2985.25,2958.0, 2979.00,2975.5,2972.28,438552,13035.0,39076, 216514, 49.37
ASIANTILES, EQ, 12-Aug-2021,166.1,170.0,173.5,169.0, 171.80,171.7,171.36,199992,342.7,3828, 95707, 47.86
ASPINWALL, EQ, 12-Aug-2021,186.4,189.95,204.8,189.75, 203.00,202.8,200.84,18370,36.9,1347, 9920, 54.00
ASTEC, EQ, 12-Aug-2021,1281.65,1284.1,1353.6,1270.0, 1337.80,1347.55,1316.49,19108,251.56,2638, 8291, 43.39
ASTERDM, EQ, 12-Aug-2021,156.85,158.0,166.9,150.8, 166.00,164.3,158.5,1654989,2623.08,20667, 584714, 35.33
ASTRAL, EQ, 12-Aug-2021,1966.25,1995.0,2015.0,1951.1, 1991.50,1990.95,1989.22,543011,10801.68,45978, 291427, 53.67
ASTRAMICRO, EQ, 12-Aug-2021,156.25,154.0,161.75,154.0, 158.90,158.2,159.06,391730,623.08,5572, 162668, 41.53
ASTRAZEN, EQ, 12-Aug-2021,3178.95,3178.0,3219.0,3170.75, 3206.00,3200.95,3199.74,11337,362.75,2896, 4938, 43.56
ASTRON, EQ, 12-Aug-2021,56.35,56.95,58.25,56.5, 57.00,57.2,57.48,245778,141.28,2820, 102622, 41.75
ATALREAL, SM, 12-Aug-2021,95.25,97.0,97.25,90.5, 91.25,91.1,93.01,104000,96.73,38, 67200, 64.62
ATFL, EQ, 12-Aug-2021,1013.7,1010.0,1029.9,995.0, 998.85,999.15,1013.7,11117,112.69,1590, 4523, 40.69
ATGL, BE, 12-Aug-2021,900.1,894.55,911.55,885.0, 900.00,908.0,899.74,97646,878.56,5490, -, -
ATLANTA, BE, 12-Aug-2021,12.75,12.2,13.35,12.2, 13.35,13.35,13.29,12811,1.7,43, -, -
ATUL, EQ, 12-Aug-2021,8864.05,8892.0,9000.0,8850.0, 8896.80,8896.5,8910.53,9294,828.14,5156, 5914, 63.63
ATULAUTO, EQ, 12-Aug-2021,198.35,200.0,202.85,198.75, 201.00,199.55,200.05,125249,250.56,3879, 51359, 41.01
AUBANK, EQ, 12-Aug-2021,1288.35,1289.9,1328.8,1282.0, 1323.00,1323.6,1311.25,961655,12609.69,31391, 134171, 13.95
AURIONPRO, BE, 12-Aug-2021,191.9,195.6,201.45,182.35, 201.45,201.45,198.41,50205,99.61,425, -, -
AUROPHARMA, EQ, 12-Aug-2021,856.5,862.0,864.4,822.1, 831.95,826.2,837.67,4086652,34232.85,112827, 1994572, 48.81
AUSOMENT, BE, 12-Aug-2021,79.25,76.1,80.0,76.0, 76.00,77.2,78.15,7270,5.68,115, -, -
AUTOAXLES, EQ, 12-Aug-2021,1278.6,1305.0,1364.0,1286.9, 1312.00,1313.75,1319.28,40392,532.88,4439, 15081, 37.34
AUTOIND, EQ, 12-Aug-2021,57.95,57.7,60.8,55.35, 60.80,60.8,60.04,115301,69.23,1087, 62441, 54.15
AVADHSUGAR, EQ, 12-Aug-2021,439.55,440.0,454.0,438.3, 443.00,445.95,447.66,124027,555.22,4537, 40741, 32.85
AVANTIFEED, EQ, 12-Aug-2021,580.2,581.25,612.0,569.3, 593.30,592.2,589.1,1261882,7433.77,46472, 126770, 10.05
AVROIND, SM, 12-Aug-2021,84.9,84.0,84.95,84.0, 84.95,84.95,84.43,8000,6.75,4, 2000, 25.00
AVTNPL, EQ, 12-Aug-2021,67.9,66.5,77.7,66.5, 76.95,76.65,73.71,1408678,1038.39,15426, 464198, 32.95
AWHCL, EQ, 12-Aug-2021,336.95,360.0,390.0,353.2, 372.70,372.25,375.64,2349724,8826.41,67552, 554109, 23.58
AXISBANK, EQ, 12-Aug-2021,760.8,759.0,763.4,753.35, 757.90,757.35,757.92,3572081,27073.47,95442, 1397795, 39.13
AXISBNKETF, EQ, 12-Aug-2021,358.68,357.69,359.82,357.0, 359.45,359.45,358.06,4443,15.91,19, 4378, 98.54
AXISBPSETF, EQ, 12-Aug-2021,10.2,10.21,10.21,10.19, 10.21,10.2,10.2,4644,0.47,73, 4413, 95.03
AXISCADES, EQ, 12-Aug-2021,78.4,79.65,82.3,78.65, 81.40,81.2,81.42,76125,61.98,948, 46074, 60.52
AXISGOLD, EQ, 12-Aug-2021,40.34,46.4,46.4,40.4, 40.59,40.54,40.54,153247,62.13,3428, 104484, 68.18
AXISHCETF, EQ, 12-Aug-2021,89.02,89.4,90.5,89.11, 89.70,89.71,89.49,2294,2.05,148, 1750, 76.29
AXISNIFTY, EQ, 12-Aug-2021,169.76,169.2,170.9,169.2, 170.75,170.68,170.28,12296,20.94,299, 7017, 57.07
AXISTECETF, EQ, 12-Aug-2021,313.6,319.0,324.5,315.0, 324.50,324.39,319.03,14602,46.59,88, 9697, 66.41
AYMSYNTEX, EQ, 12-Aug-2021,84.7,86.3,88.0,83.05, 84.10,84.85,85.45,129580,110.72,4111, 65175, 50.30
BAFNAPH, EQ, 12-Aug-2021,142.95,149.45,149.45,140.0, 145.50,144.7,144.42,2220,3.21,156, 1109, 49.95
BAGFILMS, EQ, 12-Aug-2021,3.3,3.4,3.6,3.4, 3.60,3.55,3.54,136164,4.82,200, 76584, 56.24
BAJAJ-AUTO, EQ, 12-Aug-2021,3727.15,3746.8,3777.0,3736.0, 3764.75,3769.35,3763.39,316454,11909.39,32257, 111173, 35.13
BAJAJCON, EQ, 12-Aug-2021,257.7,258.0,271.15,253.3, 259.90,260.25,263.45,1646431,4337.52,37979, 560225, 34.03
BAJAJELEC, EQ, 12-Aug-2021,1059.7,1051.0,1084.75,1041.25, 1048.95,1050.5,1054.58,259490,2736.54,12036, 148409, 57.19
BAJAJFINSV, EQ, 12-Aug-2021,14206.2,14210.0,14380.0,14130.0, 14310.10,14340.7,14261.21,160934,22951.14,26001, 36007, 22.37
BAJAJHIND, BE, 12-Aug-2021,16.05,15.95,16.85,15.55, 16.65,16.8,16.58,3550323,588.58,6827, -, -
BAJAJHLDNG, EQ, 12-Aug-2021,4000.4,3999.0,4080.0,3959.15, 4028.30,4036.6,4018.17,29005,1165.47,5196, 11625, 40.08
BAJFINANCE, EQ, 12-Aug-2021,6167.8,6181.0,6254.9,6151.25, 6193.00,6199.5,6212.18,794602,49362.14,62309, 272040, 34.24
BALAJITELE, EQ, 12-Aug-2021,62.15,62.15,66.7,62.1, 64.70,64.75,63.79,589105,375.81,6780, 133068, 22.59
BALAMINES, EQ, 12-Aug-2021,3318.55,3326.6,3450.0,3326.55, 3435.50,3439.55,3402.07,63242,2151.54,8773, 25134, 39.74
BALAXI, EQ, 12-Aug-2021,562.5,565.05,582.5,559.95, 569.00,567.65,574.78,1836,10.55,181, 1318, 71.79
BALKRISIND, EQ, 12-Aug-2021,2289.75,2290.0,2370.0,2244.9, 2300.00,2299.85,2294.14,581279,13335.36,20712, 395641, 68.06
BALLARPUR, BZ, 12-Aug-2021,1.25,1.2,1.3,1.2, 1.30,1.25,1.27,3270218,41.58,667, -, -
BALMLAWRIE, EQ, 12-Aug-2021,129.4,129.4,133.45,129.4, 133.00,132.9,131.94,265299,350.03,4120, 139996, 52.77
BALPHARMA, EQ, 12-Aug-2021,95.75,98.7,102.8,95.05, 100.70,100.25,100.34,110451,110.82,1714, 40708, 36.86
BALRAMCHIN, EQ, 12-Aug-2021,346.5,349.0,356.2,346.7, 352.00,353.75,352.45,1368294,4822.53,18537, 658008, 48.09
BANARBEADS, EQ, 12-Aug-2021,68.25,69.9,75.05,69.9, 75.05,75.05,73.89,49095,36.28,781, 23070, 46.99
BANARISUG, EQ, 12-Aug-2021,1789.4,1829.95,1830.0,1785.0, 1830.00,1822.1,1811.72,4618,83.67,831, 1706, 36.94
BANCOINDIA, EQ, 12-Aug-2021,152.75,153.5,162.35,153.5, 160.50,161.0,159.64,230576,368.08,10900, 83151, 36.06
BANDHANBNK, EQ, 12-Aug-2021,295.2,295.2,296.7,292.4, 295.10,294.95,294.7,3762732,11088.71,58730, 1329193, 35.33
BANG, BE, 12-Aug-2021,34.9,34.9,35.0,33.2, 34.50,34.1,33.88,17989,6.1,144, -, -
BANKA, EQ, 12-Aug-2021,70.75,73.65,73.7,70.4, 72.00,71.75,71.79,6614,4.75,287, 3830, 57.91
BANKBARODA, EQ, 12-Aug-2021,80.65,80.75,82.0,80.1, 81.50,81.55,81.28,26238192,21327.05,56777, 7801751, 29.73
BANKBEES, EQ, 12-Aug-2021,360.55,417.0,417.0,359.76, 362.22,361.93,361.21,236068,852.71,5849, 60231, 25.51
BANKINDIA, EQ, 12-Aug-2021,67.45,68.35,69.65,67.6, 68.80,68.85,68.66,1943902,1334.73,9161, 496763, 25.55
BANSWRAS, EQ, 12-Aug-2021,200.85,195.0,200.85,190.85, 190.85,190.85,193.22,58155,112.37,1169, 40969, 70.45
BARBEQUE, EQ, 12-Aug-2021,1058.05,1086.4,1117.8,1062.35, 1072.40,1070.3,1084.38,206138,2235.31,13949, 47028, 22.81
BARTRONICS, BZ, 12-Aug-2021,3.2,3.2,3.2,3.05, 3.05,3.05,3.07,19963,0.61,46, -, -
BASF, EQ, 12-Aug-2021,3830.9,3839.0,3865.5,3692.05, 3775.00,3757.3,3774.57,112855,4259.8,11768, 33142, 29.37
BASML, EQ, 12-Aug-2021,91.4,92.8,95.95,92.75, 95.95,95.95,95.0,63007,59.85,537, 48396, 76.81
BATAINDIA, EQ, 12-Aug-2021,1666.1,1656.0,1755.0,1656.0, 1673.00,1675.05,1704.8,3829161,65279.54,142282, 354548, 9.26
BAYERCROP, EQ, 12-Aug-2021,5869.0,5836.0,5925.25,5836.0, 5875.00,5882.4,5895.78,8004,471.9,2379, 4028, 50.32
BBL, EQ, 12-Aug-2021,1411.1,1420.0,1443.8,1392.35, 1408.10,1410.6,1418.04,14267,202.31,1839, 7531, 52.79
BBTC, EQ, 12-Aug-2021,1139.7,1140.0,1166.35,1140.0, 1156.90,1158.5,1158.25,45743,529.82,5734, 17424, 38.09
BBTCL, SM, 12-Aug-2021,91.0,91.0,91.0,90.95, 90.95,90.95,90.98,6000,5.46,2, 3000, 50.00
BCG, BE, 12-Aug-2021,37.35,37.25,39.2,35.5, 39.20,39.2,37.84,2984089,1129.13,9145, -, -
BCLIND, EQ, 12-Aug-2021,240.55,240.65,249.95,240.65, 249.50,248.0,246.6,172423,425.19,6183, 91806, 53.24
BCONCEPTS, SM, 12-Aug-2021,31.1,31.1,32.45,29.95, 29.95,29.95,31.02,30000,9.3,10, 3000, 10.00
BCP, EQ, 12-Aug-2021,3.75,3.75,4.05,3.75, 4.00,4.0,3.95,602152,23.8,415, 380883, 63.25
BDL, EQ, 12-Aug-2021,375.05,376.05,386.65,375.1, 384.45,384.3,381.45,103728,395.67,4640, 45433, 43.80
BEARDSELL, EQ, 12-Aug-2021,14.1,13.65,14.75,13.4, 14.75,14.55,13.73,29070,3.99,106, 19071, 65.60
BECTORFOOD, EQ, 12-Aug-2021,399.7,405.0,409.4,399.7, 408.00,405.6,405.15,148960,603.5,8454, 62610, 42.03
BEDMUTHA, BE, 12-Aug-2021,38.8,37.8,38.8,37.3, 37.80,37.85,37.98,6446,2.45,34, -, -
BEL, EQ, 12-Aug-2021,172.25,171.9,174.25,170.0, 173.75,173.85,172.76,5988887,10346.51,31948, 2135795, 35.66
BEML, EQ, 12-Aug-2021,1294.55,1295.0,1323.1,1294.55, 1317.50,1317.9,1311.48,99029,1298.75,5197, 34127, 34.46
BEPL, EQ, 12-Aug-2021,186.4,186.9,194.95,186.5, 193.45,193.4,190.83,1257248,2399.21,12801, 489745, 38.95
BERGEPAINT, EQ, 12-Aug-2021,818.4,818.5,826.9,805.45, 812.60,814.95,815.87,635482,5184.71,22834, 336832, 53.00
BESTAGRO, EQ, 12-Aug-2021,552.5,567.0,580.1,555.0, 580.10,580.1,566.0,66446,376.08,520, 56932, 85.68
BETA, SM, 12-Aug-2021,350.1,360.0,362.0,355.0, 355.00,355.05,359.19,7200,25.86,9, 4800, 66.67
BFINVEST, EQ, 12-Aug-2021,349.05,353.1,370.95,353.1, 364.50,363.25,363.76,58316,212.13,3808, 12994, 22.28
BFUTILITIE, EQ, 12-Aug-2021,433.75,434.45,459.85,434.45, 452.55,450.25,449.11,233200,1047.32,6862, 72452, 31.07
BGRENERGY, EQ, 12-Aug-2021,52.05,52.1,56.8,52.05, 56.40,55.8,55.51,181943,100.99,2799, 81740, 44.93
BHAGERIA, EQ, 12-Aug-2021,235.6,237.0,247.85,237.0, 244.05,243.75,243.11,136612,332.12,7252, 49226, 36.03
BHAGYANGR, EQ, 12-Aug-2021,48.1,50.8,57.7,44.0, 57.70,57.6,55.54,1571125,872.65,9602, 535027, 34.05
BHAGYAPROP, EQ, 12-Aug-2021,31.8,31.4,32.2,31.0, 31.95,31.95,31.75,53207,16.89,253, 43114, 81.03
BHANDARI, EQ, 12-Aug-2021,3.0,3.0,3.15,2.95, 3.15,3.15,3.12,560537,17.5,344, 430381, 76.78
BHARATFORG, EQ, 12-Aug-2021,782.7,787.0,844.8,775.05, 834.55,827.5,822.19,15755004,129536.61,271903, 1843354, 11.70
BHARATGEAR, EQ, 12-Aug-2021,117.45,119.4,130.85,118.55, 129.00,129.4,126.36,88308,111.58,3523, 44737, 50.66
BHARATRAS, EQ, 12-Aug-2021,12849.8,12632.0,13372.95,12211.0, 13245.00,13242.0,12823.93,8023,1028.86,3236, 3455, 43.06
BHARATWIRE, BE, 12-Aug-2021,75.45,71.75,75.4,71.7, 73.70,73.6,72.12,55292,39.88,382, -, -
BHARTIARTL, EQ, 12-Aug-2021,620.85,623.0,628.95,617.0, 621.15,623.15,621.92,8274954,51463.37,123439, 2227799, 26.92
BHEL, EQ, 12-Aug-2021,54.5,54.65,56.2,54.5, 55.80,55.85,55.32,29271670,16193.61,51121, 4726397, 16.15
BIGBLOC, EQ, 12-Aug-2021,115.6,116.0,122.0,115.5, 120.00,120.7,119.1,50588,60.25,1062, 25461, 50.33
BIL, EQ, 12-Aug-2021,212.2,216.1,232.9,216.0, 226.00,227.4,227.62,5801,13.2,464, 2548, 43.92
BINDALAGRO, EQ, 12-Aug-2021,24.0,24.45,25.55,24.3, 25.00,25.2,25.26,190005,47.99,1538, 126313, 66.48
BIOCON, EQ, 12-Aug-2021,372.65,373.0,375.7,371.15, 374.55,374.4,373.63,876559,3275.08,16333, 316392, 36.09
BIOFILCHEM, EQ, 12-Aug-2021,67.0,67.0,68.45,66.2, 67.00,67.1,67.68,19664,13.31,530, 13518, 68.74
BIRET, RR, 12-Aug-2021,267.0,269.5,269.5,262.2, 265.00,264.99,265.36,212466,563.81,2571, 192185, 90.45
BIRLACABLE, BE, 12-Aug-2021,94.8,92.8,93.9,90.1, 93.00,92.25,92.32,68563,63.3,943, -, -
BIRLACORPN, EQ, 12-Aug-2021,1321.55,1329.9,1376.5,1301.0, 1366.45,1369.75,1339.84,178917,2397.19,12350, 106661, 59.61
BIRLAMONEY, EQ, 12-Aug-2021,67.15,68.0,72.0,67.6, 70.55,71.0,70.19,251217,176.32,3117, 117767, 46.88
BIRLATYRE, EQ, 12-Aug-2021,24.5,24.6,26.5,24.2, 26.30,26.15,25.77,349337,90.02,2172, 236140, 67.60
BKMINDST, BE, 12-Aug-2021,1.7,1.65,1.65,1.65, 1.65,1.65,1.65,56955,0.94,117, -, -
BLBLIMITED, EQ, 12-Aug-2021,10.8,10.3,11.3,10.3, 11.30,11.3,10.74,183428,19.7,603, 102125, 55.68
BLISSGVS, EQ, 12-Aug-2021,113.1,113.75,116.5,113.4, 114.40,114.0,114.43,566300,648.04,5753, 178382, 31.50
BLKASHYAP, EQ, 12-Aug-2021,26.65,26.3,29.3,26.3, 28.90,29.15,28.69,1207787,346.57,2100, 765917, 63.41
BLS, EQ, 12-Aug-2021,154.5,154.5,157.65,150.6, 153.70,152.6,154.61,649891,1004.79,10762, 237785, 36.59
BLUEDART, EQ, 12-Aug-2021,5437.95,5470.0,5605.0,5469.75, 5599.00,5572.95,5549.1,17423,966.82,3649, 8145, 46.75
BLUESTARCO, EQ, 12-Aug-2021,807.05,808.0,820.0,790.55, 811.35,810.9,808.86,47706,385.88,3932, 21979, 46.07
BODALCHEM, EQ, 12-Aug-2021,108.75,109.0,110.5,107.1, 109.50,108.9,109.46,497244,544.27,6712, 212439, 42.72
BOMDYEING, EQ, 12-Aug-2021,91.1,91.35,97.55,91.05, 96.80,96.6,94.45,6335773,5984.02,33272, 1195448, 18.87
BOROLTD, EQ, 12-Aug-2021,205.8,207.5,219.0,207.5, 216.50,218.0,215.55,91871,198.03,2765, 51427, 55.98
BORORENEW, BE, 12-Aug-2021,318.2,320.0,328.6,305.0, 323.00,319.85,317.73,230055,730.95,4786, -, -
BOSCHLTD, EQ, 12-Aug-2021,14310.8,14313.0,14499.15,14274.0, 14320.00,14306.95,14348.46,22560,3237.01,7515, 9080, 40.25
BPCL, EQ, 12-Aug-2021,450.0,452.0,455.4,442.1, 448.00,448.15,449.45,6283857,28243.06,82124, 1885630, 30.01
BPL, EQ, 12-Aug-2021,34.65,35.4,36.5,35.0, 35.70,35.7,35.82,63626,22.79,898, 37144, 58.38
BRFL, BE, 12-Aug-2021,8.1,8.1,8.1,7.8, 8.05,7.95,7.99,167740,13.39,377, -, -
BRIGADE, EQ, 12-Aug-2021,323.25,325.4,341.2,324.8, 338.00,337.6,331.81,730239,2423.04,10247, 452033, 61.90
BRIGHT, SM, 12-Aug-2021,4.9,5.0,5.1,5.0, 5.10,5.1,5.1,198000,10.09,44, 171000, 86.36
BRITANNIA, EQ, 12-Aug-2021,3625.5,3634.4,3642.95,3607.5, 3626.00,3620.8,3625.66,232971,8446.73,20705, 114370, 49.09
BRITANNIA, N2, 12-Aug-2021,33.15,33.15,33.88,32.76, 33.00,33.03,33.09,10833,3.58,71, 10301, 95.09
BRITANNIA, N3, 12-Aug-2021,29.4,29.39,29.5,29.39, 29.42,29.41,29.42,12986,3.82,306, 10418, 80.22
BRNL, EQ, 12-Aug-2021,31.95,32.4,32.85,31.55, 32.60,32.6,32.54,37925,12.34,550, 24079, 63.49
BROOKS, EQ, 12-Aug-2021,107.8,112.0,118.55,112.0, 118.55,118.55,116.73,158083,184.53,1378, 129173, 81.71
BSE, EQ, 12-Aug-2021,1119.5,1126.5,1168.7,1121.45, 1153.00,1151.6,1151.2,522796,6018.42,24655, 180687, 34.56
BSHSL, BE, 12-Aug-2021,308.0,321.95,323.4,302.5, 323.40,323.4,321.83,1300,4.18,76, -, -
BSL, EQ, 12-Aug-2021,60.45,61.7,63.45,60.5, 61.60,61.35,62.1,39295,24.4,404, 29797, 75.83
BSLGOLDETF, EQ, 12-Aug-2021,4242.6,4289.95,4297.85,4242.8, 4271.95,4266.75,4272.06,217,9.27,85, 112, 51.61
BSLNIFTY, EQ, 12-Aug-2021,180.0,181.03,181.3,180.39, 181.30,181.3,181.0,594,1.08,34, 522, 87.88
BSOFT, EQ, 12-Aug-2021,408.15,410.0,427.9,408.7, 425.00,423.25,421.88,4756366,20066.03,75818, 1551671, 32.62
BURGERKING, EQ, 12-Aug-2021,165.0,165.5,172.75,165.5, 171.90,171.95,170.41,2407712,4103.0,30649, 768214, 31.91
BURNPUR, BE, 12-Aug-2021,2.65,2.75,2.75,2.55, 2.65,2.7,2.73,107908,2.95,132, -, -
BUTTERFLY, BE, 12-Aug-2021,754.7,741.0,766.0,726.05, 765.00,760.95,751.51,14020,105.36,454, -, -
BVCL, BE, 12-Aug-2021,27.15,27.7,28.0,25.8, 26.10,26.35,26.72,10443,2.79,95, -, -
BYKE, EQ, 12-Aug-2021,27.55,27.0,29.25,27.0, 28.50,28.3,28.53,39596,11.3,287, 20896, 52.77
CADILAHC, EQ, 12-Aug-2021,563.75,560.95,560.95,542.1, 544.65,544.0,549.34,4953491,27211.5,89087, 1523460, 30.76
CAMLINFINE, EQ, 12-Aug-2021,179.05,179.0,186.95,176.55, 185.15,184.35,183.61,904283,1660.35,14208, 409856, 45.32
CAMS, EQ, 12-Aug-2021,3108.8,3137.8,3166.0,3055.0, 3084.00,3072.95,3100.85,296987,9209.13,28408, 87138, 29.34
CANBK, EQ, 12-Aug-2021,154.1,154.15,156.4,153.55, 156.00,155.7,155.16,5788144,8981.15,25263, 2512183, 43.40
CANDC, BZ, 12-Aug-2021,3.55,3.45,3.7,3.4, 3.55,3.55,3.5,22693,0.79,28, -, -
CANFINHOME, EQ, 12-Aug-2021,523.4,524.95,536.0,523.5, 531.50,529.0,529.59,275121,1457.02,8319, 90041, 32.73
CANTABIL, EQ, 12-Aug-2021,388.0,390.5,394.8,385.0, 390.00,386.9,388.98,6455,25.11,487, 2314, 35.85
CAPACITE, EQ, 12-Aug-2021,206.2,206.4,220.0,206.4, 214.45,213.9,215.25,344073,740.6,7393, 130031, 37.79
CAPLIPOINT, EQ, 12-Aug-2021,839.95,837.0,870.0,837.0, 853.00,851.6,854.33,267027,2281.28,11074, 83609, 31.31
CAPTRUST, EQ, 12-Aug-2021,82.75,86.1,91.0,83.1, 91.00,91.0,88.57,34120,30.22,510, 25975, 76.13
CARBORUNIV, EQ, 12-Aug-2021,708.65,710.0,733.7,700.0, 714.95,712.35,722.76,219265,1584.77,11697, 107107, 48.85
CAREERP, EQ, 12-Aug-2021,151.45,152.3,158.2,151.05, 156.70,156.2,155.33,68203,105.94,2007, 35160, 51.55
CARERATING, EQ, 12-Aug-2021,692.35,684.0,694.2,679.35, 685.90,685.55,686.74,120024,824.26,5469, 58182, 48.48
CASTROLIND, EQ, 12-Aug-2021,136.25,136.4,137.0,135.4, 136.35,136.35,136.21,434397,591.67,6495, 197920, 45.56
CCHHL, BE, 12-Aug-2021,6.9,7.0,7.15,6.6, 7.00,6.95,6.88,56113,3.86,149, -, -
CCL, EQ, 12-Aug-2021,404.3,407.75,417.45,404.15, 414.00,414.3,410.73,477066,1959.46,13745, 92102, 19.31
CDSL, BE, 12-Aug-2021,1260.6,1260.0,1278.8,1235.0, 1256.00,1241.25,1252.52,315098,3946.67,35771, -, -
CEATLTD, EQ, 12-Aug-2021,1286.5,1298.0,1325.0,1286.5, 1318.00,1318.6,1306.1,114662,1497.6,8019, 35260, 30.75
CEBBCO, BE, 12-Aug-2021,34.9,36.4,36.6,35.6, 36.60,36.6,36.29,370109,134.31,545, -, -
CELEBRITY, EQ, 12-Aug-2021,11.15,11.2,11.7,10.6, 11.40,11.4,11.27,101960,11.49,485, 57175, 56.08
CENTENKA, EQ, 12-Aug-2021,439.85,442.05,463.0,442.05, 453.00,453.35,454.11,96518,438.29,5336, 52642, 54.54
CENTEXT, EQ, 12-Aug-2021,11.1,11.35,12.2,11.15, 12.20,12.2,11.93,1639751,195.6,2747, 918275, 56.00
CENTRALBK, EQ, 12-Aug-2021,20.2,20.35,21.9,20.2, 21.40,21.35,21.1,14827927,3128.25,18131, 4108637, 27.71
CENTRUM, EQ, 12-Aug-2021,42.05,42.4,44.15,42.1, 44.05,43.9,43.4,1420013,616.26,5117, 286085, 20.15
CENTUM, EQ, 12-Aug-2021,485.4,499.0,504.95,481.6, 490.00,489.25,492.65,16474,81.16,1631, 6122, 37.16
CENTURYPLY, EQ, 12-Aug-2021,414.95,425.0,426.0,409.3, 410.00,410.3,413.52,199684,825.73,5189, 165929, 83.10
CENTURYTEX, EQ, 12-Aug-2021,765.15,769.9,776.85,761.5, 768.90,765.4,769.68,798268,6144.07,11658, 504261, 63.17
CERA, EQ, 12-Aug-2021,4626.85,4626.0,4690.0,4606.55, 4625.05,4651.65,4658.51,6562,305.69,2293, 2898, 44.16
CEREBRAINT, EQ, 12-Aug-2021,57.3,57.5,59.8,56.2, 56.80,56.7,58.12,765888,445.14,7383, 220293, 28.76
CESC, EQ, 12-Aug-2021,755.9,762.3,775.0,748.1, 756.30,756.35,759.83,800748,6084.32,36864, 371741, 46.42
CGCL, EQ, 12-Aug-2021,515.2,522.0,528.0,436.85, 522.00,517.7,514.58,70145,360.95,7988, 10193, 14.53
CGPOWER, BE, 12-Aug-2021,75.5,77.0,79.25,75.5, 79.25,79.25,78.02,2418091,1886.65,8358, -, -
CHALET, EQ, 12-Aug-2021,163.8,166.95,177.9,166.95, 173.75,175.25,174.32,777871,1355.97,14775, 118665, 15.26
CHAMBLFERT, EQ, 12-Aug-2021,326.4,327.4,327.5,320.15, 325.00,324.0,323.94,846686,2742.74,18381, 340985, 40.27
CHEMBOND, EQ, 12-Aug-2021,224.8,224.6,241.6,223.8, 238.25,239.55,236.93,76702,181.73,3025, 32939, 42.94
CHEMCON, EQ, 12-Aug-2021,462.75,462.0,487.4,461.2, 473.60,472.65,473.75,561872,2661.84,16377, 141064, 25.11
CHEMFAB, EQ, 12-Aug-2021,156.3,157.95,164.45,156.2, 161.00,160.2,160.33,5599,8.98,220, 3581, 63.96
CHENNPETRO, EQ, 12-Aug-2021,108.7,109.3,114.4,109.1, 112.80,112.6,111.89,556993,623.21,8229, 226314, 40.63
CHOLAFIN, EQ, 12-Aug-2021,501.55,503.0,516.5,498.35, 511.90,512.0,508.29,1556728,7912.7,28875, 384109, 24.67
CHOLAHLDNG, EQ, 12-Aug-2021,655.15,646.05,662.0,646.05, 648.05,649.6,651.66,140299,914.27,5919, 128066, 91.28
CIGNITITEC, EQ, 12-Aug-2021,545.5,548.5,559.7,534.4, 539.00,538.25,546.79,89637,490.13,3719, 59280, 66.13
CINELINE, BE, 12-Aug-2021,87.1,87.9,91.45,86.45, 91.40,91.0,88.91,161085,143.22,633, -, -
CINEVISTA, BE, 12-Aug-2021,13.05,13.0,13.7,12.7, 13.70,13.7,13.44,21375,2.87,81, -, -
CIPLA, EQ, 12-Aug-2021,909.85,912.0,916.2,903.7, 905.00,905.3,910.61,2127392,19372.23,54764, 1091867, 51.32
CLEAN, EQ, 12-Aug-2021,1575.35,1580.0,1598.0,1557.4, 1571.00,1576.95,1576.58,153642,2422.29,13039, 62077, 40.40
CLEDUCATE, EQ, 12-Aug-2021,135.4,132.15,139.0,132.15, 135.70,135.05,137.04,24894,34.12,428, 17894, 71.88
CLNINDIA, EQ, 12-Aug-2021,570.5,578.95,614.0,577.0, 598.00,602.3,596.15,139648,832.51,6236, 61609, 44.12
CLSEL, EQ, 12-Aug-2021,117.5,118.15,125.0,118.15, 123.00,123.9,122.9,77368,95.09,2467, 48532, 62.73
CMICABLES, EQ, 12-Aug-2021,52.3,52.05,55.0,52.05, 53.40,53.55,54.05,221086,119.5,4117, 100162, 45.30
COALINDIA, EQ, 12-Aug-2021,143.95,144.05,146.7,143.7, 144.50,144.4,145.21,7685737,11160.42,55112, 1964072, 25.55
COCHINSHIP, EQ, 12-Aug-2021,358.3,359.9,363.1,359.0, 361.90,361.85,360.86,171155,617.62,5621, 71627, 41.85
COFFEEDAY, EQ, 12-Aug-2021,33.95,34.3,36.0,34.0, 35.40,35.35,35.17,612779,215.51,3218, 405503, 66.17
COFORGE, EQ, 12-Aug-2021,4690.8,4730.0,4856.95,4720.05, 4841.00,4847.1,4811.87,376225,18103.45,37709, 110048, 29.25
COLPAL, EQ, 12-Aug-2021,1658.25,1655.0,1667.0,1638.8, 1639.50,1641.3,1651.4,802666,13255.2,32569, 596213, 74.28
COMPINFO, EQ, 12-Aug-2021,28.15,28.5,30.75,28.4, 29.65,29.85,29.59,416534,123.25,2607, 167694, 40.26
COMPUSOFT, EQ, 12-Aug-2021,12.2,12.2,13.4,12.1, 13.40,13.4,13.19,62405,8.23,230, 53471, 85.68
CONCOR, EQ, 12-Aug-2021,655.65,660.95,683.55,657.0, 670.90,673.0,676.0,3531889,23875.47,81890, 920859, 26.07
CONFIPET, EQ, 12-Aug-2021,58.25,57.3,62.45,57.3, 61.90,61.7,61.29,1119352,686.0,5435, 701740, 62.69
CONSOFINVT, EQ, 12-Aug-2021,111.15,117.85,117.9,113.5, 117.00,113.95,115.62,14629,16.91,186, 12637, 86.38
CONTI, SM, 12-Aug-2021,5.6,5.8,5.8,5.8, 5.80,5.8,5.8,3333,0.19,1, 3333, 100.00
CONTROLPR, EQ, 12-Aug-2021,346.35,350.0,365.0,348.05, 361.00,364.3,358.52,24681,88.49,1772, 13965, 56.58
CORALFINAC, EQ, 12-Aug-2021,41.45,43.0,47.0,42.65, 43.50,43.3,43.5,37457,16.3,499, 21466, 57.31
CORDSCABLE, EQ, 12-Aug-2021,56.0,56.95,58.35,55.0, 58.35,57.65,56.91,115888,65.95,2148, 56178, 48.48
COROMANDEL, EQ, 12-Aug-2021,816.85,819.8,837.8,815.1, 824.95,823.95,823.72,418391,3446.36,24046, 226806, 54.21
COSMOFILMS, EQ, 12-Aug-2021,1329.2,1320.0,1445.0,1304.15, 1423.00,1419.5,1376.97,252403,3475.51,15688, 75392, 29.87
COUNCODOS, EQ, 12-Aug-2021,2.85,2.9,3.1,2.85, 3.00,3.05,3.0,100381,3.01,193, 93340, 92.99
COX&KINGS, BZ, 12-Aug-2021,1.65,1.65,1.65,1.6, 1.65,1.65,1.63,230566,3.75,262, -, -
CPSEETF, EQ, 12-Aug-2021,25.77,26.0,26.26,25.72, 26.20,26.22,26.11,3603051,940.78,10200, 3470550, 96.32
CRAFTSMAN, EQ, 12-Aug-2021,1989.0,1989.0,2050.0,1952.0, 1986.00,1980.65,1995.54,15046,300.25,2353, 7979, 53.03
CREATIVE, BE, 12-Aug-2021,232.5,232.0,244.1,225.0, 236.00,236.85,240.01,36715,88.12,336, -, -
CREDITACC, EQ, 12-Aug-2021,604.6,620.0,637.0,606.6, 610.00,610.85,614.86,542882,3337.96,11631, 440038, 81.06
CREST, BE, 12-Aug-2021,116.3,116.25,121.8,116.25, 119.00,119.95,119.92,11415,13.69,58, -, -
CRISIL, EQ, 12-Aug-2021,2576.85,2597.25,2636.85,2560.0, 2577.80,2568.7,2591.28,70515,1827.24,10949, 30355, 43.05
CROMPTON, EQ, 12-Aug-2021,470.05,471.7,477.75,454.5, 459.00,463.1,462.05,1176667,5436.84,35379, 473191, 40.21
CSBBANK, EQ, 12-Aug-2021,319.15,321.95,326.1,318.55, 321.00,320.05,321.74,223321,718.5,6128, 90086, 40.34
CTE, EQ, 12-Aug-2021,65.8,62.55,69.05,62.55, 62.55,62.55,62.99,416108,262.09,1463, 274589, 65.99
CUB, EQ, 12-Aug-2021,152.15,152.85,153.55,151.05, 152.30,151.95,152.4,773468,1178.78,8308, 325576, 42.09
CUBEXTUB, EQ, 12-Aug-2021,23.45,23.5,24.35,22.5, 23.00,23.0,23.07,76733,17.7,452, 51228, 66.76
CUMMINSIND, EQ, 12-Aug-2021,944.75,924.0,972.0,918.2, 949.95,948.9,943.49,3816364,36006.84,89745, 460361, 12.06
CUPID, EQ, 12-Aug-2021,231.7,233.0,243.65,232.25, 243.00,242.6,239.94,59647,143.12,2977, 32234, 54.04
CYBERMEDIA, BE, 12-Aug-2021,12.05,12.0,12.0,11.45, 11.45,11.45,11.52,6531,0.75,50, -, -
CYBERTECH, EQ, 12-Aug-2021,166.3,166.0,177.5,160.45, 174.00,174.7,171.06,256061,438.01,6973, 90679, 35.41
CYIENT, EQ, 12-Aug-2021,945.1,950.0,975.0,938.4, 970.00,969.6,966.0,172984,1671.03,16132, 106978, 61.84
DAAWAT, EQ, 12-Aug-2021,66.35,65.5,68.5,65.5, 68.30,68.0,67.41,1086701,732.57,11069, 581489, 53.51
DABUR, EQ, 12-Aug-2021,575.1,576.0,584.8,574.05, 576.85,575.4,578.16,2474432,14306.27,49742, 1190931, 48.13
DALBHARAT, EQ, 12-Aug-2021,1902.1,1905.0,1949.95,1870.1, 1881.50,1893.1,1917.62,99548,1908.96,13881, 57901, 58.16
DALMIASUG, EQ, 12-Aug-2021,413.0,413.8,434.65,413.0, 431.65,431.05,428.61,357154,1530.81,10605, 95961, 26.87
DAMODARIND, BE, 12-Aug-2021,44.45,46.35,46.35,44.0, 46.30,46.0,45.06,11452,5.16,83, -, -
DANGEE, EQ, 12-Aug-2021,184.95,189.45,189.45,184.0, 184.00,184.75,185.28,10090,18.7,179, 5922, 58.69
DATAMATICS, EQ, 12-Aug-2021,267.95,269.7,290.0,269.65, 287.00,286.3,283.38,294959,835.86,7432, 127939, 43.38
DBCORP, EQ, 12-Aug-2021,91.9,93.25,94.9,89.95, 93.20,93.05,92.87,319578,296.81,5538, 104007, 32.55
DBL, EQ, 12-Aug-2021,547.65,547.0,553.35,532.25, 540.00,539.45,540.96,298727,1615.99,11087, 143490, 48.03
DBREALTY, EQ, 12-Aug-2021,23.45,23.45,24.5,23.0, 23.85,23.9,23.92,285423,68.26,1276, 204388, 71.61
DBSTOCKBRO, EQ, 12-Aug-2021,21.9,22.95,22.95,22.95, 22.95,22.95,22.95,13825,3.17,63, 13818, 99.95
DCAL, EQ, 12-Aug-2021,187.5,189.7,212.5,189.0, 209.25,206.15,204.45,1850366,3782.99,22797, 629147, 34.00
DCBBANK, EQ, 12-Aug-2021,91.25,92.8,92.8,91.1, 91.95,91.95,91.99,884692,813.86,9433, 530171, 59.93
DCM, BE, 12-Aug-2021,52.3,53.9,53.9,49.7, 49.80,49.75,51.11,15376,7.86,121, -, -
DCMNVL, EQ, 12-Aug-2021,220.1,219.0,231.1,219.0, 231.10,231.1,228.98,100230,229.5,809, 72923, 72.76
DCMSHRIRAM, EQ, 12-Aug-2021,934.7,943.95,970.0,926.85, 965.00,957.0,954.67,191399,1827.23,6331, 129725, 67.78
DCW, EQ, 12-Aug-2021,34.35,34.35,36.85,34.35, 36.65,36.5,35.94,1409364,506.55,5803, 534922, 37.95
DECCANCE, EQ, 12-Aug-2021,734.8,738.85,783.9,735.25, 783.00,780.7,768.94,146796,1128.77,7770, 49220, 33.53
DEEPAKFERT, BE, 12-Aug-2021,425.35,428.9,446.6,406.0, 446.60,446.6,437.54,246473,1078.41,2647, -, -
DEEPAKNTR, EQ, 12-Aug-2021,2098.9,2108.8,2152.8,2102.15, 2149.00,2146.4,2132.27,822816,17544.63,41917, 186879, 22.71
DEEPENR, BE, 12-Aug-2021,41.8,41.8,43.85,41.8, 43.85,43.85,43.57,12260,5.34,169, -, -
DEEPINDS, EQ, 12-Aug-2021,109.05,109.0,115.0,109.0, 113.60,113.2,113.03,97459,110.15,2831, 55495, 56.94
DELTACORP, EQ, 12-Aug-2021,171.4,172.8,178.9,172.75, 178.20,177.85,176.2,1223638,2156.0,15842, 454696, 37.16
DELTAMAGNT, EQ, 12-Aug-2021,52.6,54.8,55.0,52.4, 54.50,54.75,54.32,4108,2.23,159, 3445, 83.86
DEN, EQ, 12-Aug-2021,48.95,49.4,52.55,49.25, 52.40,51.9,51.12,1827668,934.34,7257, 991388, 54.24
DENORA, EQ, 12-Aug-2021,315.05,317.9,337.0,317.25, 333.40,331.75,329.16,36682,120.74,2500, 18275, 49.82
DFMFOODS, EQ, 12-Aug-2021,345.35,346.05,353.3,340.3, 353.00,351.5,349.38,62332,217.78,3506, 28682, 46.01
DGCONTENT, BE, 12-Aug-2021,12.85,13.4,13.45,12.25, 12.25,12.75,13.2,58106,7.67,120, -, -
DHAMPURSUG, EQ, 12-Aug-2021,287.85,293.0,302.2,291.8, 302.20,302.2,299.62,378706,1134.68,4566, 204561, 54.02
DHANBANK, EQ, 12-Aug-2021,15.8,16.25,16.45,15.8, 16.20,16.2,16.19,533018,86.27,1445, 207610, 38.95
DHANI, EQ, 12-Aug-2021,198.5,202.5,215.9,196.6, 211.00,212.75,207.37,2538195,5263.49,22057, 1090707, 42.97
DHANILOANS, N3, 12-Aug-2021,1004.5,997.5,997.5,997.5, 997.50,997.5,997.5,12,0.12,1, 12, 100.00
DHANILOANS, N5, 12-Aug-2021,1245.01,1278.7,1278.7,1278.7, 1278.70,1278.7,1278.7,170,2.17,3, 170, 100.00
DHANILOANS, N6, 12-Aug-2021,1001.0,995.0,1010.0,995.0, 1010.00,1010.0,1008.04,115,1.16,2, 115, 100.00
DHANILOANS, NC, 12-Aug-2021,975.0,960.2,960.2,960.0, 960.00,960.0,960.15,120,1.15,3, 120, 100.00
DHANIPP, E1, 12-Aug-2021,89.35,89.8,98.25,89.8, 98.25,98.25,97.4,109092,106.25,839, 63911, 58.58
DHANUKA, EQ, 12-Aug-2021,881.4,875.0,899.0,875.0, 896.00,895.05,891.88,35374,315.49,3119, 15880, 44.89
DHARSUGAR, BE, 12-Aug-2021,16.05,16.3,16.3,15.25, 15.45,15.45,15.37,114527,17.6,526, -, -
DHUNINV, EQ, 12-Aug-2021,582.45,585.05,640.65,585.05, 640.65,640.65,631.59,10616,67.05,463, 7001, 65.95
DIAMONDYD, EQ, 12-Aug-2021,672.35,680.0,715.0,680.0, 715.00,713.0,704.67,37471,264.05,3641, 12066, 32.20
DIAPOWER, BZ, 12-Aug-2021,0.65,0.65,0.7,0.6, 0.65,0.6,0.63,814828,5.1,138, -, -
DICIND, EQ, 12-Aug-2021,468.1,477.95,492.8,467.05, 475.00,477.3,479.46,20025,96.01,1299, 9669, 48.28
DIGISPICE, BE, 12-Aug-2021,70.45,68.05,69.9,67.55, 68.75,68.6,68.3,157086,107.29,1013, -, -
DISHTV, EQ, 12-Aug-2021,11.85,12.0,14.2,11.95, 13.85,14.0,13.55,28967736,3925.51,30144, 12297989, 42.45
DIVISLAB, EQ, 12-Aug-2021,4919.1,4929.95,4929.95,4872.0, 4914.90,4908.85,4905.6,200081,9815.17,24960, 86698, 43.33
DIXON, EQ, 12-Aug-2021,4198.7,4209.65,4238.95,4156.15, 4190.00,4197.3,4192.12,173368,7267.8,26183, 108735, 62.72
DLF, EQ, 12-Aug-2021,331.55,332.75,338.35,329.0, 333.65,334.05,334.02,6584207,21992.59,48841, 1123659, 17.07
DLINKINDIA, EQ, 12-Aug-2021,136.85,137.8,143.5,135.0, 142.10,142.35,139.73,452340,632.07,8464, 110446, 24.42
DMART, EQ, 12-Aug-2021,3563.95,3573.8,3589.0,3546.6, 3550.00,3561.0,3563.85,114737,4089.06,12192, 60884, 53.06
DNAMEDIA, EQ, 12-Aug-2021,2.25,2.2,2.45,2.15, 2.35,2.3,2.31,122146,2.82,128, 56192, 46.00
DODLA, EQ, 12-Aug-2021,589.1,589.5,601.0,589.1, 594.00,596.9,596.65,47562,283.78,3724, 16295, 34.26
DOLAT, EQ, 12-Aug-2021,109.7,110.8,121.0,110.8, 120.70,119.05,115.2,838914,966.39,9043, 415526, 49.53
DOLLAR, EQ, 12-Aug-2021,360.85,365.0,380.0,365.0, 370.00,371.1,373.97,208073,778.13,16672, 103532, 49.76
DONEAR, EQ, 12-Aug-2021,52.95,52.0,55.4,52.0, 53.70,53.85,54.14,143348,77.61,2462, 87982, 61.38
DPABHUSHAN, EQ, 12-Aug-2021,194.45,194.6,221.9,194.6, 213.05,212.3,209.81,50362,105.66,3253, 15475, 30.73
DPSCLTD, EQ, 12-Aug-2021,15.3,15.5,15.5,14.9, 15.30,15.25,15.19,25599,3.89,293, 18063, 70.56
DPWIRES, EQ, 12-Aug-2021,221.2,217.2,232.25,210.2, 232.25,232.25,227.61,69949,159.21,999, 46993, 67.18
DRCSYSTEMS, EQ, 12-Aug-2021,310.55,304.85,320.0,300.15, 301.00,305.65,306.92,1461,4.48,122, 1118, 76.52
DREDGECORP, EQ, 12-Aug-2021,352.95,354.7,366.8,354.7, 362.70,364.3,361.66,71164,257.37,3966, 22799, 32.04
DRREDDY, EQ, 12-Aug-2021,4744.85,4749.4,4753.3,4690.5, 4708.00,4716.4,4722.29,621418,29345.18,56804, 365494, 58.82
DSML, SM, 12-Aug-2021,18.0,17.8,17.8,17.1, 17.50,17.5,17.43,96000,16.73,13, 84000, 87.50
DSSL, EQ, 12-Aug-2021,124.85,125.6,137.3,124.95, 136.90,136.75,135.84,41476,56.34,1149, 22900, 55.21
DTIL, EQ, 12-Aug-2021,302.7,319.85,332.95,319.85, 332.95,332.95,329.66,9033,29.78,372, 7325, 81.09
DUCON, BE, 12-Aug-2021,12.25,12.75,12.85,12.0, 12.85,12.85,12.54,33648,4.22,82, -, -
DVL, EQ, 12-Aug-2021,259.55,280.0,307.8,276.2, 303.60,303.0,296.32,446260,1322.37,15743, 158218, 35.45
DWARKESH, EQ, 12-Aug-2021,68.65,68.9,70.65,67.8, 69.65,69.9,69.65,1862009,1296.91,11563, 657182, 35.29
DYNAMATECH, EQ, 12-Aug-2021,2109.35,2166.0,2285.0,2150.0, 2219.00,2216.45,2217.66,183297,4064.91,22957, 49877, 27.21
DYNPRO, EQ, 12-Aug-2021,564.85,565.55,590.0,565.05, 569.00,568.0,578.19,81315,470.16,3602, 38017, 46.75
E2E, SM, 12-Aug-2021,46.0,46.9,47.0,46.9, 47.00,47.0,46.95,4000,1.88,2, 4000, 100.00
EASEMYTRIP, EQ, 12-Aug-2021,449.55,452.0,488.8,445.2, 484.20,484.5,472.59,2117075,10005.07,35392, 641253, 30.29
EASTSILK, EQ, 12-Aug-2021,3.4,3.35,3.7,3.35, 3.50,3.6,3.54,51268,1.82,151, 24552, 47.89
EASUNREYRL, BZ, 12-Aug-2021,3.25,3.1,3.3,3.1, 3.30,3.1,3.18,5155,0.16,15, -, -
EBBETF0423, EQ, 12-Aug-2021,1142.35,1143.08,1144.5,1141.55, 1142.50,1142.43,1142.47,17472,199.61,100, 16946, 96.99
EBBETF0425, EQ, 12-Aug-2021,1054.61,1054.7,1056.0,1054.5, 1055.99,1055.99,1055.06,11095,117.06,64, 11094, 99.99
EBBETF0430, EQ, 12-Aug-2021,1162.92,1165.0,1165.0,1160.12, 1163.88,1163.77,1164.03,4715,54.88,79, 4685, 99.36
EBBETF0431, EQ, 12-Aug-2021,1041.48,1043.0,1044.95,1041.5, 1043.50,1043.79,1043.2,2376,24.79,127, 2373, 99.87
EBIXFOREX, EQ, 12-Aug-2021,591.0,594.35,629.25,594.35, 629.20,621.0,617.35,2554,15.77,347, 1294, 50.67
ECLERX, BE, 12-Aug-2021,2050.3,1965.0,2149.0,1951.05, 2108.00,2120.15,2099.83,53716,1127.94,951, -, -
ECLFINANCE, NG, 12-Aug-2021,980.0,986.0,986.0,980.0, 981.01,981.01,984.25,325,3.2,8, 325, 100.00
ECLFINANCE, NH, 12-Aug-2021,1290.38,1335.0,1335.0,1335.0, 1335.00,1335.0,1335.0,40,0.53,1, 40, 100.00
ECLFINANCE, NI, 12-Aug-2021,964.9,966.01,966.01,966.01, 966.01,966.01,966.01,40,0.39,1, 40, 100.00
ECLFINANCE, NJ, 12-Aug-2021,935.1,936.15,943.99,936.0, 937.00,937.81,937.14,180,1.69,8, 170, 94.44
ECLFINANCE, NK, 12-Aug-2021,892.0,909.0,909.0,889.0, 894.75,892.54,897.54,2580,23.16,52, 2420, 93.80
ECLFINANCE, NN, 12-Aug-2021,1261.65,1265.0,1265.0,1265.0, 1265.00,1265.0,1265.0,10,0.13,1, 10, 100.00
ECLFINANCE, NO, 12-Aug-2021,995.0,998.99,1000.0,990.0, 998.00,990.99,994.61,626,6.23,19, 561, 89.62
ECLFINANCE, NR, 12-Aug-2021,1003.01,1011.9,1019.0,1001.5, 1001.50,1007.55,1010.1,517,5.22,11, 467, 90.33
ECLFINANCE, NS, 12-Aug-2021,1030.0,1020.0,1045.0,1020.0, 1040.00,1044.44,1040.03,375,3.9,14, 375, 100.00
EDELWEISS, EQ, 12-Aug-2021,80.8,80.45,85.5,80.15, 84.80,84.6,83.79,3516529,2946.52,20831, 1422181, 40.44
EDUCOMP, BZ, 12-Aug-2021,3.2,3.05,3.3,3.05, 3.30,3.25,3.21,27158,0.87,71, -, -
EHFLNCD, N5, 12-Aug-2021,960.01,985.0,988.0,956.2, 956.20,981.64,981.54,60,0.59,11, 59, 98.33
EHFLNCD, N6, 12-Aug-2021,940.0,940.0,940.0,936.0, 940.00,939.83,937.01,591,5.54,8, 591, 100.00
EICHERMOT, EQ, 12-Aug-2021,2718.25,2734.0,2739.9,2601.0, 2610.80,2616.55,2644.52,2248827,59470.75,109934, 1274165, 56.66
EIDPARRY, EQ, 12-Aug-2021,387.95,389.0,408.9,389.0, 406.75,407.45,401.73,316826,1272.78,10133, 110322, 34.82
EIHAHOTELS, EQ, 12-Aug-2021,309.15,310.0,322.8,310.0, 322.00,318.55,317.4,12368,39.26,1140, 5165, 41.76
EIHOTEL, EQ, 12-Aug-2021,102.85,103.8,106.0,103.7, 105.90,105.15,105.03,299311,314.35,4227, 136088, 45.47
EIMCOELECO, EQ, 12-Aug-2021,413.6,417.95,432.75,417.8, 423.00,425.2,425.62,7287,31.01,820, 4186, 57.44
EKC, BE, 12-Aug-2021,92.6,96.4,96.4,92.0, 95.00,95.35,94.86,134832,127.9,953, -, -
ELECON, EQ, 12-Aug-2021,144.5,146.5,152.95,146.0, 151.15,151.3,150.42,844305,1269.97,9765, 333756, 39.53
ELECTCAST, EQ, 12-Aug-2021,35.25,35.35,36.4,35.3, 36.00,35.8,35.81,462417,165.61,2794, 218407, 47.23
ELECTHERM, EQ, 12-Aug-2021,126.9,130.65,137.9,129.5, 135.00,135.75,134.03,29579,39.65,799, 17669, 59.73
ELGIEQUIP, EQ, 12-Aug-2021,205.0,204.9,212.45,204.45, 208.60,208.9,209.8,1213543,2545.95,5908, 1015914, 83.71
ELGIRUBCO, EQ, 12-Aug-2021,37.25,37.9,39.1,37.5, 38.70,38.75,38.43,41079,15.78,507, 26817, 65.28
EMAMILTD, EQ, 12-Aug-2021,553.15,553.15,564.45,552.0, 555.90,555.3,557.7,475369,2651.12,14869, 379931, 79.92
EMAMIPAP, EQ, 12-Aug-2021,170.05,170.1,178.8,170.1, 175.50,174.4,173.59,279890,485.85,5572, 120747, 43.14
EMAMIREAL, EQ, 12-Aug-2021,68.95,68.3,72.35,68.3, 71.65,71.85,71.15,69443,49.41,1309, 43332, 62.40
EMBASSY, RR, 12-Aug-2021,348.25,349.77,350.88,346.5, 348.70,349.45,349.49,316830,1107.29,3629, 239831, 75.70
EMCO, BZ, 12-Aug-2021,2.15,2.1,2.2,2.05, 2.05,2.05,2.07,33825,0.7,54, -, -
EMKAY, EQ, 12-Aug-2021,116.25,117.2,125.5,116.7, 120.50,119.7,121.59,155353,188.89,4775, 52014, 33.48
EMKAYTOOLS, SM, 12-Aug-2021,188.1,185.0,185.0,185.0, 185.00,185.0,185.0,600,1.11,1, 600, 100.00
EMMBI, EQ, 12-Aug-2021,101.85,104.9,116.8,100.95, 109.75,110.25,111.62,207385,231.49,5911, 72306, 34.87
ENDURANCE, EQ, 12-Aug-2021,1706.4,1705.0,1750.0,1675.75, 1725.00,1716.4,1687.45,187173,3158.46,9358, 153108, 81.80
ENERGYDEV, EQ, 12-Aug-2021,10.15,10.15,10.35,9.85, 10.25,10.15,10.08,48918,4.93,168, 38591, 78.89
ENGINERSIN, EQ, 12-Aug-2021,72.75,73.1,73.4,71.8, 72.10,71.95,72.55,2800247,2031.56,16059, 1634045, 58.35
ENIL, EQ, 12-Aug-2021,197.55,204.9,205.9,197.25, 199.25,199.05,202.42,64419,130.4,1614, 25665, 39.84
EPL, EQ, 12-Aug-2021,235.8,237.4,241.95,237.4, 238.40,239.0,239.33,80969,193.78,4359, 43683, 53.95
EQ30, EQ, 12-Aug-2021,388.95,389.0,393.0,389.0, 391.00,391.03,391.31,248,0.97,80, 150, 60.48
EQUITAS, EQ, 12-Aug-2021,121.95,116.0,126.0,116.0, 123.70,123.6,121.99,958176,1168.84,21629, 497445, 51.92
EQUITASBNK, EQ, 12-Aug-2021,57.15,57.0,60.85,56.9, 60.60,60.35,59.79,1837899,1098.97,10913, 1163998, 63.33
ERFLNCDI, N3, 12-Aug-2021,960.0,960.0,960.5,950.0, 951.10,951.1,954.5,162,1.55,6, 162, 100.00
ERFLNCDI, N4, 12-Aug-2021,985.0,999.9,999.9,988.0, 988.00,988.0,999.48,252,2.52,2, 252, 100.00
ERFLNCDI, N5, 12-Aug-2021,905.0,905.0,916.0,902.0, 916.00,916.0,906.16,150,1.36,7, 146, 97.33
ERIS, EQ, 12-Aug-2021,728.65,730.0,743.65,729.55, 739.70,738.15,737.7,66034,487.13,8478, 20825, 31.54
EROSMEDIA, EQ, 12-Aug-2021,18.9,19.0,19.8,19.0, 19.80,19.8,19.68,518162,101.97,1538, 397395, 76.69
ESABINDIA, EQ, 12-Aug-2021,1901.4,1897.0,1931.65,1889.45, 1904.80,1903.6,1906.42,3781,72.08,892, 1605, 42.45
ESCORTS, EQ, 12-Aug-2021,1261.9,1261.9,1274.2,1251.9, 1262.40,1265.15,1262.42,1085972,13709.48,43915, 401511, 36.97
ESSARSHPNG, EQ, 12-Aug-2021,10.05,10.0,10.4,9.8, 10.35,10.25,10.15,60200,6.11,344, 19633, 32.61
ESTER, EQ, 12-Aug-2021,143.95,144.5,152.8,144.0, 152.70,151.2,148.91,423603,630.78,8505, 171720, 40.54
EVEREADY, EQ, 12-Aug-2021,362.8,363.5,372.0,359.4, 363.00,362.25,363.59,265999,967.14,5388, 126506, 47.56
EVERESTIND, EQ, 12-Aug-2021,446.15,447.85,455.05,445.25, 448.00,448.6,450.96,67398,303.94,3256, 26210, 38.89
EXCEL, BE, 12-Aug-2021,3.25,3.1,3.35,3.1, 3.35,3.3,3.21,40027,1.29,106, -, -
EXCELINDUS, EQ, 12-Aug-2021,1080.45,1085.9,1132.1,1085.9, 1123.00,1112.0,1116.63,23544,262.9,3178, 7639, 32.45
EXIDEIND, EQ, 12-Aug-2021,169.15,169.85,170.8,167.5, 168.05,167.8,168.7,3867000,6523.74,46719, 2314524, 59.85
EXPLEOSOL, BE, 12-Aug-2021,1020.05,1040.0,1071.05,969.4, 1070.00,1064.55,1034.86,20578,212.95,769, -, -
FACT, EQ, 12-Aug-2021,124.05,126.6,133.0,123.5, 131.40,131.15,129.67,1616520,2096.08,21389, 96224, 5.95
FAIRCHEMOR, EQ, 12-Aug-2021,1902.5,1909.0,1997.6,1909.0, 1997.60,1997.6,1977.22,22495,444.78,2978, 13680, 60.81
FCL, EQ, 12-Aug-2021,105.4,106.35,110.85,106.15, 109.00,108.75,108.4,1111146,1204.51,14742, 254684, 22.92
FCONSUMER, EQ, 12-Aug-2021,7.25,7.3,7.65,7.0, 7.30,7.3,7.32,6657513,487.19,4880, 2578423, 38.73
FCSSOFT, BE, 12-Aug-2021,1.85,1.8,1.9,1.8, 1.90,1.9,1.84,4176639,76.93,4480, -, -
FDC, EQ, 12-Aug-2021,348.45,351.0,368.0,350.0, 368.00,365.35,362.09,269698,976.54,9343, 137156, 50.86
FEDERALBNK, EQ, 12-Aug-2021,85.2,85.2,86.25,85.1, 85.90,85.6,85.68,10443600,8948.24,34414, 2536048, 24.28
FEL, EQ, 12-Aug-2021,8.9,9.1,9.35,8.75, 9.05,9.05,9.02,813284,73.38,1395, 336318, 41.35
FELDVR, EQ, 12-Aug-2021,12.4,12.65,12.8,11.8, 12.35,12.15,12.27,162471,19.93,399, 92242, 56.77
FIEMIND, EQ, 12-Aug-2021,717.8,724.0,764.0,722.3, 755.20,758.15,748.7,48914,366.22,4322, 14206, 29.04
FILATEX, EQ, 12-Aug-2021,94.55,96.0,100.5,96.0, 100.15,100.0,99.01,589941,584.07,7359, 232205, 39.36
FILDF2GPD, MF, 12-Aug-2021,0.99,0.91,0.91,0.91, 0.91,0.91,0.91,1101,0.01,23, 1101, 100.00
FINCABLES, EQ, 12-Aug-2021,488.35,488.4,510.0,488.35, 494.70,498.75,499.84,645967,3228.83,20536, 130588, 20.22
FINEORG, EQ, 12-Aug-2021,2902.7,2910.0,2927.45,2856.15, 2860.00,2871.65,2881.5,35063,1010.34,9413, 20529, 58.55
FINPIPE, EQ, 12-Aug-2021,167.3,169.8,169.8,164.5, 166.35,165.55,166.97,428452,715.37,12301, 246135, 57.45
FLEXITUFF, EQ, 12-Aug-2021,18.05,18.15,18.7,17.15, 17.40,17.2,17.37,81617,14.17,369, 59925, 73.42
FLFL, EQ, 12-Aug-2021,54.45,53.75,57.3,53.75, 56.05,55.95,55.51,324285,180.01,3363, 127703, 39.38
FLUOROCHEM, EQ, 12-Aug-2021,1587.4,1638.0,1710.0,1618.0, 1705.00,1695.55,1673.68,83947,1405.0,6390, 42535, 50.67
FMGOETZE, EQ, 12-Aug-2021,278.2,280.8,291.95,279.05, 288.95,290.05,285.76,102357,292.49,3261, 55461, 54.18
FMNL, EQ, 12-Aug-2021,10.45,10.05,10.75,9.95, 9.95,9.95,9.99,878752,87.81,996, 592796, 67.46
FOCUS, SM, 12-Aug-2021,60.75,60.6,63.75,60.6, 63.75,62.85,63.07,24000,15.14,8, 21000, 87.50
FORCEMOT, EQ, 12-Aug-2021,1389.25,1428.0,1458.0,1401.5, 1415.00,1416.65,1430.08,190794,2728.51,15614, 19847, 10.40
FORTIS, EQ, 12-Aug-2021,235.85,236.85,244.3,233.45, 241.25,241.25,241.03,2101244,5064.68,23823, 844451, 40.19
FOSECOIND, EQ, 12-Aug-2021,1484.7,1492.15,1574.9,1481.9, 1560.00,1551.9,1540.33,3178,48.95,589, 1421, 44.71
FRETAIL, EQ, 12-Aug-2021,49.0,49.6,51.6,48.65, 49.80,49.95,49.92,2273946,1135.16,13271, 783042, 34.44
FSC, EQ, 12-Aug-2021,68.8,68.8,72.7,67.65, 68.15,69.5,69.93,106885,74.75,2154, 35224, 32.96
FSL, EQ, 12-Aug-2021,180.3,181.0,205.0,180.5, 202.75,202.1,195.82,16037826,31405.99,117365, 2613495, 16.30
GABRIEL, EQ, 12-Aug-2021,139.1,140.0,153.3,140.0, 151.40,149.9,147.0,3002518,4413.73,26015, 1104056, 36.77
GAEL, EQ, 12-Aug-2021,174.8,176.25,188.0,175.6, 185.35,185.15,182.37,531648,969.56,7469, 200064, 37.63
GAIL, EQ, 12-Aug-2021,147.15,147.75,151.0,146.55, 150.90,150.65,149.7,15379819,23022.98,62272, 6272355, 40.78
GAL, EQ, 12-Aug-2021,2.8,2.8,3.05,2.7, 3.05,3.05,2.98,1702946,50.81,943, 1356916, 79.68
GALAXYSURF, EQ, 12-Aug-2021,3075.55,3075.0,3099.0,3051.95, 3075.00,3062.95,3077.34,44707,1375.79,7887, 29969, 67.03
GALLANTT, EQ, 12-Aug-2021,70.05,70.7,75.4,70.6, 73.80,73.0,73.73,117130,86.36,3484, 59146, 50.50
GALLISPAT, EQ, 12-Aug-2021,58.55,59.0,60.85,58.75, 59.50,59.5,59.81,75886,45.39,2171, 29919, 39.43
GAMMNINFRA, BE, 12-Aug-2021,1.8,1.75,1.85,1.75, 1.85,1.85,1.77,1925899,34.1,1301, -, -
GANDHITUBE, EQ, 12-Aug-2021,456.0,477.9,499.7,477.9, 492.85,491.9,490.25,65010,318.71,4825, 19531, 30.04
GANECOS, EQ, 12-Aug-2021,514.0,521.95,533.95,516.95, 532.60,530.4,527.85,20070,105.94,1342, 14798, 73.73
GANESHHOUC, EQ, 12-Aug-2021,116.5,115.7,117.85,114.05, 116.50,116.5,116.11,17856,20.73,254, 8612, 48.23
GANGAFORGE, EQ, 12-Aug-2021,120.1,115.2,121.8,115.2, 120.80,121.25,121.08,69744,84.44,371, 24667, 35.37
GANGESSECU, EQ, 12-Aug-2021,77.25,81.95,84.9,77.9, 83.95,83.7,82.19,8125,6.68,435, 3711, 45.67
GARFIBRES, EQ, 12-Aug-2021,3241.9,3265.0,3312.0,3187.3, 3275.00,3289.85,3239.23,30647,992.73,5897, 14512, 47.35
GATI, EQ, 12-Aug-2021,146.55,147.5,153.75,146.5, 151.00,151.4,150.74,1054075,1588.93,14904, 234314, 22.23
GAYAPROJ, EQ, 12-Aug-2021,39.2,39.6,43.1,39.35, 41.70,41.65,41.29,1888601,779.82,6416, 884646, 46.84
GDL, BE, 12-Aug-2021,271.95,272.0,277.9,260.2, 272.45,272.2,273.24,33444,91.38,735, -, -
GEECEE, EQ, 12-Aug-2021,143.65,144.0,156.9,142.7, 146.50,148.15,148.59,46493,69.09,3569, 17978, 38.67
GEEKAYWIRE, EQ, 12-Aug-2021,91.9,90.3,93.05,87.55, 88.50,88.35,88.98,47338,42.12,757, 38542, 81.42
GENCON, EQ, 12-Aug-2021,44.5,45.55,46.85,44.3, 46.70,45.6,45.1,18135,8.18,293, 8098, 44.65
GENESYS, EQ, 12-Aug-2021,142.15,145.9,148.85,140.05, 146.65,145.1,143.19,15349,21.98,285, 7891, 51.41
GENUSPAPER, BE, 12-Aug-2021,10.05,10.3,10.55,9.6, 10.55,10.55,10.04,338911,34.02,608, -, -
GENUSPOWER, EQ, 12-Aug-2021,56.55,56.9,66.3,56.7, 62.90,63.0,62.81,2510262,1576.73,17718, 638111, 25.42
GEOJITFSL, EQ, 12-Aug-2021,80.5,84.95,85.9,82.0, 84.90,84.95,84.0,649981,546.01,7140, 227453, 34.99
GEPIL, EQ, 12-Aug-2021,318.95,298.6,307.4,285.1, 306.55,304.8,301.32,577196,1739.23,14999, 182389, 31.60
GESHIP, EQ, 12-Aug-2021,304.3,307.9,314.3,307.1, 312.00,313.05,310.84,418713,1301.52,26069, 236759, 56.54
GET&D, EQ, 12-Aug-2021,133.1,135.0,139.0,134.55, 137.00,137.2,136.91,140811,192.78,2879, 64088, 45.51
GFLLIMITED, EQ, 12-Aug-2021,67.9,68.0,70.0,68.0, 69.75,69.65,69.03,66022,45.58,1323, 41243, 62.47
GFSTEELS, BE, 12-Aug-2021,2.95,2.95,2.95,2.85, 2.85,2.85,2.86,45,0.0,2, -, -
GHCL, EQ, 12-Aug-2021,348.05,351.05,365.0,350.05, 357.15,354.4,357.53,245837,878.94,9574, 101892, 41.45
GICHSGFIN, EQ, 12-Aug-2021,169.7,158.15,161.85,151.9, 156.00,155.7,157.26,1843717,2899.47,20898, 860731, 46.68
GICRE, EQ, 12-Aug-2021,164.3,165.0,167.95,164.1, 167.00,166.45,165.58,385269,637.94,10694, 170509, 44.26
GILLANDERS, BE, 12-Aug-2021,46.65,46.0,48.95,45.0, 48.95,48.95,48.55,7571,3.68,41, -, -
GILLETTE, EQ, 12-Aug-2021,5893.1,5899.0,5936.05,5860.05, 5860.05,5892.2,5902.41,12926,762.95,1747, 11032, 85.35
GINNIFILA, EQ, 12-Aug-2021,31.6,32.05,33.7,31.55, 32.30,32.4,32.77,178322,58.44,1293, 109208, 61.24
GIPCL, EQ, 12-Aug-2021,87.6,88.35,89.9,87.7, 89.70,89.3,88.86,424404,377.15,4667, 162376, 38.26
GIRIRAJ, SM, 12-Aug-2021,82.9,78.8,78.8,78.8, 78.80,78.8,78.8,1200,0.95,1, 1200, 100.00
GKWLIMITED, EQ, 12-Aug-2021,694.2,698.4,709.8,682.05, 701.10,701.45,699.11,389,2.72,73, 193, 49.61
GLAND, EQ, 12-Aug-2021,4150.15,4154.9,4350.0,4092.15, 4310.00,4316.25,4271.78,446729,19083.3,29356, 192928, 43.19
GLAXO, EQ, 12-Aug-2021,1619.25,1610.1,1637.95,1605.0, 1610.85,1607.95,1615.07,32837,530.34,4257, 14001, 42.64
GLENMARK, EQ, 12-Aug-2021,578.4,580.9,583.3,567.6, 570.40,570.6,574.67,1232132,7080.66,40098, 398348, 32.33
GLOBAL, EQ, 12-Aug-2021,46.65,45.0,48.25,45.0, 48.00,47.1,47.08,7450,3.51,76, 4469, 59.99
GLOBALVECT, EQ, 12-Aug-2021,53.25,51.1,55.85,51.1, 55.45,55.35,55.06,29183,16.07,522, 17103, 58.61
GLOBE, BE, 12-Aug-2021,12.85,12.25,12.25,12.25, 12.25,12.25,12.25,61400,7.52,535, -, -
GLOBUSSPR, BE, 12-Aug-2021,853.55,896.2,896.2,885.4, 896.20,896.2,895.65,247729,2218.77,4266, -, -
GLS, EQ, 12-Aug-2021,748.0,751.75,767.1,748.0, 753.25,751.95,756.69,502395,3801.56,21026, 224161, 44.62
GMBREW, EQ, 12-Aug-2021,540.1,540.1,585.0,540.1, 576.60,576.75,572.98,142621,817.18,7895, 40879, 28.66
GMDCLTD, EQ, 12-Aug-2021,64.1,64.15,67.65,64.1, 67.30,66.65,66.05,899718,594.28,5626, 370285, 41.16
GMMPFAUDLR, EQ, 12-Aug-2021,4568.1,4572.0,4685.0,4568.0, 4682.00,4667.15,4641.73,26534,1231.64,6430, 9847, 37.11
GMRINFRA, EQ, 12-Aug-2021,27.95,28.0,28.45,27.95, 28.20,28.15,28.19,7524472,2121.0,14170, 2198105, 29.21
GNA, EQ, 12-Aug-2021,671.6,681.0,719.7,680.95, 706.30,707.65,704.53,204656,1441.86,8731, 75242, 36.77
GNFC, EQ, 12-Aug-2021,346.45,349.9,359.65,349.5, 357.05,357.25,355.6,309933,1102.11,8616, 166627, 53.76
GOACARBON, EQ, 12-Aug-2021,388.2,394.9,408.8,394.9, 402.10,403.3,402.66,52172,210.08,2308, 24788, 47.51
GOCLCORP, EQ, 12-Aug-2021,291.55,296.0,315.95,294.3, 314.00,309.3,307.23,521671,1602.71,10596, 327310, 62.74
GODFRYPHLP, EQ, 12-Aug-2021,985.15,988.1,1020.0,980.0, 1015.10,1014.65,1007.54,47176,475.32,3477, 11925, 25.28
GODHA, BE, 12-Aug-2021,39.25,39.25,39.25,37.3, 37.30,37.3,39.1,37,0.01,4, -, -
GODREJAGRO, EQ, 12-Aug-2021,646.85,648.1,677.35,648.1, 659.85,663.35,666.86,284960,1900.28,11768, 56739, 19.91
GODREJCP, EQ, 12-Aug-2021,979.8,978.85,992.45,974.7, 990.50,990.8,988.31,612459,6052.98,18686, 262076, 42.79
GODREJIND, EQ, 12-Aug-2021,565.5,566.0,577.8,560.6, 567.00,566.15,568.83,245484,1396.4,6821, 156140, 63.60
GODREJPROP, EQ, 12-Aug-2021,1546.0,1530.0,1568.5,1520.95, 1555.40,1557.0,1551.65,463899,7198.08,20447, 156635, 33.76
GOENKA, BZ, 12-Aug-2021,1.2,1.15,1.2,1.15, 1.20,1.15,1.16,240784,2.79,148, -, -
GOKEX, EQ, 12-Aug-2021,217.95,220.0,226.1,216.0, 221.00,220.3,221.99,194098,430.88,4357, 94226, 48.55
GOKUL, EQ, 12-Aug-2021,28.65,28.05,34.35,28.05, 31.35,31.4,32.31,683388,220.83,3891, 214173, 31.34
GOKULAGRO, EQ, 12-Aug-2021,40.0,41.3,43.5,40.5, 43.20,42.8,42.45,854906,362.94,2388, 752366, 88.01
GOLDBEES, EQ, 12-Aug-2021,40.26,40.94,40.94,39.88, 40.56,40.56,40.55,3244252,1315.63,15033, 2517491, 77.60
GOLDENTOBC, EQ, 12-Aug-2021,115.15,109.9,114.8,109.4, 109.40,109.4,109.8,97184,106.71,815, 67292, 69.24
GOLDIAM, EQ, 12-Aug-2021,679.7,687.95,725.0,687.95, 696.90,696.75,705.9,201186,1420.16,9855, 81309, 40.41
GOLDSHARE, EQ, 12-Aug-2021,40.4,40.75,41.1,40.55, 40.95,40.95,40.92,183859,75.24,469, 159700, 86.86
GOLDSTAR, SM, 12-Aug-2021,20.0,20.0,20.0,20.0, 20.00,20.0,20.0,6000,1.2,1, 6000, 100.00
GOLDTECH, EQ, 12-Aug-2021,13.95,13.95,14.6,13.95, 14.60,14.6,14.38,65052,9.36,197, 49194, 75.62
GOODLUCK, EQ, 12-Aug-2021,284.15,290.0,298.35,287.0, 291.30,290.9,294.01,189812,558.07,4961, 90632, 47.75
GOODYEAR, EQ, 12-Aug-2021,1050.0,1050.0,1103.1,1048.4, 1098.00,1093.45,1080.98,42300,457.26,4459, 15428, 36.47
GPIL, BE, 12-Aug-2021,1411.65,1415.0,1420.0,1360.0, 1399.00,1396.0,1393.89,60956,849.66,2973, -, -
GPPL, EQ, 12-Aug-2021,100.95,101.3,105.0,101.25, 103.90,104.4,103.59,300654,311.45,5017, 155257, 51.64
GPTINFRA, EQ, 12-Aug-2021,85.55,90.0,92.95,86.1, 88.25,88.85,89.8,30141,27.07,761, 19547, 64.85
GRANULES, EQ, 12-Aug-2021,367.65,369.7,378.05,364.25, 372.00,372.5,371.53,1959215,7279.03,23620, 250432, 12.78
GRAPHITE, EQ, 12-Aug-2021,665.3,667.1,683.95,667.05, 677.50,677.15,676.44,467428,3161.88,16470, 167314, 35.79
GRASIM, EQ, 12-Aug-2021,1502.4,1499.8,1515.0,1488.65, 1492.75,1492.3,1501.57,506910,7611.59,26770, 103727, 20.46
GRAUWEIL, EQ, 12-Aug-2021,60.35,63.7,66.55,61.0, 65.30,65.15,63.98,283000,181.07,4165, 162202, 57.32
GRAVITA, EQ, 12-Aug-2021,171.6,174.4,182.5,173.05, 182.00,179.8,178.34,201227,358.88,3622, 105782, 52.57
GREAVESCOT, EQ, 12-Aug-2021,145.0,144.2,151.9,142.85, 144.00,143.6,146.4,4087306,5983.93,35932, 1706094, 41.74
GREENLAM, EQ, 12-Aug-2021,1317.55,1320.0,1342.95,1301.25, 1317.75,1316.2,1321.65,5952,78.66,1134, 2119, 35.60
GREENPANEL, BE, 12-Aug-2021,242.2,240.0,252.0,238.0, 250.50,249.85,246.19,180457,444.27,1876, -, -
GREENPLY, EQ, 12-Aug-2021,174.15,174.8,185.0,174.5, 180.30,181.3,179.62,444031,797.57,6830, 157550, 35.48
GREENPOWER, EQ, 12-Aug-2021,3.05,3.1,3.2,3.05, 3.20,3.2,3.17,3197150,101.34,1376, 2076447, 64.95
GRINDWELL, EQ, 12-Aug-2021,1217.85,1219.85,1244.0,1218.0, 1239.00,1237.5,1230.54,38240,470.56,5007, 24046, 62.88
GRINFRA, EQ, 12-Aug-2021,1620.2,1620.25,1661.95,1620.25, 1649.00,1650.1,1649.93,71501,1179.71,6685, 31681, 44.31
GROBTEA, EQ, 12-Aug-2021,1162.8,1148.05,1229.0,1130.95, 1188.00,1200.4,1205.19,4188,50.47,1384, 210, 5.01
GRPLTD, EQ, 12-Aug-2021,959.5,979.5,1011.9,961.45, 1001.00,994.85,995.17,2283,22.72,450, 1567, 68.64
GRSE, EQ, 12-Aug-2021,186.6,187.0,194.0,187.0, 192.20,192.5,190.68,148467,283.1,3586, 51849, 34.92
GSCLCEMENT, EQ, 12-Aug-2021,55.8,55.9,57.65,54.55, 55.50,55.3,56.03,657496,368.37,7736, 291148, 44.28
GSFC, EQ, 12-Aug-2021,111.8,114.0,114.4,109.35, 109.60,109.75,111.17,4063465,4517.41,20043, 2242061, 55.18
GSPL, EQ, 12-Aug-2021,338.65,341.0,355.0,339.15, 352.05,350.9,350.65,2500848,8769.25,34249, 1325746, 53.01
GSS, EQ, 12-Aug-2021,65.0,64.9,68.0,64.9, 66.55,66.5,66.58,120303,80.1,2341, 69547, 57.81
GTL, BE, 12-Aug-2021,16.65,15.85,16.85,15.85, 16.00,15.95,16.01,541792,86.72,1790, -, -
GTLINFRA, BE, 12-Aug-2021,2.65,2.55,2.75,2.55, 2.70,2.65,2.6,48036632,1248.6,16643, -, -
GTPL, EQ, 12-Aug-2021,212.45,213.5,228.5,213.5, 223.90,221.5,222.24,271949,604.37,8330, 85306, 31.37
GUFICBIO, EQ, 12-Aug-2021,192.1,201.0,224.4,195.0, 217.65,217.8,210.5,5044432,10618.45,69510, 2039747, 40.44
GUJALKALI, EQ, 12-Aug-2021,488.15,487.0,506.5,486.75, 492.90,495.2,496.55,745744,3702.96,18570, 225229, 30.20
GUJAPOLLO, EQ, 12-Aug-2021,226.95,231.7,234.1,225.1, 227.95,226.9,230.45,15854,36.54,1973, 5073, 32.00
GUJGASLTD, EQ, 12-Aug-2021,724.95,727.0,746.7,725.0, 744.55,742.55,739.72,1885627,13948.31,55831, 524544, 27.82
GUJRAFFIA, BE, 12-Aug-2021,38.15,36.25,38.2,36.25, 37.55,37.55,36.88,7151,2.64,110, -, -
GULFOILLUB, EQ, 12-Aug-2021,613.4,621.0,630.0,611.0, 613.70,613.0,617.72,43662,269.71,2725, 28413, 65.07
GULFPETRO, EQ, 12-Aug-2021,57.65,58.95,63.0,56.1, 59.60,61.05,59.63,75716,45.15,1890, 31670, 41.83
GULPOLY, BE, 12-Aug-2021,236.15,240.0,247.95,226.0, 247.95,247.95,243.06,37336,90.75,559, -, -
HAL, EQ, 12-Aug-2021,1094.65,1082.1,1113.95,1075.0, 1112.00,1104.5,1104.46,291074,3214.8,16889, 136837, 47.01
HAPPSTMNDS, EQ, 12-Aug-2021,1374.85,1378.8,1425.0,1378.4, 1392.05,1390.35,1402.05,976678,13693.55,51400, 403948, 41.36
HARRMALAYA, EQ, 12-Aug-2021,192.7,194.0,220.5,193.95, 213.00,213.35,212.12,634228,1345.3,23275, 105609, 16.65
HATHWAY, EQ, 12-Aug-2021,24.65,24.85,25.45,24.65, 25.30,25.35,25.15,3475027,874.13,6528, 1036053, 29.81
HATSUN, EQ, 12-Aug-2021,931.75,933.5,965.0,927.55, 942.30,940.1,948.12,69446,658.43,6724, 26769, 38.55
HAVELLS, EQ, 12-Aug-2021,1236.75,1254.0,1255.6,1226.05, 1231.50,1231.9,1236.06,2264764,27993.78,53135, 1136463, 50.18
HAVISHA, BE, 12-Aug-2021,1.55,1.5,1.5,1.5, 1.50,1.5,1.5,27509,0.41,71, -, -
HBANKETF, EQ, 12-Aug-2021,356.9,359.4,359.94,356.61, 359.94,357.99,357.58,581,2.08,55, 333, 57.31
HBLPOWER, EQ, 12-Aug-2021,42.9,43.05,51.45,43.05, 51.45,51.35,49.46,3400800,1681.93,14444, 1300442, 38.24
HBSL, EQ, 12-Aug-2021,42.95,45.05,45.05,43.75, 45.05,45.05,45.01,34112,15.35,259, 27637, 81.02
HCC, EQ, 12-Aug-2021,9.25,9.3,9.7,9.3, 9.70,9.7,9.59,2140870,205.28,2733, 1711427, 79.94
HCG, EQ, 12-Aug-2021,245.55,248.3,258.0,248.3, 256.00,253.4,254.54,376240,957.68,7267, 259195, 68.89
HCL-INSYS, EQ, 12-Aug-2021,13.0,12.95,13.65,12.45, 13.60,13.65,13.23,1991792,263.56,4597, 1304575, 65.50
HCLTECH, EQ, 12-Aug-2021,1066.95,1071.0,1101.15,1068.0, 1093.00,1096.5,1087.15,6540144,71101.38,189459, 3560573, 54.44
HDFC, EQ, 12-Aug-2021,2658.5,2656.6,2675.25,2646.6, 2666.00,2668.75,2662.35,1702479,45325.96,61672, 1100864, 64.66
HDFC, W3, 12-Aug-2021,770.0,784.7,784.7,770.0, 777.00,777.8,776.23,8400,65.2,14, 4200, 50.00
HDFCAMC, EQ, 12-Aug-2021,2946.25,2939.0,2973.95,2925.05, 2966.05,2970.6,2960.58,181456,5372.14,10278, 93616, 51.59
HDFCBANK, EQ, 12-Aug-2021,1494.95,1497.0,1507.6,1489.3, 1504.00,1501.4,1498.68,4298837,64425.67,118442, 2763118, 64.28
HDFCLIFE, EQ, 12-Aug-2021,666.65,666.5,675.9,665.4, 673.30,674.95,672.24,1822952,12254.61,53995, 1233860, 67.68
HDFCMFGETF, EQ, 12-Aug-2021,41.31,41.85,41.85,41.36, 41.58,41.63,41.58,401494,166.94,1168, 300251, 74.78
HDFCNIFETF, EQ, 12-Aug-2021,173.22,174.1,174.2,172.8, 174.09,173.91,173.7,7945,13.8,266, 7090, 89.24
HDFCSENETF, EQ, 12-Aug-2021,585.84,574.15,587.99,574.15, 587.88,585.52,586.29,1971,11.56,164, 866, 43.94
HDIL, BZ, 12-Aug-2021,4.7,4.55,4.9,4.55, 4.80,4.85,4.79,340305,16.3,404, -, -
HEG, EQ, 12-Aug-2021,2226.95,2286.75,2326.75,2259.0, 2284.90,2278.35,2284.71,203282,4644.4,19476, 82333, 40.50
HEIDELBERG, EQ, 12-Aug-2021,260.5,260.9,266.5,260.9, 266.00,265.9,264.33,190442,503.39,3438, 118721, 62.34
HEMIPROP, EQ, 12-Aug-2021,134.25,135.0,141.85,135.0, 138.00,138.5,138.98,807245,1121.93,9376, 285062, 35.31
HEOFRG1126, MF, 12-Aug-2021,11.95,12.41,12.41,12.41, 12.41,12.41,12.41,106,0.01,3, 105, 99.06
HERANBA, EQ, 12-Aug-2021,796.55,800.0,853.3,793.0, 850.00,844.95,825.73,1270491,10490.84,33442, 533440, 41.99
HERCULES, EQ, 12-Aug-2021,146.05,147.0,155.25,146.9, 152.90,152.3,151.6,129030,195.61,3678, 45698, 35.42
HERITGFOOD, EQ, 12-Aug-2021,473.05,474.75,490.0,474.7, 485.20,485.3,483.47,72799,351.96,3652, 35764, 49.13
HEROMOTOCO, EQ, 12-Aug-2021,2781.6,2800.0,2801.25,2775.0, 2782.55,2782.95,2785.77,410605,11438.53,32067, 192344, 46.84
HESTERBIO, EQ, 12-Aug-2021,2201.65,2229.0,2547.0,2229.0, 2430.00,2415.05,2438.73,501846,12238.65,55137, 38602, 7.69
HEXATRADEX, EQ, 12-Aug-2021,174.85,183.55,183.55,183.55, 183.55,183.55,183.55,47824,87.78,88, 47824, 100.00
HFCL, BE, 12-Aug-2021,65.3,65.8,68.55,65.0, 68.55,68.25,67.72,3002807,2033.35,11642, -, -
HGINFRA, EQ, 12-Aug-2021,528.35,550.0,558.5,536.25, 543.35,542.45,543.29,154297,838.28,9174, 87158, 56.49
HGS, BE, 12-Aug-2021,3390.75,3555.0,3555.0,3250.0, 3470.00,3485.9,3449.5,160685,5542.83,5804, -, -
HIKAL, EQ, 12-Aug-2021,647.25,654.0,710.0,650.85, 705.00,701.3,686.23,2072942,14225.06,65386, 503631, 24.30
HIL, EQ, 12-Aug-2021,5539.1,5578.6,5809.2,5545.0, 5700.00,5701.55,5726.95,29046,1663.45,5884, 14128, 48.64
HILTON, EQ, 12-Aug-2021,12.35,12.15,12.95,11.85, 12.95,12.95,12.49,12319,1.54,146, 7641, 62.03
HIMATSEIDE, BE, 12-Aug-2021,240.65,244.4,252.65,237.85, 252.65,252.65,247.31,152950,378.27,1534, -, -
HINDALCO, EQ, 12-Aug-2021,436.65,436.9,444.3,433.85, 437.55,437.25,438.27,8349354,36593.01,96870, 1732921, 20.76
HINDCOMPOS, EQ, 12-Aug-2021,296.6,309.8,335.0,299.35, 326.00,326.3,321.88,61620,198.34,2658, 14370, 23.32
HINDCON, EQ, 12-Aug-2021,63.65,64.9,66.8,63.65, 66.80,66.8,66.4,25820,17.14,295, 19403, 75.15
HINDCOPPER, EQ, 12-Aug-2021,128.7,130.0,134.6,129.1, 134.20,133.45,132.12,2677180,3537.16,18746, 767117, 28.65
HINDMOTORS, EQ, 12-Aug-2021,8.9,8.8,8.85,8.25, 8.60,8.55,8.5,397771,33.81,1258, 244684, 61.51
HINDNATGLS, BE, 12-Aug-2021,40.0,39.9,42.0,39.0, 42.00,42.0,41.34,12322,5.09,110, -, -
HINDOILEXP, EQ, 12-Aug-2021,151.0,152.5,158.5,151.45, 154.60,154.05,155.13,656778,1018.85,10077, 308036, 46.90
HINDPETRO, EQ, 12-Aug-2021,258.9,258.5,260.7,253.55, 255.95,255.2,256.3,4073140,10439.39,50652, 2288028, 56.17
HINDUNILVR, EQ, 12-Aug-2021,2390.45,2395.0,2413.5,2377.45, 2395.00,2392.3,2395.04,1226064,29364.69,67754, 723881, 59.04
HINDZINC, EQ, 12-Aug-2021,316.15,319.0,321.95,315.7, 319.40,319.8,319.46,893026,2852.88,18531, 363107, 40.66
HIRECT, EQ, 12-Aug-2021,148.05,150.25,167.1,148.0, 159.00,159.25,159.22,112959,179.85,4492, 33774, 29.90
HISARMETAL, EQ, 12-Aug-2021,127.5,131.95,137.7,127.7, 137.00,136.2,133.87,43927,58.81,1897, 14743, 33.56
HITECH, EQ, 12-Aug-2021,576.9,595.0,603.0,578.05, 590.00,589.8,592.9,60546,358.98,2218, 26314, 43.46
HITECHCORP, EQ, 12-Aug-2021,210.65,215.95,222.0,215.1, 219.50,219.3,219.29,9000,19.74,273, 6390, 71.00
HITECHGEAR, EQ, 12-Aug-2021,275.6,268.0,295.6,268.0, 289.80,290.85,289.05,31137,90.0,1636, 21334, 68.52
HLEGLAS, EQ, 12-Aug-2021,3165.65,3170.0,3235.05,3170.0, 3227.10,3220.15,3208.39,4479,143.7,1478, 3307, 73.83
HLVLTD, EQ, 12-Aug-2021,8.5,8.55,9.1,8.55, 8.80,8.9,8.87,249403,22.12,632, 171636, 68.82
HMT, BZ, 12-Aug-2021,30.25,30.3,31.0,29.5, 31.00,30.25,30.17,9265,2.8,105, -, -
HMVL, EQ, 12-Aug-2021,78.3,78.4,80.9,78.1, 80.35,80.5,79.95,109251,87.35,2434, 55245, 50.57
HNDFDS, BE, 12-Aug-2021,1887.15,1900.0,1980.0,1870.0, 1940.00,1940.55,1925.18,4949,95.28,834, -, -
HNGSNGBEES, EQ, 12-Aug-2021,333.5,315.0,334.46,315.0, 330.00,330.63,332.21,1625,5.4,132, 1444, 88.86
HOMEFIRST, EQ, 12-Aug-2021,560.75,564.75,582.9,563.7, 576.10,576.3,572.37,114167,653.46,3219, 95068, 83.27
HONAUT, EQ, 12-Aug-2021,40140.75,40700.0,40800.0,40289.1, 40505.00,40426.35,40465.23,1071,433.38,749, 509, 47.53
HONDAPOWER, EQ, 12-Aug-2021,1220.0,1240.0,1295.0,1235.0, 1252.00,1264.8,1268.21,51479,652.86,5353, 26920, 52.29
HOVS, BE, 12-Aug-2021,69.45,69.45,72.9,69.0, 72.90,72.9,71.81,5867,4.21,82, -, -
HPL, EQ, 12-Aug-2021,71.3,71.8,74.85,71.8, 74.85,74.85,74.35,173256,128.82,1422, 90289, 52.11
HSCL, EQ, 12-Aug-2021,47.7,48.0,50.45,47.85, 50.10,49.85,49.06,5352444,2626.05,18217, 1333592, 24.92
HSIL, EQ, 12-Aug-2021,222.5,225.0,239.0,222.95, 239.00,237.2,233.15,253620,591.31,6488, 104586, 41.24
HTMEDIA, EQ, 12-Aug-2021,26.3,26.2,27.8,26.2, 27.45,27.55,27.32,399828,109.22,2363, 213189, 53.32
HUBTOWN, BE, 12-Aug-2021,39.6,40.1,40.1,37.8, 38.50,38.95,38.82,41773,16.22,152, -, -
HUDCO, EQ, 12-Aug-2021,43.45,43.8,44.45,43.6, 44.10,44.15,44.11,1431570,631.41,6278, 599758, 41.90
HUDCO, N3, 12-Aug-2021,1054.99,1055.0,1056.99,1055.0, 1056.99,1056.99,1055.95,375,3.96,21, 375, 100.00
HUDCO, N5, 12-Aug-2021,1195.64,1188.1,1196.0,1188.1, 1196.00,1196.0,1192.05,200,2.38,2, 100, 50.00
HUDCO, N8, 12-Aug-2021,1236.1,1240.0,1240.0,1240.0, 1240.00,1240.0,1240.0,195,2.42,2, 195, 100.00
HUDCO, N9, 12-Aug-2021,1260.0,1262.5,1269.99,1262.0, 1269.99,1269.99,1262.14,530,6.69,7, 530, 100.00
HUDCO, ND, 12-Aug-2021,1301.33,1305.0,1307.5,1305.0, 1307.50,1307.5,1305.45,138,1.8,4, 113, 81.88
HUDCO, NE, 12-Aug-2021,1445.0,1450.0,1450.0,1416.0, 1416.00,1416.0,1425.82,410,5.85,11, 409, 99.76
HUHTAMAKI, EQ, 12-Aug-2021,275.25,278.6,284.0,276.5, 282.00,281.15,280.12,139129,389.73,4856, 62366, 44.83
IBMFNIFTY, EQ, 12-Aug-2021,162.53,157.66,162.5,157.66, 161.99,161.37,161.1,722,1.16,56, 446, 61.77
IBREALEST, EQ, 12-Aug-2021,147.4,150.25,155.5,148.65, 152.60,152.95,152.81,12146492,18561.37,73366, 5118782, 42.14
IBUCCREDIT, N9, 12-Aug-2021,1010.2,1010.2,1014.0,1010.2, 1014.00,1014.0,1010.31,171,1.73,2, 171, 100.00
IBUCCREDIT, NB, 12-Aug-2021,920.0,919.9,921.0,919.9, 921.00,920.45,920.45,100,0.92,3, 100, 100.00
IBULHSGFIN, EQ, 12-Aug-2021,246.95,248.55,254.3,246.0, 248.35,248.35,249.84,10777678,26927.2,82966, 2321990, 21.54
IBULHSGFIN, N8, 12-Aug-2021,955.5,965.0,978.0,965.0, 970.00,970.0,975.0,202,1.97,8, 202, 100.00
IBULHSGFIN, NA, 12-Aug-2021,996.25,1007.5,1007.5,983.0, 983.00,983.0,983.6,82,0.81,2, 82, 100.00
ICDSLTD, BE, 12-Aug-2021,55.35,58.1,58.1,58.1, 58.10,58.1,58.1,5270,3.06,66, -, -
ICEMAKE, EQ, 12-Aug-2021,75.95,76.0,79.15,74.5, 76.00,76.75,77.53,25503,19.77,501, 10018, 39.28
ICICI500, EQ, 12-Aug-2021,228.18,231.2,231.2,227.0, 230.60,230.56,230.18,1915,4.41,153, 1405, 73.37
ICICIALPLV, EQ, 12-Aug-2021,163.37,164.1,165.58,163.1, 164.60,164.59,164.68,3077,5.07,183, 2636, 85.67
ICICIB22, EQ, 12-Aug-2021,40.19,40.45,40.75,39.87, 40.75,40.66,40.49,305244,123.6,3019, 269805, 88.39
ICICIBANK, EQ, 12-Aug-2021,693.55,693.5,702.95,693.3, 702.40,701.35,699.27,8840339,61817.49,136456, 5361109, 60.64
ICICIBANKN, EQ, 12-Aug-2021,356.8,354.1,358.47,354.1, 358.42,358.41,357.28,7474,26.7,166, 5105, 68.30
ICICIBANKP, EQ, 12-Aug-2021,184.0,183.9,185.0,183.15, 184.10,184.06,183.62,2875,5.28,79, 1895, 65.91
ICICIFMCG, EQ, 12-Aug-2021,363.62,370.89,374.0,361.53, 366.36,366.84,366.36,10552,38.66,139, 7061, 66.92
ICICIGI, EQ, 12-Aug-2021,1441.65,1446.0,1459.5,1426.5, 1450.00,1450.05,1440.0,923594,13299.74,27842, 695836, 75.34
ICICIGOLD, EQ, 12-Aug-2021,41.26,41.28,41.69,41.28, 41.56,41.58,41.58,457489,190.22,1415, 419720, 91.74
ICICILIQ, EQ, 12-Aug-2021,999.99,999.95,1000.0,999.95, 1000.00,999.99,1000.0,163953,1639.53,124, 85343, 52.05
ICICILOVOL, EQ, 12-Aug-2021,132.49,129.49,134.47,128.27, 133.20,133.02,133.13,45387,60.42,942, 42125, 92.81
ICICIM150, EQ, 12-Aug-2021,103.85,104.9,105.47,103.11, 105.39,105.4,105.19,8132,8.55,277, 5307, 65.26
ICICIMCAP, EQ, 12-Aug-2021,95.35,96.35,96.49,95.7, 96.49,96.42,96.22,2393,2.3,181, 1609, 67.24
ICICINF100, EQ, 12-Aug-2021,177.86,175.0,179.79,175.0, 179.50,179.2,179.21,2581,4.63,260, 1840, 71.29
ICICINIFTY, EQ, 12-Aug-2021,174.4,184.9,184.9,173.7, 175.20,175.06,175.17,221224,387.52,4235, 173442, 78.40
ICICINV20, EQ, 12-Aug-2021,88.62,89.29,89.6,88.2, 89.55,89.54,89.29,11658,10.41,1074, 10163, 87.18
ICICINXT50, EQ, 12-Aug-2021,40.01,40.59,40.64,39.97, 40.10,39.99,40.09,47984,19.24,645, 31473, 65.59
ICICIPHARM, EQ, 12-Aug-2021,89.26,89.5,90.0,88.07, 89.15,89.11,89.11,5020,4.47,165, 4014, 79.96
ICICIPRULI, EQ, 12-Aug-2021,656.4,652.0,672.3,645.0, 669.00,669.6,664.33,815791,5419.51,27278, 224507, 27.52
ICICISENSX, EQ, 12-Aug-2021,590.1,592.99,596.0,590.95, 595.50,595.46,593.51,612,3.63,105, 334, 54.58
ICICITECH, EQ, 12-Aug-2021,321.28,324.0,328.12,315.95, 326.00,326.74,324.28,13861,44.95,369, 7012, 50.59
ICIL, EQ, 12-Aug-2021,252.15,247.55,264.9,247.55, 264.45,263.9,259.3,302566,784.56,6485, 163522, 54.05
ICRA, EQ, 12-Aug-2021,3496.25,3502.9,3698.65,3500.0, 3670.00,3660.95,3610.38,8279,298.9,1968, 2906, 35.10
IDBI, EQ, 12-Aug-2021,37.35,37.3,38.4,37.3, 38.15,38.15,37.99,7388828,2807.25,22652, 3417001, 46.25
IDBIGOLD, EQ, 12-Aug-2021,4262.15,4266.35,4330.35,4266.0, 4330.35,4311.7,4284.21,66,2.83,23, 37, 56.06
IDEA, EQ, 12-Aug-2021,6.65,6.7,6.75,6.45, 6.55,6.5,6.55,121102582,7930.04,113287, 36518510, 30.16
IDFC, EQ, 12-Aug-2021,51.85,51.2,51.75,50.4, 50.80,51.0,50.96,5164744,2631.87,19508, 2162442, 41.87
IDFCFIRSTB, EQ, 12-Aug-2021,46.9,46.65,46.8,45.65, 45.90,45.9,45.98,31912922,14674.01,63392, 9257924, 29.01
IDFCFIRSTB, N9, 12-Aug-2021,5265.0,5300.0,5300.0,5240.0, 5240.00,5240.0,5271.22,14,0.74,4, 14, 100.00
IDFCFIRSTB, NB, 12-Aug-2021,5165.01,5155.0,5189.0,5150.01, 5189.00,5189.0,5165.18,46,2.38,8, 46, 100.00
IDFCFIRSTB, NC, 12-Aug-2021,10926.0,10926.0,10931.0,10926.0, 10931.00,10931.0,10927.13,16,1.75,7, 16, 100.00
IDFNIFTYET, EQ, 12-Aug-2021,170.62,170.87,171.6,170.87, 171.60,171.59,171.29,30,0.05,7, 21, 70.00
IEX, EQ, 12-Aug-2021,398.45,400.4,411.7,400.0, 406.80,405.55,405.98,3255335,13216.11,64414, 1613416, 49.56
IFBAGRO, EQ, 12-Aug-2021,605.65,612.35,632.7,608.0, 613.10,613.6,617.83,29056,179.52,2564, 10565, 36.36
IFBIND, EQ, 12-Aug-2021,945.55,954.0,960.35,917.0, 924.00,921.05,929.49,42651,396.44,3653, 22931, 53.76
IFCI, EQ, 12-Aug-2021,12.4,12.4,13.1,12.4, 12.80,12.8,12.78,3960247,506.04,9096, 1320034, 33.33
IFCI, NG, 12-Aug-2021,1880.0,1885.0,1885.0,1885.0, 1885.00,1885.0,1885.0,20,0.38,1, 20, 100.00
IFCI, NH, 12-Aug-2021,1090.0,1091.0,1091.0,1090.0, 1090.00,1090.0,1090.38,146,1.59,7, 146, 100.00
IFCI, NL, 12-Aug-2021,1062.0,1060.0,1060.0,1051.0, 1056.00,1054.72,1055.27,1612,17.01,39, 1412, 87.59
IFGLEXPOR, EQ, 12-Aug-2021,401.1,405.0,411.9,392.3, 410.15,408.25,403.53,24740,99.83,1705, 16327, 65.99
IGARASHI, EQ, 12-Aug-2021,483.45,489.4,500.0,485.0, 488.00,489.65,494.46,119733,592.03,6939, 39327, 32.85
IGL, EQ, 12-Aug-2021,521.9,524.6,537.75,511.25, 536.35,536.65,530.4,3258057,17280.81,42681, 1591006, 48.83
IGPL, EQ, 12-Aug-2021,616.9,619.0,635.0,618.65, 628.80,630.65,627.96,86150,540.99,4455, 42244, 49.04
IIFCL, N4, 12-Aug-2021,1409.96,1420.0,1420.0,1411.0, 1419.00,1419.82,1419.78,582,8.26,9, 557, 95.70
IIFL, BE, 12-Aug-2021,298.4,300.0,305.0,294.0, 296.00,295.6,300.85,96434,290.12,1315, -, -
IIFL, N2, 12-Aug-2021,1049.0,1059.0,1059.0,1059.0, 1059.00,1059.0,1059.0,100,1.06,3, 100, 100.00
IIFL, N4, 12-Aug-2021,1018.46,1020.0,1020.0,1018.0, 1018.00,1018.0,1018.65,250,2.55,3, 250, 100.00
IIFL, N5, 12-Aug-2021,1065.55,1060.7,1060.7,1060.7, 1060.70,1060.7,1060.7,210,2.23,2, 210, 100.00
IIFL, N6, 12-Aug-2021,1020.0,1020.0,1030.0,1017.0, 1017.00,1017.0,1024.28,47,0.48,4, 47, 100.00
IIFL, N7, 12-Aug-2021,1053.0,1015.11,1045.0,968.0, 1045.00,1045.0,1026.23,895,9.18,13, 650, 72.63
IIFL, NA, 12-Aug-2021,1204.0,1204.3,1204.3,1204.3, 1204.30,1204.3,1204.3,190,2.29,7, 190, 100.00
IIFL, NC, 12-Aug-2021,1034.0,1015.01,1015.01,1015.0, 1015.00,1015.0,1015.0,57,0.58,3, 57, 100.00
IIFL, NE, 12-Aug-2021,998.97,986.2,999.0,986.2, 994.00,997.19,997.43,635,6.33,19, 405, 63.78
IIFL, NF, 12-Aug-2021,990.5,990.05,993.0,989.5, 993.00,992.74,990.3,1673,16.57,21, 1551, 92.71
IIFL, NG, 12-Aug-2021,985.0,985.0,985.0,985.0, 985.00,985.0,985.0,60,0.59,2, 60, 100.00
IIFLSEC, EQ, 12-Aug-2021,96.8,96.8,102.4,96.8, 102.10,101.6,100.08,754574,755.16,6558, 382890, 50.74
IIFLWAM, EQ, 12-Aug-2021,1562.7,1547.75,1576.25,1515.0, 1528.50,1529.95,1542.45,48492,747.97,4464, 19820, 40.87
IIHFL, N4, 12-Aug-2021,996.0,996.0,996.0,992.01, 992.10,992.1,992.65,1340,13.3,39, 1340, 100.00
IIHFL, N5, 12-Aug-2021,986.97,990.0,990.0,986.1, 988.00,988.0,987.68,5609,55.4,89, 5606, 99.95
IIHFL, N6, 12-Aug-2021,957.0,957.0,1025.0,957.0, 1025.00,1025.0,989.28,99,0.98,4, 52, 52.53
IITL, EQ, 12-Aug-2021,63.55,64.25,66.7,62.4, 66.70,65.8,64.95,3467,2.25,137, 2300, 66.34
IL&FSENGG, BZ, 12-Aug-2021,4.65,4.65,4.85,4.6, 4.85,4.85,4.82,15644,0.75,37, -, -
IL&FSTRANS, BZ, 12-Aug-2021,3.65,3.5,3.8,3.5, 3.80,3.7,3.72,264353,9.83,296, -, -
IMAGICAA, EQ, 12-Aug-2021,8.35,8.35,8.7,8.35, 8.65,8.6,8.53,60973,5.2,211, 46745, 76.67
IMFA, BE, 12-Aug-2021,813.0,820.0,830.0,780.0, 818.00,820.75,810.68,28074,227.59,954, -, -
IMPAL, EQ, 12-Aug-2021,781.95,834.0,834.0,776.65, 786.00,789.6,800.05,4628,37.03,693, 1402, 30.29
INCREDIBLE, BE, 12-Aug-2021,31.35,32.3,32.4,30.1, 31.70,30.95,31.02,6407,1.99,69, -, -
INDBANK, EQ, 12-Aug-2021,25.5,25.95,27.5,25.95, 26.95,26.85,26.78,218350,58.47,1331, 114565, 52.47
INDHOTEL, EQ, 12-Aug-2021,141.1,142.1,145.45,141.7, 143.70,143.15,144.06,3405381,4905.93,22692, 1517233, 44.55
INDIACEM, EQ, 12-Aug-2021,178.75,178.6,182.35,176.35, 177.60,177.65,178.21,2534389,4516.62,20679, 988838, 39.02
INDIAGLYCO, EQ, 12-Aug-2021,666.05,673.0,698.3,672.65, 681.00,681.05,686.82,195079,1339.84,6419, 75173, 38.53
INDIAMART, EQ, 12-Aug-2021,7148.9,7200.0,7267.95,7150.0, 7175.00,7166.85,7220.7,20792,1501.33,6744, 8962, 43.10
INDIANB, EQ, 12-Aug-2021,128.4,128.5,132.95,128.5, 131.40,130.95,130.88,2151476,2815.78,16110, 908202, 42.21
INDIANCARD, BE, 12-Aug-2021,184.9,187.0,192.0,181.1, 192.00,191.4,187.11,2654,4.97,44, -, -
INDIANHUME, EQ, 12-Aug-2021,209.8,209.3,229.0,209.05, 225.50,224.5,222.59,157663,350.95,7078, 59023, 37.44
INDIGO, EQ, 12-Aug-2021,1640.85,1643.0,1678.9,1637.0, 1671.95,1669.3,1657.91,307770,5102.54,14205, 57239, 18.60
INDIGOPNTS, EQ, 12-Aug-2021,2417.1,2421.0,2449.4,2385.0, 2412.75,2422.0,2422.24,26471,641.19,7278, 15169, 57.30
INDIGRID, IV, 12-Aug-2021,138.65,139.39,139.39,134.85, 137.00,137.45,136.24,886270,1207.45,8585, 743864, 83.93
INDIGRID, NB, 12-Aug-2021,1022.0,950.0,950.0,950.0, 950.00,950.0,950.0,8,0.08,1, 8, 100.00
INDIGRID, NJ, 12-Aug-2021,1053.99,1054.67,1054.67,1053.5, 1053.50,1053.5,1053.6,320,3.37,4, 300, 93.75
INDIGRID, NL, 12-Aug-2021,1040.0,1040.0,1040.0,1036.1, 1036.10,1036.1,1038.85,34,0.35,2, 34, 100.00
INDLMETER, EQ, 12-Aug-2021,12.7,12.9,13.3,12.5, 12.95,13.05,12.87,22868,2.94,108, 18585, 81.27
INDNIPPON, EQ, 12-Aug-2021,353.7,357.75,368.9,355.0, 367.00,365.2,362.59,55543,201.4,3573, 24500, 44.11
INDOCO, EQ, 12-Aug-2021,441.9,455.4,530.25,455.4, 500.00,519.65,509.34,8219543,41865.77,150783, 1241288, 15.10
INDORAMA, BE, 12-Aug-2021,49.9,50.0,52.35,50.0, 52.35,52.35,52.13,26352,13.74,142, -, -
INDOSOLAR, BZ, 12-Aug-2021,2.55,2.6,2.6,2.45, 2.60,2.55,2.52,138739,3.5,224, -, -
INDOSTAR, EQ, 12-Aug-2021,340.5,345.15,348.0,338.35, 342.05,343.3,342.39,76182,260.84,3036, 44928, 58.97
INDOTECH, BE, 12-Aug-2021,207.95,197.6,207.9,197.6, 197.60,197.6,198.45,31162,61.84,309, -, -
INDOTHAI, EQ, 12-Aug-2021,70.6,71.6,74.1,70.1, 70.15,70.7,71.76,110545,79.32,502, 63172, 57.15
INDOWIND, BE, 12-Aug-2021,6.9,7.0,7.15,6.8, 7.05,7.05,7.04,101992,7.18,275, -, -
INDRAMEDCO, EQ, 12-Aug-2021,75.6,75.6,78.7,75.6, 77.75,78.0,77.6,273635,212.33,4708, 108720, 39.73
INDSWFTLAB, EQ, 12-Aug-2021,71.95,72.45,76.2,72.25, 75.00,75.0,74.78,239723,179.26,4451, 128472, 53.59
INDSWFTLTD, BE, 12-Aug-2021,9.5,9.1,9.95,9.05, 9.40,9.1,9.61,205912,19.79,216, -, -
INDTERRAIN, EQ, 12-Aug-2021,38.1,38.4,41.9,38.35, 41.90,41.85,41.61,819266,340.92,2928, 634628, 77.46
INDUSINDBK, EQ, 12-Aug-2021,1041.2,1046.45,1047.15,1027.25, 1036.45,1035.35,1035.35,2453701,25404.51,57535, 898062, 36.60
INDUSTOWER, EQ, 12-Aug-2021,213.1,213.2,215.5,212.15, 214.30,214.1,214.15,1689583,3618.24,15150, 835904, 49.47
INEOSSTYRO, EQ, 12-Aug-2021,1374.55,1374.5,1440.0,1374.45, 1413.00,1408.4,1401.53,92399,1295.0,8272, 43091, 46.64
INFIBEAM, EQ, 12-Aug-2021,42.0,42.2,42.9,42.1, 42.70,42.55,42.53,1580358,672.18,5632, 737062, 46.64
INFOBEAN, BE, 12-Aug-2021,377.7,360.0,396.55,360.0, 396.55,396.55,389.48,61871,240.98,1235, -, -
INFRABEES, EQ, 12-Aug-2021,464.81,468.0,473.12,464.55, 468.00,467.43,467.73,1928,9.02,88, 1753, 90.92
INFY, EQ, 12-Aug-2021,1677.55,1679.15,1696.5,1674.0, 1684.95,1689.6,1687.65,5659579,95513.99,152218, 4217591, 74.52
INGERRAND, EQ, 12-Aug-2021,954.55,955.0,996.0,950.05, 984.70,986.25,981.72,19617,192.58,2034, 8967, 45.71
INNOVANA, SM, 12-Aug-2021,179.6,170.65,170.65,170.65, 170.65,170.65,170.65,117000,199.66,24, 117000, 100.00
INNOVATIVE, SM, 12-Aug-2021,16.35,16.0,16.0,16.0, 16.00,16.0,16.0,3000,0.48,1, 3000, 100.00
INOXLEISUR, EQ, 12-Aug-2021,318.7,315.0,328.15,315.0, 324.60,325.55,323.77,669169,2166.55,12424, 235263, 35.16
INOXWIND, EQ, 12-Aug-2021,125.5,124.1,129.3,124.0, 127.00,127.15,126.26,300401,379.3,4091, 176319, 58.69
INSECTICID, EQ, 12-Aug-2021,758.85,768.0,785.0,755.3, 760.00,762.6,771.02,39373,303.57,2862, 16074, 40.82
INSPIRISYS, BE, 12-Aug-2021,57.0,54.2,55.9,54.15, 54.15,54.15,54.21,61618,33.4,175, -, -
INTELLECT, EQ, 12-Aug-2021,653.95,660.0,685.3,653.0, 685.05,681.5,673.95,630490,4249.22,19171, 273239, 43.34
INTENTECH, EQ, 12-Aug-2021,83.55,81.4,84.55,79.4, 79.40,79.4,82.16,320504,263.32,4596, 215476, 67.23
INVENTURE, EQ, 12-Aug-2021,3.15,3.15,3.25,3.1, 3.25,3.2,3.18,2332793,74.18,1179, 822369, 35.25
IOB, EQ, 12-Aug-2021,19.35,19.3,21.65,19.25, 21.35,21.3,20.77,21370560,4437.96,25017, 4921649, 23.03
IOC, EQ, 12-Aug-2021,104.65,104.65,105.5,103.75, 104.15,104.1,104.65,8961763,9378.73,50140, 3708293, 41.38
IOLCP, EQ, 12-Aug-2021,642.6,648.4,664.6,645.0, 655.00,656.05,655.0,348322,2281.51,9668, 127501, 36.60
IPCALAB, EQ, 12-Aug-2021,2413.25,2399.95,2409.9,2379.4, 2386.00,2387.2,2390.12,149422,3571.36,13017, 99859, 66.83
IPL, EQ, 12-Aug-2021,319.0,322.5,329.75,320.05, 325.95,327.45,325.68,465933,1517.44,9733, 226874, 48.69
IRB, EQ, 12-Aug-2021,152.7,154.1,165.8,152.5, 164.25,164.45,161.54,4270611,6898.8,34431, 877126, 20.54
IRBINVIT, IV, 12-Aug-2021,57.36,57.06,57.36,56.0, 56.20,56.26,56.47,570965,322.43,1042, 431985, 75.66
IRCON, EQ, 12-Aug-2021,42.35,42.55,44.85,42.45, 44.20,44.1,43.76,6164774,2697.8,20191, 2011321, 32.63
IRCTC, EQ, 12-Aug-2021,2572.25,2593.95,2728.85,2572.25, 2694.95,2689.8,2658.77,6068398,161344.9,279896, 728792, 12.01
IREDA, N5, 12-Aug-2021,1256.2,1393.7,1393.7,1393.7, 1393.70,1393.7,1393.7,10,0.14,1, 10, 100.00
IRFC, EQ, 12-Aug-2021,23.05,23.15,24.1,23.05, 23.95,23.95,23.72,13674855,3243.16,19906, 7889328, 57.69
IRFC, N2, 12-Aug-2021,1247.85,1248.8,1248.8,1248.8, 1248.80,1248.8,1248.8,3,0.04,1, 3, 100.00
IRFC, N9, 12-Aug-2021,1144.0,1140.0,1192.2,1130.0, 1130.01,1160.1,1158.17,47,0.54,5, 45, 95.74
IRFC, NE, 12-Aug-2021,1293.0,1294.0,1300.0,1294.0, 1298.00,1298.0,1294.47,188,2.43,5, 188, 100.00
IRFC, NJ, 12-Aug-2021,1252.47,1268.73,1268.78,1264.55, 1264.55,1264.55,1267.15,985,12.48,20, 600, 60.91
IRFC, NO, 12-Aug-2021,1268.0,1267.05,1267.5,1267.0, 1267.00,1267.0,1267.08,110,1.39,10, 80, 72.73
IRISDOREME, BE, 12-Aug-2021,167.5,167.5,167.5,159.15, 160.00,160.45,162.16,5658,9.17,54, -, -
ISEC, EQ, 12-Aug-2021,693.05,695.1,713.4,686.3, 711.00,707.9,698.54,623711,4356.84,18744, 237034, 38.00
ISFT, EQ, 12-Aug-2021,115.85,117.35,127.4,116.55, 123.00,123.9,124.55,113463,141.32,2142, 55513, 48.93
ISGEC, EQ, 12-Aug-2021,726.35,715.0,737.4,696.0, 713.00,709.1,719.86,264404,1903.34,13289, 97385, 36.83
ISMTLTD, BE, 12-Aug-2021,25.65,26.0,26.5,25.0, 26.00,25.6,25.68,73879,18.97,91, -, -
ITC, EQ, 12-Aug-2021,208.65,210.25,214.2,208.35, 208.90,208.9,210.26,27692208,58226.06,155350, 10822541, 39.08
ITDC, EQ, 12-Aug-2021,363.55,367.7,379.95,365.55, 370.00,368.55,371.96,37372,139.01,2521, 8834, 23.64
ITDCEM, EQ, 12-Aug-2021,84.35,84.95,87.3,83.45, 85.50,84.85,85.59,1058541,906.04,10281, 480322, 45.38
ITI, EQ, 12-Aug-2021,122.45,123.2,125.9,122.5, 124.15,124.4,124.35,435678,541.77,6738, 97425, 22.36
IVC, EQ, 12-Aug-2021,6.55,6.7,6.85,6.3, 6.85,6.85,6.63,590556,39.17,937, 346738, 58.71
IVP, EQ, 12-Aug-2021,117.35,122.6,122.8,118.25, 120.90,119.85,119.07,31703,37.75,111, 31432, 99.15
IVZINGOLD, EQ, 12-Aug-2021,4199.0,4238.0,4238.0,4201.3, 4237.95,4237.95,4230.51,18,0.76,11, 15, 83.33
IVZINNIFTY, EQ, 12-Aug-2021,1760.0,1770.0,1770.0,1769.25, 1769.25,1769.25,1769.95,14,0.25,2, 14, 100.00
IWEL, BE, 12-Aug-2021,794.75,761.0,833.0,761.0, 800.00,792.35,794.63,23046,183.13,490, -, -
IZMO, EQ, 12-Aug-2021,103.7,103.9,108.85,101.8, 108.85,108.85,106.28,234248,248.97,2090, 140990, 60.19
J&KBANK, EQ, 12-Aug-2021,34.8,35.4,37.25,35.05, 36.85,36.9,36.49,3033755,1106.94,8424, 1327339, 43.75
JAGRAN, EQ, 12-Aug-2021,62.95,62.3,65.9,61.95, 65.20,65.6,65.0,690021,448.52,5668, 178827, 25.92
JAGSNPHARM, EQ, 12-Aug-2021,178.45,179.75,184.9,178.3, 181.30,181.5,182.39,57284,104.48,1795, 34898, 60.92
JAIBALAJI, EQ, 12-Aug-2021,62.35,63.6,64.1,62.0, 63.50,62.9,63.02,209890,132.28,916, 203153, 96.79
JAICORPLTD, EQ, 12-Aug-2021,125.8,125.95,141.75,125.95, 140.50,139.85,135.28,3397811,4596.69,31269, 679273, 19.99
JAINSTUDIO, BZ, 12-Aug-2021,2.35,2.35,2.35,2.25, 2.25,2.25,2.26,180,0.0,5, -, -
JAIPURKURT, SM, 12-Aug-2021,47.45,49.8,49.8,49.8, 49.80,49.8,49.8,35000,17.43,6, 35000, 100.00
JALAN, SM, 12-Aug-2021,8.15,8.55,8.55,8.55, 8.55,8.55,8.55,171000,14.62,11, 171000, 100.00
JAMNAAUTO, EQ, 12-Aug-2021,85.0,86.4,88.25,85.5, 86.00,86.0,86.86,319380,277.41,5383, 223051, 69.84
JASH, EQ, 12-Aug-2021,526.4,526.9,549.45,522.55, 533.90,532.7,534.28,35173,187.92,2895, 25829, 73.43
JAYAGROGN, EQ, 12-Aug-2021,246.8,249.95,254.45,244.65, 251.00,251.3,249.96,115196,287.95,3205, 68544, 59.50
JAYBARMARU, EQ, 12-Aug-2021,194.0,198.0,209.0,195.1, 198.60,199.2,200.03,50021,100.06,2558, 23677, 47.33
JAYNECOIND, BE, 12-Aug-2021,22.45,23.0,23.45,22.2, 23.00,23.0,23.22,292068,67.81,258, -, -
JAYSREETEA, EQ, 12-Aug-2021,110.35,109.6,121.0,109.5, 118.90,119.0,117.23,551654,646.71,11029, 130673, 23.69
JBCHEPHARM, EQ, 12-Aug-2021,1751.2,1760.0,1800.0,1742.5, 1782.95,1783.0,1775.95,85374,1516.2,7927, 33497, 39.24
JBFIND, BE, 12-Aug-2021,31.25,29.7,32.0,29.7, 31.80,30.5,30.45,1465133,446.09,615, -, -
JBMA, EQ, 12-Aug-2021,483.8,489.0,495.0,480.0, 483.10,482.2,486.09,53180,258.5,2737, 23872, 44.89
JCHAC, EQ, 12-Aug-2021,2186.0,2178.0,2204.95,2178.0, 2180.00,2184.1,2189.28,6931,151.74,1735, 3615, 52.16
JETAIRWAYS, BZ, 12-Aug-2021,78.55,78.0,80.15,76.0, 79.95,79.35,79.34,61862,49.08,1024, -, -
JETKNIT, SM, 12-Aug-2021,45.05,46.0,46.0,46.0, 46.00,46.0,46.0,1500,0.69,1, 1500, 100.00
JHS, EQ, 12-Aug-2021,29.25,29.7,29.75,28.3, 28.75,29.15,29.04,524141,152.22,3757, 253873, 48.44
JINDALPHOT, EQ, 12-Aug-2021,84.85,84.4,93.3,84.4, 93.30,93.3,92.47,31724,29.33,380, 23983, 75.60
JINDALPOLY, EQ, 12-Aug-2021,1036.15,1041.0,1099.0,1030.55, 1091.95,1091.45,1073.61,368872,3960.24,15632, 89214, 24.19
JINDALSAW, EQ, 12-Aug-2021,129.4,130.4,131.75,128.2, 129.50,129.8,129.86,2256765,2930.61,16294, 478532, 21.20
JINDALSTEL, EQ, 12-Aug-2021,421.35,423.0,426.7,419.05, 423.65,424.25,423.16,6466461,27363.61,62597, 1158050, 17.91
JINDRILL, EQ, 12-Aug-2021,126.9,127.1,132.75,126.05, 130.50,129.75,129.94,39217,50.96,954, 20176, 51.45
JINDWORLD, EQ, 12-Aug-2021,66.05,67.5,69.5,66.65, 68.65,67.95,67.96,307675,209.09,3697, 73676, 23.95
JISLDVREQS, EQ, 12-Aug-2021,18.9,18.5,19.3,18.5, 19.00,19.1,18.96,50526,9.58,226, 23055, 45.63
JISLJALEQS, EQ, 12-Aug-2021,30.8,31.25,32.5,31.0, 31.40,31.7,31.85,2713483,864.21,5322, 1553020, 57.23
JITFINFRA, BE, 12-Aug-2021,38.0,39.9,39.9,39.9, 39.90,39.9,39.9,39734,15.85,68, -, -
JIYAECO, BE, 12-Aug-2021,5.35,5.6,5.6,5.1, 5.35,5.35,5.2,43889,2.28,140, -, -
JKCEMENT, EQ, 12-Aug-2021,3221.1,3219.9,3244.0,3055.55, 3111.50,3124.25,3172.89,66017,2094.64,7585, 35449, 53.70
JKIL, EQ, 12-Aug-2021,208.85,211.1,221.95,211.1, 215.35,215.3,217.68,549870,1196.93,12129, 235285, 42.79
JKLAKSHMI, EQ, 12-Aug-2021,675.95,681.9,684.6,670.35, 680.95,677.85,679.31,719240,4885.84,13139, 472742, 65.73
JKPAPER, EQ, 12-Aug-2021,250.15,248.2,265.95,245.2, 261.20,261.9,260.47,3616266,9419.35,40428, 509685, 14.09
JKTYRE, EQ, 12-Aug-2021,144.8,145.6,161.0,145.6, 161.00,157.45,152.98,4615566,7060.76,40468, 1151944, 24.96
JMA, EQ, 12-Aug-2021,63.65,64.8,65.6,62.65, 65.50,65.1,64.08,51534,33.02,791, 33862, 65.71
JMCPROJECT, EQ, 12-Aug-2021,108.2,110.5,112.8,107.0, 109.90,109.05,109.26,243999,266.59,4523, 130712, 53.57
JMFINANCIL, EQ, 12-Aug-2021,94.25,95.15,98.0,94.65, 97.65,97.4,96.47,2107127,2032.83,12493, 600339, 28.49
JMTAUTOLTD, EQ, 12-Aug-2021,2.6,2.55,2.65,2.55, 2.60,2.6,2.58,536505,13.86,631, 381150, 71.04
JOCIL, EQ, 12-Aug-2021,230.85,236.0,243.55,233.8, 242.00,241.85,240.09,49861,119.71,1683, 24763, 49.66
JPASSOCIAT, BE, 12-Aug-2021,9.8,9.4,10.25,9.35, 10.20,10.15,9.77,10585848,1034.19,11455, -, -
JPINFRATEC, EQ, 12-Aug-2021,2.05,2.1,2.15,2.05, 2.15,2.15,2.13,7203102,153.53,1919, 3889653, 54.00
JPPOWER, EQ, 12-Aug-2021,4.4,4.3,4.6,4.2, 4.60,4.6,4.37,141282222,6172.56,29867, 49390006, 34.96
JSL, EQ, 12-Aug-2021,151.6,152.3,158.4,150.0, 154.80,155.05,154.76,2184589,3380.82,15725, 693323, 31.74
JSLHISAR, EQ, 12-Aug-2021,276.35,279.0,287.8,278.5, 281.80,282.0,283.16,693424,1963.47,8035, 379736, 54.76
JSWENERGY, BE, 12-Aug-2021,228.35,231.0,239.75,230.0, 239.00,239.45,236.66,2455798,5811.94,7843, -, -
JSWHL, EQ, 12-Aug-2021,4910.25,4800.1,5133.25,4800.1, 4951.00,5026.65,5011.84,765,38.34,314, 342, 44.71
JSWISPL, BE, 12-Aug-2021,35.15,35.0,36.9,34.7, 36.40,36.5,36.31,1771859,643.31,3259, -, -
JSWSTEEL, EQ, 12-Aug-2021,749.1,753.05,754.3,741.4, 747.70,748.9,749.34,3506281,26273.98,67735, 540613, 15.42
JTEKTINDIA, EQ, 12-Aug-2021,105.9,106.0,114.05,106.0, 111.20,111.15,111.22,993491,1104.93,13650, 173215, 17.43
JUBLFOOD, EQ, 12-Aug-2021,3672.35,3675.25,3747.9,3615.8, 3737.90,3741.05,3696.94,453419,16762.62,28534, 195139, 43.04
JUBLINDS, EQ, 12-Aug-2021,538.15,555.0,565.05,551.0, 565.05,565.05,562.94,46979,264.46,862, 32586, 69.36
JUBLINGREA, EQ, 12-Aug-2021,698.1,710.0,717.4,681.2, 688.55,689.05,695.92,2519799,17535.66,51468, 1116350, 44.30
JUBLPHARMA, EQ, 12-Aug-2021,666.15,670.0,674.0,652.0, 657.00,659.65,663.63,261108,1732.78,9311, 113230, 43.37
JUMPNET, EQ, 12-Aug-2021,8.75,9.0,9.1,8.75, 9.00,8.95,8.96,804947,72.12,789, 636975, 79.13
JUNIORBEES, EQ, 12-Aug-2021,410.3,413.0,414.74,407.0, 414.00,413.47,413.2,110726,457.52,5203, 81749, 73.83
JUSTDIAL, EQ, 12-Aug-2021,959.15,959.95,964.0,955.05, 958.45,958.1,958.72,502986,4822.21,19619, 190189, 37.81
JYOTHYLAB, EQ, 12-Aug-2021,167.2,167.2,169.9,165.3, 169.90,168.6,167.41,289640,484.88,6044, 96677, 33.38
JYOTISTRUC, BZ, 12-Aug-2021,12.0,11.4,12.6,11.4, 12.60,12.6,11.74,776890,91.19,479, -, -
KABRAEXTRU, EQ, 12-Aug-2021,197.65,201.0,215.0,200.15, 214.50,213.85,209.44,206611,432.73,5870, 116181, 56.23
KAJARIACER, EQ, 12-Aug-2021,1014.75,1021.25,1035.0,1011.0, 1031.00,1030.95,1027.05,134746,1383.9,6644, 100227, 74.38
KAKATCEM, EQ, 12-Aug-2021,259.2,260.9,265.95,258.75, 261.15,261.95,262.3,15927,41.78,1126, 9714, 60.99
KALPATPOWR, EQ, 12-Aug-2021,432.15,442.0,443.0,432.0, 433.50,434.1,437.01,105288,460.12,4726, 43891, 41.69
KALYANIFRG, BE, 12-Aug-2021,206.0,197.0,216.3,197.0, 216.10,216.1,212.92,1908,4.06,49, -, -
KALYANKJIL, EQ, 12-Aug-2021,67.0,68.15,68.15,66.6, 67.10,67.1,67.24,1196316,804.35,15107, 647966, 54.16
KAMATHOTEL, EQ, 12-Aug-2021,43.85,46.45,48.2,45.1, 48.20,47.85,47.5,254377,120.84,2706, 92544, 36.38
KAMDHENU, EQ, 12-Aug-2021,166.0,166.0,176.9,166.0, 176.25,176.2,172.81,97751,168.93,3373, 44806, 45.84
KANANIIND, BE, 12-Aug-2021,10.55,10.5,10.95,10.05, 10.20,10.25,10.46,18222,1.91,80, -, -
KANORICHEM, EQ, 12-Aug-2021,171.3,163.05,168.45,162.75, 164.20,163.55,163.87,101988,167.12,1129, 63237, 62.00
KANPRPLA, EQ, 12-Aug-2021,230.6,243.0,253.65,235.05, 252.85,251.9,248.88,35381,88.06,1657, 19774, 55.89
KANSAINER, EQ, 12-Aug-2021,616.2,621.0,628.0,618.9, 625.85,625.25,623.41,77288,481.82,3932, 40785, 52.77
KAPSTON, BE, 12-Aug-2021,84.9,81.55,88.0,81.55, 82.50,82.5,82.82,13,0.01,4, -, -
KARDA, BE, 12-Aug-2021,201.05,21.1,21.1,21.1, 21.10,21.1,21.1,730,0.15,31, -, -
KARMAENG, BE, 12-Aug-2021,28.5,27.1,27.1,27.1, 27.10,27.1,27.1,7019,1.9,37, -, -
KARURVYSYA, EQ, 12-Aug-2021,44.05,44.25,44.9,44.05, 44.60,44.65,44.44,1291516,573.94,9119, 673565, 52.15
KAUSHALYA, EQ, 12-Aug-2021,3.05,2.9,2.9,2.9, 2.90,2.9,2.9,18157,0.53,55, 18157, 100.00
KAVVERITEL, BE, 12-Aug-2021,3.45,3.6,3.6,3.6, 3.60,3.6,3.6,144,0.01,2, -, -
KAYA, EQ, 12-Aug-2021,439.85,439.85,464.9,439.85, 456.95,457.1,455.55,24370,111.02,1663, 12209, 50.10
KCP, EQ, 12-Aug-2021,149.0,150.0,159.75,148.4, 158.05,158.5,154.66,401010,620.2,5963, 241003, 60.10
KCPSUGIND, EQ, 12-Aug-2021,23.55,23.8,24.6,23.0, 24.00,24.0,24.04,431266,103.67,1506, 166894, 38.70
KDDL, EQ, 12-Aug-2021,338.3,331.55,352.9,331.55, 352.90,351.3,344.73,8188,28.23,658, 3908, 47.73
KEC, EQ, 12-Aug-2021,396.1,397.0,405.0,393.0, 395.00,395.0,397.01,140940,559.54,5471, 64613, 45.84
KECL, EQ, 12-Aug-2021,18.05,19.0,19.15,17.8, 18.20,18.1,18.4,219879,40.47,1243, 123357, 56.10
KEERTI, EQ, 12-Aug-2021,18.2,18.45,19.2,17.8, 18.90,18.3,18.38,9357,1.72,112, 3205, 34.25
KEI, EQ, 12-Aug-2021,739.5,730.4,783.7,724.55, 747.00,752.55,763.01,1945229,14842.25,42368, 526041, 27.04
KELLTONTEC, EQ, 12-Aug-2021,50.95,51.1,54.2,51.05, 54.10,53.7,53.01,704576,373.5,5787, 314212, 44.60
KENNAMET, EQ, 12-Aug-2021,1213.9,1213.2,1260.0,1213.2, 1235.00,1248.5,1238.29,4203,52.05,585, 2136, 50.82
KERNEX, BE, 12-Aug-2021,74.7,76.2,78.4,71.25, 75.80,75.7,75.68,16812,12.72,101, -, -
KESORAMIND, EQ, 12-Aug-2021,86.1,86.5,91.35,85.7, 89.50,89.45,89.22,2471521,2205.05,20020, 523517, 21.18
KEYFINSERV, EQ, 12-Aug-2021,72.95,76.8,78.0,71.25, 78.00,76.8,74.72,20217,15.11,472, 6451, 31.91
KHADIM, EQ, 12-Aug-2021,257.1,250.0,270.0,245.0, 265.00,265.85,262.82,70872,186.27,3340, 27089, 38.22
KHAICHEM, EQ, 12-Aug-2021,65.4,67.0,68.65,65.9, 68.65,68.65,68.16,211623,144.23,1351, 131264, 62.03
KHANDSE, EQ, 12-Aug-2021,19.25,18.5,19.65,18.5, 19.40,19.45,19.24,3771,0.73,15, 1468, 38.93
KICL, EQ, 12-Aug-2021,2225.75,2286.1,2384.0,2261.25, 2340.00,2324.05,2320.34,6266,145.39,1353, 3326, 53.08
KILITCH, EQ, 12-Aug-2021,196.3,194.0,205.0,193.65, 204.50,200.75,201.4,5803,11.69,189, 4006, 69.03
KIMS, EQ, 12-Aug-2021,1275.8,1276.1,1319.0,1255.5, 1293.10,1299.7,1297.01,968900,12566.75,36667, 389431, 40.19
KINGFA, EQ, 12-Aug-2021,1245.4,1279.7,1285.0,1223.0, 1232.10,1248.15,1262.65,32903,415.45,1898, 21410, 65.07
KIOCL, EQ, 12-Aug-2021,268.75,271.0,283.0,271.0, 277.05,276.9,278.24,94544,263.06,4914, 38813, 41.05
KIRIINDUS, EQ, 12-Aug-2021,490.25,495.0,539.85,490.05, 532.00,530.8,519.66,578403,3005.75,21782, 141671, 24.49
KIRLFER, EQ, 12-Aug-2021,284.3,286.25,290.0,283.05, 287.95,286.65,287.29,132687,381.2,6335, 83359, 62.82
KIRLOSBROS, BE, 12-Aug-2021,386.0,386.0,399.0,376.1, 398.00,395.05,393.64,34070,134.11,508, -, -
KIRLOSENG, EQ, 12-Aug-2021,218.35,216.0,236.9,216.0, 234.50,234.95,230.8,320295,739.24,9663, 123843, 38.67
KIRLOSIND, EQ, 12-Aug-2021,1466.95,1480.0,1520.7,1391.35, 1428.00,1406.3,1426.4,46200,659.0,2461, 37011, 80.11
KITEX, EQ, 12-Aug-2021,163.2,170.0,174.6,165.0, 166.30,166.0,169.68,839485,1424.42,14766, 338825, 40.36
KKCL, EQ, 12-Aug-2021,810.25,823.95,851.65,814.95, 840.00,843.25,831.41,3986,33.14,638, 2211, 55.47
KKVAPOW, SM, 12-Aug-2021,878.55,922.45,922.45,922.45, 922.45,922.45,922.45,250,2.31,1, 250, 100.00
KMSUGAR, EQ, 12-Aug-2021,27.15,28.1,28.5,27.7, 28.10,28.15,28.28,686484,194.16,2442, 340761, 49.64
KNRCON, EQ, 12-Aug-2021,283.95,285.0,286.9,275.05, 278.20,280.15,282.18,663082,1871.08,16875, 268446, 40.48
KOKUYOCMLN, EQ, 12-Aug-2021,64.75,65.7,69.9,65.25, 67.95,67.8,67.57,236881,160.06,3437, 127061, 53.64
KOLTEPATIL, EQ, 12-Aug-2021,235.8,236.35,250.4,233.5, 242.00,243.65,244.19,1553404,3793.22,23608, 353110, 22.73
KOPRAN, BE, 12-Aug-2021,220.75,220.0,222.0,215.0, 221.50,220.6,219.02,56927,124.68,937, -, -
KOTAKBANK, EQ, 12-Aug-2021,1780.6,1775.1,1791.0,1762.0, 1790.00,1787.7,1781.7,1641690,29249.98,73815, 899108, 54.77
KOTAKBKETF, EQ, 12-Aug-2021,361.94,364.4,364.4,360.67, 363.86,363.23,361.75,86383,312.49,523, 9630, 11.15
KOTAKGOLD, EQ, 12-Aug-2021,40.45,40.79,40.85,40.57, 40.80,40.71,40.73,251989,102.64,782, 184996, 73.41
KOTAKIT, EQ, 12-Aug-2021,31.89,31.25,32.52,31.22, 32.40,32.39,32.16,13507,4.34,195, 8877, 65.72
KOTAKNIFTY, EQ, 12-Aug-2021,171.25,172.0,172.16,171.25, 172.13,172.01,171.76,9456,16.24,340, 5075, 53.67
KOTAKNV20, EQ, 12-Aug-2021,90.01,91.0,91.35,90.2, 91.20,91.26,91.0,11062,10.07,210, 10324, 93.33
KOTAKPSUBK, EQ, 12-Aug-2021,231.49,233.34,233.9,229.0, 232.15,232.23,232.39,20786,48.3,335, 5731, 27.57
KOTARISUG, EQ, 12-Aug-2021,33.75,34.4,34.9,33.75, 34.90,34.4,34.4,81737,28.12,648, 49624, 60.71
KOTHARIPET, EQ, 12-Aug-2021,54.7,56.45,57.8,53.2, 56.20,55.5,55.9,296958,166.0,3927, 133643, 45.00
KOTHARIPRO, BE, 12-Aug-2021,102.7,101.0,107.8,101.0, 107.75,106.3,106.58,6092,6.49,79, -, -
KOVAI, EQ, 12-Aug-2021,1493.75,1505.0,1612.1,1499.05, 1595.80,1596.45,1563.68,9592,149.99,2089, 6488, 67.64
KPIGLOBAL, EQ, 12-Aug-2021,130.9,133.0,134.55,124.85, 128.15,128.85,130.56,248251,324.12,3397, 130900, 52.73
KPITTECH, EQ, 12-Aug-2021,307.25,310.05,324.7,306.25, 315.00,314.9,317.62,3039844,9655.25,55888, 1740421, 57.25
KPRMILL, EQ, 12-Aug-2021,1773.4,1793.5,1871.0,1780.0, 1830.00,1829.55,1835.43,69378,1273.38,12745, 45848, 66.08
KRBL, EQ, 12-Aug-2021,257.7,260.0,265.55,258.15, 263.70,264.15,262.45,287732,755.14,5597, 94200, 32.74
KREBSBIO, EQ, 12-Aug-2021,130.9,130.5,139.5,130.0, 132.25,133.6,135.86,245613,333.68,8440, 142869, 58.17
KRIDHANINF, EQ, 12-Aug-2021,4.65,4.65,4.85,4.65, 4.85,4.85,4.83,40487,1.96,87, 29059, 71.77
KRISHANA, EQ, 12-Aug-2021,137.4,138.45,144.0,137.9, 141.80,142.3,140.99,14802,20.87,386, 7750, 52.36
KSB, EQ, 12-Aug-2021,1183.8,1199.0,1209.1,1176.7, 1200.00,1196.55,1196.11,35185,420.85,5440, 11198, 31.83
KSCL, EQ, 12-Aug-2021,704.9,708.95,717.75,698.0, 714.10,715.7,709.33,125757,892.03,5167, 62572, 49.76
KSHITIJPOL, SM, 12-Aug-2021,42.4,42.0,42.0,42.0, 42.00,42.0,42.0,4000,1.68,1, 4000, 100.00
KSL, EQ, 12-Aug-2021,405.7,409.8,426.0,409.8, 420.90,418.65,417.66,77813,324.99,3280, 31329, 40.26
KSOLVES, SM, 12-Aug-2021,600.6,628.0,630.0,602.0, 630.00,628.75,620.11,21600,133.94,54, 18400, 85.19
KTKBANK, EQ, 12-Aug-2021,58.45,58.9,59.25,58.5, 58.85,58.75,58.89,732866,431.57,3745, 336185, 45.87
KUANTUM, EQ, 12-Aug-2021,92.0,93.4,95.65,89.05, 91.85,91.5,92.26,97000,89.49,3501, 31519, 32.49
L&TFH, EQ, 12-Aug-2021,84.2,84.7,85.6,84.15, 85.55,85.35,85.05,5004060,4255.94,17947, 1228182, 24.54
L&TFINANCE, N7, 12-Aug-2021,1159.99,1036.0,1158.99,1036.0, 1150.00,1150.0,1066.22,135,1.44,3, 125, 92.59
L&TFINANCE, NA, 12-Aug-2021,1239.09,1240.0,1240.0,1240.0, 1240.00,1240.0,1240.0,2,0.02,1, 2, 100.00
L&TFINANCE, NC, 12-Aug-2021,1117.0,1125.0,1125.0,1125.0, 1125.00,1125.0,1125.0,25,0.28,1, 25, 100.00
L&TFINANCE, NE, 12-Aug-2021,1070.0,1120.0,1120.0,1120.0, 1120.00,1120.0,1120.0,175,1.96,1, 175, 100.00
L&TFINANCE, NI, 12-Aug-2021,1119.9,1121.0,1128.99,1121.0, 1126.99,1126.99,1125.71,255,2.87,18, 235, 92.16
L&TFINANCE, NK, 12-Aug-2021,1025.0,1030.0,1039.99,1030.0, 1039.99,1039.99,1031.67,60,0.62,3, 60, 100.00
L&TFINANCE, NO, 12-Aug-2021,1066.0,1083.99,1083.99,1083.99, 1083.99,1083.99,1083.99,1000,10.84,24, 1000, 100.00
L&TFINANCE, NY, 12-Aug-2021,1065.0,1061.0,1069.0,1060.01, 1069.00,1069.0,1064.9,174,1.85,4, 99, 56.90
L&TFINANCE, Y5, 12-Aug-2021,1075.0,1094.0,1094.0,1094.0, 1094.00,1094.0,1094.0,20,0.22,1, 20, 100.00
L&TFINANCE, Y6, 12-Aug-2021,1060.0,1040.0,1040.0,1040.0, 1040.00,1040.0,1040.0,25,0.26,1, 25, 100.00
L&TFINANCE, Y7, 12-Aug-2021,1051.08,1060.0,1060.0,1051.15, 1051.25,1059.48,1055.83,87,0.92,13, 50, 57.47
LAGNAM, SM, 12-Aug-2021,40.95,40.7,41.4,40.5, 40.50,40.5,40.95,33000,13.52,10, 21000, 63.64
LAKPRE, BZ, 12-Aug-2021,4.7,4.9,4.9,4.7, 4.90,4.9,4.89,1500,0.07,5, -, -
LALPATHLAB, EQ, 12-Aug-2021,3788.55,3825.0,3860.0,3760.2, 3834.95,3833.5,3821.23,181836,6948.37,19364, 41726, 22.95
LAMBODHARA, BE, 12-Aug-2021,88.8,89.0,93.2,86.0, 93.20,93.2,92.15,5589,5.15,118, -, -
LAOPALA, EQ, 12-Aug-2021,270.85,270.05,277.0,270.05, 276.35,276.1,275.38,93877,258.51,2738, 36919, 39.33
LASA, EQ, 12-Aug-2021,68.15,69.7,70.7,69.1, 70.15,70.1,70.07,71912,50.39,1272, 31388, 43.65
LAURUSLABS, EQ, 12-Aug-2021,703.5,704.8,723.75,697.6, 708.00,708.7,713.17,3099023,22101.16,56767, 1015897, 32.78
LAXMICOT, SM, 12-Aug-2021,28.1,26.7,27.3,26.7, 26.70,26.7,26.83,42000,11.27,7, 30000, 71.43
LAXMIMACH, EQ, 12-Aug-2021,8193.55,8051.0,8410.0,8045.55, 8295.00,8263.35,8251.47,7059,582.47,2409, 2021, 28.63
LCCINFOTEC, EQ, 12-Aug-2021,1.8,1.85,1.9,1.75, 1.90,1.8,1.83,210321,3.85,254, 141416, 67.24
LEMONTREE, EQ, 12-Aug-2021,36.95,37.0,42.0,37.0, 41.00,40.6,39.42,4613151,1818.54,15486, 1205081, 26.12
LEXUS, SM, 12-Aug-2021,11.6,12.15,12.15,12.15, 12.15,12.15,12.15,1000,0.12,1, 1000, 100.00
LFIC, EQ, 12-Aug-2021,79.9,81.85,87.0,79.5, 87.00,84.55,83.64,5410,4.52,217, 4352, 80.44
LGBBROSLTD, EQ, 12-Aug-2021,483.95,487.4,496.0,470.0, 491.20,492.85,490.46,135974,666.9,8144, 41827, 30.76
LGBFORGE, BE, 12-Aug-2021,8.5,8.5,8.9,8.4, 8.90,8.8,8.79,233593,20.52,407, -, -
LIBAS, EQ, 12-Aug-2021,69.0,68.5,71.0,68.5, 70.25,70.15,70.21,323948,227.44,2278, 109052, 33.66
LIBERTSHOE, EQ, 12-Aug-2021,162.65,166.0,169.95,163.0, 168.50,168.85,167.45,260126,435.58,7180, 67388, 25.91
LICHSGFIN, EQ, 12-Aug-2021,393.65,395.0,402.05,393.35, 401.50,400.45,398.36,1988927,7923.14,28298, 579550, 29.14
LICNETFGSC, EQ, 12-Aug-2021,21.98,22.0,22.1,21.9, 22.08,22.0,21.97,1086,0.24,71, 855, 78.73
LICNETFN50, EQ, 12-Aug-2021,172.31,171.2,173.99,171.2, 173.01,173.25,173.06,1456,2.52,78, 928, 63.74
LICNETFSEN, EQ, 12-Aug-2021,584.83,588.0,588.0,581.0, 586.85,586.85,583.67,116,0.68,34, 85, 73.28
LICNFNHGP, EQ, 12-Aug-2021,162.03,163.49,163.49,161.37, 162.89,162.89,162.55,139,0.23,41, 136, 97.84
LIKHITHA, EQ, 12-Aug-2021,381.3,379.0,396.55,379.0, 388.00,389.25,389.77,124486,485.21,6402, 36850, 29.60
LINCOLN, EQ, 12-Aug-2021,324.95,324.8,339.0,323.0, 334.80,334.65,333.61,157417,525.15,7320, 57496, 36.52
LINCPEN, EQ, 12-Aug-2021,191.95,195.5,201.55,191.65, 199.90,198.0,196.98,4851,9.56,351, 3388, 69.84
LINDEINDIA, EQ, 12-Aug-2021,1795.85,1795.0,1832.6,1793.45, 1800.00,1799.0,1814.61,68832,1249.03,6723, 37539, 54.54
LIQUIDBEES, EQ, 12-Aug-2021,999.99,1003.4,1003.4,998.45, 1000.00,1000.0,1000.0,927066,9270.67,3942, 541938, 58.46
LIQUIDETF, EQ, 12-Aug-2021,1000.0,1000.04,1000.04,999.99, 1000.00,999.99,1000.0,290980,2909.8,133, 278495, 95.71
LODHA, EQ, 12-Aug-2021,835.7,840.0,869.9,825.45, 846.00,852.15,856.02,394709,3378.8,23811, 187359, 47.47
LOKESHMACH, EQ, 12-Aug-2021,39.55,42.0,42.0,39.3, 40.70,40.1,41.13,26483,10.89,355, 19364, 73.12
LOTUSEYE, BE, 12-Aug-2021,43.55,43.4,45.7,43.4, 44.50,44.8,44.77,4772,2.14,50, -, -
LOVABLE, EQ, 12-Aug-2021,107.95,109.95,113.0,108.4, 113.00,111.95,111.13,45122,50.14,1611, 27042, 59.93
LPDC, BE, 12-Aug-2021,4.75,4.55,4.75,4.55, 4.75,4.6,4.6,57068,2.62,313, -, -
LSIL, BE, 12-Aug-2021,3.15,3.0,3.2,3.0, 3.15,3.1,3.1,1212904,37.6,2211, -, -
LT, EQ, 12-Aug-2021,1583.3,1590.0,1627.0,1582.0, 1624.00,1623.45,1612.91,1645811,26545.48,82015, 763899, 46.41
LTI, EQ, 12-Aug-2021,4754.4,4760.0,4912.0,4760.0, 4865.00,4877.05,4866.6,502105,24435.44,48324, 122226, 24.34
LTTS, EQ, 12-Aug-2021,3659.25,3662.5,3733.0,3640.4, 3670.00,3659.3,3679.86,269765,9926.97,30188, 101481, 37.62
LUMAXIND, EQ, 12-Aug-2021,1475.9,1483.3,1507.3,1460.3, 1470.00,1464.35,1483.95,2522,37.43,828, 1294, 51.31
LUMAXTECH, EQ, 12-Aug-2021,156.25,155.45,158.4,154.45, 156.50,156.0,156.49,73016,114.26,2697, 29112, 39.87
LUPIN, EQ, 12-Aug-2021,1050.75,1030.0,1033.0,973.1, 978.00,975.95,988.64,9765212,96542.63,216225, 3616831, 37.04
LUXIND, EQ, 12-Aug-2021,4158.0,4125.0,4220.0,4125.0, 4185.00,4193.85,4169.59,129189,5386.65,5077, 93231, 72.17
LXCHEM, EQ, 12-Aug-2021,290.1,294.95,324.95,292.6, 318.50,319.85,313.12,17180068,53793.66,208527, 3405640, 19.82
LYKALABS, EQ, 12-Aug-2021,88.65,84.25,86.7,84.25, 84.25,84.25,84.61,284705,240.9,1335, 188140, 66.08
LYPSAGEMS, EQ, 12-Aug-2021,4.75,4.8,4.8,4.55, 4.70,4.6,4.63,37083,1.72,145, 25111, 67.72
M&M, EQ, 12-Aug-2021,778.7,781.0,794.65,773.75, 776.00,776.2,783.52,3551026,27823.09,85142, 1268231, 35.71
M&MFIN, EQ, 12-Aug-2021,154.0,153.6,156.2,152.0, 155.20,155.25,154.84,4457687,6902.29,25395, 1647135, 36.95
M&MFIN, N2, 12-Aug-2021,1080.0,1072.25,1072.25,1072.25, 1072.25,1072.25,1072.25,30,0.32,1, 30, 100.00
M14RG, MF, 12-Aug-2021,13.51,13.61,13.61,13.31, 13.31,13.31,13.46,5000,0.67,2, 5000, 100.00
M15RD, MF, 12-Aug-2021,12.44,12.54,12.99,12.54, 12.99,12.99,12.76,19500,2.49,6, 14500, 74.36
M15RG, MF, 12-Aug-2021,12.58,12.65,12.99,12.65, 12.99,12.99,12.72,1212,0.15,2, 1212, 100.00
MAANALU, BE, 12-Aug-2021,187.05,177.7,196.4,177.7, 196.40,194.2,189.77,35768,67.88,886, -, -
MACPOWER, EQ, 12-Aug-2021,189.25,189.25,208.15,189.25, 208.15,208.15,202.15,27225,55.04,595, 20289, 74.52
MADHAV, EQ, 12-Aug-2021,54.45,54.0,64.4,54.0, 62.00,61.25,61.2,140892,86.23,4231, 48652, 34.53
MADHUCON, EQ, 12-Aug-2021,5.8,6.0,6.05,5.6, 6.00,6.0,5.94,13945,0.83,73, 9432, 67.64
MADRASFERT, EQ, 12-Aug-2021,29.9,29.95,31.9,29.4, 31.25,31.25,30.77,889253,273.63,4269, 259462, 29.18
MAESGETF, EQ, 12-Aug-2021,27.72,27.85,27.96,27.77, 27.93,27.93,27.9,7312,2.04,82, 6692, 91.52
MAFANG, EQ, 12-Aug-2021,53.33,53.9,53.9,53.0, 53.10,53.09,53.08,125133,66.42,1697, 113614, 90.79
MAFSETF, EQ, 12-Aug-2021,17.11,17.5,17.5,17.12, 17.23,17.22,17.19,54920,9.44,119, 31186, 56.78
MAGADSUGAR, EQ, 12-Aug-2021,252.45,258.0,265.05,255.0, 265.05,265.05,261.15,36788,96.07,842, 23277, 63.27
MAGNUM, BE, 12-Aug-2021,10.5,10.0,11.0,10.0, 11.00,10.85,10.14,297425,30.17,217, -, -
MAHABANK, EQ, 12-Aug-2021,18.6,18.6,19.7,18.5, 19.25,19.2,19.14,7912092,1514.02,14183, 3251123, 41.09
MAHAPEXLTD, BE, 12-Aug-2021,107.5,107.5,112.0,106.0, 112.00,112.0,108.51,832,0.9,13, -, -
MAHASTEEL, EQ, 12-Aug-2021,98.45,99.95,104.45,99.25, 102.95,103.05,102.06,45393,46.33,1901, 24457, 53.88
MAHEPC, EQ, 12-Aug-2021,131.5,132.5,137.3,132.0, 136.95,135.55,133.73,122096,163.28,3132, 65122, 53.34
MAHESHWARI, EQ, 12-Aug-2021,112.6,114.0,125.0,113.95, 122.80,123.95,120.95,104848,126.81,1931, 53227, 50.77
MAHICKRA, SM, 12-Aug-2021,80.7,83.25,83.25,80.5, 80.50,80.5,81.88,3000,2.46,2, 3000, 100.00
MAHINDCIE, EQ, 12-Aug-2021,248.45,251.0,254.85,246.05, 249.00,248.0,250.58,128098,320.99,4210, 50345, 39.30
MAHLIFE, EQ, 12-Aug-2021,737.7,750.0,759.25,731.5, 749.00,741.25,750.26,73112,548.53,4413, 48067, 65.74
MAHLOG, EQ, 12-Aug-2021,658.9,662.0,690.0,662.0, 680.00,677.5,679.96,118504,805.78,9989, 61462, 51.86
MAHSCOOTER, EQ, 12-Aug-2021,3843.05,3830.0,4564.95,3830.0, 4432.30,4486.95,4352.23,219424,9549.83,30794, 41070, 18.72
MAHSEAMLES, EQ, 12-Aug-2021,303.05,305.8,313.0,300.35, 305.00,306.9,306.5,80409,246.45,3947, 30564, 38.01
MAITHANALL, EQ, 12-Aug-2021,1149.6,1158.0,1229.7,1134.0, 1140.00,1143.9,1178.11,818252,9639.89,42706, 195514, 23.89
MAJESCO, EQ, 12-Aug-2021,82.0,82.0,84.95,82.0, 84.60,84.25,83.98,146071,122.67,2760, 82014, 56.15
MALUPAPER, EQ, 12-Aug-2021,35.45,36.4,37.5,35.55, 37.35,37.05,36.94,58423,21.58,1078, 28661, 49.06
MAN50ETF, EQ, 12-Aug-2021,167.8,168.89,168.89,164.45, 168.50,168.5,168.2,3773,6.35,54, 2868, 76.01
MANAKALUCO, EQ, 12-Aug-2021,17.65,18.5,18.5,17.8, 18.45,18.35,18.19,104500,19.01,406, 75639, 72.38
MANAKCOAT, EQ, 12-Aug-2021,11.9,12.0,13.05,12.0, 12.75,12.75,12.72,51746,6.58,237, 36411, 70.36
MANAKSIA, EQ, 12-Aug-2021,64.65,71.0,72.7,69.3, 71.60,71.8,71.61,543758,389.4,11077, 192720, 35.44
MANAKSTEEL, EQ, 12-Aug-2021,32.75,34.35,34.35,34.35, 34.35,34.35,34.35,41380,14.21,81, 41380, 100.00
MANALIPETC, BE, 12-Aug-2021,97.0,98.0,101.5,98.0, 101.40,101.2,100.04,802832,803.17,6910, -, -
MANAPPURAM, EQ, 12-Aug-2021,168.25,170.0,170.6,166.3, 166.80,166.8,167.94,14174302,23804.62,77184, 3366233, 23.75
MANGALAM, EQ, 12-Aug-2021,143.2,147.95,165.0,145.1, 158.50,159.15,159.11,776260,1235.07,18460, 191621, 24.69
MANGCHEFER, EQ, 12-Aug-2021,72.1,72.0,74.9,72.0, 74.60,74.6,73.94,256095,189.36,2613, 139130, 54.33
MANGLMCEM, EQ, 12-Aug-2021,491.0,494.0,510.0,491.65, 507.60,505.95,504.01,134382,677.3,6922, 45598, 33.93
MANINDS, EQ, 12-Aug-2021,123.15,124.75,125.0,115.0, 121.10,122.1,122.42,368482,451.09,6200, 195072, 52.94
MANINFRA, EQ, 12-Aug-2021,67.15,66.1,73.7,66.1, 70.30,69.9,71.2,4700865,3346.94,27567, 1502784, 31.97
MANUGRAPH, EQ, 12-Aug-2021,11.8,11.8,12.95,11.75, 12.95,12.95,12.6,17738,2.23,145, 7971, 44.94
MANXT50, EQ, 12-Aug-2021,392.27,391.3,393.69,390.95, 393.69,393.69,392.68,260,1.02,19, 134, 51.54
MARALOVER, EQ, 12-Aug-2021,85.5,81.25,89.75,81.25, 89.75,89.45,85.9,221539,190.3,4116, 114971, 51.90
MARATHON, EQ, 12-Aug-2021,82.7,83.8,85.8,82.2, 84.80,83.4,83.76,47282,39.6,920, 31695, 67.03
MARICO, EQ, 12-Aug-2021,516.6,518.0,522.55,514.35, 517.00,515.95,517.56,1741264,9012.1,26481, 1138451, 65.38
MARINE, EQ, 12-Aug-2021,42.9,43.6,47.45,42.0, 45.00,45.95,45.16,2871618,1296.95,11563, 968427, 33.72
MARKSANS, EQ, 12-Aug-2021,71.9,72.95,79.0,72.5, 78.60,78.2,76.24,3057813,2331.23,18075, 1091697, 35.70
MARSHALL, SM, 12-Aug-2021,33.85,30.5,37.2,30.5, 37.20,37.2,34.31,90000,30.88,30, 63000, 70.00
MARUTI, EQ, 12-Aug-2021,7021.5,7022.0,7084.8,6985.0, 7009.50,7012.0,7023.98,330283,23199.01,44040, 141166, 42.74
MASFIN, EQ, 12-Aug-2021,770.55,766.0,779.8,760.55, 770.00,770.3,769.61,24579,189.16,2110, 14836, 60.36
MASKINVEST, BE, 12-Aug-2021,32.0,33.0,33.0,32.0, 33.00,33.0,32.89,483,0.16,8, -, -
MASTEK, EQ, 12-Aug-2021,2327.75,2335.0,2456.95,2325.65, 2443.00,2442.15,2439.08,159035,3878.99,12334, 86758, 54.55
MATRIMONY, EQ, 12-Aug-2021,1041.8,1084.7,1183.5,1045.0, 1125.00,1129.35,1132.68,250355,2835.73,30793, 66574, 26.59
MAWANASUG, BE, 12-Aug-2021,85.3,87.0,89.4,82.2, 88.00,88.0,87.87,42631,37.46,413, -, -
MAXHEALTH, EQ, 12-Aug-2021,300.6,303.15,333.05,301.45, 329.10,329.55,319.8,9476823,30307.25,154763, 4083856, 43.09
MAXIND, EQ, 12-Aug-2021,70.65,70.9,72.3,70.5, 72.25,71.4,71.21,257444,183.34,2850, 109289, 42.45
MAXVIL, EQ, 12-Aug-2021,88.05,88.7,95.65,87.45, 94.35,94.35,93.32,459238,428.55,6087, 268440, 58.45
MAYURUNIQ, EQ, 12-Aug-2021,485.2,488.0,515.5,488.0, 508.00,505.45,505.56,81072,409.87,4599, 39335, 48.52
MAZDA, EQ, 12-Aug-2021,565.45,570.0,607.0,570.0, 592.00,594.1,593.72,8333,49.47,1358, 4071, 48.85
MAZDOCK, EQ, 12-Aug-2021,239.25,240.2,260.0,240.1, 252.20,251.65,253.9,3511617,8916.0,48290, 576993, 16.43
MBAPL, EQ, 12-Aug-2021,137.75,138.85,145.0,137.55, 145.00,144.1,142.21,5733,8.15,93, 3460, 60.35
MBECL, BE, 12-Aug-2021,8.9,8.5,8.5,8.5, 8.50,8.5,8.5,208653,17.74,156, -, -
MBLINFRA, EQ, 12-Aug-2021,19.2,19.9,21.1,19.25, 21.10,21.1,20.77,82076,17.05,268, 59502, 72.50
MCDHOLDING, EQ, 12-Aug-2021,43.35,43.2,46.9,43.2, 44.25,44.1,44.77,120912,54.13,1238, 68663, 56.79
MCDOWELL-N, EQ, 12-Aug-2021,646.05,651.4,659.0,645.35, 657.45,655.95,655.16,1769937,11595.94,38384, 820872, 46.38
MCL, EQ, 12-Aug-2021,38.85,40.0,40.75,39.4, 40.75,40.75,40.46,49542,20.04,510, 36612, 73.90
MCLEODRUSS, EQ, 12-Aug-2021,24.85,24.15,26.05,23.8, 26.05,26.05,25.67,3275218,840.71,3963, 2135618, 65.21
MCX, EQ, 12-Aug-2021,1520.5,1528.0,1535.0,1503.1, 1511.60,1509.95,1514.47,316793,4797.73,19647, 159358, 50.30
MDL, SM, 12-Aug-2021,22.0,23.1,23.1,23.1, 23.10,23.1,23.1,8000,1.85,1, 8000, 100.00
MEGASOFT, BE, 12-Aug-2021,13.5,13.5,14.15,12.85, 14.15,14.15,13.95,49082,6.85,168, -, -
MELSTAR, BZ, 12-Aug-2021,3.05,3.15,3.15,2.9, 2.90,2.9,2.92,2738,0.08,18, -, -
MENONBE, EQ, 12-Aug-2021,70.85,71.9,83.0,71.55, 78.15,79.15,78.82,202484,159.6,5619, 77088, 38.07
MEP, EQ, 12-Aug-2021,19.3,19.5,20.8,18.5, 20.25,20.35,20.1,237237,47.69,1106, 120137, 50.64
MERCATOR, BE, 12-Aug-2021,2.1,2.0,2.2,2.0, 2.10,2.1,2.08,2772203,57.62,1157, -, -
METALFORGE, BZ, 12-Aug-2021,5.2,5.45,5.45,4.95, 5.45,5.45,5.38,25607,1.38,98, -, -
METROPOLIS, EQ, 12-Aug-2021,2675.9,2690.9,2693.55,2608.8, 2635.95,2630.7,2644.5,176590,4669.92,19220, 61558, 34.86
MFSL, EQ, 12-Aug-2021,1061.95,1057.8,1109.0,1032.8, 1079.90,1078.9,1084.77,1144931,12419.89,34467, 237693, 20.76
MGEL, EQ, 12-Aug-2021,51.3,51.05,54.0,51.0, 53.50,53.65,53.4,4346,2.32,66, 3423, 78.76
MGL, EQ, 12-Aug-2021,1117.85,1120.9,1151.0,1117.9, 1145.00,1146.8,1143.61,461786,5281.04,18253, 97840, 21.19
MHHL, SM, 12-Aug-2021,24.3,24.95,24.95,24.95, 24.95,24.95,24.95,3000,0.75,1, 3000, 100.00
MHRIL, EQ, 12-Aug-2021,299.35,300.95,305.9,295.5, 298.70,297.8,300.42,231556,695.64,5058, 96020, 41.47
MIDHANI, EQ, 12-Aug-2021,187.35,188.0,193.0,186.9, 188.05,188.75,190.31,515321,980.7,8237, 139527, 27.08
MILTON, SM, 12-Aug-2021,18.5,18.5,18.5,18.0, 18.00,18.0,18.25,8800,1.61,2, 8800, 100.00
MINDACORP, EQ, 12-Aug-2021,131.7,131.05,138.4,130.55, 132.90,131.55,134.02,879682,1178.91,18450, 180831, 20.56
MINDAIND, EQ, 12-Aug-2021,703.45,707.35,723.0,706.85, 719.00,719.2,717.66,169243,1214.6,6918, 53469, 31.59
MINDSPACE, RR, 12-Aug-2021,286.57,287.99,294.98,286.01, 290.00,290.08,288.98,231901,670.14,989, 212076, 91.45
MINDTECK, EQ, 12-Aug-2021,111.35,106.5,116.2,106.25, 113.20,113.65,112.05,113234,126.88,3668, 53904, 47.60
MINDTREE, EQ, 12-Aug-2021,2804.55,2806.5,2935.0,2804.55, 2921.90,2925.7,2891.14,1187926,34344.59,65349, 256266, 21.57
MIRCELECTR, BE, 12-Aug-2021,17.35,17.3,18.2,17.3, 17.80,17.95,18.11,844538,152.95,788, -, -
MIRZAINT, EQ, 12-Aug-2021,55.45,55.8,59.95,55.8, 59.75,59.45,58.12,892850,518.95,7143, 314031, 35.17
MITCON, SM, 12-Aug-2021,57.15,54.75,54.75,54.3, 54.30,54.3,54.43,20000,10.89,10, 20000, 100.00
MITTAL, EQ, 12-Aug-2021,10.5,10.9,11.1,10.5, 10.85,10.75,10.81,36447,3.94,158, 20621, 56.58
MMFL, EQ, 12-Aug-2021,734.8,739.5,774.0,735.65, 764.00,766.95,763.49,54652,417.26,1975, 42100, 77.03
MMP, EQ, 12-Aug-2021,148.35,149.5,166.1,149.5, 164.00,164.75,160.16,70395,112.74,1293, 39869, 56.64
MMTC, EQ, 12-Aug-2021,42.85,42.95,47.4,42.85, 46.80,46.7,45.37,5479318,2486.2,17779, 940808, 17.17
MODIRUBBER, BE, 12-Aug-2021,68.1,65.8,67.95,65.25, 67.70,67.7,66.79,1559,1.04,58, -, -
MODISNME, EQ, 12-Aug-2021,75.7,76.0,79.5,75.85, 79.50,79.05,78.3,264747,207.29,7476, 73246, 27.67
MOGSEC, EQ, 12-Aug-2021,48.35,48.36,48.45,48.36, 48.45,48.45,48.4,1307,0.63,13, 1299, 99.39
MOHITIND, BE, 12-Aug-2021,13.6,13.35,14.1,13.0, 13.50,13.8,13.72,7528,1.03,59, -, -
MOHOTAIND, BE, 12-Aug-2021,8.0,8.3,8.4,7.6, 8.35,8.35,8.11,34437,2.79,105, -, -
MOIL, EQ, 12-Aug-2021,172.35,173.05,176.8,172.8, 176.30,175.65,175.31,343444,602.1,5983, 96487, 28.09
MOKSH, EQ, 12-Aug-2021,31.25,31.3,31.5,30.9, 31.45,31.5,31.36,1192472,373.99,685, 1014588, 85.08
MOLDTECH, BE, 12-Aug-2021,77.2,77.75,81.05,73.8, 81.05,81.05,78.45,37816,29.67,485, -, -
MOLDTEKPP, E1, 12-Aug-2021,376.9,376.0,381.0,352.2, 373.90,373.95,370.87,638,2.37,103, 461, 72.26
MOLDTKPAC, EQ, 12-Aug-2021,499.6,502.9,503.95,496.4, 498.05,498.2,499.48,42693,213.24,3006, 18604, 43.58
MOLDTKPAC, W1, 12-Aug-2021,335.0,341.1,341.1,341.1, 341.10,341.1,341.1,5,0.02,1, 5, 100.00
MOM100, EQ, 12-Aug-2021,28.66,28.89,29.09,28.66, 28.98,28.94,28.93,61017,17.65,1269, 37802, 61.95
MOM50, EQ, 12-Aug-2021,161.01,162.0,162.5,161.23, 162.10,162.05,161.55,436,0.7,48, 365, 83.72
MON100, EQ, 12-Aug-2021,110.9,111.5,111.5,110.22, 110.29,110.32,110.42,1973472,2179.06,4299, 1849035, 93.69
MONTECARLO, EQ, 12-Aug-2021,344.85,346.6,354.35,345.0, 345.10,347.5,348.95,35154,122.67,1715, 16354, 46.52
MORARJEE, EQ, 12-Aug-2021,16.65,16.05,17.4,16.05, 17.20,17.05,17.03,11024,1.88,124, 6473, 58.72
MOREPENLAB, EQ, 12-Aug-2021,53.9,54.2,58.25,54.0, 57.00,56.55,56.56,2723924,1540.75,12824, 1419761, 52.12
MOTHERSUMI, EQ, 12-Aug-2021,224.4,225.85,226.15,221.7, 223.95,223.7,224.03,9122794,20437.57,76153, 4707706, 51.60
MOTILALOFS, EQ, 12-Aug-2021,799.05,800.0,855.0,800.0, 851.00,848.05,829.64,1046336,8680.8,31017, 247212, 23.63
MOTOGENFIN, EQ, 12-Aug-2021,26.9,27.0,29.5,26.55, 28.70,28.5,28.04,43889,12.31,306, 30971, 70.57
MPHASIS, EQ, 12-Aug-2021,2673.0,2679.0,2770.0,2678.95, 2764.00,2764.45,2738.97,652280,17865.78,42427, 201643, 30.91
MPSLTD, EQ, 12-Aug-2021,689.3,702.0,714.0,692.5, 710.05,702.75,701.67,12790,89.74,1120, 9122, 71.32
MPTODAY, SM, 12-Aug-2021,27.4,28.75,28.75,28.75, 28.75,28.75,28.75,2000,0.58,1, 2000, 100.00
MRF, EQ, 12-Aug-2021,77603.1,78199.0,78709.95,77605.0, 78435.00,78236.05,78221.41,13737,10745.27,9100, 3857, 28.08
MRO-TEK, EQ, 12-Aug-2021,32.0,32.95,32.95,31.05, 32.70,32.6,31.92,6241,1.99,79, 4166, 66.75
MRPL, EQ, 12-Aug-2021,40.55,40.7,43.95,40.6, 42.95,43.0,42.0,2439982,1024.8,9808, 1075151, 44.06
MSPL, EQ, 12-Aug-2021,10.85,10.9,11.25,10.6, 11.10,11.0,11.07,281329,31.15,1010, 160205, 56.95
MSTCLTD, EQ, 12-Aug-2021,259.8,261.1,271.0,261.1, 266.60,266.4,267.5,385734,1031.84,10500, 156175, 40.49
MTARTECH, EQ, 12-Aug-2021,1253.2,1259.7,1327.0,1257.25, 1316.00,1314.05,1304.87,323719,4224.1,20076, 132247, 40.85
MTEDUCARE, EQ, 12-Aug-2021,7.75,8.1,8.5,7.6, 8.50,8.45,8.26,222883,18.42,463, 159989, 71.78
MTNL, EQ, 12-Aug-2021,19.25,19.45,19.8,18.75, 19.40,19.4,19.38,1066222,206.66,3595, 541710, 50.81
MUKANDLTD, BE, 12-Aug-2021,138.1,141.0,145.0,141.0, 145.00,145.0,143.8,14267,20.52,86, -, -
MUKANDLTD, P1, 12-Aug-2021,5.95,6.0,6.0,5.4, 6.00,6.0,5.54,281,0.02,5, 277, 98.58
MUKTAARTS, EQ, 12-Aug-2021,39.25,41.2,41.2,39.7, 40.10,40.0,40.69,45334,18.45,388, 29911, 65.98
MUNJALAU, EQ, 12-Aug-2021,60.6,61.5,63.85,61.5, 62.70,63.15,62.93,174939,110.1,2703, 83408, 47.68
MUNJALSHOW, EQ, 12-Aug-2021,144.45,140.25,144.0,135.6, 141.30,141.8,141.11,192743,271.98,6587, 53466, 27.74
MURUDCERA, EQ, 12-Aug-2021,26.9,27.15,28.9,27.15, 28.70,28.6,28.33,90290,25.58,1073, 52570, 58.22
MUTHOOTCAP, EQ, 12-Aug-2021,402.05,406.0,412.15,400.0, 409.50,408.15,406.45,35613,144.75,2671, 13351, 37.49
MUTHOOTFIN, EQ, 12-Aug-2021,1443.3,1455.0,1463.0,1432.55, 1450.00,1448.45,1447.82,790749,11448.58,35133, 274037, 34.66
NABARD, N1, 12-Aug-2021,1231.0,1477.2,1477.2,1232.0, 1232.00,1232.0,1354.6,10,0.14,2, 5, 50.00
NABARD, N2, 12-Aug-2021,1231.99,1231.5,1231.5,1231.5, 1231.50,1231.5,1231.5,100,1.23,1, 100, 100.00
NACLIND, EQ, 12-Aug-2021,64.95,66.0,68.5,65.0, 67.00,67.55,67.27,581723,391.31,4478, 475101, 81.67
NAGAFERT, BE, 12-Aug-2021,13.65,13.0,14.3,13.0, 14.30,14.3,13.22,1475554,195.07,1143, -, -
NAGREEKEXP, BE, 12-Aug-2021,43.3,41.15,43.3,41.15, 42.80,41.95,41.75,54670,22.82,251, -, -
NAHARCAP, EQ, 12-Aug-2021,272.35,263.1,285.95,263.1, 285.95,285.95,278.37,51719,143.97,1401, 24991, 48.32
NAHARINDUS, BE, 12-Aug-2021,114.25,110.3,119.95,110.3, 119.95,119.95,115.72,126539,146.42,759, -, -
NAHARPOLY, EQ, 12-Aug-2021,227.55,223.4,238.9,217.15, 238.90,238.9,231.63,265233,614.37,6919, 123752, 46.66
NAHARSPING, BE, 12-Aug-2021,393.15,393.0,412.8,376.0, 412.80,412.75,408.78,181854,743.39,1870, -, -
NAM-INDIA, EQ, 12-Aug-2021,382.1,383.0,387.1,382.05, 384.70,384.3,384.73,890815,3427.24,10233, 540634, 60.69
NATCOPHARM, EQ, 12-Aug-2021,1010.55,1016.65,1049.0,994.5, 1048.80,1041.45,1020.67,1087733,11102.15,36305, 303210, 27.88
NATHBIOGEN, EQ, 12-Aug-2021,369.4,374.0,374.45,363.8, 368.25,368.05,370.55,31001,114.88,2501, 19688, 63.51
NATIONALUM, EQ, 12-Aug-2021,82.35,82.65,84.8,82.15, 84.70,84.55,83.55,25485206,21292.3,51939, 9454632, 37.10
NATNLSTEEL, EQ, 12-Aug-2021,4.1,4.3,4.3,4.0, 4.15,4.05,4.14,37801,1.57,152, 21256, 56.23
NAUKRI, EQ, 12-Aug-2021,5375.05,5384.0,5438.7,5335.0, 5409.80,5426.65,5395.99,191711,10344.7,21269, 55363, 28.88
NAVINFLUOR, EQ, 12-Aug-2021,3747.55,3779.2,3814.65,3716.0, 3735.00,3729.95,3756.18,166442,6251.87,17394, 39284, 23.60
NAVKARCORP, EQ, 12-Aug-2021,44.4,44.7,46.0,44.7, 45.50,45.35,45.41,903927,410.47,6104, 451023, 49.90
NAVNETEDUL, EQ, 12-Aug-2021,100.45,102.0,105.75,100.45, 102.25,101.95,103.45,681380,704.87,12659, 270400, 39.68
NAZARA, EQ, 12-Aug-2021,1643.1,1651.7,1691.15,1645.0, 1664.00,1664.45,1669.0,106771,1782.01,8031, 35983, 33.70
NBCC, EQ, 12-Aug-2021,45.1,45.2,47.3,45.15, 47.05,46.9,46.32,5190251,2404.03,16299, 1504032, 28.98
NBIFIN, EQ, 12-Aug-2021,2525.0,2548.0,2548.0,2450.0, 2490.00,2490.1,2493.11,1006,25.08,197, 664, 66.00
NBVENTURES, EQ, 12-Aug-2021,103.9,104.4,113.35,104.4, 111.20,111.15,109.67,1230655,1349.6,15141, 382101, 31.05
NCC, EQ, 12-Aug-2021,84.2,84.2,86.1,83.8, 85.05,85.15,84.83,1797495,1524.8,7796, 568919, 31.65
NCLIND, EQ, 12-Aug-2021,267.1,268.9,280.5,267.15, 280.50,278.8,276.77,186780,516.96,6964, 110806, 59.32
NCPSESDL24, EQ, 12-Aug-2021,105.73,105.78,105.8,105.73, 105.77,105.77,105.79,10410,11.01,14, 10409, 99.99
NDGL, BE, 12-Aug-2021,1351.05,1310.5,1418.0,1310.5, 1418.00,1414.5,1382.99,852,11.78,61, -, -
NDL, EQ, 12-Aug-2021,79.45,76.55,81.9,76.55, 80.00,80.2,80.1,140551,112.59,1247, 89043, 63.35
NDRAUTO, BE, 12-Aug-2021,355.05,351.5,372.8,351.5, 370.00,369.45,366.52,5753,21.09,132, -, -
NDTV, EQ, 12-Aug-2021,80.0,78.05,83.9,78.05, 80.55,80.65,81.55,137818,112.39,3079, 61883, 44.90
NECCLTD, EQ, 12-Aug-2021,17.4,17.65,17.9,17.55, 17.60,17.6,17.64,61905,10.92,242, 45683, 73.80
NECLIFE, EQ, 12-Aug-2021,29.55,30.0,32.65,30.0, 32.10,32.15,31.75,839106,266.39,4723, 444719, 53.00
NELCAST, EQ, 12-Aug-2021,82.1,82.7,90.15,82.7, 88.00,87.65,86.69,851555,738.18,13167, 172007, 20.20
NELCO, EQ, 12-Aug-2021,427.7,470.45,470.45,450.0, 470.45,470.45,468.01,1213844,5680.91,12356, 493985, 40.70
NEOGEN, EQ, 12-Aug-2021,921.45,923.3,994.0,921.8, 955.00,954.75,967.79,387499,3750.17,22500, 80988, 20.90
NESCO, EQ, 12-Aug-2021,603.55,605.0,616.5,600.55, 606.00,602.75,607.5,84712,514.62,5277, 33656, 39.73
NESTLEIND, EQ, 12-Aug-2021,18167.8,18180.8,18247.95,18080.0, 18110.00,18133.85,18159.89,24494,4448.08,8851, 12379, 50.54
NETF, EQ, 12-Aug-2021,201.2,201.1,201.48,196.5, 196.50,199.55,201.15,889,1.79,108, 831, 93.48
NETFCONSUM, EQ, 12-Aug-2021,70.17,70.02,70.7,69.05, 70.34,70.22,70.5,11484,8.1,156, 9830, 85.60
NETFDIVOPP, EQ, 12-Aug-2021,41.54,43.48,43.48,40.16, 42.01,42.01,42.55,11147,4.74,77, 10474, 93.96
NETFGILT5Y, EQ, 12-Aug-2021,48.38,48.35,48.4,48.35, 48.40,48.4,48.4,1002,0.48,5, 1000, 99.80
NETFIT, EQ, 12-Aug-2021,32.05,32.2,32.75,31.91, 32.68,32.72,32.54,499296,162.48,2591, 308381, 61.76
NETFLTGILT, EQ, 12-Aug-2021,22.42,22.45,22.49,22.4, 22.42,22.42,22.42,7570,1.7,67, 6430, 84.94
NETFMID150, EQ, 12-Aug-2021,104.08,106.0,110.5,104.08, 105.29,105.03,105.15,47790,50.25,1007, 26290, 55.01
NETFNIF100, EQ, 12-Aug-2021,169.57,168.0,170.94,166.0, 170.55,170.08,170.1,1245,2.12,38, 1167, 93.73
NETFNV20, EQ, 12-Aug-2021,91.62,92.6,92.89,91.36, 92.50,92.48,92.19,2997,2.76,88, 2806, 93.63
NETFPHARMA, EQ, 12-Aug-2021,14.36,14.6,14.6,14.19, 14.23,14.2,14.28,414815,59.22,902, 349196, 84.18
NETFSDL26, EQ, 12-Aug-2021,104.39,104.44,104.44,104.39, 104.44,104.44,104.43,27,0.03,5, 20, 74.07
NETWORK18, EQ, 12-Aug-2021,50.35,50.5,52.6,50.15, 50.50,50.6,51.39,2314948,1189.73,6210, 1337653, 57.78
NEULANDLAB, BE, 12-Aug-2021,1603.95,1620.0,1684.1,1602.5, 1684.10,1684.1,1651.46,42238,697.54,1805, -, -
NEWGEN, BE, 12-Aug-2021,602.7,610.0,610.0,595.0, 605.00,604.9,602.07,39530,238.0,2134, -, -
NEXTMEDIA, EQ, 12-Aug-2021,4.7,4.7,5.05,4.5, 4.95,4.9,4.89,16261,0.8,34, 13794, 84.83
NFL, EQ, 12-Aug-2021,56.75,56.25,58.2,56.25, 57.95,57.9,57.75,687754,397.18,5164, 223000, 32.42
NH, EQ, 12-Aug-2021,510.3,511.0,519.9,502.0, 503.70,503.75,509.16,285286,1452.57,18305, 133559, 46.82
NHAI, N1, 12-Aug-2021,1086.55,1089.9,1090.01,1089.9, 1090.00,1090.0,1090.0,950,10.35,10, 900, 94.74
NHAI, N2, 12-Aug-2021,1255.0,1253.57,1257.5,1251.0, 1257.50,1256.69,1254.39,4053,50.84,32, 3029, 74.73
NHAI, N4, 12-Aug-2021,1150.0,1151.0,1151.0,1151.0, 1151.00,1151.0,1151.0,50,0.58,1, 50, 100.00
NHAI, N6, 12-Aug-2021,1274.89,1285.0,1285.0,1275.0, 1284.70,1284.25,1284.17,310,3.98,12, 200, 64.52
NHAI, N8, 12-Aug-2021,1132.0,1130.0,1131.0,1130.0, 1131.00,1131.0,1130.76,42,0.47,5, 41, 97.62
NHAI, N9, 12-Aug-2021,1230.0,1217.26,1220.0,1210.0, 1210.00,1214.21,1215.78,29,0.35,15, 15, 51.72
NHAI, NA, 12-Aug-2021,1237.79,1249.9,1266.0,1233.5, 1237.00,1237.13,1237.62,940,11.63,32, 800, 85.11
NHAI, NC, 12-Aug-2021,1169.99,1152.6,1152.6,1152.6, 1152.60,1152.6,1152.6,31,0.36,1, 31, 100.00
NHAI, NE, 12-Aug-2021,1272.0,1270.4,1280.0,1270.25, 1280.00,1280.0,1276.91,1318,16.83,11, 1196, 90.74
NHBTF2014, N6, 12-Aug-2021,7130.0,7125.0,7125.0,7125.0, 7125.00,7125.0,7125.0,66,4.7,7, 65, 98.48
NHBTF2023, N1, 12-Aug-2021,10010.0,10050.0,10050.0,10050.0, 10050.00,10050.0,10050.0,2,0.2,1, 2, 100.00
NHBTF2023, N6, 12-Aug-2021,6500.0,6500.0,6500.2,6500.0, 6500.00,6500.0,6500.1,20,1.3,3, 20, 100.00
NHBTF2023, N7, 12-Aug-2021,7051.5,7002.0,7009.2,7002.0, 7009.20,7007.05,7007.06,37,2.59,2, 37, 100.00
NHPC, EQ, 12-Aug-2021,26.0,26.15,26.15,25.9, 26.00,26.0,26.01,2300752,598.33,4135, 1742012, 75.71
NIACL, EQ, 12-Aug-2021,149.6,146.0,151.6,145.2, 149.00,148.65,147.1,721700,1061.62,16264, 233592, 32.37
NIBL, EQ, 12-Aug-2021,19.35,19.85,20.0,19.1, 19.90,19.75,19.91,30960,6.16,128, 20043, 64.74
NIFTYBEES, EQ, 12-Aug-2021,175.37,176.7,176.7,174.55, 176.10,176.17,175.85,793639,1395.59,12280, 437515, 55.13
NIFTYEES, EQ, 12-Aug-2021,21328.0,21125.0,21328.0,21125.0, 21328.00,21328.0,21260.33,3,0.64,3, 3, 100.00
NIITLTD, EQ, 12-Aug-2021,313.45,312.0,330.0,311.0, 326.50,327.9,323.38,1415479,4577.41,26153, 507312, 35.84
NILAINFRA, EQ, 12-Aug-2021,6.05,6.15,6.65,6.0, 6.65,6.65,6.49,968200,62.87,938, 306546, 31.66
NILASPACES, BE, 12-Aug-2021,2.05,1.95,2.1,1.95, 2.05,2.05,1.98,308654,6.1,319, -, -
NILKAMAL, EQ, 12-Aug-2021,2578.25,2582.35,2648.2,2575.0, 2590.00,2609.05,2604.68,22031,573.84,4136, 5137, 23.32
NIPPOBATRY, EQ, 12-Aug-2021,930.35,942.0,1060.0,937.5, 1020.00,1017.1,1016.91,42607,433.27,5821, 14457, 33.93
NIRAJ, EQ, 12-Aug-2021,49.35,51.2,51.2,47.85, 49.80,49.25,48.85,39782,19.43,941, 20072, 50.45
NITCO, EQ, 12-Aug-2021,21.9,21.25,22.95,21.25, 22.95,22.95,22.63,52282,11.83,340, 44875, 85.83
NITINFIRE, BZ, 12-Aug-2021,1.7,1.65,1.65,1.65, 1.65,1.65,1.65,56251,0.93,62, -, -
NITINSPIN, BE, 12-Aug-2021,202.35,194.0,212.45,194.0, 212.45,212.45,206.83,239441,495.24,1512, -, -
NITIRAJ, EQ, 12-Aug-2021,51.45,52.0,52.0,48.1, 49.65,50.85,50.3,695,0.35,71, 223, 32.09
NKIND, EQ, 12-Aug-2021,33.8,35.45,35.45,35.45, 35.45,35.45,35.45,2046,0.73,27, 1891, 92.42
NLCINDIA, EQ, 12-Aug-2021,54.95,54.65,56.0,54.65, 56.00,55.85,55.42,1215478,673.6,6820, 452435, 37.22
NMDC, EQ, 12-Aug-2021,171.8,172.75,175.0,170.25, 174.25,173.45,172.65,9256188,15981.09,39242, 2853802, 30.83
NOCIL, EQ, 12-Aug-2021,271.1,272.0,276.95,270.0, 271.40,271.9,273.3,1453482,3972.42,21185, 343841, 23.66
NOIDATOLL, EQ, 12-Aug-2021,5.8,5.85,6.05,5.65, 5.85,5.85,5.91,138401,8.17,207, 94426, 68.23
NOVARTIND, EQ, 12-Aug-2021,842.3,852.6,852.7,820.0, 830.00,827.1,834.35,68275,569.65,5029, 34944, 51.18
NPBET, EQ, 12-Aug-2021,183.99,185.79,187.63,181.95, 187.63,187.59,186.28,224,0.42,33, 183, 81.70
NPST, ST, 12-Aug-2021,76.2,78.95,78.95,72.4, 78.00,77.45,74.67,32000,23.89,20, 28800, 90.00
NRAIL, EQ, 12-Aug-2021,306.95,311.6,319.0,310.65, 314.85,314.1,315.45,54576,172.16,3572, 26656, 48.84
NRBBEARING, EQ, 12-Aug-2021,121.25,121.3,127.55,121.3, 126.50,126.1,125.18,209119,261.77,4383, 93631, 44.77
NSIL, EQ, 12-Aug-2021,1814.05,1878.0,1884.8,1794.95, 1859.00,1855.75,1851.14,1409,26.08,324, 923, 65.51
NTL, BE, 12-Aug-2021,2.8,2.9,2.9,2.9, 2.90,2.9,2.9,10010,0.29,19, -, -
NTPC, EQ, 12-Aug-2021,116.95,116.95,119.4,116.5, 118.90,119.15,117.96,8640167,10192.04,51859, 4023337, 46.57
NTPC, N4, 12-Aug-2021,1155.0,1135.0,1153.0,1135.0, 1153.00,1153.0,1147.0,30,0.34,2, 30, 100.00
NTPC, N6, 12-Aug-2021,1425.87,1427.0,1430.0,1425.0, 1425.50,1425.95,1425.26,78,1.11,5, 68, 87.18
NTPC, N7, 12-Aug-2021,13.8,13.76,13.84,13.76, 13.84,13.82,13.82,37023,5.12,113, 36583, 98.81
NTPC, NA, 12-Aug-2021,1345.0,1330.0,1330.0,1324.0, 1330.00,1330.0,1329.78,54,0.72,3, 52, 96.30
NTPC, ND, 12-Aug-2021,1334.0,1332.01,1332.01,1332.01, 1332.01,1332.01,1332.01,63,0.84,1, 63, 100.00
NUCLEUS, EQ, 12-Aug-2021,667.05,670.0,695.0,665.3, 683.00,684.15,683.04,85918,586.85,5913, 27498, 32.00
NURECA, EQ, 12-Aug-2021,1611.4,1638.7,1691.95,1620.0, 1691.95,1691.95,1675.61,9538,159.82,657, 7803, 81.81
NXTDIGITAL, EQ, 12-Aug-2021,467.9,464.25,483.05,464.25, 482.25,480.65,479.28,3780,18.12,198, 2527, 66.85
OAL, EQ, 12-Aug-2021,853.0,866.65,895.85,860.95, 888.70,883.0,880.22,13072,115.06,1809, 6833, 52.27
OBEROIRLTY, EQ, 12-Aug-2021,692.75,685.85,697.25,681.35, 688.40,690.15,689.24,231200,1593.52,7504, 58263, 25.20
OCCL, EQ, 12-Aug-2021,1043.85,1077.0,1102.95,1053.75, 1083.00,1079.5,1085.3,26823,291.11,2971, 15961, 59.50
OFSS, EQ, 12-Aug-2021,4447.35,4468.0,4709.9,4454.3, 4700.00,4671.25,4593.64,277121,12729.94,34220, 137033, 49.45
OIL, EQ, 12-Aug-2021,163.5,164.0,171.0,162.7, 164.20,164.5,167.18,3331089,5568.86,36526, 727453, 21.84
OILCOUNTUB, BE, 12-Aug-2021,6.8,7.0,7.1,6.6, 6.80,6.7,6.84,4332,0.3,36, -, -
OLECTRA, BE, 12-Aug-2021,298.0,290.1,312.9,290.1, 312.90,312.9,306.68,253674,777.96,1999, -, -
OMAXAUTO, BE, 12-Aug-2021,52.3,53.35,53.7,49.7, 51.95,52.0,51.74,23955,12.39,201, -, -
OMAXE, EQ, 12-Aug-2021,76.7,75.3,80.5,75.3, 80.00,80.05,79.34,60475,47.98,1145, 37604, 62.18
OMINFRAL, EQ, 12-Aug-2021,31.15,31.25,33.6,30.95, 33.60,32.65,32.19,220921,71.1,1104, 139940, 63.34
OMKARCHEM, EQ, 12-Aug-2021,17.7,16.85,18.5,16.85, 16.95,17.0,17.31,425721,73.7,1728, 202166, 47.49
ONELIFECAP, BE, 12-Aug-2021,17.75,18.0,18.6,17.2, 18.60,18.6,18.46,37426,6.91,154, -, -
ONEPOINT, BE, 12-Aug-2021,39.85,39.85,41.8,37.9, 41.50,41.65,40.38,43794,17.68,191, -, -
ONGC, EQ, 12-Aug-2021,117.0,116.1,117.9,115.3, 116.40,116.25,116.46,13519139,15744.45,64125, 6356919, 47.02
ONMOBILE, EQ, 12-Aug-2021,121.4,122.05,129.35,122.0, 127.00,126.8,126.57,484904,613.75,6504, 259199, 53.45
ONWARDTEC, EQ, 12-Aug-2021,241.9,250.0,252.75,245.0, 249.00,248.6,249.16,26436,65.87,1558, 15123, 57.21
OPTIEMUS, BE, 12-Aug-2021,143.65,147.6,150.0,141.0, 148.05,149.35,146.24,100172,146.49,809, -, -
OPTOCIRCUI, BE, 12-Aug-2021,3.85,3.85,4.0,3.85, 4.00,4.0,3.98,247456,9.85,312, -, -
ORBTEXP, EQ, 12-Aug-2021,77.7,80.0,84.0,78.6, 83.00,82.2,82.05,32914,27.01,1193, 17375, 52.79
ORCHPHARMA, BE, 12-Aug-2021,423.75,427.0,444.9,417.5, 444.90,442.35,438.08,10002,43.82,398, -, -
ORICONENT, EQ, 12-Aug-2021,31.5,33.05,33.05,32.65, 33.05,33.05,33.05,88410,29.22,216, 83418, 94.35
ORIENTABRA, EQ, 12-Aug-2021,29.9,30.35,31.5,30.0, 31.25,31.25,30.82,235901,72.7,2174, 89889, 38.10
ORIENTALTL, EQ, 12-Aug-2021,9.0,9.25,10.25,8.95, 9.70,9.55,9.58,82139,7.87,350, 41412, 50.42
ORIENTBELL, EQ, 12-Aug-2021,333.0,336.4,350.0,322.65, 331.90,332.45,336.29,48222,162.16,2648, 17121, 35.50
ORIENTCEM, EQ, 12-Aug-2021,154.4,155.6,163.5,155.55, 163.00,162.35,161.2,637872,1028.24,8609, 345030, 54.09
ORIENTELEC, EQ, 12-Aug-2021,322.95,322.6,331.1,316.5, 328.60,327.75,324.64,304675,989.09,9132, 118102, 38.76
ORIENTHOT, EQ, 12-Aug-2021,35.3,35.7,38.3,35.7, 37.00,36.95,37.2,241486,89.84,2703, 83910, 34.75
ORIENTLTD, EQ, 12-Aug-2021,74.55,77.7,77.7,74.4, 75.30,75.35,75.59,2611,1.97,54, 1555, 59.56
ORIENTPPR, EQ, 12-Aug-2021,28.7,28.95,30.35,28.9, 30.30,30.0,29.74,1223651,363.88,3275, 454414, 37.14
ORISSAMINE, EQ, 12-Aug-2021,2844.1,2858.35,2942.35,2790.0, 2934.90,2928.75,2878.56,14472,416.59,2478, 7073, 48.87
ORTEL, BZ, 12-Aug-2021,1.0,1.0,1.0,1.0, 1.00,1.0,1.0,100,0.0,1, -, -
ORTINLAB, EQ, 12-Aug-2021,30.05,30.2,31.8,29.7, 31.80,31.55,31.08,72082,22.4,853, 41300, 57.30
OSIAHYPER, SM, 12-Aug-2021,181.0,193.75,209.0,184.0, 200.00,200.0,200.23,14800,29.63,26, 10800, 72.97
OSWALAGRO, EQ, 12-Aug-2021,15.8,15.75,16.55,15.15, 16.45,16.45,16.33,99201,16.2,399, 86211, 86.91
PAEL, BZ, 12-Aug-2021,5.95,5.95,6.2,5.8, 6.20,6.2,6.06,3730,0.23,13, -, -
PAGEIND, EQ, 12-Aug-2021,32980.6,32998.25,32998.25,31800.0, 31800.00,32373.6,32511.4,16354,5316.91,7379, 6284, 38.42
PAISALO, EQ, 12-Aug-2021,604.9,611.8,619.0,598.05, 619.00,608.8,607.59,53554,325.39,4214, 27560, 51.46
PALASHSECU, EQ, 12-Aug-2021,59.0,62.95,64.9,60.2, 64.90,64.9,64.8,33993,22.03,135, 33137, 97.48
PALREDTEC, EQ, 12-Aug-2021,110.5,112.0,118.6,108.25, 114.00,114.0,114.68,57164,65.56,2704, 20238, 35.40
PANACEABIO, EQ, 12-Aug-2021,320.7,325.0,335.0,325.0, 329.00,328.2,329.6,69827,230.15,3077, 26730, 38.28
PANACHE, BE, 12-Aug-2021,60.9,62.75,63.8,61.0, 62.85,63.2,62.19,7485,4.66,81, -, -
PANAMAPET, EQ, 12-Aug-2021,279.8,281.9,299.4,275.25, 296.80,295.9,292.42,267257,781.51,7481, 109962, 41.14
PARACABLES, BE, 12-Aug-2021,14.4,13.7,15.1,13.7, 15.10,15.1,14.56,369799,53.85,1028, -, -
PARAGMILK, EQ, 12-Aug-2021,125.9,127.0,129.85,126.45, 129.00,128.7,128.32,341699,438.46,4360, 173178, 50.68
PARSVNATH, EQ, 12-Aug-2021,14.35,14.05,15.05,13.85, 15.05,15.05,14.68,412357,60.55,582, 285111, 69.14
PARTYCRUS, SM, 12-Aug-2021,17.2,17.25,17.5,17.25, 17.50,17.5,17.38,4000,0.7,2, 4000, 100.00
PATELENG, EQ, 12-Aug-2021,18.0,18.0,18.75,17.9, 18.10,18.25,18.39,4576149,841.75,8021, 2384552, 52.11
PATINTLOG, EQ, 12-Aug-2021,21.65,21.95,22.7,21.9, 22.70,22.7,22.55,19873,4.48,169, 15132, 76.14
PATSPINLTD, EQ, 12-Aug-2021,10.25,9.75,10.25,9.75, 10.25,9.85,9.78,24544,2.4,97, 24441, 99.58
PBAINFRA, BE, 12-Aug-2021,11.75,11.25,12.3,11.25, 12.30,12.3,11.85,10568,1.25,41, -, -
PCJEWELLER, EQ, 12-Aug-2021,22.75,23.0,23.45,22.85, 23.20,23.25,23.2,1269550,294.59,3882, 599481, 47.22
PDMJEPAPER, EQ, 12-Aug-2021,40.6,40.6,43.2,40.05, 41.90,41.85,42.22,557776,235.48,7529, 116479, 20.88
PDSMFL, EQ, 12-Aug-2021,1350.55,1360.05,1420.0,1343.05, 1400.00,1397.95,1388.4,13714,190.41,1142, 10851, 79.12
PEARLPOLY, EQ, 12-Aug-2021,15.9,15.95,16.5,15.9, 16.45,16.2,16.18,11974,1.94,29, 9434, 78.79
PEL, EQ, 12-Aug-2021,2729.7,2729.5,2782.0,2688.75, 2715.05,2718.8,2731.27,639553,17467.9,41220, 117351, 18.35
PENIND, EQ, 12-Aug-2021,34.1,33.75,35.5,33.1, 34.20,33.8,34.28,1456039,499.08,6202, 682976, 46.91
PENINLAND, BE, 12-Aug-2021,12.55,11.95,13.15,11.95, 13.00,13.05,12.66,307111,38.87,429, -, -
PENTAGOLD, SM, 12-Aug-2021,76.3,72.5,72.5,72.5, 72.50,72.5,72.5,12000,8.7,2, 12000, 100.00
PERSISTENT, EQ, 12-Aug-2021,3095.55,3111.05,3178.0,3098.65, 3169.00,3167.45,3153.69,129752,4091.98,13751, 66225, 51.04
PETRONET, EQ, 12-Aug-2021,214.25,215.0,216.0,213.6, 214.50,214.3,214.63,2314425,4967.49,21009, 1271148, 54.92
PFC, EQ, 12-Aug-2021,128.9,129.3,132.4,128.65, 129.45,129.65,130.03,9907419,12883.04,38159, 2884950, 29.12
PFC, N3, 12-Aug-2021,1319.71,1321.0,1323.76,1321.0, 1323.76,1323.76,1322.38,12,0.16,2, 6, 50.00
PFC, N8, 12-Aug-2021,1436.5,1434.1,1440.0,1431.99, 1436.00,1438.22,1434.55,754,10.82,19, 505, 66.98
PFIZER, EQ, 12-Aug-2021,5748.75,5759.85,5881.45,5722.3, 5816.00,5819.75,5801.38,46206,2680.58,5790, 11876, 25.70
PFOCUS, EQ, 12-Aug-2021,51.3,52.95,54.95,50.95, 54.75,54.1,53.2,29200,15.53,373, 21084, 72.21
PFS, EQ, 12-Aug-2021,18.9,19.25,20.3,19.0, 19.25,19.6,19.5,1445367,281.92,2966, 552391, 38.22
PGEL, EQ, 12-Aug-2021,341.1,354.1,354.1,339.0, 349.95,348.65,348.35,17583,61.25,781, 10462, 59.50
PGHH, EQ, 12-Aug-2021,12399.25,12400.0,12684.95,12350.0, 12674.00,12586.2,12468.68,2641,329.3,1299, 1303, 49.34
PGHL, EQ, 12-Aug-2021,5347.95,5346.2,5448.5,5310.05, 5400.05,5426.65,5365.52,4959,266.08,1815, 2672, 53.88
PGIL, EQ, 12-Aug-2021,357.45,372.0,396.45,362.05, 371.00,374.25,379.91,66152,251.32,5009, 33074, 50.00
PGINVIT, IV, 12-Aug-2021,122.04,122.5,123.5,122.15, 122.80,122.83,122.93,569685,700.32,3559, 546174, 95.87
PHILIPCARB, EQ, 12-Aug-2021,240.9,241.9,254.7,241.9, 253.35,253.05,251.89,1987718,5006.82,30591, 640856, 32.24
PHOENIXLTD, EQ, 12-Aug-2021,842.35,855.0,873.15,843.0, 870.00,860.8,851.49,405954,3456.67,9076, 280127, 69.00
PIDILITIND, EQ, 12-Aug-2021,2260.25,2288.0,2288.0,2202.3, 2222.00,2220.8,2231.01,940284,20977.85,64391, 313755, 33.37
PIIND, EQ, 12-Aug-2021,3066.85,3083.0,3153.15,3080.05, 3137.75,3123.2,3118.55,316308,9864.22,27316, 121424, 38.39
PILANIINVS, EQ, 12-Aug-2021,1878.5,1915.0,1948.5,1887.25, 1909.95,1906.6,1917.1,2570,49.27,433, 1018, 39.61
PILITA, EQ, 12-Aug-2021,6.8,6.65,7.3,6.65, 6.75,6.8,6.92,3707561,256.53,2383, 1445398, 38.99
PIONDIST, EQ, 12-Aug-2021,127.25,127.3,131.8,127.3, 130.95,129.25,130.4,13002,16.95,201, 7556, 58.11
PIONEEREMB, EQ, 12-Aug-2021,65.3,65.95,71.35,65.15, 70.00,70.25,69.48,359231,249.58,5443, 144010, 40.09
PITTIENG, EQ, 12-Aug-2021,180.5,175.0,189.5,173.0, 189.50,189.5,184.38,326035,601.13,3906, 189755, 58.20
PKTEA, BE, 12-Aug-2021,312.35,321.75,327.95,300.0, 327.95,327.95,319.71,2069,6.61,49, -, -
PLASTIBLEN, EQ, 12-Aug-2021,260.1,262.0,270.7,261.95, 265.50,266.6,266.05,51509,137.04,1850, 25205, 48.93
PNB, EQ, 12-Aug-2021,37.4,37.45,37.95,37.4, 37.95,37.8,37.68,32721153,12328.06,45409, 7982592, 24.40
PNBGILTS, EQ, 12-Aug-2021,65.35,66.0,67.8,65.3, 67.40,67.15,66.54,259849,172.91,2886, 161463, 62.14
PNBHOUSING, BE, 12-Aug-2021,692.1,692.1,703.0,669.0, 698.00,695.85,693.06,47818,331.41,1104, -, -
PNC, EQ, 12-Aug-2021,35.05,35.85,38.55,34.45, 37.90,37.65,37.82,77857,29.45,593, 22126, 28.42
PNCINFRA, EQ, 12-Aug-2021,294.35,292.0,311.3,292.0, 309.60,309.85,306.35,568942,1742.97,11398, 277604, 48.79
PODDARHOUS, EQ, 12-Aug-2021,183.4,188.4,192.55,182.1, 192.55,192.55,191.04,6825,13.04,151, 4967, 72.78
PODDARMENT, EQ, 12-Aug-2021,341.0,346.85,360.55,346.85, 354.50,354.8,355.78,28817,102.52,2335, 11508, 39.93
POKARNA, EQ, 12-Aug-2021,451.6,459.0,475.0,456.1, 474.00,464.15,465.02,217781,1012.73,8018, 102653, 47.14
POLYCAB, EQ, 12-Aug-2021,1806.75,1819.4,1836.5,1804.05, 1810.70,1809.65,1814.23,161242,2925.3,15080, 83154, 51.57
POLYMED, EQ, 12-Aug-2021,903.95,908.0,937.95,891.05, 915.00,918.25,916.59,79851,731.91,7801, 30912, 38.71
POLYPLEX, EQ, 12-Aug-2021,1469.55,1478.0,1550.0,1471.5, 1545.00,1546.1,1522.18,293942,4474.32,16834, 102371, 34.83
PONNIERODE, BE, 12-Aug-2021,252.2,262.4,264.8,248.0, 260.00,260.9,262.4,13171,34.56,307, -, -
POONAWALLA, BE, 12-Aug-2021,174.95,176.9,177.7,171.05, 177.00,177.0,176.31,1074082,1893.74,2701, -, -
POONAWALLA, N1, 12-Aug-2021,1025.0,1022.0,1022.0,1022.0, 1022.00,1022.0,1022.0,2,0.02,1, 2, 100.00
POWERGRID, EQ, 12-Aug-2021,176.35,177.0,187.7,176.3, 187.00,187.0,183.68,43580817,80050.8,239333, 16454454, 37.76
POWERINDIA, EQ, 12-Aug-2021,1796.65,1801.0,1816.55,1781.0, 1798.00,1798.95,1792.52,29096,521.55,5879, 16103, 55.34
POWERMECH, EQ, 12-Aug-2021,804.25,804.0,823.6,797.05, 820.00,815.25,814.65,121965,993.59,5418, 86108, 70.60
PPAP, EQ, 12-Aug-2021,247.0,249.0,259.9,249.0, 258.00,256.6,255.66,35101,89.74,2217, 20148, 57.40
PPL, EQ, 12-Aug-2021,163.25,168.95,168.95,164.35, 164.90,165.4,166.73,226344,377.39,5222, 111322, 49.18
PRAENG, BE, 12-Aug-2021,24.1,22.9,25.3,22.9, 25.30,25.3,23.58,456252,107.57,636, -, -
PRAJIND, BE, 12-Aug-2021,337.05,330.05,353.6,324.1, 349.00,343.6,343.95,1121426,3857.14,14405, -, -
PRAKASH, EQ, 12-Aug-2021,73.35,73.2,76.0,73.2, 75.65,75.6,74.79,1081365,808.77,6882, 565155, 52.26
PRAKASHSTL, EQ, 12-Aug-2021,1.95,2.0,2.0,2.0, 2.00,2.0,2.0,187934,3.76,70, 187934, 100.00
PRAXIS, EQ, 12-Aug-2021,45.2,45.75,47.45,44.25, 47.45,47.45,46.58,13202,6.15,91, 9853, 74.63
PRECAM, EQ, 12-Aug-2021,91.1,90.0,97.8,90.0, 96.00,95.6,94.37,390031,368.09,6131, 229128, 58.75
PRECOT, EQ, 12-Aug-2021,265.35,269.0,278.6,266.0, 278.60,278.6,276.99,31971,88.56,372, 25750, 80.54
PRECWIRE, EQ, 12-Aug-2021,214.9,216.4,232.95,216.4, 230.00,230.0,226.51,108322,245.36,3499, 44524, 41.10
PREMEXPLN, BE, 12-Aug-2021,236.75,246.95,248.55,235.0, 247.80,247.55,248.04,27703,68.72,275, -, -
PREMIER, EQ, 12-Aug-2021,4.95,5.15,5.15,5.15, 5.15,5.15,5.15,11809,0.61,34, 11809, 100.00
PREMIERPOL, EQ, 12-Aug-2021,78.1,82.0,82.0,79.0, 82.00,82.0,81.3,19096,15.52,189, 14660, 76.77
PRESSMN, EQ, 12-Aug-2021,30.0,30.0,32.9,29.65, 31.50,31.55,31.34,125214,39.24,1399, 73959, 59.07
PRESTIGE, EQ, 12-Aug-2021,360.95,362.0,367.4,350.55, 356.00,355.0,357.82,610965,2186.15,16202, 180192, 29.49
PRICOLLTD, EQ, 12-Aug-2021,83.85,83.85,89.2,83.5, 87.00,87.7,86.89,869674,755.69,8593, 315949, 36.33
PRIMESECU, EQ, 12-Aug-2021,91.45,87.15,94.0,86.9, 90.00,91.75,88.68,164859,146.2,1038, 119593, 72.54
PRINCEPIPE, EQ, 12-Aug-2021,636.75,642.9,669.8,640.0, 662.00,659.45,655.37,256143,1678.69,11838, 97231, 37.96
PRITI, SM, 12-Aug-2021,179.0,170.5,170.5,170.5, 170.50,170.5,170.5,8000,13.64,2, 8000, 100.00
PRITIKAUTO, EQ, 12-Aug-2021,17.9,18.25,18.6,18.0, 18.10,18.2,18.3,62493,11.44,286, 39278, 62.85
PRIVISCL, EQ, 12-Aug-2021,1585.95,1620.0,1700.0,1605.85, 1670.00,1673.9,1675.87,55096,923.34,6264, 26859, 48.75
PROINDIA, BE, 12-Aug-2021,18.75,19.65,19.65,19.65, 19.65,19.65,19.65,454,0.09,11, -, -
PROLIFE, SM, 12-Aug-2021,93.0,89.0,89.0,89.0, 89.00,89.0,89.0,6000,5.34,2, 6000, 100.00
PROZONINTU, EQ, 12-Aug-2021,31.2,32.8,32.8,31.5, 32.00,32.05,32.01,277319,88.76,1907, 158189, 57.04
PRSMJOHNSN, EQ, 12-Aug-2021,133.9,135.0,138.25,133.4, 136.75,136.7,136.99,527748,722.95,8427, 397515, 75.32
PSB, EQ, 12-Aug-2021,16.55,16.8,17.85,16.55, 17.50,17.5,17.36,924663,160.48,2457, 543251, 58.75
PSPPROJECT, EQ, 12-Aug-2021,426.8,431.95,454.9,428.25, 450.10,448.65,439.86,63267,278.29,3943, 29012, 45.86
PSUBNKBEES, EQ, 12-Aug-2021,25.72,26.09,26.11,25.61, 26.00,25.99,25.95,220457,57.21,881, 95910, 43.51
PTC, EQ, 12-Aug-2021,95.9,99.7,102.4,98.25, 100.20,99.4,100.2,2119816,2124.07,17300, 623757, 29.43
PTL, EQ, 12-Aug-2021,46.65,47.0,50.55,47.0, 48.80,49.2,49.35,125035,61.7,1714, 59931, 47.93
PUNJABCHEM, EQ, 12-Aug-2021,1237.55,1385.95,1485.05,1360.1, 1485.05,1485.05,1447.47,211102,3055.63,18217, 80750, 38.25
PUNJLLOYD, BZ, 12-Aug-2021,1.95,2.0,2.0,1.9, 2.00,2.0,1.97,200371,3.95,161, -, -
PURVA, EQ, 12-Aug-2021,100.05,100.85,104.4,99.55, 101.10,100.9,102.35,437310,447.58,7195, 156896, 35.88
PVP, BE, 12-Aug-2021,6.8,6.8,6.95,6.5, 6.50,6.5,6.64,211562,14.04,346, -, -
PVR, EQ, 12-Aug-2021,1390.55,1375.0,1431.0,1370.0, 1404.70,1408.9,1407.17,1120776,15771.27,40568, 269993, 24.09
QGOLDHALF, EQ, 12-Aug-2021,1997.0,2008.0,2018.0,2005.85, 2017.00,2017.0,2015.95,297,5.99,49, 244, 82.15
QNIFTY, EQ, 12-Aug-2021,1688.0,1696.0,1702.0,1696.0, 1702.00,1702.0,1699.8,30,0.51,8, 7, 23.33
QUESS, EQ, 12-Aug-2021,822.0,828.95,867.0,828.9, 865.00,863.3,858.33,307844,2642.32,22789, 178638, 58.03
QUICKHEAL, EQ, 12-Aug-2021,224.6,226.0,238.0,226.0, 236.25,235.2,233.55,527377,1231.68,11442, 165558, 31.39
RADAAN, EQ, 12-Aug-2021,1.0,1.05,1.05,1.05, 1.05,1.05,1.05,4173,0.04,5, 4173, 100.00
RADICO, EQ, 12-Aug-2021,892.05,905.0,945.0,905.0, 934.95,935.25,931.16,1921038,17887.96,54877, 281175, 14.64
RADIOCITY, EQ, 12-Aug-2021,24.5,24.5,24.8,23.9, 24.50,24.5,24.47,311567,76.24,930, 216384, 69.45
RAILTEL, EQ, 12-Aug-2021,130.9,131.8,135.75,131.75, 135.00,134.75,134.05,604666,810.56,9007, 283325, 46.86
RAIN, EQ, 12-Aug-2021,233.75,234.0,237.75,229.45, 234.15,235.3,234.3,3009944,7052.39,28464, 745327, 24.76
RAJESHEXPO, EQ, 12-Aug-2021,611.05,612.5,622.0,607.05, 608.05,608.5,614.08,234638,1440.87,5853, 31524, 13.44
RAJMET, BE, 12-Aug-2021,184.45,185.0,189.0,185.0, 186.10,187.05,187.28,8819,16.52,212, -, -
RAJRATAN, BE, 12-Aug-2021,1931.35,1834.8,2027.9,1834.8, 2027.90,2027.9,1955.25,39577,773.83,1929, -, -
RAJRAYON, BZ, 12-Aug-2021,0.35,0.4,0.4,0.35, 0.40,0.4,0.39,1942574,7.62,349, -, -
RAJSREESUG, EQ, 12-Aug-2021,24.35,24.95,25.45,24.1, 25.05,25.1,24.96,25174,6.28,273, 14112, 56.06
RAJTV, BE, 12-Aug-2021,38.0,38.3,39.85,37.4, 39.70,39.5,38.92,8630,3.36,80, -, -
RALLIS, EQ, 12-Aug-2021,299.65,300.9,306.35,296.0, 299.00,296.7,299.89,597527,1791.94,14053, 321775, 53.85
RAMANEWS, EQ, 12-Aug-2021,20.4,20.5,21.6,20.5, 20.85,20.85,21.07,158650,33.43,735, 94719, 59.70
RAMASTEEL, BE, 12-Aug-2021,241.8,244.0,253.85,241.85, 253.85,253.85,252.26,99670,251.43,776, -, -
RAMCOCEM, EQ, 12-Aug-2021,1006.95,1006.95,1022.6,987.0, 987.50,989.25,996.6,455786,4542.38,15001, 193815, 42.52
RAMCOIND, EQ, 12-Aug-2021,294.15,295.0,315.5,295.0, 313.00,313.1,307.59,248568,764.57,7080, 99289, 39.94
RAMCOSYS, EQ, 12-Aug-2021,487.4,488.0,496.5,473.9, 483.45,479.3,482.98,241826,1167.97,9356, 170265, 70.41
RAMKY, BE, 12-Aug-2021,181.8,182.8,190.4,178.95, 184.50,181.25,186.17,56670,105.5,353, -, -
RANASUG, BE, 12-Aug-2021,25.45,25.35,26.7,24.4, 26.70,26.5,26.13,484778,126.7,1757, -, -
RANEENGINE, EQ, 12-Aug-2021,305.05,306.4,321.9,306.4, 313.40,313.2,315.87,18760,59.26,1250, 5494, 29.29
RANEHOLDIN, EQ, 12-Aug-2021,663.45,673.0,700.0,670.8, 691.80,691.25,685.73,39218,268.93,3027, 21497, 54.81
RATNAMANI, EQ, 12-Aug-2021,2144.25,2155.0,2166.8,2100.0, 2110.00,2104.9,2126.62,14017,298.09,2227, 7293, 52.03
RAYMOND, EQ, 12-Aug-2021,412.95,416.2,421.0,413.0, 417.95,417.25,416.75,362567,1511.01,10654, 116609, 32.16
RBL, EQ, 12-Aug-2021,920.35,920.0,984.0,910.8, 971.00,969.1,961.72,8832,84.94,1476, 3239, 36.67
RBLBANK, EQ, 12-Aug-2021,177.7,178.0,179.25,175.2, 176.90,176.25,176.64,4875673,8612.17,43797, 985013, 20.20
RCF, EQ, 12-Aug-2021,74.5,74.85,77.2,74.8, 76.25,75.9,75.96,2314354,1758.05,14331, 758544, 32.78
RCOM, EQ, 12-Aug-2021,2.95,3.0,3.05,2.95, 3.05,3.05,3.04,23238276,705.59,9511, 6696202, 28.82
RECLTD, EQ, 12-Aug-2021,148.65,148.75,151.6,148.2, 151.45,151.0,150.11,4379982,6574.63,19491, 1117095, 25.50
RECLTD, N8, 12-Aug-2021,1134.0,1133.0,1133.0,1133.0, 1133.00,1133.0,1133.0,172,1.95,4, 172, 100.00
RECLTD, N9, 12-Aug-2021,1305.0,1290.5,1305.0,1290.5, 1305.00,1298.27,1294.58,481,6.23,6, 256, 53.22
RECLTD, NE, 12-Aug-2021,1145.61,1145.0,1153.89,1145.0, 1153.40,1153.4,1150.89,304,3.5,4, 254, 83.55
RECLTD, NI, 12-Aug-2021,1182.5,1182.5,1182.5,1182.5, 1182.50,1182.5,1182.5,180,2.13,3, 180, 100.00
REDINGTON, EQ, 12-Aug-2021,320.05,325.0,332.2,325.0, 332.10,330.2,329.91,733195,2418.89,21665, 574273, 78.32
REFEX, EQ, 12-Aug-2021,124.25,123.25,135.25,123.25, 135.25,133.9,130.51,126919,165.65,4891, 61642, 48.57
RELAXO, EQ, 12-Aug-2021,1145.35,1155.0,1168.0,1150.0, 1166.00,1162.4,1159.6,109435,1269.01,13587, 56468, 51.60
RELCAPITAL, EQ, 12-Aug-2021,15.15,15.2,15.9,15.05, 15.90,15.9,15.72,1380271,217.02,3001, 1007836, 73.02
RELIANCE, EQ, 12-Aug-2021,2117.3,2124.9,2126.2,2105.0, 2109.80,2110.5,2115.11,3755507,79433.26,114345, 1900505, 50.61
RELIANCEP1, E1, 12-Aug-2021,1481.05,1488.1,1491.4,1471.7, 1478.50,1480.0,1480.5,240943,3567.16,8688, 213525, 88.62
RELIGARE, EQ, 12-Aug-2021,150.65,152.4,158.8,151.0, 156.00,154.55,155.38,1369514,2128.02,10501, 776050, 56.67
RELINFRA, BE, 12-Aug-2021,70.4,71.4,72.45,70.25, 71.50,71.55,71.59,596198,426.83,5183, -, -
REMSONSIND, BE, 12-Aug-2021,224.3,222.0,231.5,214.65, 226.70,230.95,229.84,1377,3.16,57, -, -
RENUKA, BE, 12-Aug-2021,26.7,27.1,28.0,26.1, 27.95,27.75,27.59,6169968,1702.15,14674, -, -
REPCOHOME, EQ, 12-Aug-2021,320.85,324.0,330.75,320.3, 329.95,329.8,327.61,62220,203.84,2433, 31243, 50.21
REPL, EQ, 12-Aug-2021,239.75,244.2,244.2,234.05, 241.95,241.85,241.35,26417,63.76,1006, 19340, 73.21
REPRO, EQ, 12-Aug-2021,491.1,485.1,485.1,451.9, 467.50,470.8,466.89,100563,469.52,6636, 30693, 30.52
RESPONIND, EQ, 12-Aug-2021,127.5,127.0,129.55,126.0, 128.00,127.15,127.2,10750,13.67,513, 5499, 51.15
REVATHI, EQ, 12-Aug-2021,619.7,617.45,646.55,617.45, 619.15,620.2,627.78,2929,18.39,272, 1970, 67.26
REXPIPES, ST, 12-Aug-2021,26.8,26.9,27.5,26.65, 27.50,27.0,26.85,92000,24.7,23, 92000, 100.00
RGL, EQ, 12-Aug-2021,663.15,687.95,726.0,680.3, 713.00,716.5,709.22,62891,446.04,7897, 22605, 35.94
RHFL, BE, 12-Aug-2021,3.85,3.9,3.95,3.7, 3.85,3.75,3.81,987755,37.62,1662, -, -
RHFL, N4, 12-Aug-2021,229.0,228.0,228.0,228.0, 228.00,228.0,228.0,6,0.01,1, 6, 100.00
RHIM, EQ, 12-Aug-2021,372.7,376.45,376.45,355.15, 365.00,363.2,367.36,132761,487.72,6604, 56563, 42.61
RICOAUTO, EQ, 12-Aug-2021,51.1,51.95,55.7,51.4, 54.75,54.85,54.05,2071147,1119.55,11849, 509104, 24.58
RIIL, EQ, 12-Aug-2021,616.55,618.0,673.75,617.65, 668.00,667.55,652.83,361745,2361.57,14428, 81340, 22.49
RITES, EQ, 12-Aug-2021,265.65,266.5,272.4,266.1, 267.90,267.85,268.48,667464,1792.01,14928, 157491, 23.60
RKDL, BE, 12-Aug-2021,12.9,13.2,13.5,12.9, 13.50,13.5,13.48,13099,1.77,86, -, -
RKEC, EQ, 12-Aug-2021,79.25,82.95,87.5,79.95, 85.95,85.5,85.18,97046,82.66,2087, 40582, 41.82
RKFORGE, EQ, 12-Aug-2021,926.05,926.05,972.2,926.05, 939.00,941.9,947.44,119636,1133.48,4795, 38083, 31.83
RMCL, BZ, 12-Aug-2021,2.1,2.2,2.2,2.05, 2.20,2.1,2.11,70154,1.48,73, -, -
RML, EQ, 12-Aug-2021,382.1,392.0,397.0,385.3, 395.20,392.65,392.07,24595,96.43,1828, 8894, 36.16
RNAVAL, BZ, 12-Aug-2021,2.9,2.95,3.0,2.9, 3.00,2.95,2.97,801016,23.81,522, -, -
ROHLTD, EQ, 12-Aug-2021,71.35,72.8,76.25,70.3, 73.00,72.85,74.08,99841,73.96,1217, 47784, 47.86
ROLEXRINGS, EQ, 12-Aug-2021,1126.65,1128.35,1169.0,1115.1, 1164.00,1153.0,1137.24,549865,6253.28,29794, 155767, 28.33
ROLLT, EQ, 12-Aug-2021,2.6,2.7,2.85,2.65, 2.75,2.8,2.81,554243,15.58,414, 418877, 75.58
ROLTA, BE, 12-Aug-2021,6.05,5.8,6.25,5.75, 6.25,6.2,6.06,591817,35.84,924, -, -
ROML, EQ, 12-Aug-2021,66.75,69.0,74.75,65.95, 74.40,73.15,71.61,15550,11.14,365, 8583, 55.20
ROSSARI, EQ, 12-Aug-2021,1350.05,1332.0,1376.05,1332.0, 1368.00,1363.9,1359.85,104546,1421.67,8129, 19814, 18.95
ROSSELLIND, EQ, 12-Aug-2021,161.3,166.0,174.7,151.8, 171.00,172.6,163.73,910142,1490.21,18328, 282019, 30.99
ROUTE, EQ, 12-Aug-2021,1917.9,1924.5,2014.0,1910.0, 2013.00,1987.05,1961.16,289941,5686.2,20653, 90259, 31.13
RPGLIFE, EQ, 12-Aug-2021,538.95,546.3,561.7,526.0, 547.95,544.2,548.15,501100,2746.77,19977, 130104, 25.96
RPOWER, BE, 12-Aug-2021,11.55,11.5,12.05,11.1, 12.00,11.95,11.72,9908038,1161.61,14314, -, -
RPPINFRA, EQ, 12-Aug-2021,80.45,80.45,84.95,80.0, 84.20,84.4,82.81,190654,157.87,2832, 104198, 54.65
RPPL, SM, 12-Aug-2021,166.75,172.0,173.0,170.1, 170.10,170.1,171.85,6000,10.31,6, 6000, 100.00
RPSGVENT, EQ, 12-Aug-2021,630.45,640.0,694.0,633.35, 685.00,686.0,672.0,174524,1172.8,9444, 59540, 34.12
RSSOFTWARE, EQ, 12-Aug-2021,29.1,29.9,32.0,28.7, 32.00,32.0,31.15,43280,13.48,387, 25485, 58.88
RSWM, EQ, 12-Aug-2021,362.5,347.0,374.4,347.0, 360.05,358.25,363.13,130153,472.63,4499, 70521, 54.18
RSYSTEMS, EQ, 12-Aug-2021,191.2,192.95,200.9,191.0, 197.25,197.1,196.73,243565,479.15,6630, 100230, 41.15
RTNINDIA, BE, 12-Aug-2021,54.8,56.7,57.5,56.05, 57.50,57.5,57.27,941926,539.45,3802, -, -
RTNPOWER, BE, 12-Aug-2021,6.05,6.05,6.35,6.0, 6.35,6.35,6.3,3175141,200.19,3378, -, -
RUBYMILLS, EQ, 12-Aug-2021,287.05,289.0,308.8,288.95, 295.00,293.85,300.07,83193,249.64,6112, 21123, 25.39
RUCHI, EQ, 12-Aug-2021,1053.95,1058.0,1127.0,1054.95, 1106.00,1101.95,1091.93,42514,464.22,3851, 24212, 56.95
RUCHINFRA, BE, 12-Aug-2021,7.7,7.7,7.9,7.5, 7.90,7.8,7.82,50987,3.99,170, -, -
RUCHIRA, EQ, 12-Aug-2021,87.25,87.95,91.3,87.95, 89.60,89.45,89.51,72914,65.27,2008, 29904, 41.01
RUPA, EQ, 12-Aug-2021,477.75,464.5,474.0,455.4, 462.80,464.3,465.98,657728,3064.86,16438, 364486, 55.42
RUSHIL, EQ, 12-Aug-2021,282.5,288.0,291.0,276.35, 285.35,286.6,285.75,21094,60.28,853, 9713, 46.05
RVHL, EQ, 12-Aug-2021,19.65,19.65,20.5,19.1, 19.95,19.95,19.92,21163,4.22,88, 12875, 60.84
RVNL, EQ, 12-Aug-2021,29.05,29.3,29.8,29.2, 29.80,29.6,29.47,1771008,521.84,6528, 735090, 41.51
S&SPOWER, EQ, 12-Aug-2021,20.5,21.25,21.25,20.5, 20.75,20.75,20.81,1560,0.32,18, 1542, 98.85
SABEVENTS, BE, 12-Aug-2021,3.15,3.15,3.3,3.0, 3.15,3.15,3.16,1387,0.04,11, -, -
SADBHAV, EQ, 12-Aug-2021,63.1,63.65,71.25,63.3, 69.50,69.3,68.37,1364547,932.9,11583, 619449, 45.40
SADBHIN, EQ, 12-Aug-2021,21.4,20.6,22.45,20.45, 22.45,22.4,21.94,2001413,439.03,3106, 1240860, 62.00
SAFARI, EQ, 12-Aug-2021,736.9,742.05,782.0,725.0, 757.55,754.7,756.94,54367,411.52,4768, 19299, 35.50
SAGARDEEP, BE, 12-Aug-2021,72.4,73.25,74.2,70.3, 72.35,72.2,71.72,33252,23.85,611, -, -
SAGCEM, EQ, 12-Aug-2021,1510.05,1534.0,1550.0,1501.0, 1524.95,1523.8,1527.31,27358,417.84,3257, 14473, 52.90
SAIL, EQ, 12-Aug-2021,134.75,136.0,137.7,133.7, 134.70,135.0,135.55,44524216,60353.94,106822, 10164594, 22.83
SAKAR, EQ, 12-Aug-2021,176.0,179.95,183.9,174.5, 175.90,176.75,178.87,152056,271.99,11041, 44362, 29.17
SAKHTISUG, BE, 12-Aug-2021,16.15,16.25,16.9,15.65, 16.70,16.6,16.47,97149,16.0,423, -, -
SAKSOFT, EQ, 12-Aug-2021,684.9,695.0,719.95,670.0, 685.00,682.2,703.3,172556,1213.59,13643, 61994, 35.93
SAKUMA, BE, 12-Aug-2021,11.8,11.25,12.25,11.25, 11.90,11.9,11.92,128111,15.27,373, -, -
SALASAR, EQ, 12-Aug-2021,307.85,309.9,322.0,302.8, 317.80,316.2,312.81,63920,199.95,3454, 29094, 45.52
SALONA, EQ, 12-Aug-2021,186.2,185.0,204.0,185.0, 204.00,202.85,197.56,15180,29.99,934, 6582, 43.36
SALSTEEL, BE, 12-Aug-2021,14.0,13.3,13.3,13.3, 13.30,13.3,13.3,275772,36.68,573, -, -
SALZERELEC, EQ, 12-Aug-2021,162.55,165.0,170.75,163.05, 167.00,166.45,166.91,125234,209.03,5389, 33244, 26.55
SAMBHAAV, BE, 12-Aug-2021,3.25,3.1,3.4,3.1, 3.30,3.25,3.26,23203,0.76,82, -, -
SANCO, EQ, 12-Aug-2021,8.75,9.1,9.15,8.3, 9.15,8.85,8.9,36348,3.23,128, 32437, 89.24
SANDESH, EQ, 12-Aug-2021,879.75,889.85,895.0,882.1, 886.00,889.35,889.8,1850,16.46,355, 987, 53.35
SANDHAR, EQ, 12-Aug-2021,273.55,278.0,279.45,272.0, 272.05,272.5,274.69,61961,170.2,2883, 37667, 60.79
SANGAMIND, EQ, 12-Aug-2021,153.7,147.15,152.9,146.05, 146.05,146.2,147.77,120426,177.95,1326, 55997, 46.50
SANGHIIND, EQ, 12-Aug-2021,74.4,74.9,78.4,74.5, 76.15,76.5,76.96,972870,748.73,7209, 561050, 57.67
SANGHVIMOV, EQ, 12-Aug-2021,193.75,193.75,197.25,190.25, 197.25,194.95,193.71,116156,225.01,6063, 37875, 32.61
SANGINITA, EQ, 12-Aug-2021,26.4,27.9,28.9,26.65, 28.70,28.7,27.8,166620,46.33,1438, 35734, 21.45
SANOFI, EQ, 12-Aug-2021,8822.6,8780.05,8895.0,8780.05, 8820.00,8827.4,8837.19,21608,1909.54,3130, 15211, 70.40
SANWARIA, BZ, 12-Aug-2021,0.7,0.7,0.75,0.7, 0.75,0.7,0.71,971672,6.93,350, -, -
SARDAEN, BE, 12-Aug-2021,744.1,748.0,779.0,740.0, 769.00,770.5,763.48,37169,283.78,957, -, -
SAREGAMA, BE, 12-Aug-2021,3474.95,3401.0,3499.0,3401.0, 3465.00,3485.15,3459.68,3653,126.38,992, -, -
SARLAPOLY, EQ, 12-Aug-2021,44.65,45.95,48.4,44.8, 46.60,46.5,46.67,934343,436.03,8840, 352325, 37.71
SARVESHWAR, SM, 12-Aug-2021,20.7,21.0,21.0,20.1, 20.10,20.1,20.7,4800,0.99,3, 4800, 100.00
SASKEN, EQ, 12-Aug-2021,1221.25,1229.7,1272.0,1229.7, 1271.00,1268.5,1255.43,25448,319.48,3153, 9812, 38.56
SASTASUNDR, BE, 12-Aug-2021,300.4,309.0,312.5,285.45, 299.95,296.3,302.58,53434,161.68,893, -, -
SATIA, EQ, 12-Aug-2021,95.5,96.85,101.55,95.05, 100.05,100.25,99.46,492810,490.13,6216, 148762, 30.19
SATIN, EQ, 12-Aug-2021,80.2,80.25,81.0,79.05, 79.35,79.75,79.95,102143,81.67,1900, 52297, 51.20
SBCL, EQ, 12-Aug-2021,166.75,167.0,177.2,165.25, 169.40,167.0,171.91,59440,102.18,2142, 31393, 52.81
SBICARD, EQ, 12-Aug-2021,1032.6,1032.0,1038.9,1019.0, 1030.75,1030.85,1030.58,645518,6652.59,27467, 280971, 43.53
SBIETFCON, EQ, 12-Aug-2021,64.69,65.09,65.09,63.34, 64.82,64.82,64.62,6702,4.33,78, 3949, 58.92
SBIETFIT, EQ, 12-Aug-2021,322.05,324.99,331.68,319.0, 328.60,328.54,326.57,3086,10.08,134, 1579, 51.17
SBIETFPB, EQ, 12-Aug-2021,185.54,186.6,187.2,185.47, 185.60,186.1,185.97,589,1.1,21, 516, 87.61
SBIETFQLTY, EQ, 12-Aug-2021,143.44,144.0,144.8,141.44, 143.23,143.77,143.76,1313,1.89,98, 939, 71.52
SBILIFE, EQ, 12-Aug-2021,1135.4,1136.3,1150.95,1128.55, 1134.00,1134.05,1137.06,1054244,11987.41,39586, 548495, 52.03
SBIN, EQ, 12-Aug-2021,428.05,430.0,430.45,425.0, 427.60,427.15,427.18,16847144,71967.01,172042, 5848952, 34.72
SCAPDVR, BE, 12-Aug-2021,3.45,3.6,3.6,3.6, 3.60,3.6,3.6,30177,1.09,35, -, -
SCHAEFFLER, EQ, 12-Aug-2021,6709.85,6818.0,6820.1,6650.0, 6740.00,6712.2,6724.89,8750,588.43,4657, 4170, 47.66
SCHAND, EQ, 12-Aug-2021,125.1,126.0,131.35,125.05, 126.10,126.35,128.93,131977,170.16,3501, 79640, 60.34
SCHNEIDER, EQ, 12-Aug-2021,122.85,122.85,129.5,122.85, 127.35,127.8,127.11,755300,960.09,9627, 206945, 27.40
SCI, EQ, 12-Aug-2021,105.05,105.55,106.65,104.5, 105.80,105.8,105.44,944655,996.02,5941, 373167, 39.50
SDBL, EQ, 12-Aug-2021,42.2,41.2,44.1,40.3, 43.40,43.3,42.93,229807,98.67,1744, 107044, 46.58
SEAMECLTD, EQ, 12-Aug-2021,659.85,663.45,702.0,663.45, 690.55,692.15,690.27,70228,484.77,1914, 52140, 74.24
SECURCRED, SM, 12-Aug-2021,30.1,30.05,30.05,30.05, 30.05,30.05,30.05,600,0.18,1, 600, 100.00
SECURKLOUD, EQ, 12-Aug-2021,89.0,87.7,105.8,87.7, 104.50,103.5,98.12,305770,300.02,7048, 129250, 42.27
SELAN, EQ, 12-Aug-2021,141.5,143.5,147.95,141.25, 146.00,147.05,146.15,47322,69.16,2564, 19239, 40.66
SEPOWER, EQ, 12-Aug-2021,8.05,8.4,8.45,7.7, 8.45,8.45,8.37,41165,3.44,111, 34011, 82.62
SEQUENT, EQ, 12-Aug-2021,239.4,235.15,269.9,235.15, 267.45,265.7,256.56,7544162,19355.33,104913, 1415491, 18.76
SERVOTECH, SM, 12-Aug-2021,28.0,26.8,26.8,26.8, 26.80,26.8,26.8,4000,1.07,1, 4000, 100.00
SESHAPAPER, EQ, 12-Aug-2021,187.45,189.0,193.8,188.6, 191.95,191.75,191.84,51925,99.61,2144, 14972, 28.83
SETCO, EQ, 12-Aug-2021,18.7,19.35,19.4,18.05, 18.05,18.6,18.84,385117,72.54,935, 250330, 65.00
SETF10GILT, EQ, 12-Aug-2021,204.75,203.1,204.8,203.1, 204.79,204.79,204.23,3,0.01,3, 2, 66.67
SETFGOLD, EQ, 12-Aug-2021,4134.65,4160.45,4172.0,4150.1, 4165.00,4166.35,4161.99,3975,165.44,697, 2938, 73.91
SETFNIF50, EQ, 12-Aug-2021,165.95,168.9,168.9,165.51, 166.70,166.58,166.46,104173,173.41,1248, 64047, 61.48
SETFNIFBK, EQ, 12-Aug-2021,357.46,358.0,360.0,357.0, 360.00,359.43,358.13,193910,694.45,439, 185467, 95.65
SETFNN50, EQ, 12-Aug-2021,408.98,408.0,411.9,406.95, 410.98,409.6,408.92,2129,8.71,302, 1324, 62.19
SETUINFRA, BE, 12-Aug-2021,1.35,1.3,1.4,1.3, 1.40,1.35,1.34,351916,4.73,260, -, -
SEYAIND, EQ, 12-Aug-2021,63.8,65.0,66.95,65.0, 66.95,66.95,66.62,30438,20.28,348, 20781, 68.27
SFL, EQ, 12-Aug-2021,2300.0,2311.5,2322.4,2295.1, 2319.35,2316.2,2314.21,4591,106.25,1298, 3193, 69.55
SGBAPR28I, GB, 12-Aug-2021,4700.0,4697.99,4697.99,4671.0, 4695.00,4690.15,4691.83,1240,58.18,58, 1212, 97.74
SGBAUG24, GB, 12-Aug-2021,4699.84,4700.0,4730.0,4662.0, 4666.10,4680.32,4698.66,96,4.51,35, 95, 98.96
SGBAUG27, GB, 12-Aug-2021,4666.0,4797.0,4797.0,4661.21, 4696.00,4696.0,4695.6,85,3.99,23, 74, 87.06
SGBAUG28V, GB, 12-Aug-2021,4767.46,4799.95,4799.95,4750.92, 4760.00,4759.53,4756.28,1453,69.11,343, 1395, 96.01
SGBDC27VII, GB, 12-Aug-2021,4654.05,4748.4,4748.4,4746.7, 4746.70,4746.7,4747.83,3,0.14,2, 3, 100.00
SGBDEC2513, GB, 12-Aug-2021,4681.0,4700.0,4700.0,4700.0, 4700.00,4700.0,4700.0,2,0.09,2, 2, 100.00
SGBDEC26, GB, 12-Aug-2021,4773.0,4766.0,4766.0,4766.0, 4766.00,4766.0,4766.0,4,0.19,2, 4, 100.00
SGBFEB24, GB, 12-Aug-2021,4639.33,4719.0,4719.0,4645.0, 4681.00,4681.0,4687.07,184,8.62,37, 159, 86.41
SGBFEB27, GB, 12-Aug-2021,4705.0,4698.98,4698.98,4670.0, 4670.00,4670.0,4689.32,15,0.7,2, 15, 100.00
SGBFEB28IX, GB, 12-Aug-2021,4710.99,4700.0,4731.0,4700.0, 4701.10,4701.1,4703.56,23,1.08,6, 23, 100.00
SGBFEB29XI, GB, 12-Aug-2021,4665.0,4665.0,4730.0,4665.0, 4676.00,4676.0,4670.04,60,2.8,22, 47, 78.33
SGBJ28VIII, GB, 12-Aug-2021,4630.17,4709.9,4709.9,4650.0, 4650.00,4650.0,4660.25,39,1.82,5, 39, 100.00
SGBJAN26, GB, 12-Aug-2021,4700.0,4719.0,4719.0,4719.0, 4719.00,4719.0,4719.0,1,0.05,1, 1, 100.00
SGBJAN27, GB, 12-Aug-2021,4618.97,4718.99,4718.99,4675.0, 4675.00,4675.0,4691.0,11,0.52,2, 11, 100.00
SGBJAN29IX, GB, 12-Aug-2021,4718.93,4718.93,4719.95,4701.05, 4714.50,4715.26,4709.56,143,6.73,44, 136, 95.10
SGBJAN29X, GB, 12-Aug-2021,4685.77,4685.77,4739.95,4685.77, 4700.11,4726.67,4713.4,67,3.16,23, 54, 80.60
SGBJU29III, GB, 12-Aug-2021,4698.0,4695.0,4725.0,4695.0, 4719.00,4719.0,4703.89,46,2.16,19, 42, 91.30
SGBJUL25, GB, 12-Aug-2021,4638.36,4699.99,4699.99,4695.8, 4695.80,4695.8,4699.34,7,0.33,4, 7, 100.00
SGBJUL27, GB, 12-Aug-2021,4618.0,4745.99,4745.99,4618.0, 4729.99,4729.99,4694.5,8,0.38,7, 4, 50.00
SGBJUL28IV, GB, 12-Aug-2021,4683.39,4661.03,4686.0,4661.03, 4675.50,4680.59,4679.07,202,9.45,46, 181, 89.60
SGBJUL29IV, GB, 12-Aug-2021,4676.0,4650.01,4788.0,4640.01, 4738.00,4738.0,4701.88,258,12.13,93, 203, 78.68
SGBJUN27, GB, 12-Aug-2021,4630.0,4686.6,4686.61,4685.9, 4685.90,4685.9,4686.21,39,1.83,9, 39, 100.00
SGBJUN28, GB, 12-Aug-2021,4650.7,4681.05,4692.0,4660.0, 4670.00,4679.53,4678.38,280,13.1,45, 198, 70.71
SGBJUN29II, GB, 12-Aug-2021,4697.8,4652.0,4710.0,4651.0, 4701.00,4705.75,4691.92,85,3.99,27, 82, 96.47
SGBMAR24, GB, 12-Aug-2021,4739.0,4688.0,4700.0,4688.0, 4699.99,4699.99,4698.26,215,10.1,19, 215, 100.00
SGBMAR25, GB, 12-Aug-2021,4652.66,4652.5,4768.0,4650.0, 4675.01,4675.01,4674.67,6,0.28,4, 6, 100.00
SGBMAR28X, GB, 12-Aug-2021,4636.2,4636.0,4690.0,4636.0, 4689.00,4689.0,4671.67,3,0.14,3, 3, 100.00
SGBMAY25, GB, 12-Aug-2021,4639.08,4650.0,4789.0,4635.0, 4700.00,4700.0,4660.46,178,8.3,34, 147, 82.58
SGBMAY26, GB, 12-Aug-2021,4631.0,4718.9,4718.9,4699.9, 4700.00,4700.0,4703.12,6,0.28,3, 6, 100.00
SGBMAY28, GB, 12-Aug-2021,4631.81,4645.0,4667.0,4633.0, 4633.00,4636.49,4639.22,4062,188.45,209, 3977, 97.91
SGBMAY29I, GB, 12-Aug-2021,4628.69,4688.8,4749.0,4645.1, 4651.10,4652.44,4653.75,2240,104.24,273, 2206, 98.48
SGBMR29XII, GB, 12-Aug-2021,4658.47,4658.47,4683.0,4650.05, 4670.36,4678.25,4670.05,294,13.73,47, 255, 86.73
SGBN28VIII, GB, 12-Aug-2021,4730.0,4721.0,4760.0,4701.0, 4743.99,4732.04,4742.13,212,10.05,33, 132, 62.26
SGBNOV23, GB, 12-Aug-2021,4698.89,4719.0,4774.0,4700.0, 4710.00,4710.0,4720.46,160,7.55,21, 160, 100.00
SGBNOV24, GB, 12-Aug-2021,4680.0,4692.0,4692.0,4652.0, 4666.00,4666.0,4672.89,18,0.84,11, 12, 66.67
SGBNOV258, GB, 12-Aug-2021,4700.0,4699.0,4699.0,4651.0, 4651.00,4651.0,4664.33,9,0.42,3, 9, 100.00
SGBNOV25IX, GB, 12-Aug-2021,4675.0,4680.0,4680.0,4675.0, 4675.00,4675.0,4677.78,9,0.42,2, 9, 100.00
SGBNOV25VI, GB, 12-Aug-2021,4680.0,4680.0,4680.0,4680.0, 4680.00,4680.0,4680.0,5,0.23,1, 5, 100.00
SGBNOV26, GB, 12-Aug-2021,4627.1,4660.0,4698.95,4660.0, 4698.95,4698.95,4665.56,7,0.33,3, 7, 100.00
SGBOC28VII, GB, 12-Aug-2021,4705.0,4705.0,4748.0,4705.0, 4717.50,4717.5,4714.78,84,3.96,27, 79, 94.05
SGBOCT25, GB, 12-Aug-2021,4670.0,4700.0,4700.0,4700.0, 4700.00,4700.0,4700.0,50,2.35,8, 50, 100.00
SGBOCT25IV, GB, 12-Aug-2021,4773.0,4782.0,4782.0,4727.0, 4750.00,4750.0,4742.35,23,1.09,8, 19, 82.61
SGBOCT25V, GB, 12-Aug-2021,4700.0,4700.0,4700.0,4630.0, 4630.00,4630.0,4659.0,3,0.14,3, 3, 100.00
SGBOCT26, GB, 12-Aug-2021,4724.3,4700.0,4725.0,4650.13, 4650.13,4675.07,4675.07,11,0.51,4, 11, 100.00
SGBOCT27, GB, 12-Aug-2021,4645.0,4645.0,4700.0,4635.11, 4689.00,4689.0,4688.16,25,1.17,6, 25, 100.00
SGBOCT27VI, GB, 12-Aug-2021,4645.44,4655.0,4670.0,4615.0, 4615.00,4626.5,4632.19,226,10.47,34, 211, 93.36
SGBSEP24, GB, 12-Aug-2021,4669.96,4700.0,4700.0,4644.01, 4660.01,4660.01,4649.55,24,1.12,5, 24, 100.00
SGBSEP27, GB, 12-Aug-2021,4636.05,4650.0,4655.0,4650.0, 4655.00,4655.0,4652.5,2,0.09,2, 2, 100.00
SGBSEP28VI, GB, 12-Aug-2021,4715.16,4715.0,4750.0,4711.0, 4745.00,4745.0,4724.46,202,9.54,56, 162, 80.20
SGIL, EQ, 12-Aug-2021,164.25,165.05,179.0,165.05, 178.80,177.95,175.15,17660,30.93,342, 15240, 86.30
SGL, EQ, 12-Aug-2021,14.45,14.45,15.25,13.15, 14.00,13.95,14.28,144121,20.58,609, 84037, 58.31
SHAKTIPUMP, EQ, 12-Aug-2021,680.3,690.7,738.15,684.2, 735.00,734.8,723.29,85834,620.82,4872, 42207, 49.17
SHALBY, EQ, 12-Aug-2021,186.15,186.05,198.35,186.05, 197.00,197.15,193.68,622868,1206.36,9555, 258195, 41.45
SHALPAINTS, EQ, 12-Aug-2021,102.4,102.0,105.5,102.0, 104.45,104.6,104.07,102092,106.24,2389, 28769, 28.18
SHANKARA, EQ, 12-Aug-2021,584.55,589.0,616.95,587.8, 602.50,602.2,604.7,270133,1633.49,14542, 70348, 26.04
SHANTIGEAR, EQ, 12-Aug-2021,176.85,176.85,193.05,176.8, 189.95,190.0,185.82,417143,775.15,16971, 123169, 29.53
SHARDACROP, EQ, 12-Aug-2021,312.2,315.3,322.1,313.0, 318.00,315.1,316.03,186041,587.94,6178, 127235, 68.39
SHARDAMOTR, BE, 12-Aug-2021,633.35,638.0,660.0,620.0, 639.00,643.7,644.24,18407,118.59,527, -, -
SHAREINDIA, EQ, 12-Aug-2021,536.95,540.0,558.0,534.2, 547.80,546.9,544.92,61600,335.67,4049, 23332, 37.88
SHARIABEES, EQ, 12-Aug-2021,420.1,426.42,426.42,416.0, 422.00,422.94,420.99,314,1.32,41, 231, 73.57
SHEMAROO, EQ, 12-Aug-2021,117.1,119.7,121.6,117.05, 119.00,118.85,119.78,56335,67.48,1164, 34940, 62.02
SHIL, BE, 12-Aug-2021,370.95,376.8,387.0,370.95, 386.00,379.55,376.99,44960,169.5,329, -, -
SHILPAMED, EQ, 12-Aug-2021,586.35,587.45,615.0,583.65, 609.00,607.4,597.27,450005,2687.76,9917, 142378, 31.64
SHIVAMAUTO, EQ, 12-Aug-2021,23.55,24.2,25.0,23.5, 24.40,24.4,24.47,47921,11.73,438, 34349, 71.68
SHIVAMILLS, EQ, 12-Aug-2021,91.75,87.2,96.3,87.2, 90.65,91.45,91.83,147920,135.84,2288, 69927, 47.27
SHIVATEX, EQ, 12-Aug-2021,183.9,187.95,210.0,184.9, 202.00,204.3,200.39,38905,77.96,3030, 15518, 39.89
SHK, EQ, 12-Aug-2021,152.45,154.8,155.5,150.15, 152.20,152.2,151.69,686243,1040.98,6178, 372128, 54.23
SHOPERSTOP, EQ, 12-Aug-2021,233.2,236.7,255.45,235.25, 247.80,248.1,248.75,913321,2271.88,21986, 68158, 7.46
SHRADHA, EQ, 12-Aug-2021,53.0,52.1,54.95,52.1, 54.95,52.65,52.76,246,0.13,16, 162, 65.85
SHREDIGCEM, EQ, 12-Aug-2021,80.3,80.7,86.0,80.45, 85.00,85.4,83.59,583979,488.15,5894, 251581, 43.08
SHREECEM, EQ, 12-Aug-2021,26547.5,26700.0,27062.15,26500.05, 26625.00,26593.0,26772.27,75502,20213.6,23562, 24499, 32.45
SHREEPUSHK, EQ, 12-Aug-2021,161.1,164.75,174.35,162.1, 171.90,171.35,168.56,82314,138.75,3855, 36884, 44.81
SHREERAMA, EQ, 12-Aug-2021,13.4,13.7,13.95,13.05, 13.75,13.7,13.69,87874,12.03,341, 56107, 63.85
SHRENIK, EQ, 12-Aug-2021,1.5,1.45,1.65,1.45, 1.65,1.65,1.61,3077877,49.5,1542, 2192558, 71.24
SHREYANIND, EQ, 12-Aug-2021,126.1,130.0,134.0,123.35, 134.00,131.7,129.43,79561,102.98,2745, 40172, 50.49
SHREYAS, EQ, 12-Aug-2021,205.75,216.0,216.0,216.0, 216.00,216.0,216.0,10895,23.53,69, 10895, 100.00
SHRIPISTON, BE, 12-Aug-2021,983.65,984.0,984.0,935.0, 969.00,969.0,947.57,1091,10.34,114, -, -
SHRIRAMCIT, EQ, 12-Aug-2021,1809.75,1780.0,1874.0,1777.5, 1813.80,1810.25,1842.25,27099,499.23,4573, 8731, 32.22
SHRIRAMEPC, EQ, 12-Aug-2021,5.15,5.15,5.4,5.1, 5.40,5.35,5.34,770688,41.17,569, 642908, 83.42
SHUBHLAXMI, SM, 12-Aug-2021,12.05,11.55,11.55,11.55, 11.55,11.55,11.55,1000,0.12,1, 1000, 100.00
SHYAMCENT, EQ, 12-Aug-2021,15.4,16.1,16.1,15.55, 15.70,15.65,15.76,1501636,236.67,995, 1382824, 92.09
SHYAMMETL, EQ, 12-Aug-2021,406.5,408.55,419.7,405.95, 416.50,417.3,414.29,790842,3276.39,16074, 310294, 39.24
SHYAMTEL, BE, 12-Aug-2021,12.8,12.2,12.2,12.2, 12.20,12.2,12.2,200,0.02,1, -, -
SICAL, EQ, 12-Aug-2021,11.5,11.85,12.65,11.5, 12.65,12.55,12.2,510075,62.23,1107, 282346, 55.35
SIDDHIKA, SM, 12-Aug-2021,58.5,58.5,58.5,58.5, 58.50,58.5,58.5,2000,1.17,1, 2000, 100.00
SIEMENS, EQ, 12-Aug-2021,2191.4,2170.9,2207.0,2140.1, 2197.00,2191.95,2177.52,812617,17694.89,51576, 129884, 15.98
SIGIND, EQ, 12-Aug-2021,51.0,51.25,53.55,50.05, 53.55,53.35,52.63,28811,15.16,512, 21036, 73.01
SIGMA, SM, 12-Aug-2021,250.0,237.5,237.5,237.5, 237.50,237.5,237.5,3000,7.13,1, 3000, 100.00
SIKKO, SM, 12-Aug-2021,28.5,29.8,29.8,29.8, 29.80,29.8,29.8,16000,4.77,2, 16000, 100.00
SIL, BE, 12-Aug-2021,16.35,16.35,16.8,16.35, 16.40,16.4,16.66,8682,1.45,44, -, -
SILGO, EQ, 12-Aug-2021,35.15,35.05,37.45,34.5, 35.35,35.45,36.01,28743,10.35,263, 10464, 36.41
SILINV, BE, 12-Aug-2021,291.85,282.1,306.4,280.0, 306.40,306.4,295.59,5312,15.7,41, -, -
SILLYMONKS, EQ, 12-Aug-2021,19.55,20.3,20.3,19.7, 20.10,20.1,20.16,1714,0.35,42, 1714, 100.00
SILVERTUC, SM, 12-Aug-2021,125.0,125.1,125.5,124.95, 125.45,125.45,125.2,15000,18.78,10, 0, 0.00
SIMBHALS, BE, 12-Aug-2021,31.0,32.45,32.45,29.45, 30.10,30.65,30.79,31593,9.73,228, -, -
SIMPLEXINF, EQ, 12-Aug-2021,38.7,39.0,40.6,39.0, 40.60,40.6,40.49,92142,37.31,540, 63702, 69.13
SINTERCOM, EQ, 12-Aug-2021,83.1,85.0,90.0,84.35, 90.00,89.75,88.37,24703,21.83,534, 12871, 52.10
SINTEX, EQ, 12-Aug-2021,4.0,4.0,4.3,3.95, 4.10,4.05,4.13,3619820,149.4,4572, 1961802, 54.20
SIRCA, EQ, 12-Aug-2021,324.95,329.0,344.9,324.9, 341.95,340.0,338.06,152359,515.06,5493, 39983, 26.24
SIS, EQ, 12-Aug-2021,442.8,440.05,472.0,440.05, 465.90,467.55,462.27,342133,1581.59,11237, 80784, 23.61
SITINET, EQ, 12-Aug-2021,1.65,1.6,1.7,1.6, 1.65,1.65,1.61,8923645,144.0,1365, 3887343, 43.56
SIYSIL, EQ, 12-Aug-2021,365.75,369.5,394.9,368.0, 390.00,386.5,386.2,110679,427.44,5622, 45883, 41.46
SJVN, EQ, 12-Aug-2021,26.65,26.9,27.1,26.75, 26.95,26.9,26.98,1500406,404.77,6591, 847313, 56.47
SKFINDIA, EQ, 12-Aug-2021,2803.05,2838.0,2838.0,2795.0, 2800.00,2808.4,2818.02,32635,919.66,3329, 23555, 72.18
SKIL, EQ, 12-Aug-2021,3.6,3.55,3.75,3.5, 3.75,3.75,3.65,101258,3.7,119, 86413, 85.34
SKIPPER, EQ, 12-Aug-2021,82.9,86.75,88.0,84.95, 85.70,85.65,86.06,326950,281.38,5576, 123189, 37.68
SKMEGGPROD, EQ, 12-Aug-2021,80.1,80.45,83.0,80.0, 82.05,82.25,81.8,104546,85.51,1894, 43058, 41.19
SMARTLINK, EQ, 12-Aug-2021,110.9,112.25,116.7,108.5, 114.00,113.45,112.95,71530,80.79,2989, 11735, 16.41
SMCGLOBAL, EQ, 12-Aug-2021,84.35,83.55,84.35,79.75, 83.05,83.0,82.49,532499,439.25,5536, 224706, 42.20
SMLISUZU, EQ, 12-Aug-2021,579.15,584.95,598.95,581.05, 590.00,590.2,592.63,26370,156.28,2643, 15695, 59.52
SMSLIFE, EQ, 12-Aug-2021,746.7,755.05,763.0,731.85, 755.00,747.75,746.77,11218,83.77,1140, 3755, 33.47
SMSPHARMA, EQ, 12-Aug-2021,176.5,179.4,183.55,178.4, 182.05,181.75,181.66,72664,132.0,1995, 35681, 49.10
SNOWMAN, EQ, 12-Aug-2021,45.2,45.5,46.9,45.5, 46.70,46.45,46.33,674049,312.32,4083, 317366, 47.08
SOBHA, EQ, 12-Aug-2021,585.85,588.0,611.55,588.0, 609.00,608.5,603.46,158411,955.94,8806, 77973, 49.22
SOFTTECH, SM, 12-Aug-2021,120.8,120.0,120.0,118.5, 118.50,118.55,119.02,25600,30.47,15, 20800, 81.25
SOLARA, EQ, 12-Aug-2021,1760.1,1765.0,1765.55,1689.7, 1735.50,1738.15,1732.61,61452,1064.72,4553, 25180, 40.98
SOLARINDS, EQ, 12-Aug-2021,1681.55,1690.0,1740.0,1690.0, 1738.00,1725.65,1724.05,30821,531.37,4756, 19726, 64.00
SOLEX, SM, 12-Aug-2021,49.65,49.65,49.65,49.65, 49.65,49.65,49.65,2000,0.99,1, 2000, 100.00
SOMANYCERA, BE, 12-Aug-2021,668.45,676.0,680.0,650.0, 665.65,665.25,663.25,27163,180.16,2125, -, -
SOMATEX, EQ, 12-Aug-2021,7.0,7.0,7.45,6.6, 7.20,7.2,7.18,9325,0.67,40, 8407, 90.16
SOMICONVEY, EQ, 12-Aug-2021,44.6,46.2,49.05,44.85, 49.05,49.05,47.74,16709,7.98,241, 10631, 63.62
SONACOMS, EQ, 12-Aug-2021,498.9,503.7,508.75,486.85, 492.20,491.25,495.91,1918516,9514.19,46032, 716703, 37.36
SONAMCLOCK, SM, 12-Aug-2021,58.85,58.0,58.7,57.0, 58.70,58.7,57.9,9000,5.21,3, 0, 0.00
SONATSOFTW, EQ, 12-Aug-2021,832.85,835.0,863.95,833.35, 844.00,843.55,848.66,211592,1795.69,11260, 65563, 30.99
SORILINFRA, EQ, 12-Aug-2021,112.4,113.95,121.5,112.45, 118.00,119.05,117.3,65315,76.61,1139, 41054, 62.86
SOTL, EQ, 12-Aug-2021,1626.3,1646.2,1699.0,1641.0, 1680.50,1677.15,1677.19,29867,500.93,3443, 15133, 50.67
SOUTHBANK, EQ, 12-Aug-2021,9.8,9.9,10.15,9.85, 10.10,10.1,10.03,8190895,821.74,36405, 3285981, 40.12
SOUTHWEST, EQ, 12-Aug-2021,80.65,80.65,84.65,76.65, 84.55,84.45,81.37,161695,131.57,1310, 87773, 54.28
SPAL, EQ, 12-Aug-2021,321.65,332.0,334.9,322.95, 333.00,331.15,329.25,51572,169.8,3132, 29537, 57.27
SPANDANA, EQ, 12-Aug-2021,642.7,648.0,659.7,646.5, 650.50,649.85,651.29,95076,619.22,4014, 58551, 61.58
SPARC, EQ, 12-Aug-2021,277.05,277.7,284.0,273.8, 280.00,281.9,280.09,877169,2456.84,13314, 207294, 23.63
SPECIALITY, EQ, 12-Aug-2021,68.2,71.95,74.5,69.4, 72.85,71.95,71.93,526040,378.36,9975, 176417, 33.54
SPENCERS, EQ, 12-Aug-2021,94.85,95.0,98.3,95.0, 97.40,96.9,96.92,894235,866.71,12067, 174799, 19.55
SPENTEX, BZ, 12-Aug-2021,1.55,1.5,1.5,1.5, 1.50,1.5,1.5,17206,0.26,30, -, -
SPIC, EQ, 12-Aug-2021,53.7,54.25,59.5,54.25, 58.00,57.7,57.19,1606966,919.08,10294, 700061, 43.56
SPICEJET, EQ, 12-Aug-2021,67.85,68.45,72.5,68.05, 71.60,71.3,70.73,7139526,5050.1,35685, 1987057, 27.83
SPLIL, EQ, 12-Aug-2021,50.9,52.0,54.15,51.0, 54.00,53.15,53.12,89363,47.47,2063, 40053, 44.82
SPMLINFRA, BE, 12-Aug-2021,14.55,14.6,14.9,13.85, 14.50,14.35,14.24,29884,4.25,170, -, -
SPTL, EQ, 12-Aug-2021,4.0,4.0,4.2,4.0, 4.20,4.2,4.18,433483,18.12,320, 303034, 69.91
SREEL, EQ, 12-Aug-2021,154.1,154.1,167.9,154.1, 165.95,165.4,164.35,46057,75.69,1685, 20456, 44.41
SREIBNPNCD, NJ, 12-Aug-2021,317.0,317.0,317.0,310.0, 310.00,313.38,313.39,31,0.1,2, 31, 100.00
SREIBNPNCD, NL, 12-Aug-2021,378.0,310.0,378.0,310.0, 345.00,345.0,337.39,33,0.11,3, 33, 100.00
SREIBNPNCD, NN, 12-Aug-2021,562.99,500.0,500.0,500.0, 500.00,500.0,500.0,5,0.03,1, 5, 100.00
SREIBNPNCD, NX, 12-Aug-2021,300.0,300.0,360.0,300.0, 360.00,360.0,336.92,130,0.44,9, 130, 100.00
SREIBNPNCD, Y1, 12-Aug-2021,312.25,323.8,349.98,320.0, 349.98,349.98,341.96,7,0.02,3, 6, 85.71
SREIBNPNCD, Y2, 12-Aug-2021,320.0,320.0,320.0,320.0, 320.00,320.0,320.0,75,0.24,7, 75, 100.00
SREIBNPNCD, Y3, 12-Aug-2021,570.0,670.0,670.0,660.0, 660.60,660.6,664.01,17,0.11,6, 17, 100.00
SREIBNPNCD, Y8, 12-Aug-2021,301.66,266.2,266.2,266.2, 266.20,266.2,266.2,30,0.08,1, 30, 100.00
SREINFRA, BE, 12-Aug-2021,9.05,9.05,9.4,8.6, 9.40,9.3,9.13,626698,57.2,1273, -, -
SRF, EQ, 12-Aug-2021,8763.0,8740.0,8911.85,8610.0, 8800.20,8804.1,8816.82,185907,16391.09,21801, 81154, 43.65
SRHHYPOLTD, EQ, 12-Aug-2021,315.95,322.0,328.0,319.4, 324.40,325.0,324.63,14117,45.83,1096, 8693, 61.58
SRIPIPES, EQ, 12-Aug-2021,211.0,212.0,217.85,211.3, 214.80,214.7,214.58,129412,277.69,4732, 52100, 40.26
SRPL, BE, 12-Aug-2021,32.15,32.15,32.35,30.55, 32.35,32.35,30.74,1493,0.46,22, -, -
SRTRANSFIN, EQ, 12-Aug-2021,1295.0,1301.5,1319.5,1287.25, 1306.65,1309.4,1306.9,828802,10831.58,27503, 148993, 17.98
SRTRANSFIN, YH, 12-Aug-2021,1019.0,1020.0,1020.0,1018.15, 1019.50,1019.19,1018.88,300,3.06,4, 300, 100.00
SRTRANSFIN, YI, 12-Aug-2021,1063.83,1072.0,1072.0,1065.5, 1065.50,1066.09,1066.8,125,1.33,5, 125, 100.00
SRTRANSFIN, YK, 12-Aug-2021,1035.0,1030.3,1030.3,1020.2, 1028.00,1028.0,1028.41,59,0.61,3, 50, 84.75
SRTRANSFIN, YL, 12-Aug-2021,1065.0,1070.0,1070.0,1065.0, 1065.00,1065.11,1066.77,2177,23.22,25, 2177, 100.00
SRTRANSFIN, YO, 12-Aug-2021,1025.26,1025.1,1025.1,1025.1, 1025.10,1025.1,1025.1,10,0.1,1, 10, 100.00
SRTRANSFIN, YQ, 12-Aug-2021,1075.0,1075.1,1076.0,1075.1, 1075.10,1075.1,1075.15,378,4.06,5, 378, 100.00
SRTRANSFIN, YR, 12-Aug-2021,1190.0,1095.0,1095.0,1095.0, 1095.00,1095.0,1095.0,20,0.22,1, 20, 100.00
SRTRANSFIN, YT, 12-Aug-2021,1280.0,1281.0,1281.1,1280.1, ,1281.1,1280.64,60,0.77,5, 50, 83.33
SRTRANSFIN, YV, 12-Aug-2021,1032.25,1030.0,1030.0,1016.16, 1022.00,1027.51,1025.58,221,2.27,14, 201, 90.95
SRTRANSFIN, YW, 12-Aug-2021,1130.0,1050.1,1050.1,1050.1, 1050.10,1050.1,1050.1,200,2.1,3, 200, 100.00
SRTRANSFIN, YX, 12-Aug-2021,1051.2,1050.0,1059.8,1050.0, 1059.80,1059.8,1057.45,263,2.78,4, 263, 100.00
SRTRANSFIN, YZ, 12-Aug-2021,1160.0,1159.9,1160.0,1150.0, 1160.00,1159.0,1159.92,210,2.44,4, 210, 100.00
SRTRANSFIN, Z1, 12-Aug-2021,1255.01,1255.25,1255.25,1255.25, 1255.25,1255.25,1255.25,50,0.63,1, 50, 100.00
SRTRANSFIN, Z5, 12-Aug-2021,1040.0,1050.0,1050.0,1050.0, 1050.00,1050.0,1050.0,2,0.02,1, 2, 100.00
SRTRANSFIN, Z6, 12-Aug-2021,1020.0,1010.1,1010.1,1009.0, 1009.00,1009.0,1009.5,240,2.42,6, 190, 79.17
SRTRANSFIN, ZC, 12-Aug-2021,1235.01,1225.0,1235.0,1121.0, 1235.00,1235.0,1198.91,275,3.3,6, 200, 72.73
SRTRANSFIN, ZD, 12-Aug-2021,1000.0,1000.0,1000.0,1000.0, 1000.00,1000.0,1000.0,1,0.01,1, 1, 100.00
SRTRANSFIN, ZF, 12-Aug-2021,1075.0,1000.0,1025.0,1000.0, 1017.00,1023.75,1010.67,626,6.33,26, 412, 65.81
SRTRANSFIN, ZG, 12-Aug-2021,1059.72,1062.0,1062.0,1062.0, 1062.00,1062.0,1062.0,50,0.53,1, 50, 100.00
SSINFRA, SM, 12-Aug-2021,9.55,9.75,9.75,9.75, 9.75,9.75,9.75,3000,0.29,1, 3000, 100.00
SSWL, EQ, 12-Aug-2021,1560.2,1596.0,1607.8,1547.6, 1586.00,1589.55,1584.35,32783,519.4,3450, 16399, 50.02
STAR, EQ, 12-Aug-2021,677.15,677.35,683.0,665.25, 669.90,669.5,671.14,608308,4082.58,23464, 229403, 37.71
STARCEMENT, EQ, 12-Aug-2021,108.9,108.9,113.0,107.8, 109.00,108.7,110.35,1143275,1261.55,15521, 405290, 35.45
STARPAPER, EQ, 12-Aug-2021,154.15,154.8,162.5,154.15, 159.60,158.5,159.53,250354,399.38,5769, 72094, 28.80
STCINDIA, EQ, 12-Aug-2021,110.4,111.1,115.8,110.25, 113.35,114.1,113.28,83866,95.01,2514, 28907, 34.47
STEELCITY, EQ, 12-Aug-2021,64.25,65.0,67.45,64.2, 67.45,67.45,66.74,56907,37.98,912, 36538, 64.21
STEELXIND, EQ, 12-Aug-2021,76.35,77.0,85.95,74.9, 81.50,81.55,81.07,1783222,1445.66,10072, 743323, 41.68
STEL, EQ, 12-Aug-2021,110.9,111.4,118.95,111.1, 113.00,113.35,113.73,67163,76.38,2483, 37809, 56.29
STERTOOLS, EQ, 12-Aug-2021,211.95,211.0,224.1,210.45, 223.40,223.85,220.25,65350,143.93,2764, 28933, 44.27
STLTECH, EQ, 12-Aug-2021,277.85,277.85,299.4,277.85, 298.30,297.05,291.29,761625,2218.55,16057, 328899, 43.18
STOVEKRAFT, EQ, 12-Aug-2021,764.55,773.95,809.0,773.95, 806.00,797.55,791.63,205561,1627.29,13270, 79424, 38.64
STYLAMIND, EQ, 12-Aug-2021,1123.95,1090.0,1164.6,1090.0, 1130.00,1142.35,1140.2,8539,97.36,1140, 5091, 59.62
SUBCAPCITY, BE, 12-Aug-2021,25.0,25.0,25.0,25.0, 25.00,25.0,25.0,200,0.05,3, -, -
SUBEXLTD, EQ, 12-Aug-2021,49.1,49.5,56.8,49.35, 55.70,55.6,53.94,23518848,12684.89,69198, 5182585, 22.04
SUBROS, EQ, 12-Aug-2021,306.2,307.0,327.7,307.0, 325.90,323.95,321.85,93444,300.75,5295, 49871, 53.37
SUDARSCHEM, EQ, 12-Aug-2021,644.35,650.0,672.0,650.0, 667.10,666.3,663.97,352112,2337.93,11414, 87502, 24.85
SUMEETINDS, BE, 12-Aug-2021,7.6,7.3,7.95,7.25, 7.85,7.85,7.6,196217,14.91,409, -, -
SUMICHEM, EQ, 12-Aug-2021,403.95,408.95,419.7,408.95, 414.85,415.8,415.15,566298,2350.98,13545, 189587, 33.48
SUMIT, BE, 12-Aug-2021,14.3,13.65,14.95,13.6, 14.60,13.95,14.28,74387,10.62,208, -, -
SUMMITSEC, EQ, 12-Aug-2021,702.95,717.05,727.95,706.05, 712.00,710.6,716.16,6758,48.4,762, 3805, 56.30
SUNCLAYLTD, EQ, 12-Aug-2021,3501.3,3501.3,3566.95,3460.0, 3490.50,3492.0,3493.77,9580,334.7,2740, 5846, 61.02
SUNDARAM, BE, 12-Aug-2021,2.2,2.1,2.25,2.1, 2.15,2.15,2.14,181824,3.89,200, -, -
SUNDARMFIN, EQ, 12-Aug-2021,2540.65,2553.4,2567.35,2476.0, 2490.70,2490.1,2522.29,13232,333.75,2468, 7163, 54.13
SUNDARMHLD, EQ, 12-Aug-2021,83.0,83.9,86.5,83.25, 85.10,85.5,85.12,295108,251.21,2517, 197668, 66.98
SUNDRMBRAK, EQ, 12-Aug-2021,393.75,395.0,436.0,395.0, 412.00,414.4,416.56,25233,105.11,2285, 4927, 19.53
SUNDRMFAST, EQ, 12-Aug-2021,739.45,744.9,819.0,740.0, 810.30,807.0,784.1,665972,5221.89,37556, 119552, 17.95
SUNFLAG, EQ, 12-Aug-2021,85.6,86.25,87.9,85.4, 86.60,86.75,86.6,791134,685.15,7192, 259499, 32.80
SUNPHARMA, EQ, 12-Aug-2021,779.55,780.0,781.25,773.15, 776.65,778.65,777.39,2821380,21933.01,81505, 1198845, 42.49
SUNTECK, EQ, 12-Aug-2021,371.75,371.0,384.7,368.0, 376.95,379.3,378.27,466117,1763.18,14173, 53591, 11.50
SUNTV, EQ, 12-Aug-2021,525.3,525.4,531.0,524.0, 527.80,527.35,527.44,763355,4026.22,11016, 248497, 32.55
SUPERHOUSE, EQ, 12-Aug-2021,151.0,154.4,156.5,151.9, 156.00,154.75,154.57,12526,19.36,621, 5856, 46.75
SUPERSPIN, BE, 12-Aug-2021,11.85,11.3,11.8,11.3, 11.30,11.3,11.32,111401,12.61,145, -, -
SUPPETRO, BE, 12-Aug-2021,680.4,681.95,695.0,670.5, 691.50,691.15,688.5,14230,97.97,793, -, -
SUPRAJIT, EQ, 12-Aug-2021,311.05,315.0,325.5,312.6, 317.55,315.75,319.36,279916,893.93,11034, 93950, 33.56
SUPREMEENG, EQ, 12-Aug-2021,32.25,31.0,34.6,31.0, 33.40,32.2,32.19,39567,12.74,202, 26032, 65.79
SUPREMEIND, EQ, 12-Aug-2021,2023.85,2050.0,2050.0,2016.0, 2040.20,2040.85,2037.75,42847,873.11,8342, 23886, 55.75
SURANASOL, EQ, 12-Aug-2021,13.35,13.9,13.9,12.95, 13.75,13.6,13.59,98647,13.41,424, 65961, 66.87
SURANAT&P, EQ, 12-Aug-2021,6.35,6.55,6.95,6.45, 6.95,6.95,6.78,162234,11.0,288, 112774, 69.51
SURANI, SM, 12-Aug-2021,30.7,32.2,32.2,32.2, 32.20,32.2,32.2,6000,1.93,3, 6000, 100.00
SURYALAXMI, BE, 12-Aug-2021,62.65,62.65,65.0,61.0, 64.50,64.25,63.8,9784,6.24,88, -, -
SURYAROSNI, EQ, 12-Aug-2021,552.3,554.7,581.95,546.05, 578.00,578.15,571.26,170506,974.04,11664, 64460, 37.81
SURYODAY, EQ, 12-Aug-2021,183.3,183.45,188.7,183.45, 186.95,187.45,186.86,86254,161.18,3128, 43752, 50.72
SUTLEJTEX, EQ, 12-Aug-2021,61.9,63.7,65.0,62.45, 64.25,63.7,63.91,233279,149.1,3815, 102288, 43.85
SUULD, EQ, 12-Aug-2021,558.75,586.65,586.65,530.85, 530.85,530.85,545.59,220892,1205.16,1198, 187563, 84.91
SUVEN, EQ, 12-Aug-2021,77.4,78.2,83.45,78.2, 82.15,82.55,80.96,430484,348.53,5095, 182144, 42.31
SUVENPHAR, EQ, 12-Aug-2021,535.0,537.7,552.1,530.2, 538.55,542.45,542.61,322538,1750.13,11514, 142091, 44.05
SUVIDHAA, EQ, 12-Aug-2021,21.3,21.3,23.4,19.3, 23.30,22.8,21.58,330930,71.41,1128, 83924, 25.36
SUZLON, EQ, 12-Aug-2021,6.25,6.3,6.55,6.25, 6.55,6.55,6.46,27908552,1803.47,14041, 12942707, 46.38
SVLL, SM, 12-Aug-2021,97.0,100.0,100.0,100.0, 100.00,100.0,100.0,1000,1.0,1, 1000, 100.00
SVPGLOB, EQ, 12-Aug-2021,109.95,109.85,110.25,106.0, 107.30,107.1,107.85,39494,42.59,1096, 24007, 60.79
SWANENERGY, EQ, 12-Aug-2021,126.15,125.8,129.5,124.8, 128.20,128.1,127.33,114990,146.42,4963, 23737, 20.64
SWARAJENG, EQ, 12-Aug-2021,1792.25,1804.0,1806.65,1746.0, 1780.00,1773.4,1777.91,26524,471.57,3812, 11120, 41.92
SWELECTES, EQ, 12-Aug-2021,219.1,225.6,262.9,216.0, 262.90,262.9,252.96,189505,479.37,8607, 82777, 43.68
SWSOLAR, EQ, 12-Aug-2021,267.85,269.05,280.0,269.05, 279.95,278.2,275.45,1102735,3037.47,17091, 347643, 31.53
SYMPHONY, EQ, 12-Aug-2021,918.85,935.0,935.0,915.05, 920.90,920.95,925.1,35785,331.05,3696, 15676, 43.81
SYNGENE, EQ, 12-Aug-2021,624.95,629.6,630.95,620.1, 620.50,622.35,625.01,169789,1061.2,6896, 76974, 45.34
TAINWALCHM, BE, 12-Aug-2021,84.15,81.1,88.35,81.1, 88.35,88.35,86.28,12888,11.12,176, -, -
TAJGVK, EQ, 12-Aug-2021,123.05,123.9,128.9,123.9, 127.50,127.0,127.22,162584,206.84,4707, 56734, 34.90
TAKE, EQ, 12-Aug-2021,57.95,58.4,61.35,58.3, 59.85,59.65,59.85,1657353,991.88,10146, 557677, 33.65
TALBROAUTO, EQ, 12-Aug-2021,297.45,309.0,322.0,297.0, 318.00,318.4,308.62,207311,639.8,7444, 76044, 36.68
TANLA, BE, 12-Aug-2021,882.9,890.0,927.0,840.0, 897.00,894.15,892.18,108262,965.9,3989, -, -
TANTIACONS, BZ, 12-Aug-2021,7.3,7.0,7.65,6.95, 7.25,7.25,7.59,23905,1.81,49, -, -
TARAPUR, EQ, 12-Aug-2021,4.95,5.1,5.15,4.95, 5.10,5.05,5.07,5663,0.29,22, 4203, 74.22
TARC, BE, 12-Aug-2021,39.25,38.5,40.0,38.5, 39.90,39.5,39.83,156740,62.43,548, -, -
TARMAT, EQ, 12-Aug-2021,79.4,80.05,80.05,76.5, 77.00,77.45,77.99,125197,97.64,2442, 87875, 70.19
TASTYBITE, EQ, 12-Aug-2021,16588.6,16970.0,18078.9,16754.35, 17930.00,17755.8,17359.17,3212,557.58,1962, 750, 23.35
TATACAPHSG, N2, 12-Aug-2021,1052.51,1058.0,1059.99,1055.01, 1059.99,1059.99,1057.63,202,2.14,6, 202, 100.00
TATACAPHSG, N4, 12-Aug-2021,1049.95,1030.0,1049.95,1030.0, 1049.95,1049.95,1031.13,53,0.55,2, 53, 100.00
TATACHEM, EQ, 12-Aug-2021,859.85,863.9,886.4,860.15, 875.95,875.85,876.4,5941940,52074.99,102649, 783528, 13.19
TATACOFFEE, EQ, 12-Aug-2021,196.5,197.8,205.6,195.25, 203.05,203.65,201.9,4233668,8547.78,35642, 850473, 20.09
TATACOMM, EQ, 12-Aug-2021,1389.15,1400.9,1420.05,1356.65, 1368.00,1367.75,1381.98,387289,5352.26,23267, 226151, 58.39
TATACONSUM, EQ, 12-Aug-2021,765.0,765.65,776.2,763.0, 774.00,774.25,770.64,880420,6784.91,25845, 483069, 54.87
TATAELXSI, EQ, 12-Aug-2021,4195.3,4208.2,4329.0,4203.1, 4299.40,4293.6,4291.21,118095,5067.7,15424, 63654, 53.90
TATAINVEST, EQ, 12-Aug-2021,1233.05,1237.05,1296.5,1233.05, 1288.00,1285.1,1275.82,319062,4070.66,17336, 45196, 14.17
TATAMETALI, EQ, 12-Aug-2021,1191.6,1202.7,1225.0,1197.5, 1225.00,1218.65,1209.5,124406,1504.7,6636, 38669, 31.08
TATAMOTORS, EQ, 12-Aug-2021,295.45,297.3,307.4,297.3, 306.80,306.0,302.44,33652880,101779.26,263143, 9380972, 27.88
TATAMTRDVR, EQ, 12-Aug-2021,136.1,137.0,144.45,137.0, 143.50,143.75,141.89,2481359,3520.78,30591, 1560628, 62.89
TATAPOWER, EQ, 12-Aug-2021,129.6,130.25,134.2,129.85, 133.65,133.65,132.26,31898731,42188.72,118014, 7262688, 22.77
TATASTEEL, EQ, 12-Aug-2021,1426.2,1436.0,1444.7,1416.55, 1433.65,1435.35,1431.3,10943108,156629.17,189925, 3118141, 28.49
TATASTLBSL, BE, 12-Aug-2021,94.8,95.4,95.5,93.0, 94.80,94.85,94.81,1594045,1511.32,10462, -, -
TATASTLLP, BE, 12-Aug-2021,1016.35,1025.0,1046.0,1012.1, 1016.20,1017.85,1022.79,27587,282.16,2479, -, -
TATVA, EQ, 12-Aug-2021,2011.15,2034.0,2164.85,2017.05, 2130.00,2124.35,2117.94,382918,8109.98,26242, 56746, 14.82
TBZ, EQ, 12-Aug-2021,71.6,72.05,76.4,72.05, 76.00,75.9,74.87,470930,352.56,5819, 132164, 28.06
TCFSL, NB, 12-Aug-2021,1079.03,1078.0,1079.25,1078.0, 1079.25,1079.25,1079.0,731,7.89,9, 731, 100.00
TCFSL, ND, 12-Aug-2021,1113.51,1115.0,1115.0,1112.0, 1112.00,1112.39,1112.87,1178,13.11,40, 1178, 100.00
TCFSL, NF, 12-Aug-2021,1192.0,1198.0,1198.0,1188.0, 1188.00,1188.0,1188.61,711,8.45,14, 641, 90.15
TCFSL, NH, 12-Aug-2021,1019.9,1020.0,1028.95,1012.05, 1019.95,1017.06,1018.76,655,6.67,7, 455, 69.47
TCFSL, NL, 12-Aug-2021,1079.99,1080.0,1094.0,1080.0, 1094.00,1094.0,1087.24,143,1.55,8, 143, 100.00
TCI, EQ, 12-Aug-2021,424.05,427.0,441.0,426.0, 440.00,439.55,435.43,33357,145.25,1669, 21542, 64.58
TCIDEVELOP, EQ, 12-Aug-2021,320.75,313.95,326.0,310.0, 316.00,320.25,316.75,1445,4.58,145, 929, 64.29
TCIEXP, EQ, 12-Aug-2021,1384.25,1384.2,1430.05,1381.05, 1410.00,1418.3,1414.98,56861,804.57,6701, 17854, 31.40
TCNSBRANDS, EQ, 12-Aug-2021,543.25,557.0,567.2,532.35, 560.00,562.65,553.42,40775,225.65,3318, 10056, 24.66
TCPLPACK, EQ, 12-Aug-2021,513.6,511.0,539.0,508.35, 522.80,523.75,525.94,35680,187.65,4125, 7829, 21.94
TCS, EQ, 12-Aug-2021,3344.2,3326.0,3368.0,3326.0, 3347.00,3351.75,3353.87,1310205,43942.56,84190, 824872, 62.96
TDPOWERSYS, EQ, 12-Aug-2021,183.4,190.0,199.0,183.0, 187.00,187.1,189.38,146603,277.64,4150, 68046, 46.42
TEAMLEASE, EQ, 12-Aug-2021,3791.5,3825.0,3977.0,3810.5, 3915.00,3893.0,3870.19,13502,522.55,3740, 5143, 38.09
TECHIN, EQ, 12-Aug-2021,4.8,5.1,5.1,4.7, 4.75,4.75,4.85,8583,0.42,63, 8056, 93.86
TECHM, EQ, 12-Aug-2021,1323.6,1323.0,1394.8,1317.75, 1383.00,1386.55,1369.05,8613315,117920.65,198057, 3795731, 44.07
TECHNOE, EQ, 12-Aug-2021,289.05,290.9,297.0,290.0, 293.90,292.55,293.13,77556,227.34,3620, 31229, 40.27
TEJASNET, BE, 12-Aug-2021,378.75,375.0,397.65,362.25, 397.65,397.65,383.33,498515,1910.98,7784, -, -
TEMBO, EQ, 12-Aug-2021,227.65,229.7,239.0,225.45, 234.00,236.05,232.48,218466,507.88,3347, 71497, 32.73
TERASOFT, BE, 12-Aug-2021,57.5,57.5,60.35,54.85, 60.35,60.35,58.38,30404,17.75,425, -, -
TEXINFRA, EQ, 12-Aug-2021,62.1,63.9,64.9,62.65, 64.80,64.3,64.09,70209,45.0,708, 45482, 64.78
TEXMOPIPES, EQ, 12-Aug-2021,53.1,54.5,54.9,52.7, 54.70,54.6,53.92,140893,75.97,1363, 88782, 63.01
TEXRAIL, EQ, 12-Aug-2021,34.05,34.2,35.4,34.05, 34.95,35.0,34.85,876032,305.31,3772, 417707, 47.68
TFCILTD, EQ, 12-Aug-2021,65.7,66.4,66.7,65.0, 65.85,65.6,66.0,338187,223.21,2885, 213533, 63.14
TFL, EQ, 12-Aug-2021,5.15,4.95,5.15,4.9, 5.00,5.0,4.95,2652,0.13,18, 1652, 62.29
TGBHOTELS, EQ, 12-Aug-2021,7.35,7.5,8.05,7.25, 8.05,8.05,7.88,28757,2.27,109, 25751, 89.55
THANGAMAYL, EQ, 12-Aug-2021,831.55,831.55,860.0,816.0, 822.05,819.0,833.03,29874,248.86,3009, 18678, 62.52
THEINVEST, EQ, 12-Aug-2021,104.45,109.45,116.9,104.6, 115.00,115.0,111.2,20579,22.88,823, 11891, 57.78
THEJO, SM, 12-Aug-2021,2471.1,2500.0,2580.0,2490.0, 2580.00,2580.0,2529.4,2400,60.71,19, 1900, 79.17
THEMISMED, EQ, 12-Aug-2021,937.65,950.05,1031.4,950.05, 1031.40,1031.4,1016.93,62286,633.4,2154, 44257, 71.05
THERMAX, EQ, 12-Aug-2021,1335.2,1341.9,1395.0,1320.05, 1392.00,1360.6,1345.6,74568,1003.39,3849, 58437, 78.37
THOMASCOOK, EQ, 12-Aug-2021,58.6,58.55,60.35,58.15, 58.95,58.85,59.36,218608,129.76,3163, 131114, 59.98
THOMASCOTT, BE, 12-Aug-2021,17.45,18.2,18.3,16.7, 17.20,17.25,18.13,2432,0.44,15, -, -
THYROCARE, EQ, 12-Aug-2021,1312.65,1312.65,1351.95,1312.5, 1336.50,1347.85,1338.83,179973,2409.54,7600, 89713, 49.85
TI, BE, 12-Aug-2021,40.9,39.45,42.75,39.45, 41.45,41.4,41.44,113119,46.88,480, -, -
TIDEWATER, BE, 12-Aug-2021,2232.7,2165.0,2344.3,2165.0, 2270.00,2229.15,2283.77,58558,1337.33,6534, -, -
TIIL, EQ, 12-Aug-2021,688.9,690.0,733.75,690.0, 724.00,724.45,722.81,55531,401.38,3540, 36605, 65.92
TIINDIA, EQ, 12-Aug-2021,1186.6,1185.0,1197.8,1162.95, 1185.05,1185.1,1181.34,286925,3389.55,8310, 231124, 80.55
TIJARIA, BE, 12-Aug-2021,7.05,7.25,7.25,6.7, 6.90,6.95,6.87,6724,0.46,36, -, -
TIL, EQ, 12-Aug-2021,175.85,172.1,180.8,171.1, 175.35,177.4,176.34,14316,25.25,817, 6491, 45.34
TIMESGTY, EQ, 12-Aug-2021,45.65,45.0,48.7,45.0, 47.65,46.9,46.48,13323,6.19,466, 6750, 50.66
TIMETECHNO, EQ, 12-Aug-2021,79.25,79.9,83.4,79.9, 82.85,82.65,82.22,414995,341.2,4236, 161558, 38.93
TIMKEN, EQ, 12-Aug-2021,1532.4,1560.0,1590.0,1550.0, 1552.00,1552.7,1570.61,55807,876.51,5590, 20008, 35.85
TINPLATE, EQ, 12-Aug-2021,239.8,240.05,247.55,240.05, 244.70,244.55,244.7,416496,1019.15,8031, 128744, 30.91
TIPSINDLTD, BE, 12-Aug-2021,1126.55,1180.0,1182.85,1071.05, 1181.95,1180.65,1167.79,6584,76.89,654, -, -
TIRUMALCHM, EQ, 12-Aug-2021,191.8,189.15,202.3,189.15, 201.05,200.55,197.29,1029456,2031.02,12554, 364465, 35.40
TIRUPATIFL, BE, 12-Aug-2021,95.0,90.2,90.2,90.2, 90.20,90.2,90.2,4111,3.71,42, -, -
TITAN, EQ, 12-Aug-2021,1789.4,1798.0,1829.6,1781.0, 1825.00,1823.6,1803.33,889082,16033.11,56048, 363200, 40.85
TMRVL, EQ, 12-Aug-2021,17.6,17.95,18.55,16.15, 17.85,17.8,17.84,97317,17.36,612, 51595, 53.02
TNPETRO, EQ, 12-Aug-2021,124.65,127.4,131.85,126.6, 128.50,128.6,129.14,617826,797.87,7384, 381227, 61.70
TNPL, EQ, 12-Aug-2021,142.2,143.5,147.5,142.7, 144.75,145.05,145.59,249467,363.2,4776, 77650, 31.13
TNTELE, BE, 12-Aug-2021,15.55,14.8,14.8,14.8, 14.80,14.8,14.8,1971,0.29,30, -, -
TOKYOPLAST, EQ, 12-Aug-2021,98.5,100.5,104.9,99.95, 104.05,103.2,102.96,12692,13.07,567, 6446, 50.79
TORNTPHARM, EQ, 12-Aug-2021,2902.05,2915.0,2942.15,2868.9, 2900.15,2911.85,2906.63,287152,8346.44,22160, 125143, 43.58
TORNTPOWER, EQ, 12-Aug-2021,457.2,457.0,473.35,457.0, 469.45,468.35,466.48,1602107,7473.58,27437, 323335, 20.18
TOTAL, EQ, 12-Aug-2021,55.5,57.85,58.6,53.0, 57.00,55.85,56.36,28884,16.28,482, 13862, 47.99
TOUCHWOOD, BE, 12-Aug-2021,131.8,138.25,138.25,125.5, 130.00,128.3,129.3,14389,18.6,171, -, -
TPLPLASTEH, EQ, 12-Aug-2021,307.75,320.0,351.25,316.7, 346.30,346.95,341.62,98744,337.33,7023, 19394, 19.64
TREEHOUSE, BE, 12-Aug-2021,10.35,10.75,10.8,10.15, 10.75,10.7,10.6,11213,1.19,55, -, -
TREJHARA, EQ, 12-Aug-2021,57.6,59.75,63.95,58.5, 61.90,61.65,61.14,78702,48.12,2946, 40563, 51.54
TRENT, EQ, 12-Aug-2021,900.5,905.5,913.4,880.1, 896.00,896.7,895.52,592714,5307.9,22252, 222087, 37.47
TRF, EQ, 12-Aug-2021,114.0,117.9,117.9,113.5, 115.15,115.6,116.26,8848,10.29,313, 5585, 63.12
TRIDENT, EQ, 12-Aug-2021,19.55,19.5,20.5,19.1, 20.50,20.45,20.15,25303457,5098.13,32477, 10890843, 43.04
TRIGYN, EQ, 12-Aug-2021,132.15,128.15,138.75,128.15, 138.75,138.4,136.47,284136,387.77,3574, 164784, 57.99
TRIL, EQ, 12-Aug-2021,29.2,30.2,31.0,29.35, 30.25,30.05,30.28,315168,95.42,2135, 147278, 46.73
TRITURBINE, EQ, 12-Aug-2021,113.95,112.1,117.0,112.1, 114.90,114.95,115.32,149693,172.62,5969, 73886, 49.36
TRIVENI, EQ, 12-Aug-2021,172.9,174.5,178.0,171.45, 173.80,173.9,175.08,686053,1201.16,8733, 273234, 39.83
TTKHLTCARE, EQ, 12-Aug-2021,711.5,713.3,726.0,705.4, 725.00,717.9,716.01,13335,95.48,1864, 5171, 38.78
TTKPRESTIG, EQ, 12-Aug-2021,8789.65,8790.0,9150.0,8750.0, 9128.00,9107.5,9024.59,11295,1019.33,4319, 4814, 42.62
TTL, EQ, 12-Aug-2021,71.75,71.8,74.0,70.1, 70.10,70.7,72.07,38844,27.99,595, 19715, 50.75
TTML, BE, 12-Aug-2021,41.05,41.9,41.9,39.2, 39.85,39.85,40.15,1709467,686.3,10974, -, -
TV18BRDCST, EQ, 12-Aug-2021,38.2,38.4,39.05,37.65, 38.25,38.3,38.45,4513563,1735.26,9243, 1658468, 36.74
TVSELECT, EQ, 12-Aug-2021,175.3,177.0,184.05,175.55, 184.05,184.05,182.63,58082,106.07,1265, 32050, 55.18
TVSMOTOR, EQ, 12-Aug-2021,560.85,561.0,565.35,551.1, 552.85,552.0,555.54,1066784,5926.44,21427, 409337, 38.37
TVSSRICHAK, EQ, 12-Aug-2021,2154.65,2136.95,2200.0,2136.9, 2200.00,2173.0,2161.51,8390,181.35,1293, 4934, 58.81
TVTODAY, EQ, 12-Aug-2021,290.5,292.0,296.35,285.75, 288.00,287.5,290.67,54710,159.02,2337, 26835, 49.05
TVVISION, BE, 12-Aug-2021,2.5,2.6,2.6,2.4, 2.50,2.6,2.51,37780,0.95,81, -, -
TWL, EQ, 12-Aug-2021,82.85,83.0,88.7,82.75, 87.40,87.55,86.37,1587442,1371.05,15998, 567489, 35.75
UBL, EQ, 12-Aug-2021,1389.3,1389.3,1415.25,1381.0, 1390.00,1389.65,1397.33,271644,3795.77,13217, 58476, 21.53
UCALFUEL, EQ, 12-Aug-2021,139.95,140.9,147.5,140.9, 147.05,145.2,144.59,66661,96.38,4150, 28436, 42.66
UCOBANK, EQ, 12-Aug-2021,12.6,12.6,13.4,12.6, 13.30,13.25,13.04,6107851,796.46,15970, 2145455, 35.13
UFLEX, EQ, 12-Aug-2021,516.75,521.0,539.0,519.0, 539.00,536.25,528.03,402767,2126.73,10704, 165595, 41.11
UFO, EQ, 12-Aug-2021,95.2,96.25,98.95,96.25, 98.95,98.4,97.95,254076,248.86,4031, 120571, 47.45
UGARSUGAR, EQ, 12-Aug-2021,28.8,29.25,30.2,28.8, 29.00,29.2,29.45,475058,139.89,1786, 276397, 58.18
UGROCAP, EQ, 12-Aug-2021,114.5,109.1,122.3,109.1, 120.60,120.75,120.25,109530,131.71,2016, 76952, 70.26
UJAAS, EQ, 12-Aug-2021,2.65,2.65,2.9,2.6, 2.85,2.85,2.8,869429,24.34,806, 607270, 69.85
UJJIVAN, EQ, 12-Aug-2021,211.05,213.0,215.4,209.05, 212.50,212.15,212.64,243461,517.69,5514, 97297, 39.96
UJJIVANSFB, EQ, 12-Aug-2021,25.55,25.75,26.3,25.6, 26.10,26.15,25.99,2608448,677.94,7253, 1186940, 45.50
ULTRACEMCO, EQ, 12-Aug-2021,7452.45,7457.0,7580.0,7432.85, 7467.00,7468.7,7489.09,206051,15431.35,28447, 60162, 29.20
UMANGDAIRY, EQ, 12-Aug-2021,76.75,79.4,81.85,78.25, 80.95,80.75,80.17,110748,88.78,3070, 37176, 33.57
UMESLTD, EQ, 12-Aug-2021,4.4,4.3,4.55,4.2, 4.35,4.4,4.38,16511,0.72,59, 12908, 78.18
UNICHEMLAB, EQ, 12-Aug-2021,285.5,275.35,313.75,275.35, 300.00,299.25,298.97,190322,569.0,9372, 39015, 20.50
UNIDT, EQ, 12-Aug-2021,338.3,339.1,367.0,337.05, 362.00,361.45,358.53,126486,453.49,4706, 45120, 35.67
UNIENTER, EQ, 12-Aug-2021,117.5,117.5,125.0,117.5, 122.80,122.35,122.35,18006,22.03,991, 7587, 42.14
UNIONBANK, EQ, 12-Aug-2021,34.7,34.7,35.4,34.6, 35.00,35.05,34.95,5593592,1954.92,10041, 1743955, 31.18
UNITECH, BZ, 12-Aug-2021,1.75,1.8,1.8,1.7, 1.80,1.8,1.79,2353731,42.02,866, -, -
UNITEDTEA, EQ, 12-Aug-2021,399.75,408.8,424.05,400.15, 423.50,413.0,414.32,5567,23.07,970, 2269, 40.76
UNIVASTU, EQ, 12-Aug-2021,44.5,46.4,48.2,40.7, 44.00,43.95,44.4,43824,19.46,602, 24955, 56.94
UNIVCABLES, EQ, 12-Aug-2021,171.5,175.95,177.5,171.95, 176.10,175.2,174.75,33900,59.24,1066, 19381, 57.17
UNIVPHOTO, EQ, 12-Aug-2021,280.05,290.05,293.45,290.0, 290.00,290.0,290.51,7193,20.9,105, 6535, 90.85
UPL, EQ, 12-Aug-2021,773.8,773.0,785.65,772.05, 778.40,777.1,779.62,2248810,17532.23,43851, 837044, 37.22
URJA, EQ, 12-Aug-2021,6.55,6.55,6.85,6.55, 6.85,6.85,6.79,4027328,273.37,4992, 2240151, 55.62
URJAPP, X1, 12-Aug-2021,2.15,2.15,2.25,2.05, 2.25,2.25,2.19,63831,1.4,102, 62581, 98.04
USHAMART, EQ, 12-Aug-2021,68.1,68.6,70.3,68.4, 69.55,69.55,69.41,1423627,988.08,5926, 764350, 53.69
UTIAMC, EQ, 12-Aug-2021,1005.2,1035.0,1100.0,1012.8, 1088.55,1081.55,1064.98,774584,8249.19,28891, 284327, 36.71
UTIBANKETF, EQ, 12-Aug-2021,36.01,36.05,36.12,35.55, 36.00,35.99,35.74,4244,1.52,91, 3586, 84.50
UTINEXT50, EQ, 12-Aug-2021,40.84,41.97,41.97,40.93, 40.93,41.03,41.03,4429,1.82,74, 4059, 91.65
UTINIFTETF, EQ, 12-Aug-2021,1712.79,1720.0,1721.6,1705.9, 1721.60,1720.53,1718.69,1586,27.26,40, 1572, 99.12
UTISENSETF, EQ, 12-Aug-2021,568.1,571.99,574.95,568.57, 570.90,572.79,573.2,448,2.57,67, 412, 91.96
UTISXN50, EQ, 12-Aug-2021,45.1,45.5,45.95,44.1, 44.10,45.33,45.38,1252,0.57,40, 1191, 95.13
UTTAMSTL, BE, 12-Aug-2021,4.6,4.6,4.8,4.45, 4.80,4.75,4.76,348239,16.58,655, -, -
UTTAMSUGAR, BE, 12-Aug-2021,192.35,194.0,201.95,185.2, 200.95,199.45,196.89,34557,68.04,735, -, -
V2RETAIL, EQ, 12-Aug-2021,115.85,117.95,118.8,113.45, 115.60,115.35,116.44,15647,18.22,430, 9400, 60.08
VADILALIND, EQ, 12-Aug-2021,1147.65,1159.0,1231.0,1138.95, 1195.00,1194.45,1208.73,110655,1337.52,10883, 46328, 41.87
VAIBHAVGBL, EQ, 12-Aug-2021,767.1,772.0,781.9,764.0, 769.00,769.45,773.82,61856,478.65,7763, 38435, 62.14
VAISHALI, EQ, 12-Aug-2021,38.5,39.9,39.9,38.35, 39.00,38.85,38.98,25011,9.75,329, 15979, 63.89
VAKRANGEE, EQ, 12-Aug-2021,30.15,31.5,36.15,31.5, 36.15,36.15,34.5,16747270,5777.54,28814, 8087993, 48.29
VALIANTORG, EQ, 12-Aug-2021,1381.95,1395.25,1448.0,1388.15, 1416.00,1411.3,1420.28,57059,810.4,4656, 19564, 34.29
VARDHACRLC, EQ, 12-Aug-2021,69.25,71.6,72.7,70.0, 71.65,71.3,71.64,292423,209.48,3237, 191549, 65.50
VARDMNPOLY, BE, 12-Aug-2021,23.25,22.25,23.85,22.25, 23.80,23.75,23.6,46368,10.94,202, -, -
VARROC, EQ, 12-Aug-2021,317.25,317.2,328.65,315.1, 319.40,320.15,320.51,336875,1079.71,13397, 97572, 28.96
VASCONEQ, EQ, 12-Aug-2021,24.5,24.75,25.7,23.85, 25.70,25.7,25.33,1556009,394.06,1932, 1284181, 82.53
VASWANI, EQ, 12-Aug-2021,12.5,12.9,13.75,12.6, 13.75,13.65,13.34,41685,5.56,168, 37373, 89.66
VBL, EQ, 12-Aug-2021,772.45,779.0,781.95,760.55, 776.50,774.15,774.1,256036,1981.96,12750, 134204, 52.42
VEDL, EQ, 12-Aug-2021,324.45,326.0,327.4,319.35, 322.60,323.55,323.49,11383091,36823.56,88833, 3130085, 27.50
VENKEYS, EQ, 12-Aug-2021,2786.9,2799.1,2849.8,2775.0, 2838.00,2827.45,2821.39,52146,1471.24,6720, 18033, 34.58
VENUSREM, EQ, 12-Aug-2021,523.2,525.0,561.45,525.0, 548.00,534.85,544.82,91699,499.59,5043, 42874, 46.76
VERTOZ, EQ, 12-Aug-2021,131.0,131.25,137.25,129.6, 130.00,131.75,133.19,152597,203.25,3697, 61563, 40.34
VESUVIUS, EQ, 12-Aug-2021,1224.3,1238.8,1270.6,1211.95, 1260.00,1254.1,1240.96,15448,191.7,1796, 6972, 45.13
VETO, EQ, 12-Aug-2021,106.8,106.8,113.0,101.75, 103.80,104.6,107.16,572198,613.16,12223, 218218, 38.14
VGUARD, EQ, 12-Aug-2021,235.25,233.55,238.85,233.55, 237.50,237.45,237.0,313049,741.92,9013, 138374, 44.20
VHL, EQ, 12-Aug-2021,3107.3,3225.15,3250.0,3102.95, 3110.25,3136.15,3173.13,1134,35.98,215, 524, 46.21
VICEROY, BZ, 12-Aug-2021,2.95,2.9,2.95,2.85, 2.90,2.9,2.91,21408,0.62,56, -, -
VIDHIING, EQ, 12-Aug-2021,298.35,306.9,327.0,302.8, 316.00,315.55,316.62,176631,559.25,6292, 68848, 38.98
VIJIFIN, BE, 12-Aug-2021,1.6,1.55,1.55,1.55, 1.55,1.55,1.55,41917,0.65,142, -, -
VIKASECO, EQ, 12-Aug-2021,2.2,2.15,2.3,2.15, 2.30,2.3,2.25,4724357,106.41,1787, 2842288, 60.16
VIKASLIFE, BE, 12-Aug-2021,3.9,3.95,3.95,3.75, 3.85,3.85,3.88,3868442,149.95,5606, -, -
VIKASPROP, EQ, 12-Aug-2021,2.2,2.2,2.4,2.2, 2.35,2.3,2.33,1202094,27.98,5010, 907680, 75.51
VIKASWSP, EQ, 12-Aug-2021,5.0,5.0,5.1,4.75, 4.85,4.8,4.83,1142971,55.16,744, 903490, 79.05
VIMTALABS, EQ, 12-Aug-2021,281.3,292.0,336.2,284.95, 329.00,331.8,321.71,584245,1879.6,14831, 258811, 44.30
VINATIORGA, EQ, 12-Aug-2021,1899.1,1900.0,1928.55,1899.8, 1924.00,1921.85,1918.46,50463,968.11,5391, 29918, 59.29
VINDHYATEL, EQ, 12-Aug-2021,1229.25,1232.0,1260.6,1226.3, 1239.95,1236.05,1245.05,30809,383.59,2611, 21002, 68.17
VINEETLAB, EQ, 12-Aug-2021,93.35,92.05,97.85,92.0, 96.80,97.1,95.64,46355,44.33,1302, 19709, 42.52
VINYLINDIA, EQ, 12-Aug-2021,178.0,179.7,211.7,178.65, 203.30,203.85,200.2,2344165,4692.91,50644, 439043, 18.73
VIPCLOTHNG, BE, 12-Aug-2021,19.55,18.6,20.5,18.6, 20.25,20.25,19.51,411360,80.26,1326, -, -
VIPIND, EQ, 12-Aug-2021,385.8,410.95,462.95,409.05, 462.95,462.95,440.19,12541406,55205.94,217198, 2108967, 16.82
VIPULLTD, EQ, 12-Aug-2021,32.5,31.5,34.1,30.9, 33.40,32.8,32.25,102638,33.11,586, 67879, 66.13
VISAKAIND, EQ, 12-Aug-2021,735.75,737.45,779.9,735.0, 775.00,775.75,766.4,41665,319.32,3478, 23078, 55.39
VISASTEEL, EQ, 12-Aug-2021,10.4,10.4,10.65,10.0, 10.20,10.2,10.2,82367,8.4,376, 54397, 66.04
VISHAL, EQ, 12-Aug-2021,110.25,104.75,113.0,104.75, 110.30,110.25,109.42,2043898,2236.37,10490, 1139775, 55.76
VISHNU, EQ, 12-Aug-2021,599.8,618.0,618.0,598.7, 614.00,606.7,609.25,4439,27.04,418, 2813, 63.37
VISHWARAJ, EQ, 12-Aug-2021,155.6,156.0,157.0,151.55, 154.10,156.05,154.98,172327,267.07,4159, 63350, 36.76
VIVIDHA, EQ, 12-Aug-2021,0.8,0.8,0.85,0.75, 0.85,0.85,0.82,2487974,20.3,971, 1980350, 79.60
VIVIMEDLAB, EQ, 12-Aug-2021,22.15,22.5,23.3,22.15, 23.05,22.9,22.82,216063,49.31,960, 125826, 58.24
VLSFINANCE, EQ, 12-Aug-2021,192.5,198.0,211.75,197.95, 211.75,211.75,209.88,117409,246.42,2216, 62750, 53.45
VMARCIND, SM, 12-Aug-2021,32.0,33.8,33.8,33.8, 33.80,33.8,33.8,3000,1.01,1, 3000, 100.00
VMART, EQ, 12-Aug-2021,3424.1,3555.0,3599.95,3451.85, 3550.00,3556.1,3504.32,56345,1974.51,11355, 35452, 62.92
VOLTAMP, EQ, 12-Aug-2021,1572.8,1586.9,1625.0,1555.95, 1611.00,1601.65,1594.42,11927,190.17,1960, 5464, 45.81
VOLTAS, EQ, 12-Aug-2021,1000.5,1005.1,1008.65,982.0, 989.00,986.15,990.81,988482,9793.93,26672, 388612, 39.31
VRLLOG, EQ, 12-Aug-2021,304.15,307.5,332.7,306.5, 331.10,326.95,322.8,995108,3212.17,25107, 530182, 53.28
VSCL, SM, 12-Aug-2021,27.35,28.7,28.7,28.7, 28.70,28.7,28.7,9000,2.58,3, 9000, 100.00
VSSL, EQ, 12-Aug-2021,281.45,283.1,286.9,270.15, 270.50,272.95,277.27,430265,1192.98,14644, 170689, 39.67
VSTIND, EQ, 12-Aug-2021,3348.75,3325.0,3398.0,3325.0, 3375.00,3374.05,3376.72,3963,133.82,914, 2837, 71.59
VSTTILLERS, EQ, 12-Aug-2021,1904.75,1912.0,1942.85,1899.0, 1910.00,1909.3,1913.25,19171,366.79,3709, 10636, 55.48
VTL, EQ, 12-Aug-2021,1748.65,1758.0,1829.0,1750.05, 1765.00,1758.85,1785.64,145231,2593.3,10970, 60566, 41.70
WABAG, EQ, 12-Aug-2021,342.0,349.0,362.95,349.0, 358.50,356.3,357.41,954203,3410.42,19394, 444490, 46.58
WABCOINDIA, EQ, 12-Aug-2021,7298.7,7300.05,7850.0,7300.05, 7528.60,7541.5,7596.03,31006,2355.23,5740, 8275, 26.69
WALCHANNAG, EQ, 12-Aug-2021,62.7,63.15,67.35,63.15, 66.40,66.55,65.58,189708,124.42,3433, 63892, 33.68
WALPAR, SM, 12-Aug-2021,36.5,36.5,37.95,36.5, 37.90,37.9,37.21,8000,2.98,4, 6000, 75.00
WANBURY, BE, 12-Aug-2021,79.9,78.3,83.85,78.3, 83.85,83.85,83.12,10268,8.53,81, -, -
WATERBASE, EQ, 12-Aug-2021,111.75,112.85,128.9,112.85, 126.80,125.45,124.13,1130650,1403.45,19214, 239498, 21.18
WEALTH, BE, 12-Aug-2021,210.45,219.95,219.95,200.0, 210.00,210.0,205.49,198,0.41,15, -, -
WEBELSOLAR, EQ, 12-Aug-2021,63.9,64.0,70.25,64.0, 70.25,70.25,68.57,443613,304.17,3720, 308443, 69.53
WEIZMANIND, EQ, 12-Aug-2021,48.5,49.5,50.65,48.65, 50.50,50.3,49.77,13434,6.69,313, 7336, 54.61
WELCORP, EQ, 12-Aug-2021,127.55,127.55,130.85,127.55, 129.90,129.75,129.32,1071366,1385.54,9507, 376061, 35.10
WELENT, EQ, 12-Aug-2021,96.65,96.0,99.3,96.0, 99.00,98.65,98.54,119527,117.78,2421, 64980, 54.36
WELINV, EQ, 12-Aug-2021,350.15,351.1,355.0,343.95, 355.00,349.75,350.39,488,1.71,48, 172, 35.25
WELSPUNIND, EQ, 12-Aug-2021,127.15,127.45,134.0,127.2, 133.15,132.95,131.23,1338353,1756.32,16911, 682395, 50.99
WENDT, EQ, 12-Aug-2021,4110.65,4181.05,4300.0,4160.0, 4225.00,4276.35,4248.39,1344,57.1,419, 754, 56.10
WESTLIFE, EQ, 12-Aug-2021,500.15,505.0,527.0,505.0, 524.40,522.75,517.91,126147,653.33,6748, 43666, 34.62
WHEELS, EQ, 12-Aug-2021,821.6,831.4,847.4,816.0, 824.00,823.45,827.21,11812,97.71,1081, 6397, 54.16
WHIRLPOOL, EQ, 12-Aug-2021,2028.95,2032.6,2054.85,1995.3, 2009.80,2000.7,2010.23,699233,14056.22,31792, 491418, 70.28
WILLAMAGOR, EQ, 12-Aug-2021,21.65,22.8,23.65,21.5, 23.60,23.25,22.82,51108,11.66,406, 37644, 73.66
WINDMACHIN, EQ, 12-Aug-2021,29.45,29.7,30.9,29.7, 30.90,30.9,30.67,38493,11.81,200, 25863, 67.19
WIPL, BE, 12-Aug-2021,64.9,61.75,65.0,61.75, 62.15,62.15,62.12,1263,0.78,11, -, -
WIPRO, EQ, 12-Aug-2021,601.25,602.0,608.9,600.65, 605.55,605.85,605.08,3952508,23915.92,69339, 1322036, 33.45
WOCKPHARMA, EQ, 12-Aug-2021,477.25,480.0,493.35,478.15, 492.75,489.0,488.05,326321,1592.59,9163, 127737, 39.14
WONDERLA, EQ, 12-Aug-2021,227.6,234.7,237.0,228.0, 237.00,235.4,233.21,283615,661.42,19858, 92371, 32.57
WORTH, EQ, 12-Aug-2021,93.05,94.4,103.8,94.4, 101.00,102.35,100.02,60163,60.17,1471, 35998, 59.83
WSI, EQ, 12-Aug-2021,4.5,4.7,4.7,4.7, 4.70,4.7,4.7,1,0.0,1, 1, 100.00
WSTCSTPAPR, EQ, 12-Aug-2021,254.7,253.5,264.9,253.5, 262.00,260.9,260.4,281221,732.3,5092, 83904, 29.84
XCHANGING, EQ, 12-Aug-2021,114.15,115.25,120.7,112.7, 118.50,118.5,117.47,625405,734.66,8299, 333736, 53.36
XELPMOC, BE, 12-Aug-2021,376.15,390.0,390.0,371.5, 389.95,387.55,385.32,10199,39.3,311, -, -
XPROINDIA, EQ, 12-Aug-2021,264.5,270.05,277.7,270.05, 277.70,277.7,277.0,24193,67.01,348, 21295, 88.02
YAARII, BE, 12-Aug-2021,95.9,95.85,100.65,95.0, 100.65,100.65,99.36,26308,26.14,231, -, -
YESBANK, EQ, 12-Aug-2021,11.95,12.0,12.15,11.9, 11.95,11.95,11.97,75856427,9079.58,87492, 45634290, 60.16
ZEEL, EQ, 12-Aug-2021,181.5,182.6,186.4,182.0, 185.15,184.9,184.8,11685849,21595.88,76647, 4288660, 36.70
ZEEL, P2, 12-Aug-2021,2.0,2.05,2.05,2.0, 2.00,2.0,2.0,476054,9.52,193, 473074, 99.37
ZEELEARN, EQ, 12-Aug-2021,13.6,13.75,14.75,13.5, 14.65,14.65,14.14,1720067,243.25,2115, 1069734, 62.19
ZEEMEDIA, EQ, 12-Aug-2021,10.4,10.4,10.9,10.4, 10.90,10.85,10.84,2957682,320.69,1737, 2428608, 82.11
ZENITHEXPO, EQ, 12-Aug-2021,80.8,86.0,86.0,78.05, 85.30,85.3,84.63,3701,3.13,61, 2894, 78.20
ZENSARTECH, EQ, 12-Aug-2021,394.9,396.65,419.9,395.6, 419.50,417.7,412.37,1484019,6119.66,28117, 545725, 36.77
ZENTEC, EQ, 12-Aug-2021,84.75,85.05,87.85,85.05, 86.80,86.8,86.77,135400,117.49,2217, 42365, 31.29
ZODIACLOTH, EQ, 12-Aug-2021,115.7,117.0,121.45,116.7, 119.40,119.8,119.59,46378,55.46,1406, 27353, 58.98
ZODJRDMKJ, EQ, 12-Aug-2021,29.6,30.75,32.55,30.7, 32.40,32.35,31.87,1988,0.63,101, 1607, 80.84
ZOMATO, EQ, 12-Aug-2021,135.65,135.65,137.4,132.05, 134.25,135.45,134.71,51256670,69049.61,177700, 6334352, 12.36
ZOTA, EQ, 12-Aug-2021,347.75,351.85,355.0,333.1, 335.00,337.95,344.59,83656,288.27,2587, 46732, 55.86
ZUARI, BE, 12-Aug-2021,132.95,133.85,139.55,133.5, 139.50,139.35,137.2,61796,84.79,505, -, -
ZUARIGLOB, BE, 12-Aug-2021,141.2,139.0,147.0,139.0, 147.00,146.6,144.39,25572,36.92,282, -, -
ZYDUSWELL, EQ, 12-Aug-2021,2225.05,2196.0,2255.0,2196.0, 2233.50,2236.85,2236.3,14126,315.9,2382, 7266, 51.44
