SYMBOL, SERIES, DATE1, PREV_CLOSE, OPEN_PRICE, HIGH_PRICE, LOW_PRICE, LAST_PRICE, CLOSE_PRICE, AVG_PRICE, TTL_TRD_QNTY, TURNOVER_LACS, NO_OF_TRADES, DELIV_QTY, DELIV_PER
20MICRONS, EQ, 15-Jul-2021,64.6,64.95,66.7,64.0, 64.25,64.55,65.25,267449,174.52,3430, 167392, 62.59
21STCENMGM, EQ, 15-Jul-2021,24.15,24.6,24.6,23.7, 23.70,23.7,23.94,6663,1.6,84, 5604, 84.11
3IINFOTECH, BE, 15-Jul-2021,9.6,9.7,9.8,9.45, 9.55,9.5,9.61,6606635,634.75,11255, -, -
3MINDIA, EQ, 15-Jul-2021,24165.45,24498.95,24500.0,24156.95, 24337.95,24310.9,24307.94,1205,292.91,698, 615, 51.04
3PLAND, EQ, 15-Jul-2021,16.25,15.45,15.95,15.45, 15.45,15.45,15.48,60921,9.43,175, 43605, 71.58
5PAISA, EQ, 15-Jul-2021,553.2,567.4,580.0,525.55, 525.55,525.95,550.07,342474,1883.85,13463, 143639, 41.94
63MOONS, BE, 15-Jul-2021,89.7,90.0,92.0,89.1, 90.60,90.55,90.69,30575,27.73,388, -, -
667GS2050, GS, 15-Jul-2021,101.0,100.75,100.75,97.0, 97.50,97.52,97.4,2709,2.64,8, 2709, 100.00
676GS2061, GS, 15-Jul-2021,98.33,98.0,98.95,98.0, 98.00,98.0,98.37,2633,2.59,26, 2613, 99.24
68GS2060, GS, 15-Jul-2021,102.2,102.1,102.1,102.1, 102.10,102.1,102.1,100,0.1,1, 100, 100.00
716GS2050, GS, 15-Jul-2021,110.99,110.99,110.99,110.99, 110.99,110.99,110.99,3,0.0,1, 3, 100.00
772GS2049, GS, 15-Jul-2021,111.58,112.0,112.0,112.0, 112.00,112.0,112.0,100,0.11,1, 100, 100.00
A2ZINFRA, BE, 15-Jul-2021,6.0,5.95,6.05,5.8, 5.85,5.85,5.9,418223,24.66,439, -, -
AAATECH, SM, 15-Jul-2021,58.0,60.0,60.0,57.4, 57.40,57.4,58.29,15000,8.74,5, 12000, 80.00
AAKASH, EQ, 15-Jul-2021,216.75,220.0,227.75,210.0, 224.90,225.9,220.39,206617,455.36,1819, 95452, 46.20
AARON, BE, 15-Jul-2021,113.2,114.95,118.85,107.55, 118.00,118.85,116.05,62358,72.37,563, -, -
AARTIDRUGS, EQ, 15-Jul-2021,712.6,713.05,721.35,713.05, 716.40,717.1,716.89,180531,1294.22,7444, 75445, 41.79
AARTIIND, EQ, 15-Jul-2021,859.2,860.0,863.0,851.0, 855.00,854.45,858.46,494589,4245.87,11791, 304154, 61.50
AARTISURF, EQ, 15-Jul-2021,1393.6,1415.0,1415.0,1370.25, 1385.00,1386.8,1385.6,10198,141.3,1773, 6016, 58.99
AARVEEDEN, BE, 15-Jul-2021,22.25,23.2,23.35,22.9, 23.35,23.35,23.31,77741,18.12,255, -, -
AARVI, EQ, 15-Jul-2021,74.1,74.95,76.55,70.45, 71.45,71.0,72.54,79640,57.77,1425, 56995, 71.57
AAVAS, EQ, 15-Jul-2021,2910.8,2910.8,2931.55,2817.65, 2868.00,2863.5,2873.36,35453,1018.69,5975, 22445, 63.31
ABAN, BE, 15-Jul-2021,41.85,41.85,42.0,40.5, 41.00,41.2,41.18,80558,33.18,675, -, -
ABB, EQ, 15-Jul-2021,1805.5,1806.5,1818.5,1770.0, 1778.50,1779.05,1783.09,87502,1560.24,6363, 50683, 57.92
ABBOTINDIA, EQ, 15-Jul-2021,17388.65,17388.65,17400.0,17211.15, 17330.05,17336.45,17339.0,6140,1064.61,2113, 3446, 56.12
ABCAPITAL, EQ, 15-Jul-2021,120.75,121.0,121.55,118.7, 119.10,119.05,119.98,2181288,2617.11,12182, 919350, 42.15
ABFRL, EQ, 15-Jul-2021,227.65,228.45,228.85,222.8, 223.60,223.95,225.83,1829532,4131.57,16562, 555367, 30.36
ABINFRA, SM, 15-Jul-2021,8.3,7.9,7.9,7.9, 7.90,7.9,7.9,4000,0.32,1, 4000, 100.00
ABMINTLTD, EQ, 15-Jul-2021,81.25,85.3,85.3,82.0, 85.30,85.3,84.99,4186,3.56,93, 3206, 76.59
ABSLBANETF, EQ, 15-Jul-2021,354.27,354.89,357.72,354.66, 357.27,357.13,356.21,88,0.31,26, 53, 60.23
ABSLNN50ET, EQ, 15-Jul-2021,395.35,399.6,399.6,396.0, 396.00,396.0,396.41,205,0.81,7, 203, 99.02
ABSLRIF6RG, MF, 15-Jul-2021,10.08,10.51,10.51,10.01, 10.09,10.09,10.03,21000,2.11,7, 21000, 100.00
ACC, EQ, 15-Jul-2021,2081.55,2080.0,2125.1,2068.7, 2122.45,2112.45,2094.77,710905,14891.86,30923, 278377, 39.16
ACCELYA, EQ, 15-Jul-2021,1484.9,1485.0,1507.0,1451.2, 1457.00,1459.35,1472.56,253248,3729.24,8371, 139425, 55.05
ACCORD, SM, 15-Jul-2021,21.65,21.65,21.65,20.6, 20.60,20.6,20.95,6000,1.26,3, 4000, 66.67
ACCURACY, EQ, 15-Jul-2021,90.7,90.7,94.7,89.15, 91.55,90.8,90.63,27758,25.16,481, 19489, 70.21
ACE, EQ, 15-Jul-2021,230.95,229.0,234.65,227.05, 229.25,228.65,230.91,452347,1044.53,8972, 181740, 40.18
ACRYSIL, EQ, 15-Jul-2021,618.3,616.0,625.0,607.5, 611.00,611.45,613.2,41997,257.53,3016, 25215, 60.04
ADANIENT, EQ, 15-Jul-2021,1402.05,1399.0,1429.0,1393.4, 1406.00,1407.95,1407.55,2728305,38402.2,56937, 272155, 9.98
ADANIGREEN, BE, 15-Jul-2021,979.7,975.0,1005.0,960.0, 983.00,995.8,984.55,125826,1238.81,10745, -, -
ADANIPORTS, EQ, 15-Jul-2021,697.25,699.7,706.4,695.5, 698.80,699.1,699.88,7490612,52425.31,103614, 1761468, 23.52
ADANIPOWER, BE, 15-Jul-2021,105.05,105.05,106.0,103.25, 104.20,104.1,104.01,2351596,2445.84,37842, -, -
ADANITRANS, BE, 15-Jul-2021,974.15,989.95,990.0,960.0, 970.00,980.2,977.49,173695,1697.85,10122, -, -
ADFFOODS, EQ, 15-Jul-2021,886.85,895.0,903.0,851.0, 861.95,863.35,872.87,79792,696.48,7063, 50240, 62.96
ADL, BE, 15-Jul-2021,38.7,39.25,39.25,37.0, 37.60,37.6,38.14,5403,2.06,55, -, -
ADORWELD, EQ, 15-Jul-2021,775.85,782.0,794.4,741.3, 746.95,745.9,771.26,60138,463.82,4257, 33255, 55.30
ADROITINFO, BE, 15-Jul-2021,10.95,10.45,10.45,10.45, 10.45,10.45,10.45,3600,0.38,5, -, -
ADSL, EQ, 15-Jul-2021,67.8,69.0,70.9,68.0, 68.85,68.55,69.78,370072,258.24,2809, 210447, 56.87
ADVANIHOTR, EQ, 15-Jul-2021,67.85,67.85,68.9,66.25, 66.35,66.45,67.43,21885,14.76,321, 11630, 53.14
ADVENZYMES, EQ, 15-Jul-2021,415.75,417.0,421.8,411.1, 412.25,412.65,416.54,204325,851.09,6204, 88092, 43.11
AEGISCHEM, EQ, 15-Jul-2021,342.6,345.8,353.35,332.9, 335.40,334.6,341.86,1445100,4940.16,22316, 693582, 48.00
AFFLE, BE, 15-Jul-2021,4399.9,4399.9,4439.85,4371.0, 4390.00,4388.85,4394.39,21747,955.65,5801, -, -
AGARIND, EQ, 15-Jul-2021,354.2,359.0,364.0,352.0, 355.25,357.2,360.01,53394,192.23,1538, 37102, 69.49
AGCNET, BE, 15-Jul-2021,1214.0,1254.0,1254.0,1167.0, 1225.00,1217.45,1207.51,2046,24.71,137, -, -
AGRITECH, EQ, 15-Jul-2021,44.75,45.15,45.9,44.55, 45.30,45.3,45.22,8198,3.71,146, 5331, 65.03
AGROPHOS, EQ, 15-Jul-2021,16.8,17.0,17.0,16.0, 16.00,16.0,16.24,103611,16.82,599, 80784, 77.97
AHLADA, EQ, 15-Jul-2021,212.6,213.0,218.55,206.15, 207.00,208.3,212.18,134930,286.3,2285, 108825, 80.65
AHLEAST, EQ, 15-Jul-2021,183.05,183.1,187.0,177.05, 177.80,178.4,181.16,16106,29.18,356, 12658, 78.59
AHLUCONT, EQ, 15-Jul-2021,384.75,389.0,408.95,385.1, 393.00,400.0,396.71,50406,199.96,3655, 21900, 43.45
AHLWEST, EQ, 15-Jul-2021,245.25,242.15,248.3,242.15, 242.75,243.0,245.17,7364,18.05,445, 4376, 59.42
AIAENG, EQ, 15-Jul-2021,2066.5,2069.85,2084.9,2020.0, 2026.40,2024.85,2046.5,20812,425.92,3806, 10257, 49.28
AILIMITED, SM, 15-Jul-2021,31.15,31.1,33.25,31.1, 33.25,33.25,32.12,9000,2.89,3, 9000, 100.00
AIRAN, BE, 15-Jul-2021,28.75,28.95,29.25,27.4, 27.65,27.65,28.02,105086,29.44,652, -, -
AIROLAM, SM, 15-Jul-2021,37.7,38.0,38.0,37.25, 37.25,37.25,37.52,9000,3.38,3, 6000, 66.67
AISL, SM, 15-Jul-2021,48.85,49.0,49.0,45.25, 47.85,47.85,47.44,24000,11.38,17, 1200, 5.00
AJANTPHARM, EQ, 15-Jul-2021,2140.85,2155.0,2176.1,2140.85, 2174.00,2173.0,2167.55,54851,1188.92,8050, 29127, 53.10
AJMERA, EQ, 15-Jul-2021,297.75,296.2,324.0,286.0, 318.25,317.05,310.45,673507,2090.87,11101, 207279, 30.78
AJOONI, BE, 15-Jul-2021,56.25,55.75,57.0,54.0, 54.55,54.45,55.2,34445,19.01,317, -, -
AKASH, EQ, 15-Jul-2021,224.45,229.75,241.0,222.05, 226.45,228.4,233.07,119640,278.85,1620, 49455, 41.34
AKG, EQ, 15-Jul-2021,27.1,27.45,27.55,26.3, 26.50,26.7,26.96,29571,7.97,137, 25787, 87.20
AKSHARCHEM, EQ, 15-Jul-2021,450.4,454.6,469.4,442.0, 456.00,455.8,456.26,86366,394.06,4834, 22968, 26.59
AKSHOPTFBR, BE, 15-Jul-2021,13.2,13.85,13.85,12.55, 12.95,12.7,13.17,2836333,373.46,5301, -, -
AKZOINDIA, EQ, 15-Jul-2021,2296.5,2297.0,2308.0,2276.55, 2292.00,2289.85,2290.97,3068,70.29,1062, 1830, 59.65
ALANKIT, EQ, 15-Jul-2021,19.75,19.45,20.3,18.6, 18.85,18.8,19.19,1907821,366.11,5930, 945980, 49.58
ALBERTDAVD, EQ, 15-Jul-2021,558.45,562.9,570.0,538.2, 538.30,543.4,555.18,144506,802.27,10406, 53594, 37.09
ALEMBICLTD, EQ, 15-Jul-2021,129.05,129.9,134.0,129.2, 131.50,131.3,132.49,1709819,2265.34,16221, 645214, 37.74
ALICON, EQ, 15-Jul-2021,817.7,820.0,830.0,781.0, 787.95,786.35,805.3,149511,1204.02,12472, 56491, 37.78
ALKALI, EQ, 15-Jul-2021,74.15,75.95,88.95,74.4, 86.30,87.85,85.71,1036376,888.27,9409, 356991, 34.45
ALKEM, EQ, 15-Jul-2021,3318.1,3319.8,3340.0,3302.2, 3327.00,3331.65,3316.51,269763,8946.71,6413, 236466, 87.66
ALKYLAMINE, EQ, 15-Jul-2021,3775.75,3776.0,3809.75,3750.1, 3774.00,3764.65,3774.2,40042,1511.27,6931, 17704, 44.21
ALLCARGO, EQ, 15-Jul-2021,158.35,159.0,159.0,155.0, 157.00,156.75,156.51,293198,458.88,5335, 174850, 59.64
ALLSEC, EQ, 15-Jul-2021,538.65,542.75,552.0,526.5, 538.05,539.4,541.95,216682,1174.3,7788, 98598, 45.50
ALMONDZ, EQ, 15-Jul-2021,69.5,70.0,72.75,66.05, 66.05,66.05,69.04,51210,35.36,494, 40298, 78.69
ALOKINDS, EQ, 15-Jul-2021,28.4,28.5,29.3,27.9, 28.05,28.05,28.42,15482327,4399.79,22372, 5978462, 38.61
ALPA, BE, 15-Jul-2021,50.65,51.0,51.8,50.0, 51.50,51.2,50.81,31080,15.79,235, -, -
ALPHAGEO, EQ, 15-Jul-2021,311.75,312.0,313.45,298.2, 303.60,303.85,304.47,50507,153.78,2345, 30547, 60.48
ALPSINDUS, BE, 15-Jul-2021,3.0,3.1,3.15,3.0, 3.15,3.15,3.13,89017,2.79,57, -, -
AMARAJABAT, EQ, 15-Jul-2021,737.3,740.0,740.0,732.2, 734.00,733.05,734.67,648853,4766.93,24013, 349504, 53.86
AMBER, EQ, 15-Jul-2021,3022.65,3030.0,3052.0,3002.5, 3030.00,3030.65,3028.8,55819,1690.65,7277, 30786, 55.15
AMBICAAGAR, EQ, 15-Jul-2021,20.65,20.65,20.8,20.1, 20.15,20.3,20.41,39548,8.07,193, 26196, 66.24
AMBIKCO, EQ, 15-Jul-2021,1375.3,1388.0,1396.0,1354.15, 1369.00,1362.5,1374.28,63871,877.77,6787, 35525, 55.62
AMBUJACEM, EQ, 15-Jul-2021,373.0,374.0,389.0,373.7, 387.55,386.2,381.43,7207046,27489.5,88579, 2746602, 38.11
AMDIND, EQ, 15-Jul-2021,31.7,32.3,32.45,30.9, 30.90,31.15,31.31,47483,14.87,276, 31485, 66.31
AMJLAND, EQ, 15-Jul-2021,34.15,34.3,37.2,33.25, 35.45,36.0,35.6,286500,102.0,1730, 140195, 48.93
AMRUTANJAN, EQ, 15-Jul-2021,712.4,716.0,721.0,708.35, 713.00,712.3,716.23,20680,148.12,2391, 11868, 57.39
ANANTRAJ, BE, 15-Jul-2021,70.45,71.5,73.95,67.95, 70.90,72.35,71.13,842511,599.31,1862, -, -
ANDHRACEMT, BE, 15-Jul-2021,23.2,24.35,24.35,22.05, 24.35,24.35,23.85,8160049,1946.52,6703, -, -
ANDHRAPAP, EQ, 15-Jul-2021,262.35,265.0,267.1,251.7, 253.30,253.05,257.52,67907,174.88,3358, 37706, 55.53
ANDHRSUGAR, EQ, 15-Jul-2021,551.85,552.9,564.9,550.0, 561.50,558.35,555.02,79765,442.71,3068, 38326, 48.05
ANGELBRKG, EQ, 15-Jul-2021,1070.25,1079.5,1123.8,995.0, 1060.00,1060.15,1078.19,1227889,13238.94,59779, 395520, 32.21
ANIKINDS, EQ, 15-Jul-2021,25.6,26.7,26.7,25.15, 25.70,25.55,25.97,55482,14.41,301, 36560, 65.90
ANKITMETAL, BE, 15-Jul-2021,1.85,1.8,1.9,1.8, 1.85,1.85,1.82,75551,1.37,117, -, -
ANMOL, EQ, 15-Jul-2021,161.95,164.0,178.1,158.35, 178.00,175.85,167.8,41802,70.15,486, 11431, 27.35
ANSALAPI, BE, 15-Jul-2021,10.25,10.75,10.75,9.75, 10.05,9.95,10.04,535900,53.82,700, -, -
ANSALHSG, EQ, 15-Jul-2021,11.0,11.55,11.55,10.45, 10.45,10.45,10.87,954528,103.77,645, 593564, 62.18
ANUP, EQ, 15-Jul-2021,883.15,885.0,895.0,871.05, 887.50,889.35,884.27,40283,356.21,3217, 16550, 41.08
ANURAS, EQ, 15-Jul-2021,816.95,820.9,831.0,809.1, 812.25,815.05,817.7,191645,1567.08,8483, 62710, 32.72
APARINDS, EQ, 15-Jul-2021,567.65,568.4,576.0,550.1, 553.50,551.95,560.21,41422,232.05,2658, 28598, 69.04
APCL, EQ, 15-Jul-2021,391.95,394.9,412.0,394.9, 400.20,400.0,404.21,206918,836.38,9083, 112814, 54.52
APCOTEXIND, EQ, 15-Jul-2021,320.9,321.0,325.0,317.0, 318.05,318.3,321.3,44927,144.35,2765, 29774, 66.27
APEX, EQ, 15-Jul-2021,387.55,392.75,410.0,390.55, 392.10,392.65,400.0,303007,1212.02,7919, 89599, 29.57
APLAPOLLO, EQ, 15-Jul-2021,1447.65,1450.0,1524.4,1450.0, 1511.10,1517.2,1482.43,354650,5257.45,14851, 266344, 75.10
APLLTD, EQ, 15-Jul-2021,967.5,965.9,975.0,960.5, 964.45,965.5,965.45,176421,1703.27,6472, 97399, 55.21
APOLLO, EQ, 15-Jul-2021,123.55,124.95,125.95,121.25, 122.90,123.15,123.95,1085429,1345.41,16939, 399181, 36.78
APOLLOHOSP, EQ, 15-Jul-2021,3754.8,3774.85,3798.0,3750.55, 3762.40,3762.35,3774.17,399845,15090.84,27125, 140957, 35.25
APOLLOPIPE, EQ, 15-Jul-2021,999.85,1015.05,1015.05,981.95, 992.00,994.9,997.18,35749,356.48,2567, 26620, 74.46
APOLLOTYRE, EQ, 15-Jul-2021,240.45,237.15,237.15,230.5, 231.45,231.15,233.22,6258720,14596.56,59332, 2269028, 36.25
APOLSINHOT, EQ, 15-Jul-2021,810.75,827.0,827.0,792.35, 804.00,802.85,807.46,3253,26.27,306, 2022, 62.16
APTECHT, EQ, 15-Jul-2021,243.45,246.25,258.0,245.05, 250.00,250.35,253.56,964424,2445.39,17965, 291302, 30.20
ARCHIDPLY, BE, 15-Jul-2021,34.35,33.7,34.5,33.5, 33.80,33.8,34.06,11357,3.87,79, -, -
ARCHIES, EQ, 15-Jul-2021,21.1,21.45,21.7,20.85, 20.95,21.0,21.25,139165,29.57,737, 87510, 62.88
ARENTERP, EQ, 15-Jul-2021,15.4,15.4,16.15,15.4, 15.40,15.4,15.9,589,0.09,14, 343, 58.23
ARIES, EQ, 15-Jul-2021,179.85,183.0,193.9,179.5, 180.10,180.7,186.93,1538254,2875.4,31551, 400313, 26.02
ARIHANT, BE, 15-Jul-2021,26.9,25.65,26.9,25.65, 26.80,26.8,25.86,6904,1.79,31, -, -
ARIHANTCAP, EQ, 15-Jul-2021,149.85,151.0,165.0,150.8, 161.00,161.4,157.85,101871,160.8,2207, 56025, 55.00
ARIHANTSUP, BE, 15-Jul-2021,92.0,92.0,94.15,90.0, 92.00,92.1,91.93,61310,56.37,225, -, -
ARMANFIN, EQ, 15-Jul-2021,708.75,709.4,728.35,694.0, 694.00,700.5,709.6,7338,52.07,839, 2756, 37.56
AROGRANITE, EQ, 15-Jul-2021,73.2,73.25,74.1,70.8, 71.55,71.2,72.3,164023,118.58,2472, 101055, 61.61
ARROWGREEN, BE, 15-Jul-2021,153.4,153.6,161.0,153.6, 154.10,154.25,157.02,3727,5.85,76, -, -
ARSHIYA, EQ, 15-Jul-2021,32.65,33.5,33.5,31.05, 31.50,31.15,31.82,127268,40.5,1036, 80259, 63.06
ARSSINFRA, BE, 15-Jul-2021,33.6,33.6,35.25,33.6, 35.25,35.1,34.94,69871,24.41,305, -, -
ARTEMISMED, BE, 15-Jul-2021,363.6,370.0,370.0,345.45, 345.45,346.25,351.25,6814,23.93,96, -, -
ARVEE, BE, 15-Jul-2021,108.9,113.0,113.0,108.0, 108.00,108.0,109.68,1297,1.42,31, -, -
ARVIND, EQ, 15-Jul-2021,107.3,110.0,110.8,106.55, 108.15,108.9,108.6,4820885,5235.42,33340, 2144314, 44.48
ARVINDFASN, EQ, 15-Jul-2021,174.85,180.5,184.55,178.55, 179.70,179.95,181.73,3739514,6795.88,39063, 1512227, 40.44
ARVSMART, EQ, 15-Jul-2021,126.85,127.5,136.3,124.15, 129.80,132.6,131.24,1138711,1494.5,13181, 371873, 32.66
ASAHIINDIA, EQ, 15-Jul-2021,378.15,378.15,381.0,374.0, 377.00,380.2,378.68,61888,234.36,3511, 33668, 54.40
ASAHISONG, EQ, 15-Jul-2021,374.0,374.0,385.0,371.25, 373.75,375.15,379.89,61490,233.59,3368, 35963, 58.49
ASAL, BE, 15-Jul-2021,67.55,67.0,70.0,65.7, 67.90,67.9,68.24,9078,6.19,114, -, -
ASALCBR, EQ, 15-Jul-2021,473.7,473.7,486.0,470.8, 476.00,475.45,481.08,79744,383.63,3740, 54143, 67.90
ASHAPURMIN, BE, 15-Jul-2021,150.7,149.95,151.85,143.2, 144.35,143.35,144.39,214689,309.99,1231, -, -
ASHIANA, EQ, 15-Jul-2021,163.85,166.0,170.0,160.35, 165.00,166.7,165.52,406872,673.44,7251, 163730, 40.24
ASHIMASYN, BE, 15-Jul-2021,19.85,20.15,20.2,19.0, 19.65,19.2,19.45,60969,11.86,314, -, -
ASHOKA, EQ, 15-Jul-2021,109.85,110.7,111.95,107.1, 107.95,107.85,109.04,2043925,2228.65,14680, 862619, 42.20
ASHOKLEY, EQ, 15-Jul-2021,127.9,127.9,129.2,127.9, 128.40,128.8,128.67,10806811,13904.81,52646, 5571469, 51.56
ASIANHOTNR, EQ, 15-Jul-2021,89.1,88.25,90.75,88.25, 89.25,88.95,89.62,8725,7.82,172, 5813, 66.62
ASIANPAINT, EQ, 15-Jul-2021,3001.95,3010.0,3011.0,2971.1, 2988.50,2983.6,2984.81,635535,18969.48,51815, 352569, 55.48
ASIANTILES, EQ, 15-Jul-2021,187.5,187.95,189.1,183.0, 183.70,183.3,184.83,564954,1044.2,8384, 321959, 56.99
ASLIND, SM, 15-Jul-2021,15.7,16.25,16.25,16.25, 16.25,16.25,16.25,4000,0.65,1, 4000, 100.00
ASPINWALL, EQ, 15-Jul-2021,206.9,209.0,213.95,207.0, 211.50,211.35,210.52,25328,53.32,478, 18610, 73.48
ASTEC, EQ, 15-Jul-2021,1467.6,1475.0,1487.0,1435.0, 1475.90,1471.0,1468.13,91404,1341.93,9175, 49944, 54.64
ASTERDM, EQ, 15-Jul-2021,163.8,164.6,166.1,160.65, 162.30,161.9,162.81,656838,1069.41,7562, 335731, 51.11
ASTRAL, EQ, 15-Jul-2021,2097.95,2109.8,2114.9,2075.0, 2100.00,2101.85,2097.44,143354,3006.77,16729, 76668, 53.48
ASTRAMICRO, EQ, 15-Jul-2021,178.85,180.0,187.5,178.3, 181.55,181.95,183.86,2634636,4844.01,30621, 936052, 35.53
ASTRAZEN, EQ, 15-Jul-2021,3554.25,3558.0,3579.0,3520.0, 3525.00,3524.7,3539.86,15300,541.6,3121, 8633, 56.42
ASTRON, EQ, 15-Jul-2021,71.55,71.55,71.55,66.75, 67.15,67.35,68.43,1072677,733.98,11791, 450314, 41.98
ATALREAL, SM, 15-Jul-2021,43.0,48.0,48.0,48.0, 48.00,48.0,48.0,1600,0.77,1, 1600, 100.00
ATFL, EQ, 15-Jul-2021,960.1,964.95,968.35,940.55, 947.00,947.7,954.71,8138,77.69,869, 5154, 63.33
ATGL, BE, 15-Jul-2021,881.25,881.25,900.0,839.0, 886.00,892.9,880.73,382689,3370.45,16644, -, -
ATLANTA, BE, 15-Jul-2021,18.5,18.5,19.2,17.7, 18.30,18.2,18.29,20028,3.66,190, -, -
ATUL, EQ, 15-Jul-2021,9290.4,9300.0,9515.0,9271.05, 9379.95,9383.3,9370.73,10888,1020.29,3489, 5549, 50.96
ATULAUTO, EQ, 15-Jul-2021,221.2,223.0,229.4,220.75, 223.40,222.8,225.39,598524,1349.01,12286, 193467, 32.32
AUBANK, EQ, 15-Jul-2021,1191.8,1192.0,1260.0,1190.5, 1251.00,1248.4,1231.24,1983177,24417.6,57521, 492664, 24.84
AURIONPRO, EQ, 15-Jul-2021,166.95,167.9,197.8,161.95, 191.00,192.05,187.37,1658797,3108.09,34185, 572298, 34.50
AUROPHARMA, EQ, 15-Jul-2021,962.95,965.1,966.5,954.5, 955.00,955.9,957.74,619668,5934.78,17903, 280756, 45.31
AUSOMENT, EQ, 15-Jul-2021,93.6,94.75,108.9,85.35, 103.50,103.5,102.09,663856,677.71,14256, 179166, 26.99
AUTOAXLES, EQ, 15-Jul-2021,1333.95,1345.85,1463.0,1307.3, 1414.00,1420.0,1413.86,140528,1986.87,13285, 41618, 29.62
AUTOIND, BE, 15-Jul-2021,49.2,50.1,50.1,47.0, 48.30,48.3,48.35,41841,20.23,340, -, -
AVADHSUGAR, EQ, 15-Jul-2021,488.25,487.0,499.0,469.75, 476.95,476.05,480.06,197086,946.13,6044, 85368, 43.32
AVANTIFEED, EQ, 15-Jul-2021,639.6,644.7,651.8,635.9, 636.50,639.15,644.45,537026,3460.85,15668, 141370, 26.32
AVROIND, SM, 15-Jul-2021,54.0,55.0,59.0,55.0, 59.00,59.0,57.2,12000,6.86,5, 8000, 66.67
AVTNPL, EQ, 15-Jul-2021,80.15,80.75,81.75,76.55, 77.40,77.45,79.58,639167,508.68,8970, 196309, 30.71
AWHCL, EQ, 15-Jul-2021,365.3,365.8,367.65,346.1, 348.00,348.35,355.14,130008,461.71,6085, 78855, 60.65
AXISBANK, EQ, 15-Jul-2021,770.05,770.5,778.25,766.5, 773.30,774.15,773.98,4239868,32815.92,94723, 1326264, 31.28
AXISBNKETF, EQ, 15-Jul-2021,355.93,353.55,359.46,353.55, 358.48,358.59,357.79,2693,9.64,37, 2645, 98.22
AXISBPSETF, EQ, 15-Jul-2021,10.12,10.12,10.13,10.12, 10.12,10.12,10.13,23035,2.33,81, 22971, 99.72
AXISCADES, BE, 15-Jul-2021,97.8,97.5,97.5,92.95, 94.20,94.8,95.08,102839,97.78,642, -, -
AXISGOLD, EQ, 15-Jul-2021,41.57,41.61,41.94,41.61, 41.91,41.87,41.81,104134,43.54,2995, 91586, 87.95
AXISHCETF, EQ, 15-Jul-2021,88.28,88.05,88.9,88.0, 88.64,88.35,88.52,3509,3.11,131, 3218, 91.71
AXISNIFTY, EQ, 15-Jul-2021,165.0,165.0,165.93,164.78, 165.82,165.83,165.58,5697,9.43,135, 3685, 64.68
AXISTECETF, EQ, 15-Jul-2021,288.94,291.98,298.79,289.01, 298.10,296.0,295.48,14192,41.93,141, 13401, 94.43
AYMSYNTEX, EQ, 15-Jul-2021,83.5,83.5,85.0,81.4, 83.10,82.75,82.93,30062,24.93,693, 14166, 47.12
BAFNAPH, EQ, 15-Jul-2021,135.0,138.9,148.5,135.7, 148.50,148.5,145.71,23226,33.84,564, 16061, 69.15
BAGFILMS, BE, 15-Jul-2021,3.9,3.95,4.0,3.75, 3.75,3.75,3.81,137850,5.25,208, -, -
BAJAJ-AUTO, EQ, 15-Jul-2021,3953.85,3954.0,3969.95,3930.3, 3943.00,3940.0,3944.76,310788,12259.85,35301, 148465, 47.77
BAJAJCON, EQ, 15-Jul-2021,292.0,293.5,294.75,287.9, 289.75,289.25,290.64,386990,1124.73,15106, 208785, 53.95
BAJAJELEC, EQ, 15-Jul-2021,1050.25,1057.0,1061.8,1031.45, 1045.80,1040.4,1050.75,72905,766.05,6465, 26585, 36.47
BAJAJFINSV, EQ, 15-Jul-2021,12991.2,12976.0,13110.0,12922.0, 12950.00,12958.95,13000.37,177991,23139.48,27078, 31916, 17.93
BAJAJHIND, BE, 15-Jul-2021,21.2,20.15,20.15,20.15, 20.15,20.15,20.15,2170095,437.27,5393, -, -
BAJAJHLDNG, EQ, 15-Jul-2021,3898.55,3918.95,3918.95,3870.0, 3881.70,3889.6,3892.95,12851,500.28,2745, 7428, 57.80
BAJFINANCE, EQ, 15-Jul-2021,6133.9,6133.9,6177.2,6102.0, 6121.80,6129.7,6139.75,870990,53476.63,71716, 260205, 29.87
BALAJITELE, EQ, 15-Jul-2021,66.7,66.7,71.2,66.7, 68.85,69.0,69.42,1780854,1236.35,12879, 711369, 39.95
BALAMINES, EQ, 15-Jul-2021,2887.2,2911.95,2923.0,2842.0, 2877.00,2875.4,2875.47,54218,1559.02,7822, 27827, 51.32
BALAXI, EQ, 15-Jul-2021,600.6,611.0,615.0,601.05, 605.00,605.55,607.32,2100,12.75,302, 1063, 50.62
BALKRISHNA, EQ, 15-Jul-2021,23.7,24.85,24.85,24.0, 24.80,24.8,24.5,14238,3.49,96, 12544, 88.10
BALKRISIND, EQ, 15-Jul-2021,2296.6,2300.0,2324.0,2288.05, 2316.95,2311.95,2304.82,179363,4133.99,11202, 97776, 54.51
BALLARPUR, BZ, 15-Jul-2021,1.6,1.65,1.65,1.55, 1.65,1.55,1.59,5816697,92.6,773, -, -
BALMLAWRIE, EQ, 15-Jul-2021,137.6,137.5,139.9,137.5, 138.00,138.05,138.89,304482,422.91,3710, 129524, 42.54
BALPHARMA, BE, 15-Jul-2021,97.25,97.25,98.0,96.55, 97.45,97.05,97.19,10196,9.91,160, -, -
BALRAMCHIN, EQ, 15-Jul-2021,344.85,345.0,352.0,343.0, 347.00,345.6,347.65,578168,2010.02,16929, 184307, 31.88
BANARBEADS, EQ, 15-Jul-2021,58.1,58.85,69.7,57.15, 69.70,69.45,67.96,1263117,858.4,9119, 277597, 21.98
BANARISUG, EQ, 15-Jul-2021,1806.15,1819.95,1824.0,1791.0, 1792.00,1802.9,1800.44,9380,168.88,330, 8678, 92.52
BANCOINDIA, EQ, 15-Jul-2021,165.7,166.65,167.0,162.6, 163.25,163.3,164.36,168430,276.83,3330, 90819, 53.92
BANDHANBNK, EQ, 15-Jul-2021,317.9,318.0,321.75,317.4, 319.95,319.7,319.6,4700924,15024.26,54239, 2888294, 61.44
BANG, EQ, 15-Jul-2021,51.75,52.85,52.85,49.4, 49.80,49.95,50.85,109785,55.83,1671, 56806, 51.74
BANKA, EQ, 15-Jul-2021,65.75,66.75,67.45,64.0, 64.25,64.4,65.2,10822,7.06,205, 7109, 65.69
BANKBARODA, EQ, 15-Jul-2021,84.25,84.45,84.85,83.4, 83.95,83.7,84.26,30304299,25535.83,56392, 5755451, 18.99
BANKBEES, EQ, 15-Jul-2021,358.57,358.5,361.75,356.15, 361.70,361.29,360.91,703281,2538.2,9065, 420285, 59.76
BANKINDIA, EQ, 15-Jul-2021,75.85,76.1,76.3,75.25, 75.30,75.45,75.7,1460483,1105.63,6387, 590953, 40.46
BANSWRAS, BE, 15-Jul-2021,196.6,206.4,206.4,200.5, 205.00,205.15,206.27,28365,58.51,166, -, -
BARBEQUE, EQ, 15-Jul-2021,908.85,913.0,928.0,900.0, 902.25,901.45,912.33,54528,497.47,3623, 17674, 32.41
BARTRONICS, BZ, 15-Jul-2021,3.8,3.8,3.8,3.65, 3.65,3.65,3.66,55696,2.04,65, -, -
BASF, EQ, 15-Jul-2021,2640.8,2650.0,2758.5,2650.0, 2721.10,2724.75,2720.59,106419,2895.23,11690, 40752, 38.29
BASML, BE, 15-Jul-2021,83.1,83.95,84.0,81.0, 81.20,81.95,82.63,38493,31.81,279, -, -
BATAINDIA, EQ, 15-Jul-2021,1588.95,1596.9,1596.9,1569.65, 1576.00,1574.5,1578.82,652061,10294.88,19722, 392711, 60.23
BAYERCROP, EQ, 15-Jul-2021,5832.5,5833.0,5948.0,5822.05, 5920.00,5916.25,5914.22,53259,3149.86,4959, 39247, 73.69
BBL, EQ, 15-Jul-2021,1415.95,1420.0,1426.1,1385.0, 1392.80,1391.7,1398.63,31441,439.74,4198, 11963, 38.05
BBTC, EQ, 15-Jul-2021,1316.65,1323.95,1327.65,1301.5, 1308.00,1307.05,1313.13,46968,616.75,4332, 22850, 48.65
BBTCL, SM, 15-Jul-2021,76.0,78.0,79.8,77.0, 77.00,77.0,78.35,21000,16.45,7, 12000, 57.14
BCG, EQ, 15-Jul-2021,36.1,37.9,37.9,37.9, 37.90,37.9,37.9,115611,43.82,304, 115611, 100.00
BCLIND, EQ, 15-Jul-2021,258.95,261.9,274.35,258.95, 268.05,268.9,268.52,276969,743.72,10295, 80036, 28.90
BCP, BE, 15-Jul-2021,3.75,3.8,3.85,3.7, 3.80,3.7,3.79,528888,20.06,369, -, -
BDL, EQ, 15-Jul-2021,379.15,379.1,383.5,376.6, 378.00,379.2,379.41,204657,776.48,5167, 113003, 55.22
BEARDSELL, BE, 15-Jul-2021,13.85,14.15,14.45,13.75, 13.95,13.85,13.9,15171,2.11,50, -, -
BECTORFOOD, EQ, 15-Jul-2021,419.85,422.0,438.0,419.5, 430.25,431.45,431.99,1225170,5292.64,31304, 451380, 36.84
BEDMUTHA, BE, 15-Jul-2021,34.45,33.8,34.9,33.8, 34.50,34.5,34.2,1837,0.63,14, -, -
BEL, EQ, 15-Jul-2021,184.15,184.15,184.4,179.45, 180.10,179.95,181.39,4889977,8869.91,32894, 2040381, 41.73
BEML, EQ, 15-Jul-2021,1313.65,1320.9,1348.15,1319.1, 1322.00,1323.35,1332.91,511166,6813.36,20357, 123922, 24.24
BEPL, EQ, 15-Jul-2021,177.45,178.5,179.9,175.6, 177.00,176.2,178.17,753173,1341.95,13873, 411834, 54.68
BERGEPAINT, EQ, 15-Jul-2021,838.7,841.0,844.0,835.0, 839.05,841.15,839.35,446782,3750.05,17043, 123528, 27.65
BESTAGRO, EQ, 15-Jul-2021,455.75,458.0,474.8,440.0, 455.00,456.85,459.87,160348,737.39,3444, 93279, 58.17
BETA, SM, 15-Jul-2021,390.0,391.1,391.1,375.0, 375.00,375.15,381.6,3200,12.21,4, 2400, 75.00
BFINVEST, EQ, 15-Jul-2021,383.5,385.8,396.5,383.0, 393.00,392.4,391.04,67259,263.01,3670, 17252, 25.65
BFUTILITIE, EQ, 15-Jul-2021,471.0,473.9,486.5,467.0, 478.00,481.8,478.43,377009,1803.73,8471, 116813, 30.98
BGRENERGY, EQ, 15-Jul-2021,65.6,66.4,70.9,64.1, 70.20,69.8,69.07,1140161,787.48,7826, 431004, 37.80
BHAGERIA, EQ, 15-Jul-2021,287.7,291.0,296.85,289.05, 290.30,289.75,293.36,243108,713.19,9657, 91463, 37.62
BHAGYANGR, EQ, 15-Jul-2021,48.2,48.2,53.0,47.45, 50.50,51.35,50.43,178190,89.86,1068, 83855, 47.06
BHAGYAPROP, EQ, 15-Jul-2021,30.4,30.9,31.0,30.05, 30.25,30.6,30.38,42020,12.77,317, 29443, 70.07
BHANDARI, EQ, 15-Jul-2021,3.85,3.95,3.95,3.85, 3.90,3.95,3.9,599919,23.41,1310, 474202, 79.04
BHARATFORG, EQ, 15-Jul-2021,812.1,812.1,817.15,807.05, 809.90,810.15,812.26,929055,7546.3,17580, 363991, 39.18
BHARATGEAR, EQ, 15-Jul-2021,124.95,125.0,131.95,121.2, 127.65,128.05,127.59,481978,614.97,9881, 214341, 44.47
BHARATRAS, EQ, 15-Jul-2021,13618.35,13501.25,14170.0,13427.2, 14060.00,13965.7,13771.2,7764,1069.2,2735, 4240, 54.61
BHARATWIRE, EQ, 15-Jul-2021,81.9,81.9,82.5,77.85, 80.00,80.7,79.93,56780,45.38,541, 36083, 63.55
BHARTIARTL, EQ, 15-Jul-2021,530.05,532.5,532.5,525.0, 525.45,525.45,527.13,6759881,35633.38,146578, 4366257, 64.59
BHEL, EQ, 15-Jul-2021,65.85,65.85,66.1,64.8, 65.00,64.95,65.35,23376344,15276.47,46844, 5335373, 22.82
BIGBLOC, EQ, 15-Jul-2021,111.4,112.0,116.15,111.5, 112.20,112.1,113.46,26726,30.32,522, 11020, 41.23
BIL, BE, 15-Jul-2021,248.95,252.0,252.0,242.0, 242.00,244.35,245.7,1623,3.99,59, -, -
BINDALAGRO, EQ, 15-Jul-2021,33.75,34.0,34.05,31.25, 31.70,31.9,32.52,529993,172.35,3201, 349246, 65.90
BIOCON, EQ, 15-Jul-2021,399.35,400.35,404.0,395.2, 402.55,403.25,400.49,2772769,11104.58,36587, 925850, 33.39
BIOFILCHEM, EQ, 15-Jul-2021,79.85,84.4,87.8,82.45, 87.80,87.8,86.95,828387,720.32,5377, 304889, 36.81
BIRET, RR, 15-Jul-2021,265.79,264.5,266.88,264.26, 264.26,264.93,265.05,44600,118.21,130, 38000, 85.20
BIRLACABLE, BE, 15-Jul-2021,112.8,109.0,114.2,109.0, 111.50,110.5,111.11,53367,59.29,657, -, -
BIRLACORPN, EQ, 15-Jul-2021,1310.3,1300.0,1362.5,1300.0, 1349.00,1352.65,1348.26,131670,1775.25,10134, 84321, 64.04
BIRLAMONEY, EQ, 15-Jul-2021,86.2,86.65,88.8,81.0, 82.75,82.3,83.73,2738341,2292.76,21997, 846822, 30.92
BIRLATYRE, EQ, 15-Jul-2021,28.65,28.85,29.0,28.3, 28.40,28.4,28.45,243692,69.33,2088, 163555, 67.12
BKMINDST, BE, 15-Jul-2021,1.0,1.05,1.05,1.05, 1.05,1.05,1.05,7195,0.08,21, -, -
BLBLIMITED, EQ, 15-Jul-2021,9.3,9.5,9.55,9.05, 9.30,9.3,9.32,22935,2.14,119, 17400, 75.87
BLISSGVS, EQ, 15-Jul-2021,113.5,113.95,114.4,111.65, 112.20,112.35,113.11,154087,174.29,2399, 85945, 55.78
BLKASHYAP, EQ, 15-Jul-2021,24.55,24.4,24.8,23.85, 24.50,24.1,24.16,379061,91.58,585, 199751, 52.70
BLS, EQ, 15-Jul-2021,133.55,134.55,144.9,132.6, 137.25,138.65,140.13,1795955,2516.74,24728, 461692, 25.71
BLUECHIP, BE, 15-Jul-2021,0.3,0.3,0.3,0.3, 0.30,0.3,0.3,100,0.0,1, -, -
BLUECOAST, EQ, 15-Jul-2021,4.95,5.15,5.15,5.15, 5.15,5.15,5.15,1910,0.1,5, 1910, 100.00
BLUEDART, EQ, 15-Jul-2021,5906.95,5930.0,5968.0,5790.0, 5800.00,5810.05,5845.86,35194,2057.39,3648, 28870, 82.03
BLUESTARCO, EQ, 15-Jul-2021,865.15,865.15,869.4,847.0, 850.00,852.0,860.89,39023,335.94,3435, 20687, 53.01
BODALCHEM, EQ, 15-Jul-2021,120.1,120.9,125.0,120.0, 121.00,121.15,121.9,2706036,3298.53,21343, 899163, 33.23
BOHRA, SM, 15-Jul-2021,3.75,3.9,3.9,3.9, 3.90,3.9,3.9,2000,0.08,1, 2000, 100.00
BOMDYEING, EQ, 15-Jul-2021,99.95,99.4,100.6,96.3, 98.00,98.7,98.36,9404099,9249.74,38802, 2041182, 21.71
BOROLTD, EQ, 15-Jul-2021,229.45,230.0,234.8,224.7, 226.65,225.8,229.28,179846,412.35,4181, 89020, 49.50
BORORENEW, BE, 15-Jul-2021,287.95,297.0,297.4,288.0, 291.00,291.05,293.56,663468,1947.71,10542, -, -
BOSCHLTD, EQ, 15-Jul-2021,15371.15,15449.0,15500.0,15291.05, 15325.00,15336.9,15392.73,25939,3992.72,7845, 10322, 39.79
BPCL, EQ, 15-Jul-2021,448.7,449.3,450.75,445.05, 447.00,447.05,447.75,3308775,14815.1,55816, 1752918, 52.98
BPL, EQ, 15-Jul-2021,40.65,40.7,40.85,38.9, 39.20,39.15,39.53,173421,68.55,1764, 107165, 61.79
BRFL, BE, 15-Jul-2021,10.6,11.0,11.0,10.5, 10.60,10.55,10.6,215590,22.85,469, -, -
BRIGADE, EQ, 15-Jul-2021,328.0,326.0,358.0,313.25, 348.00,346.9,342.62,2124312,7278.38,48900, 644757, 30.35
BRIGHT, SM, 15-Jul-2021,6.55,6.25,6.3,6.25, 6.25,6.25,6.25,300000,18.75,80, 297000, 99.00
BRITANNIA, EQ, 15-Jul-2021,3485.75,3503.0,3503.0,3455.5, 3459.95,3460.85,3466.51,264604,9172.51,30985, 138448, 52.32
BRITANNIA, N2, 15-Jul-2021,32.79,32.72,32.84,32.71, 32.71,32.71,32.79,9193,3.01,44, 8093, 88.03
BRNL, EQ, 15-Jul-2021,38.65,39.2,41.55,38.75, 40.05,39.75,40.29,731426,294.68,4181, 435059, 59.48
BROOKS, EQ, 15-Jul-2021,96.2,96.8,99.9,96.45, 97.00,96.65,97.71,51279,50.11,656, 34793, 67.85
BSE, EQ, 15-Jul-2021,1091.25,1093.5,1170.0,1092.3, 1147.00,1152.65,1143.41,5256375,60102.13,156446, 669508, 12.74
BSHSL, EQ, 15-Jul-2021,254.95,253.55,267.65,244.55, 267.65,267.65,261.17,17689,46.2,707, 8793, 49.71
BSL, EQ, 15-Jul-2021,59.35,60.7,60.9,59.1, 59.60,59.7,59.89,44192,26.47,783, 19772, 44.74
BSLGOLDETF, EQ, 15-Jul-2021,4379.55,4394.0,4450.0,4394.0, 4450.00,4442.1,4430.51,768,34.03,104, 658, 85.68
BSLNIFTY, EQ, 15-Jul-2021,175.69,176.99,176.99,173.15, 176.09,176.09,176.37,3031,5.35,44, 2894, 95.48
BSOFT, EQ, 15-Jul-2021,391.05,392.1,422.95,391.7, 422.50,419.35,412.73,13950730,57579.12,182962, 3082980, 22.10
BTML, SM, 15-Jul-2021,73.0,72.5,72.5,72.5, 72.50,72.5,72.5,1200,0.87,1, 1200, 100.00
BURGERKING, EQ, 15-Jul-2021,168.05,168.25,170.95,165.5, 166.10,166.25,168.07,1941217,3262.63,19164, 787167, 40.55
BURNPUR, BE, 15-Jul-2021,2.6,2.5,2.5,2.5, 2.50,2.5,2.5,17650,0.44,9, -, -
BUTTERFLY, BE, 15-Jul-2021,776.7,798.0,798.0,760.0, 778.00,773.35,775.2,9464,73.37,707, -, -
BVCL, BE, 15-Jul-2021,23.35,23.2,23.95,22.85, 23.00,22.95,23.05,2585,0.6,35, -, -
BYKE, BE, 15-Jul-2021,29.7,29.7,30.35,29.5, 29.65,30.0,29.7,30641,9.1,134, -, -
CADILAHC, EQ, 15-Jul-2021,643.4,643.4,645.5,636.0, 639.20,640.2,640.18,1989641,12737.22,28154, 867087, 43.58
CADSYS, SM, 15-Jul-2021,30.3,30.3,30.3,30.3, 30.30,30.3,30.3,2000,0.61,1, 2000, 100.00
CALSOFT, BE, 15-Jul-2021,10.45,10.5,10.6,10.0, 10.00,10.05,10.24,20636,2.11,108, -, -
CAMLINFINE, EQ, 15-Jul-2021,218.8,219.9,224.75,215.05, 222.15,221.95,221.3,1372144,3036.5,17974, 514397, 37.49
CAMS, EQ, 15-Jul-2021,3455.95,3504.0,3740.65,3314.0, 3395.00,3354.75,3528.31,2306107,81366.65,177043, 361771, 15.69
CANBK, EQ, 15-Jul-2021,151.6,152.35,152.45,149.3, 150.65,150.55,150.62,8101874,12202.87,33090, 1834855, 22.65
CANDC, BZ, 15-Jul-2021,4.0,3.8,3.95,3.8, 3.90,3.9,3.86,32802,1.27,40, -, -
CANFINHOME, EQ, 15-Jul-2021,548.85,548.85,549.8,535.25, 542.00,542.85,542.88,342663,1860.26,11056, 162140, 47.32
CANTABIL, EQ, 15-Jul-2021,445.75,454.9,454.9,426.55, 430.00,431.4,441.91,74832,330.69,6889, 20245, 27.05
CAPACITE, EQ, 15-Jul-2021,235.2,234.5,244.95,233.0, 241.70,240.4,241.25,821873,1982.77,17408, 282663, 34.39
CAPLIPOINT, EQ, 15-Jul-2021,690.25,696.3,696.3,679.55, 687.00,683.55,686.54,266064,1826.63,10165, 104573, 39.30
CAPTRUST, EQ, 15-Jul-2021,111.05,108.2,111.0,104.55, 104.60,105.35,107.39,30464,32.71,749, 19949, 65.48
CARBORUNIV, EQ, 15-Jul-2021,640.6,640.7,662.4,637.1, 655.00,655.35,652.52,218217,1423.9,11223, 83355, 38.20
CAREERP, EQ, 15-Jul-2021,141.55,142.0,144.05,139.55, 139.65,140.05,141.43,72942,103.16,1555, 32622, 44.72
CARERATING, EQ, 15-Jul-2021,708.3,710.0,728.0,702.0, 709.95,709.4,717.21,265417,1903.61,14034, 120205, 45.29
CASTEXTECH, BE, 15-Jul-2021,0.6,0.65,0.65,0.65, 0.65,0.65,0.65,267922,1.74,102, -, -
CASTROLIND, EQ, 15-Jul-2021,144.35,144.35,144.65,143.0, 143.35,143.25,143.6,407575,585.27,6763, 241789, 59.32
CCCL, BE, 15-Jul-2021,0.65,0.65,0.65,0.6, 0.65,0.6,0.63,198905,1.25,204, -, -
CCHHL, BE, 15-Jul-2021,6.65,6.75,6.8,6.4, 6.60,6.7,6.7,81869,5.49,166, -, -
CCL, EQ, 15-Jul-2021,388.4,391.0,392.4,379.1, 380.00,381.9,386.19,216785,837.19,9995, 95355, 43.99
CDSL, EQ, 15-Jul-2021,1304.35,1309.0,1424.0,1305.0, 1396.85,1399.5,1378.83,4044031,55760.4,171412, 844090, 20.87
CEATLTD, EQ, 15-Jul-2021,1423.65,1443.65,1459.0,1424.1, 1436.00,1437.7,1443.71,631287,9113.97,33674, 214202, 33.93
CEBBCO, EQ, 15-Jul-2021,38.8,38.15,39.0,36.9, 36.90,36.9,37.27,350054,130.46,1294, 226147, 64.60
CELEBRITY, EQ, 15-Jul-2021,8.5,8.2,8.9,8.2, 8.90,8.9,8.68,86012,7.46,138, 70362, 81.80
CENTENKA, EQ, 15-Jul-2021,448.35,450.15,465.7,448.1, 457.95,458.1,459.16,206231,946.93,10966, 76485, 37.09
CENTEXT, EQ, 15-Jul-2021,10.1,10.15,10.4,10.1, 10.25,10.2,10.24,549144,56.25,1171, 408392, 74.37
CENTRALBK, EQ, 15-Jul-2021,25.65,25.8,26.1,25.4, 25.65,25.55,25.71,8825787,2269.49,14201, 2695866, 30.55
CENTRUM, EQ, 15-Jul-2021,49.15,49.5,51.2,48.85, 49.60,49.6,50.33,2420079,1218.01,7535, 1155683, 47.75
CENTUM, EQ, 15-Jul-2021,488.5,493.0,509.0,490.05, 494.25,501.6,501.56,29686,148.89,1927, 14046, 47.32
CENTURYPLY, EQ, 15-Jul-2021,420.7,423.0,424.9,408.55, 411.00,410.8,415.77,145507,604.97,8032, 85484, 58.75
CENTURYTEX, EQ, 15-Jul-2021,710.2,715.9,717.0,694.4, 711.00,712.9,709.07,556165,3943.58,14841, 150189, 27.00
CERA, EQ, 15-Jul-2021,4496.2,4523.0,4523.0,4440.0, 4464.00,4455.2,4473.45,3799,169.95,1648, 2287, 60.20
CEREBRAINT, EQ, 15-Jul-2021,58.95,59.5,60.95,57.6, 58.15,58.5,58.98,789047,465.36,10465, 179180, 22.71
CESC, EQ, 15-Jul-2021,853.0,858.8,858.85,828.0, 830.00,830.25,842.71,886195,7468.09,20463, 560112, 63.20
CGCL, EQ, 15-Jul-2021,531.85,533.5,535.45,525.0, 532.50,530.7,530.48,18511,98.2,3687, 7465, 40.33
CGPOWER, BE, 15-Jul-2021,75.5,75.5,79.25,73.0, 77.50,77.75,75.25,1538930,1158.11,5848, -, -
CHALET, EQ, 15-Jul-2021,187.7,188.65,190.8,184.0, 184.50,184.9,187.66,248875,467.03,4697, 88625, 35.61
CHAMBLFERT, EQ, 15-Jul-2021,306.0,308.5,312.3,303.3, 305.85,305.3,308.29,1070109,3299.09,32030, 460464, 43.03
CHEMBOND, EQ, 15-Jul-2021,228.75,230.8,257.7,227.95, 241.80,240.65,248.21,696224,1728.1,21665, 173539, 24.93
CHEMCON, EQ, 15-Jul-2021,500.1,503.0,506.2,493.2, 495.00,494.9,498.77,136211,679.38,5845, 57809, 42.44
CHEMFAB, EQ, 15-Jul-2021,183.55,185.95,188.95,174.05, 176.35,175.5,182.03,128712,234.3,6918, 42264, 32.84
CHENNPETRO, EQ, 15-Jul-2021,134.55,132.9,135.45,132.2, 135.10,133.4,133.68,498436,666.33,7486, 157915, 31.68
CHOLAFIN, EQ, 15-Jul-2021,513.45,515.4,519.3,512.0, 513.90,513.8,516.07,1493932,7709.77,40463, 769802, 51.53
CHOLAHLDNG, EQ, 15-Jul-2021,641.75,646.0,646.0,635.0, 637.25,635.9,639.95,25201,161.27,3010, 12916, 51.25
CIGNITITEC, EQ, 15-Jul-2021,635.15,637.85,665.0,635.1, 648.85,650.7,651.85,653580,4260.34,16136, 234881, 35.94
CINELINE, EQ, 15-Jul-2021,50.8,51.2,51.75,49.1, 49.30,49.45,50.18,88656,44.49,1472, 48995, 55.26
CINEVISTA, BE, 15-Jul-2021,18.05,18.8,18.8,17.8, 17.85,18.05,18.05,32064,5.79,126, -, -
CIPLA, EQ, 15-Jul-2021,977.15,979.0,981.0,972.05, 973.50,973.6,975.14,979315,9549.72,38960, 484464, 49.47
CLEDUCATE, EQ, 15-Jul-2021,137.2,144.0,144.0,130.6, 132.00,133.45,134.03,41539,55.68,837, 24798, 59.70
CLNINDIA, EQ, 15-Jul-2021,604.25,606.0,610.0,596.0, 599.00,598.4,603.75,41512,250.63,2757, 24040, 57.91
CLSEL, EQ, 15-Jul-2021,150.1,151.5,152.0,142.0, 144.95,145.0,147.81,161837,239.21,3944, 92159, 56.95
CMICABLES, EQ, 15-Jul-2021,57.9,60.65,60.7,55.25, 55.40,55.65,58.11,294671,171.24,3236, 181226, 61.50
COALINDIA, EQ, 15-Jul-2021,148.15,148.0,148.4,145.65, 147.00,146.7,146.66,7257500,10643.92,44437, 3411691, 47.01
COCHINSHIP, EQ, 15-Jul-2021,389.65,391.4,394.95,384.0, 387.50,388.15,391.5,324928,1272.08,7633, 160986, 49.55
COFFEEDAY, EQ, 15-Jul-2021,45.35,45.9,46.2,43.5, 44.20,43.8,44.51,1162649,517.52,6328, 809329, 69.61
COFORGE, EQ, 15-Jul-2021,4534.7,4544.4,4610.0,4488.95, 4570.05,4589.6,4552.75,527612,24020.85,61016, 124269, 23.55
COLPAL, EQ, 15-Jul-2021,1728.2,1730.5,1753.5,1730.5, 1752.50,1750.85,1743.76,486018,8474.96,29008, 269022, 55.35
COMPINFO, EQ, 15-Jul-2021,32.6,32.25,32.7,30.8, 31.50,31.4,31.71,641494,203.42,3288, 378644, 59.03
COMPUSOFT, BE, 15-Jul-2021,15.45,15.8,15.9,15.1, 15.45,15.3,15.54,121833,18.93,640, -, -
CONCOR, EQ, 15-Jul-2021,676.3,681.75,681.75,667.75, 669.50,669.1,671.08,1617688,10856.0,34882, 1016933, 62.86
CONFIPET, EQ, 15-Jul-2021,65.2,65.5,65.85,61.8, 62.45,62.45,63.53,892542,567.02,6386, 590489, 66.16
CONSOFINVT, EQ, 15-Jul-2021,129.05,136.95,136.95,121.65, 125.10,124.55,129.48,30962,40.09,816, 20721, 66.92
CONTROLPR, EQ, 15-Jul-2021,398.95,402.4,410.0,388.9, 393.15,393.45,398.81,60005,239.31,3230, 31350, 52.25
CORALFINAC, EQ, 15-Jul-2021,52.4,52.4,58.75,51.3, 54.00,53.8,55.1,274412,151.21,3080, 139841, 50.96
CORDSCABLE, EQ, 15-Jul-2021,71.35,71.35,71.85,66.75, 67.80,67.25,68.72,178150,122.43,3048, 91906, 51.59
COROMANDEL, EQ, 15-Jul-2021,891.15,890.0,900.0,875.0, 877.05,877.15,884.34,343897,3041.23,20853, 164766, 47.91
COSMOFILMS, EQ, 15-Jul-2021,1063.65,1067.7,1094.0,1065.1, 1080.00,1076.95,1079.48,59130,638.3,5032, 28217, 47.72
COUNCODOS, BE, 15-Jul-2021,2.9,2.85,3.0,2.8, 3.00,3.0,2.94,165705,4.87,166, -, -
COX&KINGS, BZ, 15-Jul-2021,2.2,2.1,2.1,2.1, 2.10,2.1,2.1,207603,4.36,181, -, -
CPSEETF, EQ, 15-Jul-2021,26.39,26.99,26.99,26.08, 26.10,26.1,26.18,2512166,657.63,6309, 1753357, 69.79
CRAFTSMAN, EQ, 15-Jul-2021,2126.6,2098.0,2098.0,2018.6, 2040.00,2040.95,2047.28,159703,3269.57,18930, 78581, 49.20
CREATIVE, EQ, 15-Jul-2021,218.5,207.6,229.4,207.6, 229.40,229.4,220.14,227591,501.02,3506, 103963, 45.68
CREDITACC, EQ, 15-Jul-2021,723.15,723.15,747.0,720.65, 740.25,741.35,733.69,319485,2344.03,12518, 208681, 65.32
CREST, EQ, 15-Jul-2021,134.65,134.9,144.4,132.0, 140.00,139.8,139.84,105244,147.18,2477, 50726, 48.20
CRISIL, EQ, 15-Jul-2021,2675.5,2669.0,2715.0,2653.0, 2698.30,2695.7,2694.95,45166,1217.2,7771, 32279, 71.47
CROMPTON, EQ, 15-Jul-2021,460.3,461.45,464.9,456.05, 459.70,460.0,459.42,855741,3931.49,50151, 565679, 66.10
CSBBANK, EQ, 15-Jul-2021,347.6,348.5,352.5,346.05, 349.50,350.05,348.79,199284,695.07,6774, 57644, 28.93
CTE, EQ, 15-Jul-2021,58.0,59.25,60.9,58.0, 60.90,60.9,60.35,83701,50.51,620, 57229, 68.37
CUB, EQ, 15-Jul-2021,162.45,162.6,164.75,161.35, 161.90,161.55,162.79,1503756,2447.95,8903, 766643, 50.98
CUBEXTUB, BE, 15-Jul-2021,30.0,30.05,31.3,29.5, 30.00,29.8,30.32,13478,4.09,96, -, -
CUMMINSIND, EQ, 15-Jul-2021,859.9,863.0,885.2,862.0, 871.00,874.15,877.88,1446545,12698.97,38783, 391630, 27.07
CUPID, EQ, 15-Jul-2021,249.45,249.0,253.7,248.5, 249.00,249.75,250.79,124523,312.29,4302, 75462, 60.60
CYBERMEDIA, EQ, 15-Jul-2021,13.8,14.0,14.05,13.4, 13.95,13.8,13.72,33378,4.58,180, 24663, 73.89
CYBERTECH, EQ, 15-Jul-2021,168.3,169.25,194.35,168.75, 187.10,188.6,185.15,3975900,7361.36,57485, 1097519, 27.60
CYIENT, EQ, 15-Jul-2021,874.0,882.0,995.3,880.0, 946.00,946.3,950.51,1874627,17818.54,98319, 567535, 30.27
DAAWAT, EQ, 15-Jul-2021,80.15,80.4,81.55,79.2, 79.40,79.45,80.24,1710827,1372.76,12407, 588560, 34.40
DABUR, EQ, 15-Jul-2021,585.3,585.3,589.45,582.05, 584.05,584.45,584.1,1233095,7202.53,20385, 813881, 66.00
DALBHARAT, EQ, 15-Jul-2021,2180.35,2192.35,2298.0,2183.05, 2293.00,2271.55,2233.97,394828,8820.32,26104, 212894, 53.92
DALMIASUG, EQ, 15-Jul-2021,475.85,477.0,481.6,463.0, 467.05,465.25,469.42,179189,841.16,6173, 71677, 40.00
DAMODARIND, EQ, 15-Jul-2021,50.1,50.5,51.45,49.0, 49.00,49.2,49.72,40366,20.07,424, 32706, 81.02
DANGEE, BE, 15-Jul-2021,186.0,185.0,187.95,182.0, 186.45,182.8,183.92,7734,14.22,58, -, -
DATAMATICS, EQ, 15-Jul-2021,183.15,185.3,219.75,185.0, 219.75,219.75,210.53,2591926,5456.7,40589, 879843, 33.95
DBCORP, EQ, 15-Jul-2021,113.85,114.25,114.7,111.05, 111.45,111.4,112.38,632845,711.16,11265, 190772, 30.15
DBL, EQ, 15-Jul-2021,585.35,550.0,570.0,550.0, 562.00,563.25,561.15,1114713,6255.23,32951, 449919, 40.36
DBREALTY, EQ, 15-Jul-2021,29.55,31.0,31.0,28.1, 28.85,29.6,29.61,2890022,855.76,6203, 1377032, 47.65
DBSTOCKBRO, BE, 15-Jul-2021,15.4,15.5,15.5,14.75, 15.35,15.0,14.86,3663,0.54,29, -, -
DCAL, EQ, 15-Jul-2021,203.45,204.95,212.4,204.9, 206.35,206.25,209.15,886571,1854.28,13158, 374231, 42.21
DCBBANK, EQ, 15-Jul-2021,107.05,108.1,113.0,107.5, 108.50,108.85,110.23,5976202,6587.44,27128, 2210261, 36.98
DCI, SM, 15-Jul-2021,54.0,50.5,50.5,50.5, 50.50,50.5,50.5,3000,1.52,1, 3000, 100.00
DCM, BE, 15-Jul-2021,42.0,41.95,41.95,39.9, 41.40,41.35,40.48,19446,7.87,122, -, -
DCMNVL, EQ, 15-Jul-2021,158.2,161.9,166.0,150.3, 151.65,150.85,156.45,147827,231.28,1872, 75104, 50.81
DCMSHRIRAM, EQ, 15-Jul-2021,903.9,906.45,951.25,904.0, 949.00,945.6,933.22,431256,4024.55,16403, 130838, 30.34
DCW, EQ, 15-Jul-2021,41.5,41.7,42.15,40.2, 40.70,40.45,41.06,2112575,867.51,8875, 1047440, 49.58
DECCANCE, EQ, 15-Jul-2021,685.05,688.55,702.0,678.1, 690.00,693.4,694.43,256879,1783.84,16091, 63034, 24.54
DEEPAKFERT, BE, 15-Jul-2021,422.0,428.9,431.0,410.05, 419.90,417.15,417.27,133466,556.92,3552, -, -
DEEPAKNTR, EQ, 15-Jul-2021,1958.35,1969.0,1974.65,1937.4, 1950.00,1946.85,1950.02,489056,9536.7,25055, 132188, 27.03
DEEPENR, EQ, 15-Jul-2021,60.05,60.15,62.45,58.5, 59.85,59.25,60.29,228396,137.7,3680, 115830, 50.71
DEEPINDS, EQ, 15-Jul-2021,99.2,99.0,99.0,95.0, 95.20,95.8,96.73,109772,106.19,1631, 57522, 52.40
DELTACORP, EQ, 15-Jul-2021,185.4,186.7,187.4,182.55, 183.45,183.45,184.88,1460067,2699.33,16944, 637865, 43.69
DELTAMAGNT, BE, 15-Jul-2021,57.75,59.0,59.0,55.05, 56.00,56.0,56.08,3623,2.03,46, -, -
DEN, EQ, 15-Jul-2021,55.85,56.0,56.4,55.25, 55.65,55.5,55.82,3007794,1678.99,11455, 1527732, 50.79
DENORA, EQ, 15-Jul-2021,375.05,377.0,388.65,373.2, 376.40,375.25,380.87,82512,314.26,6528, 16723, 20.27
DEVIT, SM, 15-Jul-2021,110.0,114.95,114.95,91.0, 105.00,105.0,103.38,7500,7.75,3, 1500, 20.00
DFMFOODS, EQ, 15-Jul-2021,386.4,389.95,402.0,385.6, 397.80,397.7,392.33,230718,905.18,9510, 66867, 28.98
DGCONTENT, BE, 15-Jul-2021,16.1,15.3,15.3,15.3, 15.30,15.3,15.3,10387,1.59,11, -, -
DHAMPURSUG, EQ, 15-Jul-2021,373.1,372.15,376.75,365.85, 369.25,368.55,370.93,332790,1234.43,11825, 175042, 52.60
DHANBANK, EQ, 15-Jul-2021,18.15,18.15,18.6,18.15, 18.45,18.5,18.39,1425082,262.09,3664, 723974, 50.80
DHANI, EQ, 15-Jul-2021,206.95,217.25,217.25,207.6, 217.25,217.25,213.23,6817366,14536.42,26481, 3737404, 54.82
DHANILOANS, N3, 15-Jul-2021,1005.0,1005.0,1011.0,1005.0, 1011.00,1011.0,1010.37,150,1.52,6, 150, 100.00
DHANILOANS, N6, 15-Jul-2021,992.02,1005.0,1005.0,1005.0, 1005.00,1005.0,1005.0,90,0.9,3, 90, 100.00
DHANILOANS, N7, 15-Jul-2021,1018.9,1018.9,1018.9,1018.9, 1018.90,1018.9,1018.9,1,0.01,1, 1, 100.00
DHANILOANS, N8, 15-Jul-2021,1165.2,1170.2,1170.2,1170.2, 1170.20,1170.2,1170.2,10,0.12,2, 10, 100.00
DHANILOANS, NJ, 15-Jul-2021,1041.0,1070.0,1070.0,1070.0, 1070.00,1070.0,1070.0,100,1.07,1, 100, 100.00
DHANIPP, E1, 15-Jul-2021,98.3,103.0,103.2,98.55, 103.20,103.2,102.35,414038,423.75,1289, 228086, 55.09
DHANUKA, EQ, 15-Jul-2021,1000.15,1009.0,1009.0,978.95, 990.10,991.15,989.71,108790,1076.7,6274, 51352, 47.20
DHARSUGAR, EQ, 15-Jul-2021,28.55,28.05,28.4,27.15, 27.15,27.15,27.45,331193,90.92,1047, 124015, 37.44
DHFL, N6, 15-Jul-2021,366.0,362.0,362.0,360.0, 360.01,360.01,360.95,137,0.49,5, 137, 100.00
DHFL, NA, 15-Jul-2021,375.25,375.23,375.23,375.23, 375.23,375.23,375.23,51,0.19,1, 51, 100.00
DHFL, NC, 15-Jul-2021,400.0,376.3,380.01,376.3, 377.31,377.31,377.07,393,1.48,23, 391, 99.49
DHFL, NN, 15-Jul-2021,395.0,375.3,375.51,375.3, 375.51,375.51,375.49,39,0.15,2, 39, 100.00
DHFL, NP, 15-Jul-2021,391.3,377.06,389.99,377.06, 389.99,389.99,380.81,77,0.29,5, 52, 67.53
DHFL, NS, 15-Jul-2021,366.0,366.0,366.0,361.0, 363.25,363.25,365.05,1100,4.02,8, 1100, 100.00
DHFL, NU, 15-Jul-2021,374.5,360.3,360.3,360.3, 360.30,360.3,360.3,1,0.0,1, 1, 100.00
DHFL, Y1, 15-Jul-2021,364.05,364.05,364.05,360.2, 360.20,360.2,361.81,86,0.31,4, 86, 100.00
DHUNINV, EQ, 15-Jul-2021,610.55,620.0,620.0,600.0, 611.00,606.4,610.84,5886,35.95,454, 3359, 57.07
DIAMONDYD, EQ, 15-Jul-2021,795.5,798.0,798.0,760.75, 771.00,771.05,785.39,126220,991.32,8516, 24090, 19.09
DIAPOWER, BZ, 15-Jul-2021,0.8,0.75,0.85,0.75, 0.85,0.85,0.83,117704,0.98,44, -, -
DICIND, EQ, 15-Jul-2021,493.9,504.0,504.0,486.25, 491.80,490.55,491.03,3127,15.35,305, 1924, 61.53
DIGISPICE, BE, 15-Jul-2021,47.6,46.6,49.95,46.0, 49.95,49.95,49.38,244135,120.55,661, -, -
DISHTV, EQ, 15-Jul-2021,14.35,14.4,14.8,14.05, 14.60,14.55,14.43,17876783,2580.39,15460, 10742454, 60.09
DIVISLAB, EQ, 15-Jul-2021,4623.2,4626.0,4652.4,4597.9, 4617.95,4607.3,4623.22,289805,13398.31,31525, 146933, 50.70
DIXON, EQ, 15-Jul-2021,4593.1,4592.0,4670.0,4550.0, 4620.00,4645.5,4632.68,233013,10794.76,20871, 145970, 62.64
DLF, EQ, 15-Jul-2021,311.8,312.0,324.0,310.35, 322.55,322.6,317.95,12763481,40581.43,91303, 3558448, 27.88
DLINKINDIA, EQ, 15-Jul-2021,159.6,160.1,164.4,159.0, 159.50,159.8,161.76,1519637,2458.09,14460, 273700, 18.01
DMART, EQ, 15-Jul-2021,3330.05,3319.0,3363.0,3300.0, 3314.00,3328.5,3343.39,188080,6288.24,28577, 93215, 49.56
DNAMEDIA, EQ, 15-Jul-2021,2.55,2.65,2.65,2.65, 2.65,2.65,2.65,100407,2.66,140, 100377, 99.97
DODLA, EQ, 15-Jul-2021,621.85,623.9,629.95,603.0, 603.40,606.0,615.1,441369,2714.86,14555, 144517, 32.74
DOLAT, EQ, 15-Jul-2021,114.85,115.0,115.8,104.0, 104.60,104.8,107.93,1712399,1848.21,16467, 837686, 48.92
DOLLAR, EQ, 15-Jul-2021,317.7,319.0,320.95,315.0, 316.40,316.15,318.14,54988,174.94,1936, 30310, 55.12
DONEAR, EQ, 15-Jul-2021,50.05,49.4,53.6,49.4, 51.80,52.1,52.3,520147,272.05,4349, 266700, 51.27
DPABHUSHAN, EQ, 15-Jul-2021,176.65,179.7,185.9,177.4, 183.65,183.3,183.4,42012,77.05,911, 30180, 71.84
DPSCLTD, EQ, 15-Jul-2021,17.7,17.55,17.95,17.4, 17.60,17.45,17.58,64063,11.26,342, 42853, 66.89
DPWIRES, EQ, 15-Jul-2021,192.1,196.9,198.0,191.0, 193.00,192.85,193.18,14053,27.15,702, 9750, 69.38
DRCSYSTEMS, BE, 15-Jul-2021,285.0,296.9,297.0,275.25, 276.15,280.15,285.42,1200,3.43,52, -, -
DREDGECORP, EQ, 15-Jul-2021,397.9,397.6,403.8,396.2, 396.20,397.35,399.56,74873,299.16,3572, 24437, 32.64
DRREDDY, EQ, 15-Jul-2021,5390.85,5410.0,5438.5,5371.2, 5405.00,5393.65,5398.76,303682,16395.05,31037, 131763, 43.39
DSML, SM, 15-Jul-2021,9.5,9.95,9.95,9.75, 9.95,9.95,9.94,102000,10.14,14, 78000, 76.47
DSSL, EQ, 15-Jul-2021,154.95,157.45,157.45,151.45, 153.05,152.9,154.35,33754,52.1,1337, 20076, 59.48
DTIL, EQ, 15-Jul-2021,531.65,537.4,537.4,508.0, 515.70,512.6,517.96,20605,106.73,1746, 9794, 47.53
DUCON, BE, 15-Jul-2021,16.8,17.6,17.6,17.2, 17.60,17.6,17.59,160226,28.19,283, -, -
DVL, EQ, 15-Jul-2021,302.05,305.4,305.4,295.0, 296.05,296.35,299.62,60938,182.58,3144, 41707, 68.44
DWARKESH, EQ, 15-Jul-2021,78.85,78.75,79.9,76.5, 77.45,76.9,77.95,2310563,1801.03,10539, 1016467, 43.99
DYNAMATECH, EQ, 15-Jul-2021,1594.8,1599.0,1628.95,1578.0, 1590.30,1588.45,1600.52,3555,56.9,557, 2036, 57.27
DYNPRO, EQ, 15-Jul-2021,533.7,540.0,540.0,522.0, 526.35,524.5,528.5,23863,126.12,1899, 16994, 71.21
E2E, SM, 15-Jul-2021,43.7,44.0,44.0,43.0, 43.00,43.0,43.27,12000,5.19,6, 8000, 66.67
EASEMYTRIP, EQ, 15-Jul-2021,439.45,441.65,455.6,436.0, 439.80,441.2,447.71,1520590,6807.86,28678, 457728, 30.10
EASTSILK, BE, 15-Jul-2021,4.15,4.2,4.2,3.95, 3.95,3.95,4.01,44736,1.79,135, -, -
EASUNREYRL, BZ, 15-Jul-2021,2.9,2.9,3.0,2.8, 2.80,2.8,2.83,7644,0.22,23, -, -
EBANK, EQ, 15-Jul-2021,3898.29,3720.01,3720.01,3720.01, 3720.01,3720.01,3720.01,1,0.04,1, 1, 100.00
EBBETF0423, EQ, 15-Jul-2021,1137.46,1138.25,1139.0,1137.27, 1138.74,1138.48,1138.18,1722,19.6,57, 1432, 83.16
EBBETF0425, EQ, 15-Jul-2021,1046.11,1047.93,1048.5,1046.0, 1046.00,1046.01,1047.09,10024,104.96,70, 7271, 72.54
EBBETF0430, EQ, 15-Jul-2021,1158.38,1166.18,1200.0,1158.69, 1161.49,1159.25,1159.35,5715,66.26,113, 5401, 94.51
EBBETF0431, EQ, 15-Jul-2021,1039.93,1041.99,1041.99,1039.0, 1040.75,1040.61,1039.96,6825,70.98,162, 6177, 90.51
EBIXFOREX, EQ, 15-Jul-2021,657.2,668.95,669.55,657.25, 658.50,659.2,660.84,1835,12.13,188, 1166, 63.54
ECLERX, BE, 15-Jul-2021,2136.15,2160.4,2242.95,2152.0, 2239.90,2238.2,2211.35,45476,1005.63,3254, -, -
ECLFINANCE, NE, 15-Jul-2021,1290.0,1270.0,1340.0,1270.0, 1295.00,1295.0,1299.96,190,2.47,12, 190, 100.00
ECLFINANCE, NF, 15-Jul-2021,1079.45,1081.0,1084.0,1079.8, 1084.00,1084.0,1082.77,271,2.93,7, 271, 100.00
ECLFINANCE, NG, 15-Jul-2021,980.0,985.0,985.0,985.0, 985.00,985.0,985.0,50,0.49,2, 50, 100.00
ECLFINANCE, NJ, 15-Jul-2021,940.73,945.0,945.0,945.0, 945.00,945.0,945.0,159,1.5,1, 159, 100.00
ECLFINANCE, NK, 15-Jul-2021,1019.97,1019.95,1019.95,1019.95, 1019.95,1019.95,1019.95,1,0.01,1, 1, 100.00
ECLFINANCE, NM, 15-Jul-2021,1034.0,1035.0,1049.0,1035.0, 1049.00,1049.0,1035.67,21,0.22,2, 21, 100.00
ECLFINANCE, NN, 15-Jul-2021,1275.0,1273.0,1273.0,1265.1, 1265.10,1265.1,1270.37,15,0.19,2, 15, 100.00
ECLFINANCE, NO, 15-Jul-2021,1000.0,992.05,995.0,990.04, 995.00,995.0,991.63,207,2.05,8, 200, 96.62
ECLFINANCE, NP, 15-Jul-2021,1043.8,1022.0,1022.0,1000.0, 1000.00,1003.34,1003.34,500,5.02,6, 500, 100.00
ECLFINANCE, NQ, 15-Jul-2021,1240.15,1249.99,1255.0,1249.99, 1250.01,1250.84,1252.15,72,0.9,6, 72, 100.00
ECLFINANCE, NR, 15-Jul-2021,1007.0,1007.0,1010.0,1000.0, 1009.80,1003.88,1004.46,1400,14.06,21, 1027, 73.36
ECLFINANCE, NS, 15-Jul-2021,1045.01,1045.01,1050.0,1045.01, 1050.00,1047.5,1047.51,2,0.02,2, 1, 50.00
EDELWEISS, EQ, 15-Jul-2021,94.55,91.5,93.4,89.85, 89.85,89.95,91.21,7216039,6581.59,32733, 2955060, 40.95
EDUCOMP, BZ, 15-Jul-2021,3.4,3.4,3.4,3.3, 3.30,3.3,3.33,49640,1.65,90, -, -
EHFLNCD, N5, 15-Jul-2021,959.0,980.0,1100.0,955.61, 980.00,980.0,1039.17,231,2.4,12, 206, 89.18
EHFLNCD, N6, 15-Jul-2021,960.0,960.0,960.0,940.01, 950.10,950.1,953.33,1500,14.3,36, 1500, 100.00
EICHERMOT, EQ, 15-Jul-2021,2700.0,2710.0,2711.35,2652.0, 2664.90,2667.5,2667.93,730937,19500.9,43017, 457870, 62.64
EIDPARRY, EQ, 15-Jul-2021,406.45,408.0,409.9,403.55, 406.50,404.7,406.42,263212,1069.74,7606, 130272, 49.49
EIFFL, SM, 15-Jul-2021,88.15,92.55,92.55,91.9, 92.40,92.4,92.29,3200,2.95,4, 3200, 100.00
EIHAHOTELS, EQ, 15-Jul-2021,353.9,353.0,363.0,350.0, 352.40,351.0,355.77,32952,117.23,2005, 9742, 29.56
EIHOTEL, EQ, 15-Jul-2021,116.65,116.75,121.0,116.0, 116.80,117.0,117.08,3649387,4272.55,10122, 2934379, 80.41
EIMCOELECO, EQ, 15-Jul-2021,473.15,478.05,479.85,469.0, 471.00,470.0,473.86,14282,67.68,991, 9163, 64.16
EKC, BE, 15-Jul-2021,96.25,99.35,101.05,97.8, 101.05,101.05,100.71,432829,435.9,2648, -, -
ELECON, EQ, 15-Jul-2021,130.05,130.9,137.0,128.25, 135.30,134.55,132.53,1274479,1689.05,11803, 680335, 53.38
ELECTCAST, EQ, 15-Jul-2021,37.85,38.1,38.3,35.45, 37.05,37.3,37.45,893818,334.72,3333, 562425, 62.92
ELECTHERM, EQ, 15-Jul-2021,158.65,161.65,161.8,154.6, 156.00,155.2,157.79,25872,40.82,1035, 13331, 51.53
ELGIEQUIP, EQ, 15-Jul-2021,218.65,219.8,220.05,210.45, 212.40,212.15,213.32,254420,542.72,7873, 136393, 53.61
ELGIRUBCO, EQ, 15-Jul-2021,39.0,39.65,39.7,38.05, 38.20,38.25,38.68,56458,21.84,619, 40009, 70.87
EMAMILTD, EQ, 15-Jul-2021,572.1,569.9,575.65,565.45, 567.95,568.45,569.98,419929,2393.5,18655, 317182, 75.53
EMAMIPAP, EQ, 15-Jul-2021,179.65,180.05,180.25,169.2, 170.00,169.7,171.92,195632,336.33,4519, 107370, 54.88
EMAMIREAL, EQ, 15-Jul-2021,76.05,78.0,83.0,72.75, 81.60,81.95,79.04,922629,729.29,9479, 342631, 37.14
EMBASSY, RR, 15-Jul-2021,359.24,359.89,359.89,355.6, 356.05,357.27,357.01,99000,353.44,349, 79200, 80.00
EMCO, BZ, 15-Jul-2021,2.55,2.45,2.45,2.45, 2.45,2.45,2.45,8581,0.21,39, -, -
EMKAY, EQ, 15-Jul-2021,109.0,114.0,130.8,112.5, 124.60,123.25,123.35,5758372,7102.73,52944, 1389820, 24.14
EMKAYTOOLS, SM, 15-Jul-2021,153.3,160.95,160.95,160.95, 160.95,160.95,160.95,600,0.97,1, 600, 100.00
EMMBI, EQ, 15-Jul-2021,100.05,100.55,118.65,100.55, 116.80,116.7,112.11,1715827,1923.58,26641, 663155, 38.65
ENDURANCE, EQ, 15-Jul-2021,1648.0,1672.0,1672.0,1611.0, 1623.00,1619.55,1634.31,88729,1450.1,11194, 45372, 51.14
ENERGYDEV, EQ, 15-Jul-2021,12.35,12.9,12.9,11.8, 12.15,12.1,12.43,200703,24.95,638, 131396, 65.47
ENGINERSIN, EQ, 15-Jul-2021,76.95,77.0,79.2,77.0, 77.75,77.8,78.1,2615352,2042.7,10787, 1006240, 38.47
ENIL, EQ, 15-Jul-2021,189.25,193.0,194.6,189.0, 191.45,190.7,191.81,158320,303.67,5081, 81945, 51.76
EPL, EQ, 15-Jul-2021,259.95,260.1,261.95,254.75, 257.40,256.25,257.3,185156,476.41,8402, 99356, 53.66
EQ30, EQ, 15-Jul-2021,389.45,390.5,390.5,385.07, 389.00,389.0,389.08,331,1.29,67, 322, 97.28
EQUITAS, EQ, 15-Jul-2021,127.75,128.4,131.6,125.8, 128.25,128.8,128.77,2895368,3728.31,27656, 1277979, 44.14
EQUITASBNK, EQ, 15-Jul-2021,66.2,66.2,66.7,65.15, 65.15,65.45,65.94,1094199,721.47,6653, 344798, 31.51
ERFLNCDI, N4, 15-Jul-2021,982.8,975.0,975.0,975.0, 975.00,975.0,975.0,50,0.49,1, 50, 100.00
ERFLNCDI, N5, 15-Jul-2021,927.8,924.8,924.8,924.8, 924.80,924.8,924.8,1,0.01,1, 1, 100.00
ERIS, EQ, 15-Jul-2021,766.1,766.5,776.9,755.55, 769.80,767.45,766.58,86933,666.41,7888, 37405, 43.03
EROSMEDIA, EQ, 15-Jul-2021,24.6,25.1,25.5,24.3, 25.30,25.2,25.04,1345474,336.95,3230, 953538, 70.87
ESABINDIA, EQ, 15-Jul-2021,1947.65,1957.0,1971.95,1928.9, 1950.00,1934.05,1947.88,5601,109.1,1087, 3277, 58.51
ESCORTS, EQ, 15-Jul-2021,1193.8,1189.7,1206.0,1189.25, 1201.00,1200.35,1198.17,467065,5596.22,19952, 147993, 31.69
ESSARSHPNG, BE, 15-Jul-2021,11.85,11.9,12.2,11.5, 11.65,11.7,11.83,68604,8.12,255, -, -
ESTER, EQ, 15-Jul-2021,147.65,148.95,148.95,143.25, 145.45,144.1,145.64,230271,335.36,5439, 121725, 52.86
EVEREADY, EQ, 15-Jul-2021,320.35,324.55,325.9,315.1, 317.25,316.75,319.0,309532,987.41,6394, 166251, 53.71
EVERESTIND, EQ, 15-Jul-2021,420.85,418.05,423.8,412.95, 418.80,418.8,417.97,127322,532.17,3908, 64450, 50.62
EXCEL, BE, 15-Jul-2021,3.8,3.9,3.95,3.65, 3.80,3.8,3.85,101010,3.89,216, -, -
EXCELINDUS, EQ, 15-Jul-2021,1235.9,1246.7,1257.95,1218.0, 1222.00,1224.7,1238.53,22919,283.86,2675, 14063, 61.36
EXIDEIND, EQ, 15-Jul-2021,184.15,184.9,184.9,182.3, 182.70,182.8,183.27,1289236,2362.74,16639, 622143, 48.26
EXPLEOSOL, EQ, 15-Jul-2021,1258.2,1268.95,1384.0,1231.05, 1325.00,1328.65,1338.67,279021,3735.18,15311, 123612, 44.30
FACT, EQ, 15-Jul-2021,139.15,140.2,141.15,136.1, 137.90,137.55,138.6,307835,426.65,6336, 58403, 18.97
FAIRCHEMOR, EQ, 15-Jul-2021,1491.0,1488.0,1522.0,1480.0, 1487.00,1490.7,1491.37,14529,216.68,1297, 9523, 65.54
FCL, EQ, 15-Jul-2021,96.2,96.15,99.7,94.1, 94.30,94.9,96.39,1755650,1692.3,12682, 476261, 27.13
FCONSUMER, EQ, 15-Jul-2021,9.2,9.25,9.4,9.1, 9.10,9.1,9.2,8375939,770.26,6318, 3233643, 38.61
FCSSOFT, BE, 15-Jul-2021,1.95,2.0,2.0,2.0, 2.00,2.0,2.0,988756,19.78,561, -, -
FDC, EQ, 15-Jul-2021,373.85,375.0,384.0,366.75, 380.90,377.85,374.78,326131,1222.28,9208, 129226, 39.62
FEDERALBNK, EQ, 15-Jul-2021,89.85,89.85,90.0,87.6, 88.50,88.4,88.62,14639550,12973.18,38045, 5449468, 37.22
FEL, EQ, 15-Jul-2021,11.25,11.15,11.45,11.0, 11.10,11.1,11.19,903563,101.06,1143, 482707, 53.42
FELDVR, EQ, 15-Jul-2021,14.15,14.3,14.3,13.9, 14.10,14.05,14.12,28132,3.97,150, 20427, 72.61
FIEMIND, EQ, 15-Jul-2021,784.6,784.95,796.5,773.1, 780.00,776.75,782.18,16799,131.4,1806, 8798, 52.37
FILATEX, EQ, 15-Jul-2021,105.5,105.5,111.75,105.5, 110.50,110.5,109.24,3093200,3378.86,21329, 1216998, 39.34
FILDF2GP, MF, 15-Jul-2021,0.79,0.86,0.86,0.85, 0.86,0.86,0.86,12,0.0,5, 8, 66.67
FINCABLES, EQ, 15-Jul-2021,546.35,546.2,547.0,532.25, 536.50,538.3,537.37,313484,1684.57,12867, 121314, 38.70
FINEORG, EQ, 15-Jul-2021,3013.35,3050.0,3050.0,3000.0, 3011.00,3015.05,3014.19,12451,375.3,4216, 6646, 53.38
FINPIPE, EQ, 15-Jul-2021,179.2,179.2,179.8,177.45, 178.60,178.4,178.43,550238,981.76,19844, 351996, 63.97
FLEXITUFF, BE, 15-Jul-2021,25.15,24.8,24.8,23.9, 24.50,24.05,24.11,7227,1.74,71, -, -
FLFL, EQ, 15-Jul-2021,73.5,77.0,77.0,71.55, 72.50,72.85,73.55,88644,65.2,1241, 42522, 47.97
FLUOROCHEM, EQ, 15-Jul-2021,1409.25,1429.9,1485.0,1429.9, 1469.00,1468.75,1467.55,254290,3731.84,11674, 125039, 49.17
FMGOETZE, EQ, 15-Jul-2021,310.6,311.4,314.25,306.05, 306.60,306.9,308.73,168365,519.79,4933, 100024, 59.41
FMNL, EQ, 15-Jul-2021,18.75,19.55,19.55,18.15, 18.55,18.7,18.97,17760,3.37,129, 11200, 63.06
FOCUS, SM, 15-Jul-2021,46.3,48.5,48.6,47.95, 48.60,48.6,48.4,30000,14.52,10, 21000, 70.00
FORCEMOT, EQ, 15-Jul-2021,1590.15,1595.0,1642.45,1525.3, 1548.00,1550.85,1581.97,401000,6343.71,21802, 59805, 14.91
FORTIS, EQ, 15-Jul-2021,239.3,240.5,242.8,236.6, 238.00,237.95,239.72,2087052,5003.17,19583, 716954, 34.35
FOSECOIND, EQ, 15-Jul-2021,1558.95,1558.05,1592.0,1529.95, 1567.00,1564.9,1565.16,10287,161.01,1270, 4158, 40.42
FRETAIL, EQ, 15-Jul-2021,63.25,63.25,64.55,62.5, 63.50,63.2,63.34,2151183,1362.57,8018, 1142395, 53.11
FSC, BE, 15-Jul-2021,91.9,91.9,93.8,90.55, 91.00,90.95,91.49,24696,22.6,275, -, -
FSL, EQ, 15-Jul-2021,196.85,197.0,208.5,197.0, 205.00,205.3,204.49,11708840,23943.32,86963, 2753514, 23.52
GABRIEL, EQ, 15-Jul-2021,128.05,131.3,134.15,129.0, 130.25,129.5,131.76,1617769,2131.65,14408, 605875, 37.45
GAEL, EQ, 15-Jul-2021,190.6,191.4,193.5,186.55, 187.20,187.55,190.79,482975,921.49,6959, 230251, 47.67
GAIL, EQ, 15-Jul-2021,147.85,148.9,148.9,143.9, 144.20,144.4,145.64,13151905,19153.85,90059, 6154820, 46.80
GAL, BE, 15-Jul-2021,2.5,2.4,2.55,2.4, 2.50,2.5,2.47,371595,9.18,420, -, -
GALAXYSURF, EQ, 15-Jul-2021,3188.25,3214.0,3219.4,3120.65, 3131.95,3132.75,3166.72,28995,918.19,5603, 15306, 52.79
GALLANTT, EQ, 15-Jul-2021,79.5,79.7,81.15,79.2, 79.75,79.6,79.94,96123,76.84,2432, 41380, 43.05
GALLISPAT, EQ, 15-Jul-2021,57.6,58.25,58.6,56.15, 56.50,56.85,57.08,101743,58.07,1737, 57671, 56.68
GAMMNINFRA, EQ, 15-Jul-2021,2.5,2.4,2.4,2.4, 2.40,2.4,2.4,663906,15.93,898, 663906, 100.00
GANDHITUBE, EQ, 15-Jul-2021,451.7,458.0,467.9,455.1, 457.40,457.6,460.35,89370,411.41,4895, 35577, 39.81
GANECOS, EQ, 15-Jul-2021,508.8,517.65,517.65,501.75, 504.00,504.05,506.41,13603,68.89,1007, 8904, 65.46
GANESHHOUC, BE, 15-Jul-2021,120.15,122.0,126.15,122.0, 123.50,124.75,125.64,198735,249.69,835, -, -
GANGAFORGE, EQ, 15-Jul-2021,105.9,106.8,108.4,106.45, 107.60,108.1,107.75,76690,82.64,371, 32236, 42.03
GANGESSECU, EQ, 15-Jul-2021,91.8,92.0,93.85,86.1, 87.10,86.75,88.73,75669,67.14,2085, 42857, 56.64
GARFIBRES, EQ, 15-Jul-2021,3447.4,3478.7,3478.7,3390.9, 3402.00,3398.95,3417.09,10649,363.89,3554, 6286, 59.03
GATI, EQ, 15-Jul-2021,158.2,158.0,162.0,158.0, 159.05,159.05,160.16,808621,1295.06,12880, 207647, 25.68
GAYAHWS, BE, 15-Jul-2021,1.05,1.1,1.1,1.1, 1.10,1.1,1.1,231303,2.54,128, -, -
GAYAPROJ, EQ, 15-Jul-2021,38.75,38.8,39.65,37.0, 37.80,37.8,37.9,8772350,3324.46,31757, 3455847, 39.39
GDL, BE, 15-Jul-2021,285.1,288.0,288.0,282.0, 284.80,283.7,285.81,56365,161.1,1034, -, -
GEECEE, EQ, 15-Jul-2021,162.8,162.75,169.45,162.0, 163.70,163.7,165.54,22449,37.16,619, 13357, 59.50
GEEKAYWIRE, EQ, 15-Jul-2021,90.35,91.4,91.4,88.4, 90.15,89.45,89.79,15604,14.01,259, 11333, 72.63
GENCON, EQ, 15-Jul-2021,52.4,52.5,58.5,52.5, 54.65,54.65,56.3,844454,475.43,6505, 381421, 45.17
GENESYS, EQ, 15-Jul-2021,171.2,179.75,179.75,179.75, 179.75,179.75,179.75,18530,33.31,94, 18530, 100.00
GENUSPAPER, EQ, 15-Jul-2021,13.1,13.2,13.2,12.25, 12.35,12.35,12.56,1114973,140.01,2287, 739144, 66.29
GENUSPOWER, EQ, 15-Jul-2021,72.45,73.0,74.0,70.3, 71.00,71.0,72.58,838685,608.72,6926, 304690, 36.33
GEOJITFSL, EQ, 15-Jul-2021,88.3,88.95,92.25,88.4, 89.30,89.2,90.13,2722455,2453.73,17941, 828500, 30.43
GEPIL, EQ, 15-Jul-2021,336.05,335.2,340.8,331.6, 333.00,333.05,335.33,95261,319.43,3478, 37489, 39.35
GESHIP, EQ, 15-Jul-2021,379.1,391.0,391.0,383.0, 384.50,384.85,386.83,1296219,5014.18,23303, 581114, 44.83
GET&D, EQ, 15-Jul-2021,140.95,141.2,143.1,139.5, 140.05,139.85,141.17,106132,149.83,1704, 51768, 48.78
GFLLIMITED, EQ, 15-Jul-2021,67.4,67.1,68.75,67.1, 67.80,67.75,67.92,188931,128.33,1835, 151389, 80.13
GFSTEELS, BE, 15-Jul-2021,2.8,2.9,2.9,2.9, 2.90,2.9,2.9,1569,0.05,4, -, -
GHCL, EQ, 15-Jul-2021,308.25,309.8,315.7,306.85, 309.25,308.75,311.26,464947,1447.18,8861, 232951, 50.10
GICHSGFIN, EQ, 15-Jul-2021,187.65,189.0,191.0,182.6, 183.00,183.9,187.82,638482,1199.2,7905, 195527, 30.62
GICRE, EQ, 15-Jul-2021,187.35,188.3,188.95,184.15, 184.85,184.8,185.92,533856,992.53,13009, 300378, 56.27
GILLANDERS, EQ, 15-Jul-2021,61.5,60.65,63.3,58.3, 58.30,60.45,61.83,27819,17.2,271, 23615, 84.89
GILLETTE, EQ, 15-Jul-2021,5947.45,5960.0,5985.55,5850.0, 5870.00,5877.4,5891.31,6720,395.9,1986, 3849, 57.28
GINNIFILA, EQ, 15-Jul-2021,36.9,37.9,37.9,35.9, 36.35,36.7,36.82,249881,92.01,1288, 168858, 67.58
GIPCL, EQ, 15-Jul-2021,87.55,88.05,88.45,86.1, 87.00,86.65,87.02,287902,250.54,2913, 157009, 54.54
GIRIRAJ, SM, 15-Jul-2021,87.25,91.6,91.6,91.6, 91.60,91.6,91.6,1200,1.1,1, 1200, 100.00
GKWLIMITED, EQ, 15-Jul-2021,715.8,794.0,854.9,750.0, 808.00,796.0,822.83,112760,927.83,10148, 20455, 18.14
GLAND, EQ, 15-Jul-2021,3830.85,3880.0,3908.0,3721.05, 3760.00,3742.6,3806.44,197863,7531.53,23036, 95122, 48.07
GLAXO, EQ, 15-Jul-2021,1542.15,1549.0,1555.0,1520.15, 1549.90,1546.55,1545.36,40835,631.05,4915, 21764, 53.30
GLENMARK, EQ, 15-Jul-2021,664.25,662.55,665.9,654.5, 655.85,655.85,658.76,662530,4364.45,16706, 150801, 22.76
GLOBAL, EQ, 15-Jul-2021,49.85,51.0,51.0,49.1, 50.00,49.7,49.86,10530,5.25,140, 6246, 59.32
GLOBALVECT, EQ, 15-Jul-2021,55.7,56.85,61.25,56.2, 60.30,60.8,59.94,484420,290.36,2681, 218224, 45.05
GLOBE, BE, 15-Jul-2021,194.3,185.0,185.0,184.6, 184.60,184.6,184.69,2620,4.84,89, -, -
GLOBUSSPR, BE, 15-Jul-2021,692.4,692.4,700.0,680.0, 685.00,684.75,688.4,42070,289.61,1783, -, -
GMBREW, EQ, 15-Jul-2021,592.4,595.0,604.85,592.0, 593.55,594.15,597.98,22703,135.76,1892, 11761, 51.80
GMDCLTD, EQ, 15-Jul-2021,68.7,68.7,68.9,67.8, 67.85,67.95,68.35,488533,333.9,3713, 310734, 63.61
GMMPFAUDLR, EQ, 15-Jul-2021,4706.45,4707.0,4757.5,4652.0, 4680.50,4686.55,4708.83,20226,952.41,4649, 9522, 47.08
GMRINFRA, EQ, 15-Jul-2021,31.1,31.1,31.2,30.65, 31.00,30.85,30.89,11535436,3563.71,23816, 2271427, 19.69
GNA, EQ, 15-Jul-2021,498.05,504.15,549.6,496.0, 546.00,543.5,530.65,1154466,6126.17,35221, 314522, 27.24
GNFC, EQ, 15-Jul-2021,358.8,360.1,360.8,355.25, 355.50,355.9,357.25,360484,1287.84,10453, 208474, 57.83
GOACARBON, BE, 15-Jul-2021,401.8,401.8,404.0,388.0, 394.15,396.3,397.33,12682,50.39,504, -, -
GOCLCORP, EQ, 15-Jul-2021,269.85,276.0,276.0,269.1, 269.90,270.2,271.31,19731,53.53,1163, 11784, 59.72
GODFRYPHLP, EQ, 15-Jul-2021,1055.9,1064.0,1077.0,1055.0, 1059.05,1059.35,1065.68,82035,874.23,5347, 37640, 45.88
GODHA, BE, 15-Jul-2021,40.9,40.9,42.9,40.9, 42.75,42.75,42.75,6457,2.76,27, -, -
GODREJAGRO, EQ, 15-Jul-2021,660.5,665.8,665.8,654.55, 660.00,660.95,660.67,245435,1621.51,8586, 70358, 28.67
GODREJCP, EQ, 15-Jul-2021,940.15,945.0,949.95,941.0, 948.05,948.3,946.17,429946,4068.02,22020, 218619, 50.85
GODREJIND, EQ, 15-Jul-2021,556.95,553.3,562.75,553.0, 560.00,557.75,559.17,232000,1297.28,5029, 142609, 61.47
GODREJPROP, EQ, 15-Jul-2021,1501.25,1508.75,1559.5,1495.05, 1556.30,1553.8,1531.63,1290880,19771.56,55644, 422886, 32.76
GOENKA, BZ, 15-Jul-2021,1.35,1.35,1.35,1.3, 1.35,1.35,1.32,572260,7.54,106, -, -
GOKEX, EQ, 15-Jul-2021,219.1,224.1,226.0,208.15, 208.15,208.15,214.01,1184521,2535.0,10878, 726361, 61.32
GOKUL, EQ, 15-Jul-2021,32.2,32.65,33.3,31.5, 31.80,31.65,32.19,142361,45.82,851, 104414, 73.34
GOKULAGRO, EQ, 15-Jul-2021,43.55,44.2,44.2,41.5, 42.10,41.9,42.4,224219,95.08,2113, 152840, 68.17
GOLDBEES, EQ, 15-Jul-2021,41.64,41.97,42.0,41.72, 41.98,41.98,41.93,3478484,1458.4,18735, 2533920, 72.85
GOLDENTOBC, BE, 15-Jul-2021,47.75,46.55,47.75,46.55, 46.70,46.75,46.95,2370,1.11,24, -, -
GOLDIAM, EQ, 15-Jul-2021,562.45,564.45,575.3,553.35, 560.65,560.7,567.67,114499,649.98,3698, 60431, 52.78
GOLDSHARE, EQ, 15-Jul-2021,41.65,41.95,42.1,41.75, 42.10,42.05,41.95,134710,56.51,444, 125123, 92.88
GOLDTECH, EQ, 15-Jul-2021,13.0,13.0,13.1,12.6, 12.85,12.8,12.8,51559,6.6,242, 29402, 57.03
GOODLUCK, EQ, 15-Jul-2021,156.9,156.0,168.4,153.45, 161.00,161.6,161.32,1900020,3065.03,22499, 500579, 26.35
GOODYEAR, EQ, 15-Jul-2021,1279.55,1298.0,1329.8,1286.6, 1311.00,1304.7,1312.76,155213,2037.58,12199, 56862, 36.63
GPIL, BE, 15-Jul-2021,1403.1,1411.0,1420.0,1380.0, 1404.95,1402.05,1399.7,33695,471.63,1299, -, -
GPPL, EQ, 15-Jul-2021,109.4,110.55,110.7,108.8, 109.25,109.3,109.81,2024397,2223.05,14394, 576767, 28.49
GPTINFRA, EQ, 15-Jul-2021,83.7,85.0,94.9,83.7, 94.70,93.7,90.69,1053971,955.87,7411, 404559, 38.38
GRANULES, EQ, 15-Jul-2021,372.0,373.0,379.0,369.0, 370.45,370.05,374.05,4089594,15297.04,47643, 1828418, 44.71
GRAPHITE, EQ, 15-Jul-2021,639.8,643.0,674.0,642.45, 669.35,671.15,665.23,2624456,17458.65,77019, 1082820, 41.26
GRASIM, EQ, 15-Jul-2021,1567.8,1568.0,1579.75,1553.15, 1554.60,1557.25,1562.37,907912,14184.94,32420, 423878, 46.69
GRAVITA, EQ, 15-Jul-2021,176.2,177.5,177.8,171.5, 173.10,172.35,173.82,568865,988.78,9402, 273004, 47.99
GREAVESCOT, EQ, 15-Jul-2021,176.65,176.8,177.5,171.2, 172.30,172.05,173.41,2513777,4359.04,26209, 920057, 36.60
GREENLAM, EQ, 15-Jul-2021,1347.95,1349.9,1363.95,1310.0, 1310.00,1315.75,1327.6,2871,38.12,637, 1579, 55.00
GREENPANEL, BE, 15-Jul-2021,248.45,252.0,252.2,242.15, 246.75,245.35,246.75,61888,152.71,961, -, -
GREENPLY, EQ, 15-Jul-2021,201.6,202.95,202.95,199.05, 200.00,199.7,200.61,184069,369.26,5497, 115021, 62.49
GREENPOWER, EQ, 15-Jul-2021,3.45,3.6,3.6,3.6, 3.60,3.6,3.6,2746007,98.86,994, 2745975, 100.00
GRINDWELL, EQ, 15-Jul-2021,1349.05,1357.75,1364.85,1311.55, 1316.25,1320.9,1330.36,64015,851.63,7022, 31481, 49.18
GROBTEA, EQ, 15-Jul-2021,1235.25,1236.05,1248.0,1173.5, 1173.50,1178.25,1197.06,1053,12.6,141, 824, 78.25
GRPLTD, EQ, 15-Jul-2021,981.25,979.3,996.0,970.0, 989.55,989.7,984.89,1856,18.28,136, 1470, 79.20
GRSE, EQ, 15-Jul-2021,205.55,209.0,209.0,200.55, 200.80,200.9,203.23,426610,866.98,8723, 256617, 60.15
GSCLCEMENT, EQ, 15-Jul-2021,52.1,52.4,52.45,51.0, 51.50,51.2,51.74,269909,139.66,2641, 168267, 62.34
GSFC, EQ, 15-Jul-2021,112.55,113.0,117.6,111.5, 114.50,114.65,115.1,2756143,3172.27,20024, 1246724, 45.23
GSPL, EQ, 15-Jul-2021,322.5,322.0,327.5,317.9, 318.80,320.55,323.51,357130,1155.35,12469, 187966, 52.63
GSS, EQ, 15-Jul-2021,69.85,70.5,78.75,70.5, 74.00,73.3,75.01,1075737,806.93,12789, 424818, 39.49
GTL, EQ, 15-Jul-2021,24.1,25.1,25.1,22.9, 22.90,23.0,23.91,1350121,322.77,4378, 734083, 54.37
GTLINFRA, EQ, 15-Jul-2021,2.8,2.9,2.9,2.9, 2.90,2.9,2.9,2498930,72.47,650, 2498930, 100.00
GTPL, EQ, 15-Jul-2021,204.2,206.7,206.7,198.45, 199.75,200.6,203.19,283727,576.49,6192, 152247, 53.66
GUFICBIO, EQ, 15-Jul-2021,183.2,184.3,188.0,183.0, 183.00,183.3,184.82,119320,220.52,3426, 71690, 60.08
GUJALKALI, EQ, 15-Jul-2021,464.35,465.8,472.9,462.05, 465.90,465.2,466.05,488720,2277.69,10890, 173959, 35.59
GUJAPOLLO, EQ, 15-Jul-2021,224.9,227.0,227.95,224.25, 225.85,225.15,225.8,17900,40.42,508, 10229, 57.15
GUJGASLTD, EQ, 15-Jul-2021,682.5,685.45,686.5,674.1, 679.80,677.8,679.76,654809,4451.15,23869, 215671, 32.94
GUJRAFFIA, BE, 15-Jul-2021,58.35,55.45,55.45,55.45, 55.45,55.45,55.45,2393,1.33,36, -, -
GULFOILLUB, EQ, 15-Jul-2021,669.9,672.0,681.65,668.0, 671.40,669.0,672.27,60968,409.87,4225, 34976, 57.37
GULFPETRO, EQ, 15-Jul-2021,69.6,70.5,74.0,68.5, 69.10,69.4,70.72,746405,527.83,5605, 276732, 37.08
GULPOLY, BE, 15-Jul-2021,220.2,230.0,231.2,228.0, 231.20,231.2,230.86,32159,74.24,234, -, -
HAL, EQ, 15-Jul-2021,1106.7,1113.8,1118.45,1090.0, 1091.75,1095.35,1103.14,186872,2061.47,11224, 102436, 54.82
HAPPSTMNDS, EQ, 15-Jul-2021,1308.5,1319.9,1504.9,1318.0, 1488.00,1476.75,1422.53,10410917,148098.83,387647, 1349277, 12.96
HARRMALAYA, EQ, 15-Jul-2021,226.05,226.0,229.1,220.05, 220.05,221.3,224.58,195474,439.0,6094, 72474, 37.08
HATHWAY, EQ, 15-Jul-2021,27.55,27.65,27.85,27.0, 27.20,27.05,27.35,5250926,1436.15,7801, 2307912, 43.95
HATSUN, EQ, 15-Jul-2021,994.9,989.9,989.9,965.95, 986.00,982.0,976.06,166116,1621.39,11826, 38423, 23.13
HAVELLS, EQ, 15-Jul-2021,1022.7,1027.0,1049.9,1023.0, 1040.25,1039.85,1041.13,1205440,12550.2,50390, 581046, 48.20
HAVISHA, BE, 15-Jul-2021,2.1,2.0,2.0,2.0, 2.00,2.0,2.0,8655,0.17,12, -, -
HBANKETF, EQ, 15-Jul-2021,355.38,352.0,358.0,352.0, 357.25,357.43,357.23,1038,3.71,90, 974, 93.83
HBLPOWER, EQ, 15-Jul-2021,54.05,54.0,54.5,49.7, 50.90,50.4,51.9,1587181,823.68,9951, 914366, 57.61
HBSL, EQ, 15-Jul-2021,28.45,29.85,29.85,29.85, 29.85,29.85,29.85,1338,0.4,33, 1338, 100.00
HCC, EQ, 15-Jul-2021,14.15,14.25,14.25,13.5, 13.60,13.55,13.76,5660874,779.0,5998, 3447343, 60.90
HCG, EQ, 15-Jul-2021,243.15,245.05,246.25,237.1, 238.95,238.75,241.33,160240,386.71,6896, 80302, 50.11
HCL-INSYS, EQ, 15-Jul-2021,16.7,17.0,17.0,16.55, 16.65,16.65,16.75,633963,106.17,2277, 406858, 64.18
HCLTECH, EQ, 15-Jul-2021,989.45,993.0,1052.5,990.8, 1039.05,1039.75,1030.77,12701032,130918.96,270612, 4266287, 33.59
HDFC, EQ, 15-Jul-2021,2531.1,2539.0,2555.0,2516.0, 2540.90,2540.1,2537.56,3272479,83041.15,97346, 2561966, 78.29
HDFC, W3, 15-Jul-2021,740.05,725.2,751.9,725.2, 735.00,732.65,740.61,42000,311.05,58, 29400, 70.00
HDFCAMC, EQ, 15-Jul-2021,2957.05,2965.0,3097.0,2952.0, 3095.30,3086.15,3048.74,829147,25278.55,57771, 242912, 29.30
HDFCBANK, EQ, 15-Jul-2021,1499.15,1505.0,1526.75,1499.65, 1521.00,1520.7,1518.05,5219401,79233.05,192039, 2898079, 55.53
HDFCLIFE, EQ, 15-Jul-2021,688.5,690.0,699.5,688.1, 693.15,693.65,695.32,2774718,19293.18,95044, 1572516, 56.67
HDFCMFGETF, EQ, 15-Jul-2021,42.7,43.29,43.29,42.81, 43.00,43.03,42.96,408126,175.35,1009, 346003, 84.78
HDFCNIFETF, EQ, 15-Jul-2021,168.85,172.9,172.9,168.5, 169.13,169.16,169.6,13210,22.4,370, 10455, 79.14
HDFCSENETF, EQ, 15-Jul-2021,564.7,569.9,569.9,562.95, 565.00,565.32,566.7,1411,8.0,116, 1107, 78.45
HDIL, BZ, 15-Jul-2021,5.85,5.95,5.95,5.7, 5.85,5.8,5.77,348371,20.12,909, -, -
HEG, EQ, 15-Jul-2021,2225.25,2230.0,2325.0,2227.65, 2253.90,2261.25,2278.25,371844,8471.54,28859, 108194, 29.10
HEIDELBERG, EQ, 15-Jul-2021,263.9,264.2,267.0,264.05, 264.65,264.75,265.39,190257,504.92,4005, 91466, 48.07
HEMIPROP, EQ, 15-Jul-2021,150.45,156.0,156.0,149.15, 152.45,153.25,152.38,1274133,1941.51,10746, 542786, 42.60
HERANBA, EQ, 15-Jul-2021,716.3,719.0,725.0,713.15, 715.00,716.1,720.12,78192,563.07,3834, 47435, 60.66
HERCULES, EQ, 15-Jul-2021,169.05,170.6,175.0,166.1, 169.00,169.0,171.28,336337,576.07,9155, 110223, 32.77
HERITGFOOD, EQ, 15-Jul-2021,490.9,495.0,514.3,488.0, 490.85,490.95,498.56,176071,877.81,7711, 62058, 35.25
HEROMOTOCO, EQ, 15-Jul-2021,2900.7,2910.0,2913.4,2882.05, 2888.00,2884.65,2890.08,349469,10099.94,37822, 199246, 57.01
HESTERBIO, EQ, 15-Jul-2021,2483.55,2573.95,2609.95,2501.0, 2503.00,2516.3,2555.96,31268,799.2,4680, 8229, 26.32
HEXATRADEX, EQ, 15-Jul-2021,150.75,143.25,150.45,143.25, 143.25,143.25,143.61,105891,152.07,439, 79294, 74.88
HFCL, BE, 15-Jul-2021,82.55,82.05,82.55,78.45, 78.45,78.45,78.84,6491648,5117.79,31462, -, -
HGINFRA, EQ, 15-Jul-2021,487.45,490.3,499.9,482.95, 490.80,490.4,493.01,256834,1266.2,8236, 81773, 31.84
HGS, BE, 15-Jul-2021,2818.65,2959.55,2959.55,2959.55, 2959.55,2959.55,2959.55,11660,345.08,332, -, -
HIKAL, EQ, 15-Jul-2021,518.5,522.0,529.95,512.0, 515.80,516.65,520.98,182819,952.46,6770, 98474, 53.86
HIL, EQ, 15-Jul-2021,4347.95,4350.0,4425.0,4320.0, 4374.00,4351.6,4345.75,9422,409.46,1543, 6455, 68.51
HILTON, BE, 15-Jul-2021,11.85,11.65,12.1,11.65, 11.70,11.7,11.97,15033,1.8,35, -, -
HIMATSEIDE, EQ, 15-Jul-2021,218.45,222.0,239.0,219.0, 231.00,227.95,230.78,2008283,4634.78,34621, 1018819, 50.73
HINDALCO, EQ, 15-Jul-2021,391.65,391.8,402.9,390.0, 401.35,401.45,397.98,10347950,41182.36,99053, 3444834, 33.29
HINDCOMPOS, EQ, 15-Jul-2021,339.8,337.1,345.0,332.0, 334.25,334.6,338.99,16103,54.59,1682, 7802, 48.45
HINDCON, EQ, 15-Jul-2021,58.5,59.9,61.4,57.05, 61.40,61.3,60.6,180745,109.53,1159, 126065, 69.75
HINDCOPPER, EQ, 15-Jul-2021,143.15,143.95,145.45,142.5, 143.40,143.45,143.82,1782024,2562.98,13155, 590391, 33.13
HINDMOTORS, EQ, 15-Jul-2021,8.55,8.6,8.65,8.35, 8.45,8.45,8.51,174919,14.88,467, 124847, 71.37
HINDNATGLS, BE, 15-Jul-2021,49.55,49.9,50.4,48.0, 48.55,48.6,48.53,46170,22.41,159, -, -
HINDOILEXP, EQ, 15-Jul-2021,116.85,116.4,117.45,114.4, 114.50,114.7,115.7,433692,501.79,4974, 238165, 54.92
HINDPETRO, EQ, 15-Jul-2021,270.1,270.8,271.6,266.15, 267.10,267.1,267.97,2942535,7885.05,43718, 1459582, 49.60
HINDUNILVR, EQ, 15-Jul-2021,2414.85,2425.0,2425.0,2401.0, 2411.95,2412.35,2409.5,693792,16716.92,81344, 430459, 62.04
HINDZINC, EQ, 15-Jul-2021,335.2,335.2,350.9,335.0, 346.50,347.2,345.91,2841884,9830.29,33979, 863567, 30.39
HIRECT, EQ, 15-Jul-2021,167.5,169.8,172.7,168.0, 169.00,168.75,170.64,68766,117.34,1598, 42944, 62.45
HISARMETAL, EQ, 15-Jul-2021,138.55,139.75,141.9,135.35, 138.00,137.9,138.54,53189,73.69,2027, 23035, 43.31
HITECH, EQ, 15-Jul-2021,506.75,513.9,513.9,501.0, 503.00,506.7,505.12,66942,338.14,1567, 16061, 23.99
HITECHCORP, EQ, 15-Jul-2021,234.5,236.4,237.0,230.0, 232.00,232.35,233.46,8767,20.47,256, 7087, 80.84
HITECHGEAR, EQ, 15-Jul-2021,309.75,315.0,317.0,310.05, 311.20,312.65,314.0,14725,46.24,1297, 8504, 57.75
HLEGLAS, EQ, 15-Jul-2021,3502.95,3539.0,3569.55,3434.45, 3484.50,3471.0,3496.37,4768,166.71,1369, 3207, 67.26
HLVLTD, EQ, 15-Jul-2021,10.4,10.35,10.65,10.25, 10.40,10.4,10.46,219594,22.98,502, 137222, 62.49
HMT, BZ, 15-Jul-2021,35.7,35.9,36.8,34.8, 35.20,36.25,35.65,18730,6.68,102, -, -
HMVL, EQ, 15-Jul-2021,90.25,91.9,91.9,88.65, 89.15,89.0,89.78,242393,217.61,2468, 177331, 73.16
HNDFDS, BE, 15-Jul-2021,2006.8,2015.0,2024.0,1975.0, 1999.00,1991.3,1991.09,5730,114.09,1543, -, -
HNGSNGBEES, EQ, 15-Jul-2021,354.0,354.0,354.0,352.0, 354.00,352.87,353.42,1153,4.07,102, 1087, 94.28
HOMEFIRST, EQ, 15-Jul-2021,591.1,595.0,603.65,578.0, 580.00,581.85,590.48,158925,938.41,9718, 52955, 33.32
HONAUT, EQ, 15-Jul-2021,44196.15,44196.15,44400.0,43001.1, 44011.25,44069.1,43632.58,6532,2850.08,3350, 3305, 50.60
HONDAPOWER, EQ, 15-Jul-2021,1228.4,1225.0,1237.8,1218.0, 1231.70,1228.15,1232.22,8343,102.8,851, 4365, 52.32
HOTELRUGBY, BE, 15-Jul-2021,3.0,3.1,3.15,3.1, 3.15,3.15,3.14,7213,0.23,8, -, -
HOVS, EQ, 15-Jul-2021,61.65,63.9,64.7,63.05, 64.70,64.7,64.57,25377,16.39,201, 22523, 88.75
HPL, EQ, 15-Jul-2021,85.6,85.95,86.7,81.35, 81.50,81.35,82.43,531546,438.13,4742, 355363, 66.85
HSCL, EQ, 15-Jul-2021,56.05,56.4,56.65,55.0, 55.05,55.2,55.74,4067388,2266.98,15086, 1443810, 35.50
HSIL, EQ, 15-Jul-2021,251.75,250.0,255.0,248.5, 252.00,252.4,252.35,121590,306.83,3636, 57137, 46.99
HTMEDIA, EQ, 15-Jul-2021,26.75,26.95,27.05,26.45, 26.50,26.5,26.68,165181,44.07,1759, 130547, 79.03
HUBTOWN, BE, 15-Jul-2021,27.35,28.2,28.2,26.25, 26.50,26.85,27.02,76379,20.64,207, -, -
HUDCO, EQ, 15-Jul-2021,52.75,52.75,54.45,52.65, 52.95,53.0,53.45,3812549,2037.71,12849, 1093513, 28.68
HUDCO, N2, 15-Jul-2021,1217.5,1218.0,1219.9,1217.0, 1219.90,1218.4,1217.73,640,7.79,11, 640, 100.00
HUDCO, N3, 15-Jul-2021,1053.69,1053.4,1053.4,1052.5, 1053.00,1053.0,1052.69,5650,59.48,17, 5600, 99.12
HUDCO, N4, 15-Jul-2021,1068.9,1068.7,1068.7,1068.65, 1068.65,1068.67,1068.68,60,0.64,2, 30, 50.00
HUDCO, N5, 15-Jul-2021,1186.3,1199.0,1200.0,1199.0, 1200.00,1199.8,1199.81,1000,12.0,3, 1000, 100.00
HUDCO, N8, 15-Jul-2021,1240.0,1239.0,1239.0,1239.0, 1239.00,1239.0,1239.0,12,0.15,1, 12, 100.00
HUDCO, N9, 15-Jul-2021,1255.72,1260.0,1260.0,1260.0, 1260.00,1260.0,1260.0,100,1.26,2, 100, 100.00
HUDCO, ND, 15-Jul-2021,1299.95,1310.0,1317.0,1301.0, 1302.25,1302.25,1304.4,930,12.13,27, 740, 79.57
HUDCO, NE, 15-Jul-2021,1449.09,1460.0,1460.0,1449.1, 1450.00,1450.0,1451.18,721,10.46,9, 720, 99.86
HUHTAMAKI, EQ, 15-Jul-2021,309.6,311.4,321.0,309.6, 314.00,315.6,316.45,354263,1121.05,9046, 153092, 43.21
IBMFNIFTY, EQ, 15-Jul-2021,157.09,161.8,161.8,156.95, 157.11,157.11,157.59,988,1.56,66, 775, 78.44
IBREALEST, EQ, 15-Jul-2021,132.2,133.0,142.4,132.05, 140.65,141.0,137.55,30725892,42264.35,113435, 6187191, 20.14
IBUCCREDIT, N6, 15-Jul-2021,1062.8,1065.0,1065.0,1065.0, 1065.00,1065.0,1065.0,100,1.07,3, 100, 100.00
IBUCCREDIT, N7, 15-Jul-2021,950.0,925.0,950.0,925.0, 950.00,950.0,932.94,293,2.73,8, 200, 68.26
IBUCCREDIT, N9, 15-Jul-2021,1001.0,1001.0,1001.0,1001.0, 1001.00,1001.0,1001.0,20,0.2,1, 20, 100.00
IBUCCREDIT, NB, 15-Jul-2021,909.2,917.8,917.8,917.8, 917.80,917.8,917.8,22,0.2,1, 22, 100.00
IBUCCREDIT, ND, 15-Jul-2021,965.8,1095.0,1095.0,1095.0, 1095.00,1095.0,1095.0,50,0.55,2, 50, 100.00
IBULHSGFIN, EQ, 15-Jul-2021,270.45,271.1,272.0,265.05, 265.80,266.1,267.92,8093199,21683.52,64891, 1950773, 24.10
IBULHSGFIN, NA, 15-Jul-2021,995.0,995.0,995.0,995.0, 995.00,995.0,995.0,85,0.85,4, 85, 100.00
IBULHSGFIN, NE, 15-Jul-2021,1000.0,1001.0,1001.0,1001.0, 1001.00,1001.0,1001.0,281,2.81,4, 281, 100.00
ICDSLTD, BE, 15-Jul-2021,22.95,24.05,24.05,24.05, 24.05,24.05,24.05,108,0.03,1, -, -
ICEMAKE, EQ, 15-Jul-2021,86.1,87.1,87.95,84.6, 85.35,85.15,86.18,14315,12.34,463, 9991, 69.79
ICICI500, EQ, 15-Jul-2021,225.1,226.98,226.98,222.95, 224.87,224.42,224.8,5339,12.0,171, 5040, 94.40
ICICIALPLV, EQ, 15-Jul-2021,160.79,169.7,185.0,160.51, 161.50,161.17,164.33,5539,9.1,226, 3979, 71.84
ICICIB22, EQ, 15-Jul-2021,40.37,40.25,40.55,40.25, 40.44,40.42,40.47,549697,222.46,2067, 513019, 93.33
ICICIBANK, EQ, 15-Jul-2021,664.35,665.1,669.6,661.1, 665.40,667.45,666.94,8244429,54985.66,149702, 4915671, 59.62
ICICIBANKN, EQ, 15-Jul-2021,354.65,362.6,362.6,355.13, 358.00,357.78,357.68,25181,90.07,192, 24220, 96.18
ICICIBANKP, EQ, 15-Jul-2021,184.99,184.99,186.45,183.5, 185.20,185.35,185.11,17720,32.8,125, 14068, 79.39
ICICIGI, EQ, 15-Jul-2021,1531.65,1538.4,1552.95,1535.5, 1548.50,1547.95,1545.57,200824,3103.88,16258, 81353, 40.51
ICICIGOLD, EQ, 15-Jul-2021,42.58,42.51,42.99,42.51, 42.93,42.89,42.87,266196,114.11,1306, 244819, 91.97
ICICILIQ, EQ, 15-Jul-2021,999.99,1000.0,1000.0,999.99, 1000.00,999.99,1000.0,36189,361.89,232, 35173, 97.19
ICICILOVOL, EQ, 15-Jul-2021,129.67,130.7,132.22,128.18, 130.89,131.07,131.14,213914,280.52,1120, 202943, 94.87
ICICIM150, EQ, 15-Jul-2021,105.68,106.6,107.38,105.1, 106.00,105.98,106.1,13019,13.81,346, 6776, 52.05
ICICIMCAP, EQ, 15-Jul-2021,96.03,97.45,97.45,95.1, 95.99,95.94,96.01,9055,8.69,183, 7930, 87.58
ICICINF100, EQ, 15-Jul-2021,173.8,174.52,175.2,172.12, 174.40,175.16,174.55,3612,6.3,267, 2439, 67.52
ICICINIFTY, EQ, 15-Jul-2021,169.52,169.56,170.95,168.0, 170.40,170.29,170.24,95823,163.13,3719, 74833, 78.10
ICICINV20, EQ, 15-Jul-2021,85.36,85.52,86.3,84.0, 86.02,85.89,85.91,22904,19.68,1143, 14625, 63.85
ICICINXT50, EQ, 15-Jul-2021,39.7,39.99,39.99,39.7, 39.80,39.78,39.79,23388,9.31,613, 19298, 82.51
ICICIPHARM, EQ, 15-Jul-2021,88.89,88.61,89.6,88.61, 89.10,88.92,89.15,5079,4.53,127, 3777, 74.37
ICICIPRULI, EQ, 15-Jul-2021,632.05,634.0,634.8,620.8, 623.00,622.65,626.94,867416,5438.21,22298, 445647, 51.38
ICICISENSX, EQ, 15-Jul-2021,574.26,574.0,576.0,568.02, 576.00,575.22,575.15,753,4.33,96, 703, 93.36
ICICITECH, EQ, 15-Jul-2021,295.8,297.6,302.09,291.55, 300.89,300.89,298.42,191745,572.21,325, 183789, 95.85
ICIL, EQ, 15-Jul-2021,206.45,207.0,208.45,198.1, 198.65,199.35,203.18,869340,1766.32,16790, 438690, 50.46
ICRA, EQ, 15-Jul-2021,3644.65,3686.6,3686.6,3553.0, 3570.00,3568.3,3606.27,5380,194.02,1324, 3401, 63.22
IDBI, EQ, 15-Jul-2021,38.2,38.2,38.4,37.85, 37.95,37.95,38.15,4059931,1548.75,9318, 1867276, 45.99
IDBIGOLD, EQ, 15-Jul-2021,4416.0,4418.3,4460.0,4418.3, 4457.00,4457.4,4451.22,195,8.68,28, 193, 98.97
IDEA, EQ, 15-Jul-2021,8.8,8.85,9.0,8.75, 8.75,8.75,8.82,68310928,6024.37,142249, 30804077, 45.09
IDFC, EQ, 15-Jul-2021,55.35,55.5,55.65,52.8, 54.25,53.5,54.22,5571080,3020.43,12676, 3254578, 58.42
IDFCFIRSTB, EQ, 15-Jul-2021,53.8,53.9,53.95,53.3, 53.45,53.4,53.48,17801340,9520.96,44063, 7701052, 43.26
IDFCFIRSTB, NA, 15-Jul-2021,11436.0,11436.0,11436.0,11436.0, 11436.00,11436.0,11436.0,2,0.23,1, 2, 100.00
IDFCFIRSTB, NB, 15-Jul-2021,5152.0,5140.0,5170.0,5140.0, 5170.00,5170.0,5169.28,166,8.58,8, 166, 100.00
IDFCFIRSTB, NC, 15-Jul-2021,10910.0,10910.0,10910.0,10901.0, 10902.00,10902.0,10904.33,12,1.31,3, 12, 100.00
IDFCFIRSTB, ND, 15-Jul-2021,5140.0,5120.07,5150.0,5120.07, 5150.00,5150.0,5130.05,6,0.31,3, 4, 66.67
IDFCFIRSTB, NE, 15-Jul-2021,10950.0,11500.0,11500.0,10950.0, 10950.00,10950.0,11225.0,2,0.22,2, 1, 50.00
IDFNIFTYET, EQ, 15-Jul-2021,166.34,169.7,169.7,166.02, 166.84,166.88,166.72,32,0.05,10, 26, 81.25
IEX, EQ, 15-Jul-2021,414.05,417.4,421.9,406.25, 409.90,409.4,414.89,4214589,17485.73,76801, 2069690, 49.11
IFBAGRO, EQ, 15-Jul-2021,614.45,610.0,615.0,591.9, 595.00,596.05,601.67,29503,177.51,2507, 17209, 58.33
IFBIND, EQ, 15-Jul-2021,1050.15,1060.0,1060.0,1041.0, 1042.00,1042.0,1048.84,14237,149.32,1782, 6414, 45.05
IFCI, EQ, 15-Jul-2021,14.2,14.3,14.5,13.75, 13.85,13.9,14.13,3529608,498.71,8802, 2137699, 60.56
IFCI, NF, 15-Jul-2021,1065.0,1065.0,1065.0,1065.0, 1065.00,1065.0,1065.0,340,3.62,5, 340, 100.00
IFCI, NH, 15-Jul-2021,1091.0,1092.0,1094.01,1089.0, 1089.00,1089.02,1091.05,2991,32.63,24, 2991, 100.00
IFCI, NL, 15-Jul-2021,1060.0,1060.0,1060.0,1060.0, 1060.00,1060.0,1060.0,75,0.8,1, 75, 100.00
IFGLEXPOR, EQ, 15-Jul-2021,407.25,411.15,426.3,406.5, 410.80,407.7,414.08,34529,142.98,2585, 18078, 52.36
IGARASHI, EQ, 15-Jul-2021,542.45,546.0,562.8,542.55, 545.85,547.65,550.44,200460,1103.41,7747, 81762, 40.79
IGL, EQ, 15-Jul-2021,560.25,563.0,565.45,557.35, 559.75,560.2,561.56,1369642,7691.42,24108, 710328, 51.86
IGPL, EQ, 15-Jul-2021,681.95,679.0,693.5,676.45, 682.00,682.65,684.54,56300,385.4,5484, 30814, 54.73
IIFCL, N2, 15-Jul-2021,1235.0,1139.5,1139.5,1125.1, 1139.50,1139.46,1139.42,1761,20.07,12, 1761, 100.00
IIFCL, N4, 15-Jul-2021,1406.0,1406.28,1425.98,1406.0, 1420.00,1420.0,1416.11,3426,48.52,41, 2460, 71.80
IIFL, BE, 15-Jul-2021,270.4,274.5,274.95,264.5, 269.40,267.95,269.9,198067,534.58,3571, -, -
IIFL, N2, 15-Jul-2021,1040.0,1042.25,1042.25,1042.25, 1042.25,1042.25,1042.25,100,1.04,2, 100, 100.00
IIFL, N4, 15-Jul-2021,1023.16,1025.0,1028.75,1023.0, 1027.00,1026.56,1026.47,524,5.38,20, 424, 80.92
IIFL, N5, 15-Jul-2021,1057.7,1058.25,1088.0,1058.25, 1060.00,1060.0,1063.79,30,0.32,6, 25, 83.33
IIFL, N7, 15-Jul-2021,1045.0,1050.0,1050.0,1030.0, 1030.00,1030.0,1030.49,205,2.11,14, 205, 100.00
IIFL, N9, 15-Jul-2021,1001.02,1000.0,1000.0,1000.0, 1000.00,1000.0,1000.0,1,0.01,1, 1, 100.00
IIFL, NB, 15-Jul-2021,1031.9,1032.7,1032.7,1032.7, 1032.70,1032.7,1032.7,5,0.05,1, 5, 100.00
IIFL, NE, 15-Jul-2021,994.98,999.99,999.99,987.05, 987.05,994.11,994.24,818,8.13,16, 818, 100.00
IIFL, NF, 15-Jul-2021,995.0,995.0,999.99,993.7, 995.15,995.4,995.41,3103,30.89,61, 2946, 94.94
IIFL, NG, 15-Jul-2021,990.0,993.0,993.0,991.5, 991.50,991.5,992.26,243,2.41,4, 243, 100.00
IIFLSEC, EQ, 15-Jul-2021,111.05,111.9,117.0,111.5, 113.60,113.85,114.94,4853348,5578.31,28216, 1645662, 33.91
IIFLWAM, EQ, 15-Jul-2021,1272.95,1285.0,1308.0,1266.0, 1284.90,1282.9,1295.67,91997,1191.97,4314, 75480, 82.05
IITL, EQ, 15-Jul-2021,69.0,71.45,71.45,68.05, 69.75,69.35,69.63,4109,2.86,112, 2836, 69.02
IL&FSENGG, BZ, 15-Jul-2021,5.65,5.8,5.9,5.6, 5.90,5.9,5.87,72582,4.26,160, -, -
IL&FSTRANS, BZ, 15-Jul-2021,5.1,5.35,5.35,5.35, 5.35,5.35,5.35,23490,1.26,41, -, -
IMAGICAA, BE, 15-Jul-2021,7.95,8.15,8.3,7.7, 8.10,8.15,8.19,297774,24.39,274, -, -
IMFA, EQ, 15-Jul-2021,642.15,647.9,669.35,632.45, 635.25,638.85,645.47,108667,701.42,6148, 57552, 52.96
IMPAL, EQ, 15-Jul-2021,774.4,777.75,779.5,760.5, 769.50,770.5,772.68,3766,29.1,291, 2805, 74.48
INCREDIBLE, EQ, 15-Jul-2021,38.0,38.1,38.5,36.6, 37.30,37.2,37.46,48954,18.34,659, 33875, 69.20
INDBANK, EQ, 15-Jul-2021,33.95,34.7,37.3,32.7, 35.95,36.25,35.9,2939667,1055.24,11323, 983078, 33.44
INDHOTEL, EQ, 15-Jul-2021,148.8,149.85,151.45,149.0, 150.00,149.9,150.55,2374009,3573.97,15122, 1025234, 43.19
INDIACEM, EQ, 15-Jul-2021,193.0,193.7,194.9,191.6, 192.40,192.35,193.0,958870,1850.61,9393, 257233, 26.83
INDIAGLYCO, EQ, 15-Jul-2021,714.25,719.0,759.0,715.05, 730.60,731.4,740.36,881971,6529.76,33464, 190695, 21.62
INDIAMART, EQ, 15-Jul-2021,7397.7,7430.0,7430.0,7284.0, 7300.00,7297.95,7322.08,73561,5386.2,16093, 47740, 64.90
INDIANB, EQ, 15-Jul-2021,136.95,137.4,138.7,136.5, 138.05,138.25,137.58,2034974,2799.7,16374, 1229437, 60.42
INDIANCARD, EQ, 15-Jul-2021,210.0,208.7,215.0,201.45, 207.20,207.25,208.65,58069,121.16,1989, 26040, 44.84
INDIANHUME, EQ, 15-Jul-2021,244.0,245.4,247.95,237.75, 240.00,240.1,242.81,160425,389.52,6712, 82147, 51.21
INDIGO, EQ, 15-Jul-2021,1822.55,1822.55,1860.0,1816.0, 1824.00,1824.65,1839.72,758999,13963.46,34102, 138113, 18.20
INDIGOPNTS, EQ, 15-Jul-2021,2620.45,2644.85,2655.0,2580.0, 2595.00,2599.1,2618.9,26211,686.44,3968, 12388, 47.26
INDIGRID, IV, 15-Jul-2021,135.37,135.99,136.83,135.1, 135.87,135.82,135.88,260253,353.63,102, 231336, 88.89
INDIGRID, NJ, 15-Jul-2021,1041.06,1041.5,1044.6,1041.09, 1044.59,1044.59,1042.46,2477,25.82,68, 2252, 90.92
INDIGRID, NL, 15-Jul-2021,1040.1,1050.0,1050.0,1042.8, 1043.51,1044.03,1043.76,701,7.32,22, 525, 74.89
INDLMETER, EQ, 15-Jul-2021,15.95,16.0,16.4,15.25, 15.30,15.35,15.67,124517,19.51,602, 90459, 72.65
INDNIPPON, EQ, 15-Jul-2021,376.4,379.0,381.15,373.25, 374.45,375.5,377.4,18275,68.97,1371, 9086, 49.72
INDOCO, EQ, 15-Jul-2021,443.25,445.0,449.45,434.0, 436.15,437.1,441.8,118286,522.59,5772, 60889, 51.48
INDORAMA, BE, 15-Jul-2021,58.7,60.85,61.6,58.65, 59.25,60.1,60.37,240563,145.23,926, -, -
INDOSOLAR, BZ, 15-Jul-2021,2.95,2.9,3.05,2.85, 3.00,2.9,2.97,251691,7.47,302, -, -
INDOSTAR, EQ, 15-Jul-2021,344.05,345.85,347.0,340.05, 340.05,342.05,344.56,48387,166.72,1709, 37911, 78.35
INDOTECH, EQ, 15-Jul-2021,285.85,285.0,292.55,271.6, 271.60,271.6,276.26,32894,90.87,983, 25449, 77.37
INDOTHAI, BE, 15-Jul-2021,57.15,57.5,60.0,57.5, 60.00,59.8,59.06,17355,10.25,80, -, -
INDOWIND, EQ, 15-Jul-2021,8.6,8.8,8.9,8.3, 8.40,8.35,8.59,473695,40.71,938, 317165, 66.96
INDRAMEDCO, EQ, 15-Jul-2021,86.8,87.0,87.15,85.0, 85.40,85.35,85.81,313225,268.79,2893, 161951, 51.70
INDSWFTLAB, EQ, 15-Jul-2021,108.45,108.0,109.9,104.5, 105.30,105.4,106.36,767472,816.29,17486, 115082, 14.99
INDTERRAIN, EQ, 15-Jul-2021,48.05,48.85,48.85,45.6, 46.45,46.2,47.18,413861,195.24,1957, 291026, 70.32
INDUSINDBK, EQ, 15-Jul-2021,1052.6,1054.0,1067.4,1050.0, 1054.55,1055.1,1058.12,2748272,29079.9,80823, 930617, 33.86
INDUSTOWER, EQ, 15-Jul-2021,236.5,236.0,236.5,234.0, 234.90,234.6,235.36,850777,2002.39,12592, 367491, 43.19
INEOSSTYRO, EQ, 15-Jul-2021,1446.55,1471.0,1478.95,1421.0, 1428.00,1426.3,1438.6,34294,493.35,3043, 23681, 69.05
INFIBEAM, EQ, 15-Jul-2021,49.3,49.75,50.7,48.95, 49.95,49.55,49.88,7620056,3800.65,16369, 3546222, 46.54
INFOBEAN, BE, 15-Jul-2021,443.9,466.05,466.05,452.8, 466.05,466.05,465.95,20542,95.71,468, -, -
INFOMEDIA, EQ, 15-Jul-2021,4.2,4.4,4.4,4.4, 4.40,4.4,4.4,22532,0.99,20, 22532, 100.00
INFRABEES, EQ, 15-Jul-2021,455.15,453.0,458.0,447.05, 457.00,456.63,457.12,1189,5.44,121, 1151, 96.80
INFY, EQ, 15-Jul-2021,1576.9,1557.9,1596.85,1556.0, 1579.85,1580.8,1581.74,10021355,158512.01,248472, 3894143, 38.86
INGERRAND, EQ, 15-Jul-2021,975.7,978.0,995.55,970.95, 971.05,979.1,983.43,38841,381.98,2472, 21559, 55.51
INNOVANA, SM, 15-Jul-2021,189.95,197.25,198.8,187.0, 198.80,196.55,194.77,5000,9.74,5, 4000, 80.00
INNOVATIVE, SM, 15-Jul-2021,18.6,17.75,17.75,17.7, 17.70,17.7,17.71,15000,2.66,5, 12000, 80.00
INOXLEISUR, EQ, 15-Jul-2021,314.2,315.6,317.95,311.85, 314.50,313.05,314.29,168771,530.43,6157, 79612, 47.17
INOXWIND, EQ, 15-Jul-2021,98.85,99.65,117.0,99.5, 107.00,108.15,109.08,3560552,3883.75,39174, 1211877, 34.04
INSECTICID, EQ, 15-Jul-2021,750.65,755.85,758.05,742.0, 748.00,745.55,751.13,21632,162.49,2460, 10015, 46.30
INSPIRISYS, EQ, 15-Jul-2021,65.2,67.0,68.45,66.9, 68.45,68.45,68.21,30101,20.53,83, 29648, 98.50
INTEGRA, BE, 15-Jul-2021,3.9,3.9,4.05,3.9, 4.05,4.05,4.03,21317,0.86,18, -, -
INTELLECT, EQ, 15-Jul-2021,710.65,717.0,783.8,704.0, 777.00,772.45,754.93,1676467,12656.14,57330, 647151, 38.60
INTENTECH, EQ, 15-Jul-2021,75.3,76.4,77.6,74.4, 75.15,74.9,75.7,58181,44.04,1001, 30348, 52.16
INVENTURE, EQ, 15-Jul-2021,3.5,3.55,3.6,3.5, 3.55,3.5,3.54,2615670,92.72,2069, 1523692, 58.25
IOB, EQ, 15-Jul-2021,25.5,25.75,26.0,25.2, 25.35,25.3,25.54,8118742,2073.27,14257, 2418693, 29.79
IOC, EQ, 15-Jul-2021,107.1,107.0,107.25,106.15, 106.50,106.3,106.68,7634493,8144.59,40368, 4373669, 57.29
IOLCP, EQ, 15-Jul-2021,675.7,672.0,677.55,652.0, 654.00,655.0,661.6,568865,3763.61,20928, 271256, 47.68
IPCALAB, EQ, 15-Jul-2021,2127.3,2145.0,2147.85,2090.0, 2091.05,2095.0,2107.9,129008,2719.36,11881, 84039, 65.14
IPL, EQ, 15-Jul-2021,337.0,338.55,344.4,336.5, 340.45,340.6,339.94,860502,2925.2,16668, 459847, 53.44
IRB, EQ, 15-Jul-2021,180.85,182.0,184.6,178.0, 182.50,182.8,181.52,2890060,5245.92,19935, 915645, 31.68
IRBINVIT, IV, 15-Jul-2021,55.5,55.5,55.75,55.4, 55.50,55.49,55.5,355000,197.01,124, 345000, 97.18
IRCON, EQ, 15-Jul-2021,46.45,46.5,47.4,46.45, 46.80,46.75,47.01,2706592,1272.33,10240, 1282752, 47.39
IRCTC, EQ, 15-Jul-2021,2266.4,2266.4,2297.1,2251.0, 2269.00,2268.3,2273.36,891858,20275.13,38729, 264148, 29.62
IREDA, N4, 15-Jul-2021,1112.13,1111.0,1120.0,1110.2, 1110.20,1117.25,1113.09,150,1.67,5, 100, 66.67
IREDA, N7, 15-Jul-2021,1249.0,1255.0,1255.0,1255.0, 1255.00,1255.0,1255.0,20,0.25,1, 20, 100.00
IRFC, EQ, 15-Jul-2021,23.5,23.55,23.6,23.2, 23.25,23.2,23.33,13068468,3049.07,42763, 8675806, 66.39
IRFC, N1, 15-Jul-2021,1079.15,1081.0,1084.8,1081.0, 1084.80,1084.8,1081.82,600,6.49,4, 500, 83.33
IRFC, N2, 15-Jul-2021,1239.0,1236.0,1245.0,1236.0, 1245.00,1244.99,1242.88,912,11.34,9, 680, 74.56
IRFC, N3, 15-Jul-2021,1091.0,1102.56,1102.75,1100.0, 1102.75,1102.75,1102.56,42464,468.19,5, 42464, 100.00
IRFC, N9, 15-Jul-2021,1149.99,1145.0,1160.0,1145.0, 1145.01,1145.01,1150.77,13,0.15,4, 10, 76.92
IRFC, NA, 15-Jul-2021,1261.05,1263.0,1275.0,1255.11, 1256.00,1256.92,1258.49,1904,23.96,53, 1832, 96.22
IRFC, NB, 15-Jul-2021,1250.0,1250.0,1250.0,1250.0, 1250.00,1250.0,1250.0,100,1.25,1, 100, 100.00
IRFC, NC, 15-Jul-2021,1268.6,1268.7,1268.7,1268.5, 1268.50,1268.5,1268.63,40,0.51,3, 20, 50.00
IRFC, ND, 15-Jul-2021,1129.99,1115.0,1115.0,1115.0, 1115.00,1115.0,1115.0,5,0.06,1, 5, 100.00
IRFC, NE, 15-Jul-2021,1305.0,1305.0,1305.0,1294.01, 1294.01,1294.01,1301.62,651,8.47,7, 451, 69.28
IRFC, NI, 15-Jul-2021,1152.0,1145.51,1146.51,1145.51, 1146.51,1146.51,1145.58,170,1.95,2, 170, 100.00
IRFC, NJ, 15-Jul-2021,1250.0,1255.01,1255.01,1246.25, 1255.00,1254.99,1255.0,19357,242.93,10, 19347, 99.95
IRFC, NM, 15-Jul-2021,1252.0,1255.0,1255.0,1255.0, 1255.00,1255.0,1255.0,2000,25.1,1, 2000, 100.00
IRFC, NO, 15-Jul-2021,1270.0,1272.0,1272.0,1265.0, 1265.00,1265.09,1265.75,1181,14.95,7, 1176, 99.58
IRISDOREME, EQ, 15-Jul-2021,155.35,156.45,156.5,147.6, 147.65,149.1,150.65,16043,24.17,411, 10843, 67.59
ISEC, EQ, 15-Jul-2021,707.05,712.0,733.4,709.0, 725.00,726.55,722.38,1117970,8075.99,31574, 387684, 34.68
ISFT, EQ, 15-Jul-2021,108.05,108.75,109.75,107.2, 108.50,108.95,108.44,21451,23.26,554, 13286, 61.94
ISGEC, EQ, 15-Jul-2021,804.6,810.6,812.95,792.25, 799.00,794.65,800.43,96784,774.69,4859, 46653, 48.20
ISMTLTD, BE, 15-Jul-2021,26.2,25.2,26.1,24.9, 24.90,24.9,25.12,278835,70.03,442, -, -
ITC, EQ, 15-Jul-2021,204.1,204.4,208.5,202.9, 206.40,206.25,205.96,28852257,59424.5,148819, 13002377, 45.07
ITDC, EQ, 15-Jul-2021,404.05,408.8,408.8,397.1, 399.00,398.15,401.22,37706,151.28,2442, 17557, 46.56
ITDCEM, EQ, 15-Jul-2021,94.4,95.4,96.3,92.1, 93.25,93.1,94.58,1051970,994.92,8834, 445030, 42.30
ITI, EQ, 15-Jul-2021,126.95,127.75,133.25,126.8, 133.00,132.65,131.29,2125894,2791.02,17243, 871875, 41.01
IVC, BE, 15-Jul-2021,6.05,6.15,6.35,5.95, 6.35,6.35,6.29,627045,39.42,735, -, -
IVP, EQ, 15-Jul-2021,145.3,152.0,152.55,145.5, 151.60,152.3,151.33,20636,31.23,406, 16919, 81.99
IVZINGOLD, EQ, 15-Jul-2021,4311.0,4315.0,4373.9,4315.0, 4356.00,4356.0,4344.05,98,4.26,33, 79, 80.61
IWEL, BE, 15-Jul-2021,701.85,722.0,736.9,681.3, 736.90,736.9,707.0,18057,127.66,680, -, -
IZMO, EQ, 15-Jul-2021,87.65,88.45,88.45,84.1, 87.50,86.9,87.19,69373,60.49,1491, 42869, 61.79
J&KBANK, EQ, 15-Jul-2021,37.8,37.9,38.95,37.85, 38.55,38.45,38.46,2588583,995.66,7183, 1206251, 46.60
JAGRAN, EQ, 15-Jul-2021,68.35,68.95,70.35,66.75, 66.80,67.05,68.33,867077,592.45,10567, 274314, 31.64
JAGSNPHARM, EQ, 15-Jul-2021,171.3,174.0,175.0,170.1, 171.50,171.2,171.48,72782,124.8,1914, 43205, 59.36
JAIBALAJI, EQ, 15-Jul-2021,63.0,66.15,66.15,66.15, 66.15,66.15,66.15,69516,45.98,86, 69516, 100.00
JAICORPLTD, EQ, 15-Jul-2021,161.85,162.35,167.75,160.6, 164.35,165.05,163.98,2670943,4379.71,21907, 660332, 24.72
JAINSTUDIO, BZ, 15-Jul-2021,2.85,2.75,2.85,2.75, 2.75,2.85,2.78,400,0.01,6, -, -
JALAN, SM, 15-Jul-2021,4.75,4.95,4.95,4.95, 4.95,4.95,4.95,9000,0.45,3, 9000, 100.00
JAMNAAUTO, EQ, 15-Jul-2021,86.9,88.5,89.35,87.0, 87.90,87.65,88.12,934199,823.18,9288, 483744, 51.78
JASH, EQ, 15-Jul-2021,586.2,592.0,592.0,575.0, 575.05,577.95,580.88,18813,109.28,786, 14595, 77.58
JAYAGROGN, EQ, 15-Jul-2021,225.6,227.4,239.05,226.0, 231.50,229.45,234.0,277533,649.43,7115, 126961, 45.75
JAYBARMARU, EQ, 15-Jul-2021,230.55,232.25,236.45,226.0, 228.55,227.4,230.38,82145,189.24,3726, 48536, 59.09
JAYNECOIND, BE, 15-Jul-2021,26.3,26.4,26.65,25.0, 26.00,25.65,25.66,266856,68.47,523, -, -
JAYSREETEA, EQ, 15-Jul-2021,117.7,118.0,118.5,113.5, 114.30,114.1,115.8,363736,421.19,7357, 124317, 34.18
JBCHEPHARM, EQ, 15-Jul-2021,1815.1,1815.1,1848.9,1781.65, 1812.00,1803.0,1809.48,135248,2447.28,13432, 63917, 47.26
JBFIND, BE, 15-Jul-2021,37.1,35.75,38.8,35.25, 35.25,35.25,35.57,602316,214.25,927, -, -
JBMA, EQ, 15-Jul-2021,499.9,506.0,512.4,485.15, 491.00,491.2,502.0,427449,2145.78,18236, 136644, 31.97
JCHAC, EQ, 15-Jul-2021,2249.1,2250.0,2316.05,2245.0, 2270.00,2271.8,2278.6,43836,998.85,5327, 23328, 53.22
JETAIRWAYS, BZ, 15-Jul-2021,79.8,75.85,75.85,75.85, 75.85,75.85,75.85,172942,131.18,2190, -, -
JETFREIGHT, SM, 15-Jul-2021,29.0,29.0,29.0,29.0, 29.00,29.0,29.0,4000,1.16,1, 4000, 100.00
JHS, EQ, 15-Jul-2021,28.7,30.5,31.2,28.0, 28.75,28.75,29.74,1281290,381.02,4247, 857863, 66.95
JINDALPHOT, BE, 15-Jul-2021,73.5,73.95,75.0,72.0, 72.25,72.25,73.22,9329,6.83,64, -, -
JINDALPOLY, EQ, 15-Jul-2021,1014.35,1016.0,1019.0,985.0, 991.00,991.85,1000.3,248437,2485.1,9897, 81024, 32.61
JINDALSAW, EQ, 15-Jul-2021,128.15,128.65,128.8,125.6, 127.05,127.25,126.93,1926501,2445.31,16983, 766425, 39.78
JINDALSTEL, EQ, 15-Jul-2021,396.05,397.1,401.1,394.35, 396.90,397.0,397.98,6608656,26300.91,60313, 2064453, 31.24
JINDRILL, EQ, 15-Jul-2021,125.75,126.4,126.9,123.5, 123.70,123.9,124.85,20717,25.86,683, 15438, 74.52
JINDWORLD, EQ, 15-Jul-2021,78.55,78.95,79.9,75.4, 76.75,76.55,77.91,501791,390.95,6064, 162242, 32.33
JISLDVREQS, BE, 15-Jul-2021,21.15,21.35,22.2,21.15, 22.05,22.15,22.12,232935,51.53,575, -, -
JISLJALEQS, EQ, 15-Jul-2021,34.85,35.7,36.2,33.2, 33.50,33.8,35.18,6386482,2247.01,12386, 4114438, 64.42
JITFINFRA, BE, 15-Jul-2021,19.9,19.05,20.25,18.95, 19.65,19.65,19.38,10918,2.12,91, -, -
JIYAECO, BE, 15-Jul-2021,6.0,6.05,6.05,5.9, 6.05,5.95,5.99,38129,2.28,112, -, -
JKCEMENT, EQ, 15-Jul-2021,3218.65,3218.0,3258.4,3198.0, 3213.00,3219.35,3231.1,31270,1010.37,4543, 16561, 52.96
JKIL, EQ, 15-Jul-2021,221.55,222.9,228.95,216.6, 223.75,224.85,223.37,1450982,3241.0,25161, 421336, 29.04
JKLAKSHMI, EQ, 15-Jul-2021,659.75,664.8,667.9,649.0, 654.90,653.6,656.55,266918,1752.46,11837, 84236, 31.56
JKPAPER, EQ, 15-Jul-2021,222.45,223.7,224.9,218.2, 219.30,219.45,221.67,908553,2014.02,14207, 256571, 28.24
JKTYRE, EQ, 15-Jul-2021,147.1,147.2,147.8,143.5, 144.15,144.25,145.13,971755,1410.3,10517, 382505, 39.36
JMA, EQ, 15-Jul-2021,66.65,67.75,67.75,65.9, 65.95,66.15,66.58,23884,15.9,326, 14799, 61.96
JMCPROJECT, EQ, 15-Jul-2021,121.6,121.7,122.8,118.3, 119.45,119.9,120.81,124564,150.49,2980, 74861, 60.10
JMFINANCIL, EQ, 15-Jul-2021,106.2,107.2,111.15,105.55, 106.75,107.75,108.74,24640531,26793.53,90565, 5384635, 21.85
JMTAUTOLTD, EQ, 15-Jul-2021,3.35,3.35,3.35,3.25, 3.35,3.3,3.3,889214,29.36,12434, 651695, 73.29
JOCIL, EQ, 15-Jul-2021,200.1,203.95,204.0,198.95, 199.65,200.05,201.37,46695,94.03,1547, 27335, 58.54
JPASSOCIAT, BE, 15-Jul-2021,12.85,12.8,13.0,12.4, 12.70,12.65,12.71,5971881,758.97,9451, -, -
JPINFRATEC, BE, 15-Jul-2021,2.7,2.6,2.6,2.6, 2.60,2.6,2.6,1045358,27.18,1140, -, -
JPPOWER, EQ, 15-Jul-2021,6.15,6.25,6.25,5.85, 6.05,6.0,6.0,53384380,3205.34,29303, 28949430, 54.23
JSL, EQ, 15-Jul-2021,122.65,121.6,126.0,117.05, 125.00,125.3,122.49,5358329,6563.61,22430, 2423512, 45.23
JSLHISAR, EQ, 15-Jul-2021,228.2,227.95,231.0,221.25, 228.80,229.35,227.03,844924,1918.25,10842, 275384, 32.59
JSWENERGY, EQ, 15-Jul-2021,173.25,174.0,190.0,172.5, 188.55,188.9,183.32,8459093,15506.92,51304, 2918486, 34.50
JSWHL, EQ, 15-Jul-2021,4777.85,4825.85,4825.9,4687.05, 4715.00,4713.45,4725.47,889,42.01,261, 555, 62.43
JSWISPL, BE, 15-Jul-2021,41.05,41.2,42.1,40.0, 41.20,41.2,41.39,2871551,1188.66,3986, -, -
JSWSTEEL, EQ, 15-Jul-2021,700.4,700.0,707.95,696.05, 698.95,699.1,701.46,4735495,33217.5,62746, 989932, 20.90
JTEKTINDIA, EQ, 15-Jul-2021,107.15,107.15,120.7,107.15, 115.00,115.8,117.09,6445341,7546.69,61067, 1153472, 17.90
JUBLFOOD, EQ, 15-Jul-2021,3155.3,3175.0,3175.0,3100.0, 3109.65,3105.25,3124.84,379883,11870.73,36796, 130320, 34.31
JUBLINDS, EQ, 15-Jul-2021,367.8,371.4,376.0,356.2, 362.00,362.6,362.94,91387,331.68,3695, 41754, 45.69
JUBLINGREA, EQ, 15-Jul-2021,562.25,564.0,568.7,558.5, 564.00,563.05,564.33,476952,2691.56,11343, 236373, 49.56
JUBLPHARMA, EQ, 15-Jul-2021,749.8,746.0,751.8,699.0, 700.00,705.75,718.78,2533689,18211.53,55006, 1173767, 46.33
JUMPNET, EQ, 15-Jul-2021,10.0,10.2,10.2,9.9, 10.10,10.0,10.01,1618898,162.0,1678, 959994, 59.30
JUNIORBEES, EQ, 15-Jul-2021,407.01,400.44,410.82,400.44, 408.49,408.4,408.47,65240,266.49,6867, 39979, 61.28
JUSTDIAL, EQ, 15-Jul-2021,1079.45,1062.0,1125.0,1062.0, 1115.00,1107.05,1107.1,8411342,93121.84,207186, 2076702, 24.69
JYOTHYLAB, EQ, 15-Jul-2021,171.7,172.6,175.65,171.5, 173.70,174.2,173.92,580723,1009.97,7983, 211125, 36.36
JYOTISTRUC, BZ, 15-Jul-2021,9.25,8.85,9.5,8.8, 8.80,8.8,8.82,110042,9.7,142, -, -
KABRAEXTRU, EQ, 15-Jul-2021,206.2,207.0,210.8,204.5, 205.10,205.5,207.24,122237,253.32,8722, 55674, 45.55
KAJARIACER, EQ, 15-Jul-2021,990.1,990.0,1009.9,984.55, 992.55,997.45,995.39,419633,4176.99,14651, 348325, 83.01
KAKATCEM, EQ, 15-Jul-2021,256.55,258.2,259.0,253.05, 253.10,253.65,255.5,20684,52.85,912, 14532, 70.26
KALPATPOWR, EQ, 15-Jul-2021,461.85,460.0,466.25,450.65, 452.80,453.35,460.19,338205,1556.4,11407, 144009, 42.58
KALYANIFRG, BE, 15-Jul-2021,215.9,217.0,219.5,206.25, 214.00,214.0,213.16,1063,2.27,58, -, -
KALYANKJIL, EQ, 15-Jul-2021,76.05,76.35,76.5,74.5, 75.20,75.1,75.47,2133637,1610.16,27994, 653850, 30.64
KAMATHOTEL, BE, 15-Jul-2021,50.55,50.0,51.75,49.6, 50.95,50.25,50.68,27840,14.11,219, -, -
KAMDHENU, EQ, 15-Jul-2021,173.5,173.25,183.5,171.1, 178.65,179.25,179.0,398871,713.99,9486, 178479, 44.75
KANANIIND, BE, 15-Jul-2021,10.5,10.0,11.0,10.0, 11.00,11.0,10.16,92780,9.43,246, -, -
KANORICHEM, EQ, 15-Jul-2021,158.4,160.0,160.6,153.5, 153.50,154.8,157.04,17836,28.01,366, 12764, 71.56
KANPRPLA, EQ, 15-Jul-2021,231.25,230.0,254.35,230.0, 254.35,254.35,247.67,113180,280.32,3084, 68038, 60.11
KANSAINER, EQ, 15-Jul-2021,600.2,597.05,603.0,596.25, 600.00,600.25,599.94,85214,511.24,3857, 50598, 59.38
KAPSTON, BE, 15-Jul-2021,88.15,88.15,90.0,88.15, 89.95,89.95,89.07,854,0.76,10, -, -
KARDA, BE, 15-Jul-2021,182.7,185.0,185.8,183.0, 185.60,185.65,185.2,226498,419.48,4053, -, -
KARMAENG, BE, 15-Jul-2021,18.6,18.8,19.5,18.1, 18.65,18.65,19.04,17377,3.31,102, -, -
KARURVYSYA, EQ, 15-Jul-2021,51.15,51.1,51.85,51.05, 51.45,51.25,51.36,1172140,601.98,6915, 548305, 46.78
KAUSHALYA, BE, 15-Jul-2021,2.5,2.6,2.6,2.4, 2.45,2.6,2.54,49821,1.27,97, -, -
KAYA, EQ, 15-Jul-2021,536.4,530.0,548.3,487.15, 491.50,492.4,511.68,294351,1506.15,11372, 141321, 48.01
KCP, EQ, 15-Jul-2021,151.1,151.9,167.3,150.0, 155.00,156.6,158.88,1431325,2274.03,16991, 624281, 43.62
KCPSUGIND, EQ, 15-Jul-2021,29.0,29.35,29.5,28.0, 28.00,28.1,28.56,709097,202.53,2562, 356788, 50.32
KDDL, BE, 15-Jul-2021,334.8,335.1,346.0,330.1, 346.00,344.1,342.67,3136,10.75,124, -, -
KEC, EQ, 15-Jul-2021,412.75,418.0,422.9,413.0, 415.55,415.45,418.04,534141,2232.91,14549, 339132, 63.49
KECL, BE, 15-Jul-2021,19.35,20.0,20.3,19.0, 20.15,20.1,20.02,308601,61.78,895, -, -
KEERTI, EQ, 15-Jul-2021,21.8,22.4,22.4,21.7, 21.85,21.9,21.91,4287,0.94,49, 2699, 62.96
KEI, EQ, 15-Jul-2021,717.2,717.25,728.8,704.45, 711.50,710.95,716.38,153421,1099.07,9132, 68895, 44.91
KELLTONTEC, EQ, 15-Jul-2021,56.85,57.45,66.85,57.25, 63.55,63.35,63.66,9064309,5770.24,42769, 2923517, 32.25
KENNAMET, EQ, 15-Jul-2021,1241.35,1228.8,1346.7,1228.8, 1275.00,1272.95,1297.19,76058,986.61,6011, 30788, 40.48
KERNEX, BE, 15-Jul-2021,78.25,81.9,81.9,75.0, 78.55,76.4,77.27,14742,11.39,90, -, -
KESORAMIND, EQ, 15-Jul-2021,92.5,92.8,95.6,92.35, 93.05,92.85,93.72,1385765,1298.71,7557, 451049, 32.55
KEYFINSERV, EQ, 15-Jul-2021,71.1,71.6,73.05,70.05, 70.05,71.4,72.07,3979,2.87,186, 1548, 38.90
KHADIM, EQ, 15-Jul-2021,306.35,306.35,309.6,300.0, 301.80,301.95,304.38,53894,164.04,2318, 32084, 59.53
KHAICHEM, EQ, 15-Jul-2021,62.45,63.8,63.8,59.25, 60.25,60.1,61.49,449911,276.63,4156, 294191, 65.39
KHANDSE, EQ, 15-Jul-2021,16.9,17.7,17.7,16.9, 17.35,17.35,17.07,1011,0.17,21, 726, 71.81
KICL, EQ, 15-Jul-2021,2075.0,2084.95,2084.95,2062.0, 2075.00,2073.0,2075.19,2689,55.8,174, 2536, 94.31
KILITCH, BE, 15-Jul-2021,147.8,152.3,155.15,146.0, 155.15,154.45,152.76,34560,52.79,212, -, -
KIMS, EQ, 15-Jul-2021,1253.4,1265.0,1325.0,1264.0, 1299.00,1295.85,1298.57,907243,11781.18,36626, 430900, 47.50
KINGFA, EQ, 15-Jul-2021,1202.75,1205.0,1249.95,1203.0, 1203.00,1212.9,1230.74,9494,116.85,1088, 5589, 58.87
KIOCL, EQ, 15-Jul-2021,269.9,274.0,274.0,266.0, 267.40,266.85,268.86,48845,131.33,3773, 24460, 50.08
KIRIINDUS, EQ, 15-Jul-2021,607.15,610.0,611.7,600.1, 601.00,601.55,605.15,144179,872.49,3836, 65797, 45.64
KIRLFER, EQ, 15-Jul-2021,285.9,284.9,293.25,284.4, 290.70,290.45,290.07,255533,741.22,6911, 165717, 64.85
KIRLOSBROS, BE, 15-Jul-2021,482.55,494.9,494.9,477.95, 478.30,480.25,481.14,14221,68.42,382, -, -
KIRLOSENG, EQ, 15-Jul-2021,254.65,253.9,272.5,252.1, 267.50,268.15,266.97,1323757,3534.05,28138, 415685, 31.40
KIRLOSIND, EQ, 15-Jul-2021,1699.25,1716.9,1725.0,1680.0, 1699.50,1694.5,1705.84,5490,93.65,515, 5057, 92.11
KITEX, EQ, 15-Jul-2021,204.05,217.8,223.9,183.65, 183.65,183.65,196.14,8591380,16851.36,116138, 2907875, 33.85
KKCL, EQ, 15-Jul-2021,945.4,960.4,960.4,923.05, 930.00,931.45,936.94,8743,81.92,1629, 5642, 64.53
KKVAPOW, SM, 15-Jul-2021,423.0,423.0,423.0,423.0, 423.00,423.0,423.0,250,1.06,1, 250, 100.00
KMSUGAR, EQ, 15-Jul-2021,33.25,32.6,34.2,32.6, 32.70,32.9,33.27,543407,180.78,3054, 266450, 49.03
KNRCON, EQ, 15-Jul-2021,242.6,246.0,263.3,245.2, 261.95,260.7,256.23,7513139,19251.0,82587, 2328678, 30.99
KOKUYOCMLN, EQ, 15-Jul-2021,72.9,72.95,75.5,72.7, 73.10,73.0,73.59,429677,316.2,6292, 170053, 39.58
KOLTEPATIL, EQ, 15-Jul-2021,233.95,233.95,246.45,231.6, 243.50,244.1,241.72,2330515,5633.23,32053, 839881, 36.04
KOPRAN, BE, 15-Jul-2021,233.25,229.0,235.45,225.5, 230.00,231.75,229.62,117882,270.68,1369, -, -
KOTAKBANK, EQ, 15-Jul-2021,1748.15,1757.0,1757.0,1740.0, 1754.70,1750.05,1749.1,1950556,34117.16,71137, 1002666, 51.40
KOTAKBKETF, EQ, 15-Jul-2021,359.91,354.0,362.85,354.0, 362.51,362.35,361.85,72213,261.3,526, 56444, 78.16
KOTAKGOLD, EQ, 15-Jul-2021,418.6,419.9,422.4,419.25, 422.05,421.95,421.1,25630,107.93,596, 22242, 86.78
KOTAKIT, EQ, 15-Jul-2021,29.32,29.5,30.99,29.0, 30.00,30.0,29.98,15864227,4756.76,1166, 15828846, 99.78
KOTAKNIFTY, EQ, 15-Jul-2021,166.55,166.66,168.4,166.09, 167.08,167.2,166.8,68930,114.98,382, 62762, 91.05
KOTAKNV20, EQ, 15-Jul-2021,86.97,87.39,88.5,87.1, 87.78,87.77,87.55,11504,10.07,228, 9099, 79.09
KOTAKPSUBK, EQ, 15-Jul-2021,242.59,243.9,244.45,242.09, 243.00,242.96,243.07,4723,11.48,107, 3690, 78.13
KOTARISUG, EQ, 15-Jul-2021,38.65,38.9,39.4,36.85, 37.75,37.35,38.02,311469,118.42,1661, 238969, 76.72
KOTHARIPET, EQ, 15-Jul-2021,42.8,42.4,43.15,41.6, 41.60,41.9,42.04,148192,62.3,1413, 95027, 64.12
KOTHARIPRO, EQ, 15-Jul-2021,116.05,116.0,125.9,115.0, 118.95,119.5,122.58,236913,290.41,4956, 75167, 31.73
KPITTECH, EQ, 15-Jul-2021,249.35,252.2,270.6,250.8, 257.25,257.35,261.06,2825663,7376.57,54903, 1016108, 35.96
KPRMILL, EQ, 15-Jul-2021,1818.95,1835.0,1853.45,1820.0, 1830.00,1831.25,1835.09,67938,1246.72,10699, 49679, 73.12
KRBL, EQ, 15-Jul-2021,292.65,292.05,297.55,285.0, 285.70,286.35,291.22,759922,2213.05,10444, 258306, 33.99
KREBSBIO, EQ, 15-Jul-2021,114.25,115.8,117.0,113.4, 114.00,114.45,115.28,19377,22.34,343, 13671, 70.55
KRIDHANINF, BE, 15-Jul-2021,6.65,6.8,6.85,6.4, 6.55,6.5,6.56,69475,4.56,159, -, -
KRISHANA, EQ, 15-Jul-2021,114.5,116.95,116.95,105.05, 112.40,110.95,110.6,23883,26.42,492, 8932, 37.40
KSB, EQ, 15-Jul-2021,1089.5,1087.0,1114.4,1056.55, 1067.90,1070.8,1085.58,45533,494.3,5116, 14359, 31.54
KSCL, EQ, 15-Jul-2021,720.85,724.0,760.0,720.95, 759.55,750.55,740.97,310049,2297.36,12031, 136255, 43.95
KSL, EQ, 15-Jul-2021,399.15,399.0,403.85,395.25, 397.70,397.35,399.65,71401,285.35,3168, 35713, 50.02
KSOLVES, SM, 15-Jul-2021,468.35,445.25,490.0,445.25, 490.00,470.4,457.51,33200,151.89,65, 21600, 65.06
KTKBANK, EQ, 15-Jul-2021,62.0,62.2,62.75,61.9, 62.35,62.25,62.32,1178560,734.49,6434, 580212, 49.23
KUANTUM, EQ, 15-Jul-2021,81.05,82.4,82.4,78.5, 79.70,79.4,80.74,69781,56.34,1097, 29683, 42.54
L&TFH, EQ, 15-Jul-2021,94.7,95.05,95.65,94.3, 95.10,95.1,95.14,8098408,7705.17,27130, 2621832, 32.37
L&TFINANCE, N8, 15-Jul-2021,1036.16,1035.0,1040.0,1035.0, 1038.25,1038.25,1037.59,115,1.19,4, 115, 100.00
L&TFINANCE, NK, 15-Jul-2021,1030.0,1019.02,1019.02,1019.02, 1019.02,1019.02,1019.02,4,0.04,1, 4, 100.00
L&TFINANCE, NQ, 15-Jul-2021,1012.01,1015.01,1015.01,1015.01, 1015.01,1015.01,1015.01,56,0.57,1, 56, 100.00
L&TFINANCE, NU, 15-Jul-2021,1140.0,1140.0,1140.0,1140.0, 1140.00,1140.0,1140.0,173,1.97,3, 173, 100.00
L&TFINANCE, NY, 15-Jul-2021,1060.1,1061.0,1061.0,1061.0, 1061.00,1061.0,1061.0,50,0.53,1, 50, 100.00
L&TFINANCE, Y1, 15-Jul-2021,1160.0,1150.0,1150.0,1150.0, 1150.00,1150.0,1150.0,30,0.35,1, 30, 100.00
L&TFINANCE, Y5, 15-Jul-2021,1086.0,1099.0,1099.0,1099.0, 1099.00,1099.0,1099.0,20,0.22,2, 20, 100.00
L&TFINANCE, Y7, 15-Jul-2021,1080.0,1090.0,1090.0,1090.0, 1090.00,1090.0,1090.0,10,0.11,1, 10, 100.00
L&TFINANCE, Y9, 15-Jul-2021,1050.0,1101.1,1107.01,1101.1, 1107.01,1107.01,1103.07,30,0.33,3, 10, 33.33
LAGNAM, SM, 15-Jul-2021,30.0,30.0,30.9,30.0, 30.90,30.55,30.39,102000,31.0,29, 96000, 94.12
LAKPRE, BZ, 15-Jul-2021,5.5,5.7,5.75,5.35, 5.35,5.45,5.63,9497,0.53,41, -, -
LALPATHLAB, EQ, 15-Jul-2021,3462.15,3462.15,3475.2,3401.0, 3436.45,3428.35,3437.47,162664,5591.52,21250, 105357, 64.77
LAMBODHARA, EQ, 15-Jul-2021,107.85,108.6,110.2,105.0, 105.05,105.5,107.23,65566,70.31,2219, 35190, 53.67
LAOPALA, EQ, 15-Jul-2021,275.65,277.7,281.5,271.9, 273.00,272.95,276.17,86772,239.64,3771, 40288, 46.43
LASA, EQ, 15-Jul-2021,79.15,79.35,86.75,79.35, 84.60,84.65,84.53,718005,606.92,8146, 298281, 41.54
LAURUSLABS, EQ, 15-Jul-2021,658.1,658.4,677.6,657.55, 674.95,673.55,667.63,4390704,29313.87,46649, 2669819, 60.81
LAXMICOT, SM, 15-Jul-2021,15.5,15.5,15.5,13.6, 13.60,13.6,14.55,12000,1.75,2, 12000, 100.00
LAXMIMACH, EQ, 15-Jul-2021,7594.3,7650.0,7700.0,7501.0, 7525.00,7528.1,7593.98,8361,634.93,2502, 3572, 42.72
LCCINFOTEC, BE, 15-Jul-2021,1.95,1.95,2.0,1.9, 1.95,1.9,1.93,243504,4.71,156, -, -
LEMONTREE, EQ, 15-Jul-2021,43.15,43.5,43.5,42.0, 42.10,42.05,42.46,4378038,1859.04,21693, 2150563, 49.12
LEXUS, SM, 15-Jul-2021,13.35,12.7,13.75,12.7, 13.50,13.5,13.4,7000,0.94,7, 5000, 71.43
LFIC, EQ, 15-Jul-2021,81.25,82.45,82.45,81.05, 81.25,81.05,81.82,399,0.33,22, 371, 92.98
LGBBROSLTD, EQ, 15-Jul-2021,483.95,485.0,488.7,465.0, 467.55,467.25,472.21,162414,766.94,9210, 99734, 61.41
LGBFORGE, BE, 15-Jul-2021,8.15,8.4,8.45,7.75, 7.85,7.95,8.08,350337,28.29,482, -, -
LIBAS, EQ, 15-Jul-2021,72.2,73.1,73.85,71.8, 72.85,72.55,72.66,421675,306.4,2524, 88582, 21.01
LIBERTSHOE, EQ, 15-Jul-2021,171.9,172.0,174.3,169.1, 169.25,169.6,171.38,230380,394.82,6155, 88320, 38.34
LICHSGFIN, EQ, 15-Jul-2021,471.55,474.1,474.7,468.5, 470.05,470.0,471.12,1653707,7790.88,26673, 508928, 30.77
LICNETFGSC, EQ, 15-Jul-2021,22.0,22.05,22.1,21.8, 21.95,21.94,21.96,9406,2.07,85, 8032, 85.39
LICNETFN50, EQ, 15-Jul-2021,200.0,194.0,201.51,194.0, 201.51,201.51,201.43,92,0.19,13, 92, 100.00
LICNETFSEN, EQ, 15-Jul-2021,564.8,568.33,568.33,558.0, 561.00,561.0,563.4,126,0.71,46, 98, 77.78
LICNFNHGP, EQ, 15-Jul-2021,164.99,169.89,169.89,162.01, 162.52,162.52,162.93,382,0.62,34, 292, 76.44
LIKHITHA, EQ, 15-Jul-2021,421.55,423.0,432.55,421.4, 425.10,425.3,427.84,97822,418.52,4443, 30786, 31.47
LINCOLN, EQ, 15-Jul-2021,373.6,375.6,376.0,365.15, 365.25,367.0,369.33,346033,1278.02,10398, 99518, 28.76
LINCPEN, BE, 15-Jul-2021,203.35,203.35,204.5,197.0, 201.60,198.55,200.1,1556,3.11,60, -, -
LINDEINDIA, EQ, 15-Jul-2021,1736.65,1740.0,1745.0,1684.15, 1696.00,1693.15,1718.28,59225,1017.65,4779, 38325, 64.71
LIQUIDBEES, EQ, 15-Jul-2021,999.99,998.21,1000.01,998.21, 999.99,999.99,1000.0,768549,7685.48,4406, 531459, 69.15
LIQUIDETF, EQ, 15-Jul-2021,1000.0,1000.0,1000.01,990.0, 1000.01,1000.0,999.94,4495,44.95,68, 3390, 75.42
LODHA, EQ, 15-Jul-2021,791.1,790.15,839.0,772.0, 832.90,829.45,807.25,1011074,8161.91,35036, 417705, 41.31
LOKESHMACH, BE, 15-Jul-2021,43.1,42.6,45.25,42.25, 45.25,45.25,44.37,53190,23.6,183, -, -
LOTUSEYE, BE, 15-Jul-2021,48.3,50.5,50.5,48.0, 50.00,49.65,48.85,3951,1.93,68, -, -
LOVABLE, BE, 15-Jul-2021,123.1,123.8,123.8,118.25, 120.00,120.9,120.6,20292,24.47,331, -, -
LPDC, BE, 15-Jul-2021,6.3,6.0,6.0,6.0, 6.00,6.0,6.0,50724,3.04,219, -, -
LSIL, BE, 15-Jul-2021,3.45,3.3,3.6,3.3, 3.60,3.6,3.55,5041144,178.96,5439, -, -
LT, EQ, 15-Jul-2021,1544.7,1550.0,1625.0,1549.95, 1601.25,1609.35,1605.58,9066480,145569.23,264762, 3647308, 40.23
LTI, EQ, 15-Jul-2021,4214.75,4260.15,4600.0,4245.0, 4395.00,4420.25,4446.01,2524847,112254.95,172712, 284947, 11.29
LTTS, EQ, 15-Jul-2021,2910.95,3145.0,3493.0,3116.0, 3455.00,3461.25,3359.52,5851312,196575.8,260215, 735069, 12.56
LUMAXIND, EQ, 15-Jul-2021,1522.5,1522.55,1542.55,1498.0, 1513.00,1509.5,1510.21,14721,222.32,1529, 10457, 71.03
LUMAXTECH, EQ, 15-Jul-2021,164.7,166.25,166.7,160.0, 161.00,161.25,163.92,119985,196.67,6281, 67431, 56.20
LUPIN, EQ, 15-Jul-2021,1171.8,1176.0,1177.9,1159.6, 1166.00,1161.8,1167.57,852834,9957.44,18160, 364945, 42.79
LUXIND, EQ, 15-Jul-2021,3680.4,3726.85,3726.85,3631.0, 3648.30,3651.15,3654.35,86361,3155.93,4133, 68701, 79.55
LXCHEM, EQ, 15-Jul-2021,268.8,270.0,271.95,265.0, 266.95,266.8,268.09,1287218,3450.92,21922, 550378, 42.76
LYKALABS, BE, 15-Jul-2021,60.2,60.85,60.85,57.75, 60.00,59.25,59.63,23277,13.88,185, -, -
LYPSAGEMS, EQ, 15-Jul-2021,5.6,5.8,5.8,5.5, 5.50,5.6,5.66,27390,1.55,113, 18802, 68.65
M&M, EQ, 15-Jul-2021,786.15,781.0,783.95,775.2, 780.00,779.9,780.07,2109663,16456.89,49161, 1134171, 53.76
M&MFIN, EQ, 15-Jul-2021,163.35,163.5,163.75,161.1, 161.85,161.5,162.32,1974094,3204.41,16447, 831835, 42.14
M14RG, MF, 15-Jul-2021,13.21,13.55,13.6,13.55, 13.60,13.6,13.58,5800,0.79,2, 5800, 100.00
M15RD, MF, 15-Jul-2021,12.3,12.24,12.24,12.24, 12.24,12.24,12.24,10000,1.22,4, 10000, 100.00
M17RD, MF, 15-Jul-2021,11.25,11.3,11.3,11.3, 11.30,11.3,11.3,3000,0.34,1, 3000, 100.00
MAANALU, EQ, 15-Jul-2021,381.75,385.0,395.9,367.6, 395.00,389.55,383.14,68287,261.63,2893, 40872, 59.85
MACPOWER, EQ, 15-Jul-2021,156.95,156.8,160.75,152.1, 153.00,153.7,156.52,26966,42.21,475, 9992, 37.05
MADHAV, EQ, 15-Jul-2021,65.35,66.6,70.4,63.0, 67.00,68.05,67.29,193661,130.31,3316, 106338, 54.91
MADHUCON, EQ, 15-Jul-2021,6.4,6.25,6.7,6.1, 6.15,6.2,6.23,99230,6.18,226, 53247, 53.66
MADRASFERT, EQ, 15-Jul-2021,33.2,33.3,33.7,32.65, 32.95,32.9,33.2,252357,83.78,1158, 126160, 49.99
MAESGETF, EQ, 15-Jul-2021,26.98,26.98,27.13,26.96, 27.09,27.09,27.06,4913,1.33,79, 2975, 60.55
MAFANG, EQ, 15-Jul-2021,55.03,55.7,55.7,54.92, 55.00,55.06,55.03,274029,150.81,1726, 249915, 91.20
MAGADSUGAR, EQ, 15-Jul-2021,346.2,353.15,353.15,331.55, 332.90,332.85,339.47,67800,230.16,2469, 34386, 50.72
MAGMA, BE, 15-Jul-2021,158.6,159.8,160.0,154.0, 156.90,156.05,156.87,282231,442.75,2405, -, -
MAGMA, N6, 15-Jul-2021,1060.0,1055.0,1055.0,1010.0, 1025.00,1017.56,1026.15,65,0.67,14, 65, 100.00
MAGNUM, BE, 15-Jul-2021,9.8,10.25,10.25,10.25, 10.25,10.25,10.25,49712,5.1,61, -, -
MAHABANK, EQ, 15-Jul-2021,24.35,24.4,24.5,23.9, 24.25,24.15,24.17,2725228,658.7,5862, 1244999, 45.68
MAHAPEXLTD, BE, 15-Jul-2021,116.7,117.9,120.95,112.75, 114.00,115.05,117.91,9273,10.93,88, -, -
MAHASTEEL, EQ, 15-Jul-2021,89.25,90.1,90.45,88.5, 89.65,89.7,89.67,47752,42.82,478, 35761, 74.89
MAHEPC, EQ, 15-Jul-2021,173.6,173.7,175.35,169.2, 170.20,170.7,172.79,219031,378.46,7303, 80304, 36.66
MAHESHWARI, EQ, 15-Jul-2021,112.85,114.9,114.9,110.1, 111.45,111.05,112.65,24874,28.02,743, 15490, 62.27
MAHICKRA, SM, 15-Jul-2021,82.0,82.1,82.1,82.1, 82.10,82.1,82.1,1500,1.23,1, 1500, 100.00
MAHINDCIE, EQ, 15-Jul-2021,235.8,235.8,239.8,234.2, 236.10,236.75,236.23,162541,383.98,3564, 87474, 53.82
MAHLIFE, EQ, 15-Jul-2021,675.65,675.65,719.85,672.05, 696.10,698.7,694.3,181815,1262.35,8808, 95715, 52.64
MAHLOG, EQ, 15-Jul-2021,582.6,582.6,594.0,578.0, 580.20,580.95,584.28,78090,456.27,4051, 43789, 56.08
MAHSCOOTER, EQ, 15-Jul-2021,3797.0,3805.0,3810.05,3727.15, 3737.00,3735.6,3761.63,3005,113.04,803, 2328, 77.47
MAHSEAMLES, EQ, 15-Jul-2021,330.2,332.7,334.9,322.1, 322.95,323.75,328.38,168305,552.68,5974, 82513, 49.03
MAITHANALL, EQ, 15-Jul-2021,1052.7,1040.15,1062.8,1040.0, 1043.50,1042.85,1048.2,67178,704.16,4158, 31013, 46.17
MAJESCO, EQ, 15-Jul-2021,91.45,92.45,96.0,91.0, 94.20,94.0,94.19,811848,764.66,6168, 388640, 47.87
MALUPAPER, EQ, 15-Jul-2021,37.75,37.7,38.0,36.25, 36.80,36.6,37.16,66137,24.58,1005, 38590, 58.35
MAN50ETF, EQ, 15-Jul-2021,162.61,165.9,165.9,162.88, 163.82,163.74,163.57,2320,3.79,71, 1317, 56.77
MANAKALUCO, BE, 15-Jul-2021,18.7,18.7,19.0,18.25, 18.30,18.3,18.53,47451,8.79,175, -, -
MANAKCOAT, EQ, 15-Jul-2021,14.35,14.6,14.65,14.2, 14.35,14.3,14.42,78429,11.31,411, 21424, 27.32
MANAKSIA, EQ, 15-Jul-2021,68.9,69.95,72.8,69.75, 71.40,71.25,71.29,385034,274.49,5099, 261813, 68.00
MANAKSTEEL, EQ, 15-Jul-2021,29.7,32.65,32.65,32.65, 32.65,32.65,32.65,157063,51.28,202, 157063, 100.00
MANALIPETC, BE, 15-Jul-2021,82.15,81.0,83.8,80.5, 83.00,82.65,82.31,833873,686.33,2383, -, -
MANAPPURAM, EQ, 15-Jul-2021,186.05,186.75,189.85,185.65, 188.70,188.8,188.52,5324810,10038.14,27944, 1840705, 34.57
MANGALAM, EQ, 15-Jul-2021,166.9,167.5,172.5,165.1, 168.95,166.8,169.41,138287,234.28,5033, 65369, 47.27
MANGCHEFER, EQ, 15-Jul-2021,87.05,87.75,93.0,87.45, 91.15,90.75,90.94,2842710,2585.15,20040, 1234589, 43.43
MANGLMCEM, EQ, 15-Jul-2021,388.05,388.05,395.0,388.05, 394.80,393.8,391.25,135313,529.41,4006, 94251, 69.65
MANINDS, EQ, 15-Jul-2021,112.25,113.0,113.0,110.0, 110.45,110.25,111.17,155382,172.74,2618, 88739, 57.11
MANINFRA, EQ, 15-Jul-2021,59.65,59.95,62.15,57.1, 57.60,57.55,58.44,5069540,2962.69,13123, 3215262, 63.42
MANUGRAPH, BE, 15-Jul-2021,14.5,13.85,15.2,13.85, 15.15,14.55,14.77,26788,3.96,76, -, -
MANXT50, EQ, 15-Jul-2021,386.43,390.77,390.77,387.8, 388.00,388.27,388.49,456,1.77,48, 322, 70.61
MARALOVER, EQ, 15-Jul-2021,56.05,57.0,58.0,55.25, 55.30,55.5,56.67,70870,40.16,692, 43126, 60.85
MARATHON, EQ, 15-Jul-2021,77.25,77.25,81.85,74.25, 79.90,80.15,78.11,265983,207.77,2824, 108574, 40.82
MARICO, EQ, 15-Jul-2021,532.05,539.0,549.6,530.6, 535.80,534.3,537.9,4990394,26843.51,90873, 1340652, 26.86
MARINE, EQ, 15-Jul-2021,57.75,58.15,62.5,57.25, 57.40,57.7,59.0,3993161,2356.16,17333, 1141544, 28.59
MARKSANS, EQ, 15-Jul-2021,86.95,87.35,87.6,85.85, 86.10,86.2,86.56,1856512,1607.02,9610, 828722, 44.64
MARSHALL, SM, 15-Jul-2021,30.95,32.45,32.45,29.45, 29.45,29.45,30.78,81000,24.93,24, 69000, 85.19
MARUTI, EQ, 15-Jul-2021,7326.75,7357.0,7358.0,7268.0, 7305.00,7307.0,7300.47,430055,31396.05,52872, 206473, 48.01
MASFIN, EQ, 15-Jul-2021,876.05,873.0,891.2,860.0, 871.20,875.75,878.54,13983,122.85,2399, 7240, 51.78
MASKINVEST, BE, 15-Jul-2021,40.4,42.4,42.4,38.4, 41.00,38.5,40.32,404,0.16,15, -, -
MASTEK, EQ, 15-Jul-2021,2244.15,2260.0,2473.55,2260.0, 2444.50,2435.75,2385.23,807671,19264.82,53523, 221470, 27.42
MATRIMONY, EQ, 15-Jul-2021,1090.25,1090.0,1119.0,1072.75, 1114.00,1105.9,1104.34,30139,332.84,3599, 19910, 66.06
MAWANASUG, BE, 15-Jul-2021,111.55,107.0,112.0,106.0, 106.00,106.0,108.09,313480,338.83,1310, -, -
MAXHEALTH, EQ, 15-Jul-2021,268.45,269.0,273.35,264.95, 266.35,266.3,266.99,644829,1721.65,18265, 418726, 64.94
MAXIND, EQ, 15-Jul-2021,74.9,74.7,76.75,74.1, 74.30,74.35,75.31,660035,497.1,5340, 332590, 50.39
MAXVIL, EQ, 15-Jul-2021,80.35,80.15,81.15,77.65, 78.30,78.05,79.47,263962,209.78,3740, 186454, 70.64
MAYURUNIQ, EQ, 15-Jul-2021,506.4,506.5,513.0,495.1, 498.00,496.65,500.79,92458,463.02,4869, 63087, 68.23
MAZDA, EQ, 15-Jul-2021,615.95,615.0,627.05,610.0, 610.00,612.95,616.05,6248,38.49,442, 3222, 51.57
MAZDOCK, EQ, 15-Jul-2021,251.25,253.3,265.75,252.1, 263.10,263.7,261.48,4072175,10648.09,47798, 1168067, 28.68
MBAPL, EQ, 15-Jul-2021,131.05,135.0,135.0,121.25, 129.75,128.35,129.55,17477,22.64,471, 10536, 60.28
MBECL, BE, 15-Jul-2021,11.25,11.8,11.8,11.3, 11.80,11.8,11.79,76505,9.02,112, -, -
MBLINFRA, EQ, 15-Jul-2021,24.15,24.55,24.55,23.5, 24.05,24.3,23.95,121359,29.06,462, 80700, 66.50
MCDHOLDING, BE, 15-Jul-2021,54.9,54.1,57.6,53.15, 57.60,57.5,56.39,19418,10.95,181, -, -
MCDOWELL-N, EQ, 15-Jul-2021,647.5,650.5,654.05,639.0, 649.00,651.15,646.32,1244132,8041.07,36766, 357751, 28.76
MCL, EQ, 15-Jul-2021,72.9,73.0,73.75,62.95, 64.90,64.95,65.91,1247914,822.52,12553, 584303, 46.82
MCLEODRUSS, BE, 15-Jul-2021,34.0,33.1,34.9,33.1, 34.20,34.2,34.18,693305,236.99,615, -, -
MCX, EQ, 15-Jul-2021,1606.45,1619.0,1710.0,1588.6, 1701.05,1698.7,1669.89,1914233,31965.61,90699, 440163, 22.99
MDL, SM, 15-Jul-2021,22.15,21.05,21.05,21.05, 21.05,21.05,21.05,2000,0.42,1, 2000, 100.00
MEGASOFT, BE, 15-Jul-2021,13.9,13.9,14.55,13.3, 14.55,14.55,13.86,275842,38.23,483, -, -
MELSTAR, BZ, 15-Jul-2021,3.45,3.45,3.6,3.3, 3.45,3.45,3.39,11266,0.38,18, -, -
MENONBE, EQ, 15-Jul-2021,80.1,80.45,80.75,77.05, 77.50,77.8,78.73,90438,71.21,2898, 55322, 61.17
MEP, EQ, 15-Jul-2021,26.2,26.25,28.05,26.05, 26.70,27.0,27.27,856198,233.47,3195, 553315, 64.62
MERCATOR, BE, 15-Jul-2021,2.6,2.7,2.7,2.7, 2.70,2.7,2.7,184970,4.99,109, -, -
METALFORGE, BZ, 15-Jul-2021,7.15,7.4,7.5,7.0, 7.40,7.4,7.1,14017,1.0,53, -, -
METROPOLIS, EQ, 15-Jul-2021,2811.7,2830.0,2866.75,2801.35, 2812.00,2808.05,2829.37,90874,2571.16,10140, 26095, 28.72
MFSL, EQ, 15-Jul-2021,1074.45,1076.0,1091.0,1054.35, 1062.75,1058.75,1073.33,723207,7762.38,22389, 186976, 25.85
MGEL, EQ, 15-Jul-2021,54.75,56.0,56.75,55.15, 55.20,56.3,55.79,20669,11.53,396, 5540, 26.80
MGL, EQ, 15-Jul-2021,1169.75,1175.9,1178.4,1157.55, 1159.00,1160.75,1170.17,304898,3567.82,11295, 100654, 33.01
MHHL, SM, 15-Jul-2021,28.5,28.9,28.9,28.5, 28.50,28.5,28.77,9000,2.59,3, 6000, 66.67
MHRIL, EQ, 15-Jul-2021,335.4,333.6,334.35,315.25, 320.00,319.85,327.77,896407,2938.12,16920, 419069, 46.75
MIDHANI, EQ, 15-Jul-2021,201.5,201.55,201.95,198.9, 199.10,199.1,199.89,270055,539.81,4914, 141100, 52.25
MINDACORP, EQ, 15-Jul-2021,135.6,135.9,147.35,134.5, 145.40,145.2,142.94,4259567,6088.71,36125, 920219, 21.60
MINDAIND, EQ, 15-Jul-2021,702.95,708.6,715.95,700.25, 711.00,712.1,709.23,292898,2077.33,13408, 125167, 42.73
MINDSPACE, RR, 15-Jul-2021,281.76,281.01,283.49,280.05, 280.79,280.75,281.6,380000,1070.1,1037, 322400, 84.84
MINDTECK, EQ, 15-Jul-2021,83.6,86.7,87.75,85.1, 87.25,87.25,87.08,135405,117.91,1917, 81895, 60.48
MINDTREE, EQ, 15-Jul-2021,2703.05,2698.5,2740.0,2670.25, 2731.20,2732.1,2719.27,2215615,60248.62,93593, 378373, 17.08
MIRCELECTR, EQ, 15-Jul-2021,22.95,23.25,23.25,21.85, 21.85,21.9,22.33,1242692,277.45,2532, 881006, 70.89
MIRZAINT, EQ, 15-Jul-2021,55.35,55.95,56.35,54.2, 55.00,55.1,55.52,712361,395.5,4065, 345472, 48.50
MITCON, SM, 15-Jul-2021,38.7,40.6,40.6,40.6, 40.60,40.6,40.6,8000,3.25,4, 8000, 100.00
MITTAL, EQ, 15-Jul-2021,12.05,11.85,12.1,11.85, 12.05,12.05,12.04,58864,7.09,146, 50761, 86.23
MMFL, EQ, 15-Jul-2021,757.65,748.0,760.2,735.0, 742.00,747.2,752.91,6092,45.87,587, 4530, 74.36
MMP, EQ, 15-Jul-2021,136.05,134.5,140.0,132.0, 140.00,138.0,135.43,88935,120.44,3030, 59100, 66.45
MMTC, EQ, 15-Jul-2021,53.3,53.3,53.95,52.4, 52.55,52.65,53.13,2967588,1576.78,11184, 874404, 29.47
MODIRUBBER, BE, 15-Jul-2021,72.4,73.75,73.75,70.2, 72.05,72.05,71.76,1883,1.35,34, -, -
MODISNME, EQ, 15-Jul-2021,88.3,88.5,90.6,87.05, 88.35,88.8,88.72,255575,226.75,5311, 118987, 46.56
MOGSEC, EQ, 15-Jul-2021,48.2,52.38,53.33,48.16, 48.30,48.3,48.78,2549,1.24,40, 1340, 52.57
MOHITIND, BE, 15-Jul-2021,15.95,15.2,16.3,15.2, 15.20,15.8,15.37,45540,7.0,174, -, -
MOHOTAIND, EQ, 15-Jul-2021,10.25,10.35,10.55,9.8, 9.80,9.9,10.13,96989,9.83,330, 69630, 71.79
MOIL, EQ, 15-Jul-2021,189.85,189.55,191.5,187.25, 188.25,188.2,189.32,486266,920.6,10584, 183979, 37.84
MOKSH, EQ, 15-Jul-2021,24.55,24.95,26.0,24.9, 25.65,25.6,25.53,1868194,476.88,2650, 1646617, 88.14
MOLDTECH, EQ, 15-Jul-2021,98.9,99.1,99.8,95.0, 96.90,96.5,97.93,138025,135.17,2306, 89920, 65.15
MOLDTEKPP, E1, 15-Jul-2021,398.8,407.95,409.95,378.1, 404.00,398.0,399.15,852,3.4,130, 522, 61.27
MOLDTKPAC, EQ, 15-Jul-2021,530.75,535.0,541.0,518.25, 520.00,520.2,522.33,73757,385.25,8088, 45652, 61.90
MOLDTKPAC, W1, 15-Jul-2021,386.0,385.0,386.0,352.05, 352.05,352.05,361.55,82,0.3,5, 77, 93.90
MOM100, EQ, 15-Jul-2021,29.01,29.29,29.29,29.01, 29.12,29.07,29.11,105342,30.67,1604, 76554, 72.67
MOM50, EQ, 15-Jul-2021,157.53,156.0,158.0,155.54, 157.64,157.06,157.49,1180,1.86,84, 1070, 90.68
MON100, EQ, 15-Jul-2021,110.07,110.6,110.6,109.55, 109.55,109.6,109.86,647878,711.75,6043, 484991, 74.86
MONTECARLO, EQ, 15-Jul-2021,364.05,368.0,374.95,364.0, 367.80,368.5,370.24,125983,466.43,5113, 63158, 50.13
MORARJEE, EQ, 15-Jul-2021,21.05,21.3,21.7,20.3, 20.65,20.7,20.9,40882,8.54,193, 32029, 78.34
MOREPENLAB, EQ, 15-Jul-2021,67.9,68.1,69.7,66.75, 67.55,67.3,67.97,2365121,1607.67,13682, 1318721, 55.76
MOTHERSUMI, EQ, 15-Jul-2021,244.2,244.0,247.25,241.45, 242.60,242.2,244.25,5944508,14519.21,59984, 2174447, 36.58
MOTILALOFS, EQ, 15-Jul-2021,1012.55,1013.75,1033.0,1005.0, 1023.50,1021.9,1020.92,537314,5485.52,18316, 166984, 31.08
MOTOGENFIN, EQ, 15-Jul-2021,22.45,22.55,22.85,21.6, 22.00,21.95,22.34,16753,3.74,220, 7625, 45.51
MPHASIS, EQ, 15-Jul-2021,2375.5,2375.5,2407.35,2331.9, 2388.00,2389.0,2377.94,885491,21056.43,50804, 234076, 26.43
MPSLTD, EQ, 15-Jul-2021,647.25,655.0,664.0,638.1, 654.00,657.3,652.39,28721,187.37,2520, 17331, 60.34
MRF, EQ, 15-Jul-2021,82806.05,82806.0,83254.95,81116.0, 81400.00,81445.2,81833.09,10241,8380.53,6758, 2536, 24.76
MRO-TEK, EQ, 15-Jul-2021,33.1,34.5,34.5,32.6, 33.40,32.8,33.46,5864,1.96,69, 4886, 83.32
MRPL, EQ, 15-Jul-2021,48.7,48.7,49.05,48.1, 48.35,48.25,48.58,965693,469.12,4913, 366670, 37.97
MSPL, BE, 15-Jul-2021,11.15,11.25,11.25,10.7, 10.80,10.9,10.83,612829,66.38,357, -, -
MSTCLTD, EQ, 15-Jul-2021,312.75,312.55,322.0,312.45, 314.40,315.15,317.72,944685,3001.42,18763, 268483, 28.42
MTARTECH, EQ, 15-Jul-2021,1409.65,1419.15,1534.95,1393.0, 1484.75,1481.85,1473.7,1399113,20618.79,73631, 336785, 24.07
MTEDUCARE, BE, 15-Jul-2021,9.8,10.0,10.0,9.5, 9.75,9.75,9.65,102198,9.86,282, -, -
MTNL, EQ, 15-Jul-2021,21.8,21.7,22.85,21.45, 22.85,22.85,22.63,7093330,1605.55,6226, 4419341, 62.30
MUKANDLTD, BE, 15-Jul-2021,135.0,135.95,139.95,132.35, 134.30,135.05,135.21,42949,58.07,370, -, -
MUKANDLTD, P1, 15-Jul-2021,5.85,5.55,5.95,5.55, 5.55,5.55,5.58,285,0.02,10, 264, 92.63
MUKTAARTS, EQ, 15-Jul-2021,37.3,37.35,37.95,37.3, 37.90,37.65,37.67,12092,4.56,184, 7786, 64.39
MUNJALAU, EQ, 15-Jul-2021,67.3,68.0,68.3,66.5, 66.50,66.7,67.4,303234,204.37,2860, 163518, 53.92
MUNJALSHOW, EQ, 15-Jul-2021,145.0,145.1,153.45,145.1, 151.45,150.9,150.44,373541,561.94,6976, 183310, 49.07
MURUDCERA, EQ, 15-Jul-2021,30.65,30.8,32.7,30.65, 31.35,31.6,31.68,446442,141.42,3569, 215058, 48.17
MUTHOOTCAP, EQ, 15-Jul-2021,418.1,419.7,423.0,411.0, 415.90,413.55,418.09,32738,136.88,2221, 20718, 63.28
MUTHOOTFIN, EQ, 15-Jul-2021,1547.2,1554.0,1583.4,1549.55, 1569.00,1568.55,1568.62,693234,10874.22,30364, 188941, 27.26
NABARD, N2, 15-Jul-2021,1241.5,1248.6,1248.6,1240.0, 1240.00,1240.03,1243.26,641,7.97,4, 641, 100.00
NACLIND, EQ, 15-Jul-2021,78.9,80.0,83.55,79.8, 80.60,80.75,81.92,294368,241.15,2218, 192847, 65.51
NAGAFERT, BE, 15-Jul-2021,19.6,19.6,20.55,18.65, 20.00,19.65,19.72,3645140,718.96,3622, -, -
NAGREEKEXP, EQ, 15-Jul-2021,32.8,33.95,33.95,31.6, 32.60,32.0,32.79,31184,10.22,385, 18287, 58.64
NAHARCAP, EQ, 15-Jul-2021,209.75,210.05,234.0,209.1, 223.00,219.5,222.44,116948,260.14,4433, 35593, 30.43
NAHARINDUS, EQ, 15-Jul-2021,98.7,98.1,103.6,98.1, 103.00,103.05,102.48,186124,190.74,1455, 137130, 73.68
NAHARPOLY, EQ, 15-Jul-2021,179.8,180.8,209.0,178.75, 198.80,198.9,195.22,782231,1527.11,15317, 173260, 22.15
NAHARSPING, EQ, 15-Jul-2021,291.05,298.0,302.0,281.0, 292.05,292.55,292.16,143319,418.73,2703, 96643, 67.43
NAM-INDIA, EQ, 15-Jul-2021,386.2,388.4,401.0,384.4, 396.00,396.35,394.79,2713384,10712.27,34411, 741412, 27.32
NANDANI, SM, 15-Jul-2021,35.2,33.45,36.9,33.45, 36.90,36.9,35.18,10000,3.52,2, 10000, 100.00
NATCOPHARM, EQ, 15-Jul-2021,1089.25,1089.25,1111.0,1080.15, 1111.00,1105.9,1097.23,367002,4026.85,11413, 240520, 65.54
NATHBIOGEN, EQ, 15-Jul-2021,377.9,384.65,384.65,375.0, 378.00,376.65,377.99,38950,147.23,1954, 24518, 62.95
NATIONALUM, EQ, 15-Jul-2021,84.6,84.6,85.0,82.55, 83.65,83.95,83.82,16939947,14199.39,39624, 6808852, 40.19
NATNLSTEEL, BE, 15-Jul-2021,3.7,3.6,3.85,3.6, 3.85,3.85,3.74,12788,0.48,20, -, -
NAUKRI, EQ, 15-Jul-2021,5206.5,5229.0,5270.75,5180.0, 5216.00,5210.7,5212.22,300194,15646.78,25273, 75636, 25.20
NAVINFLUOR, EQ, 15-Jul-2021,3892.65,3925.0,3950.0,3823.0, 3850.00,3848.1,3880.87,192686,7477.89,20533, 35553, 18.45
NAVKARCORP, EQ, 15-Jul-2021,51.65,51.65,53.35,49.25, 50.50,50.2,51.5,3132386,1613.31,13620, 1393799, 44.50
NAVNETEDUL, EQ, 15-Jul-2021,98.05,98.05,98.65,97.65, 97.90,97.8,97.97,186021,182.24,3904, 100186, 53.86
NAZARA, EQ, 15-Jul-2021,1826.8,1835.0,1898.0,1825.1, 1859.00,1866.7,1865.93,619857,11566.12,36097, 132971, 21.45
NBCC, EQ, 15-Jul-2021,53.95,54.15,54.2,53.15, 53.25,53.25,53.59,5727900,3069.49,17487, 2420759, 42.26
NBIFIN, EQ, 15-Jul-2021,2265.15,2286.9,2286.9,2250.0, 2283.00,2276.25,2267.03,528,11.97,89, 346, 65.53
NBVENTURES, EQ, 15-Jul-2021,116.75,117.0,118.5,114.55, 115.35,115.25,116.71,491888,574.08,6844, 287237, 58.39
NCC, EQ, 15-Jul-2021,92.8,93.2,94.95,91.7, 92.50,92.45,93.21,3466603,3231.39,14251, 1482662, 42.77
NCLIND, EQ, 15-Jul-2021,237.0,237.05,243.0,234.0, 240.00,241.1,240.62,356211,857.13,7774, 199908, 56.12
NCPSESDL24, EQ, 15-Jul-2021,104.82,104.82,104.86,104.82, 104.86,104.86,104.82,51,0.05,4, 51, 100.00
NDGL, EQ, 15-Jul-2021,1693.85,1743.9,1743.9,1653.0, 1653.00,1663.8,1681.65,535,9.0,142, 274, 51.21
NDL, BE, 15-Jul-2021,58.1,59.5,61.0,59.5, 61.00,60.85,60.96,108493,66.14,336, -, -
NDRAUTO, EQ, 15-Jul-2021,386.45,394.0,394.0,371.2, 377.00,379.6,382.26,54067,206.68,2154, 26719, 49.42
NDTV, EQ, 15-Jul-2021,75.9,75.55,77.75,74.55, 75.35,74.9,75.26,51763,38.95,831, 21549, 41.63
NECCLTD, EQ, 15-Jul-2021,15.45,15.75,16.0,14.75, 15.00,15.05,15.4,170985,26.34,711, 99969, 58.47
NECLIFE, EQ, 15-Jul-2021,42.85,42.7,43.25,40.8, 41.00,41.15,41.61,1177083,489.82,5768, 784448, 66.64
NELCAST, EQ, 15-Jul-2021,86.0,87.25,90.3,87.0, 87.45,87.75,88.98,3398043,3023.72,19489, 1215810, 35.78
NELCO, EQ, 15-Jul-2021,374.25,375.25,391.6,375.25, 382.40,381.05,384.11,239628,920.43,6699, 106625, 44.50
NEOGEN, EQ, 15-Jul-2021,900.2,905.9,928.05,905.9, 911.00,912.25,918.93,62262,572.14,4589, 24123, 38.74
NESCO, EQ, 15-Jul-2021,647.6,653.6,654.9,635.0, 641.90,638.7,644.12,100022,644.26,4577, 52591, 52.58
NESTLEIND, EQ, 15-Jul-2021,17539.7,17525.0,17657.8,17450.0, 17592.00,17621.85,17595.61,27839,4898.44,10216, 14997, 53.87
NETF, EQ, 15-Jul-2021,193.99,195.45,195.45,195.45, 195.45,195.45,195.45,17,0.03,5, 17, 100.00
NETFCONSUM, EQ, 15-Jul-2021,69.1,69.75,71.0,68.16, 68.99,68.44,69.44,23141,16.07,268, 11022, 47.63
NETFDIVOPP, EQ, 15-Jul-2021,40.01,40.01,40.93,39.89, 40.70,40.83,40.54,16573,6.72,95, 14300, 86.28
NETFGILT5Y, EQ, 15-Jul-2021,48.3,48.3,48.35,48.25, 48.25,48.25,48.26,1012,0.49,8, 1000, 98.81
NETFIT, EQ, 15-Jul-2021,29.65,29.68,30.24,29.44, 30.12,30.09,30.01,658040,197.51,2778, 332973, 50.60
NETFLTGILT, EQ, 15-Jul-2021,22.46,22.46,22.49,22.4, 22.48,22.46,22.42,7369,1.65,83, 6666, 90.46
NETFMID150, EQ, 15-Jul-2021,105.35,105.98,106.13,105.0, 105.65,105.52,105.61,78795,83.21,1014, 48422, 61.45
NETFNIF100, EQ, 15-Jul-2021,165.28,168.0,168.0,164.1, 166.68,166.62,166.37,1063,1.77,77, 850, 79.96
NETFNV20, EQ, 15-Jul-2021,87.92,88.0,88.78,86.55, 88.18,88.22,88.28,14469,12.77,118, 11495, 79.45
NETFPHARMA, EQ, 15-Jul-2021,14.54,14.8,14.8,14.33, 14.50,14.53,14.58,195911,28.56,536, 173538, 88.58
NETFSDL26, EQ, 15-Jul-2021,103.62,103.57,103.62,103.55, 103.55,103.55,103.55,200072,207.18,15, 200000, 99.96
NETWORK18, EQ, 15-Jul-2021,51.3,51.65,52.7,51.2, 52.05,52.0,51.9,1556579,807.79,5824, 515883, 33.14
NEULANDLAB, BE, 15-Jul-2021,2228.65,2230.0,2248.65,2201.0, 2204.00,2211.65,2218.0,6824,151.36,819, -, -
NEWGEN, BE, 15-Jul-2021,699.5,700.0,715.0,697.0, 699.00,701.2,708.5,199579,1414.02,6057, -, -
NEXTMEDIA, EQ, 15-Jul-2021,5.8,5.8,5.9,5.65, 5.80,5.75,5.76,14847,0.86,52, 12383, 83.40
NFL, EQ, 15-Jul-2021,62.85,63.0,64.0,62.6, 62.75,62.7,63.14,1163350,734.51,5862, 428636, 36.84
NH, EQ, 15-Jul-2021,528.25,527.0,530.0,512.0, 517.45,515.7,517.53,496246,2568.21,10912, 300408, 60.54
NHAI, N1, 15-Jul-2021,1084.55,1088.49,1088.49,1084.51, 1085.30,1085.3,1087.64,1646,17.9,11, 1516, 92.10
NHAI, N2, 15-Jul-2021,1252.0,1252.0,1255.0,1252.0, 1254.00,1254.0,1253.73,6493,81.4,37, 5273, 81.21
NHAI, N4, 15-Jul-2021,1185.0,1118.32,1125.0,1118.32, 1123.12,1123.49,1120.91,10,0.11,3, 5, 50.00
NHAI, N6, 15-Jul-2021,1277.99,1279.0,1286.99,1270.2, 1270.21,1270.21,1274.45,3026,38.56,57, 2671, 88.27
NHAI, N8, 15-Jul-2021,1116.6,1117.52,1140.0,1117.52, 1125.00,1129.14,1134.43,1967,22.31,19, 1922, 97.71
NHAI, N9, 15-Jul-2021,1245.0,1230.0,1230.0,1230.0, 1230.00,1230.0,1230.0,1000,12.3,2, 1000, 100.00
NHAI, NA, 15-Jul-2021,1240.27,1241.0,1245.0,1238.0, 1240.00,1240.0,1239.95,53176,659.35,44, 52015, 97.82
NHAI, NE, 15-Jul-2021,1275.0,1275.0,1275.0,1265.5, 1267.01,1267.11,1268.66,1957,24.83,34, 1841, 94.07
NHBTF2014, N4, 15-Jul-2021,5775.0,5621.0,5621.0,5620.0, 5620.00,5620.0,5620.77,13,0.73,2, 13, 100.00
NHBTF2014, N6, 15-Jul-2021,7151.01,7160.25,7200.0,7160.25, 7200.00,7200.0,7199.18,218,15.69,8, 215, 98.62
NHBTF2023, N7, 15-Jul-2021,7101.0,7100.0,7101.0,7100.0, 7101.00,7101.0,7100.64,25,1.78,2, 25, 100.00
NHPC, EQ, 15-Jul-2021,26.0,26.05,26.15,26.0, 26.10,26.1,26.1,2527777,659.65,6903, 1493974, 59.10
NHPC, N5, 15-Jul-2021,1365.8,1256.22,1270.0,1256.22, 1270.00,1269.99,1265.36,297,3.76,16, 197, 66.33
NIACL, EQ, 15-Jul-2021,166.3,167.0,167.4,165.0, 165.15,165.6,165.88,228270,378.66,8737, 141918, 62.17
NIBL, BE, 15-Jul-2021,17.8,18.35,18.4,17.05, 18.20,18.1,17.62,41051,7.23,159, -, -
NIFTYBEES, EQ, 15-Jul-2021,170.6,184.9,184.9,169.5, 171.20,171.28,171.13,765208,1309.54,16725, 472370, 61.73
NIITLTD, EQ, 15-Jul-2021,291.4,292.5,301.35,290.75, 294.00,293.55,296.8,1055701,3133.29,19886, 353949, 33.53
NILAINFRA, EQ, 15-Jul-2021,6.3,6.4,6.9,6.25, 6.90,6.8,6.77,1713620,116.09,1767, 701045, 40.91
NILASPACES, BE, 15-Jul-2021,2.15,2.15,2.2,2.05, 2.15,2.1,2.08,596381,12.39,458, -, -
NILKAMAL, EQ, 15-Jul-2021,2507.5,2500.7,2538.0,2480.0, 2501.05,2517.2,2505.39,15937,399.28,2630, 11106, 69.69
NIPPOBATRY, EQ, 15-Jul-2021,1088.75,1104.0,1187.8,1081.05, 1155.75,1153.55,1147.3,332891,3819.27,19856, 109846, 33.00
NIRAJ, EQ, 15-Jul-2021,50.2,51.65,51.65,49.0, 50.00,49.6,49.72,26245,13.05,554, 14071, 53.61
NITCO, EQ, 15-Jul-2021,27.65,27.95,28.1,27.35, 27.55,27.65,27.66,58726,16.24,505, 39823, 67.81
NITINFIRE, BZ, 15-Jul-2021,1.85,1.9,1.9,1.9, 1.90,1.9,1.9,42906,0.82,20, -, -
NITINSPIN, EQ, 15-Jul-2021,162.4,165.0,168.35,163.15, 165.20,164.8,165.96,841934,1397.24,11479, 455317, 54.08
NITIRAJ, EQ, 15-Jul-2021,51.9,52.95,52.95,50.45, 52.55,51.85,52.53,425,0.22,23, 375, 88.24
NKIND, BE, 15-Jul-2021,28.85,28.85,28.85,27.45, 27.45,27.45,27.52,416,0.11,8, -, -
NLCINDIA, EQ, 15-Jul-2021,60.45,60.3,62.4,59.95, 60.30,60.3,60.85,2973573,1809.44,11984, 1158916, 38.97
NMDC, EQ, 15-Jul-2021,172.05,172.8,173.45,171.55, 173.20,172.65,172.72,10462808,18071.23,50833, 6127651, 58.57
NOCIL, EQ, 15-Jul-2021,262.35,263.4,264.45,255.55, 262.00,261.9,260.67,1657720,4321.26,24656, 446999, 26.96
NOIDATOLL, EQ, 15-Jul-2021,6.75,7.0,7.0,6.45, 6.45,6.5,6.52,714802,46.63,444, 372266, 52.08
NOVARTIND, EQ, 15-Jul-2021,1046.35,1052.0,1059.65,1008.35, 1018.00,1013.85,1030.28,61927,638.02,4945, 33250, 53.69
NPBET, EQ, 15-Jul-2021,190.05,187.0,192.61,187.0, 189.20,190.12,190.84,346,0.66,35, 116, 33.53
NRAIL, EQ, 15-Jul-2021,256.25,258.0,261.9,249.0, 250.05,251.95,254.63,33092,84.26,3045, 15490, 46.81
NRBBEARING, EQ, 15-Jul-2021,140.7,140.7,144.2,140.7, 141.55,141.8,142.42,181800,258.91,3838, 85737, 47.16
NSIL, EQ, 15-Jul-2021,1784.65,1800.0,1800.0,1771.0, 1771.00,1776.0,1788.34,492,8.8,168, 364, 73.98
NTL, BE, 15-Jul-2021,1.45,1.5,1.5,1.5, 1.50,1.5,1.5,17802,0.27,15, -, -
NTPC, EQ, 15-Jul-2021,120.75,120.75,121.2,119.2, 120.10,120.3,120.31,11278872,13569.42,49392, 5214352, 46.23
NTPC, N3, 15-Jul-2021,1450.0,1412.0,1412.0,1412.0, 1412.00,1412.0,1412.0,2500,35.3,5, 2500, 100.00
NTPC, N4, 15-Jul-2021,1132.33,1131.42,1159.79,1131.42, 1159.79,1159.79,1131.56,201,2.27,2, 201, 100.00
NTPC, N5, 15-Jul-2021,1325.55,1301.0,1301.0,1301.0, 1301.00,1301.0,1301.0,50,0.65,1, 50, 100.00
NTPC, N7, 15-Jul-2021,13.81,13.81,13.88,13.79, 13.82,13.82,13.81,34395,4.75,128, 34326, 99.80
NTPC, NB, 15-Jul-2021,1160.0,1159.0,1159.0,1159.0, 1159.00,1159.0,1159.0,3,0.03,1, 3, 100.00
NTPC, ND, 15-Jul-2021,1330.0,1326.6,1345.0,1326.6, 1345.00,1345.0,1344.78,307,4.13,7, 304, 99.02
NUCLEUS, EQ, 15-Jul-2021,691.9,691.9,725.0,689.2, 711.00,711.8,712.35,408342,2908.81,19494, 116464, 28.52
NURECA, EQ, 15-Jul-2021,1632.95,1648.0,1650.0,1604.8, 1617.00,1615.45,1618.46,13583,219.84,1093, 9873, 72.69
NXTDIGITAL, EQ, 15-Jul-2021,510.15,502.45,516.75,486.55, 489.95,489.55,496.19,18878,93.67,1621, 12649, 67.00
OAL, EQ, 15-Jul-2021,878.85,889.0,905.0,864.95, 867.00,874.95,883.08,16537,146.04,1705, 9122, 55.16
OBEROIRLTY, EQ, 15-Jul-2021,686.6,693.4,729.0,671.55, 710.00,714.85,706.32,1227449,8669.72,40027, 299412, 24.39
OCCL, EQ, 15-Jul-2021,1074.95,1088.95,1118.95,1065.7, 1078.00,1077.4,1095.0,63084,690.77,6677, 39048, 61.90
OFSS, EQ, 15-Jul-2021,4150.75,4180.0,4198.0,4068.3, 4088.00,4093.9,4135.63,252444,10440.16,25819, 134414, 53.25
OIL, EQ, 15-Jul-2021,165.85,165.9,166.75,160.25, 161.55,161.35,162.89,849816,1384.26,10475, 463629, 54.56
OILCOUNTUB, BE, 15-Jul-2021,7.4,7.4,7.4,7.05, 7.05,7.05,7.06,6401,0.45,56, -, -
OLECTRA, BE, 15-Jul-2021,246.25,249.0,250.1,241.0, 245.00,242.65,244.55,212297,519.17,1732, -, -
OMAXAUTO, EQ, 15-Jul-2021,71.4,73.3,73.3,68.1, 69.15,69.0,70.33,127217,89.48,3337, 66894, 52.58
OMAXE, EQ, 15-Jul-2021,91.6,91.45,98.4,90.8, 93.65,94.3,95.66,634642,607.08,8346, 295157, 46.51
OMINFRAL, EQ, 15-Jul-2021,34.8,34.5,37.7,34.45, 36.20,36.3,36.41,694453,252.87,4022, 375727, 54.10
OMKARCHEM, EQ, 15-Jul-2021,9.25,9.7,9.7,9.7, 9.70,9.7,9.7,18414,1.79,31, 18413, 99.99
ONEPOINT, BE, 15-Jul-2021,50.05,52.25,52.55,50.5, 52.55,52.5,52.39,135721,71.1,724, -, -
ONGC, EQ, 15-Jul-2021,120.8,119.2,119.4,116.2, 117.10,116.9,117.2,28589465,33506.62,186280, 15436691, 53.99
ONMOBILE, EQ, 15-Jul-2021,147.75,148.4,148.9,143.5, 144.05,144.25,146.22,1039689,1520.27,13495, 428427, 41.21
ONWARDTEC, BE, 15-Jul-2021,233.85,238.5,245.5,230.0, 245.50,245.5,243.69,89768,218.75,851, -, -
OPTIEMUS, BE, 15-Jul-2021,173.9,168.0,175.0,165.55, 168.00,168.75,169.36,21547,36.49,945, -, -
OPTOCIRCUI, BE, 15-Jul-2021,4.55,4.55,4.65,4.5, 4.65,4.6,4.56,296887,13.54,444, -, -
ORBTEXP, EQ, 15-Jul-2021,75.55,78.9,78.95,74.2, 74.30,74.5,76.81,93299,71.66,1841, 58757, 62.98
ORCHPHARMA, BE, 15-Jul-2021,547.2,521.0,574.55,521.0, 574.55,574.55,541.81,538782,2919.2,4115, -, -
ORICONENT, EQ, 15-Jul-2021,31.55,32.0,32.0,30.0, 30.00,30.1,30.65,151462,46.42,769, 111117, 73.36
ORIENTABRA, EQ, 15-Jul-2021,34.1,34.35,34.5,33.25, 33.60,33.5,33.81,174718,59.07,1833, 86407, 49.46
ORIENTALTL, EQ, 15-Jul-2021,11.25,11.45,11.5,10.8, 11.10,11.0,11.14,170678,19.02,393, 58123, 34.05
ORIENTBELL, EQ, 15-Jul-2021,330.4,338.0,338.0,321.0, 321.60,325.0,328.26,10378,34.07,611, 7252, 69.88
ORIENTCEM, EQ, 15-Jul-2021,144.65,145.85,149.05,144.7, 146.50,146.1,146.53,1564103,2291.84,7830, 1291663, 82.58
ORIENTELEC, EQ, 15-Jul-2021,310.15,311.0,312.75,307.25, 311.05,311.0,310.73,385083,1196.56,14826, 283582, 73.64
ORIENTHOT, EQ, 15-Jul-2021,37.9,38.0,38.3,37.45, 37.55,37.7,37.74,82105,30.99,898, 55952, 68.15
ORIENTLTD, EQ, 15-Jul-2021,87.25,88.0,90.0,85.55, 87.35,87.85,88.35,46608,41.18,798, 29826, 63.99
ORIENTPPR, EQ, 15-Jul-2021,30.55,30.75,30.85,29.75, 30.00,29.9,30.29,1090029,330.12,3398, 539831, 49.52
ORIENTREF, EQ, 15-Jul-2021,330.7,332.2,334.15,323.7, 328.30,328.35,329.09,136915,450.57,4250, 88069, 64.32
ORISSAMINE, EQ, 15-Jul-2021,3216.3,3224.95,3299.0,3203.1, 3233.30,3232.9,3254.35,18382,598.22,3624, 7561, 41.13
ORTEL, BZ, 15-Jul-2021,1.0,1.0,1.0,1.0, 1.00,1.0,1.0,3000,0.03,3, -, -
ORTINLAB, EQ, 15-Jul-2021,36.4,36.45,37.0,36.0, 36.20,36.05,36.32,99788,36.24,965, 49210, 49.31
OSIAHYPER, SM, 15-Jul-2021,188.1,188.0,188.1,188.0, 188.10,188.1,188.05,800,1.5,2, 800, 100.00
OSWALAGRO, EQ, 15-Jul-2021,19.3,19.7,20.0,18.6, 19.05,18.85,19.1,509888,97.39,1668, 408789, 80.17
PAEL, BZ, 15-Jul-2021,7.2,7.05,7.05,6.85, 6.90,6.9,6.86,8636,0.59,51, -, -
PAGEIND, EQ, 15-Jul-2021,32887.6,32933.0,33409.85,32931.9, 32965.25,33046.4,33168.23,23185,7690.05,12408, 8826, 38.07
PAISALO, EQ, 15-Jul-2021,663.9,654.6,686.7,645.0, 659.00,660.4,667.66,149752,999.84,6934, 68628, 45.83
PALASHSECU, BE, 15-Jul-2021,74.95,72.1,77.95,72.0, 72.00,72.1,72.37,3872,2.8,50, -, -
PALREDTEC, EQ, 15-Jul-2021,111.65,119.8,119.9,111.0, 111.55,111.8,114.01,38249,43.61,1225, 25395, 66.39
PANACEABIO, EQ, 15-Jul-2021,369.95,370.95,372.8,362.55, 365.55,365.05,365.28,146368,534.66,4630, 101792, 69.55
PANACHE, EQ, 15-Jul-2021,81.5,83.2,83.35,78.0, 79.05,79.8,80.45,49916,40.16,787, 27667, 55.43
PANAMAPET, EQ, 15-Jul-2021,262.75,264.0,266.4,257.05, 258.00,257.8,260.33,150844,392.69,4264, 91089, 60.39
PAR, SM, 15-Jul-2021,120.15,122.65,126.15,122.65, 126.15,126.15,125.46,34000,42.66,16, 30000, 88.24
PARACABLES, EQ, 15-Jul-2021,23.4,23.4,23.9,21.1, 21.10,21.1,21.73,3870914,841.09,10927, 2179112, 56.29
PARAGMILK, EQ, 15-Jul-2021,140.6,143.0,147.45,141.5, 141.90,142.1,144.77,2347433,3398.37,28462, 1167003, 49.71
PARIN, SM, 15-Jul-2021,47.0,46.1,46.1,46.1, 46.10,46.1,46.1,2000,0.92,1, 2000, 100.00
PARSVNATH, EQ, 15-Jul-2021,14.0,14.7,14.7,14.2, 14.70,14.7,14.61,1325613,193.67,1006, 803025, 60.58
PATELENG, EQ, 15-Jul-2021,19.15,19.4,19.6,19.05, 19.20,19.3,19.3,1755230,338.67,4437, 1056311, 60.18
PATINTLOG, EQ, 15-Jul-2021,26.2,26.6,27.3,25.7, 26.00,25.95,26.68,304524,81.23,1279, 219802, 72.18
PATSPINLTD, BE, 15-Jul-2021,7.7,8.0,8.05,7.55, 7.60,7.9,7.81,8237,0.64,35, -, -
PAVNAIND, SM, 15-Jul-2021,181.0,181.0,191.0,181.0, 191.00,191.0,186.0,1600,2.98,2, 1600, 100.00
PBAINFRA, EQ, 15-Jul-2021,15.75,15.75,16.5,15.0, 15.20,15.25,15.76,55692,8.78,360, 26827, 48.17
PCJEWELLER, EQ, 15-Jul-2021,27.2,27.5,28.4,27.1, 27.65,27.7,27.87,4942132,1377.28,9047, 2074074, 41.97
PDMJEPAPER, EQ, 15-Jul-2021,45.75,46.05,46.1,44.0, 44.15,44.2,45.01,385591,173.56,2783, 228668, 59.30
PDSMFL, EQ, 15-Jul-2021,1024.25,1042.8,1175.0,1038.0, 1130.00,1129.95,1133.6,37381,423.75,2808, 19102, 51.10
PEARLPOLY, EQ, 15-Jul-2021,17.45,17.9,17.9,16.75, 16.75,16.85,17.28,12944,2.24,296, 7454, 57.59
PEL, EQ, 15-Jul-2021,2289.65,2290.0,2331.0,2272.0, 2277.10,2277.25,2294.48,639927,14682.99,29131, 96963, 15.15
PENIND, EQ, 15-Jul-2021,34.9,35.15,36.4,33.5, 35.70,35.85,35.24,3635650,1281.1,9836, 1825039, 50.20
PENINLAND, BE, 15-Jul-2021,14.3,14.7,15.0,14.3, 15.00,15.0,14.96,436985,65.37,590, -, -
PERSISTENT, EQ, 15-Jul-2021,2786.65,2814.9,2878.0,2808.55, 2860.00,2845.75,2850.47,324528,9250.58,22386, 178480, 55.00
PETRONET, EQ, 15-Jul-2021,221.55,221.7,222.45,220.6, 221.35,221.0,221.27,1911055,4228.65,15691, 1319006, 69.02
PFC, EQ, 15-Jul-2021,123.9,123.9,127.4,123.7, 125.75,125.7,126.29,7960713,10053.23,47661, 3004980, 37.75
PFC, N3, 15-Jul-2021,1335.0,1335.0,1335.0,1335.0, 1335.00,1335.0,1335.0,139,1.86,1, 139, 100.00
PFC, N4, 15-Jul-2021,1081.0,1080.1,1084.9,1080.1, 1084.90,1084.9,1084.7,2343,25.41,2, 2343, 100.00
PFC, N5, 15-Jul-2021,1249.0,1248.0,1250.0,1248.0, 1250.00,1250.0,1248.46,2690,33.58,7, 2690, 100.00
PFC, N8, 15-Jul-2021,1432.0,1436.0,1438.0,1436.0, 1437.95,1437.95,1437.59,25,0.36,4, 25, 100.00
PFIZER, EQ, 15-Jul-2021,5757.9,5769.95,5769.95,5641.0, 5658.00,5653.7,5701.3,85171,4855.85,6247, 44328, 52.05
PFOCUS, BE, 15-Jul-2021,56.5,56.0,59.0,55.55, 57.45,57.85,57.7,49811,28.74,193, -, -
PFS, EQ, 15-Jul-2021,19.7,19.95,22.4,19.8, 21.40,21.3,21.66,16843522,3647.64,26646, 6240568, 37.05
PGEL, EQ, 15-Jul-2021,410.7,409.05,413.5,400.25, 400.50,401.45,403.52,27271,110.04,1002, 20464, 75.04
PGHH, EQ, 15-Jul-2021,12964.2,13035.05,13035.05,12900.2, 12905.00,12926.4,12934.07,3287,425.14,1373, 2161, 65.74
PGHL, EQ, 15-Jul-2021,5707.3,5751.95,5751.95,5650.0, 5668.00,5665.05,5678.42,5545,314.87,1604, 4250, 76.65
PGIL, EQ, 15-Jul-2021,277.1,270.0,276.65,268.6, 270.50,271.85,271.72,13445,36.53,1182, 8216, 61.11
PGINVIT, IV, 15-Jul-2021,114.53,114.75,116.18,114.0, 115.81,115.96,115.57,695300,803.53,1710, 650100, 93.50
PHILIPCARB, EQ, 15-Jul-2021,241.65,242.55,244.6,238.0, 241.55,242.6,241.86,1008589,2439.34,11242, 387834, 38.45
PHOENIXLTD, EQ, 15-Jul-2021,859.2,863.4,869.0,852.9, 860.00,860.2,860.03,303799,2612.76,23860, 229789, 75.64
PIDILITIND, EQ, 15-Jul-2021,2249.35,2261.2,2261.8,2242.35, 2246.00,2249.15,2248.04,176959,3978.11,16765, 106454, 60.16
PIIND, EQ, 15-Jul-2021,2962.15,2964.9,3019.0,2952.0, 2959.00,2959.9,2976.27,137516,4092.85,13222, 42483, 30.89
PILANIINVS, EQ, 15-Jul-2021,1997.1,2000.5,2010.0,1990.0, 1993.90,1995.3,2000.75,5316,106.36,479, 4598, 86.49
PILITA, EQ, 15-Jul-2021,8.6,8.7,8.9,8.4, 8.55,8.5,8.63,2644141,228.23,2860, 1338391, 50.62
PIONDIST, EQ, 15-Jul-2021,128.55,129.5,129.95,127.3, 128.00,128.2,128.22,43035,55.18,366, 28964, 67.30
PIONEEREMB, EQ, 15-Jul-2021,60.7,61.2,62.35,56.85, 58.75,58.7,60.39,396058,239.2,4299, 141720, 35.78
PITTIENG, EQ, 15-Jul-2021,151.65,152.95,153.85,147.1, 147.15,147.7,150.75,264844,399.25,2912, 134773, 50.89
PKTEA, BE, 15-Jul-2021,322.5,338.6,338.6,325.0, 336.85,328.55,334.78,2321,7.77,102, -, -
PLASTIBLEN, EQ, 15-Jul-2021,285.45,287.0,295.85,286.0, 289.15,289.25,291.43,276520,805.87,9303, 120448, 43.56
PNB, EQ, 15-Jul-2021,40.7,40.8,40.9,40.3, 40.40,40.35,40.57,32145976,13040.45,66043, 10476941, 32.59
PNBGILTS, EQ, 15-Jul-2021,72.55,72.55,73.6,72.55, 73.00,73.0,72.89,247250,180.23,1972, 157502, 63.70
PNBHOUSING, BE, 15-Jul-2021,735.1,740.0,767.1,725.0, 730.00,729.2,734.67,48569,356.82,1395, -, -
PNC, BE, 15-Jul-2021,41.3,40.5,41.95,40.5, 40.55,40.55,40.67,8373,3.4,128, -, -
PNCINFRA, EQ, 15-Jul-2021,296.1,297.0,304.9,297.0, 303.50,303.0,302.04,590842,1784.56,9993, 222111, 37.59
PODDARHOUS, EQ, 15-Jul-2021,238.35,250.25,250.25,227.25, 238.70,239.45,245.5,70328,172.66,1997, 50586, 71.93
PODDARMENT, EQ, 15-Jul-2021,314.6,312.85,317.2,307.25, 307.25,309.9,313.05,43144,135.06,1937, 27600, 63.97
POKARNA, EQ, 15-Jul-2021,365.3,368.25,379.95,364.15, 371.05,371.25,373.97,249771,934.08,7522, 167947, 67.24
POLYCAB, EQ, 15-Jul-2021,1903.25,1918.35,1918.35,1891.5, 1902.30,1899.25,1902.62,220964,4204.09,19489, 165442, 74.87
POLYMED, EQ, 15-Jul-2021,984.95,993.45,993.45,965.4, 977.00,978.8,982.5,33674,330.85,4338, 16671, 49.51
POLYPLEX, EQ, 15-Jul-2021,1522.5,1534.7,1539.9,1501.0, 1509.00,1505.25,1514.62,106573,1614.17,7809, 49847, 46.77
PONNIERODE, EQ, 15-Jul-2021,315.45,315.45,319.1,301.0, 304.70,302.9,308.37,48706,150.2,1808, 26816, 55.06
POWERGRID, EQ, 15-Jul-2021,229.95,231.0,231.45,229.3, 230.35,230.4,230.75,3024464,6979.1,39035, 1809758, 59.84
POWERINDIA, EQ, 15-Jul-2021,1914.4,1940.0,1956.0,1901.0, 1902.00,1923.4,1937.96,28600,554.26,2998, 14194, 49.63
POWERMECH, EQ, 15-Jul-2021,841.15,841.9,847.95,825.0, 836.50,831.45,834.54,45406,378.93,3450, 24172, 53.24
PPAP, EQ, 15-Jul-2021,255.75,257.5,264.1,256.25, 260.15,260.2,260.82,140205,365.68,4538, 79438, 56.66
PPL, EQ, 15-Jul-2021,171.55,172.5,178.4,171.0, 175.20,175.3,175.16,252595,442.44,7010, 92032, 36.43
PRADIP, BE, 15-Jul-2021,1.15,1.2,1.2,1.1, 1.10,1.1,1.2,14182,0.17,11, -, -
PRAENG, EQ, 15-Jul-2021,18.6,18.95,18.95,17.7, 17.70,17.7,18.24,408740,74.57,970, 309541, 75.73
PRAJIND, BE, 15-Jul-2021,365.75,366.0,369.4,362.9, 365.00,365.6,365.59,315228,1152.45,10563, -, -
PRAKASH, EQ, 15-Jul-2021,79.1,79.1,79.75,77.75, 78.70,78.45,78.71,901760,709.77,7539, 511615, 56.74
PRAKASHSTL, BE, 15-Jul-2021,1.3,1.25,1.35,1.25, 1.35,1.35,1.29,1182553,15.25,319, -, -
PRAXIS, EQ, 15-Jul-2021,44.55,45.3,45.3,43.35, 43.40,43.6,43.95,7174,3.15,194, 4018, 56.01
PRECAM, EQ, 15-Jul-2021,89.15,89.8,93.7,89.3, 91.70,91.05,91.25,464477,423.82,5242, 305114, 65.69
PRECOT, EQ, 15-Jul-2021,260.3,273.3,273.3,248.35, 265.00,264.9,265.64,113354,301.11,1262, 81497, 71.90
PRECWIRE, EQ, 15-Jul-2021,222.4,227.4,227.4,221.0, 224.00,222.4,223.41,14664,32.76,994, 8516, 58.07
PREMEXPLN, EQ, 15-Jul-2021,206.35,213.8,216.65,211.05, 216.65,216.65,216.28,18135,39.22,165, 18033, 99.44
PREMIER, BE, 15-Jul-2021,3.95,3.95,3.95,3.8, 3.80,3.8,3.84,3648,0.14,32, -, -
PREMIERPOL, EQ, 15-Jul-2021,71.2,71.05,73.5,71.0, 71.00,71.6,71.98,21322,15.35,562, 13439, 63.03
PRESSMN, EQ, 15-Jul-2021,35.7,36.2,36.85,34.8, 35.45,35.3,35.84,267496,95.86,2124, 140507, 52.53
PRESTIGE, EQ, 15-Jul-2021,300.25,302.0,325.95,300.25, 317.00,318.35,314.43,4206233,13225.65,57978, 1595901, 37.94
PRICOLLTD, EQ, 15-Jul-2021,101.65,103.0,105.35,101.65, 103.70,103.45,104.18,2106734,2194.74,15090, 1051829, 49.93
PRIMESECU, EQ, 15-Jul-2021,81.7,82.0,85.75,80.0, 85.75,85.7,84.6,134402,113.7,1819, 102216, 76.05
PRINCEPIPE, EQ, 15-Jul-2021,705.75,714.9,728.0,711.0, 715.70,715.0,717.93,351668,2524.74,21119, 154079, 43.81
PRIVISCL, EQ, 15-Jul-2021,1369.85,1384.0,1417.95,1360.0, 1370.00,1369.75,1390.85,30923,430.09,3505, 16011, 51.78
PROINDIA, EQ, 15-Jul-2021,7.7,8.05,8.05,8.05, 8.05,8.05,8.05,3416,0.27,10, 3416, 100.00
PROLIFE, SM, 15-Jul-2021,87.15,87.15,91.5,87.0, 91.50,91.5,88.23,12000,10.59,4, 9000, 75.00
PROZONINTU, BE, 15-Jul-2021,34.15,34.15,34.45,32.5, 33.50,33.1,33.07,381847,126.26,2871, -, -
PRSMJOHNSN, EQ, 15-Jul-2021,140.9,141.9,144.5,137.7, 139.10,139.4,141.5,639453,904.85,8905, 326697, 51.09
PSB, EQ, 15-Jul-2021,20.2,20.4,20.45,20.0, 20.20,20.2,20.25,357935,72.49,1138, 245094, 68.47
PSPPROJECT, EQ, 15-Jul-2021,466.9,468.0,470.0,458.5, 462.30,460.8,463.07,128764,596.27,6344, 48446, 37.62
PSUBNKBEES, EQ, 15-Jul-2021,27.17,27.63,27.63,26.93, 27.00,26.99,27.08,611180,165.5,1422, 530833, 86.85
PTC, EQ, 15-Jul-2021,101.95,103.4,104.9,102.05, 103.00,103.15,103.36,1218196,1259.07,12035, 615627, 50.54
PTL, EQ, 15-Jul-2021,49.7,50.75,51.35,49.5, 50.90,50.75,50.79,165555,84.08,1812, 104448, 63.09
PUNJABCHEM, EQ, 15-Jul-2021,1438.0,1450.0,1469.0,1400.35, 1419.85,1418.3,1439.13,55370,796.85,5484, 31817, 57.46
PUNJLLOYD, BZ, 15-Jul-2021,2.5,2.4,2.5,2.4, 2.40,2.4,2.4,385077,9.25,302, -, -
PURVA, EQ, 15-Jul-2021,108.45,109.4,114.9,104.25, 111.80,113.15,112.25,3337689,3746.53,24869, 990940, 29.69
PVR, EQ, 15-Jul-2021,1390.85,1386.0,1394.85,1361.05, 1366.85,1368.35,1370.68,314150,4305.98,13526, 89051, 28.35
QGOLDHALF, EQ, 15-Jul-2021,2069.0,2088.0,2088.0,2076.0, 2086.00,2085.5,2082.08,344,7.16,97, 275, 79.94
QNIFTY, EQ, 15-Jul-2021,1649.0,1649.0,1663.0,1649.0, 1659.00,1659.0,1658.41,43,0.71,13, 36, 83.72
QUESS, EQ, 15-Jul-2021,758.95,755.0,765.5,736.0, 739.00,743.35,747.58,804451,6013.91,28618, 598160, 74.36
QUICKHEAL, EQ, 15-Jul-2021,312.95,313.0,317.0,307.5, 309.00,309.0,311.92,410907,1281.69,10355, 148137, 36.05
RADAAN, BE, 15-Jul-2021,1.05,1.0,1.0,1.0, 1.00,1.0,1.0,3902,0.04,9, -, -
RADICO, EQ, 15-Jul-2021,773.8,772.6,773.9,751.15, 758.95,757.8,760.92,167689,1275.98,8209, 79697, 47.53
RADIOCITY, EQ, 15-Jul-2021,25.85,25.95,26.05,25.5, 25.60,25.55,25.72,424188,109.11,1119, 328313, 77.40
RAILTEL, EQ, 15-Jul-2021,149.1,150.2,150.4,146.0, 148.00,148.3,147.8,1757486,2597.62,18583, 832275, 47.36
RAIN, EQ, 15-Jul-2021,229.7,229.95,234.9,228.0, 230.30,231.45,232.17,4059048,9424.07,29948, 1142818, 28.15
RAJESHEXPO, EQ, 15-Jul-2021,580.8,584.9,593.55,574.55, 575.50,575.9,583.3,596621,3480.06,25087, 277306, 46.48
RAJMET, BE, 15-Jul-2021,152.7,152.1,153.8,152.0, 153.00,153.0,153.03,2149,3.29,27, -, -
RAJRATAN, BE, 15-Jul-2021,1664.35,1690.0,1690.0,1639.35, 1660.00,1662.9,1664.16,4584,76.29,484, -, -
RAJRAYON, BZ, 15-Jul-2021,0.3,0.35,0.35,0.25, 0.35,0.3,0.32,132957,0.42,51, -, -
RAJSREESUG, BE, 15-Jul-2021,34.3,33.65,33.65,32.6, 32.80,32.6,32.71,43692,14.29,218, -, -
RAJTV, EQ, 15-Jul-2021,53.6,54.5,54.5,52.05, 53.60,52.9,52.89,11085,5.86,382, 5660, 51.06
RALLIS, EQ, 15-Jul-2021,319.25,320.0,338.7,319.3, 335.80,335.3,332.12,2478047,8230.18,36750, 774336, 31.25
RAMANEWS, EQ, 15-Jul-2021,21.85,21.85,22.65,20.5, 20.70,20.7,21.37,427551,91.36,2098, 246592, 57.68
RAMASTEEL, EQ, 15-Jul-2021,150.15,152.9,157.6,142.65, 146.90,146.2,147.18,58853,86.62,1007, 30291, 51.47
RAMCOCEM, EQ, 15-Jul-2021,1109.1,1110.7,1119.95,1101.0, 1114.05,1113.85,1110.65,214231,2379.35,8678, 84092, 39.25
RAMCOIND, EQ, 15-Jul-2021,285.1,286.5,293.9,283.5, 290.95,291.15,290.99,191924,558.48,5339, 117051, 60.99
RAMCOSYS, EQ, 15-Jul-2021,621.75,626.9,675.95,621.0, 649.40,649.15,657.52,969283,6373.26,34203, 288643, 29.78
RAMKY, BE, 15-Jul-2021,171.85,180.0,180.4,176.5, 180.40,180.4,179.45,112352,201.61,479, -, -
RANASUG, EQ, 15-Jul-2021,35.85,34.35,35.85,34.1, 34.10,34.1,34.45,4743152,1634.15,9559, 1653752, 34.87
RANEENGINE, EQ, 15-Jul-2021,349.2,356.85,356.85,337.05, 345.90,342.95,345.02,35344,121.94,2458, 13561, 38.37
RANEHOLDIN, EQ, 15-Jul-2021,706.6,712.0,716.95,694.05, 703.00,699.3,706.37,74889,528.99,3193, 49351, 65.90
RATNAMANI, EQ, 15-Jul-2021,2066.05,2066.05,2074.0,2052.75, 2065.00,2065.85,2066.93,13424,277.46,1634, 11133, 82.93
RAYMOND, EQ, 15-Jul-2021,448.0,448.0,449.95,440.0, 441.75,442.15,444.31,595153,2644.32,12267, 225035, 37.81
RBL, EQ, 15-Jul-2021,1058.7,1067.7,1106.0,1055.55, 1086.00,1090.95,1083.6,77383,838.52,7366, 20429, 26.40
RBLBANK, EQ, 15-Jul-2021,218.75,216.0,218.2,211.8, 215.05,214.95,215.42,11697750,25199.34,64690, 3025462, 25.86
RCF, EQ, 15-Jul-2021,83.1,83.0,84.65,82.6, 83.90,83.35,83.57,3213929,2685.78,14719, 970913, 30.21
RCOM, EQ, 15-Jul-2021,3.65,3.7,3.8,3.65, 3.80,3.8,3.78,66396794,2507.96,37461, 22989818, 34.62
RECLTD, EQ, 15-Jul-2021,147.95,148.0,153.0,148.0, 150.90,150.75,151.22,6234301,9427.26,45272, 2364698, 37.93
RECLTD, N1, 15-Jul-2021,1099.98,1080.0,1080.0,1079.3, 1079.30,1079.34,1079.67,200,2.16,6, 100, 50.00
RECLTD, N5, 15-Jul-2021,1115.4,1199.99,1199.99,1199.99, 1199.99,1199.99,1199.99,8,0.1,1, 8, 100.00
RECLTD, N8, 15-Jul-2021,1130.0,1130.0,1132.6,1118.11, 1125.20,1125.22,1126.34,1210,13.63,16, 1110, 91.74
RECLTD, N9, 15-Jul-2021,1286.0,1288.0,1288.0,1288.0, 1288.00,1288.0,1288.0,30,0.39,2, 30, 100.00
RECLTD, NE, 15-Jul-2021,1160.0,1137.5,1139.0,1137.5, 1139.00,1139.0,1138.25,10,0.11,2, 5, 50.00
RECLTD, NF, 15-Jul-2021,1302.14,1315.0,1315.0,1315.0, 1315.00,1315.0,1315.0,50,0.66,2, 50, 100.00
RECLTD, NI, 15-Jul-2021,1184.74,1171.0,1190.0,1171.0, 1190.00,1189.17,1188.22,456,5.42,11, 456, 100.00
REDINGTON, EQ, 15-Jul-2021,337.75,340.0,340.95,332.4, 333.85,334.15,335.53,1145637,3844.01,41789, 771526, 67.34
REFEX, EQ, 15-Jul-2021,140.65,141.6,141.65,138.5, 140.50,139.5,140.17,107060,150.06,5986, 52049, 48.62
RELAXO, EQ, 15-Jul-2021,1164.2,1171.9,1172.0,1163.0, 1170.80,1168.0,1167.79,89824,1048.95,9657, 40201, 44.76
RELCAPITAL, EQ, 15-Jul-2021,20.6,20.75,20.8,19.8, 20.05,20.05,20.28,2726873,553.05,7429, 1457529, 53.45
RELIANCE, EQ, 15-Jul-2021,2086.0,2095.0,2095.0,2078.5, 2080.75,2082.35,2086.62,4360415,90985.5,148981, 2715754, 62.28
RELIANCEP1, E1, 15-Jul-2021,1461.1,1465.05,1467.9,1450.1, 1454.10,1453.55,1456.6,124381,1811.74,12216, 81667, 65.66
RELIGARE, EQ, 15-Jul-2021,140.3,141.2,142.4,139.0, 140.00,139.8,140.13,2187191,3064.89,10952, 1307026, 59.76
RELINFRA, BE, 15-Jul-2021,82.85,83.6,84.55,79.5, 80.85,80.9,81.37,1005861,818.49,12549, -, -
REMSONSIND, EQ, 15-Jul-2021,270.2,276.8,276.8,257.45, 260.00,262.8,265.01,8754,23.2,500, 4562, 52.11
RENUKA, BE, 15-Jul-2021,36.5,34.7,36.5,34.7, 34.95,34.9,35.06,13981578,4902.3,24683, -, -
REPCOHOME, EQ, 15-Jul-2021,376.7,382.5,389.9,380.05, 388.00,386.15,385.29,172118,663.15,7263, 106204, 61.70
REPL, EQ, 15-Jul-2021,237.4,243.0,243.0,229.05, 240.00,236.2,235.87,29647,69.93,1141, 21898, 73.86
REPRO, EQ, 15-Jul-2021,365.15,369.7,369.7,360.8, 361.30,362.8,363.19,8934,32.45,795, 4943, 55.33
RESPONIND, EQ, 15-Jul-2021,136.75,137.85,139.65,136.8, 137.25,137.75,138.51,23978,33.21,962, 14800, 61.72
REVATHI, EQ, 15-Jul-2021,701.95,708.5,713.65,693.5, 694.95,700.35,705.77,1086,7.66,119, 743, 68.42
RGL, EQ, 15-Jul-2021,552.95,559.8,565.0,547.5, 558.40,557.95,557.18,29960,166.93,5952, 4087, 13.64
RHFL, BE, 15-Jul-2021,5.0,4.9,5.0,4.75, 4.75,4.75,4.79,1597572,76.53,3160, -, -
RHFL, N8, 15-Jul-2021,172.05,164.11,164.11,164.11, 164.11,164.11,164.11,1,0.0,1, 1, 100.00
RICOAUTO, EQ, 15-Jul-2021,50.7,51.1,53.25,51.05, 52.00,52.0,52.58,4742082,2493.56,20151, 1959595, 41.32
RIIL, EQ, 15-Jul-2021,794.15,796.0,797.8,771.4, 774.75,775.9,781.97,387065,3026.72,11278, 122928, 31.76
RITES, EQ, 15-Jul-2021,293.85,295.2,295.5,280.45, 286.05,284.3,288.64,509593,1470.86,9906, 225604, 44.27
RKDL, EQ, 15-Jul-2021,13.95,14.25,14.25,13.2, 13.20,13.45,13.79,165948,22.89,449, 98272, 59.22
RKEC, EQ, 15-Jul-2021,107.75,109.7,109.7,103.6, 105.50,105.4,106.22,57315,60.88,1653, 36772, 64.16
RKFORGE, EQ, 15-Jul-2021,737.2,737.2,764.9,735.35, 747.70,748.0,750.18,119722,898.13,4756, 58455, 48.83
RMCL, BZ, 15-Jul-2021,2.45,2.55,2.55,2.55, 2.55,2.55,2.55,5136,0.13,13, -, -
RMDRIP, SM, 15-Jul-2021,21.3,22.3,22.3,22.0, 22.30,22.3,22.2,12000,2.66,5, 12000, 100.00
RML, EQ, 15-Jul-2021,416.35,420.0,425.0,415.0, 418.90,419.35,420.21,53199,223.55,3237, 22416, 42.14
RNAVAL, BZ, 15-Jul-2021,3.6,3.45,3.45,3.45, 3.45,3.45,3.45,615577,21.24,755, -, -
ROHLTD, EQ, 15-Jul-2021,84.7,84.1,89.25,84.1, 85.75,86.2,87.76,248483,218.06,2762, 133132, 53.58
ROLLT, EQ, 15-Jul-2021,3.05,3.05,3.2,3.0, 3.20,3.2,3.17,199218,6.31,155, 165555, 83.10
ROLTA, EQ, 15-Jul-2021,8.35,8.35,8.7,8.25, 8.30,8.3,8.49,1431300,121.56,1552, 626172, 43.75
ROML, EQ, 15-Jul-2021,81.2,82.0,82.0,79.55, 80.75,80.8,80.86,5453,4.41,221, 3744, 68.66
ROSSARI, EQ, 15-Jul-2021,1164.25,1198.0,1198.0,1157.5, 1176.00,1169.3,1175.29,201323,2366.14,14076, 102934, 51.13
ROSSELLIND, EQ, 15-Jul-2021,170.0,170.9,172.2,164.5, 165.50,166.15,167.9,174969,293.77,4089, 93963, 53.70
ROUTE, EQ, 15-Jul-2021,2165.35,2173.6,2239.8,2112.15, 2142.00,2133.15,2182.49,1445698,31552.18,77643, 314952, 21.79
RPGLIFE, EQ, 15-Jul-2021,463.85,463.85,477.05,463.85, 470.15,468.85,470.66,69178,325.59,3009, 37075, 53.59
RPOWER, BE, 15-Jul-2021,13.35,13.75,13.8,12.9, 13.20,13.1,13.27,11691474,1550.92,25656, -, -
RPPINFRA, EQ, 15-Jul-2021,78.0,77.95,79.45,76.1, 77.50,77.8,77.72,625227,485.9,5156, 346044, 55.35
RPPL, SM, 15-Jul-2021,163.5,166.95,166.95,162.0, 162.00,162.0,164.32,3000,4.93,3, 2000, 66.67
RPSGVENT, EQ, 15-Jul-2021,589.5,593.6,609.9,587.85, 594.00,593.15,600.02,143258,859.58,7483, 41295, 28.83
RSSOFTWARE, BE, 15-Jul-2021,35.35,35.9,36.9,34.05, 36.90,36.55,36.04,57514,20.73,295, -, -
RSWM, EQ, 15-Jul-2021,335.6,340.0,344.95,333.6, 334.15,335.7,337.75,85969,290.36,2471, 57715, 67.13
RSYSTEMS, EQ, 15-Jul-2021,164.7,167.55,174.5,165.05, 172.10,173.0,171.4,510775,875.47,11085, 210644, 41.24
RTNINDIA, BE, 15-Jul-2021,47.85,50.2,50.2,48.0, 50.20,50.2,50.11,3512019,1759.73,4569, -, -
RTNPOWER, BE, 15-Jul-2021,7.6,7.25,7.55,7.25, 7.25,7.3,7.29,17272681,1258.56,16874, -, -
RUBYMILLS, EQ, 15-Jul-2021,294.5,295.7,297.45,277.0, 281.00,280.35,288.7,69735,201.33,4205, 30771, 44.13
RUCHI, EQ, 15-Jul-2021,1127.15,1127.25,1134.4,1109.05, 1113.80,1111.1,1118.74,26942,301.41,2561, 15379, 57.08
RUCHINFRA, BE, 15-Jul-2021,8.85,8.9,9.2,8.5, 8.70,8.7,8.83,95482,8.43,247, -, -
RUCHIRA, EQ, 15-Jul-2021,103.75,103.9,103.9,99.0, 99.15,99.6,100.71,133549,134.5,3146, 81179, 60.79
RUPA, EQ, 15-Jul-2021,486.75,487.2,493.0,482.0, 482.00,483.7,486.03,200404,974.03,4716, 113728, 56.75
RUSHIL, BE, 15-Jul-2021,296.5,298.5,300.0,283.0, 290.00,290.75,291.37,8664,25.24,143, -, -
RVHL, EQ, 15-Jul-2021,20.8,21.0,21.8,20.7, 21.80,21.75,21.5,118228,25.42,455, 95492, 80.77
RVNL, EQ, 15-Jul-2021,31.85,31.9,32.05,31.6, 31.75,31.75,31.82,2082715,662.66,8816, 1038643, 49.87
S&SPOWER, BE, 15-Jul-2021,20.1,21.0,21.1,19.35, 19.85,19.95,20.69,5010,1.04,38, -, -
SABEVENTS, BE, 15-Jul-2021,2.6,2.6,2.7,2.55, 2.60,2.6,2.63,17262,0.45,52, -, -
SADBHAV, EQ, 15-Jul-2021,81.9,82.3,82.7,78.85, 79.85,79.7,80.85,1567917,1267.74,7401, 1036913, 66.13
SADBHIN, EQ, 15-Jul-2021,34.6,34.9,35.25,33.5, 33.55,33.75,34.39,1545482,531.44,4051, 938423, 60.72
SAFARI, EQ, 15-Jul-2021,769.3,769.65,799.9,765.1, 783.40,781.8,785.32,28665,225.11,3540, 15290, 53.34
SAGARDEEP, BE, 15-Jul-2021,64.7,64.9,67.9,64.7, 67.40,67.45,67.08,162350,108.91,1808, -, -
SAGCEM, EQ, 15-Jul-2021,1115.2,1124.95,1168.0,1119.3, 1134.00,1135.8,1143.08,67490,771.46,6031, 37740, 55.92
SAIL, EQ, 15-Jul-2021,124.5,124.65,127.45,124.5, 126.20,126.15,126.22,38444821,48523.6,114617, 12054031, 31.35
SAKAR, EQ, 15-Jul-2021,173.75,175.0,176.9,172.0, 172.85,174.05,174.05,30227,52.61,1414, 16454, 54.43
SAKHTISUG, BE, 15-Jul-2021,20.25,20.35,20.45,19.25, 19.95,19.85,19.89,434270,86.38,1275, -, -
SAKSOFT, EQ, 15-Jul-2021,682.55,714.95,734.45,693.0, 698.00,698.4,710.31,232129,1648.83,14578, 120637, 51.97
SAKUMA, EQ, 15-Jul-2021,13.95,14.15,14.5,13.75, 14.25,14.35,14.27,1841822,262.86,2686, 1016011, 55.16
SALASAR, EQ, 15-Jul-2021,352.35,353.5,353.5,348.0, 350.00,352.1,350.32,55541,194.57,1501, 35513, 63.94
SALONA, EQ, 15-Jul-2021,182.6,185.15,187.75,178.8, 180.00,181.05,182.94,31412,57.47,1049, 18279, 58.19
SALSTEEL, BE, 15-Jul-2021,9.55,10.0,10.0,10.0, 10.00,10.0,10.0,36609,3.66,66, -, -
SALZERELEC, EQ, 15-Jul-2021,183.3,182.2,183.7,175.1, 176.00,176.1,178.54,137407,245.32,4857, 86298, 62.80
SAMBHAAV, BE, 15-Jul-2021,3.9,3.9,3.9,3.75, 3.90,3.8,3.81,26781,1.02,95, -, -
SANCO, BE, 15-Jul-2021,10.3,10.0,10.65,10.0, 10.30,10.3,10.25,6619,0.68,51, -, -
SANDESH, EQ, 15-Jul-2021,956.1,970.1,980.0,907.0, 908.40,915.25,940.55,29816,280.43,2640, 10611, 35.59
SANDHAR, EQ, 15-Jul-2021,286.65,288.35,295.95,285.45, 290.00,290.05,290.76,221225,643.24,9583, 121466, 54.91
SANGAMIND, EQ, 15-Jul-2021,147.75,149.5,153.95,140.4, 140.40,140.4,145.56,99433,144.74,1172, 75260, 75.69
SANGHIIND, EQ, 15-Jul-2021,58.65,59.0,61.8,58.5, 60.25,60.2,60.51,4566046,2763.12,16517, 2324946, 50.92
SANGHVIMOV, EQ, 15-Jul-2021,209.15,209.85,212.0,205.0, 206.00,207.15,209.19,269869,564.53,9841, 68183, 25.27
SANGINITA, EQ, 15-Jul-2021,29.05,29.95,29.95,28.2, 28.70,28.55,28.85,51926,14.98,337, 37402, 72.03
SANOFI, EQ, 15-Jul-2021,8000.15,8005.0,8074.0,7870.0, 7870.00,7890.75,7936.09,14444,1146.29,4730, 10561, 73.12
SANWARIA, BZ, 15-Jul-2021,0.8,0.8,0.85,0.75, 0.80,0.8,0.78,3642866,28.56,660, -, -
SARDAEN, BE, 15-Jul-2021,642.1,649.9,655.0,642.0, 645.90,646.25,648.45,31385,203.52,599, -, -
SAREGAMA, BE, 15-Jul-2021,3434.1,3434.1,3501.0,3300.0, 3370.00,3393.25,3402.67,9077,308.86,1243, -, -
SARLAPOLY, EQ, 15-Jul-2021,43.2,43.85,44.0,41.3, 42.15,41.9,42.62,305777,130.31,2592, 193752, 63.36
SARVESHWAR, SM, 15-Jul-2021,24.15,24.0,24.0,24.0, 24.00,24.0,24.0,3200,0.77,2, 3200, 100.00
SASKEN, EQ, 15-Jul-2021,1319.9,1348.8,1373.85,1301.3, 1322.00,1324.7,1331.0,210713,2804.59,19355, 62272, 29.55
SASTASUNDR, BE, 15-Jul-2021,345.05,332.25,348.75,328.0, 332.90,331.7,333.44,27763,92.57,490, -, -
SATIA, EQ, 15-Jul-2021,103.55,110.1,111.0,104.0, 106.00,105.7,106.57,3843752,4096.37,23977, 1255096, 32.65
SATIN, EQ, 15-Jul-2021,89.75,89.45,92.4,88.3, 89.25,89.3,90.57,257229,232.97,2132, 128989, 50.15
SBCL, EQ, 15-Jul-2021,120.7,121.0,121.8,118.2, 119.00,118.75,119.47,9996,11.94,322, 7081, 70.84
SBICARD, EQ, 15-Jul-2021,986.95,995.05,999.0,976.0, 977.70,978.45,984.31,1679244,16528.89,50770, 936264, 55.76
SBIETFIT, EQ, 15-Jul-2021,296.52,323.2,323.2,294.01, 299.60,300.0,299.65,2486,7.45,173, 1302, 52.37
SBIETFPB, EQ, 15-Jul-2021,187.45,190.0,190.0,185.1, 187.42,187.42,187.65,1996,3.75,68, 1694, 84.87
SBIETFQLTY, EQ, 15-Jul-2021,138.86,138.1,140.5,138.1, 140.39,140.39,139.8,3014,4.21,67, 1745, 57.90
SBILIFE, EQ, 15-Jul-2021,1052.4,1053.5,1064.95,1049.35, 1053.00,1052.95,1053.98,796945,8399.62,26224, 450949, 56.58
SBIN, EQ, 15-Jul-2021,431.05,432.7,432.95,429.65, 431.65,431.7,431.53,11030732,47601.07,126999, 3378724, 30.63
SCAPDVR, EQ, 15-Jul-2021,2.45,2.35,2.35,2.35, 2.35,2.35,2.35,69695,1.64,127, 64518, 92.57
SCHAEFFLER, EQ, 15-Jul-2021,5405.3,5420.0,5506.0,5410.0, 5410.00,5424.25,5449.67,4044,220.38,1192, 2483, 61.40
SCHAND, EQ, 15-Jul-2021,128.3,130.75,139.0,130.1, 133.20,133.1,135.27,878589,1188.46,13778, 475145, 54.08
SCHNEIDER, EQ, 15-Jul-2021,131.6,132.4,134.2,129.35, 130.35,130.4,132.0,557997,736.57,6103, 231770, 41.54
SCI, EQ, 15-Jul-2021,115.2,116.45,117.2,113.5, 113.75,113.85,115.37,3457588,3989.02,19482, 1222290, 35.35
SDBL, BE, 15-Jul-2021,45.55,45.8,45.8,44.7, 44.80,45.0,45.13,81243,36.67,479, -, -
SEAMECLTD, EQ, 15-Jul-2021,479.7,481.9,484.25,476.15, 479.80,477.1,480.09,4835,23.21,455, 2914, 60.27
SECURCRED, SM, 15-Jul-2021,24.5,25.7,25.7,24.6, 24.60,24.6,25.43,2400,0.61,4, 2400, 100.00
SECURKLOUD, EQ, 15-Jul-2021,87.95,88.2,89.35,87.0, 87.50,87.2,88.26,30022,26.5,595, 18277, 60.88
SELAN, EQ, 15-Jul-2021,154.35,154.05,154.95,150.6, 151.00,151.25,152.36,79502,121.13,1652, 59238, 74.51
SEPOWER, BE, 15-Jul-2021,7.85,8.2,8.2,8.2, 8.20,8.2,8.2,75259,6.17,125, -, -
SEQUENT, EQ, 15-Jul-2021,267.6,279.95,292.7,275.9, 289.90,288.1,286.75,5595345,16044.88,66775, 1367256, 24.44
SERVOTECH, SM, 15-Jul-2021,18.15,17.3,18.15,17.25, 17.30,17.25,17.32,56000,9.7,6, 52000, 92.86
SESHAPAPER, EQ, 15-Jul-2021,223.7,228.0,228.8,214.0, 215.85,215.85,222.95,320417,714.37,12784, 103891, 32.42
SETCO, EQ, 15-Jul-2021,22.15,22.7,22.8,22.0, 22.15,22.05,22.35,307982,68.83,848, 188584, 61.23
SETF10GILT, EQ, 15-Jul-2021,204.12,205.1,205.4,204.0, 205.00,205.0,204.32,380,0.78,12, 270, 71.05
SETFGOLD, EQ, 15-Jul-2021,4273.75,4281.0,4303.0,4281.0, 4301.90,4297.95,4293.43,5314,228.15,833, 2988, 56.23
SETFNIF50, EQ, 15-Jul-2021,161.34,161.51,162.25,161.34, 162.00,162.07,162.01,117292,190.02,1149, 70781, 60.35
SETFNIFBK, EQ, 15-Jul-2021,356.46,356.0,359.84,355.06, 358.24,359.0,359.14,534384,1919.21,1179, 416875, 78.01
SETFNN50, EQ, 15-Jul-2021,403.83,404.99,405.89,403.85, 404.99,403.95,404.94,7336,29.71,342, 5160, 70.34
SETUINFRA, BE, 15-Jul-2021,1.7,1.65,1.75,1.65, 1.75,1.75,1.7,666076,11.32,359, -, -
SEYAIND, EQ, 15-Jul-2021,64.35,64.4,65.5,64.0, 64.60,64.75,64.85,20336,13.19,462, 11181, 54.98
SFL, EQ, 15-Jul-2021,2413.0,2420.0,2420.05,2363.05, 2366.00,2379.6,2398.43,7614,182.62,1916, 3307, 43.43
SGBAPR28I, GB, 15-Jul-2021,4725.0,4725.0,4739.0,4715.0, 4734.90,4734.07,4724.57,222,10.49,28, 141, 63.51
SGBAUG24, GB, 15-Jul-2021,4763.87,4780.0,4795.0,4750.0, 4755.00,4755.0,4767.16,113,5.39,24, 111, 98.23
SGBAUG27, GB, 15-Jul-2021,4715.5,4840.0,4840.0,4721.01, 4750.00,4750.0,4746.61,18,0.85,6, 17, 94.44
SGBAUG28V, GB, 15-Jul-2021,4786.3,4786.0,4807.0,4786.0, 4801.00,4800.92,4792.73,1224,58.66,234, 1142, 93.30
SGBDC27VII, GB, 15-Jul-2021,4707.47,4800.0,4800.0,4800.0, 4800.00,4800.0,4800.0,1,0.05,1, 1, 100.00
SGBDEC2512, GB, 15-Jul-2021,4794.0,4794.0,4794.0,4794.0, 4794.00,4794.0,4794.0,1,0.05,1, 1, 100.00
SGBDEC26, GB, 15-Jul-2021,4800.0,4800.0,4800.0,4799.0, 4800.00,4800.0,4799.14,21,1.01,5, 21, 100.00
SGBFEB24, GB, 15-Jul-2021,4720.0,4727.0,4742.0,4725.0, 4725.00,4727.68,4727.06,82,3.88,12, 72, 87.80
SGBFEB27, GB, 15-Jul-2021,4710.0,4794.99,4794.99,4794.99, 4794.99,4794.99,4794.99,2,0.1,1, 2, 100.00
SGBFEB29XI, GB, 15-Jul-2021,4736.0,4711.0,4745.0,4711.0, 4733.00,4733.0,4733.5,133,6.3,12, 129, 96.99
SGBJ28VIII, GB, 15-Jul-2021,4769.0,4706.0,4706.0,4706.0, 4706.00,4706.0,4706.0,1,0.05,1, 1, 100.00
SGBJAN26, GB, 15-Jul-2021,4700.0,4681.0,4749.0,4681.0, 4749.00,4729.4,4715.57,7,0.33,4, 5, 71.43
SGBJAN29IX, GB, 15-Jul-2021,4715.24,4713.0,4745.0,4713.0, 4736.00,4734.99,4736.14,294,13.92,34, 291, 98.98
SGBJAN29X, GB, 15-Jul-2021,4742.01,4722.05,4765.0,4722.05, 4735.10,4735.1,4740.04,289,13.7,24, 287, 99.31
SGBJU29III, GB, 15-Jul-2021,4712.3,4740.0,4750.0,4715.0, 4715.00,4718.62,4721.82,60,2.83,33, 43, 71.67
SGBJUL25, GB, 15-Jul-2021,4717.33,4705.0,4750.0,4705.0, 4749.99,4749.99,4737.5,18,0.85,5, 13, 72.22
SGBJUL28IV, GB, 15-Jul-2021,4703.66,4709.0,4725.0,4703.16, 4711.00,4711.4,4712.12,1138,53.62,142, 1057, 92.88
SGBJUN27, GB, 15-Jul-2021,4700.05,4760.0,4760.0,4719.0, 4719.00,4719.0,4739.5,2,0.09,2, 1, 50.00
SGBJUN28, GB, 15-Jul-2021,4694.83,4694.83,4723.0,4694.83, 4699.00,4699.0,4706.2,241,11.34,40, 176, 73.03
SGBJUN29II, GB, 15-Jul-2021,4710.0,4711.0,4734.0,4710.0, 4711.00,4711.0,4711.73,93,4.38,13, 77, 82.80
SGBMAR24, GB, 15-Jul-2021,4737.79,4698.99,4733.98,4698.99, 4733.98,4733.98,4713.53,78,3.68,16, 28, 35.90
SGBMAR25, GB, 15-Jul-2021,4700.0,4700.0,4730.0,4700.0, 4710.01,4710.01,4706.25,8,0.38,3, 8, 100.00
SGBMAR28X, GB, 15-Jul-2021,4730.0,4729.5,4739.0,4719.0, 4720.00,4720.0,4724.92,35,1.65,11, 35, 100.00
SGBMAY25, GB, 15-Jul-2021,4707.41,4725.0,4725.0,4701.0, 4715.00,4715.0,4715.0,90,4.24,14, 89, 98.89
SGBMAY26, GB, 15-Jul-2021,4699.5,4699.5,4700.05,4699.5, 4700.05,4700.05,4699.74,18,0.85,3, 18, 100.00
SGBMAY28, GB, 15-Jul-2021,4695.32,4695.32,4710.0,4601.0, 4702.50,4697.51,4683.56,545,25.53,85, 385, 70.64
SGBMAY29I, GB, 15-Jul-2021,4704.48,4704.48,4714.0,4690.01, 4708.85,4704.12,4703.26,2745,129.1,310, 2159, 78.65
SGBMR29XII, GB, 15-Jul-2021,4711.63,4720.0,4731.0,4712.0, 4730.00,4721.19,4721.95,214,10.1,39, 213, 99.53
SGBN28VIII, GB, 15-Jul-2021,4755.0,4731.0,4745.0,4710.5, 4730.00,4730.0,4729.75,233,11.02,72, 213, 91.42
SGBNOV23, GB, 15-Jul-2021,4776.0,4800.01,4850.0,4800.01, 4850.00,4850.0,4837.89,51,2.47,11, 51, 100.00
SGBNOV24, GB, 15-Jul-2021,4722.86,4722.0,4730.0,4722.0, 4725.00,4726.87,4723.7,23,1.09,7, 22, 95.65
SGBNOV258, GB, 15-Jul-2021,4685.0,4789.0,4789.0,4789.0, 4789.00,4789.0,4789.0,1,0.05,1, 1, 100.00
SGBNOV25VI, GB, 15-Jul-2021,4799.99,4750.0,4750.0,4750.0, 4750.00,4750.0,4750.0,20,0.95,4, 20, 100.00
SGBOC28VII, GB, 15-Jul-2021,4717.68,4717.68,4735.0,4717.68, 4725.50,4726.83,4729.17,80,3.78,22, 72, 90.00
SGBOCT25, GB, 15-Jul-2021,4723.0,4725.0,4725.0,4699.0, 4700.00,4700.0,4700.94,744,34.97,41, 724, 97.31
SGBOCT25IV, GB, 15-Jul-2021,4757.0,4757.0,4790.0,4690.0, 4690.05,4690.05,4722.09,24,1.13,4, 23, 95.83
SGBOCT25V, GB, 15-Jul-2021,4849.0,4702.0,4702.01,4702.0, 4702.01,4702.01,4702.01,20,0.94,2, 10, 50.00
SGBOCT26, GB, 15-Jul-2021,4710.0,4710.0,4710.0,4710.0, 4710.00,4710.0,4710.0,13,0.61,2, 13, 100.00
SGBOCT27, GB, 15-Jul-2021,4700.0,4700.0,4710.0,4696.0, 4710.00,4710.0,4702.4,25,1.18,5, 15, 60.00
SGBOCT27VI, GB, 15-Jul-2021,4695.0,4755.0,4755.0,4685.0, 4686.00,4686.0,4695.79,19,0.89,7, 17, 89.47
SGBSEP24, GB, 15-Jul-2021,4720.05,4730.0,4767.92,4721.01, 4767.92,4743.98,4734.08,46,2.18,7, 28, 60.87
SGBSEP27, GB, 15-Jul-2021,4700.0,4701.01,4701.01,4701.0, 4701.00,4701.0,4701.0,43,2.02,5, 43, 100.00
SGBSEP28VI, GB, 15-Jul-2021,4724.06,4724.06,4770.0,4724.06, 4766.00,4767.0,4757.09,241,11.46,42, 200, 82.99
SGL, EQ, 15-Jul-2021,14.7,15.0,15.0,14.65, 14.90,14.8,14.87,55434,8.24,289, 43794, 79.00
SHAKTIPUMP, EQ, 15-Jul-2021,820.75,824.9,830.0,805.5, 815.00,819.75,817.86,191189,1563.66,9045, 107832, 56.40
SHALBY, EQ, 15-Jul-2021,191.3,192.65,195.0,191.9, 192.00,192.3,193.3,226181,437.22,5097, 68135, 30.12
SHALPAINTS, EQ, 15-Jul-2021,114.15,115.0,118.0,112.0, 114.00,114.7,115.92,1230951,1426.87,15698, 527911, 42.89
SHANKARA, EQ, 15-Jul-2021,518.55,521.7,540.95,519.0, 529.75,533.0,529.47,456245,2415.66,20907, 118729, 26.02
SHANTIGEAR, EQ, 15-Jul-2021,152.75,154.25,155.7,148.05, 149.15,149.15,151.64,84271,127.79,1664, 58024, 68.85
SHARDACROP, EQ, 15-Jul-2021,360.5,362.5,370.95,358.0, 359.50,359.4,362.58,164514,596.5,6895, 91003, 55.32
SHARDAMOTR, BE, 15-Jul-2021,646.65,640.65,655.0,628.0, 638.20,636.25,644.23,11690,75.31,524, -, -
SHAREINDIA, EQ, 15-Jul-2021,476.4,483.0,494.0,472.05, 485.20,488.5,483.59,64215,310.53,3359, 39408, 61.37
SHARIABEES, EQ, 15-Jul-2021,406.8,411.96,421.27,403.95, 405.84,405.9,407.69,728,2.97,51, 490, 67.31
SHEMAROO, BE, 15-Jul-2021,143.7,150.85,150.85,150.85, 150.85,150.85,150.85,65220,98.38,620, -, -
SHIL, BE, 15-Jul-2021,362.0,365.0,380.1,357.05, 380.00,378.95,373.8,105071,392.76,1576, -, -
SHILPAMED, EQ, 15-Jul-2021,579.4,581.45,616.0,580.95, 601.40,604.0,603.04,1312433,7914.46,25610, 488039, 37.19
SHIVAMAUTO, BE, 15-Jul-2021,24.25,25.45,25.45,25.45, 25.45,25.45,25.45,36622,9.32,150, -, -
SHIVAMILLS, EQ, 15-Jul-2021,91.7,93.8,95.8,90.15, 90.80,92.0,93.77,25487,23.9,532, 10178, 39.93
SHIVATEX, EQ, 15-Jul-2021,186.95,192.0,193.0,186.2, 188.90,187.85,188.58,17115,32.27,562, 7659, 44.75
SHK, EQ, 15-Jul-2021,168.25,169.45,171.7,167.0, 169.00,168.65,169.42,238250,403.64,4599, 124802, 52.38
SHOPERSTOP, EQ, 15-Jul-2021,250.7,251.9,254.7,247.4, 248.10,247.9,250.73,142908,358.31,3661, 53206, 37.23
SHRADHA, EQ, 15-Jul-2021,56.85,57.15,57.8,53.7, 53.70,54.2,55.6,2307,1.28,57, 726, 31.47
SHREDIGCEM, EQ, 15-Jul-2021,88.0,88.6,89.35,87.95, 88.25,88.25,88.67,668918,593.16,5089, 345755, 51.69
SHREECEM, EQ, 15-Jul-2021,28414.7,28414.7,28580.0,28251.3, 28435.00,28427.45,28445.09,25188,7164.75,10014, 9181, 36.45
SHREEPUSHK, EQ, 15-Jul-2021,181.25,182.85,186.9,180.1, 182.50,181.9,183.91,146719,269.84,8715, 71975, 49.06
SHREERAMA, EQ, 15-Jul-2021,12.7,12.55,13.2,12.3, 12.50,12.5,12.63,329939,41.68,1292, 200719, 60.84
SHRENIK, BE, 15-Jul-2021,2.1,2.1,2.1,2.0, 2.10,2.05,2.06,1255440,25.87,861, -, -
SHREYANIND, EQ, 15-Jul-2021,117.4,118.55,119.45,116.25, 118.00,116.85,117.37,38935,45.7,1489, 24413, 62.70
SHREYAS, EQ, 15-Jul-2021,201.4,207.9,209.9,198.05, 198.50,200.3,204.54,152992,312.93,3668, 95600, 62.49
SHRIPISTON, BE, 15-Jul-2021,933.9,939.85,939.85,887.25, 925.50,925.2,905.81,1344,12.17,92, -, -
SHRIRAMCIT, EQ, 15-Jul-2021,1809.05,1815.0,1833.95,1780.0, 1789.10,1789.8,1803.47,9639,173.84,1982, 3786, 39.28
SHRIRAMEPC, EQ, 15-Jul-2021,5.45,5.5,5.7,5.4, 5.45,5.45,5.54,2068006,114.48,1674, 1587767, 76.78
SHYAMCENT, EQ, 15-Jul-2021,11.7,12.65,14.0,12.55, 14.00,14.0,13.42,5425357,728.08,11661, 2467020, 45.47
SHYAMMETL, EQ, 15-Jul-2021,413.55,415.1,416.6,404.25, 406.00,406.2,409.21,988576,4045.33,20215, 472431, 47.79
SICAGEN, BE, 15-Jul-2021,25.1,25.8,26.0,24.5, 25.00,25.1,25.28,24208,6.12,104, -, -
SICAL, EQ, 15-Jul-2021,13.9,13.95,14.15,13.5, 13.85,13.6,13.76,407531,56.08,1041, 266861, 65.48
SIDDHIKA, SM, 15-Jul-2021,68.25,63.2,65.25,63.2, 63.20,63.2,64.09,12000,7.69,6, 8000, 66.67
SIEMENS, EQ, 15-Jul-2021,2000.55,2005.55,2059.8,2002.7, 2030.00,2033.15,2040.09,804120,16404.78,39751, 394903, 49.11
SIGIND, EQ, 15-Jul-2021,53.95,54.5,54.9,52.2, 52.30,52.75,53.98,122416,66.08,1246, 82943, 67.76
SIL, BE, 15-Jul-2021,16.95,16.55,17.6,16.55, 16.95,16.95,16.79,7990,1.34,28, -, -
SILGO, EQ, 15-Jul-2021,42.1,41.7,42.45,41.55, 41.55,41.65,41.76,158868,66.34,110, 155869, 98.11
SILINV, EQ, 15-Jul-2021,323.95,328.85,338.0,320.05, 334.80,332.5,331.31,15442,51.16,901, 7067, 45.76
SILLYMONKS, BE, 15-Jul-2021,22.0,22.3,22.3,21.6, 21.70,21.7,22.24,166,0.04,6, -, -
SILVERTUC, SM, 15-Jul-2021,89.5,92.5,92.5,88.25, 88.25,88.25,90.38,2000,1.81,2, 2000, 100.00
SIMBHALS, BE, 15-Jul-2021,40.65,39.8,39.8,38.65, 38.65,38.65,38.74,53023,20.54,255, -, -
SIMPLEXINF, EQ, 15-Jul-2021,51.35,52.9,52.9,50.4, 50.50,50.95,51.47,248904,128.1,1605, 170227, 68.39
SINTERCOM, EQ, 15-Jul-2021,79.3,80.0,80.1,78.2, 79.70,79.8,79.55,90661,72.12,197, 81899, 90.34
SINTEX, BE, 15-Jul-2021,4.5,4.5,4.7,4.5, 4.70,4.7,4.64,2001260,92.92,1449, -, -
SIRCA, EQ, 15-Jul-2021,328.05,329.0,331.2,324.55, 327.00,326.2,327.1,20843,68.18,721, 14574, 69.92
SIS, EQ, 15-Jul-2021,502.6,505.45,508.2,495.25, 500.00,498.5,499.85,261174,1305.48,7782, 103756, 39.73
SITINET, BE, 15-Jul-2021,1.6,1.55,1.6,1.55, 1.55,1.55,1.55,2142801,33.26,875, -, -
SIYSIL, EQ, 15-Jul-2021,420.15,423.65,424.5,405.0, 405.90,406.5,412.88,151322,624.78,6670, 72890, 48.17
SJVN, EQ, 15-Jul-2021,28.85,28.85,29.0,28.3, 28.50,28.5,28.65,1515499,434.25,5564, 802530, 52.95
SKFINDIA, EQ, 15-Jul-2021,2601.9,2618.0,2630.0,2577.15, 2590.00,2586.4,2604.96,11296,294.26,4173, 6929, 61.34
SKIL, BE, 15-Jul-2021,3.75,3.9,3.9,3.7, 3.80,3.8,3.85,528722,20.37,280, -, -
SKIPPER, EQ, 15-Jul-2021,88.65,89.95,91.55,86.15, 87.00,86.65,88.89,872056,775.13,9128, 341781, 39.19
SKMEGGPROD, EQ, 15-Jul-2021,91.35,91.65,92.6,90.35, 90.75,90.75,91.38,163502,149.41,3125, 76373, 46.71
SKSTEXTILE, SM, 15-Jul-2021,20.65,20.55,20.55,20.55, 20.55,20.55,20.55,1000,0.21,1, 1000, 100.00
SMARTLINK, EQ, 15-Jul-2021,121.95,122.9,126.5,121.1, 121.20,121.95,123.92,104256,129.2,4629, 40146, 38.51
SMCGLOBAL, EQ, 15-Jul-2021,92.35,92.7,94.85,91.85, 93.10,92.9,93.44,1253131,1170.98,8129, 589881, 47.07
SMLISUZU, EQ, 15-Jul-2021,616.3,619.8,630.0,606.0, 610.80,613.8,619.38,128144,793.7,4897, 42449, 33.13
SMSLIFE, EQ, 15-Jul-2021,745.75,745.75,755.0,737.85, 745.15,746.75,749.24,7761,58.15,632, 5199, 66.99
SMSPHARMA, EQ, 15-Jul-2021,176.3,177.0,177.6,174.55, 175.60,175.0,176.15,76682,135.08,2344, 47666, 62.16
SNOWMAN, EQ, 15-Jul-2021,53.55,53.7,54.2,53.0, 53.15,53.1,53.55,1156432,619.28,5300, 534400, 46.21
SOBHA, EQ, 15-Jul-2021,565.25,562.0,678.3,552.55, 670.00,673.5,637.31,5784159,36863.04,136628, 947205, 16.38
SOLARA, EQ, 15-Jul-2021,1669.0,1698.0,1698.0,1656.0, 1664.00,1663.8,1671.49,23573,394.02,2740, 14353, 60.89
SOLARINDS, EQ, 15-Jul-2021,1656.25,1714.5,1714.5,1656.0, 1669.00,1666.5,1680.14,72432,1216.96,9461, 31273, 43.18
SOLEX, SM, 15-Jul-2021,48.5,50.9,50.9,50.9, 50.90,50.9,50.9,12000,6.11,6, 12000, 100.00
SOMANYCERA, BE, 15-Jul-2021,662.85,665.0,676.0,650.0, 667.50,668.95,667.08,22185,147.99,1102, -, -
SOMATEX, BE, 15-Jul-2021,6.7,7.0,7.0,6.75, 6.90,6.9,6.87,20435,1.4,60, -, -
SOMICONVEY, EQ, 15-Jul-2021,61.1,63.75,63.75,59.0, 59.65,59.8,60.71,34517,20.95,680, 21760, 63.04
SONACOMS, EQ, 15-Jul-2021,401.8,404.7,409.3,392.2, 392.85,394.7,402.03,727281,2923.86,14828, 317453, 43.65
SONAMCLOCK, SM, 15-Jul-2021,57.25,60.0,60.0,56.0, 56.70,56.7,57.34,12000,6.88,4, 3000, 25.00
SONATSOFTW, EQ, 15-Jul-2021,767.5,770.0,813.45,766.05, 786.00,785.2,795.82,952306,7578.61,30315, 364046, 38.23
SORILINFRA, EQ, 15-Jul-2021,143.9,141.4,144.3,141.4, 142.80,142.3,142.75,42078,60.07,850, 22750, 54.07
SOTL, EQ, 15-Jul-2021,1509.6,1520.35,1547.0,1501.55, 1519.45,1511.95,1526.14,46993,717.18,5783, 24004, 51.08
SOUTHBANK, EQ, 15-Jul-2021,12.45,12.55,12.55,12.35, 12.35,12.35,12.44,8980051,1117.35,40301, 4471239, 49.79
SOUTHWEST, EQ, 15-Jul-2021,56.4,59.0,59.0,52.65, 53.65,53.05,55.04,472785,260.24,4107, 252070, 53.32
SPAL, EQ, 15-Jul-2021,285.75,288.0,303.95,281.35, 286.80,290.15,292.69,410390,1201.17,12719, 162641, 39.63
SPANDANA, EQ, 15-Jul-2021,689.9,694.0,705.0,694.0, 695.10,697.8,700.24,68407,479.01,4388, 29500, 43.12
SPARC, EQ, 15-Jul-2021,255.45,257.3,259.5,249.5, 250.05,250.95,255.28,1294948,3305.68,16089, 340833, 26.32
SPECIALITY, EQ, 15-Jul-2021,69.75,70.25,73.7,69.5, 71.15,71.75,71.86,337806,242.73,3428, 186330, 55.16
SPENCERS, EQ, 15-Jul-2021,88.45,88.9,99.3,87.3, 94.85,95.05,95.63,7853457,7510.48,54290, 3081578, 39.24
SPENTEX, BZ, 15-Jul-2021,1.1,1.15,1.15,1.15, 1.15,1.15,1.15,21789,0.25,16, -, -
SPIC, EQ, 15-Jul-2021,61.75,62.3,67.2,62.0, 65.50,64.8,64.99,6346439,4124.48,26960, 2858982, 45.05
SPICEJET, EQ, 15-Jul-2021,78.75,78.75,80.7,78.25, 78.95,78.95,79.57,4035289,3210.82,16657, 1215893, 30.13
SPLIL, EQ, 15-Jul-2021,51.9,53.0,54.5,51.0, 51.65,51.9,53.02,333105,176.6,4606, 180952, 54.32
SPMLINFRA, BE, 15-Jul-2021,11.85,11.65,12.0,11.4, 11.60,11.8,11.69,30832,3.6,60, -, -
SPTL, BE, 15-Jul-2021,6.0,5.75,6.05,5.7, 6.00,5.9,5.87,1924184,113.04,1751, -, -
SREEL, EQ, 15-Jul-2021,191.2,193.8,193.8,186.35, 186.35,187.3,189.02,12873,24.33,577, 9359, 72.70
SREIBNPNCD, NJ, 15-Jul-2021,380.0,380.0,385.0,375.0, 385.00,385.0,381.77,170,0.65,5, 170, 100.00
SREIBNPNCD, NL, 15-Jul-2021,400.0,380.0,380.0,380.0, 380.00,380.0,380.0,30,0.11,1, 30, 100.00
SREIBNPNCD, NO, 15-Jul-2021,322.0,322.0,322.0,322.0, 322.00,322.0,322.0,51,0.16,2, 51, 100.00
SREIBNPNCD, NV, 15-Jul-2021,281.2,300.0,300.0,265.0, 300.00,300.0,283.08,121,0.34,7, 101, 83.47
SREIBNPNCD, Y1, 15-Jul-2021,370.0,370.0,380.0,370.0, 380.00,380.0,376.64,223,0.84,7, 223, 100.00
SREIBNPNCD, Y2, 15-Jul-2021,360.0,360.0,380.0,360.0, 380.00,377.11,365.39,140,0.51,10, 140, 100.00
SREINFRA, EQ, 15-Jul-2021,13.2,13.2,13.35,12.8, 13.05,12.95,12.95,1844689,238.91,2840, 1080489, 58.57
SRF, EQ, 15-Jul-2021,7581.05,7589.8,7699.8,7588.55, 7675.00,7674.05,7658.0,72648,5563.39,11841, 26293, 36.19
SRHHYPOLTD, EQ, 15-Jul-2021,326.9,327.85,328.95,321.0, 323.00,322.4,325.46,21747,70.78,1459, 14297, 65.74
SRIPIPES, EQ, 15-Jul-2021,227.1,227.0,231.25,224.0, 226.00,224.65,227.0,152158,345.4,5758, 50488, 33.18
SRPL, BE, 15-Jul-2021,37.35,37.35,39.2,37.0, 39.20,39.0,38.74,4918,1.91,45, -, -
SRTRANSFIN, EQ, 15-Jul-2021,1420.9,1425.0,1465.0,1416.25, 1455.00,1457.9,1442.37,1464594,21124.8,36314, 264322, 18.05
SRTRANSFIN, YH, 15-Jul-2021,1020.0,1020.0,1028.0,1018.5, 1022.00,1022.0,1020.69,340,3.47,10, 320, 94.12
SRTRANSFIN, YI, 15-Jul-2021,1064.94,1064.0,1094.0,1063.7, 1094.00,1093.04,1070.27,130,1.39,16, 129, 99.23
SRTRANSFIN, YK, 15-Jul-2021,1030.28,1032.0,1050.0,1030.0, 1036.26,1036.14,1040.87,1227,12.77,29, 1057, 86.15
SRTRANSFIN, YL, 15-Jul-2021,1067.8,1060.0,1060.0,1054.0, 1058.01,1058.01,1056.6,501,5.29,8, 501, 100.00
SRTRANSFIN, YN, 15-Jul-2021,1335.0,1341.06,1341.06,1341.06, 1341.06,1341.06,1341.06,10,0.13,1, 10, 100.00
SRTRANSFIN, YO, 15-Jul-2021,1032.0,1024.01,1040.0,1024.01, 1029.51,1029.51,1026.63,398,4.09,12, 378, 94.97
SRTRANSFIN, YQ, 15-Jul-2021,1065.01,1065.05,1065.05,1065.05, 1065.05,1065.05,1065.05,50,0.53,1, 50, 100.00
SRTRANSFIN, YR, 15-Jul-2021,1095.0,1091.01,1095.0,1091.01, 1095.00,1094.97,1094.39,346,3.79,11, 346, 100.00
SRTRANSFIN, YT, 15-Jul-2021,1279.99,1276.0,1276.0,1276.0, ,1276.0,1276.0,100,1.28,3, 100, 100.00
SRTRANSFIN, YU, 15-Jul-2021,1329.5,1314.0,1324.5,1311.0, 1324.50,1324.5,1319.69,270,3.56,10, 210, 77.78
SRTRANSFIN, YV, 15-Jul-2021,1034.0,1032.0,1045.0,1028.5, 1045.00,1045.0,1038.03,175,1.82,9, 175, 100.00
SRTRANSFIN, YW, 15-Jul-2021,1240.0,1100.0,1100.0,1100.0, 1100.00,1100.0,1100.0,19,0.21,4, 14, 73.68
SRTRANSFIN, YX, 15-Jul-2021,1045.01,1050.0,1050.0,1045.01, 1045.01,1045.01,1045.46,110,1.15,5, 110, 100.00
SRTRANSFIN, YY, 15-Jul-2021,1148.0,1053.3,1053.3,1053.3, 1053.30,1053.3,1053.3,50,0.53,1, 50, 100.00
SRTRANSFIN, Z2, 15-Jul-2021,1262.0,1275.0,1470.0,1270.0, 1285.00,1285.0,1297.5,80,1.04,5, 60, 75.00
SRTRANSFIN, Z3, 15-Jul-2021,1018.0,1020.0,1020.0,1012.5, 1015.00,1015.0,1016.38,290,2.95,4, 290, 100.00
SRTRANSFIN, Z4, 15-Jul-2021,1027.0,1025.0,1025.0,1025.0, 1025.00,1025.0,1025.0,50,0.51,1, 50, 100.00
SRTRANSFIN, Z7, 15-Jul-2021,1102.0,1095.06,1095.06,1095.06, 1095.06,1095.06,1095.06,30,0.33,1, 30, 100.00
SRTRANSFIN, Z8, 15-Jul-2021,1115.0,1118.0,1121.0,1118.0, 1121.00,1121.0,1118.6,125,1.4,4, 125, 100.00
SRTRANSFIN, Z9, 15-Jul-2021,1155.0,1294.0,1294.0,1294.0, 1294.00,1294.0,1294.0,50,0.65,1, 50, 100.00
SRTRANSFIN, ZD, 15-Jul-2021,1006.3,1006.01,1010.0,1000.0, 1010.00,1005.75,1005.75,80,0.8,5, 80, 100.00
SRTRANSFIN, ZF, 15-Jul-2021,1030.0,1030.0,1047.0,1030.0, 1030.00,1030.0,1030.46,185,1.91,5, 180, 97.30
SSINFRA, SM, 15-Jul-2021,9.7,10.0,10.0,10.0, 10.00,10.0,10.0,3000,0.3,1, 3000, 100.00
SSWL, EQ, 15-Jul-2021,1277.15,1300.0,1300.0,1250.1, 1250.10,1261.0,1276.32,108448,1384.14,10472, 40398, 37.25
STAR, EQ, 15-Jul-2021,789.1,786.65,789.0,776.1, 782.00,781.3,781.58,182233,1424.3,6769, 73703, 40.44
STARCEMENT, EQ, 15-Jul-2021,110.05,111.05,111.2,109.0, 109.35,109.35,109.89,209659,230.4,3241, 108626, 51.81
STARPAPER, EQ, 15-Jul-2021,163.15,163.5,164.3,159.0, 160.15,159.95,161.38,173410,279.86,4029, 93027, 53.65
STCINDIA, EQ, 15-Jul-2021,113.45,114.45,121.45,114.0, 117.40,117.3,118.05,310722,366.8,8829, 109053, 35.10
STEELCITY, EQ, 15-Jul-2021,62.75,62.75,64.25,61.85, 63.00,62.85,63.24,109190,69.05,1128, 67716, 62.02
STEELXIND, EQ, 15-Jul-2021,69.0,68.65,71.0,68.65, 69.90,70.2,70.13,196680,137.93,1089, 159168, 80.93
STEL, EQ, 15-Jul-2021,110.35,111.45,112.2,109.0, 109.00,109.8,110.57,28874,31.93,714, 16329, 56.55
STERTOOLS, EQ, 15-Jul-2021,193.9,195.0,199.45,193.5, 198.50,198.3,196.08,155462,304.83,3100, 77940, 50.13
STLTECH, EQ, 15-Jul-2021,294.4,297.0,305.0,296.6, 300.30,300.15,300.99,1555994,4683.38,25900, 560132, 36.00
STOVEKRAFT, EQ, 15-Jul-2021,754.0,756.7,775.6,752.25, 755.00,759.15,764.76,380666,2911.16,17332, 77385, 20.33
SUBCAPCITY, BE, 15-Jul-2021,22.85,22.85,22.85,22.85, 22.85,22.85,22.85,68,0.02,3, -, -
SUBEXLTD, EQ, 15-Jul-2021,70.05,69.95,72.05,69.3, 69.60,69.9,70.61,17133051,12097.94,53569, 4342637, 25.35
SUBROS, EQ, 15-Jul-2021,328.6,322.0,333.5,322.0, 332.00,332.0,330.28,62393,206.07,4398, 34582, 55.43
SUDARSCHEM, EQ, 15-Jul-2021,755.55,759.5,764.5,751.6, 753.00,753.65,757.1,105855,801.42,4916, 41997, 39.67
SUMEETINDS, BE, 15-Jul-2021,11.1,11.65,11.65,11.65, 11.65,11.65,11.65,80796,9.41,97, -, -
SUMICHEM, EQ, 15-Jul-2021,443.7,446.4,458.0,442.7, 445.50,446.05,450.66,979950,4416.27,21181, 247940, 25.30
SUMIT, EQ, 15-Jul-2021,19.8,19.9,21.85,18.15, 18.30,18.65,20.25,1506773,305.19,5684, 720695, 47.83
SUMMITSEC, EQ, 15-Jul-2021,647.4,659.0,665.0,653.1, 654.95,654.1,659.91,6942,45.81,446, 4366, 62.89
SUNCLAYLTD, EQ, 15-Jul-2021,3716.6,3755.0,3778.0,3536.1, 3591.00,3590.65,3658.56,7026,257.05,1934, 3065, 43.62
SUNDARAM, BE, 15-Jul-2021,2.35,2.35,2.4,2.25, 2.35,2.35,2.3,467669,10.77,402, -, -
SUNDARMFIN, EQ, 15-Jul-2021,2659.2,2670.0,2670.0,2638.55, 2662.35,2659.45,2658.52,8339,221.69,1726, 6435, 77.17
SUNDARMHLD, EQ, 15-Jul-2021,76.3,76.6,76.7,74.15, 74.20,74.3,74.94,201738,151.18,2587, 144250, 71.50
SUNDRMBRAK, EQ, 15-Jul-2021,444.65,458.2,458.25,440.85, 443.00,443.65,446.63,12577,56.17,1263, 3884, 30.88
SUNDRMFAST, EQ, 15-Jul-2021,800.7,802.0,812.0,791.3, 798.00,793.9,799.44,34595,276.56,4944, 16622, 48.05
SUNFLAG, EQ, 15-Jul-2021,83.6,84.15,84.85,82.7, 83.70,83.25,83.46,982709,820.21,8164, 250646, 25.51
SUNPHARMA, EQ, 15-Jul-2021,685.95,686.0,688.2,681.3, 681.30,683.0,684.0,1905193,13031.5,44500, 854431, 44.85
SUNTECK, EQ, 15-Jul-2021,359.45,361.25,377.8,353.3, 369.60,372.55,366.37,2368757,8678.46,50123, 427292, 18.04
SUNTV, EQ, 15-Jul-2021,528.3,529.1,534.3,528.7, 530.70,531.4,531.16,1502606,7981.2,13992, 844875, 56.23
SUPERHOUSE, EQ, 15-Jul-2021,162.6,164.95,166.0,162.05, 162.60,162.9,164.06,42010,68.92,2110, 19858, 47.27
SUPERSPIN, BE, 15-Jul-2021,10.55,11.05,11.05,11.05, 11.05,11.05,11.05,27981,3.09,70, -, -
SUPPETRO, BE, 15-Jul-2021,754.65,756.0,759.0,750.7, 755.00,754.05,755.69,46637,352.43,1263, -, -
SUPRAJIT, EQ, 15-Jul-2021,310.3,305.8,318.0,304.5, 315.00,314.7,311.45,530458,1652.11,14786, 192336, 36.26
SUPREMEENG, BE, 15-Jul-2021,33.05,32.3,34.7,32.2, 34.70,34.7,33.93,35461,12.03,137, -, -
SUPREMEIND, EQ, 15-Jul-2021,2149.1,2149.1,2159.85,2125.1, 2135.00,2136.05,2144.63,38136,817.88,7817, 23164, 60.74
SURANASOL, EQ, 15-Jul-2021,13.2,13.8,13.85,13.25, 13.85,13.85,13.81,132419,18.29,305, 115551, 87.26
SURANAT&P, EQ, 15-Jul-2021,7.4,7.35,7.5,7.05, 7.05,7.05,7.18,429894,30.89,573, 335365, 78.01
SURANI, SM, 15-Jul-2021,29.15,30.6,30.6,30.6, 30.60,30.6,30.6,4000,1.22,2, 4000, 100.00
SURYALAXMI, BE, 15-Jul-2021,63.9,64.95,66.0,62.0, 66.00,65.25,64.81,18784,12.17,142, -, -
SURYAROSNI, EQ, 15-Jul-2021,541.9,546.0,550.9,530.0, 535.00,534.3,539.9,93662,505.68,6777, 40780, 43.54
SURYODAY, EQ, 15-Jul-2021,215.55,215.95,216.9,209.8, 210.00,210.0,212.01,272557,577.84,6876, 172546, 63.31
SUTLEJTEX, EQ, 15-Jul-2021,65.9,66.4,66.7,65.0, 65.10,65.05,65.53,349872,229.28,2743, 217411, 62.14
SUULD, EQ, 15-Jul-2021,515.0,498.6,515.0,489.5, 489.50,493.95,496.93,43522,216.27,1521, 26952, 61.93
SUVEN, EQ, 15-Jul-2021,91.4,91.0,91.45,90.0, 90.00,90.15,90.65,248961,225.69,2681, 155248, 62.36
SUVENPHAR, EQ, 15-Jul-2021,468.15,468.15,470.85,462.8, 467.90,465.6,464.97,166331,773.38,9140, 105134, 63.21
SUVIDHAA, EQ, 15-Jul-2021,26.2,26.75,27.0,25.45, 26.35,26.45,26.61,102103,27.17,676, 54213, 53.10
SUZLON, EQ, 15-Jul-2021,7.9,7.95,8.25,7.85, 8.15,8.2,8.16,87103209,7106.15,59135, 33067181, 37.96
SVPGLOB, EQ, 15-Jul-2021,108.2,109.4,112.4,101.2, 103.35,103.75,107.71,136696,147.24,3137, 69194, 50.62
SWANENERGY, EQ, 15-Jul-2021,143.45,144.5,148.25,142.4, 144.10,145.05,146.1,307665,449.5,7685, 86678, 28.17
SWARAJENG, EQ, 15-Jul-2021,1773.3,1770.0,1794.85,1765.75, 1775.00,1771.35,1775.89,15520,275.62,3647, 8971, 57.80
SWELECTES, EQ, 15-Jul-2021,273.0,275.25,279.35,264.0, 267.20,266.55,271.15,87238,236.55,4549, 43711, 50.11
SWSOLAR, EQ, 15-Jul-2021,284.05,286.5,288.3,277.0, 279.15,280.0,283.3,1804119,5110.99,22556, 465754, 25.82
SYMPHONY, EQ, 15-Jul-2021,1063.35,1071.8,1072.85,1058.55, 1066.95,1064.3,1065.92,49587,528.56,4133, 23817, 48.03
SYNGENE, EQ, 15-Jul-2021,581.05,583.8,626.9,579.75, 614.00,614.35,610.99,2096209,12807.67,66804, 921081, 43.94
TAINWALCHM, EQ, 15-Jul-2021,84.95,86.75,87.8,82.1, 82.30,82.85,85.79,65951,56.58,1045, 36923, 55.99
TAJGVK, EQ, 15-Jul-2021,137.1,136.2,138.05,136.0, 136.30,136.3,136.92,126355,173.01,1754, 73377, 58.07
TAKE, EQ, 15-Jul-2021,64.3,64.35,67.4,64.35, 65.35,65.45,65.97,3658135,2413.37,18107, 1117388, 30.55
TALBROAUTO, EQ, 15-Jul-2021,325.65,332.7,338.5,315.0, 317.60,321.05,329.56,209952,691.93,9071, 90533, 43.12
TANLA, BE, 15-Jul-2021,946.1,957.75,967.0,940.0, 946.00,950.8,956.81,93135,891.13,3665, -, -
TANTIACONS, BZ, 15-Jul-2021,9.35,9.8,9.8,8.9, 9.40,9.45,9.73,66486,6.47,199, -, -
TARACHAND, SM, 15-Jul-2021,39.85,39.5,39.95,39.5, 39.95,39.7,39.71,8000,3.18,4, 6000, 75.00
TARAPUR, BE, 15-Jul-2021,5.2,5.4,5.4,5.0, 5.10,5.1,5.2,8773,0.46,35, -, -
TARC, EQ, 15-Jul-2021,45.3,45.3,50.7,43.3, 49.55,49.35,48.28,10454139,5046.81,32890, 2897931, 27.72
TARMAT, EQ, 15-Jul-2021,66.8,67.85,74.9,63.8, 72.20,72.45,72.1,1009206,727.64,14159, 327700, 32.47
TASTYBITE, EQ, 15-Jul-2021,19169.9,19299.0,19397.0,18500.0, 18780.00,18794.2,18982.74,3988,757.03,1842, 1514, 37.96
TATACAPHSG, N2, 15-Jul-2021,1050.0,1047.01,1047.1,1047.01, 1047.10,1047.1,1047.02,320,3.35,4, 320, 100.00
TATACAPHSG, N4, 15-Jul-2021,1000.0,1050.0,1080.0,1049.0, 1080.00,1079.94,1076.89,101,1.09,5, 101, 100.00
TATACAPHSG, N8, 15-Jul-2021,1092.5,1092.5,1092.5,1090.0, 1090.00,1090.0,1091.25,20,0.22,4, 20, 100.00
TATACAPHSG, NB, 15-Jul-2021,1165.0,1125.4,1158.99,1125.4, 1140.00,1140.0,1147.46,32,0.37,4, 30, 93.75
TATACHEM, EQ, 15-Jul-2021,777.3,781.0,781.5,773.1, 776.95,777.8,777.35,978998,7610.28,20849, 260465, 26.61
TATACOFFEE, EQ, 15-Jul-2021,192.2,192.5,194.25,191.0, 191.80,192.15,192.74,1441902,2779.19,12570, 488684, 33.89
TATACOMM, EQ, 15-Jul-2021,1403.35,1412.0,1426.65,1381.0, 1390.00,1390.45,1404.64,259781,3648.98,15368, 113359, 43.64
TATACONSUM, EQ, 15-Jul-2021,768.2,769.0,774.6,763.5, 770.25,772.35,768.04,965602,7416.21,24588, 551748, 57.14
TATAELXSI, EQ, 15-Jul-2021,4371.8,4419.0,4575.0,4402.75, 4504.95,4487.1,4497.11,382778,17213.95,41950, 131200, 34.28
TATAINVEST, EQ, 15-Jul-2021,1160.25,1160.25,1183.0,1158.5, 1164.90,1164.85,1170.63,48333,565.8,4014, 17225, 35.64
TATAMETALI, EQ, 15-Jul-2021,1244.75,1259.95,1280.0,1246.8, 1265.05,1269.15,1261.64,659147,8316.04,24622, 154735, 23.48
TATAMOTORS, EQ, 15-Jul-2021,309.55,310.5,312.85,307.6, 310.10,310.25,309.95,23617599,73203.42,186448, 6716209, 28.44
TATAMTRDVR, EQ, 15-Jul-2021,144.65,145.05,146.0,143.55, 144.65,144.8,144.8,997246,1443.97,15622, 479362, 48.07
TATAPOWER, EQ, 15-Jul-2021,124.55,124.85,126.5,124.15, 124.45,124.45,125.12,22522585,28180.0,76068, 4817530, 21.39
TATASTEEL, EQ, 15-Jul-2021,1244.7,1246.1,1265.8,1237.7, 1257.60,1255.95,1253.63,9655551,121044.92,186722, 3014831, 31.22
TATASTLBSL, EQ, 15-Jul-2021,89.05,89.2,89.95,88.55, 88.80,88.9,89.16,2580151,2300.46,20966, 1433276, 55.55
TATASTLLP, BE, 15-Jul-2021,1097.45,1100.0,1140.0,1097.45, 1128.00,1119.95,1117.9,77801,869.74,2121, -, -
TBZ, EQ, 15-Jul-2021,82.8,83.7,84.3,81.1, 81.20,81.85,82.94,270389,224.27,3090, 121032, 44.76
TCFSL, NB, 15-Jul-2021,1071.75,1071.0,1074.3,1071.0, 1072.02,1073.13,1072.39,1724,18.49,29, 1501, 87.06
TCFSL, ND, 15-Jul-2021,1120.61,1118.1,1125.0,1117.99, 1120.00,1118.89,1119.84,864,9.68,29, 783, 90.63
TCFSL, NF, 15-Jul-2021,1205.0,1200.0,1200.0,1200.0, 1200.00,1200.0,1200.0,20,0.24,1, 20, 100.00
TCFSL, NH, 15-Jul-2021,1103.4,1095.0,1095.0,1084.0, 1090.05,1090.02,1089.82,350,3.81,12, 330, 94.29
TCI, EQ, 15-Jul-2021,400.05,403.95,410.0,398.05, 403.50,404.35,403.92,32656,131.91,2437, 20644, 63.22
TCIDEVELOP, EQ, 15-Jul-2021,406.45,394.95,415.0,394.95, 402.00,406.35,403.39,3105,12.53,176, 2572, 82.83
TCIEXP, EQ, 15-Jul-2021,1475.15,1470.1,1495.0,1460.45, 1492.00,1489.8,1481.31,20512,303.85,2286, 11590, 56.50
TCNSBRANDS, EQ, 15-Jul-2021,594.95,601.0,608.0,592.2, 598.00,596.75,598.08,35357,211.46,2472, 13682, 38.70
TCPLPACK, EQ, 15-Jul-2021,533.2,538.0,543.25,528.25, 538.00,535.6,535.56,10684,57.22,1543, 6495, 60.79
TCS, EQ, 15-Jul-2021,3214.55,3227.6,3231.85,3194.0, 3201.90,3202.95,3207.01,2232968,71611.6,134474, 1419357, 63.56
TDPOWERSYS, EQ, 15-Jul-2021,206.95,208.3,213.5,207.0, 207.90,208.5,209.76,115295,241.85,3308, 63249, 54.86
TEAMLEASE, EQ, 15-Jul-2021,3851.2,3860.0,3889.5,3809.85, 3815.00,3832.6,3859.28,10742,414.56,2674, 5865, 54.60
TECHIN, BE, 15-Jul-2021,5.2,5.45,5.45,4.95, 5.35,5.15,5.09,13427,0.68,40, -, -
TECHM, EQ, 15-Jul-2021,1078.5,1078.0,1119.7,1076.4, 1109.25,1112.45,1105.16,5922995,65458.59,130433, 2305231, 38.92
TECHNOE, EQ, 15-Jul-2021,313.8,315.0,318.0,311.05, 313.55,313.4,314.24,71295,224.03,3034, 42976, 60.28
TEJASNET, BE, 15-Jul-2021,188.45,188.45,189.4,184.9, 186.00,185.5,186.04,97471,181.34,1152, -, -
TEMBO, BE, 15-Jul-2021,208.55,200.15,214.0,199.0, 213.50,211.75,206.05,33034,68.07,184, -, -
TERASOFT, EQ, 15-Jul-2021,59.35,62.15,71.2,62.15, 71.20,71.2,68.6,1292386,886.55,8896, 635903, 49.20
TEXINFRA, EQ, 15-Jul-2021,67.55,67.8,68.4,66.6, 66.75,67.05,67.38,81605,54.98,983, 43617, 53.45
TEXMOPIPES, EQ, 15-Jul-2021,53.1,53.2,54.2,52.8, 53.10,53.1,53.3,144308,76.91,1485, 99465, 68.93
TEXRAIL, EQ, 15-Jul-2021,38.8,39.0,39.7,38.6, 38.90,38.85,39.12,1408705,551.08,4802, 701995, 49.83
TFCILTD, EQ, 15-Jul-2021,78.45,78.5,79.0,76.1, 76.85,76.5,77.44,585836,453.7,6502, 287602, 49.09
TFL, BE, 15-Jul-2021,6.15,6.45,6.45,6.0, 6.45,6.45,6.35,24744,1.57,59, -, -
TGBHOTELS, BE, 15-Jul-2021,9.1,9.3,9.4,8.85, 9.00,9.0,9.09,8069,0.73,46, -, -
THANGAMAYL, EQ, 15-Jul-2021,838.3,847.95,847.95,830.3, 846.00,841.75,837.98,8591,71.99,746, 5525, 64.31
THEINVEST, EQ, 15-Jul-2021,108.65,109.15,109.65,107.1, 108.70,108.3,108.68,17711,19.25,286, 11918, 67.29
THEJO, SM, 15-Jul-2021,2498.2,2538.9,2538.9,2481.0, 2513.95,2513.95,2514.55,500,12.57,5, 300, 60.00
THEMISMED, EQ, 15-Jul-2021,838.75,858.75,909.95,842.0, 879.45,887.3,876.01,89978,788.22,5913, 40774, 45.32
THERMAX, EQ, 15-Jul-2021,1421.95,1439.95,1455.05,1410.0, 1420.00,1417.0,1428.73,44772,639.67,4767, 25564, 57.10
THOMASCOOK, EQ, 15-Jul-2021,63.7,64.3,64.3,62.0, 62.20,62.3,62.94,614085,386.53,9750, 385283, 62.74
THOMASCOTT, BE, 15-Jul-2021,16.2,16.2,17.0,16.2, 17.00,17.0,17.0,1682,0.29,20, -, -
THYROCARE, EQ, 15-Jul-2021,1342.25,1342.25,1351.8,1335.2, 1343.00,1341.15,1342.68,144347,1938.12,5208, 76367, 52.91
TI, EQ, 15-Jul-2021,45.45,45.45,45.85,43.65, 44.00,44.1,44.72,443786,198.46,3086, 294248, 66.30
TIDEWATER, BE, 15-Jul-2021,15882.6,15100.0,15800.0,15088.5, 15088.50,15088.5,15110.46,3417,516.32,1025, -, -
TIIL, EQ, 15-Jul-2021,592.8,593.15,660.0,586.0, 634.00,632.85,629.72,218511,1376.01,10766, 105129, 48.11
TIINDIA, EQ, 15-Jul-2021,1142.85,1145.0,1162.9,1134.0, 1141.00,1136.7,1151.77,39507,455.03,3698, 26108, 66.08
TIJARIA, EQ, 15-Jul-2021,9.15,9.5,9.5,8.9, 9.35,9.35,9.24,22481,2.08,43, 18204, 80.98
TIL, BE, 15-Jul-2021,185.95,186.9,195.2,185.0, 188.50,188.7,190.43,5956,11.34,109, -, -
TIMESGTY, EQ, 15-Jul-2021,55.7,57.65,57.65,53.5, 53.50,53.8,55.06,11385,6.27,354, 5965, 52.39
TIMETECHNO, EQ, 15-Jul-2021,85.2,85.6,85.95,83.6, 84.10,84.0,84.53,429107,362.71,5790, 279890, 65.23
TIMKEN, EQ, 15-Jul-2021,1517.55,1524.0,1536.55,1485.2, 1500.00,1505.3,1521.96,35337,537.82,3300, 6267, 17.73
TINPLATE, EQ, 15-Jul-2021,238.95,255.1,262.65,247.3, 249.50,249.75,253.04,5993089,15164.75,78479, 1761337, 29.39
TIPSINDLTD, BE, 15-Jul-2021,1298.2,1298.2,1340.0,1246.0, 1319.55,1314.1,1288.95,6794,87.57,473, -, -
TIRUMALCHM, EQ, 15-Jul-2021,157.7,158.0,166.05,156.7, 162.00,161.4,161.98,2723271,4411.06,32984, 894642, 32.85
TIRUPATI, SM, 15-Jul-2021,40.7,40.5,40.5,40.5, 40.50,40.5,40.5,3000,1.22,1, 3000, 100.00
TIRUPATIFL, BE, 15-Jul-2021,43.35,45.5,45.5,45.5, 45.50,45.5,45.5,401594,182.73,20, -, -
TITAN, EQ, 15-Jul-2021,1710.35,1705.5,1716.75,1694.5, 1699.00,1701.55,1705.38,943422,16088.95,43104, 438852, 46.52
TMRVL, BE, 15-Jul-2021,18.45,18.5,18.8,17.6, 18.20,18.2,18.27,42892,7.84,307, -, -
TNPETRO, EQ, 15-Jul-2021,117.75,118.05,119.3,117.5, 118.00,118.3,118.26,339922,401.98,4320, 221969, 65.30
TNPL, EQ, 15-Jul-2021,153.8,155.25,155.35,150.55, 151.00,151.1,152.69,192523,293.96,2946, 135133, 70.19
TNTELE, BE, 15-Jul-2021,10.35,10.85,10.85,10.85, 10.85,10.85,10.85,19351,2.1,62, -, -
TOKYOPLAST, EQ, 15-Jul-2021,107.5,109.65,115.3,108.3, 111.50,110.85,112.68,88203,99.39,2235, 44036, 49.93
TORNTPHARM, EQ, 15-Jul-2021,3011.65,3015.0,3046.55,2994.05, 2995.00,3001.3,3021.18,99451,3004.59,12073, 30578, 30.75
TORNTPOWER, EQ, 15-Jul-2021,473.2,475.7,483.85,472.45, 478.35,480.1,479.67,1490916,7151.5,25070, 573002, 38.43
TOTAL, EQ, 15-Jul-2021,47.85,47.9,48.75,47.2, 48.50,48.3,48.09,26834,12.91,194, 16180, 60.30
TOUCHWOOD, EQ, 15-Jul-2021,112.8,115.85,115.85,108.3, 109.60,109.5,111.52,38477,42.91,904, 26719, 69.44
TPLPLASTEH, EQ, 15-Jul-2021,235.8,241.9,253.0,235.0, 250.95,250.35,245.72,87236,214.35,1871, 24040, 27.56
TRANSWIND, SM, 15-Jul-2021,5.55,5.6,5.8,5.6, 5.60,5.6,5.65,16000,0.9,4, 12000, 75.00
TREEHOUSE, BE, 15-Jul-2021,10.75,10.9,11.25,10.25, 11.00,11.0,10.93,49813,5.44,148, -, -
TREJHARA, EQ, 15-Jul-2021,59.6,60.5,63.0,59.55, 62.00,60.6,60.99,97527,59.48,1215, 58613, 60.10
TRENT, EQ, 15-Jul-2021,917.95,921.3,927.95,899.0, 902.45,902.8,907.59,439404,3987.97,14365, 158505, 36.07
TRF, BE, 15-Jul-2021,137.05,137.05,142.0,135.0, 136.55,137.2,138.62,12685,17.58,238, -, -
TRIDENT, EQ, 15-Jul-2021,17.95,18.05,18.3,17.55, 17.65,17.65,17.83,13470718,2402.11,23686, 7382817, 54.81
TRIGYN, EQ, 15-Jul-2021,128.6,129.7,141.45,129.65, 141.45,141.45,137.84,890143,1226.96,7806, 560557, 62.97
TRIL, EQ, 15-Jul-2021,33.55,33.55,34.5,32.9, 33.45,33.45,33.59,394928,132.65,2824, 204245, 51.72
TRITURBINE, EQ, 15-Jul-2021,123.2,124.4,134.9,123.0, 132.00,131.25,130.66,2323127,3035.35,30156, 900327, 38.75
TRIVENI, EQ, 15-Jul-2021,199.2,199.2,199.95,192.6, 195.60,195.2,197.07,600690,1183.79,8553, 296249, 49.32
TTKHLTCARE, EQ, 15-Jul-2021,768.4,780.0,788.95,763.0, 765.00,770.0,773.01,34895,269.74,2901, 21189, 60.72
TTKPRESTIG, EQ, 15-Jul-2021,9157.1,9219.95,9394.85,9208.45, 9340.00,9327.75,9306.29,11039,1027.32,3819, 4612, 41.78
TTL, BE, 15-Jul-2021,63.6,63.6,64.0,62.15, 62.95,62.3,62.57,10404,6.51,112, -, -
TTML, BE, 15-Jul-2021,44.05,41.85,41.85,41.85, 41.85,41.85,41.85,1242526,520.0,8154, -, -
TV18BRDCST, EQ, 15-Jul-2021,40.9,41.15,42.8,41.0, 42.70,42.45,41.9,16683196,6990.74,20866, 6801987, 40.77
TVSELECT, EQ, 15-Jul-2021,195.65,199.0,199.0,193.0, 195.15,195.9,196.14,46310,90.83,1735, 27034, 58.38
TVSMOTOR, EQ, 15-Jul-2021,613.1,616.95,616.95,606.5, 610.00,609.3,610.85,1115932,6816.64,24901, 660537, 59.19
TVSSRICHAK, EQ, 15-Jul-2021,2278.95,2320.0,2320.35,2265.2, 2280.00,2276.5,2294.97,13723,314.94,2870, 10162, 74.05
TVTODAY, EQ, 15-Jul-2021,300.35,301.8,303.6,298.0, 299.00,299.9,301.28,89711,270.28,2498, 59531, 66.36
TVVISION, BE, 15-Jul-2021,1.9,1.95,1.95,1.95, 1.95,1.95,1.95,1340,0.03,2, -, -
TWL, EQ, 15-Jul-2021,72.95,73.0,74.8,72.65, 74.00,74.0,73.46,807435,593.14,5081, 441369, 54.66
UBL, EQ, 15-Jul-2021,1420.9,1421.0,1428.0,1393.65, 1398.00,1396.2,1405.84,423905,5959.44,9249, 267116, 63.01
UCALFUEL, EQ, 15-Jul-2021,167.35,167.5,169.7,163.65, 164.50,164.4,165.95,64606,107.22,2288, 42725, 66.13
UCOBANK, EQ, 15-Jul-2021,14.1,14.15,14.25,14.0, 14.10,14.05,14.12,3660781,516.79,13812, 1714635, 46.84
UFLEX, EQ, 15-Jul-2021,541.45,542.1,551.2,532.75, 535.60,535.15,540.31,378691,2046.1,14330, 181693, 47.98
UFO, EQ, 15-Jul-2021,101.3,102.4,106.5,102.15, 103.55,103.7,104.37,2789585,2911.45,23934, 1251664, 44.87
UGARSUGAR, EQ, 15-Jul-2021,35.8,36.5,36.7,34.8, 35.40,35.25,35.72,625026,223.25,3123, 252114, 40.34
UJAAS, BE, 15-Jul-2021,2.95,2.95,3.0,2.9, 2.90,2.95,2.96,767938,22.72,836, -, -
UJJIVAN, EQ, 15-Jul-2021,237.25,237.25,245.4,235.6, 240.20,241.75,241.5,1649699,3984.09,16862, 573813, 34.78
UJJIVANSFB, EQ, 15-Jul-2021,30.8,31.0,31.0,30.5, 30.65,30.6,30.76,3497653,1075.78,6271, 1399682, 40.02
ULTRACEMCO, EQ, 15-Jul-2021,7118.05,7134.35,7220.0,7101.75, 7193.00,7189.65,7179.77,292170,20977.13,43390, 109080, 37.33
UMANGDAIRY, EQ, 15-Jul-2021,87.3,90.0,94.0,87.65, 88.45,88.45,91.1,1052086,958.4,15518, 388907, 36.97
UMESLTD, BE, 15-Jul-2021,4.3,4.45,4.45,4.1, 4.35,4.3,4.29,31568,1.35,76, -, -
UNICHEMLAB, EQ, 15-Jul-2021,330.9,338.75,338.75,330.25, 334.50,335.75,335.12,56792,190.32,2918, 32627, 57.45
UNIDT, EQ, 15-Jul-2021,328.6,329.8,330.0,326.1, 327.00,327.95,327.71,21729,71.21,689, 15395, 70.85
UNIENTER, EQ, 15-Jul-2021,141.45,142.2,145.75,134.1, 136.70,136.85,140.47,56492,79.36,2224, 24899, 44.08
UNIONBANK, EQ, 15-Jul-2021,36.85,36.95,37.25,36.4, 36.55,36.45,36.74,9266273,3404.28,14106, 4640391, 50.08
UNITECH, BZ, 15-Jul-2021,2.2,2.1,2.1,2.1, 2.10,2.1,2.1,1407249,29.55,1067, -, -
UNITEDTEA, EQ, 15-Jul-2021,349.3,349.0,354.5,343.5, 344.05,346.25,349.31,2627,9.18,134, 1686, 64.18
UNIVASTU, EQ, 15-Jul-2021,53.55,55.9,55.9,52.05, 52.15,52.95,53.38,8822,4.71,181, 3380, 38.31
UNIVCABLES, EQ, 15-Jul-2021,194.05,196.0,199.35,192.0, 197.45,198.15,197.05,194250,382.76,4900, 103388, 53.22
UNIVPHOTO, EQ, 15-Jul-2021,298.95,310.55,310.55,291.85, 294.00,294.15,294.56,11922,35.12,174, 10427, 87.46
UPL, EQ, 15-Jul-2021,819.75,821.75,839.3,819.25, 838.90,836.25,829.98,3435337,28512.48,63405, 1636370, 47.63
URJA, EQ, 15-Jul-2021,7.65,7.75,7.75,7.5, 7.65,7.65,7.66,1977917,151.53,4374, 926612, 46.85
URJAPP, X1, 15-Jul-2021,2.8,2.7,2.85,2.7, 2.85,2.85,2.77,110278,3.06,149, 101682, 92.21
USHAMART, EQ, 15-Jul-2021,55.4,56.0,56.8,54.7, 55.30,55.25,55.6,1375746,764.98,5865, 786249, 57.15
UTIAMC, EQ, 15-Jul-2021,844.75,848.5,865.05,842.5, 857.00,854.45,851.98,605159,5155.85,13142, 400064, 66.11
UTIBANKETF, EQ, 15-Jul-2021,35.75,35.72,36.14,35.25, 35.99,35.98,35.84,9308,3.34,135, 7284, 78.26
UTINEXT50, EQ, 15-Jul-2021,40.29,41.0,41.0,40.21, 40.50,40.45,40.57,207247,84.07,135, 206020, 99.41
UTINIFTETF, EQ, 15-Jul-2021,1663.84,1664.0,1674.97,1657.95, 1672.85,1672.85,1671.7,1173,19.61,52, 1024, 87.30
UTISENSETF, EQ, 15-Jul-2021,552.58,552.0,564.3,552.0, 557.00,556.92,556.83,500,2.78,68, 422, 84.40
UTISXN50, EQ, 15-Jul-2021,44.5,45.83,45.83,43.8, 45.19,45.19,45.03,6776,3.05,60, 5489, 81.01
UTTAMSTL, EQ, 15-Jul-2021,4.6,4.8,4.8,4.75, 4.80,4.8,4.8,3652651,175.3,1475, 2748622, 75.25
UTTAMSUGAR, BE, 15-Jul-2021,231.55,231.55,234.9,220.0, 224.95,222.85,223.2,73663,164.42,1878, -, -
V2RETAIL, EQ, 15-Jul-2021,135.3,136.1,138.95,129.5, 130.75,130.45,133.14,83514,111.19,1536, 65578, 78.52
VADILALIND, EQ, 15-Jul-2021,1004.55,1010.0,1023.95,1001.0, 1010.20,1011.7,1010.98,9194,92.95,1163, 5551, 60.38
VAIBHAVGBL, EQ, 15-Jul-2021,809.4,808.0,813.15,798.0, 801.85,800.75,804.0,93061,748.21,8036, 65578, 70.47
VAISHALI, EQ, 15-Jul-2021,43.15,44.1,44.5,43.15, 43.15,43.55,43.69,106383,46.48,673, 76126, 71.56
VAKRANGEE, EQ, 15-Jul-2021,38.9,39.25,40.0,38.5, 39.00,38.65,39.19,2984895,1169.89,8344, 1880924, 63.01
VALIANTORG, EQ, 15-Jul-2021,1451.2,1451.2,1480.0,1430.1, 1447.95,1450.6,1451.64,43981,638.45,3663, 24992, 56.82
VARDHACRLC, EQ, 15-Jul-2021,63.5,62.7,67.5,60.75, 64.85,65.15,65.07,1366301,888.98,10473, 493631, 36.13
VARDMNPOLY, EQ, 15-Jul-2021,22.85,23.85,23.85,22.05, 22.45,22.3,23.05,71979,16.59,719, 38369, 53.31
VARROC, EQ, 15-Jul-2021,354.35,355.5,356.7,349.6, 350.20,350.15,352.15,142083,500.35,6072, 105653, 74.36
VASA, SM, 15-Jul-2021,5.75,5.75,5.75,5.75, 5.75,5.75,5.75,4000,0.23,1, 4000, 100.00
VASCONEQ, EQ, 15-Jul-2021,24.65,23.7,24.25,23.45, 23.45,23.55,23.63,1665749,393.62,2673, 870701, 52.27
VASWANI, EQ, 15-Jul-2021,14.35,14.8,14.8,14.05, 14.60,14.55,14.43,49042,7.07,221, 26685, 54.41
VBL, EQ, 15-Jul-2021,777.9,781.25,799.05,780.05, 798.00,796.3,792.63,247741,1963.66,16859, 137541, 55.52
VCL, SM, 15-Jul-2021,35.95,36.0,36.0,35.25, 36.00,36.0,35.7,15000,5.36,3, 12000, 80.00
VEDL, EQ, 15-Jul-2021,271.75,270.95,273.3,268.3, 269.20,269.5,270.89,5284871,14316.2,32719, 2233627, 42.26
VENKEYS, EQ, 15-Jul-2021,3482.8,3500.25,3543.15,3464.0, 3474.00,3477.0,3492.7,54492,1903.24,5542, 14471, 26.56
VENUSREM, EQ, 15-Jul-2021,440.85,447.75,462.85,441.0, 462.85,459.2,455.88,118416,539.83,3324, 41863, 35.35
VERTOZ, EQ, 15-Jul-2021,154.45,156.95,160.5,148.65, 151.30,151.3,153.02,570890,873.6,8042, 118802, 20.81
VESUVIUS, EQ, 15-Jul-2021,1181.75,1181.6,1188.15,1157.05, 1177.50,1175.0,1172.87,16525,193.82,2370, 10496, 63.52
VETO, EQ, 15-Jul-2021,156.95,157.2,162.35,153.45, 154.70,154.15,156.89,862103,1352.56,6163, 262122, 30.40
VGUARD, EQ, 15-Jul-2021,258.45,257.5,260.95,257.25, 259.70,259.45,259.65,290735,754.9,6633, 148482, 51.07
VHL, EQ, 15-Jul-2021,3478.45,3500.0,3631.2,3249.95, 3262.30,3279.6,3390.65,6030,204.46,1864, 3328, 55.19
VICEROY, BZ, 15-Jul-2021,4.15,4.3,4.3,3.95, 4.05,4.0,4.01,26006,1.04,61, -, -
VIDHIING, EQ, 15-Jul-2021,260.65,260.0,267.8,253.0, 254.00,254.25,258.55,95959,248.11,2957, 61540, 64.13
VIJIFIN, BE, 15-Jul-2021,1.35,1.4,1.4,1.4, 1.40,1.4,1.4,68697,0.96,52, -, -
VIKASECO, BE, 15-Jul-2021,2.0,1.9,1.95,1.9, 1.90,1.9,1.9,12645745,240.46,3557, -, -
VIKASLIFE, EQ, 15-Jul-2021,3.5,3.6,3.65,3.6, 3.65,3.65,3.63,6213531,225.82,2440, 3837594, 61.76
VIKASPROP, EQ, 15-Jul-2021,2.6,2.65,2.8,2.6, 2.70,2.7,2.75,3610197,99.24,2195, 1398012, 38.72
VIKASWSP, EQ, 15-Jul-2021,6.15,6.2,6.2,5.95, 6.05,6.0,6.08,539172,32.77,655, 422820, 78.42
VIMTALABS, EQ, 15-Jul-2021,310.65,311.0,314.9,299.0, 304.00,301.1,305.89,140201,428.86,5458, 70406, 50.22
VINATIORGA, EQ, 15-Jul-2021,1929.55,1945.0,1945.0,1905.05, 1924.20,1914.7,1923.03,64076,1232.2,9093, 37929, 59.19
VINDHYATEL, EQ, 15-Jul-2021,1375.05,1389.35,1389.65,1360.0, 1368.10,1364.05,1374.18,21236,291.82,3687, 11012, 51.86
VINEETLAB, EQ, 15-Jul-2021,102.45,97.35,107.5,97.35, 97.35,97.35,100.18,291092,291.63,2780, 154789, 53.18
VINYLINDIA, EQ, 15-Jul-2021,161.75,162.1,164.7,157.6, 158.50,159.2,161.89,277438,449.16,6313, 123658, 44.57
VIPCLOTHNG, EQ, 15-Jul-2021,18.55,19.15,19.45,18.9, 19.45,19.45,19.42,1512012,293.7,1977, 1151850, 76.18
VIPIND, EQ, 15-Jul-2021,409.8,413.1,419.5,408.2, 410.00,410.0,413.92,275457,1140.16,8409, 77326, 28.07
VIPULLTD, BE, 15-Jul-2021,33.95,33.4,35.2,33.0, 34.00,33.35,33.52,15823,5.3,60, -, -
VISAKAIND, EQ, 15-Jul-2021,760.1,760.1,772.0,750.2, 754.65,756.0,763.49,39231,299.52,2674, 23227, 59.21
VISASTEEL, BE, 15-Jul-2021,10.15,10.55,10.55,9.85, 9.90,9.9,10.05,18559,1.86,118, -, -
VISHAL, EQ, 15-Jul-2021,89.7,91.95,94.15,91.6, 93.30,93.4,93.67,703514,658.98,3972, 453678, 64.49
VISHNU, EQ, 15-Jul-2021,610.75,586.0,631.95,581.05, 587.90,587.25,604.3,84211,508.88,3248, 47833, 56.80
VISHWARAJ, EQ, 15-Jul-2021,143.1,144.0,145.3,141.5, 142.60,143.85,143.36,266170,381.59,3775, 48735, 18.31
VIVIDHA, BE, 15-Jul-2021,1.0,1.0,1.0,0.95, 1.00,1.0,0.98,1690427,16.59,564, -, -
VIVIMEDLAB, BE, 15-Jul-2021,25.0,25.35,25.35,24.55, 24.90,24.8,24.9,137254,34.17,861, -, -
VLSFINANCE, EQ, 15-Jul-2021,241.0,244.75,248.25,235.0, 235.95,235.95,240.37,141658,340.5,3394, 90319, 63.76
VMARCIND, SM, 15-Jul-2021,29.3,29.05,34.9,28.25, 33.50,33.65,32.62,138000,45.02,36, 81000, 58.70
VMART, EQ, 15-Jul-2021,3461.5,3441.5,3480.0,3290.15, 3320.00,3326.0,3386.85,39336,1332.25,7652, 12454, 31.66
VOLTAMP, EQ, 15-Jul-2021,1609.35,1626.0,1631.0,1561.0, 1600.00,1593.25,1587.99,37562,596.48,4564, 16456, 43.81
VOLTAS, EQ, 15-Jul-2021,1030.65,1034.4,1048.75,1032.05, 1044.00,1042.7,1043.01,1116917,11649.51,27654, 463308, 41.48
VRLLOG, EQ, 15-Jul-2021,315.7,317.0,324.0,311.45, 320.25,320.3,319.73,432929,1384.22,11678, 162922, 37.63
VSSL, EQ, 15-Jul-2021,251.4,252.7,253.7,243.0, 245.00,245.95,248.9,214302,533.4,9640, 62451, 29.14
VSTIND, EQ, 15-Jul-2021,3616.8,3633.95,3644.35,3600.0, 3641.00,3633.55,3624.08,8980,325.44,1628, 5788, 64.45
VSTTILLERS, EQ, 15-Jul-2021,2007.5,2017.55,2017.55,1990.0, 1993.00,1997.35,2000.58,8365,167.35,1496, 5357, 64.04
VTL, EQ, 15-Jul-2021,1586.55,1594.0,1660.0,1593.9, 1597.00,1607.75,1627.23,317167,5161.02,20350, 108223, 34.12
WABAG, EQ, 15-Jul-2021,369.45,371.9,374.45,362.1, 363.20,363.6,367.39,197961,727.28,6051, 130070, 65.70
WABCOINDIA, EQ, 15-Jul-2021,7304.3,7272.05,7400.0,7272.05, 7350.00,7350.65,7362.96,4505,331.7,1777, 2958, 65.66
WALCHANNAG, EQ, 15-Jul-2021,71.45,71.7,72.7,71.0, 71.65,71.45,71.81,189222,135.87,2999, 99360, 52.51
WALPAR, ST, 15-Jul-2021,54.15,51.45,51.45,51.45, 51.45,51.45,51.45,16000,8.23,7, 16000, 100.00
WANBURY, BE, 15-Jul-2021,86.6,88.5,90.9,85.3, 87.00,89.35,87.75,24039,21.09,181, -, -
WATERBASE, EQ, 15-Jul-2021,133.6,137.45,140.85,134.0, 134.10,135.1,137.45,1474881,2027.28,17849, 426452, 28.91
WEALTH, BE, 15-Jul-2021,198.0,198.0,206.85,192.05, 200.00,200.0,201.68,609,1.23,20, -, -
WEBELSOLAR, EQ, 15-Jul-2021,71.0,70.8,71.25,68.2, 68.90,68.7,69.87,178767,124.91,2044, 114663, 64.14
WEIZMANIND, EQ, 15-Jul-2021,70.25,69.65,69.65,66.75, 66.75,66.75,67.75,70144,47.52,594, 58066, 82.78
WELCORP, EQ, 15-Jul-2021,156.9,158.55,159.7,153.1, 154.00,153.85,156.45,4436648,6941.12,25433, 1848469, 41.66
WELENT, EQ, 15-Jul-2021,109.65,109.95,114.5,109.5, 110.70,110.85,112.08,671687,752.83,7500, 353468, 52.62
WELINV, EQ, 15-Jul-2021,472.75,479.95,484.55,456.0, 473.00,465.5,466.5,1781,8.31,181, 718, 40.31
WELSPUNIND, EQ, 15-Jul-2021,122.5,122.3,129.85,122.3, 124.95,125.2,126.4,15982701,20201.88,72495, 5983743, 37.44
WENDT, EQ, 15-Jul-2021,4521.45,4590.0,4620.0,4400.0, 4400.00,4424.05,4474.2,2562,114.63,589, 1476, 57.61
WESTLIFE, EQ, 15-Jul-2021,545.7,549.15,549.15,532.7, 537.00,535.65,539.29,92486,498.77,9501, 50101, 54.17
WFL, SM, 15-Jul-2021,121.0,115.1,115.1,115.05, 115.05,115.05,115.08,3200,3.68,2, 1600, 50.00
WHEELS, EQ, 15-Jul-2021,662.25,686.0,702.1,673.05, 692.00,692.25,688.76,246727,1699.35,11042, 107817, 43.70
WHIRLPOOL, EQ, 15-Jul-2021,2199.65,2203.5,2217.75,2185.0, 2194.00,2195.85,2196.91,62057,1363.34,5964, 36922, 59.50
WILLAMAGOR, EQ, 15-Jul-2021,23.15,24.3,24.3,23.25, 23.85,24.0,23.84,148018,35.29,563, 84363, 57.00
WINDMACHIN, EQ, 15-Jul-2021,34.0,34.5,35.3,32.0, 32.65,32.15,32.91,1446012,475.95,4322, 821871, 56.84
WIPL, BE, 15-Jul-2021,65.1,68.0,68.0,65.1, 65.10,65.1,67.88,169,0.11,15, -, -
WIPRO, EQ, 15-Jul-2021,561.7,561.0,579.65,559.0, 578.35,575.9,572.71,31066201,177918.49,339133, 3864064, 12.44
WOCKPHARMA, EQ, 15-Jul-2021,537.9,540.75,545.9,531.85, 536.00,534.95,537.96,369695,1988.81,10977, 185862, 50.27
WONDERLA, EQ, 15-Jul-2021,253.4,254.85,257.0,245.25, 246.00,248.2,253.1,158867,402.1,7280, 59942, 37.73
WORTH, EQ, 15-Jul-2021,103.3,104.0,115.0,103.55, 110.50,111.65,111.18,189983,211.23,4667, 81593, 42.95
WSI, BE, 15-Jul-2021,6.25,5.95,5.95,5.95, 5.95,5.95,5.95,2,0.0,2, -, -
WSTCSTPAPR, EQ, 15-Jul-2021,263.8,264.9,265.8,261.5, 262.30,262.05,262.56,138632,364.0,2539, 84251, 60.77
XCHANGING, EQ, 15-Jul-2021,91.65,92.25,93.7,89.1, 90.70,91.0,91.84,965660,886.91,9534, 474905, 49.18
XELPMOC, EQ, 15-Jul-2021,471.4,483.0,483.0,438.1, 447.55,443.65,455.13,90384,411.37,7536, 42022, 46.49
XPROINDIA, BE, 15-Jul-2021,230.0,241.5,241.5,241.5, 241.50,241.5,241.5,18967,45.81,60, -, -
YAARII, BE, 15-Jul-2021,106.95,105.55,109.25,105.55, 108.80,108.65,108.11,80474,87.0,515, -, -
YESBANK, EQ, 15-Jul-2021,13.05,13.05,13.85,13.0, 13.55,13.55,13.49,184390448,24882.22,97118, 67013977, 36.34
ZEEL, EQ, 15-Jul-2021,214.25,214.75,214.9,209.45, 209.85,209.85,210.98,5824639,12288.94,42510, 2237500, 38.41
ZEEL, P2, 15-Jul-2021,1.95,1.95,2.0,1.95, 1.95,1.95,1.95,527091,10.29,194, 515783, 97.85
ZEELEARN, EQ, 15-Jul-2021,15.9,16.0,16.05,15.6, 15.65,15.65,15.74,1217907,191.72,2332, 820478, 67.37
ZEEMEDIA, EQ, 15-Jul-2021,13.0,13.15,13.2,12.7, 12.80,12.85,12.92,2003555,258.76,2676, 1292255, 64.50
ZENITHEXPO, BE, 15-Jul-2021,86.0,89.5,89.5,83.0, 83.55,83.9,87.29,568,0.5,25, -, -
ZENITHSTL, BE, 15-Jul-2021,1.1,1.15,1.15,1.15, 1.15,1.15,1.15,41193,0.47,13, -, -
ZENSARTECH, EQ, 15-Jul-2021,337.8,341.0,365.0,340.0, 355.45,352.95,356.81,7947007,28355.5,118060, 2604108, 32.77
ZENTEC, EQ, 15-Jul-2021,95.25,95.4,99.5,94.25, 96.00,96.0,97.04,1689566,1639.55,18108, 411530, 24.36
ZODIAC, SM, 15-Jul-2021,17.2,17.9,17.9,17.9, 17.90,17.9,17.9,4000,0.72,1, 4000, 100.00
ZODIACLOTH, EQ, 15-Jul-2021,146.85,146.85,146.85,134.0, 136.00,135.8,139.42,573749,799.91,11746, 231718, 40.39
ZODJRDMKJ, BE, 15-Jul-2021,32.15,33.0,33.55,32.1, 33.45,33.0,33.1,1450,0.48,30, -, -
ZOTA, EQ, 15-Jul-2021,251.7,253.65,255.25,232.65, 244.90,244.7,247.7,47489,117.63,1912, 32265, 67.94
ZUARI, EQ, 15-Jul-2021,154.7,155.3,157.0,151.8, 152.65,152.75,154.65,243169,376.06,7272, 102895, 42.31
ZUARIGLOB, EQ, 15-Jul-2021,169.3,170.8,177.75,162.1, 165.30,165.0,172.32,387142,667.11,4601, 248227, 64.12
ZYDUSWELL, EQ, 15-Jul-2021,2188.65,2177.0,2284.8,2176.5, 2250.00,2239.65,2228.14,55016,1225.83,6249, 36002, 65.44
