SYMBOL, SERIES, DATE1, PREV_CLOSE, OPEN_PRICE, HIGH_PRICE, LOW_PRICE, LAST_PRICE, CLOSE_PRICE, AVG_PRICE, TTL_TRD_QNTY, TURNOVER_LACS, NO_OF_TRADES, DELIV_QTY, DELIV_PER
20MICRONS, EQ, 02-Mar-2021,37.35,37.45,37.6,36.85,37.0,36.95,37.3,63874,23.82,523, 34810, 54.50
21STCENMGM, EQ, 02-Mar-2021,11.95,12.0,12.15,11.85,11.85,11.85,12.05,1345,0.16,20, 1321, 98.22
3IINFOTECH, EQ, 02-Mar-2021,6.45,6.6,6.75,6.55,6.75,6.75,6.73,9360087,629.65,5903, 5586759, 59.69
3MINDIA, EQ, 02-Mar-2021,24148.65,24499.95,25199.9,24145.3,25117.9,25068.65,24728.89,9923,2453.85,4567, 5036, 50.75
3PLAND, EQ, 02-Mar-2021,9.55,9.4,9.85,9.15,9.35,9.55,9.44,9385,0.89,52, 7280, 77.57
5PAISA, EQ, 02-Mar-2021,263.85,263.75,270.6,260.0,265.0,267.65,266.76,45906,122.46,4025, 16531, 36.01
63MOONS, EQ, 02-Mar-2021,80.85,81.0,81.85,79.5,80.0,80.15,80.48,49044,39.47,1685, 34364, 70.07
667GS2050, GS, 02-Mar-2021,95.0,99.75,99.75,95.0,95.0,95.0,95.48,500,0.48,3, 500, 100.00
74GS2035, GS, 02-Mar-2021,108.89,105.2,105.2,105.2,105.2,105.2,105.2,100,0.11,1, 100, 100.00
A2ZINFRA, EQ, 02-Mar-2021,4.15,4.15,4.25,4.15,4.2,4.15,4.17,401022,16.74,342, 270682, 67.50
AAATECH, SM, 02-Mar-2021,42.05,42.05,42.05,42.05,42.05,42.05,42.05,3000,1.26,1, 3000, 100.00
AAKASH, BE, 02-Mar-2021,127.9,127.9,127.9,126.5,127.9,127.9,127.34,9223,11.74,146, -, -
AARON, EQ, 02-Mar-2021,58.7,59.5,62.0,58.25,58.9,58.95,59.5,2259,1.34,95, 1033, 45.73
AARTIDRUGS, EQ, 02-Mar-2021,631.85,635.4,651.0,635.0,647.8,645.8,641.84,403170,2587.7,14474, 168880, 41.89
AARTIIND, EQ, 02-Mar-2021,1269.15,1288.0,1309.35,1275.6,1297.3,1293.05,1294.3,594403,7693.35,21038, 281043, 47.28
AARTISURF, EQ, 02-Mar-2021,905.8,933.95,933.95,905.0,926.0,924.7,917.37,12205,111.96,1466, 7948, 65.12
AARVEEDEN, EQ, 02-Mar-2021,18.1,18.9,18.9,17.85,18.1,18.15,18.32,11675,2.14,131, 8647, 74.06
AARVI, EQ, 02-Mar-2021,52.75,52.3,53.55,52.0,52.95,52.6,52.56,13045,6.86,112, 11208, 85.92
AAVAS, EQ, 02-Mar-2021,2264.75,2279.95,2299.0,2214.35,2274.5,2258.8,2271.24,90826,2062.88,7478, 70818, 77.97
ABAN, EQ, 02-Mar-2021,38.35,38.35,38.95,36.45,36.45,36.5,36.79,401608,147.75,2031, 231831, 57.73
ABB, EQ, 02-Mar-2021,1525.2,1526.4,1549.0,1509.0,1521.85,1521.0,1527.2,56964,869.96,6645, 17271, 30.32
ABBOTINDIA, EQ, 02-Mar-2021,14497.75,14550.0,14685.75,14450.0,14547.0,14531.6,14567.46,8953,1304.22,3068, 5128, 57.28
ABCAPITAL, EQ, 02-Mar-2021,129.7,130.1,130.1,125.4,126.2,126.75,126.69,3588936,4546.68,29746, 1803297, 50.25
ABFRL, EQ, 02-Mar-2021,192.85,195.0,208.7,195.0,207.5,206.15,201.98,9727547,19648.11,77717, 4378414, 45.01
ABFRLPP1, E1, 02-Mar-2021,154.2,158.0,168.95,155.25,168.0,165.6,160.19,165789,265.57,988, 129813, 78.30
ABMINTLTD, EQ, 02-Mar-2021,72.75,76.35,76.35,76.35,76.35,76.35,76.35,1856,1.42,14, 1856, 100.00
ABSLBANETF, EQ, 02-Mar-2021,350.0,350.0,353.0,347.95,351.27,351.0,351.35,197,0.69,16, 184, 93.40
ABSLNN50ET, EQ, 02-Mar-2021,359.0,350.1,365.0,348.12,353.57,354.26,354.9,451,1.6,37, 27, 5.99
ABSLRIF6RG, MF, 02-Mar-2021,8.15,8.15,8.5,8.15,8.5,8.5,8.2,1446,0.12,5, 1446, 100.00
ACC, EQ, 02-Mar-2021,1774.4,1779.0,1812.95,1760.05,1773.0,1771.8,1782.15,824150,14687.62,26093, 218314, 26.49
ACCELYA, EQ, 02-Mar-2021,896.45,900.9,907.85,888.0,901.8,897.35,899.07,4744,42.65,563, 2944, 62.06
ACCURACY, EQ, 02-Mar-2021,63.4,64.7,66.55,63.75,63.8,63.9,65.22,14231,9.28,171, 9483, 66.64
ACE, EQ, 02-Mar-2021,155.25,156.95,159.0,155.0,155.5,155.8,156.66,164635,257.91,2699, 80223, 48.73
ACRYSIL, EQ, 02-Mar-2021,322.45,338.55,338.55,325.15,338.55,338.55,338.14,147309,498.12,1617, 88461, 60.05
ADANIENT, EQ, 02-Mar-2021,851.5,857.4,876.5,852.25,869.7,872.55,862.74,5116413,44141.24,64705, 749826, 14.66
ADANIGREEN, EQ, 02-Mar-2021,1141.0,1155.0,1175.0,1134.0,1172.0,1164.85,1154.39,521226,6016.96,29989, 303818, 58.29
ADANIPORTS, EQ, 02-Mar-2021,692.9,697.6,724.7,696.0,721.25,720.5,708.76,11486477,81411.58,170602, 1582541, 13.78
ADANIPOWER, EQ, 02-Mar-2021,55.75,56.25,61.3,56.1,61.3,61.3,59.81,33280011,19904.55,71440, 15532248, 46.67
ADANITRANS, EQ, 02-Mar-2021,758.05,763.0,797.4,753.55,785.95,781.05,774.71,762353,5906.03,29561, 336193, 44.10
ADFFOODS, EQ, 02-Mar-2021,821.1,824.95,880.65,824.5,869.05,874.8,860.16,62662,538.99,4480, 25575, 40.81
ADHUNIKIND, EQ, 02-Mar-2021,20.95,21.7,21.7,20.5,21.2,20.95,21.08,38141,8.04,218, 24562, 64.40
ADL, BE, 02-Mar-2021,31.15,30.0,31.85,29.7,31.55,31.55,30.17,1076,0.32,27, -, -
ADORWELD, EQ, 02-Mar-2021,315.25,313.75,330.3,311.85,315.15,317.1,317.91,73508,233.69,3572, 42868, 58.32
ADROITINFO, EQ, 02-Mar-2021,8.7,9.0,9.1,9.0,9.1,9.1,9.07,4868,0.44,25, 4868, 100.00
ADSL, EQ, 02-Mar-2021,39.3,42.7,42.7,39.5,41.2,41.1,41.18,228882,94.25,1851, 138980, 60.72
ADVANIHOTR, EQ, 02-Mar-2021,52.35,53.45,53.5,51.2,52.05,52.1,52.09,8895,4.63,88, 8231, 92.54
ADVENZYMES, EQ, 02-Mar-2021,348.0,348.95,359.0,348.95,354.5,354.05,355.63,195177,694.11,6674, 72539, 37.17
AEGISCHEM, EQ, 02-Mar-2021,322.2,325.0,329.65,319.15,324.0,323.6,324.28,386479,1253.26,7160, 239305, 61.92
AFFLE, EQ, 02-Mar-2021,5350.5,5445.0,5618.0,5300.0,5618.0,5618.0,5521.84,94132,5197.82,12744, 63477, 67.43
AGARIND, BE, 02-Mar-2021,152.15,153.95,157.7,152.1,156.0,156.3,155.22,5953,9.24,104, -, -
AGCNET, EQ, 02-Mar-2021,999.1,1001.0,1004.25,985.3,1002.0,1002.85,1000.87,5102,51.06,345, 4391, 86.06
AGRITECH, EQ, 02-Mar-2021,34.4,35.1,35.55,34.15,34.5,34.55,34.75,6177,2.15,145, 3477, 56.29
AGROPHOS, EQ, 02-Mar-2021,12.8,13.15,13.15,12.75,12.9,12.8,12.91,52909,6.83,204, 46245, 87.40
AHLADA, EQ, 02-Mar-2021,83.45,86.95,91.75,86.8,91.75,91.75,91.26,14612,13.33,142, 12346, 84.49
AHLEAST, EQ, 02-Mar-2021,167.0,167.45,169.0,163.15,165.0,165.65,165.55,4059,6.72,233, 3197, 78.76
AHLUCONT, EQ, 02-Mar-2021,297.35,297.7,299.75,288.0,289.2,289.3,292.62,14437,42.25,737, 7740, 53.61
AHLWEST, EQ, 02-Mar-2021,240.35,245.2,245.2,236.1,237.5,239.3,240.1,1275,3.06,174, 493, 38.67
AIAENG, EQ, 02-Mar-2021,1808.0,1808.0,1823.9,1791.55,1820.0,1819.25,1806.58,38165,689.48,5052, 27985, 73.33
AIRAN, EQ, 02-Mar-2021,17.95,18.5,18.75,18.05,18.25,18.2,18.19,19715,3.59,202, 15136, 76.77
AISL, SM, 02-Mar-2021,25.0,25.25,26.25,25.0,26.25,26.25,25.38,12000,3.05,9, 4800, 40.00
AJANTPHARM, EQ, 02-Mar-2021,1758.3,1761.95,1761.95,1721.0,1756.7,1754.65,1743.79,67069,1169.54,13390, 31767, 47.36
AJMERA, EQ, 02-Mar-2021,127.8,128.7,133.4,128.0,131.35,131.55,131.13,118877,155.89,1779, 47836, 40.24
AKASH, EQ, 02-Mar-2021,231.45,237.0,237.0,228.1,230.0,229.8,233.06,50579,117.88,190, 49129, 97.13
AKG, EQ, 02-Mar-2021,93.5,93.05,94.7,93.05,94.35,94.45,94.32,45385,42.81,157, 27880, 61.43
AKSHARCHEM, EQ, 02-Mar-2021,239.85,240.9,259.0,240.1,257.5,257.2,252.87,46572,117.77,2107, 20777, 44.61
AKSHOPTFBR, EQ, 02-Mar-2021,6.85,6.9,7.0,6.85,6.9,6.9,6.91,289677,20.02,444, 173142, 59.77
AKZOINDIA, EQ, 02-Mar-2021,2146.25,2168.25,2219.85,2150.05,2217.9,2208.4,2189.61,26115,571.82,4884, 15930, 61.00
ALANKIT, EQ, 02-Mar-2021,16.0,16.0,16.25,15.85,15.95,15.95,16.02,93354,14.96,346, 72321, 77.47
ALBERTDAVD, EQ, 02-Mar-2021,404.05,402.5,406.0,400.8,402.0,402.3,403.06,8512,34.31,413, 5745, 67.49
ALEMBICLTD, EQ, 02-Mar-2021,101.6,102.0,103.0,101.35,102.45,101.95,102.07,239887,244.86,2641, 142107, 59.24
ALICON, EQ, 02-Mar-2021,435.6,440.0,476.3,431.0,467.7,462.9,462.76,33239,153.82,1971, 15437, 46.44
ALKALI, EQ, 02-Mar-2021,50.8,51.45,52.0,50.45,50.55,50.75,51.13,20442,10.45,324, 12108, 59.23
ALKEM, EQ, 02-Mar-2021,2827.3,2831.0,2961.0,2821.05,2930.0,2914.65,2910.4,189764,5522.9,19646, 77356, 40.76
ALKYLAMINE, EQ, 02-Mar-2021,5079.6,5124.4,5345.0,5105.1,5293.5,5278.4,5254.84,69320,3642.66,13329, 22875, 33.00
ALLCARGO, EQ, 02-Mar-2021,128.75,129.0,130.0,128.0,128.7,128.3,128.8,237743,306.22,1956, 162296, 68.27
ALLSEC, EQ, 02-Mar-2021,346.4,346.5,348.4,342.9,342.9,345.45,345.99,5111,17.68,396, 2610, 51.07
ALMONDZ, EQ, 02-Mar-2021,28.1,28.15,28.3,27.3,27.5,27.5,27.8,5410,1.5,99, 4339, 80.20
ALOKINDS, EQ, 02-Mar-2021,19.65,19.75,19.8,19.65,19.65,19.65,19.71,5837375,1150.69,7296, 3142776, 53.84
ALPA, EQ, 02-Mar-2021,40.15,41.65,41.65,40.2,41.1,41.0,40.8,52059,21.24,415, 35466, 68.13
ALPHAGEO, EQ, 02-Mar-2021,221.95,224.35,225.0,219.05,221.0,219.85,221.87,14344,31.83,439, 11410, 79.55
ALPSINDUS, BE, 02-Mar-2021,1.7,1.7,1.75,1.65,1.75,1.75,1.74,18301,0.32,24, -, -
AMARAJABAT, EQ, 02-Mar-2021,900.0,904.95,910.7,895.7,908.5,908.25,903.6,745895,6739.91,23360, 299933, 40.21
AMBER, EQ, 02-Mar-2021,3201.95,3232.0,3248.95,3162.0,3200.0,3207.35,3205.18,64002,2051.38,9870, 28250, 44.14
AMBIKCO, EQ, 02-Mar-2021,984.8,999.95,1004.95,985.0,988.5,986.0,995.04,20555,204.53,1489, 15051, 73.22
AMBUJACEM, EQ, 02-Mar-2021,277.9,278.9,283.4,277.1,278.8,278.8,279.95,4657410,13038.5,43547, 1241871, 26.66
AMDIND, EQ, 02-Mar-2021,25.85,25.6,27.5,24.9,25.05,25.45,26.07,187599,48.91,1149, 110702, 59.01
AMJLAND, EQ, 02-Mar-2021,26.0,25.9,27.0,25.55,26.85,26.7,26.27,39982,10.5,152, 35404, 88.55
AMRUTANJAN, EQ, 02-Mar-2021,547.8,550.0,556.75,525.0,536.0,535.25,541.02,63465,343.36,4253, 33826, 53.30
ANANTRAJ, EQ, 02-Mar-2021,52.0,52.0,53.8,50.25,51.7,51.55,51.57,1308860,674.92,4959, 987483, 75.45
ANDHRACEMT, EQ, 02-Mar-2021,5.6,5.55,5.65,5.5,5.55,5.55,5.56,234676,13.06,494, 164778, 70.22
ANDHRAPAP, EQ, 02-Mar-2021,249.05,265.0,272.0,256.0,267.0,268.5,264.07,278621,735.74,5130, 174135, 62.50
ANDHRSUGAR, EQ, 02-Mar-2021,303.6,305.5,316.9,302.85,312.0,310.2,311.02,119052,370.28,3504, 56514, 47.47
ANGELBRKG, EQ, 02-Mar-2021,327.95,329.9,330.85,323.4,324.05,324.2,325.61,54875,178.68,1810, 36455, 66.43
ANIKINDS, EQ, 02-Mar-2021,17.15,17.15,17.25,16.5,16.95,16.85,16.9,13521,2.28,83, 10023, 74.13
ANKITMETAL, EQ, 02-Mar-2021,1.15,1.2,1.2,1.1,1.2,1.2,1.14,66938,0.76,65, 56192, 83.95
ANSALAPI, EQ, 02-Mar-2021,7.9,7.65,8.25,7.65,8.25,8.25,8.0,304649,24.38,441, 225817, 74.12
ANSALHSG, EQ, 02-Mar-2021,6.15,6.15,6.25,5.9,6.05,6.15,6.08,153124,9.31,271, 126980, 82.93
ANUP, EQ, 02-Mar-2021,639.65,640.0,653.65,638.05,653.5,651.05,643.74,99310,639.3,2399, 75297, 75.82
APARINDS, EQ, 02-Mar-2021,475.0,477.4,479.95,460.0,464.0,463.6,471.45,53705,253.19,3573, 31743, 59.11
APCL, EQ, 02-Mar-2021,211.8,214.0,215.65,207.5,208.5,209.6,211.05,35809,75.58,920, 20144, 56.25
APCOTEXIND, EQ, 02-Mar-2021,184.8,184.8,185.75,180.05,181.25,181.3,182.19,110052,200.51,8069, 28813, 26.18
APEX, EQ, 02-Mar-2021,240.85,242.8,250.0,241.25,248.0,246.4,245.61,59725,146.69,2153, 32415, 54.27
APLAPOLLO, EQ, 02-Mar-2021,1092.7,1116.0,1167.0,1110.0,1167.0,1157.4,1146.56,697954,8002.49,28126, 535581, 76.74
APLLTD, EQ, 02-Mar-2021,924.25,928.9,940.0,922.75,936.9,935.25,931.28,271111,2524.8,10421, 155582, 57.39
APOLLO, EQ, 02-Mar-2021,110.95,111.6,114.85,110.95,114.25,113.95,112.97,230201,260.06,4653, 106245, 46.15
APOLLOHOSP, EQ, 02-Mar-2021,3081.15,3105.5,3152.0,3067.4,3091.2,3087.3,3105.85,944553,29336.4,56757, 462298, 48.94
APOLLOPIPE, EQ, 02-Mar-2021,711.0,723.1,730.95,711.9,728.8,726.8,723.28,37186,268.96,2611, 23080, 62.07
APOLLOTYRE, EQ, 02-Mar-2021,244.85,247.0,247.85,242.05,246.5,246.35,245.2,7076813,17352.49,51790, 1269171, 17.93
APOLSINHOT, EQ, 02-Mar-2021,556.45,543.0,556.95,542.0,555.0,553.75,552.17,1273,7.03,89, 839, 65.91
APTECHT, EQ, 02-Mar-2021,230.1,231.25,233.95,224.15,224.8,225.25,229.47,365755,839.31,14147, 118060, 32.28
ARCHIDPLY, BE, 02-Mar-2021,36.0,36.65,36.7,35.05,36.5,36.5,36.0,10954,3.94,154, -, -
ARCHIES, EQ, 02-Mar-2021,11.7,11.8,12.2,11.5,12.2,12.1,11.81,66514,7.86,208, 52838, 79.44
ARENTERP, EQ, 02-Mar-2021,11.7,11.4,12.2,11.15,11.15,11.15,11.34,11741,1.33,104, 9569, 81.50
ARIES, EQ, 02-Mar-2021,97.4,98.0,100.1,94.85,95.6,96.0,97.25,84428,82.11,1846, 47139, 55.83
ARIHANT, EQ, 02-Mar-2021,23.0,23.85,23.85,22.55,22.6,22.6,23.07,2437,0.56,31, 2241, 91.96
ARIHANTSUP, EQ, 02-Mar-2021,39.8,38.15,41.35,38.15,39.0,38.95,38.9,34385,13.38,170, 20396, 59.32
ARMANFIN, EQ, 02-Mar-2021,591.75,599.75,615.6,592.9,615.0,613.6,611.46,26675,163.11,1397, 19550, 73.29
AROGRANITE, EQ, 02-Mar-2021,46.75,47.15,51.95,46.8,51.9,51.2,50.15,406674,203.93,2468, 163120, 40.11
ARROWGREEN, BE, 02-Mar-2021,78.95,78.95,82.45,76.0,77.5,76.2,78.3,12481,9.77,92, -, -
ARSHIYA, BE, 02-Mar-2021,36.05,37.85,37.85,37.85,37.85,37.85,37.85,35100,13.29,60, -, -
ARSSINFRA, EQ, 02-Mar-2021,24.45,24.8,24.85,23.5,23.95,23.95,24.03,31177,7.49,300, 10873, 34.88
ARTEMISMED, EQ, 02-Mar-2021,226.4,232.9,233.0,226.3,229.0,231.15,230.63,1993,4.6,35, 1733, 86.95
ARVIND, EQ, 02-Mar-2021,78.7,79.5,79.95,76.85,77.75,77.55,78.17,955941,747.27,8376, 531196, 55.57
ARVINDFASN, EQ, 02-Mar-2021,158.0,160.95,160.95,157.5,159.15,158.55,158.91,196291,311.92,3784, 106110, 54.06
ARVSMART, EQ, 02-Mar-2021,100.75,100.1,102.15,99.8,100.45,100.3,100.54,154826,155.66,1569, 90499, 58.45
ASAHIINDIA, EQ, 02-Mar-2021,291.25,292.0,295.0,291.0,294.0,294.35,293.46,24116,70.77,690, 15912, 65.98
ASAHISONG, EQ, 02-Mar-2021,281.7,284.85,289.0,279.0,280.5,281.6,283.63,14321,40.62,902, 6964, 48.63
ASAL, BE, 02-Mar-2021,37.65,38.1,38.1,37.4,38.1,38.1,37.88,8452,3.2,33, -, -
ASALCBR, EQ, 02-Mar-2021,352.65,357.0,357.5,349.1,357.0,356.5,353.42,51736,182.85,1672, 36970, 71.46
ASHAPURMIN, EQ, 02-Mar-2021,114.45,117.35,118.95,116.0,116.3,116.75,117.23,137695,161.41,1481, 91743, 66.63
ASHIANA, EQ, 02-Mar-2021,117.1,119.0,121.0,115.65,120.0,119.9,118.84,129586,154.0,2761, 80561, 62.17
ASHIMASYN, EQ, 02-Mar-2021,15.6,15.7,16.6,15.3,16.25,16.05,15.97,354904,56.68,830, 236253, 66.57
ASHOKA, EQ, 02-Mar-2021,111.85,112.8,113.45,110.2,110.5,110.7,111.86,1097255,1227.43,18799, 283335, 25.82
ASHOKLEY, EQ, 02-Mar-2021,129.65,130.75,133.95,128.7,132.65,132.55,131.34,26856241,35272.21,103455, 6536589, 24.34
ASIANHOTNR, EQ, 02-Mar-2021,71.2,71.9,72.9,70.55,71.9,71.8,71.67,6327,4.53,249, 4161, 65.77
ASIANPAINT, EQ, 02-Mar-2021,2362.3,2386.0,2402.55,2359.0,2391.0,2390.4,2382.6,2033586,48452.16,92939, 651739, 32.05
ASIANTILES, EQ, 02-Mar-2021,190.35,193.0,194.7,187.7,189.95,190.55,192.12,285252,548.03,5915, 208725, 73.17
ASLIND, SM, 02-Mar-2021,17.0,16.5,16.5,16.5,16.5,16.5,16.5,4000,0.66,1, 4000, 100.00
ASPINWALL, EQ, 02-Mar-2021,167.0,163.7,171.95,163.45,163.45,164.8,167.54,2888,4.84,98, 2239, 77.53
ASTEC, EQ, 02-Mar-2021,1035.9,1045.0,1107.25,1040.45,1056.45,1058.65,1068.63,48498,518.27,4454, 21751, 44.85
ASTERDM, EQ, 02-Mar-2021,143.35,144.5,145.8,142.25,143.65,144.25,144.13,148677,214.29,3789, 72701, 48.90
ASTRAL, EQ, 02-Mar-2021,2196.9,2220.45,2220.45,2175.1,2199.0,2195.4,2193.94,91370,2004.61,9400, 39591, 43.33
ASTRAMICRO, EQ, 02-Mar-2021,121.25,123.7,124.9,118.5,121.85,121.55,121.89,1032190,1258.13,7331, 640568, 62.06
ASTRAZEN, EQ, 02-Mar-2021,3455.85,3472.0,3493.85,3441.0,3480.0,3470.15,3465.77,24051,833.55,4527, 8488, 35.29
ASTRON, EQ, 02-Mar-2021,43.5,44.95,46.65,43.4,44.95,44.95,45.08,180759,81.48,1382, 67934, 37.58
ATALREAL, SM, 02-Mar-2021,39.0,37.0,37.0,37.0,37.0,37.0,37.0,1600,0.59,1, 1600, 100.00
ATFL, EQ, 02-Mar-2021,814.45,805.55,837.0,805.55,820.0,822.45,827.31,7216,59.7,1005, 3821, 52.95
ATGL, EQ, 02-Mar-2021,525.45,530.0,584.45,528.05,576.5,574.3,556.45,3268799,18189.2,56287, 1057076, 32.34
ATLANTA, EQ, 02-Mar-2021,8.1,8.15,8.4,8.05,8.2,8.2,8.24,29846,2.46,108, 21349, 71.53
ATUL, EQ, 02-Mar-2021,6591.85,6620.0,6640.05,6519.6,6610.0,6623.7,6574.44,16911,1111.8,3170, 11182, 66.12
ATULAUTO, EQ, 02-Mar-2021,206.95,210.0,215.95,205.4,206.5,206.65,210.3,469694,987.79,10594, 205415, 43.73
AUBANK, EQ, 02-Mar-2021,1148.45,1159.9,1175.0,1141.6,1159.75,1151.5,1157.33,410197,4747.35,23938, 185227, 45.16
AURIONPRO, EQ, 02-Mar-2021,80.8,80.8,82.5,80.2,80.8,80.65,80.63,17553,14.15,213, 13079, 74.51
AUROPHARMA, EQ, 02-Mar-2021,873.65,885.0,889.0,868.75,884.7,885.9,879.71,2231920,19634.53,70447, 962555, 43.13
AUSOMENT, EQ, 02-Mar-2021,49.35,49.15,52.1,49.1,51.35,51.5,51.29,18350,9.41,313, 13330, 72.64
AUTOAXLES, EQ, 02-Mar-2021,1167.8,1172.05,1213.0,1172.05,1212.0,1210.7,1199.55,14014,168.1,1823, 8344, 59.54
AUTOIND, EQ, 02-Mar-2021,31.85,31.85,33.4,31.85,33.4,33.4,32.94,32190,10.6,276, 26014, 80.81
AUTOLITIND, BZ, 02-Mar-2021,27.65,28.0,28.0,27.0,27.8,27.75,27.6,5355,1.48,46, -, -
AVADHSUGAR, EQ, 02-Mar-2021,194.9,195.0,204.0,194.0,199.4,199.7,199.12,189234,376.79,4510, 57254, 30.26
AVANTIFEED, EQ, 02-Mar-2021,484.8,488.0,488.85,480.2,485.8,484.85,484.5,163894,794.06,8970, 82783, 50.51
AVROIND, SM, 02-Mar-2021,38.5,38.45,38.45,38.25,38.25,38.25,38.33,6000,2.3,3, 6000, 100.00
AVTNPL, EQ, 02-Mar-2021,44.65,45.15,46.0,44.7,45.55,45.75,45.44,134799,61.25,1054, 79223, 58.77
AWHCL, EQ, 02-Mar-2021,299.9,303.0,304.5,299.0,300.2,300.35,300.34,130795,392.82,4215, 85779, 65.58
AXISBANK, EQ, 02-Mar-2021,728.55,730.45,740.5,722.0,730.85,731.25,730.29,14503453,105917.64,184648, 5719038, 39.43
AXISBNKETF, EQ, 02-Mar-2021,352.67,354.0,356.0,349.58,355.61,355.61,352.63,720,2.54,67, 516, 71.67
AXISCADES, EQ, 02-Mar-2021,49.05,49.95,49.95,46.45,46.8,46.7,47.36,138135,65.43,924, 113932, 82.48
AXISGOLD, EQ, 02-Mar-2021,40.07,39.9,39.9,39.4,39.61,39.58,39.58,438777,173.65,3894, 297621, 67.83
AXISNIFTY, EQ, 02-Mar-2021,153.93,153.01,159.2,153.01,156.2,155.16,155.41,8578,13.33,183, 5781, 67.39
AYMSYNTEX, EQ, 02-Mar-2021,50.95,52.9,52.9,48.9,49.5,49.05,49.37,42848,21.15,209, 40104, 93.60
BAFNAPH, EQ, 02-Mar-2021,120.75,125.95,126.0,119.1,120.1,120.4,121.71,1981,2.41,104, 900, 45.43
BAGFILMS, EQ, 02-Mar-2021,2.7,2.8,2.8,2.6,2.65,2.7,2.68,142807,3.82,121, 82894, 58.05
BAJAJ-AUTO, EQ, 02-Mar-2021,3814.05,3822.0,3962.15,3781.5,3950.55,3944.05,3889.69,735847,28622.18,51272, 177878, 24.17
BAJAJCON, EQ, 02-Mar-2021,246.0,247.9,248.7,245.5,248.0,248.1,247.46,281246,695.97,5976, 154048, 54.77
BAJAJELEC, EQ, 02-Mar-2021,990.1,997.8,1025.0,990.45,1003.0,999.15,1008.03,209964,2116.51,13448, 60902, 29.01
BAJAJFINSV, EQ, 02-Mar-2021,9774.05,9850.0,9965.0,9779.1,9870.55,9877.0,9867.15,297001,29305.52,36024, 55833, 18.80
BAJAJHIND, EQ, 02-Mar-2021,6.25,6.4,6.6,6.35,6.5,6.5,6.48,5796539,375.5,4316, 3232500, 55.77
BAJAJHLDNG, EQ, 02-Mar-2021,3594.1,3598.0,3695.5,3595.0,3689.85,3684.15,3671.28,23336,856.73,4253, 11288, 48.37
BAJFINANCE, EQ, 02-Mar-2021,5266.8,5300.0,5410.0,5262.05,5313.5,5316.3,5327.07,2208634,117655.49,143114, 563942, 25.53
BALAJITELE, EQ, 02-Mar-2021,60.35,60.85,61.4,59.65,59.9,59.9,60.19,228463,137.51,1265, 120794, 52.87
BALAMINES, EQ, 02-Mar-2021,1685.3,1696.95,1905.55,1696.95,1858.0,1867.3,1828.15,689744,12609.53,42940, 161404, 23.40
BALAXI, EQ, 02-Mar-2021,567.5,595.85,595.85,595.85,595.85,595.85,595.85,962,5.73,22, 962, 100.00
BALKRISHNA, BE, 02-Mar-2021,18.9,18.0,19.8,18.0,19.8,19.6,18.48,15815,2.92,59, -, -
BALKRISIND, EQ, 02-Mar-2021,1584.8,1600.0,1630.0,1580.05,1627.5,1627.55,1610.28,748113,12046.69,34069, 235721, 31.51
BALLARPUR, BZ, 02-Mar-2021,1.25,1.3,1.3,1.25,1.3,1.3,1.28,1385399,17.79,294, -, -
BALMLAWRIE, EQ, 02-Mar-2021,125.65,128.1,133.4,127.15,128.85,128.85,129.93,2179283,2831.5,26506, 811246, 37.23
BALPHARMA, EQ, 02-Mar-2021,53.8,53.8,55.8,53.0,53.4,53.35,54.05,32471,17.55,373, 21595, 66.51
BALRAMCHIN, EQ, 02-Mar-2021,181.4,182.2,193.3,181.55,188.25,189.1,188.41,5405774,10184.94,45312, 1691046, 31.28
BANARBEADS, EQ, 02-Mar-2021,56.95,58.9,58.9,55.5,55.6,55.85,56.37,20100,11.33,236, 16339, 81.29
BANARISUG, EQ, 02-Mar-2021,1795.05,1799.0,1838.0,1775.6,1790.05,1798.2,1802.1,2571,46.33,304, 1676, 65.19
BANCOINDIA, EQ, 02-Mar-2021,154.3,155.4,159.5,154.0,155.65,156.45,156.69,179478,281.22,12552, 59455, 33.13
BANDHANBNK, EQ, 02-Mar-2021,338.4,341.5,347.3,338.0,346.0,345.2,342.38,4929532,16877.78,59292, 1317313, 26.72
BANG, EQ, 02-Mar-2021,27.25,27.45,31.65,26.3,30.0,30.3,28.96,40528,11.74,510, 22079, 54.48
BANKA, EQ, 02-Mar-2021,75.2,77.75,77.75,75.25,75.25,75.85,76.05,2518,1.91,56, 1404, 55.76
BANKBARODA, EQ, 02-Mar-2021,83.35,84.0,85.25,83.05,83.4,83.3,84.1,39147694,32922.76,97814, 7686761, 19.64
BANKBEES, EQ, 02-Mar-2021,354.96,355.15,358.93,350.0,356.89,355.42,355.29,805201,2860.83,11475, 138512, 17.20
BANKINDIA, EQ, 02-Mar-2021,80.9,81.4,82.6,80.1,80.35,80.4,81.11,4179426,3390.03,21071, 1582280, 37.86
BANSWRAS, EQ, 02-Mar-2021,119.6,120.05,124.45,116.3,124.45,122.2,120.16,16681,20.04,336, 11844, 71.00
BARTRONICS, BZ, 02-Mar-2021,2.45,2.5,2.55,2.35,2.45,2.45,2.48,24023,0.6,27, -, -
BASF, EQ, 02-Mar-2021,1898.7,1919.0,2195.1,1910.15,2095.1,2105.05,2091.14,292271,6111.8,36167, 71447, 24.45
BASML, EQ, 02-Mar-2021,67.5,67.5,68.7,66.6,66.8,67.2,67.61,24777,16.75,350, 13202, 53.28
BATAINDIA, EQ, 02-Mar-2021,1468.9,1479.9,1500.0,1467.05,1495.8,1494.95,1485.07,452175,6715.1,19109, 108381, 23.97
BAYERCROP, EQ, 02-Mar-2021,5074.0,5119.0,5149.5,5050.0,5075.0,5079.5,5083.59,13464,684.45,3203, 7066, 52.48
BBL, EQ, 02-Mar-2021,1135.05,1137.05,1210.0,1120.35,1121.0,1136.85,1168.52,39689,463.77,3535, 16828, 42.40
BBTC, EQ, 02-Mar-2021,1161.45,1167.4,1235.0,1151.55,1191.2,1194.5,1200.64,144567,1735.72,11940, 40732, 28.18
BCG, EQ, 02-Mar-2021,7.6,7.95,8.2,7.85,7.95,7.9,8.02,3765219,301.95,2690, 2299712, 61.08
BCONCEPTS, SM, 02-Mar-2021,22.75,21.7,22.45,21.65,22.45,22.45,21.93,18000,3.95,4, 12000, 66.67
BCP, EQ, 02-Mar-2021,5.1,5.35,5.35,4.85,4.85,4.85,5.01,1760713,88.16,1301, 1220025, 69.29
BDL, EQ, 02-Mar-2021,367.2,372.0,385.0,370.1,383.7,383.8,380.48,1865974,7099.58,39089, 665802, 35.68
BEARDSELL, EQ, 02-Mar-2021,9.9,9.65,10.0,9.25,10.0,10.0,9.93,8037,0.8,38, 6003, 74.69
BECTORFOOD, EQ, 02-Mar-2021,392.25,395.0,400.45,393.05,395.25,395.3,395.72,407258,1611.59,12416, 168792, 41.45
BEDMUTHA, EQ, 02-Mar-2021,23.35,23.8,24.25,22.85,23.2,23.6,23.81,12928,3.08,71, 8427, 65.18
BEL, EQ, 02-Mar-2021,145.95,147.95,153.55,146.5,151.8,151.5,150.38,35563722,53480.9,179830, 6747410, 18.97
BEML, EQ, 02-Mar-2021,1165.1,1175.0,1245.0,1162.0,1230.0,1227.75,1217.37,1640591,19972.08,63374, 225381, 13.74
BEPL, EQ, 02-Mar-2021,138.5,139.95,144.65,137.7,143.2,142.7,141.53,1036274,1466.61,20171, 343338, 33.13
BERGEPAINT, EQ, 02-Mar-2021,718.75,724.8,725.0,703.3,712.0,713.3,710.63,1230175,8741.99,46789, 378307, 30.75
BESTAGRO, EQ, 02-Mar-2021,438.3,513.5,513.5,411.25,420.0,419.1,426.08,11385,48.51,416, 9053, 79.52
BETA, SM, 02-Mar-2021,122.0,121.6,122.7,121.5,122.7,122.7,121.93,2400,2.93,3, 1600, 66.67
BFINVEST, EQ, 02-Mar-2021,283.65,284.0,305.5,283.8,301.95,300.9,297.92,147441,439.26,4520, 51597, 35.00
BFUTILITIE, EQ, 02-Mar-2021,285.05,286.95,309.9,284.5,296.85,296.8,300.42,1551479,4660.88,30549, 393225, 25.35
BGRENERGY, EQ, 02-Mar-2021,46.85,46.75,47.7,45.45,46.05,46.25,46.47,269797,125.38,1456, 135148, 50.09
BHAGERIA, EQ, 02-Mar-2021,167.15,169.25,172.3,167.1,170.1,171.05,169.72,35347,59.99,799, 21346, 60.39
BHAGYANGR, EQ, 02-Mar-2021,48.7,51.1,51.1,51.1,51.1,51.1,51.1,67948,34.72,138, 67947, 100.00
BHAGYAPROP, EQ, 02-Mar-2021,28.4,28.8,28.8,28.2,28.6,28.55,28.47,34006,9.68,96, 32676, 96.09
BHANDARI, BE, 02-Mar-2021,2.85,2.75,2.9,2.75,2.75,2.75,2.77,151006,4.18,195, -, -
BHARATFORG, EQ, 02-Mar-2021,618.5,624.9,647.15,616.65,637.0,636.65,633.0,3305660,20924.97,64325, 997939, 30.19
BHARATGEAR, EQ, 02-Mar-2021,78.05,78.2,79.0,77.3,78.55,78.25,78.37,12742,9.99,261, 8153, 63.99
BHARATRAS, EQ, 02-Mar-2021,10389.3,10498.45,10580.0,10302.85,10480.0,10451.65,10426.56,6500,677.73,2948, 3477, 53.49
BHARATWIRE, BE, 02-Mar-2021,42.95,42.9,43.7,41.8,43.7,43.45,43.16,15078,6.51,117, -, -
BHARTIARTL, EQ, 02-Mar-2021,532.2,540.5,544.0,528.85,541.95,541.2,536.23,30058411,161180.91,338203, 9450109, 31.44
BHEL, EQ, 02-Mar-2021,48.8,49.4,52.2,49.25,51.55,51.75,51.07,152393453,77821.89,207045, 26950605, 17.68
BIGBLOC, EQ, 02-Mar-2021,143.4,144.15,147.0,144.1,146.5,146.85,146.18,68737,100.48,1358, 31736, 46.17
BIL, EQ, 02-Mar-2021,147.75,148.1,157.65,148.1,153.25,152.7,152.28,9437,14.37,422, 3944, 41.79
BINDALAGRO, EQ, 02-Mar-2021,19.6,20.75,21.25,19.75,19.95,20.0,20.38,393013,80.09,1930, 178707, 45.47
BIOCON, EQ, 02-Mar-2021,395.65,397.8,399.9,392.1,398.0,398.0,396.51,2769928,10983.13,26473, 1052573, 38.00
BIOFILCHEM, EQ, 02-Mar-2021,90.45,94.95,94.95,94.95,94.95,94.95,94.95,19551,18.56,173, 19551, 100.00
BIRET, RR, 02-Mar-2021,246.81,247.59,250.2,247.21,249.66,249.48,249.54,346600,864.92,794, 282400, 81.48
BIRLACABLE, EQ, 02-Mar-2021,60.85,61.0,61.8,59.8,61.0,60.5,60.65,80388,48.76,1011, 50872, 63.28
BIRLACORPN, EQ, 02-Mar-2021,865.7,868.8,874.0,852.95,867.0,864.35,863.57,89446,772.43,5178, 48702, 54.45
BIRLAMONEY, EQ, 02-Mar-2021,44.0,44.25,48.45,43.6,46.5,46.75,46.57,1148642,534.91,6354, 490300, 42.69
BIRLATYRE, EQ, 02-Mar-2021,28.85,28.85,29.2,28.6,28.7,28.7,28.77,296237,85.24,2267, 182048, 61.45
BKMINDST, EQ, 02-Mar-2021,1.0,1.05,1.05,1.0,1.05,1.05,1.05,129901,1.36,72, 95645, 73.63
BLBLIMITED, EQ, 02-Mar-2021,5.55,5.8,6.1,5.8,6.1,6.1,6.08,117766,7.16,177, 104606, 88.83
BLISSGVS, EQ, 02-Mar-2021,174.35,174.4,174.95,170.6,171.9,171.7,173.29,472277,818.41,4564, 202210, 42.82
BLKASHYAP, BE, 02-Mar-2021,14.35,14.7,15.0,14.25,14.5,14.45,14.78,616835,91.19,232, -, -
BLS, EQ, 02-Mar-2021,103.95,107.7,107.7,101.8,102.75,102.95,103.55,143560,148.66,2194, 83574, 58.22
BLUEDART, EQ, 02-Mar-2021,4617.65,4664.0,4749.0,4631.15,4656.0,4672.1,4673.8,14741,688.96,2406, 8287, 56.22
BLUESTARCO, EQ, 02-Mar-2021,860.95,887.0,929.8,876.55,900.0,907.05,901.85,317429,2862.72,17608, 102735, 32.36
BODALCHEM, EQ, 02-Mar-2021,82.6,84.7,92.55,83.25,91.15,91.45,88.74,9190358,8155.45,55262, 2694527, 29.32
BOHRA, SM, 02-Mar-2021,1.55,1.55,1.55,1.5,1.5,1.5,1.51,10000,0.15,5, 10000, 100.00
BOMDYEING, EQ, 02-Mar-2021,76.35,77.0,83.2,75.8,80.2,80.0,80.25,11461069,9198.02,49842, 3155065, 27.53
BOROLTD, EQ, 02-Mar-2021,185.1,186.7,188.35,185.1,186.65,186.75,186.75,90558,169.12,2045, 53740, 59.34
BORORENEW, EQ, 02-Mar-2021,284.7,285.0,290.5,279.0,282.0,281.5,283.19,349187,988.88,7740, 187084, 53.58
BOSCHLTD, EQ, 02-Mar-2021,15228.25,15250.0,15500.0,15200.0,15431.55,15449.9,15348.01,39280,6028.7,9553, 9282, 23.63
BPCL, EQ, 02-Mar-2021,455.25,474.5,482.4,462.0,470.0,469.0,472.96,26600333,125807.83,306906, 3828672, 14.39
BPL, EQ, 02-Mar-2021,21.0,21.6,23.1,20.75,23.1,23.1,22.43,197060,44.21,790, 142060, 72.09
BRFL, EQ, 02-Mar-2021,9.0,9.0,9.45,9.0,9.45,9.45,9.4,147516,13.86,4019, 121329, 82.25
BRIGADE, EQ, 02-Mar-2021,292.2,294.65,299.65,291.7,297.0,295.95,295.68,206673,611.1,7050, 134443, 65.05
BRIGHT, SM, 02-Mar-2021,13.85,13.85,13.85,13.8,13.8,13.8,13.84,24000,3.32,4, 24000, 100.00
BRITANNIA, EQ, 02-Mar-2021,3411.8,3411.8,3450.0,3395.0,3447.3,3447.95,3433.09,383968,13181.97,35798, 234884, 61.17
BRITANNIA, N2, 02-Mar-2021,32.03,32.2,32.2,32.0,32.01,32.06,32.02,5361,1.72,63, 5217, 97.31
BRNL, EQ, 02-Mar-2021,33.25,33.25,33.45,32.55,33.0,33.0,32.91,44467,14.64,633, 29192, 65.65
BROOKS, EQ, 02-Mar-2021,59.25,59.95,60.3,58.25,58.9,58.95,59.47,18114,10.77,292, 13898, 76.73
BSE, EQ, 02-Mar-2021,577.15,582.35,593.0,582.35,587.0,587.0,587.29,380127,2232.47,16939, 180062, 47.37
BSHSL, BE, 02-Mar-2021,137.6,139.9,139.9,134.1,135.5,135.5,135.32,2648,3.58,49, -, -
BSL, EQ, 02-Mar-2021,31.6,32.0,32.0,31.05,32.0,31.5,31.65,5278,1.67,109, 4638, 87.87
BSLGOLDETF, EQ, 02-Mar-2021,4223.4,4225.0,4225.0,4141.1,4145.0,4157.0,4154.75,968,40.22,234, 728, 75.21
BSLNIFTY, EQ, 02-Mar-2021,162.9,160.35,164.1,160.35,163.64,163.64,163.38,45,0.07,20, 25, 55.56
BSOFT, EQ, 02-Mar-2021,225.3,228.0,239.2,225.85,238.05,237.15,234.15,1040771,2436.92,18010, 358120, 34.41
BTML, SM, 02-Mar-2021,76.25,75.0,79.0,73.0,73.0,73.0,75.45,10800,8.15,9, 10800, 100.00
BURGERKING, EQ, 02-Mar-2021,141.45,142.4,144.2,140.5,141.25,141.2,141.97,1434131,2036.06,16442, 599648, 41.81
BURNPUR, BE, 02-Mar-2021,2.65,2.75,2.75,2.65,2.65,2.65,2.73,154222,4.21,162, -, -
BUTTERFLY, EQ, 02-Mar-2021,559.95,559.0,570.0,548.0,553.0,553.15,554.19,76270,422.68,10807, 23525, 30.84
BVCL, BE, 02-Mar-2021,17.25,18.0,18.1,17.3,17.55,17.75,17.98,12234,2.2,55, -, -
BYKE, EQ, 02-Mar-2021,19.85,20.25,21.3,19.9,20.55,20.35,20.54,79404,16.31,399, 53915, 67.90
CADILAHC, EQ, 02-Mar-2021,435.3,437.35,442.5,434.9,441.3,441.2,439.14,1306991,5739.58,18454, 353505, 27.05
CADSYS, SM, 02-Mar-2021,20.4,20.1,20.1,20.1,20.1,20.1,20.1,2000,0.4,1, 2000, 100.00
CALSOFT, EQ, 02-Mar-2021,9.4,9.75,9.85,9.0,9.85,9.8,9.71,94322,9.16,298, 72871, 77.26
CAMLINFINE, EQ, 02-Mar-2021,136.7,143.8,148.5,141.0,144.0,143.65,144.34,1776168,2563.67,28188, 741999, 41.78
CAMS, EQ, 02-Mar-2021,1861.35,1860.0,1916.0,1859.7,1889.9,1896.5,1884.89,138265,2606.15,10019, 96250, 69.61
CANBK, EQ, 02-Mar-2021,156.75,157.9,162.2,156.9,159.05,158.75,159.43,17816299,28403.96,64132, 2259502, 12.68
CANDC, BZ, 02-Mar-2021,5.25,5.25,5.25,5.0,5.1,5.1,5.03,11671,0.59,36, -, -
CANFINHOME, EQ, 02-Mar-2021,474.7,478.9,487.6,467.95,468.95,469.1,473.4,418073,1979.16,14769, 250060, 59.81
CANTABIL, EQ, 02-Mar-2021,384.65,390.0,390.0,377.6,380.5,380.1,384.03,147236,565.43,7283, 31008, 21.06
CAPACITE, EQ, 02-Mar-2021,204.1,206.7,208.9,200.85,201.95,202.25,203.21,89929,182.74,2554, 50897, 56.60
CAPLIPOINT, EQ, 02-Mar-2021,466.9,470.0,471.4,457.1,466.0,464.9,464.37,93744,435.32,4257, 53615, 57.19
CAPTRUST, EQ, 02-Mar-2021,100.55,102.0,103.0,95.85,96.5,96.9,98.36,18401,18.1,597, 12939, 70.32
CARBORUNIV, EQ, 02-Mar-2021,529.25,532.0,539.0,515.6,521.4,521.6,528.98,118241,625.47,6623, 70130, 59.31
CAREERP, EQ, 02-Mar-2021,150.75,151.05,154.9,148.5,150.7,150.0,150.09,23913,35.89,687, 16534, 69.14
CARERATING, EQ, 02-Mar-2021,468.45,472.0,476.2,466.0,469.7,469.7,471.31,76935,362.61,3255, 50909, 66.17
CASTROLIND, EQ, 02-Mar-2021,135.65,137.2,139.8,135.5,138.2,138.0,137.92,2983733,4115.21,23720, 1205930, 40.42
CCCL, BE, 02-Mar-2021,0.45,0.45,0.45,0.4,0.4,0.4,0.42,29572,0.13,22, -, -
CCHHL, EQ, 02-Mar-2021,4.95,5.05,5.1,4.8,4.9,4.95,4.97,40657,2.02,119, 27763, 68.29
CCL, EQ, 02-Mar-2021,231.5,233.7,247.0,233.05,244.55,244.45,240.21,278942,670.04,9734, 130390, 46.74
CDSL, EQ, 02-Mar-2021,627.6,632.0,632.0,610.0,612.0,613.85,618.37,839092,5188.69,32089, 449772, 53.60
CEATLTD, EQ, 02-Mar-2021,1611.35,1611.15,1654.35,1610.1,1640.2,1644.2,1635.5,261633,4279.01,15560, 77713, 29.70
CEBBCO, BE, 02-Mar-2021,20.95,21.1,21.1,20.2,20.45,20.7,20.53,52626,10.8,119, -, -
CELEBRITY, BE, 02-Mar-2021,7.4,7.75,7.75,7.05,7.05,7.05,7.26,80921,5.88,306, -, -
CENTENKA, EQ, 02-Mar-2021,253.85,253.85,262.25,253.85,260.0,261.05,257.69,80152,206.55,1701, 48072, 59.98
CENTEXT, EQ, 02-Mar-2021,4.55,4.65,4.85,4.5,4.8,4.75,4.72,237379,11.2,270, 194563, 81.96
CENTRALBK, EQ, 02-Mar-2021,18.6,18.75,18.85,17.9,18.1,18.05,18.28,12277158,2243.78,19816, 6902073, 56.22
CENTRUM, EQ, 02-Mar-2021,24.1,24.35,25.2,24.2,24.35,24.6,24.79,3388493,840.08,3679, 766677, 22.63
CENTUM, EQ, 02-Mar-2021,440.35,439.0,445.0,433.3,438.0,437.0,439.57,3632,15.97,306, 1959, 53.94
CENTURYPLY, EQ, 02-Mar-2021,307.4,309.0,324.0,304.0,315.0,314.9,316.7,385906,1222.17,11140, 219811, 56.96
CENTURYTEX, EQ, 02-Mar-2021,487.75,490.5,528.35,486.5,517.0,519.7,507.93,1203067,6110.78,24386, 400097, 33.26
CERA, EQ, 02-Mar-2021,3997.7,4095.0,4200.0,4000.0,4100.0,4090.15,4089.04,17620,720.49,4672, 5775, 32.78
CEREBRAINT, EQ, 02-Mar-2021,53.25,53.8,54.5,52.6,53.8,53.5,53.59,100345,53.78,1051, 70925, 70.68
CESC, EQ, 02-Mar-2021,616.95,630.0,630.0,618.7,619.55,619.9,624.38,1006019,6281.41,15812, 637430, 63.36
CGCL, EQ, 02-Mar-2021,370.75,368.0,372.7,356.25,359.4,359.3,363.87,86219,313.73,8465, 24714, 28.66
CGPOWER, EQ, 02-Mar-2021,56.85,57.95,58.0,56.85,57.65,57.5,57.43,2112674,1213.24,5768, 1709813, 80.93
CHALET, EQ, 02-Mar-2021,167.85,169.7,171.45,168.1,169.05,169.45,169.76,108890,184.85,2088, 54337, 49.90
CHAMBLFERT, EQ, 02-Mar-2021,258.0,260.0,261.95,245.4,248.0,247.55,250.5,1306057,3271.61,17895, 483689, 37.03
CHEMBOND, EQ, 02-Mar-2021,179.4,181.4,184.0,178.5,184.0,183.5,180.96,26689,48.3,662, 17821, 66.77
CHEMCON, EQ, 02-Mar-2021,436.1,438.5,442.0,433.0,433.4,434.15,436.19,183481,800.32,6586, 90036, 49.07
CHEMFAB, EQ, 02-Mar-2021,129.25,129.95,135.5,129.0,133.5,132.45,131.47,27760,36.49,340, 21758, 78.38
CHENNPETRO, EQ, 02-Mar-2021,105.4,107.0,114.35,106.7,109.65,109.95,110.72,3063492,3391.94,27487, 1050651, 34.30
CHOLAFIN, EQ, 02-Mar-2021,522.3,527.8,539.95,523.8,538.0,538.55,532.91,3164565,16864.2,48431, 675880, 21.36
CHOLAHLDNG, EQ, 02-Mar-2021,605.45,605.45,611.05,592.55,600.0,601.15,600.48,48595,291.8,7697, 27820, 57.25
CIGNITITEC, EQ, 02-Mar-2021,349.25,351.0,354.0,342.5,347.0,347.1,347.22,24476,84.99,1346, 13529, 55.27
CINELINE, EQ, 02-Mar-2021,38.1,39.0,39.0,38.3,38.7,38.7,38.58,42071,16.23,472, 26933, 64.02
CINEVISTA, EQ, 02-Mar-2021,6.3,6.2,6.5,6.2,6.35,6.35,6.37,11354,0.72,41, 10670, 93.98
CIPLA, EQ, 02-Mar-2021,789.8,792.6,815.0,790.8,811.0,811.8,803.68,4275166,34358.46,95827, 1326752, 31.03
CLEDUCATE, EQ, 02-Mar-2021,68.35,69.45,69.45,68.05,68.05,68.7,68.88,6258,4.31,126, 5140, 82.13
CLNINDIA, EQ, 02-Mar-2021,391.3,395.0,397.7,391.25,395.35,395.25,394.21,51288,202.18,2323, 27689, 53.99
CMICABLES, BE, 02-Mar-2021,59.2,56.5,60.0,56.25,60.0,59.6,57.09,83510,47.68,300, -, -
CMMIPL, SM, 02-Mar-2021,3.9,3.9,3.9,3.9,3.9,3.9,3.9,3000,0.12,1, 3000, 100.00
CNOVAPETRO, BE, 02-Mar-2021,14.75,15.45,15.45,15.45,15.45,15.45,15.45,2469,0.38,16, -, -
COALINDIA, EQ, 02-Mar-2021,154.35,154.35,156.15,152.5,153.65,153.4,154.13,17565134,27073.0,99881, 4837518, 27.54
COCHINSHIP, EQ, 02-Mar-2021,388.45,390.0,426.5,388.0,409.3,409.55,412.2,4254850,17538.55,80063, 820834, 19.29
COFORGE, EQ, 02-Mar-2021,2504.2,2533.25,2619.0,2521.05,2613.0,2601.3,2579.8,286315,7386.36,20635, 100411, 35.07
COLPAL, EQ, 02-Mar-2021,1583.1,1585.1,1605.5,1583.55,1603.55,1602.15,1595.69,392377,6261.13,22557, 145938, 37.19
COMPINFO, EQ, 02-Mar-2021,18.95,19.7,21.4,18.8,20.6,20.45,20.2,3136725,633.68,8409, 1336607, 42.61
COMPUSOFT, EQ, 02-Mar-2021,8.6,8.6,8.9,8.4,8.6,8.65,8.59,43693,3.75,156, 28380, 64.95
CONCOR, EQ, 02-Mar-2021,562.5,571.95,582.0,568.6,573.0,572.3,574.91,2410011,13855.51,46344, 920505, 38.20
CONFIPET, EQ, 02-Mar-2021,44.2,44.85,44.9,43.55,43.85,43.85,44.12,314720,138.84,1695, 187060, 59.44
CONSOFINVT, EQ, 02-Mar-2021,43.1,43.15,45.05,42.55,44.9,44.7,44.17,11080,4.89,79, 9849, 88.89
CONTI, SM, 02-Mar-2021,6.7,6.4,6.45,6.4,6.4,6.4,6.42,23331,1.5,7, 23331, 100.00
CONTROLPR, EQ, 02-Mar-2021,232.4,232.0,233.55,226.1,230.35,231.6,231.04,13904,32.12,445, 8163, 58.71
CORALFINAC, EQ, 02-Mar-2021,23.35,23.55,24.05,23.1,23.5,23.3,23.45,9075,2.13,116, 5362, 59.09
CORDSCABLE, EQ, 02-Mar-2021,41.35,41.9,43.6,41.9,42.95,42.8,42.83,46152,19.77,425, 33677, 72.97
COROMANDEL, EQ, 02-Mar-2021,784.2,789.2,791.8,775.25,784.0,782.15,783.19,248205,1943.91,8355, 154661, 62.31
COSMOFILMS, EQ, 02-Mar-2021,524.65,530.0,594.0,530.0,585.0,585.65,563.71,628162,3541.0,22126, 257398, 40.98
COUNCODOS, BE, 02-Mar-2021,2.45,2.35,2.55,2.35,2.55,2.55,2.38,92870,2.21,202, -, -
COX&KINGS, BZ, 02-Mar-2021,1.35,1.3,1.35,1.3,1.3,1.3,1.3,764659,9.94,293, -, -
CPSEETF, EQ, 02-Mar-2021,24.15,24.25,24.52,24.11,24.29,24.25,24.33,5853104,1424.09,8735, 4655112, 79.53
CREATIVE, EQ, 02-Mar-2021,107.7,107.7,121.8,88.35,107.7,108.0,108.54,22984,24.95,250, 9063, 39.43
CREDITACC, EQ, 02-Mar-2021,708.75,712.0,740.0,709.0,720.0,718.85,729.38,213148,1554.65,7942, 153124, 71.84
CREST, EQ, 02-Mar-2021,92.0,95.5,95.5,90.2,90.8,90.95,91.23,2444,2.23,103, 1471, 60.19
CRISIL, EQ, 02-Mar-2021,1924.95,1940.0,1945.75,1915.0,1927.0,1922.6,1933.51,31008,599.54,2350, 25562, 82.44
CROMPTON, EQ, 02-Mar-2021,386.5,387.2,390.3,382.3,387.65,387.4,386.19,2417485,9336.1,53623, 1684788, 69.69
CSBBANK, EQ, 02-Mar-2021,227.25,227.0,228.85,224.0,227.1,227.0,226.42,211031,477.81,5053, 145374, 68.89
CTE, EQ, 02-Mar-2021,32.35,32.4,32.9,31.65,32.25,32.35,32.42,7902,2.56,100, 5332, 67.48
CUB, EQ, 02-Mar-2021,168.8,170.85,179.25,169.55,175.5,175.6,175.22,6863895,12026.62,48494, 3134838, 45.67
CUBEXTUB, EQ, 02-Mar-2021,22.8,23.9,23.9,23.9,23.9,23.9,23.9,16438,3.93,51, 16438, 100.00
CUMMINSIND, EQ, 02-Mar-2021,800.65,803.6,826.85,803.6,816.1,818.45,815.81,1561606,12739.79,37772, 526968, 33.75
CUPID, EQ, 02-Mar-2021,210.0,211.55,214.5,209.0,212.45,212.45,211.45,61138,129.27,1631, 29928, 48.95
CYBERMEDIA, BE, 02-Mar-2021,15.3,16.05,16.05,16.05,16.05,16.05,16.05,501,0.08,3, -, -
CYBERTECH, EQ, 02-Mar-2021,124.75,125.1,132.5,125.0,128.7,128.65,128.63,231783,298.13,5108, 89984, 38.82
CYIENT, EQ, 02-Mar-2021,652.4,653.8,664.2,645.5,652.5,650.95,656.62,477470,3135.14,14842, 311549, 65.25
DAAWAT, EQ, 02-Mar-2021,52.35,52.6,58.2,52.35,57.1,57.25,56.07,6464859,3624.59,25153, 2837980, 43.90
DABUR, EQ, 02-Mar-2021,505.85,507.4,512.5,504.8,512.3,511.25,509.23,1420334,7232.78,29283, 717041, 50.48
DALBHARAT, EQ, 02-Mar-2021,1469.1,1489.9,1510.0,1460.3,1498.0,1493.0,1483.95,346970,5148.85,18294, 240683, 69.37
DALMIASUG, EQ, 02-Mar-2021,164.9,167.7,173.7,167.0,170.6,171.35,171.37,606570,1039.46,7674, 274847, 45.31
DAMODARIND, EQ, 02-Mar-2021,33.4,32.9,34.2,32.35,33.05,33.2,33.33,19578,6.52,136, 11013, 56.25
DANGEE, EQ, 02-Mar-2021,130.55,133.9,133.9,128.75,130.75,130.25,130.22,25937,33.78,227, 9925, 38.27
DATAMATICS, EQ, 02-Mar-2021,110.55,111.3,112.15,109.5,110.9,110.7,110.84,102046,113.11,1929, 55971, 54.85
DBCORP, EQ, 02-Mar-2021,100.5,101.0,104.9,100.5,101.4,101.45,102.3,494207,505.58,6778, 286037, 57.88
DBL, EQ, 02-Mar-2021,697.85,702.9,710.8,660.0,673.0,672.6,681.8,532811,3632.69,17685, 237113, 44.50
DBREALTY, BE, 02-Mar-2021,29.55,31.0,31.0,28.1,31.0,31.0,29.97,2022935,606.19,3766, -, -
DBSTOCKBRO, EQ, 02-Mar-2021,9.4,9.8,9.8,9.05,9.7,9.55,9.49,5990,0.57,58, 4695, 78.38
DCAL, EQ, 02-Mar-2021,118.25,119.0,120.4,118.25,118.55,118.6,119.1,209314,249.29,3122, 135817, 64.89
DCBBANK, EQ, 02-Mar-2021,116.1,116.6,117.0,114.0,114.5,114.45,115.26,833614,960.8,8863, 391047, 46.91
DCM, EQ, 02-Mar-2021,27.45,28.0,28.35,27.2,27.3,27.35,27.62,26753,7.39,323, 17678, 66.08
DCMNVL, BE, 02-Mar-2021,68.7,68.45,72.1,68.0,72.1,72.1,71.34,44147,31.49,174, -, -
DCMSHRIRAM, EQ, 02-Mar-2021,460.95,461.1,505.8,461.1,504.0,496.15,485.06,360447,1748.38,16260, 155451, 43.13
DCW, EQ, 02-Mar-2021,28.95,29.3,30.75,28.7,29.2,29.35,29.8,6618023,1971.92,10614, 3562119, 53.82
DECCANCE, EQ, 02-Mar-2021,413.25,421.9,427.7,417.9,422.9,422.8,422.41,67093,283.41,2872, 37029, 55.19
DEEPAKFERT, EQ, 02-Mar-2021,212.35,212.0,212.0,197.5,205.2,205.05,205.01,3524372,7225.29,48826, 1037428, 29.44
DEEPAKNTR, EQ, 02-Mar-2021,1563.75,1585.0,1663.15,1517.15,1601.9,1607.85,1587.71,3111655,49404.18,172179, 389822, 12.53
DEEPENR, EQ, 02-Mar-2021,40.8,41.75,41.75,40.0,40.1,40.25,40.5,38868,15.74,373, 29193, 75.11
DELTACORP, EQ, 02-Mar-2021,148.9,150.45,159.8,150.0,158.15,157.85,156.64,5068188,7939.05,43912, 1627610, 32.11
DELTAMAGNT, EQ, 02-Mar-2021,30.8,30.95,32.3,30.8,32.3,32.3,31.94,14339,4.58,141, 13850, 96.59
DEN, EQ, 02-Mar-2021,59.85,60.9,60.9,58.15,58.35,58.45,59.14,762063,450.66,6379, 431801, 56.66
DENORA, EQ, 02-Mar-2021,258.85,261.7,265.0,258.9,261.7,261.2,261.87,6901,18.07,316, 4152, 60.17
DFMFOODS, EQ, 02-Mar-2021,380.05,382.0,388.0,375.1,380.0,379.0,379.73,65961,250.48,2199, 42988, 65.17
DGCONTENT, EQ, 02-Mar-2021,9.4,8.95,9.8,8.95,8.95,8.95,9.22,138376,12.75,300, 117959, 85.25
DHAMPURSUG, EQ, 02-Mar-2021,180.4,181.35,189.5,179.0,183.95,185.2,184.99,1692742,3131.33,20300, 674705, 39.86
DHANBANK, EQ, 02-Mar-2021,14.85,15.0,15.65,14.8,15.4,15.4,15.25,3696331,563.76,4693, 2196146, 59.41
DHANI, EQ, 02-Mar-2021,358.4,359.65,363.95,346.45,348.5,349.0,353.55,904516,3197.94,18153, 545667, 60.33
DHANILOANS, N3, 02-Mar-2021,990.0,990.0,990.0,990.0,990.0,990.0,990.0,239,2.37,9, 239, 100.00
DHANILOANS, N4, 02-Mar-2021,979.99,985.0,985.0,980.0,980.0,980.0,980.31,56,0.55,3, 56, 100.00
DHANIPP, E1, 02-Mar-2021,206.95,210.0,210.0,203.0,205.0,204.35,204.98,27851,57.09,482, 20162, 72.39
DHANUKA, EQ, 02-Mar-2021,726.95,738.0,740.0,727.0,729.95,729.25,729.97,24618,179.7,2275, 12734, 51.73
DHARSUGAR, EQ, 02-Mar-2021,5.7,6.0,6.0,5.55,5.9,5.85,5.8,37719,2.19,517, 32694, 86.68
DHFL, EQ, 02-Mar-2021,20.75,21.75,21.75,20.75,21.75,21.75,21.46,4338402,931.17,6757, 1851109, 42.67
DHFL, N6, 02-Mar-2021,341.0,356.99,356.99,336.01,351.5,351.49,350.72,90,0.32,6, 86, 95.56
DHFL, NA, 02-Mar-2021,368.0,375.0,375.0,372.0,372.0,372.0,373.5,250,0.93,2, 250, 100.00
DHFL, NC, 02-Mar-2021,360.0,360.0,365.0,350.0,350.0,351.17,353.65,1732,6.13,11, 1592, 91.92
DHFL, NN, 02-Mar-2021,353.0,356.0,389.9,356.0,389.9,389.9,361.65,60,0.22,2, 60, 100.00
DHFL, NP, 02-Mar-2021,359.01,356.0,357.01,355.5,355.6,356.03,356.44,885,3.15,12, 845, 95.48
DHFL, NQ, 02-Mar-2021,361.5,425.01,425.01,344.1,350.0,350.0,359.36,62,0.22,9, 52, 83.87
DHFL, NS, 02-Mar-2021,340.0,345.0,346.0,342.04,342.04,342.1,343.0,87,0.3,4, 87, 100.00
DHFL, NX, 02-Mar-2021,345.0,350.0,350.0,349.99,350.0,350.0,350.0,409,1.43,4, 409, 100.00
DHFL, Y1, 02-Mar-2021,330.0,331.8,331.8,331.8,331.8,331.8,331.8,26,0.09,1, 26, 100.00
DHUNINV, EQ, 02-Mar-2021,286.4,293.8,293.8,282.2,286.0,284.85,284.53,3155,8.98,187, 1935, 61.33
DIAMONDYD, EQ, 02-Mar-2021,690.5,710.0,710.0,667.05,677.9,677.35,682.39,24432,166.72,2375, 9641, 39.46
DIAPOWER, BZ, 02-Mar-2021,0.6,0.55,0.65,0.55,0.65,0.65,0.58,34673,0.2,39, -, -
DICIND, EQ, 02-Mar-2021,409.25,410.0,414.5,408.0,412.0,411.0,411.09,11562,47.53,593, 6540, 56.56
DIGISPICE, BE, 02-Mar-2021,104.05,109.25,109.25,109.25,109.25,109.25,109.25,75404,82.38,406, -, -
DIGJAMLTD, BZ, 02-Mar-2021,4.7,4.85,4.9,4.6,4.9,4.85,4.79,171226,8.2,187, -, -
DISHTV, EQ, 02-Mar-2021,11.4,11.45,11.55,11.25,11.35,11.4,11.37,4840579,550.34,9943, 3183010, 65.76
DIVISLAB, EQ, 02-Mar-2021,3461.55,3470.0,3521.95,3455.5,3518.25,3516.9,3487.18,724413,25261.61,52824, 304313, 42.01
DIXON, EQ, 02-Mar-2021,19483.5,19640.0,19798.75,18800.0,18900.0,18864.4,19160.81,42441,8132.04,19958, 25604, 60.33
DLF, EQ, 02-Mar-2021,307.3,309.7,314.95,307.55,314.2,313.6,311.57,8429333,26262.96,55254, 1331829, 15.80
DLINKINDIA, EQ, 02-Mar-2021,111.45,112.05,114.3,111.7,112.9,113.0,112.84,195497,220.59,3881, 80171, 41.01
DMART, EQ, 02-Mar-2021,2908.45,2908.45,3106.0,2885.5,3089.0,3073.5,2992.78,721426,21590.68,64501, 241346, 33.45
DOLAT, EQ, 02-Mar-2021,52.6,52.9,53.35,52.4,52.9,53.05,52.96,91739,48.59,888, 49937, 54.43
DOLLAR, EQ, 02-Mar-2021,257.4,258.65,262.75,251.35,254.95,253.75,256.39,32850,84.22,1135, 21050, 64.08
DONEAR, EQ, 02-Mar-2021,33.55,33.5,34.4,33.0,33.6,33.35,33.63,65456,22.02,532, 33555, 51.26
DPABHUSHAN, EQ, 02-Mar-2021,123.9,133.95,133.95,120.0,123.5,124.0,124.82,7542,9.41,130, 4559, 60.45
DPSCLTD, EQ, 02-Mar-2021,13.15,13.45,13.45,12.85,13.0,12.95,13.0,63083,8.2,265, 51772, 82.07
DPWIRES, EQ, 02-Mar-2021,114.8,116.0,124.0,114.0,118.15,118.95,119.5,63658,76.07,1060, 23383, 36.73
DREDGECORP, EQ, 02-Mar-2021,414.65,418.6,457.95,416.7,431.5,434.0,438.87,1823100,8001.02,55483, 289754, 15.89
DRREDDY, EQ, 02-Mar-2021,4453.4,4473.4,4479.9,4390.15,4408.2,4404.7,4412.48,1837678,81087.09,85902, 933643, 50.81
DSML, SM, 02-Mar-2021,8.6,8.2,8.2,8.2,8.2,8.2,8.2,6000,0.49,1, 6000, 100.00
DSSL, EQ, 02-Mar-2021,64.1,65.0,66.0,63.1,66.0,64.6,64.39,19373,12.47,364, 12661, 65.35
DTIL, EQ, 02-Mar-2021,286.95,295.0,295.0,280.15,281.9,283.1,285.49,3285,9.38,316, 1984, 60.40
DUCON, EQ, 02-Mar-2021,6.75,6.85,6.85,6.45,6.45,6.45,6.55,72112,4.72,169, 65198, 90.41
DVL, EQ, 02-Mar-2021,97.5,99.45,100.0,96.45,96.85,96.85,98.14,23324,22.89,595, 14526, 62.28
DWARKESH, EQ, 02-Mar-2021,31.45,31.6,32.95,31.5,31.9,32.0,32.19,4074549,1311.42,8439, 1967753, 48.29
DYNAMATECH, EQ, 02-Mar-2021,931.55,931.0,936.75,924.4,930.45,929.95,929.94,19381,180.23,1302, 16538, 85.33
DYNPRO, EQ, 02-Mar-2021,449.1,465.0,465.0,436.0,451.2,451.15,451.18,84840,382.78,4628, 39491, 46.55
E2E, SM, 02-Mar-2021,44.5,45.0,45.0,45.0,45.0,45.0,45.0,2000,0.9,1, 2000, 100.00
EASUNREYRL, BZ, 02-Mar-2021,2.4,2.45,2.5,2.3,2.3,2.3,2.4,32852,0.79,25, -, -
EBANK, EQ, 02-Mar-2021,3893.2,3621.0,3858.0,3621.0,3858.0,3858.0,3739.5,4,0.15,2, 2, 50.00
EBBETF0423, EQ, 02-Mar-2021,1106.25,1106.58,1107.99,1106.51,1106.51,1106.51,1106.97,2194,24.29,64, 2191, 99.86
EBBETF0425, EQ, 02-Mar-2021,1017.66,1017.0,1018.0,1012.5,1013.94,1013.86,1016.87,19143,194.66,114, 17769, 92.82
EBBETF0430, EQ, 02-Mar-2021,1111.72,1111.55,1114.91,1111.5,1111.51,1112.09,1112.9,8443,93.96,111, 8314, 98.47
EBBETF0431, EQ, 02-Mar-2021,998.13,995.21,999.98,995.14,998.49,998.1,998.17,12734,127.11,219, 10047, 78.90
EBIXFOREX, EQ, 02-Mar-2021,443.55,444.0,532.25,440.15,529.45,525.2,515.54,108933,561.59,5452, 39571, 36.33
ECLERX, EQ, 02-Mar-2021,935.6,944.4,970.0,939.2,961.0,959.9,958.17,36277,347.59,3543, 17559, 48.40
ECLFINANCE, NE, 02-Mar-2021,1243.35,1242.1,1261.6,1242.0,1261.6,1261.6,1242.94,42,0.52,3, 42, 100.00
ECLFINANCE, NF, 02-Mar-2021,1040.06,1044.0,1047.8,1040.0,1047.8,1047.8,1043.66,461,4.81,10, 461, 100.00
ECLFINANCE, NG, 02-Mar-2021,948.5,945.02,949.9,945.02,949.9,949.9,948.27,120,1.14,6, 120, 100.00
ECLFINANCE, NJ, 02-Mar-2021,926.0,933.0,933.0,933.0,933.0,933.0,933.0,1,0.01,1, 1, 100.00
ECLFINANCE, NK, 02-Mar-2021,947.99,949.0,949.0,942.0,949.0,949.0,948.2,345,3.27,8, 345, 100.00
ECLFINANCE, NM, 02-Mar-2021,1000.44,953.0,1022.7,953.0,1010.0,993.37,986.89,338,3.34,20, 287, 84.91
ECLFINANCE, NN, 02-Mar-2021,1160.01,1169.1,1224.97,1169.1,1224.97,1224.97,1214.62,195,2.37,6, 195, 100.00
ECLFINANCE, NO, 02-Mar-2021,975.51,980.0,980.0,975.2,975.2,975.62,976.84,324,3.16,5, 324, 100.00
ECLFINANCE, NP, 02-Mar-2021,989.42,989.42,989.42,975.0,975.0,975.0,975.28,51,0.5,2, 51, 100.00
ECLFINANCE, NQ, 02-Mar-2021,1127.81,1130.0,1140.0,1125.0,1140.0,1140.0,1130.88,1625,18.38,21, 1425, 87.69
ECLFINANCE, NR, 02-Mar-2021,980.0,980.0,984.8,979.0,984.8,984.8,981.71,1415,13.89,33, 1415, 100.00
ECLFINANCE, NS, 02-Mar-2021,990.0,985.0,985.0,985.0,985.0,985.0,985.0,26,0.26,1, 26, 100.00
EDELWEISS, EQ, 02-Mar-2021,69.5,69.9,70.65,67.3,69.6,69.45,69.43,3302141,2292.56,10187, 2127188, 64.42
EDUCOMP, BZ, 02-Mar-2021,3.1,3.1,3.15,2.95,3.1,3.05,3.07,50704,1.56,105, -, -
EHFLNCD, N5, 02-Mar-2021,971.4,971.4,971.4,971.4,971.4,971.4,971.4,20,0.19,1, 20, 100.00
EHFLNCD, N6, 02-Mar-2021,950.0,949.98,950.0,945.0,950.0,950.0,949.62,401,3.81,12, 401, 100.00
EICHERMOT, EQ, 02-Mar-2021,2556.15,2584.0,2611.0,2530.0,2605.0,2602.3,2569.61,1491743,38331.95,88521, 406566, 27.25
EIDPARRY, EQ, 02-Mar-2021,335.95,339.0,341.0,331.3,339.0,338.6,337.98,283451,958.01,7172, 123522, 43.58
EIHAHOTELS, EQ, 02-Mar-2021,271.8,269.15,284.0,267.65,275.25,279.1,276.31,7637,21.1,668, 3896, 51.01
EIHOTEL, EQ, 02-Mar-2021,96.6,97.1,97.5,96.45,97.15,97.05,97.02,271115,263.03,2517, 158569, 58.49
EIMCOELECO, EQ, 02-Mar-2021,346.45,346.75,349.0,346.75,347.0,347.0,347.53,1647,5.72,58, 1566, 95.08
EKC, EQ, 02-Mar-2021,77.05,77.65,78.0,72.2,73.3,73.3,74.4,1143585,850.88,9236, 718773, 62.85
ELECON, EQ, 02-Mar-2021,55.3,55.75,58.85,53.55,54.95,54.85,56.39,532142,300.09,4047, 246805, 46.38
ELECTCAST, EQ, 02-Mar-2021,25.2,25.3,27.0,25.15,26.8,26.7,26.1,2105930,549.6,3902, 1363222, 64.73
ELECTHERM, EQ, 02-Mar-2021,118.45,119.9,124.5,118.0,120.0,120.4,120.15,41853,50.29,894, 25692, 61.39
ELGIEQUIP, EQ, 02-Mar-2021,185.45,186.9,186.9,181.0,182.95,182.35,184.03,147403,271.27,3167, 99136, 67.26
ELGIRUBCO, EQ, 02-Mar-2021,27.45,27.45,28.4,27.45,28.35,28.1,28.11,22772,6.4,215, 16289, 71.53
EMAMILTD, EQ, 02-Mar-2021,459.9,462.3,467.95,445.0,445.5,448.2,451.42,803799,3628.53,24649, 461721, 57.44
EMAMIPAP, EQ, 02-Mar-2021,94.25,95.15,104.0,94.6,101.0,100.6,100.4,57389,57.62,1679, 24027, 41.87
EMAMIREAL, EQ, 02-Mar-2021,49.05,48.9,50.0,47.1,50.0,49.9,49.47,47665,23.58,721, 35212, 73.87
EMBASSY, RR, 02-Mar-2021,326.68,330.5,334.9,328.5,330.0,330.0,331.31,413400,1369.65,1523, 361000, 87.32
EMCO, BZ, 02-Mar-2021,1.75,1.8,1.8,1.75,1.8,1.8,1.8,15893,0.29,30, -, -
EMKAY, EQ, 02-Mar-2021,70.1,71.9,74.3,69.6,73.7,72.0,72.06,41583,29.97,589, 30229, 72.70
EMMBI, EQ, 02-Mar-2021,82.7,83.85,83.85,81.05,81.1,81.4,82.35,21898,18.03,441, 15190, 69.37
EMOFSR1RDP, MF, 02-Mar-2021,13.44,13.6,14.1,13.5,13.61,13.61,13.65,10490,1.43,5, 10490, 100.00
EMOFSR1RGG, MF, 02-Mar-2021,13.52,13.55,13.64,13.41,13.6,13.62,13.58,213040,28.94,44, 208765, 97.99
ENDURANCE, EQ, 02-Mar-2021,1404.85,1415.0,1420.0,1385.5,1403.55,1406.8,1406.86,56145,789.88,7422, 27946, 49.77
ENERGYDEV, BE, 02-Mar-2021,10.05,10.1,10.15,9.65,10.0,10.0,10.07,27460,2.77,129, -, -
ENGINERSIN, EQ, 02-Mar-2021,86.2,88.0,91.3,85.5,87.0,87.1,88.19,22663403,19986.59,88100, 7116183, 31.40
ENIL, EQ, 02-Mar-2021,161.85,163.85,164.7,160.8,162.05,162.55,162.6,32438,52.74,970, 22796, 70.28
EPL, EQ, 02-Mar-2021,220.7,220.6,224.65,220.25,224.0,223.95,222.74,977934,2178.24,12613, 850276, 86.95
EQ30, EQ, 02-Mar-2021,415.0,416.85,416.85,416.85,416.85,416.85,416.85,14,0.06,5, 14, 100.00
EQUITAS, EQ, 02-Mar-2021,88.15,89.1,93.0,89.1,90.25,90.55,91.55,4144568,3794.24,22876, 1966250, 47.44
EQUITASBNK, EQ, 02-Mar-2021,49.45,49.95,50.5,49.2,49.35,49.4,49.74,803337,399.57,4157, 426080, 53.04
ERFLNCDI, N2, 02-Mar-2021,1081.0,1070.0,1084.0,1070.0,1084.0,1084.0,1070.14,202,2.16,4, 202, 100.00
ERFLNCDI, N5, 02-Mar-2021,875.0,870.0,879.99,870.0,870.0,874.38,874.06,80,0.7,8, 75, 93.75
ERIS, EQ, 02-Mar-2021,594.25,597.0,597.25,586.3,590.0,590.05,591.04,117431,694.06,13765, 83827, 71.38
EROSMEDIA, EQ, 02-Mar-2021,28.75,29.25,31.6,29.2,31.6,31.6,31.19,1765403,550.55,5651, 1066644, 60.42
ESABINDIA, EQ, 02-Mar-2021,1899.35,1903.35,1930.95,1884.15,1899.5,1893.55,1908.0,8558,163.29,1408, 3708, 43.33
ESCORTS, EQ, 02-Mar-2021,1288.7,1300.0,1315.0,1283.2,1309.0,1311.45,1301.78,1063304,13841.92,38773, 223583, 21.03
ESSARSHPNG, EQ, 02-Mar-2021,9.0,9.3,9.9,8.8,9.15,9.35,9.34,236894,22.12,542, 108113, 45.64
ESTER, EQ, 02-Mar-2021,105.95,106.1,116.65,104.8,115.6,115.1,112.84,815309,919.99,12916, 385638, 47.30
EUROCERA, BZ, 02-Mar-2021,1.15,1.2,1.2,1.1,1.15,1.15,1.15,13348,0.15,18, -, -
EVEREADY, EQ, 02-Mar-2021,305.75,309.05,312.9,290.85,295.75,294.6,299.29,678368,2030.31,13955, 385969, 56.90
EVERESTIND, EQ, 02-Mar-2021,311.25,313.4,316.35,306.75,313.0,311.95,311.67,38365,119.57,1293, 17760, 46.29
EXCEL, EQ, 02-Mar-2021,2.75,2.85,2.85,2.7,2.85,2.85,2.79,41753,1.17,137, 30745, 73.64
EXCELINDUS, EQ, 02-Mar-2021,863.05,867.0,870.0,848.0,860.0,861.65,858.53,12499,107.31,1193, 8702, 69.62
EXIDEIND, EQ, 02-Mar-2021,206.55,207.5,210.7,206.8,208.75,208.75,209.16,4100709,8576.9,34312, 1394922, 34.02
EXPLEOSOL, EQ, 02-Mar-2021,508.35,511.1,516.55,501.0,504.0,504.15,508.05,10965,55.71,588, 7551, 68.86
FACT, EQ, 02-Mar-2021,104.55,107.15,114.8,97.3,99.4,100.05,104.7,5594275,5857.06,50264, 1308652, 23.39
FAIRCHEMOR, EQ, 02-Mar-2021,623.45,624.35,674.0,620.75,649.9,650.7,642.36,28270,181.59,1079, 20058, 70.95
FCL, EQ, 02-Mar-2021,68.75,69.9,71.2,65.05,67.8,67.15,67.21,454196,305.29,3118, 296375, 65.25
FCONSUMER, EQ, 02-Mar-2021,7.95,8.0,8.05,7.9,8.0,7.95,7.96,2264687,180.22,12551, 1534900, 67.78
FCSSOFT, BE, 02-Mar-2021,0.75,0.75,0.8,0.75,0.8,0.8,0.77,2044747,15.79,861, -, -
FDC, EQ, 02-Mar-2021,279.3,281.0,286.35,279.1,282.3,282.05,282.29,200786,566.81,4093, 108574, 54.07
FEDERALBNK, EQ, 02-Mar-2021,83.05,83.5,84.75,82.05,83.5,83.3,83.31,17089278,14236.53,38968, 4202688, 24.59
FEL, EQ, 02-Mar-2021,10.1,10.15,10.35,10.0,10.05,10.05,10.1,737395,74.51,1414, 450092, 61.04
FELDVR, EQ, 02-Mar-2021,13.35,13.85,14.0,13.4,13.65,13.7,13.7,26298,3.6,201, 19299, 73.39
FELIX, SM, 02-Mar-2021,49.0,51.25,51.25,51.25,51.25,51.25,51.25,4000,2.05,1, 4000, 100.00
FIEMIND, EQ, 02-Mar-2021,544.0,547.4,559.0,544.6,552.0,550.8,550.87,21077,116.11,1483, 12617, 59.86
FILATEX, EQ, 02-Mar-2021,67.85,68.7,68.7,67.05,68.0,67.95,67.99,397470,270.22,1852, 289065, 72.73
FILDF2GPD, MF, 02-Mar-2021,0.41,0.45,0.45,0.45,0.45,0.45,0.45,3840,0.02,2, 3840, 100.00
FINCABLES, EQ, 02-Mar-2021,392.6,394.65,405.0,393.2,396.0,395.3,398.8,198185,790.36,7698, 86812, 43.80
FINEORG, EQ, 02-Mar-2021,2326.65,2345.9,2379.2,2327.1,2363.0,2360.05,2360.64,65174,1538.52,16873, 51561, 79.11
FINPIPE, EQ, 02-Mar-2021,622.3,623.05,640.0,623.05,637.0,634.95,634.55,122778,779.08,9400, 61365, 49.98
FLEXITUFF, BE, 02-Mar-2021,25.2,26.45,26.45,23.95,23.95,23.95,24.08,13719,3.3,53, -, -
FLFL, EQ, 02-Mar-2021,78.55,78.95,79.0,77.85,78.0,78.0,78.21,215407,168.48,2534, 153478, 71.25
FLUOROCHEM, EQ, 02-Mar-2021,576.4,579.4,583.35,566.5,568.25,572.75,576.05,12080,69.59,1053, 7054, 58.39
FMGOETZE, EQ, 02-Mar-2021,304.4,305.0,313.2,304.25,308.4,307.2,307.96,20069,61.81,542, 14760, 73.55
FMNL, EQ, 02-Mar-2021,17.7,17.7,17.85,17.5,17.55,17.65,17.63,37900,6.68,206, 24651, 65.04
FOCUS, SM, 02-Mar-2021,23.0,23.95,23.95,23.95,23.95,23.95,23.95,3000,0.72,1, 3000, 100.00
FORCEMOT, EQ, 02-Mar-2021,1312.0,1328.4,1328.4,1292.4,1316.0,1311.55,1314.88,22653,297.86,2899, 10688, 47.18
FORTIS, EQ, 02-Mar-2021,170.75,172.5,179.9,169.55,176.55,175.55,175.7,4919780,8643.89,38860, 2089374, 42.47
FOSECOIND, EQ, 02-Mar-2021,1224.25,1219.65,1245.0,1219.65,1234.2,1229.1,1233.5,924,11.4,114, 786, 85.06
FRETAIL, EQ, 02-Mar-2021,69.35,69.4,70.0,69.0,69.25,69.1,69.17,2233424,1544.96,17723, 1358936, 60.85
FSC, EQ, 02-Mar-2021,92.55,92.95,93.35,91.05,91.65,91.85,92.13,107281,98.83,1473, 76823, 71.61
FSL, EQ, 02-Mar-2021,99.45,100.25,102.9,99.9,101.05,101.0,101.24,3118919,3157.51,18622, 1185331, 38.00
G5, EQ, 02-Mar-2021,47.14,47.1,47.1,47.08,47.08,47.08,47.09,599,0.28,11, 599, 100.00
GABRIEL, EQ, 02-Mar-2021,116.15,117.0,122.0,116.55,119.7,119.5,119.95,677699,812.9,8736, 364286, 53.75
GAEL, EQ, 02-Mar-2021,131.85,132.9,136.7,128.0,133.7,134.55,132.15,443107,585.55,6223, 184064, 41.54
GAIL, EQ, 02-Mar-2021,144.5,145.45,146.9,143.6,145.05,144.8,145.08,16832869,24421.06,68385, 4850287, 28.81
GAL, EQ, 02-Mar-2021,2.45,2.5,2.55,2.35,2.45,2.45,2.42,55889,1.35,84, 38655, 69.16
GALAXYSURF, EQ, 02-Mar-2021,2332.45,2370.0,2436.0,2305.0,2330.0,2328.8,2374.37,76304,1811.74,9795, 29072, 38.10
GALLANTT, EQ, 02-Mar-2021,50.3,51.5,51.5,49.2,49.4,49.4,50.19,58455,29.34,501, 35133, 60.10
GALLISPAT, EQ, 02-Mar-2021,40.8,41.3,41.3,38.9,39.45,39.45,39.81,43822,17.45,347, 34399, 78.50
GAMMNINFRA, EQ, 02-Mar-2021,0.75,0.8,0.8,0.75,0.8,0.8,0.8,4178433,33.27,5019, 3437478, 82.27
GANDHITUBE, EQ, 02-Mar-2021,265.85,265.85,293.25,264.0,282.0,281.9,281.73,26393,74.36,1437, 13960, 52.89
GANECOS, EQ, 02-Mar-2021,619.3,628.0,635.9,613.05,617.0,617.3,624.94,30152,188.43,1905, 14530, 48.19
GANESHHOUC, EQ, 02-Mar-2021,58.8,60.0,61.7,56.0,60.55,60.55,60.59,190481,115.4,1337, 125752, 66.02
GANGAFORGE, SM, 02-Mar-2021,32.7,31.2,34.0,31.2,34.0,33.2,32.23,80000,25.78,10, 64000, 80.00
GANGESSECU, EQ, 02-Mar-2021,61.55,63.0,64.5,61.75,64.5,63.6,62.54,4134,2.59,138, 3285, 79.46
GARFIBRES, EQ, 02-Mar-2021,2596.45,2648.0,2679.0,2540.0,2587.5,2570.1,2609.08,24025,626.83,6765, 12961, 53.95
GATI, EQ, 02-Mar-2021,94.7,94.3,98.85,94.15,95.4,95.3,96.63,1308454,1264.4,10722, 532169, 40.67
GAYAHWS, BE, 02-Mar-2021,0.7,0.65,0.75,0.65,0.7,0.7,0.66,736028,4.84,183, -, -
GAYAPROJ, EQ, 02-Mar-2021,39.25,39.25,40.4,38.85,39.35,39.25,39.6,351822,139.33,1803, 227640, 64.70
GBGLOBAL, EQ, 02-Mar-2021,6.95,6.8,7.0,6.8,7.0,7.0,6.85,2359,0.16,16, 2359, 100.00
GDL, EQ, 02-Mar-2021,175.7,175.7,182.2,175.05,179.0,178.2,179.35,117801,211.28,4478, 50901, 43.21
GEECEE, EQ, 02-Mar-2021,101.25,101.5,108.0,100.85,105.15,105.7,104.92,72263,75.82,1687, 40702, 56.32
GEEKAYWIRE, EQ, 02-Mar-2021,79.45,83.9,83.9,78.05,80.0,80.0,79.36,17185,13.64,253, 16550, 96.30
GENCON, EQ, 02-Mar-2021,56.5,58.0,60.9,54.5,58.8,59.15,57.46,14274,8.2,116, 11648, 81.60
GENESYS, BE, 02-Mar-2021,84.3,85.45,88.1,80.5,88.0,87.7,85.66,14351,12.29,154, -, -
GENUSPAPER, EQ, 02-Mar-2021,7.05,7.15,7.75,6.95,7.75,7.75,7.4,992274,73.39,1207, 600468, 60.51
GENUSPOWER, EQ, 02-Mar-2021,37.4,37.45,44.85,37.4,44.7,44.75,42.93,2918343,1252.92,10335, 1556951, 53.35
GEOJITFSL, EQ, 02-Mar-2021,51.9,52.0,52.85,50.8,51.35,51.35,51.95,297499,154.56,2260, 196696, 66.12
GEPIL, EQ, 02-Mar-2021,276.3,279.95,291.65,276.35,288.45,287.75,285.81,259838,742.63,5647, 115120, 44.30
GESHIP, EQ, 02-Mar-2021,308.05,309.5,339.5,308.35,329.9,334.25,329.21,1446107,4760.71,38853, 410153, 28.36
GET&D, EQ, 02-Mar-2021,131.8,133.0,138.0,132.0,134.85,135.95,135.45,363809,492.8,5451, 195620, 53.77
GFLLIMITED, EQ, 02-Mar-2021,93.2,94.5,96.75,92.1,93.0,93.3,94.3,135686,127.96,1728, 70883, 52.24
GHCL, EQ, 02-Mar-2021,218.15,220.5,235.95,219.0,232.8,232.7,230.87,891481,2058.16,18167, 353893, 39.70
GICHSGFIN, EQ, 02-Mar-2021,135.7,136.0,139.05,135.25,136.05,136.15,136.92,257531,352.61,3409, 92046, 35.74
GICRE, EQ, 02-Mar-2021,197.65,198.0,204.65,197.0,201.4,202.0,201.25,990016,1992.41,17393, 522345, 52.76
GILLANDERS, EQ, 02-Mar-2021,42.05,44.0,44.15,42.75,44.15,44.15,44.02,19105,8.41,82, 16017, 83.84
GILLETTE, EQ, 02-Mar-2021,5556.7,5589.0,5594.0,5509.4,5590.0,5584.35,5551.75,6265,347.82,2619, 3843, 61.34
GINNIFILA, EQ, 02-Mar-2021,18.85,18.75,19.15,18.65,18.7,18.75,18.83,67228,12.66,255, 53694, 79.87
GIPCL, EQ, 02-Mar-2021,79.55,80.75,84.8,80.6,81.7,81.95,82.92,1827344,1515.25,13546, 844134, 46.19
GIRIRAJ, SM, 02-Mar-2021,48.95,51.0,51.0,51.0,51.0,51.0,51.0,1200,0.61,1, 1200, 100.00
GISOLUTION, EQ, 02-Mar-2021,2.2,2.3,2.3,2.3,2.3,2.3,2.3,1711,0.04,5, 1711, 100.00
GKWLIMITED, EQ, 02-Mar-2021,511.5,503.95,517.75,502.85,515.0,511.6,510.9,1763,9.01,1081, 131, 7.43
GLAND, EQ, 02-Mar-2021,2358.7,2361.0,2390.9,2308.55,2351.0,2349.85,2345.54,107872,2530.19,10341, 62366, 57.81
GLAXO, EQ, 02-Mar-2021,1457.25,1464.55,1479.0,1459.0,1466.0,1469.85,1466.98,22952,336.7,2795, 12420, 54.11
GLENMARK, EQ, 02-Mar-2021,467.95,469.0,482.35,467.55,475.9,476.0,476.39,1608803,7664.14,24809, 405467, 25.20
GLFL, EQ, 02-Mar-2021,3.35,3.5,3.5,3.2,3.2,3.2,3.21,28589,0.92,63, 25228, 88.24
GLOBAL, EQ, 02-Mar-2021,49.95,51.0,51.0,47.8,50.5,50.65,49.95,2381,1.19,79, 1294, 54.35
GLOBALVECT, BZ, 02-Mar-2021,46.85,47.8,47.8,45.0,46.4,46.1,45.67,6261,2.86,62, -, -
GLOBE, BE, 02-Mar-2021,57.1,59.0,59.0,55.0,59.0,59.0,57.13,38,0.02,8, -, -
GLOBOFFS, EQ, 02-Mar-2021,9.5,9.95,9.95,9.05,9.1,9.05,9.35,63835,5.97,184, 50848, 79.66
GLOBUSSPR, EQ, 02-Mar-2021,331.25,335.95,350.9,333.05,333.05,337.9,343.29,372130,1277.47,9451, 126122, 33.89
GMBREW, EQ, 02-Mar-2021,423.9,423.55,434.7,411.65,428.15,425.8,425.73,43880,186.81,4580, 21885, 49.87
GMDCLTD, EQ, 02-Mar-2021,63.7,64.6,65.7,62.85,63.75,63.85,64.28,2915552,1874.05,12470, 1076306, 36.92
GMMPFAUDLR, EQ, 02-Mar-2021,4292.35,4344.0,4358.8,4176.15,4214.0,4199.9,4274.4,47659,2037.14,10946, 22264, 46.72
GMRINFRA, EQ, 02-Mar-2021,26.2,26.25,28.1,26.1,27.65,27.6,27.08,56697792,15352.72,46348, 27493702, 48.49
GNA, EQ, 02-Mar-2021,390.15,390.4,397.9,386.25,390.4,389.95,390.84,81763,319.56,2184, 44746, 54.73
GNFC, EQ, 02-Mar-2021,329.95,336.0,339.7,316.2,327.0,324.9,327.31,3725021,12192.38,47399, 1166586, 31.32
GOACARBON, EQ, 02-Mar-2021,326.05,329.45,332.0,323.0,325.0,325.6,326.88,37976,124.14,1443, 18795, 49.49
GOCLCORP, EQ, 02-Mar-2021,240.35,243.5,246.05,241.1,242.0,243.05,244.07,9419,22.99,342, 7203, 76.47
GODFRYPHLP, EQ, 02-Mar-2021,902.3,905.0,909.2,903.0,904.55,905.2,905.35,26387,238.89,1863, 16557, 62.75
GODHA, EQ, 02-Mar-2021,41.85,42.7,45.65,38.1,40.2,40.45,41.28,1659,0.68,71, 438, 26.40
GODREJAGRO, EQ, 02-Mar-2021,479.6,483.85,494.65,481.4,492.0,492.85,489.33,169968,831.7,8050, 79946, 47.04
GODREJCP, EQ, 02-Mar-2021,686.25,690.0,696.3,680.0,693.75,691.95,686.3,1262750,8666.2,31678, 659482, 52.23
GODREJIND, EQ, 02-Mar-2021,451.95,453.5,459.25,450.2,457.1,457.95,456.19,199285,909.12,9181, 150653, 75.60
GODREJPROP, EQ, 02-Mar-2021,1539.95,1547.65,1555.0,1500.3,1509.1,1508.45,1516.97,571366,8667.44,19586, 199725, 34.96
GOENKA, BZ, 02-Mar-2021,1.95,2.0,2.0,2.0,2.0,2.0,2.0,130109,2.6,47, -, -
GOKEX, EQ, 02-Mar-2021,82.05,82.2,82.9,80.65,81.05,81.45,81.58,121527,99.14,1603, 71717, 59.01
GOKUL, EQ, 02-Mar-2021,18.85,19.25,19.25,18.65,18.75,18.75,18.94,28982,5.49,187, 22694, 78.30
GOKULAGRO, EQ, 02-Mar-2021,22.1,22.3,22.5,21.75,22.05,22.2,22.17,66795,14.81,470, 38016, 56.91
GOLDBEES, EQ, 02-Mar-2021,39.96,41.4,41.4,39.2,39.55,39.52,39.37,9700184,3818.99,22720, 7880071, 81.24
GOLDENTOBC, EQ, 02-Mar-2021,45.65,46.6,46.85,45.95,45.95,46.2,46.56,14564,6.78,233, 12372, 84.95
GOLDIAM, EQ, 02-Mar-2021,349.05,356.0,356.75,338.75,344.0,342.75,344.55,52417,180.6,1774, 30431, 58.06
GOLDSHARE, EQ, 02-Mar-2021,4147.35,4109.9,4124.0,4075.2,4087.1,4087.2,4087.89,8058,329.4,1988, 5407, 67.10
GOODLUCK, EQ, 02-Mar-2021,72.2,72.2,74.0,72.2,72.4,72.65,72.94,84126,61.36,1076, 40935, 48.66
GOODYEAR, EQ, 02-Mar-2021,978.95,977.95,984.9,967.0,975.0,976.15,974.61,16252,158.39,1389, 8747, 53.82
GPIL, EQ, 02-Mar-2021,584.15,589.0,597.0,580.0,582.0,583.1,589.1,73001,430.05,3122, 33931, 46.48
GPPL, EQ, 02-Mar-2021,98.8,98.95,114.4,98.95,112.9,109.0,107.67,5609320,6039.52,56245, 1560310, 27.82
GPTINFRA, EQ, 02-Mar-2021,41.1,41.0,42.9,41.0,42.9,42.65,42.1,40210,16.93,318, 33416, 83.10
GRANULES, EQ, 02-Mar-2021,341.8,344.5,345.5,334.5,336.0,336.25,337.86,1997954,6750.26,42605, 1070534, 53.58
GRAPHITE, EQ, 02-Mar-2021,478.75,480.0,484.8,462.05,466.25,464.9,471.89,874239,4125.41,21015, 415930, 47.58
GRASIM, EQ, 02-Mar-2021,1265.95,1275.0,1298.5,1261.0,1295.8,1294.75,1283.66,1954073,25083.68,61337, 732412, 37.48
GRAVITA, EQ, 02-Mar-2021,112.25,116.0,122.65,108.5,114.0,113.5,115.92,2451514,2841.83,40231, 890029, 36.31
GREAVESCOT, EQ, 02-Mar-2021,140.7,141.0,141.5,134.0,135.95,136.5,137.32,2325566,3193.46,28867, 1233209, 53.03
GREENLAM, EQ, 02-Mar-2021,941.8,979.0,979.0,936.3,940.0,945.2,955.51,7216,68.95,1275, 2936, 40.69
GREENPANEL, EQ, 02-Mar-2021,179.9,179.9,185.3,178.1,180.15,180.5,181.55,139293,252.89,4331, 83927, 60.25
GREENPLY, EQ, 02-Mar-2021,183.85,185.9,204.0,185.9,189.5,190.65,195.16,1699603,3317.01,23551, 864805, 50.88
GREENPOWER, BE, 02-Mar-2021,2.15,2.1,2.25,2.1,2.25,2.25,2.17,1948911,42.28,1048, -, -
GRINDWELL, EQ, 02-Mar-2021,912.05,920.0,933.75,886.1,895.5,912.95,906.66,70884,642.68,6101, 49701, 70.12
GROBTEA, EQ, 02-Mar-2021,999.0,1001.15,1030.85,997.0,1007.0,1004.45,1012.98,377,3.82,104, 226, 59.95
GRPLTD, EQ, 02-Mar-2021,800.0,807.05,819.95,796.0,818.0,817.3,816.67,817,6.67,113, 675, 82.62
GRSE, EQ, 02-Mar-2021,199.4,200.8,217.4,200.0,211.2,211.0,211.86,1664745,3526.89,21754, 441143, 26.50
GSCLCEMENT, EQ, 02-Mar-2021,37.45,37.8,38.35,37.4,37.65,37.6,37.75,236893,89.44,1241, 148628, 62.74
GSFC, EQ, 02-Mar-2021,100.6,101.8,107.35,97.3,98.55,98.7,101.84,13132458,13373.73,62430, 4401349, 33.52
GSPL, EQ, 02-Mar-2021,249.4,252.45,263.0,250.35,261.75,259.55,255.82,996363,2548.89,16646, 625029, 62.73
GSS, EQ, 02-Mar-2021,52.95,53.25,55.0,52.3,53.35,54.15,53.98,211243,114.03,3221, 91571, 43.35
GTL, EQ, 02-Mar-2021,6.75,6.8,6.8,6.55,6.7,6.7,6.71,202774,13.6,391, 120122, 59.24
GTLINFRA, EQ, 02-Mar-2021,0.95,1.0,1.0,0.95,1.0,1.0,1.0,22925462,228.37,4340, 12666962, 55.25
GTNIND, EQ, 02-Mar-2021,11.2,11.1,11.2,10.7,11.2,10.95,10.93,42228,4.62,55, 9751, 23.09
GTPL, EQ, 02-Mar-2021,123.55,122.5,126.0,122.5,124.5,125.1,124.88,86874,108.48,1146, 35073, 40.37
GUFICBIO, EQ, 02-Mar-2021,119.25,120.7,121.35,118.15,119.15,119.15,119.77,175938,210.72,3684, 119208, 67.76
GUJALKALI, EQ, 02-Mar-2021,341.8,346.5,359.0,344.25,355.35,354.75,352.77,717220,2530.12,16060, 301719, 42.07
GUJAPOLLO, EQ, 02-Mar-2021,215.65,220.8,220.8,212.85,216.05,216.1,215.95,3501,7.56,116, 2713, 77.49
GUJGASLTD, EQ, 02-Mar-2021,533.05,566.7,566.7,525.3,535.2,531.95,534.34,2561230,13685.78,63832, 631591, 24.66
GUJRAFFIA, BE, 02-Mar-2021,79.4,83.35,83.35,75.45,75.45,75.45,77.14,42253,32.59,412, -, -
GULFOILLUB, EQ, 02-Mar-2021,760.85,772.0,772.0,740.2,761.9,760.1,759.11,18753,142.36,2239, 11531, 61.49
GULFPETRO, EQ, 02-Mar-2021,43.05,43.6,45.5,43.1,44.0,43.9,44.09,151353,66.72,1145, 87312, 57.69
GULPOLY, EQ, 02-Mar-2021,94.6,96.0,103.3,94.0,100.4,99.6,100.08,536543,536.96,5520, 234572, 43.72
HAL, EQ, 02-Mar-2021,1085.25,1090.0,1119.8,1090.0,1106.9,1106.7,1106.52,454599,5030.22,23140, 204378, 44.96
HAPPSTMNDS, EQ, 02-Mar-2021,527.25,527.5,538.0,524.5,529.0,530.25,530.87,1405831,7463.17,29945, 334476, 23.79
HARITASEAT, EQ, 02-Mar-2021,771.95,772.55,778.4,758.0,762.0,765.1,765.14,19104,146.17,1055, 14508, 75.94
HARRMALAYA, EQ, 02-Mar-2021,139.95,141.3,148.35,140.95,144.5,144.2,144.53,551797,797.53,13652, 202117, 36.63
HATHWAY, EQ, 02-Mar-2021,31.0,31.45,31.85,30.6,30.95,30.85,31.14,623114,194.03,3279, 342356, 54.94
HATSUN, EQ, 02-Mar-2021,719.3,723.1,725.85,708.95,721.5,718.9,717.11,27646,198.25,2254, 10014, 36.22
HAVELLS, EQ, 02-Mar-2021,1112.15,1120.95,1163.8,1118.05,1143.95,1143.95,1143.98,2632084,30110.47,53698, 543307, 20.64
HAVISHA, BE, 02-Mar-2021,0.8,0.85,0.85,0.75,0.8,0.8,0.8,102773,0.82,91, -, -
HBANKETF, EQ, 02-Mar-2021,351.9,383.6,383.6,349.75,353.45,353.33,353.13,3401,12.01,147, 1906, 56.04
HBLPOWER, EQ, 02-Mar-2021,39.75,40.25,41.8,39.75,40.55,40.85,40.91,2170120,887.79,9372, 1226989, 56.54
HBSL, BE, 02-Mar-2021,14.9,15.6,15.6,15.6,15.6,15.6,15.6,6579,1.03,19, -, -
HCC, EQ, 02-Mar-2021,8.2,8.2,8.6,8.2,8.6,8.6,8.49,6582243,558.69,4174, 4276107, 64.96
HCG, EQ, 02-Mar-2021,167.95,168.0,170.5,166.75,169.0,169.55,168.77,50799,85.73,708, 38837, 76.45
HCL-INSYS, EQ, 02-Mar-2021,9.45,9.5,9.65,9.35,9.5,9.4,9.46,433242,40.98,1274, 315232, 72.76
HCLTECH, EQ, 02-Mar-2021,930.35,933.85,957.9,928.6,952.0,953.75,945.4,6715548,63488.73,141499, 2925252, 43.56
HDFC, EQ, 02-Mar-2021,2606.0,2615.0,2615.0,2541.4,2575.0,2564.0,2567.14,4086134,104896.8,162290, 2300989, 56.31
HDFC, W3, 02-Mar-2021,840.0,850.0,850.0,817.0,833.6,833.6,827.16,19200,158.82,32, 10200, 53.13
HDFCAMC, EQ, 02-Mar-2021,2938.75,2950.0,2954.95,2892.05,2938.0,2934.1,2926.29,190913,5586.66,18348, 89397, 46.83
HDFCBANK, EQ, 02-Mar-2021,1558.9,1575.7,1587.5,1551.0,1573.0,1568.2,1569.86,8055019,126452.62,188996, 3535705, 43.89
HDFCLIFE, EQ, 02-Mar-2021,705.25,714.95,727.8,706.25,724.4,720.8,713.65,2446910,17462.31,50254, 1202381, 49.14
HDFCMFGETF, EQ, 02-Mar-2021,41.08,40.98,40.98,40.3,40.66,40.65,40.53,1352293,548.11,2978, 929103, 68.71
HDFCNIFETF, EQ, 02-Mar-2021,157.13,158.5,158.69,156.01,157.8,157.72,157.37,9951,15.66,315, 4816, 48.40
HDFCSENETF, EQ, 02-Mar-2021,549.24,588.9,588.9,525.2,538.0,538.2,541.86,5776,31.3,409, 3822, 66.17
HDIL, BZ, 02-Mar-2021,5.25,5.4,5.5,5.25,5.5,5.5,5.42,397493,21.56,470, -, -
HEG, EQ, 02-Mar-2021,1444.0,1451.8,1466.0,1421.0,1429.0,1427.5,1439.74,182688,2630.24,10537, 54439, 29.80
HEIDELBERG, EQ, 02-Mar-2021,227.6,229.2,232.0,228.0,229.0,229.5,229.9,93974,216.05,3128, 49576, 52.76
HEMIPROP, BE, 02-Mar-2021,173.05,174.95,176.4,170.0,172.85,171.25,172.88,351826,608.23,3065, -, -
HEOFRG1126, MF, 02-Mar-2021,10.22,10.8,10.8,10.3,10.32,10.32,10.36,34500,3.57,5, 34500, 100.00
HERCULES, EQ, 02-Mar-2021,125.25,129.15,129.15,125.3,126.0,126.35,126.99,63739,80.94,2877, 22728, 35.66
HERITGFOOD, EQ, 02-Mar-2021,344.95,349.0,366.45,325.05,350.0,347.85,349.46,470552,1644.37,15930, 219031, 46.55
HEROMOTOCO, EQ, 02-Mar-2021,3350.2,3352.0,3490.0,3351.5,3484.95,3476.4,3444.11,1402320,48297.5,84727, 298275, 21.27
HESTERBIO, EQ, 02-Mar-2021,1730.4,1733.45,1770.0,1729.95,1730.0,1743.3,1746.5,5964,104.16,672, 4135, 69.33
HEXATRADEX, BE, 02-Mar-2021,71.25,71.75,74.65,68.05,74.6,74.35,73.47,134062,98.5,437, -, -
HFCL, EQ, 02-Mar-2021,29.2,29.35,29.8,28.75,28.9,28.85,29.18,8005292,2335.59,10469, 3161076, 39.49
HGINFRA, EQ, 02-Mar-2021,281.8,287.85,287.85,282.55,285.1,286.3,285.36,66865,190.81,1261, 55399, 82.85
HGS, EQ, 02-Mar-2021,1145.7,1145.0,1164.8,1145.0,1150.0,1155.15,1155.45,10073,116.39,1122, 6193, 61.48
HIKAL, EQ, 02-Mar-2021,159.85,160.45,162.0,159.15,160.55,160.45,160.41,228143,365.95,3629, 108097, 47.38
HIL, EQ, 02-Mar-2021,2995.8,3030.0,3067.0,2952.25,3030.0,3010.85,3002.21,22584,678.02,3734, 17508, 77.52
HILTON, EQ, 02-Mar-2021,10.55,10.9,10.9,10.2,10.2,10.3,10.32,15971,1.65,134, 10035, 62.83
HIMATSEIDE, EQ, 02-Mar-2021,156.8,157.6,164.5,157.4,162.0,160.65,161.04,167228,269.3,3497, 79767, 47.70
HINDALCO, EQ, 02-Mar-2021,344.1,344.25,349.3,338.75,344.7,345.25,343.02,12878208,44174.85,116292, 3697298, 28.71
HINDCOMPOS, EQ, 02-Mar-2021,300.95,301.45,306.15,296.3,297.25,301.1,300.97,6062,18.24,381, 3384, 55.82
HINDCOPPER, EQ, 02-Mar-2021,157.3,165.15,165.15,149.45,151.0,150.3,154.05,18749289,28883.31,108748, 6896159, 36.78
HINDMOTORS, BE, 02-Mar-2021,7.75,7.7,8.0,7.4,7.55,7.55,7.61,140173,10.66,466, -, -
HINDNATGLS, EQ, 02-Mar-2021,25.95,26.95,26.95,25.75,25.95,25.9,26.14,41237,10.78,911, 29933, 72.59
HINDOILEXP, EQ, 02-Mar-2021,99.1,99.1,104.5,98.0,99.25,99.3,100.52,1494569,1502.39,16802, 468249, 31.33
HINDPETRO, EQ, 02-Mar-2021,247.5,252.0,257.9,248.1,251.15,250.1,252.39,8245587,20810.9,76741, 2575228, 31.23
HINDUNILVR, EQ, 02-Mar-2021,2143.4,2162.0,2183.9,2140.55,2182.0,2177.95,2165.31,2095135,45366.09,104481, 1336750, 63.80
HINDZINC, EQ, 02-Mar-2021,300.15,302.0,322.9,301.7,314.3,315.3,314.31,4031034,12669.84,56483, 1123782, 27.88
HIRECT, EQ, 02-Mar-2021,138.35,141.0,141.0,136.0,137.8,137.85,138.45,22844,31.63,670, 12456, 54.53
HISARMETAL, EQ, 02-Mar-2021,103.6,104.35,124.3,104.35,124.3,124.05,121.22,1024802,1242.29,4692, 263542, 25.72
HITECH, EQ, 02-Mar-2021,344.4,342.45,345.15,332.45,344.75,340.7,338.02,165696,560.09,3397, 96044, 57.96
HITECHCORP, EQ, 02-Mar-2021,136.9,139.65,141.55,134.0,136.0,137.05,136.5,5294,7.23,196, 3710, 70.08
HITECHGEAR, EQ, 02-Mar-2021,175.9,178.85,178.9,174.05,177.5,175.75,175.53,1259,2.21,43, 837, 66.48
HLEGLAS, EQ, 02-Mar-2021,2185.45,2236.0,2269.65,2132.05,2201.0,2209.8,2196.32,11027,242.19,1337, 6823, 61.88
HLVLTD, EQ, 02-Mar-2021,5.85,5.85,5.95,5.75,5.95,5.9,5.88,167083,9.82,312, 101989, 61.04
HMT, BZ, 02-Mar-2021,26.6,27.9,27.9,26.05,26.25,26.45,27.43,45800,12.56,239, -, -
HMVL, EQ, 02-Mar-2021,72.0,73.15,74.0,69.5,71.85,70.55,71.57,88697,63.48,1372, 54655, 61.62
HNDFDS, EQ, 02-Mar-2021,2201.0,2200.05,2276.2,2115.0,2160.0,2176.55,2207.82,21956,484.75,5196, 11693, 53.26
HNGSNGBEES, EQ, 02-Mar-2021,352.41,347.11,355.25,342.1,353.2,351.85,351.62,412,1.45,98, 276, 66.99
HOMEFIRST, EQ, 02-Mar-2021,530.5,533.95,539.05,524.0,535.75,536.15,533.22,298815,1593.34,11487, 141806, 47.46
HONAUT, EQ, 02-Mar-2021,45468.3,46599.0,46599.0,45550.0,45840.0,45769.65,46079.81,8210,3783.15,3137, 4718, 57.47
HONDAPOWER, EQ, 02-Mar-2021,1110.15,1111.05,1126.95,1092.0,1099.85,1104.75,1113.45,16365,182.22,1430, 11107, 67.87
HOVS, EQ, 02-Mar-2021,39.65,38.65,41.5,38.65,41.0,40.5,40.82,10888,4.44,150, 8063, 74.05
HPIL, SM, 02-Mar-2021,47.0,47.0,47.0,47.0,47.0,47.0,47.0,30000,14.1,3, 30000, 100.00
HPL, EQ, 02-Mar-2021,44.95,46.5,46.75,44.6,45.0,45.3,45.43,925495,420.48,7269, 219222, 23.69
HSCL, EQ, 02-Mar-2021,45.65,45.85,49.45,43.75,47.75,47.85,46.76,49010209,22917.83,117237, 15765914, 32.17
HSIL, EQ, 02-Mar-2021,173.45,174.75,178.95,171.0,173.0,172.75,175.05,198174,346.91,4963, 94669, 47.77
HTMEDIA, EQ, 02-Mar-2021,26.2,26.25,27.2,25.25,25.8,25.8,25.88,285907,74.0,1133, 230848, 80.74
HUBTOWN, BE, 02-Mar-2021,16.15,16.05,16.95,15.7,16.95,16.95,16.44,27661,4.55,127, -, -
HUDCO, EQ, 02-Mar-2021,53.75,54.5,54.9,51.6,52.6,52.7,53.14,10579400,5621.73,27339, 3405857, 32.19
HUDCO, N2, 02-Mar-2021,1189.0,1190.0,1190.2,1188.0,1188.0,1188.0,1189.23,1370,16.29,14, 1350, 98.54
HUDCO, N3, 02-Mar-2021,1042.0,1042.01,1042.01,1042.0,1042.0,1042.0,1042.0,510,5.31,3, 510, 100.00
HUDCO, N4, 02-Mar-2021,1058.58,1058.58,1058.58,1055.0,1055.0,1055.0,1055.82,130,1.37,4, 130, 100.00
HUDCO, N9, 02-Mar-2021,1230.0,1232.1,1235.0,1230.0,1235.0,1234.93,1234.34,1674,20.66,26, 1400, 83.63
HUDCO, ND, 02-Mar-2021,1285.75,1286.0,1288.79,1280.1,1284.0,1284.0,1285.26,659,8.47,21, 624, 94.69
HUDCO, NE, 02-Mar-2021,1424.54,1425.9,1432.0,1420.0,1432.0,1432.0,1428.22,149,2.13,17, 124, 83.22
HUHTAMAKI, EQ, 02-Mar-2021,274.2,277.0,282.45,275.7,279.6,279.25,279.13,162027,452.26,4263, 85987, 53.07
IBMFNIFTY, EQ, 02-Mar-2021,152.0,155.05,155.05,151.0,154.2,154.0,152.28,495,0.75,135, 184, 37.17
IBREALEST, EQ, 02-Mar-2021,94.2,95.0,102.5,94.55,99.8,99.8,99.77,16205769,16168.44,74810, 5243475, 32.36
IBUCCREDIT, N6, 02-Mar-2021,1008.0,1008.0,1008.0,1008.0,1008.0,1008.0,1008.0,20,0.2,1, 20, 100.00
IBUCCREDIT, N9, 02-Mar-2021,910.0,925.0,925.0,925.0,925.0,925.0,925.0,170,1.57,5, 170, 100.00
IBULHSGFIN, EQ, 02-Mar-2021,222.35,224.25,235.5,223.25,228.55,229.0,230.88,26294462,60708.16,152911, 4229727, 16.09
IBULHSGFIN, N6, 02-Mar-2021,1010.0,999.99,1001.0,999.99,1000.01,1000.83,1000.4,50,0.5,6, 25, 50.00
IBULHSGFIN, N8, 02-Mar-2021,882.5,894.98,899.99,890.0,895.0,898.63,898.04,382,3.43,11, 362, 94.76
IBULHSGFIN, NA, 02-Mar-2021,865.01,870.0,870.0,870.0,870.0,870.0,870.0,2,0.02,1, 2, 100.00
IBULHSGFIN, NE, 02-Mar-2021,775.2,870.0,919.8,870.0,919.8,919.8,893.32,372,3.32,14, 372, 100.00
ICEMAKE, EQ, 02-Mar-2021,73.15,76.0,76.0,73.0,74.1,73.2,73.78,13671,10.09,148, 12060, 88.22
ICICI500, EQ, 02-Mar-2021,203.0,209.98,209.98,199.96,205.99,204.8,204.9,5952,12.2,176, 5764, 96.84
ICICIALPLV, EQ, 02-Mar-2021,137.4,138.95,139.45,137.99,138.41,139.11,138.65,1888,2.62,86, 1210, 64.09
ICICIB22, EQ, 02-Mar-2021,37.8,38.0,38.39,37.7,38.1,38.09,38.09,1431751,545.35,5554, 1046942, 73.12
ICICIBANK, EQ, 02-Mar-2021,608.35,610.0,616.5,599.0,610.95,610.5,607.95,24051433,146220.18,260670, 10074339, 41.89
ICICIBANKN, EQ, 02-Mar-2021,350.64,359.5,359.5,348.31,353.0,351.18,350.51,8620,30.21,391, 1888, 21.90
ICICIBANKP, EQ, 02-Mar-2021,185.83,186.0,187.46,184.0,187.04,186.08,185.91,16189,30.1,148, 8589, 53.05
ICICIGI, EQ, 02-Mar-2021,1427.1,1430.0,1465.0,1423.05,1440.0,1431.2,1437.49,458168,6586.12,32176, 286501, 62.53
ICICIGOLD, EQ, 02-Mar-2021,41.0,40.7,40.93,40.26,40.56,40.47,40.49,740651,299.89,2306, 634319, 85.64
ICICILIQ, EQ, 02-Mar-2021,999.99,999.0,1000.0,999.0,1000.0,999.99,999.99,10016,100.16,33, 9805, 97.89
ICICILOVOL, EQ, 02-Mar-2021,117.13,118.7,119.7,115.37,118.93,118.36,118.02,4997,5.9,589, 3360, 67.24
ICICIM150, EQ, 02-Mar-2021,90.0,90.95,91.85,90.45,91.85,91.37,91.11,5974,5.44,159, 4690, 78.51
ICICIMCAP, EQ, 02-Mar-2021,87.03,89.21,94.9,87.4,88.09,88.04,87.89,10953,9.63,218, 3753, 34.26
ICICINF100, EQ, 02-Mar-2021,160.82,169.0,171.5,160.01,162.95,161.87,162.04,4061,6.58,253, 3785, 93.20
ICICINIFTY, EQ, 02-Mar-2021,157.28,177.7,177.7,157.01,158.85,158.61,158.05,63703,100.69,2863, 33789, 53.04
ICICINV20, EQ, 02-Mar-2021,75.27,76.97,76.97,74.35,76.71,76.71,76.47,5101,3.9,538, 3430, 67.24
ICICINXT50, EQ, 02-Mar-2021,35.14,36.2,36.2,35.23,35.8,35.65,35.52,12824,4.55,320, 11266, 87.85
ICICIPRULI, EQ, 02-Mar-2021,472.15,475.0,480.15,471.5,477.0,477.15,476.41,1389228,6618.35,30786, 746825, 53.76
ICICISENSX, EQ, 02-Mar-2021,536.35,539.99,544.31,538.0,541.01,542.01,541.77,3483,18.87,88, 3027, 86.91
ICICITECH, EQ, 02-Mar-2021,248.25,249.92,256.5,248.6,255.83,254.5,251.93,34217,86.2,385, 21999, 64.29
ICIL, EQ, 02-Mar-2021,129.75,130.9,131.45,127.15,128.95,128.3,129.19,216250,279.37,4330, 141513, 65.44
ICRA, EQ, 02-Mar-2021,2768.85,2798.0,2798.0,2734.75,2749.0,2745.2,2750.11,21642,595.18,1561, 21189, 97.91
IDBI, EQ, 02-Mar-2021,31.75,32.05,32.35,31.25,31.55,31.45,31.77,11436665,3632.93,15083, 5620531, 49.14
IDBIGOLD, EQ, 02-Mar-2021,4261.25,4355.7,4355.7,4189.95,4209.85,4202.25,4238.71,588,24.92,187, 259, 44.05
IDEA, EQ, 02-Mar-2021,11.05,11.1,11.5,10.9,11.35,11.35,11.22,292065348,32765.87,130604, 52475971, 17.97
IDFC, EQ, 02-Mar-2021,54.3,54.65,55.6,54.1,54.6,54.5,54.67,5438212,2973.07,13877, 2384609, 43.85
IDFCFIRSTB, EQ, 02-Mar-2021,63.45,63.75,65.1,63.4,64.45,64.5,64.25,39385820,25306.66,85806, 8761903, 22.25
IDFCFIRSTB, N9, 02-Mar-2021,5081.0,5077.0,5077.0,5077.0,5077.0,5077.0,5077.0,2,0.1,1, 2, 100.00
IDFCFIRSTB, NA, 02-Mar-2021,11050.0,11050.0,11200.0,11050.0,11100.0,11100.0,11118.17,24,2.67,8, 18, 75.00
IDFCFIRSTB, NB, 02-Mar-2021,5386.0,5400.0,5400.0,5386.0,5386.0,5386.0,5393.0,4,0.22,2, 4, 100.00
IDFCFIRSTB, NC, 02-Mar-2021,10700.0,10650.01,10660.0,10650.01,10660.0,10660.0,10656.93,26,2.77,8, 20, 76.92
IDFCFIRSTB, NE, 02-Mar-2021,10375.0,10375.0,10375.0,10375.0,10375.0,10375.0,10375.0,4,0.42,1, 4, 100.00
IDFNIFTYET, EQ, 02-Mar-2021,154.72,150.08,157.0,150.08,155.49,155.49,155.24,51,0.08,15, 49, 96.08
IEX, EQ, 02-Mar-2021,301.05,303.6,309.0,298.2,301.5,302.75,302.35,1698434,5135.24,30637, 967846, 56.98
IFBAGRO, EQ, 02-Mar-2021,424.5,426.0,430.5,421.6,426.0,425.95,425.05,5244,22.29,354, 3211, 61.23
IFBIND, EQ, 02-Mar-2021,1206.8,1219.0,1240.0,1202.1,1217.0,1215.05,1222.22,19695,240.72,2554, 9488, 48.17
IFCI, EQ, 02-Mar-2021,9.5,9.7,11.05,9.55,10.7,10.7,10.44,43350797,4526.91,65976, 13036076, 30.07
IFCI, NH, 02-Mar-2021,1056.0,1052.0,1052.0,1052.0,1052.0,1052.0,1052.0,90,0.95,1, 90, 100.00
IFCI, NL, 02-Mar-2021,1037.95,1038.85,1043.0,1034.25,1034.5,1034.49,1038.3,1809,18.78,15, 1107, 61.19
IFGLEXPOR, EQ, 02-Mar-2021,259.35,261.75,266.7,254.1,256.75,255.35,258.86,34299,88.79,1080, 25377, 73.99
IGARASHI, EQ, 02-Mar-2021,321.75,323.4,326.45,318.5,319.1,319.4,321.74,71710,230.72,5067, 43358, 60.46
IGL, EQ, 02-Mar-2021,494.2,498.0,518.5,498.0,514.95,514.85,512.66,8097022,41510.0,147645, 2649928, 32.73
IGPL, EQ, 02-Mar-2021,461.05,465.0,484.5,464.95,471.0,472.1,473.98,93797,444.58,5055, 56068, 59.78
IIFCL, N4, 02-Mar-2021,1384.97,1394.9,1394.9,1394.89,1394.89,1394.89,1394.89,211,2.94,4, 210, 99.53
IIFL, EQ, 02-Mar-2021,283.85,285.35,289.4,281.0,284.45,284.8,285.27,565785,1614.04,8777, 388178, 68.61
IIFL, N3, 02-Mar-2021,1209.5,1200.0,1209.8,1200.0,1209.8,1209.8,1208.41,353,4.27,5, 353, 100.00
IIFL, N4, 02-Mar-2021,1025.9,1025.01,1025.01,1012.0,1014.9,1014.35,1016.28,3667,37.27,66, 3301, 90.02
IIFL, N5, 02-Mar-2021,1026.01,1028.0,1028.0,1026.0,1026.0,1026.0,1026.98,160,1.64,3, 160, 100.00
IIFL, N6, 02-Mar-2021,1024.71,1005.0,1025.0,1000.0,1025.0,1025.0,1017.67,330,3.36,6, 330, 100.00
IIFL, N9, 02-Mar-2021,1020.51,1020.51,1020.7,1020.51,1020.7,1020.7,1020.64,170,1.74,2, 170, 100.00
IIFL, NA, 02-Mar-2021,1146.1,1156.5,1156.5,1156.5,1156.5,1156.5,1156.5,185,2.14,2, 185, 100.00
IIFL, NC, 02-Mar-2021,1048.0,1054.0,1054.99,1005.1,1005.1,1005.1,1053.91,510,5.37,4, 500, 98.04
IIFLSEC, EQ, 02-Mar-2021,55.05,55.95,56.5,54.55,55.1,55.0,55.15,538204,296.84,2897, 291224, 54.11
IIFLWAM, EQ, 02-Mar-2021,1165.5,1171.35,1213.65,1167.95,1213.0,1210.1,1203.12,26080,313.77,2751, 19224, 73.71
IITL, EQ, 02-Mar-2021,58.05,62.0,62.0,58.15,60.5,60.15,60.22,1609,0.97,70, 973, 60.47
IL&FSENGG, BZ, 02-Mar-2021,3.4,3.5,3.5,3.3,3.35,3.35,3.36,26030,0.87,31, -, -
IL&FSTRANS, BZ, 02-Mar-2021,2.2,2.15,2.3,2.1,2.15,2.2,2.16,92439,2.0,75, -, -
IMAGICAA, EQ, 02-Mar-2021,6.8,6.9,7.45,6.7,7.2,7.25,7.25,1098947,79.72,1470, 716232, 65.17
IMFA, EQ, 02-Mar-2021,488.85,492.65,496.85,458.85,480.7,480.75,479.78,57100,273.95,3153, 29530, 51.72
IMPAL, EQ, 02-Mar-2021,696.65,697.05,698.9,676.0,688.5,692.3,690.12,4787,33.04,487, 3212, 67.10
IMPEXFERRO, BE, 02-Mar-2021,0.55,0.55,0.55,0.55,0.55,0.55,0.55,1910,0.01,6, -, -
INDBANK, EQ, 02-Mar-2021,14.75,14.75,15.1,14.3,14.4,14.5,14.54,179916,26.16,629, 103494, 57.52
INDHOTEL, EQ, 02-Mar-2021,121.55,121.6,123.1,120.0,121.0,120.75,121.22,3107195,3766.6,20149, 1746672, 56.21
INDIACEM, EQ, 02-Mar-2021,176.05,177.65,182.2,174.25,176.0,176.6,178.48,4412196,7874.91,34992, 1358036, 30.78
INDIAGLYCO, EQ, 02-Mar-2021,512.7,515.85,528.8,508.0,520.0,517.25,519.39,294480,1529.49,9056, 92841, 31.53
INDIAMART, EQ, 02-Mar-2021,8580.85,8652.45,8685.0,8115.3,8338.9,8304.6,8345.94,177607,14822.97,46980, 71301, 40.15
INDIANB, EQ, 02-Mar-2021,137.5,138.35,140.85,136.4,137.7,137.85,138.4,2694439,3729.21,20693, 561255, 20.83
INDIANCARD, EQ, 02-Mar-2021,132.95,133.05,143.0,133.05,143.0,141.15,140.15,20622,28.9,833, 7261, 35.21
INDIANHUME, EQ, 02-Mar-2021,188.2,189.8,191.0,186.95,188.75,188.0,189.07,38833,73.42,2468, 19779, 50.93
INDIGO, EQ, 02-Mar-2021,1674.7,1675.0,1698.9,1667.0,1687.9,1691.4,1685.63,907278,15293.32,36844, 206414, 22.75
INDIGOPNTS, EQ, 02-Mar-2021,2506.15,2529.0,2717.7,2508.0,2647.0,2640.5,2643.71,201061,5315.46,23283, 72440, 36.03
INDIGRID, IV, 02-Mar-2021,129.52,129.5,129.85,129.0,129.0,129.35,129.51,195615,253.35,104, 151389, 77.39
INDLMETER, EQ, 02-Mar-2021,15.5,16.2,16.25,15.95,16.25,16.25,16.22,2044,0.33,27, 1952, 95.50
INDNIPPON, EQ, 02-Mar-2021,406.1,414.0,416.95,396.05,405.0,403.4,407.6,12957,52.81,911, 6830, 52.71
INDOCO, EQ, 02-Mar-2021,297.8,299.3,299.7,292.55,297.0,295.55,296.35,75702,224.34,2948, 39161, 51.73
INDORAMA, EQ, 02-Mar-2021,36.05,36.15,36.85,35.7,36.3,36.4,36.34,33452,12.16,263, 23201, 69.36
INDOSOLAR, BZ, 02-Mar-2021,2.4,2.45,2.45,2.35,2.45,2.4,2.4,167230,4.01,215, -, -
INDOSTAR, EQ, 02-Mar-2021,331.85,330.3,339.3,324.35,328.7,327.55,327.25,75933,248.49,1631, 54142, 71.30
INDOTECH, EQ, 02-Mar-2021,101.8,103.85,103.85,100.25,101.55,101.4,101.99,28656,29.23,1199, 6046, 21.10
INDOTHAI, BE, 02-Mar-2021,52.9,51.05,52.35,50.45,51.25,51.6,51.23,19792,10.14,51, -, -
INDOWIND, BE, 02-Mar-2021,4.2,4.35,4.4,4.0,4.2,4.2,4.29,166197,7.13,276, -, -
INDRAMEDCO, EQ, 02-Mar-2021,53.5,53.5,54.0,53.4,53.65,53.7,53.72,101644,54.6,834, 53514, 52.65
INDSWFTLAB, EQ, 02-Mar-2021,75.8,78.2,78.2,74.15,75.15,74.65,75.09,59857,44.95,460, 45102, 75.35
INDTERRAIN, BE, 02-Mar-2021,36.15,36.75,36.75,35.9,36.3,36.0,36.12,87559,31.62,297, -, -
INDUSINDBK, EQ, 02-Mar-2021,1067.95,1075.0,1086.3,1060.0,1074.0,1073.35,1071.7,4917345,52699.33,99556, 1110502, 22.58
INDUSTOWER, EQ, 02-Mar-2021,252.25,254.95,259.3,251.4,257.0,257.5,255.23,3724070,9504.96,37809, 1820289, 48.88
INEOSSTYRO, EQ, 02-Mar-2021,976.7,982.0,984.0,963.1,975.0,971.2,971.05,24634,239.21,2849, 14309, 58.09
INFIBEAM, EQ, 02-Mar-2021,101.3,103.4,103.4,98.0,100.1,99.8,98.97,5171851,5118.44,16985, 3943316, 76.25
INFOBEAN, EQ, 02-Mar-2021,152.3,157.95,157.95,149.5,152.8,151.75,153.24,36843,56.46,539, 24729, 67.12
INFOMEDIA, BE, 02-Mar-2021,4.1,3.95,4.3,3.95,4.3,4.2,4.19,25714,1.08,35, -, -
INFRABEES, EQ, 02-Mar-2021,434.47,439.0,441.9,432.01,437.15,437.87,435.99,1537,6.7,70, 766, 49.84
INFY, EQ, 02-Mar-2021,1267.0,1282.25,1310.0,1279.2,1308.6,1304.5,1294.56,10461434,135429.28,182506, 6551888, 62.63
INGERRAND, EQ, 02-Mar-2021,741.65,747.95,748.5,735.0,740.0,742.45,742.21,21645,160.65,2937, 10869, 50.21
INNOVANA, SM, 02-Mar-2021,90.95,86.45,90.9,86.45,87.0,87.0,88.03,6000,5.28,6, 4000, 66.67
INNOVATIVE, SM, 02-Mar-2021,8.6,8.65,8.65,8.6,8.65,8.65,8.64,12000,1.04,3, 12000, 100.00
INOXLEISUR, EQ, 02-Mar-2021,308.65,310.0,316.55,309.9,316.35,316.05,313.61,366431,1149.15,9063, 164365, 44.86
INOXWIND, EQ, 02-Mar-2021,69.05,69.9,71.5,69.1,71.0,70.8,70.6,175048,123.59,2224, 85530, 48.86
INSECTICID, EQ, 02-Mar-2021,455.5,457.8,464.55,455.85,458.9,458.2,458.75,66721,306.08,1497, 56348, 84.45
INSPIRISYS, EQ, 02-Mar-2021,37.15,36.2,37.95,36.1,37.0,36.95,37.31,8925,3.33,151, 6470, 72.49
INTEGRA, BE, 02-Mar-2021,2.15,2.15,2.25,2.05,2.25,2.25,2.22,16930,0.38,19, -, -
INTELLECT, EQ, 02-Mar-2021,426.8,431.0,440.0,424.95,432.15,435.95,432.15,520084,2247.54,7747, 400206, 76.95
INTENTECH, EQ, 02-Mar-2021,36.05,37.65,37.65,35.1,35.65,35.7,35.82,20541,7.36,281, 11770, 57.30
INVENTURE, EQ, 02-Mar-2021,20.65,20.95,24.75,20.6,24.75,24.75,23.89,686364,164.0,2072, 271411, 39.54
IOB, EQ, 02-Mar-2021,17.8,18.0,18.0,17.05,17.15,17.2,17.4,10736661,1868.42,13693, 4930543, 45.92
IOC, EQ, 02-Mar-2021,100.7,102.25,104.1,101.75,102.3,102.2,102.83,45720247,47016.11,130480, 9442434, 20.65
IOLCP, EQ, 02-Mar-2021,548.4,554.0,658.05,546.15,658.05,658.05,617.75,3324330,20536.0,96104, 815774, 24.54
IPCALAB, EQ, 02-Mar-2021,1903.1,1925.0,1929.0,1851.5,1901.0,1907.05,1877.28,345257,6481.43,26956, 198799, 57.58
IRB, EQ, 02-Mar-2021,107.1,107.95,114.0,107.6,112.5,112.75,111.97,3931007,4401.53,31759, 1232791, 31.36
IRBINVIT, IV, 02-Mar-2021,54.97,55.05,55.05,54.8,55.0,54.97,54.97,437500,240.48,142, 410000, 93.71
IRCON, EQ, 02-Mar-2021,96.15,96.7,100.65,96.5,98.0,97.9,98.8,4186728,4136.6,25614, 1242935, 29.69
IRCTC, EQ, 02-Mar-2021,1938.45,1970.5,1988.0,1870.05,1899.0,1897.65,1918.04,5559277,106629.43,255659, 978840, 17.61
IREDA, N5, 02-Mar-2021,1284.82,1259.0,1268.99,1250.59,1266.64,1265.46,1256.1,419,5.26,18, 415, 99.05
IREDA, N7, 02-Mar-2021,1215.25,1210.0,1220.0,1210.0,1215.0,1215.0,1217.54,1005,12.24,15, 1005, 100.00
IRFC, EQ, 02-Mar-2021,25.9,26.1,26.3,25.45,25.7,25.65,25.9,48494934,12562.02,63877, 20010437, 41.26
IRFC, N1, 02-Mar-2021,1064.0,1065.0,1068.97,1061.05,1068.97,1068.97,1064.4,284,3.02,11, 284, 100.00
IRFC, N2, 02-Mar-2021,1212.0,1218.0,1218.0,1215.0,1215.0,1215.0,1217.13,705,8.58,2, 705, 100.00
IRFC, N3, 02-Mar-2021,1075.5,1070.5,1077.5,1070.5,1076.5,1075.42,1073.28,248,2.66,7, 218, 87.90
IRFC, N5, 02-Mar-2021,1195.0,1065.0,1246.0,1065.0,1153.0,1153.0,1096.25,104,1.14,17, 47, 45.19
IRFC, N6, 02-Mar-2021,1378.5,1165.0,1165.0,1165.0,1165.0,1165.0,1165.0,50,0.58,1, 50, 100.00
IRFC, N9, 02-Mar-2021,1210.1,1210.0,1210.0,1210.0,1210.0,1210.0,1210.0,11,0.13,2, 11, 100.00
IRFC, NA, 02-Mar-2021,1371.99,1372.0,1372.0,1372.0,1372.0,1372.0,1372.0,205,2.81,2, 205, 100.00
IRFC, NE, 02-Mar-2021,1407.67,1415.0,1425.0,1360.32,1425.0,1421.31,1418.95,758,10.76,12, 729, 96.17
IRFC, NI, 02-Mar-2021,1126.0,1130.0,1134.0,1130.0,1133.0,1133.0,1132.69,130,1.47,8, 130, 100.00
IRFC, NJ, 02-Mar-2021,1234.59,1235.0,1235.0,1235.0,1235.0,1235.0,1235.0,104,1.28,2, 104, 100.00
IRFC, NO, 02-Mar-2021,1247.1,1251.0,1251.0,1251.0,1251.0,1251.0,1251.0,1000,12.51,1, 1000, 100.00
IRISDOREME, EQ, 02-Mar-2021,135.55,142.3,142.3,128.8,128.8,128.8,135.5,72846,98.71,1126, 47755, 65.56
ISEC, EQ, 02-Mar-2021,403.75,405.1,408.4,402.6,404.5,405.9,405.21,349178,1414.91,12083, 191829, 54.94
ISFT, EQ, 02-Mar-2021,66.85,65.5,68.7,64.65,65.1,66.65,66.49,7600,5.05,193, 4827, 63.51
ISMTLTD, EQ, 02-Mar-2021,10.45,10.85,10.85,10.15,10.25,10.25,10.35,176900,18.3,275, 111602, 63.09
ITC, EQ, 02-Mar-2021,206.9,207.0,210.8,206.5,210.0,209.9,209.53,25604169,53649.09,147297, 9434407, 36.85
ITDC, EQ, 02-Mar-2021,325.9,328.0,336.0,322.05,324.3,323.35,327.65,128578,421.29,3759, 40546, 31.53
ITDCEM, EQ, 02-Mar-2021,82.25,82.1,82.85,79.5,79.9,79.85,80.79,673819,544.35,6146, 351856, 52.22
ITI, EQ, 02-Mar-2021,127.4,131.0,134.0,130.05,130.4,130.9,131.33,2198769,2887.53,20366, 581498, 26.45
IVC, EQ, 02-Mar-2021,4.5,4.6,4.6,4.4,4.45,4.45,4.48,124763,5.59,280, 87790, 70.37
IVP, BE, 02-Mar-2021,132.2,138.8,138.8,126.1,130.15,131.55,133.29,2472,3.3,42, -, -
IVZINGOLD, EQ, 02-Mar-2021,4188.0,4180.0,4227.95,4097.95,4100.0,4114.65,4105.61,139,5.71,36, 118, 84.89
IVZINNIFTY, EQ, 02-Mar-2021,1572.31,1619.47,1620.0,1553.94,1620.0,1613.33,1600.13,496,7.94,42, 291, 58.67
IZMO, EQ, 02-Mar-2021,58.7,59.45,59.45,57.5,57.55,57.65,58.22,26909,15.67,323, 23097, 85.83
J&KBANK, EQ, 02-Mar-2021,28.95,28.95,29.25,28.75,29.1,28.9,28.97,1565545,453.57,3808, 951462, 60.78
JAGRAN, EQ, 02-Mar-2021,61.1,61.95,63.4,55.65,56.4,57.25,59.12,2702507,1597.7,17374, 1166894, 43.18
JAGSNPHARM, EQ, 02-Mar-2021,89.1,90.55,94.85,88.4,88.55,88.85,90.56,417853,378.41,7989, 84342, 20.18
JAIBALAJI, BE, 02-Mar-2021,29.65,31.0,31.1,30.1,31.1,31.1,31.07,118375,36.78,153, -, -
JAICORPLTD, EQ, 02-Mar-2021,92.3,93.0,109.2,92.5,105.5,105.5,103.35,17780690,18376.66,125280, 3135599, 17.63
JAINSTUDIO, BZ, 02-Mar-2021,2.25,2.15,2.15,2.15,2.15,2.15,2.15,610,0.01,3, -, -
JAMNAAUTO, EQ, 02-Mar-2021,68.25,68.75,70.5,68.55,69.0,68.9,69.36,1010246,700.75,8402, 409478, 40.53
JASH, EQ, 02-Mar-2021,290.6,296.0,296.85,276.0,290.0,287.8,285.2,29292,83.54,721, 16260, 55.51
JAYAGROGN, EQ, 02-Mar-2021,141.75,142.6,146.0,138.95,141.0,141.5,142.61,32007,45.64,700, 18019, 56.30
JAYBARMARU, EQ, 02-Mar-2021,238.5,240.5,244.75,238.65,241.8,242.6,242.15,31817,77.04,1831, 13719, 43.12
JAYNECOIND, EQ, 02-Mar-2021,8.45,8.85,8.85,8.85,8.85,8.85,8.85,58297,5.16,38, 58292, 99.99
JAYSREETEA, EQ, 02-Mar-2021,71.6,71.7,75.5,71.55,74.1,74.25,73.51,509857,374.77,5730, 307994, 60.41
JBCHEPHARM, EQ, 02-Mar-2021,1143.7,1174.0,1224.0,1141.0,1200.0,1206.65,1191.68,372320,4436.85,22026, 220442, 59.21
JBFIND, EQ, 02-Mar-2021,12.05,12.55,12.55,11.9,12.05,12.0,12.05,251799,30.35,528, 191591, 76.09
JBMA, EQ, 02-Mar-2021,432.55,434.8,434.8,423.3,424.4,426.45,426.8,29039,123.94,1870, 12861, 44.29
JCHAC, EQ, 02-Mar-2021,2732.0,2777.0,2837.9,2717.05,2772.6,2801.8,2778.72,37234,1034.63,6550, 12116, 32.54
JETAIRWAYS, BZ, 02-Mar-2021,129.5,129.5,129.55,123.05,123.05,123.05,123.62,88895,109.89,2913, -, -
JETKNIT, SM, 02-Mar-2021,19.85,19.85,19.85,19.85,19.85,19.85,19.85,1500,0.3,1, 1500, 100.00
JHS, BE, 02-Mar-2021,24.25,24.9,24.9,23.2,23.9,23.75,23.82,31833,7.58,142, -, -
JIKIND, BE, 02-Mar-2021,0.3,0.3,0.35,0.25,0.25,0.25,0.31,6628,0.02,13, -, -
JINDALPHOT, EQ, 02-Mar-2021,36.0,35.6,37.0,35.6,36.0,36.0,36.15,6675,2.41,56, 4804, 71.97
JINDALPOLY, EQ, 02-Mar-2021,499.7,505.0,544.05,505.0,540.0,540.45,533.71,480456,2564.25,15389, 196350, 40.87
JINDALSAW, EQ, 02-Mar-2021,79.7,80.3,81.5,78.9,79.7,79.95,80.45,1895156,1524.68,9680, 670972, 35.40
JINDALSTEL, EQ, 02-Mar-2021,345.4,346.25,346.25,335.35,338.3,338.3,339.35,7687364,26087.04,72899, 2766519, 35.99
JINDRILL, EQ, 02-Mar-2021,96.75,98.0,98.5,92.8,93.7,93.1,94.39,39300,37.1,619, 29794, 75.81
JINDWORLD, EQ, 02-Mar-2021,55.8,56.6,57.5,54.4,56.1,55.3,56.07,163711,91.79,1482, 36606, 22.36
JISLDVREQS, BE, 02-Mar-2021,12.45,12.5,13.05,12.15,13.05,13.05,12.81,38116,4.88,120, -, -
JISLJALEQS, EQ, 02-Mar-2021,18.3,18.6,20.1,18.5,20.1,20.1,19.63,5307201,1041.67,4089, 3242797, 61.10
JITFINFRA, BE, 02-Mar-2021,9.9,10.0,10.0,9.45,9.45,9.45,9.62,8494,0.82,40, -, -
JIYAECO, BE, 02-Mar-2021,6.3,6.45,6.45,6.2,6.3,6.35,6.33,18255,1.16,78, -, -
JKCEMENT, EQ, 02-Mar-2021,2660.65,2684.15,2684.15,2622.0,2635.0,2631.0,2651.92,50478,1338.64,6336, 24164, 47.87
JKIL, EQ, 02-Mar-2021,188.45,190.2,198.9,190.2,192.4,193.1,194.95,249346,486.09,9205, 110826, 44.45
JKLAKSHMI, EQ, 02-Mar-2021,394.0,399.5,439.3,398.2,430.45,431.2,423.48,1713135,7254.8,47169, 827733, 48.32
JKPAPER, EQ, 02-Mar-2021,146.3,146.4,161.9,146.4,161.0,160.0,156.13,5220940,8151.26,44509, 1509874, 28.92
JKTYRE, EQ, 02-Mar-2021,126.45,127.0,127.4,123.2,125.25,124.9,125.35,1897237,2378.19,13360, 719115, 37.90
JMA, EQ, 02-Mar-2021,34.75,36.0,36.0,34.2,34.35,34.45,34.77,5597,1.95,74, 3717, 66.41
JMCPROJECT, EQ, 02-Mar-2021,76.4,76.5,77.0,74.5,76.95,76.25,75.73,152098,115.18,2246, 83815, 55.11
JMFINANCIL, EQ, 02-Mar-2021,91.5,92.0,93.1,91.8,92.5,92.65,92.53,1042991,965.04,4854, 693829, 66.52
JMTAUTOLTD, BE, 02-Mar-2021,2.8,2.8,2.85,2.7,2.75,2.75,2.75,248569,6.82,449, -, -
JOCIL, EQ, 02-Mar-2021,159.05,164.0,164.0,157.65,159.3,158.4,159.88,16256,25.99,364, 10296, 63.34
JPASSOCIAT, EQ, 02-Mar-2021,8.85,9.25,9.25,9.15,9.25,9.25,9.25,22616648,2091.88,4160, 11117288, 49.16
JPINFRATEC, EQ, 02-Mar-2021,1.7,1.75,1.75,1.75,1.75,1.75,1.75,116063,2.03,130, 115933, 99.89
JPPOWER, EQ, 02-Mar-2021,2.85,2.95,2.95,2.9,2.95,2.95,2.94,12650710,372.49,4303, 7338247, 58.01
JSL, EQ, 02-Mar-2021,70.25,70.85,71.45,69.75,70.35,70.05,70.4,507397,357.22,3433, 285731, 56.31
JSLHISAR, EQ, 02-Mar-2021,123.15,123.05,124.4,121.55,122.8,122.4,122.5,268337,328.7,3254, 151187, 56.34
JSWENERGY, EQ, 02-Mar-2021,74.3,76.0,88.5,76.0,88.0,86.2,82.85,37918014,31414.03,129016, 7907820, 20.86
JSWHL, EQ, 02-Mar-2021,3720.4,3750.0,3780.0,3678.0,3748.3,3720.7,3737.19,1400,52.32,787, 275, 19.64
JSWISPL, EQ, 02-Mar-2021,27.7,27.95,27.95,26.75,27.0,27.0,27.14,537692,145.92,1151, 383314, 71.29
JSWSTEEL, EQ, 02-Mar-2021,405.1,406.8,414.95,401.0,412.25,413.3,408.73,5055665,20664.04,56226, 1000941, 19.80
JTEKTINDIA, EQ, 02-Mar-2021,88.8,89.5,90.9,88.3,89.0,89.0,89.29,209414,186.98,6673, 122206, 58.36
JUBLFOOD, EQ, 02-Mar-2021,3037.4,3050.7,3129.9,3050.65,3122.0,3121.5,3097.96,634423,19654.14,44380, 170684, 26.90
JUBLINDS, EQ, 02-Mar-2021,213.65,213.5,214.5,205.0,210.3,209.8,210.21,56592,118.96,1620, 32261, 57.01
JUBLPHARMA, EQ, 02-Mar-2021,781.25,786.4,786.4,764.95,777.55,774.1,770.87,110241,849.82,5179, 74831, 67.88
JUMPNET, EQ, 02-Mar-2021,13.35,13.1,13.1,13.1,13.1,13.1,13.1,51792,6.78,169, 51792, 100.00
JUNIORBEES, EQ, 02-Mar-2021,361.41,368.0,368.74,354.0,368.58,368.04,365.55,49110,179.52,3659, 32653, 66.49
JUSTDIAL, EQ, 02-Mar-2021,810.1,814.7,972.1,810.5,972.1,965.45,915.93,12625353,115639.77,321588, 1578838, 12.51
JYOTHYLAB, EQ, 02-Mar-2021,147.9,148.25,154.5,148.25,150.2,151.2,151.99,979586,1488.9,16440, 435383, 44.45
JYOTISTRUC, BZ, 02-Mar-2021,4.55,4.45,4.65,4.35,4.35,4.4,4.37,110316,4.82,73, -, -
KABRAEXTRU, EQ, 02-Mar-2021,150.0,149.05,157.3,143.1,145.0,144.5,149.73,277666,415.76,11545, 111866, 40.29
KAJARIACER, EQ, 02-Mar-2021,937.4,945.0,974.95,935.0,965.7,961.9,954.53,328514,3135.75,11627, 230955, 70.30
KAKATCEM, EQ, 02-Mar-2021,176.65,179.65,194.25,175.35,184.0,184.3,185.53,73530,136.42,2042, 30479, 41.45
KALPATPOWR, EQ, 02-Mar-2021,387.95,389.75,394.0,385.3,392.5,391.3,391.05,208286,814.49,6255, 126302, 60.64
KALYANIFRG, BE, 02-Mar-2021,190.05,194.0,199.55,185.5,192.4,192.9,195.11,2564,5.0,50, -, -
KAMATHOTEL, EQ, 02-Mar-2021,33.85,34.45,34.45,33.55,33.9,33.85,33.95,39425,13.38,279, 28982, 73.51
KAMDHENU, EQ, 02-Mar-2021,133.4,135.7,147.95,135.0,142.9,142.2,142.41,531932,757.54,4872, 385113, 72.40
KANANIIND, EQ, 02-Mar-2021,4.65,4.8,4.8,4.45,4.45,4.45,4.55,17838,0.81,54, 10859, 60.88
KANORICHEM, BE, 02-Mar-2021,84.55,85.0,87.4,83.0,84.05,84.35,85.12,39600,33.71,294, -, -
KANPRPLA, EQ, 02-Mar-2021,132.2,132.85,132.9,128.0,128.9,128.8,129.85,19827,25.75,534, 14624, 73.76
KANSAINER, EQ, 02-Mar-2021,561.3,563.5,572.95,562.35,568.0,571.05,567.61,93689,531.79,5464, 43893, 46.85
KAPSTON, BE, 02-Mar-2021,102.45,97.35,107.55,97.35,107.0,106.6,105.01,5039,5.29,64, -, -
KARDA, EQ, 02-Mar-2021,115.5,118.0,121.25,115.8,121.25,121.2,120.27,380620,457.77,834, 263779, 69.30
KARMAENG, BE, 02-Mar-2021,15.7,16.4,16.4,15.05,16.3,16.25,16.13,2413,0.39,41, -, -
KARURVYSYA, EQ, 02-Mar-2021,58.85,59.1,60.4,58.75,59.25,59.2,59.59,1061766,632.72,7843, 557439, 52.50
KAUSHALYA, EQ, 02-Mar-2021,1.8,1.8,1.85,1.75,1.75,1.75,1.79,18457,0.33,47, 18094, 98.03
KAYA, EQ, 02-Mar-2021,310.7,310.0,314.0,305.6,309.8,309.4,311.0,32105,99.85,8192, 6634, 20.66
KCP, EQ, 02-Mar-2021,80.95,81.85,83.55,78.25,78.75,78.9,80.73,438563,354.04,5330, 243512, 55.52
KCPSUGIND, EQ, 02-Mar-2021,16.05,16.1,16.8,15.95,16.3,16.25,16.42,629545,103.38,1654, 260799, 41.43
KDDL, EQ, 02-Mar-2021,316.1,322.45,322.45,302.05,306.0,305.4,309.6,6331,19.6,283, 3771, 59.56
KEC, EQ, 02-Mar-2021,451.3,461.95,473.4,454.3,462.75,463.05,464.2,493596,2291.27,15670, 219371, 44.44
KECL, EQ, 02-Mar-2021,13.5,14.0,14.4,13.3,13.5,13.5,13.57,89452,12.14,374, 71985, 80.47
KEERTI, EQ, 02-Mar-2021,25.2,25.45,25.6,24.0,24.5,24.55,25.07,149374,37.44,585, 81243, 54.39
KEI, EQ, 02-Mar-2021,494.1,495.9,500.0,492.95,498.1,496.55,495.54,189438,938.74,5001, 150352, 79.37
KELLTONTEC, EQ, 02-Mar-2021,74.3,75.0,75.1,73.3,74.0,73.8,74.03,624993,462.66,3850, 311993, 49.92
KENNAMET, EQ, 02-Mar-2021,1100.6,1111.0,1139.45,1101.05,1101.1,1118.3,1117.97,8099,90.54,771, 3444, 42.52
KERNEX, BE, 02-Mar-2021,31.15,31.0,32.7,29.8,30.5,31.35,31.13,29416,9.16,133, -, -
KESORAMIND, EQ, 02-Mar-2021,78.25,79.75,82.3,77.5,78.5,78.15,79.47,1783475,1417.25,14559, 790147, 44.30
KEYFINSERV, EQ, 02-Mar-2021,61.55,62.05,63.0,59.95,60.75,60.85,61.23,683,0.42,33, 496, 72.62
KGL, BZ, 02-Mar-2021,0.25,0.3,0.3,0.25,0.3,0.3,0.29,1123669,3.29,149, -, -
KHADIM, EQ, 02-Mar-2021,165.05,165.5,182.0,165.5,181.0,180.05,175.59,664225,1166.29,9879, 360067, 54.21
KHAICHEM, EQ, 02-Mar-2021,26.75,27.3,27.3,25.0,25.4,25.4,25.75,388412,100.01,3608, 186006, 47.89
KHANDSE, EQ, 02-Mar-2021,14.15,14.15,14.15,14.15,14.15,14.15,14.15,1,0.0,1, 1, 100.00
KHFM, SM, 02-Mar-2021,40.95,40.1,41.9,40.0,41.9,41.85,41.66,57000,23.74,5, 54000, 94.74
KICL, EQ, 02-Mar-2021,1590.35,1611.1,1611.1,1586.0,1598.3,1598.95,1600.42,981,15.7,211, 706, 71.97
KILITCH, EQ, 02-Mar-2021,88.8,89.9,90.5,87.9,88.0,88.4,88.66,20824,18.46,185, 18569, 89.17
KINGFA, EQ, 02-Mar-2021,627.0,632.9,645.85,607.25,618.25,615.75,626.05,20149,126.14,1961, 7628, 37.86
KIOCL, EQ, 02-Mar-2021,166.9,173.0,183.55,171.1,183.55,183.55,180.26,893085,1609.91,9466, 295322, 33.07
KIRIINDUS, EQ, 02-Mar-2021,465.3,468.0,469.0,457.0,458.0,459.35,462.37,104017,480.95,3013, 53224, 51.17
KIRLFER, EQ, 02-Mar-2021,157.65,158.25,174.15,156.85,170.0,169.5,167.82,506286,849.65,13515, 250295, 49.44
KIRLOSBROS, EQ, 02-Mar-2021,154.3,155.35,166.9,155.35,165.8,165.6,162.55,189870,308.63,2719, 130824, 68.90
KIRLOSENG, EQ, 02-Mar-2021,160.0,160.8,163.8,159.65,162.6,162.3,161.57,139254,224.99,4073, 77893, 55.94
KIRLOSIND, EQ, 02-Mar-2021,1220.05,1220.9,1250.0,1180.0,1245.0,1235.45,1211.05,4862,58.88,725, 2790, 57.38
KITEX, EQ, 02-Mar-2021,106.2,106.5,107.45,105.75,106.15,106.3,106.47,86612,92.22,1397, 54247, 62.63
KKCL, EQ, 02-Mar-2021,917.9,913.6,921.05,901.15,904.0,907.9,915.84,1018,9.32,269, 368, 36.15
KMSUGAR, EQ, 02-Mar-2021,10.95,11.05,11.45,10.95,11.1,11.15,11.21,176868,19.83,303, 72718, 41.11
KNRCON, EQ, 02-Mar-2021,208.4,209.8,210.25,207.0,208.8,208.5,208.26,359464,748.63,7111, 180017, 50.08
KOKUYOCMLN, EQ, 02-Mar-2021,63.95,64.0,65.65,63.8,64.8,64.7,64.57,278276,179.69,3071, 129688, 46.60
KOLTEPATIL, EQ, 02-Mar-2021,244.05,246.0,251.7,242.0,248.0,247.85,247.47,116155,287.45,4227, 43788, 37.70
KOPRAN, EQ, 02-Mar-2021,117.95,119.45,120.6,115.15,116.1,115.95,116.64,327097,381.52,4564, 223059, 68.19
KOTAKBANK, EQ, 02-Mar-2021,1845.4,1845.0,1868.4,1820.1,1851.2,1844.65,1840.17,3837149,70610.16,105084, 2253657, 58.73
KOTAKBKETF, EQ, 02-Mar-2021,355.24,370.0,370.0,352.62,358.0,357.13,355.78,427318,1520.32,892, 223252, 52.24
KOTAKGOLD, EQ, 02-Mar-2021,403.15,398.4,402.75,396.6,398.5,397.85,398.02,103408,411.58,3074, 71486, 69.13
KOTAKNIFTY, EQ, 02-Mar-2021,154.46,150.0,156.78,150.0,156.75,155.98,155.59,36517,56.82,530, 10239, 28.04
KOTAKNV20, EQ, 02-Mar-2021,76.89,77.5,78.25,76.01,78.25,78.22,77.55,3239,2.51,105, 2225, 68.69
KOTAKPSUBK, EQ, 02-Mar-2021,232.36,236.99,236.99,232.1,232.6,232.81,234.44,16215,38.02,338, 7994, 49.30
KOTARISUG, EQ, 02-Mar-2021,25.6,25.95,26.3,23.3,25.25,25.35,25.41,156387,39.74,669, 75648, 48.37
KOTHARIPET, EQ, 02-Mar-2021,29.6,31.5,31.75,27.0,27.55,28.05,28.76,401468,115.46,2156, 208989, 52.06
KOTHARIPRO, EQ, 02-Mar-2021,70.4,71.95,72.7,68.6,70.0,69.95,70.13,23867,16.74,492, 12616, 52.86
KPITTECH, EQ, 02-Mar-2021,142.5,142.5,144.55,141.1,141.9,141.7,142.32,370431,527.22,6115, 168192, 45.40
KPRMILL, EQ, 02-Mar-2021,978.2,993.45,1018.95,944.4,962.0,958.35,988.48,146326,1446.4,12093, 59152, 40.42
KRBL, EQ, 02-Mar-2021,194.7,197.4,203.85,195.05,201.15,201.4,198.88,674901,1342.26,13342, 291841, 43.24
KREBSBIO, EQ, 02-Mar-2021,112.3,111.0,112.1,109.05,110.4,109.95,110.38,14652,16.17,358, 9087, 62.02
KRIDHANINF, EQ, 02-Mar-2021,3.9,4.25,4.25,4.25,4.25,4.25,4.25,164952,7.01,176, 149947, 90.90
KRISHANA, EQ, 02-Mar-2021,72.4,72.25,75.0,68.3,74.0,72.55,70.64,2741,1.94,70, 1151, 41.99
KRITIKA, SM, 02-Mar-2021,38.5,37.0,37.8,37.0,37.8,37.8,37.4,8000,2.99,2, 8000, 100.00
KSB, EQ, 02-Mar-2021,732.85,740.0,772.0,724.1,767.05,764.95,749.51,97963,734.25,10704, 52521, 53.61
KSCL, EQ, 02-Mar-2021,517.2,519.9,534.0,519.9,523.6,524.25,528.09,266268,1406.14,7874, 122364, 45.96
KSHITIJPOL, SM, 02-Mar-2021,24.65,26.45,26.45,26.45,26.45,26.45,26.45,4000,1.06,1, 4000, 100.00
KSL, EQ, 02-Mar-2021,329.2,328.05,331.9,318.0,318.8,318.8,323.75,105072,340.17,4022, 51195, 48.72
KTKBANK, EQ, 02-Mar-2021,67.8,68.45,68.7,67.7,67.8,67.9,68.15,1417722,966.17,5917, 641014, 45.21
KUANTUM, EQ, 02-Mar-2021,53.85,53.1,59.95,53.0,56.8,57.05,56.7,169728,96.23,1099, 49938, 29.42
L&TFH, EQ, 02-Mar-2021,107.2,107.9,109.4,106.5,107.0,107.0,107.54,15436767,16601.31,59660, 2962976, 19.19
L&TFINANCE, N7, 02-Mar-2021,1004.15,1020.0,1020.0,1004.0,1004.0,1006.16,1011.89,514,5.2,17, 471, 91.63
L&TFINANCE, NC, 02-Mar-2021,1085.0,1085.0,1085.0,1075.0,1075.0,1076.7,1076.73,366,3.94,3, 366, 100.00
L&TFINANCE, NG, 02-Mar-2021,1157.21,1155.95,1163.0,1155.95,1163.0,1163.0,1159.02,115,1.33,2, 115, 100.00
L&TFINANCE, NU, 02-Mar-2021,1160.0,1170.0,1170.01,1170.0,1170.01,1170.01,1170.01,244,2.85,3, 244, 100.00
L&TFINANCE, NW, 02-Mar-2021,1125.0,1140.0,1149.9,1140.0,1149.9,1149.9,1141.32,30,0.34,3, 30, 100.00
L&TFINANCE, Y5, 02-Mar-2021,1052.71,1055.0,1055.0,1055.0,1055.0,1055.0,1055.0,215,2.27,4, 215, 100.00
L&TFINANCE, Y7, 02-Mar-2021,1075.47,1078.0,1078.0,1078.0,1078.0,1078.0,1078.0,10,0.11,1, 10, 100.00
L&TFINANCE, Y9, 02-Mar-2021,1081.9,1076.1,1076.1,1075.2,1075.2,1075.2,1075.8,30,0.32,3, 30, 100.00
L&TINFRA, N5, 02-Mar-2021,1077.9,1077.9,1077.9,1076.0,1076.0,1076.0,1076.06,305,3.28,5, 305, 100.00
L&TINFRA, N6, 02-Mar-2021,2206.25,2207.5,2208.1,2205.13,2208.1,2207.9,2206.59,390,8.61,32, 387, 99.23
LAKPRE, BZ, 02-Mar-2021,5.1,5.15,5.15,4.85,4.85,4.85,4.86,1725,0.08,10, -, -
LALPATHLAB, EQ, 02-Mar-2021,2335.9,2346.0,2368.75,2301.65,2341.0,2336.3,2328.22,120203,2798.59,13927, 31113, 25.88
LAMBODHARA, EQ, 02-Mar-2021,46.4,45.6,48.2,45.6,47.95,47.55,47.4,23708,11.24,435, 12932, 54.55
LAOPALA, EQ, 02-Mar-2021,221.1,220.0,224.9,218.0,221.9,222.2,220.42,107262,236.42,2766, 67184, 62.64
LASA, EQ, 02-Mar-2021,67.25,67.65,74.9,67.35,73.7,73.85,71.81,497521,357.25,9297, 163977, 32.96
LAURUSLABS, EQ, 02-Mar-2021,363.7,365.5,368.5,358.45,362.5,362.05,363.79,2619449,9529.39,29424, 1568151, 59.87
LAXMIMACH, EQ, 02-Mar-2021,6397.2,6386.0,6578.5,6386.0,6480.0,6465.75,6487.59,12572,815.62,3908, 7550, 60.05
LEMONTREE, EQ, 02-Mar-2021,40.65,41.0,41.0,40.2,40.55,40.55,40.63,900680,365.9,4086, 539863, 59.94
LEXUS, SM, 02-Mar-2021,18.0,17.75,17.75,17.75,17.75,17.75,17.75,5000,0.89,1, 5000, 100.00
LFIC, EQ, 02-Mar-2021,79.2,79.95,84.0,78.35,83.0,81.05,79.47,879,0.7,39, 621, 70.65
LGBBROSLTD, EQ, 02-Mar-2021,310.45,314.1,320.0,311.85,318.55,317.5,316.85,53661,170.03,1828, 28549, 53.20
LGBFORGE, BE, 02-Mar-2021,4.05,4.2,4.2,3.9,4.0,4.0,4.04,70543,2.85,89, -, -
LIBAS, BE, 02-Mar-2021,44.0,44.0,45.0,42.3,43.0,43.3,43.84,8968,3.93,72, -, -
LIBERTSHOE, EQ, 02-Mar-2021,144.1,144.85,146.2,142.95,144.05,144.0,144.61,144155,208.46,2326, 52676, 36.54
LICHSGFIN, EQ, 02-Mar-2021,433.2,435.0,443.55,434.2,441.15,441.45,439.46,3428247,15065.71,51958, 753605, 21.98
LICNETFGSC, EQ, 02-Mar-2021,21.62,21.77,22.03,21.45,21.8,21.79,21.73,2578,0.56,120, 1736, 67.34
LICNETFN50, EQ, 02-Mar-2021,159.56,162.75,163.0,156.4,157.26,157.39,158.31,472,0.75,173, 309, 65.47
LICNETFSEN, EQ, 02-Mar-2021,537.05,540.0,544.9,533.1,534.0,536.94,538.03,630,3.39,70, 66, 10.48
LICNFNHGP, EQ, 02-Mar-2021,150.4,151.6,153.98,150.05,152.95,152.91,152.78,397,0.61,53, 390, 98.24
LIKHITHA, EQ, 02-Mar-2021,278.55,281.3,283.0,274.25,278.0,279.8,279.23,116742,325.98,1931, 54755, 46.90
LINCOLN, EQ, 02-Mar-2021,234.75,235.7,242.8,234.95,237.95,236.95,238.94,239477,572.2,5303, 104721, 43.73
LINCPEN, EQ, 02-Mar-2021,171.25,171.25,171.5,168.15,168.6,169.3,169.93,4427,7.52,195, 3131, 70.73
LINDEINDIA, EQ, 02-Mar-2021,1642.95,1656.0,1795.0,1645.0,1710.0,1721.65,1731.87,194528,3368.98,13541, 76890, 39.53
LIQUIDBEES, EQ, 02-Mar-2021,999.99,1000.0,1000.01,999.32,1000.01,999.99,1000.0,813365,8133.63,3910, 567753, 69.80
LIQUIDETF, EQ, 02-Mar-2021,999.99,1000.04,1000.04,999.99,1000.0,1000.0,1000.0,23895,238.95,97, 22041, 92.24
LOKESHMACH, BE, 02-Mar-2021,35.75,35.05,36.9,35.05,36.4,36.3,36.01,8186,2.95,49, -, -
LOTUSEYE, EQ, 02-Mar-2021,34.75,35.8,39.0,34.15,37.35,37.0,36.41,13781,5.02,183, 10492, 76.13
LOVABLE, EQ, 02-Mar-2021,88.9,88.25,90.45,87.25,88.45,88.35,88.82,29654,26.34,675, 17117, 57.72
LPDC, BE, 02-Mar-2021,2.0,2.0,2.1,1.9,2.0,2.0,2.0,14551,0.29,49, -, -
LSIL, EQ, 02-Mar-2021,1.05,1.05,1.15,1.05,1.15,1.15,1.09,6511759,71.3,2975, 5209464, 80.00
LT, EQ, 02-Mar-2021,1472.85,1479.3,1489.65,1458.15,1486.05,1485.65,1479.22,2089473,30907.94,89535, 1065183, 50.98
LTI, EQ, 02-Mar-2021,3608.05,3640.55,3894.0,3627.0,3880.0,3832.8,3760.49,394399,14831.33,46414, 143616, 36.41
LTTS, EQ, 02-Mar-2021,2578.05,2575.0,2760.4,2565.0,2760.0,2729.8,2679.4,385403,10326.48,30007, 153417, 39.81
LUMAXIND, EQ, 02-Mar-2021,1513.2,1490.0,1650.0,1490.0,1640.0,1636.15,1601.25,38292,613.15,4190, 26198, 68.42
LUMAXTECH, EQ, 02-Mar-2021,142.85,145.5,149.9,141.95,148.0,147.65,147.08,278294,409.32,9921, 126671, 45.52
LUPIN, EQ, 02-Mar-2021,1023.15,1026.8,1057.6,1026.8,1052.0,1054.6,1044.64,2072406,21649.26,41553, 531165, 25.63
LUXIND, EQ, 02-Mar-2021,1749.0,1760.5,1771.3,1739.9,1765.0,1758.05,1755.42,33041,580.01,2649, 7711, 23.34
LYKALABS, BE, 02-Mar-2021,30.7,30.75,31.0,30.2,30.75,30.35,30.37,24889,7.56,102, -, -
LYPSAGEMS, EQ, 02-Mar-2021,5.05,5.1,5.3,5.1,5.3,5.3,5.26,32094,1.69,89, 27803, 86.63
M&M, EQ, 02-Mar-2021,819.45,832.95,868.0,820.05,857.0,860.05,851.29,9706013,82626.39,158577, 2708038, 27.90
M&MFIN, EQ, 02-Mar-2021,206.05,207.9,209.65,205.0,207.3,207.5,207.01,4492902,9300.81,25489, 992027, 22.08
M&MFIN, N2, 02-Mar-2021,1108.9,1109.9,1110.0,1105.2,1105.2,1105.2,1108.57,1034,11.46,14, 310, 29.98
M100, EQ, 02-Mar-2021,25.13,25.25,25.39,24.91,25.26,25.23,25.22,105059,26.5,856, 74431, 70.85
M14RG, MF, 02-Mar-2021,9.3,9.94,9.95,9.94,9.95,9.94,9.95,12500,1.24,3, 12500, 100.00
M17RD, MF, 02-Mar-2021,7.83,7.83,7.83,7.83,7.83,7.83,7.83,900,0.07,1, 900, 100.00
M50, EQ, 02-Mar-2021,144.25,145.9,145.95,142.6,145.43,145.42,145.27,2268,3.29,60, 1501, 66.18
MAANALU, EQ, 02-Mar-2021,162.95,164.6,168.7,160.0,160.0,162.2,164.34,62259,102.32,1419, 35704, 57.35
MACPOWER, BE, 02-Mar-2021,96.6,98.95,101.4,97.0,101.4,101.4,98.93,30017,29.7,124, -, -
MADHAV, EQ, 02-Mar-2021,60.95,61.7,61.9,59.1,59.15,60.2,60.38,44838,27.07,451, 33564, 74.86
MADHUCON, EQ, 02-Mar-2021,6.95,7.25,7.25,7.25,7.25,7.25,7.25,10257,0.74,25, 10207, 99.51
MADRASFERT, BE, 02-Mar-2021,28.35,28.95,29.75,28.0,28.3,28.35,29.16,311919,90.96,1479, -, -
MAESGETF, EQ, 02-Mar-2021,24.89,24.1,25.2,24.1,25.18,25.1,25.1,157756,39.59,74, 151524, 96.05
MAGADSUGAR, EQ, 02-Mar-2021,108.85,109.5,114.9,108.55,114.6,113.5,111.82,125869,140.75,1527, 90163, 71.63
MAGMA, EQ, 02-Mar-2021,121.6,123.4,127.65,122.0,123.5,123.6,125.85,3496344,4400.27,41386, 2493652, 71.32
MAGMA, N1, 02-Mar-2021,1150.0,1150.0,1150.0,1150.0,1150.0,1150.0,1150.0,1,0.01,1, 1, 100.00
MAGNUM, EQ, 02-Mar-2021,5.95,6.15,6.15,5.45,5.75,5.75,5.75,71592,4.12,189, 53581, 74.84
MAHABANK, EQ, 02-Mar-2021,23.25,23.55,23.7,22.8,22.9,23.05,23.2,7207808,1672.39,11755, 3488121, 48.39
MAHAPEXLTD, BE, 02-Mar-2021,79.05,79.5,79.5,75.1,75.1,76.05,75.52,29341,22.16,109, -, -
MAHASTEEL, EQ, 02-Mar-2021,94.45,94.65,96.3,92.1,94.5,93.65,93.93,11839,11.12,296, 6623, 55.94
MAHEPC, EQ, 02-Mar-2021,150.9,152.95,154.2,151.0,152.3,152.45,152.42,94618,144.22,1642, 47710, 50.42
MAHESHWARI, EQ, 02-Mar-2021,84.1,84.95,84.95,82.45,84.4,83.2,83.63,29291,24.5,338, 24915, 85.06
MAHICKRA, SM, 02-Mar-2021,79.0,80.5,80.75,77.0,77.0,77.1,78.56,15000,11.78,10, 13500, 90.00
MAHINDCIE, EQ, 02-Mar-2021,183.45,184.6,188.5,180.5,186.1,186.75,184.91,363483,672.13,5904, 163904, 45.09
MAHLIFE, EQ, 02-Mar-2021,538.15,540.0,560.0,532.0,538.0,536.15,547.0,61284,335.22,4545, 29267, 47.76
MAHLOG, EQ, 02-Mar-2021,483.0,480.0,485.9,475.0,479.95,478.05,481.15,25804,124.16,2264, 16377, 63.47
MAHSCOOTER, EQ, 02-Mar-2021,3676.3,3708.0,3741.65,3650.0,3699.0,3686.9,3688.89,7097,261.8,1155, 5375, 75.74
MAHSEAMLES, EQ, 02-Mar-2021,286.1,286.1,289.2,282.5,283.0,283.5,285.78,47380,135.4,1433, 33986, 71.73
MAITHANALL, EQ, 02-Mar-2021,605.4,614.9,625.0,608.0,610.15,611.8,617.2,76669,473.2,3680, 53008, 69.14
MAJESCO, BE, 02-Mar-2021,111.35,116.9,116.9,116.9,116.9,116.9,116.9,71820,83.96,489, -, -
MALUPAPER, EQ, 02-Mar-2021,27.2,27.6,29.9,27.2,29.0,29.35,29.0,164661,47.75,1193, 65054, 39.51
MAN50ETF, EQ, 02-Mar-2021,150.88,151.49,152.76,150.95,152.47,152.21,151.92,140113,212.86,149, 129617, 92.51
MANAKALUCO, EQ, 02-Mar-2021,8.55,8.55,8.9,8.45,8.8,8.55,8.57,9265,0.79,62, 7264, 78.40
MANAKCOAT, EQ, 02-Mar-2021,11.95,12.0,12.3,11.1,11.95,11.75,11.79,89587,10.57,175, 27187, 30.35
MANAKSIA, EQ, 02-Mar-2021,54.05,54.85,54.85,53.3,54.45,54.35,54.16,42559,23.05,452, 30781, 72.33
MANAKSTEEL, EQ, 02-Mar-2021,21.65,21.75,22.05,21.5,21.5,21.55,21.6,51689,11.16,243, 39017, 75.48
MANALIPETC, EQ, 02-Mar-2021,66.65,67.8,68.5,61.35,65.1,64.85,64.88,2154678,1397.86,12223, 1113621, 51.68
MANAPPURAM, EQ, 02-Mar-2021,174.45,174.65,178.05,173.0,173.3,173.25,174.79,4634524,8100.89,38505, 1556783, 33.59
MANAV, SM, 02-Mar-2021,4.75,4.8,4.8,4.8,4.8,4.8,4.8,4000,0.19,1, 4000, 100.00
MANGALAM, EQ, 02-Mar-2021,117.8,119.35,122.9,117.85,118.65,119.1,120.15,108766,130.68,2329, 43530, 40.02
MANGCHEFER, EQ, 02-Mar-2021,82.25,82.5,92.4,82.4,87.45,87.2,88.22,5769677,5090.28,34710, 1626806, 28.20
MANGLMCEM, EQ, 02-Mar-2021,278.3,280.0,284.8,277.2,283.0,282.35,282.38,46023,129.96,1799, 23886, 51.90
MANGTIMBER, EQ, 02-Mar-2021,11.1,10.55,11.65,10.55,11.6,11.2,11.13,5242,0.58,35, 5207, 99.33
MANINDS, EQ, 02-Mar-2021,76.5,76.95,77.65,75.75,76.45,76.6,76.67,138666,106.32,1305, 80687, 58.19
MANINFRA, EQ, 02-Mar-2021,35.6,35.9,36.5,35.6,36.05,36.0,36.0,331028,119.18,2745, 171965, 51.95
MANUGRAPH, EQ, 02-Mar-2021,12.95,13.45,13.55,12.4,13.1,12.95,12.9,18439,2.38,130, 10968, 59.48
MANXT50, EQ, 02-Mar-2021,342.92,345.88,348.73,345.2,348.73,348.73,348.5,9216,32.12,46, 7025, 76.23
MARALOVER, BE, 02-Mar-2021,27.15,26.65,28.5,26.65,28.15,28.45,28.08,40153,11.27,180, -, -
MARATHON, EQ, 02-Mar-2021,80.55,84.4,84.55,82.8,84.0,83.95,84.14,474389,399.14,1834, 415088, 87.50
MARICO, EQ, 02-Mar-2021,401.8,402.0,408.05,401.0,406.0,406.7,404.74,2414479,9772.36,38458, 1253648, 51.92
MARINE, EQ, 02-Mar-2021,63.45,66.0,66.0,62.0,62.55,62.55,64.14,187268,120.12,1781, 87790, 46.88
MARKSANS, EQ, 02-Mar-2021,56.05,56.6,56.6,53.5,54.2,54.0,54.59,1718551,938.09,10470, 1151263, 66.99
MARSHALL, SM, 02-Mar-2021,11.4,11.9,11.95,11.9,11.95,11.95,11.93,6000,0.72,2, 6000, 100.00
MARUTI, EQ, 02-Mar-2021,7015.0,7060.0,7235.0,7030.0,7223.0,7214.1,7138.08,1395296,99597.32,115867, 644925, 46.22
MASFIN, EQ, 02-Mar-2021,940.05,950.1,977.0,910.0,920.0,918.0,939.81,44007,413.58,4783, 21691, 49.29
MASKINVEST, BE, 02-Mar-2021,34.5,34.5,34.5,34.5,34.5,34.5,34.5,2,0.0,2, -, -
MASTEK, EQ, 02-Mar-2021,1175.05,1179.0,1187.0,1146.15,1167.0,1160.0,1162.94,130989,1523.32,8412, 71153, 54.32
MATRIMONY, EQ, 02-Mar-2021,1129.7,1148.65,1160.0,1100.0,1118.0,1112.05,1122.39,23234,260.78,3472, 10876, 46.81
MAWANASUG, EQ, 02-Mar-2021,39.5,39.8,42.05,39.55,40.6,40.9,40.76,213765,87.13,1543, 147667, 69.08
MAXHEALTH, EQ, 02-Mar-2021,184.75,185.6,193.55,185.1,191.5,188.95,190.03,1020719,1939.64,22879, 716511, 70.20
MAXIND, EQ, 02-Mar-2021,63.05,63.45,64.0,63.0,63.0,63.25,63.39,284813,180.55,943, 233403, 81.95
MAXVIL, EQ, 02-Mar-2021,62.55,63.0,65.75,61.3,62.2,62.65,63.35,1069348,677.42,4844, 704990, 65.93
MAYURUNIQ, EQ, 02-Mar-2021,419.8,420.0,424.85,416.0,418.8,416.65,418.82,36057,151.01,1450, 24745, 68.63
MAZDA, EQ, 02-Mar-2021,523.6,537.8,537.85,513.15,522.0,520.45,521.56,3326,17.35,283, 1639, 49.28
MAZDOCK, EQ, 02-Mar-2021,218.15,219.95,228.65,219.65,225.0,224.75,225.49,2510274,5660.32,28971, 773645, 30.82
MBAPL, BE, 02-Mar-2021,81.4,78.95,80.5,77.85,77.9,77.85,78.11,1141,0.89,5, -, -
MBECL, BE, 02-Mar-2021,11.9,12.25,12.35,11.35,11.95,11.9,11.67,1000326,116.7,233, -, -
MBLINFRA, EQ, 02-Mar-2021,21.0,21.4,21.4,20.55,21.0,20.95,20.94,104338,21.84,307, 71566, 68.59
MCDHOLDING, EQ, 02-Mar-2021,40.05,40.5,41.5,40.25,41.5,41.15,41.17,35404,14.58,336, 25469, 71.94
MCDOWELL-N, EQ, 02-Mar-2021,546.35,550.0,556.25,544.0,551.55,552.05,551.38,3078825,16975.98,68998, 922663, 29.97
MCL, EQ, 02-Mar-2021,92.75,96.6,96.6,91.9,93.6,92.95,92.62,19307,17.88,269, 8436, 43.69
MCLEODRUSS, EQ, 02-Mar-2021,21.85,22.7,22.9,22.5,22.9,22.9,22.85,536982,122.69,770, 464014, 86.41
MCX, EQ, 02-Mar-2021,1503.95,1518.0,1521.0,1496.0,1504.9,1502.65,1504.51,210276,3163.62,9667, 135469, 64.42
MEGASOFT, EQ, 02-Mar-2021,10.9,11.45,11.45,10.15,10.4,10.6,10.67,50652,5.4,253, 30647, 60.51
MEGH, EQ, 02-Mar-2021,82.3,82.95,83.7,81.1,82.55,82.75,82.58,1561511,1289.52,11593, 607339, 38.89
MELSTAR, BZ, 02-Mar-2021,1.8,1.8,1.8,1.8,1.8,1.8,1.8,1010,0.02,2, -, -
MENONBE, EQ, 02-Mar-2021,61.15,62.9,64.4,62.0,63.35,63.15,63.09,123577,77.97,1318, 74303, 60.13
MEP, EQ, 02-Mar-2021,16.5,16.7,17.3,16.6,17.2,17.15,16.96,452233,76.71,673, 339666, 75.11
MERCATOR, BE, 02-Mar-2021,1.05,1.05,1.05,1.0,1.05,1.05,1.03,702883,7.21,178, -, -
METALFORGE, BE, 02-Mar-2021,5.6,5.85,5.85,5.4,5.85,5.85,5.75,18411,1.06,65, -, -
METROPOLIS, EQ, 02-Mar-2021,1959.8,1980.0,1980.0,1891.1,1941.0,1932.2,1918.73,277219,5319.08,14370, 207220, 74.75
MFSL, EQ, 02-Mar-2021,861.1,868.9,906.0,868.0,903.5,892.95,886.83,2406331,21340.18,44076, 1334376, 55.45
MGEL, EQ, 02-Mar-2021,45.3,45.25,50.0,45.25,48.0,48.25,47.44,73017,34.64,335, 58133, 79.62
MGL, EQ, 02-Mar-2021,1158.55,1163.0,1202.4,1161.05,1180.0,1184.2,1181.93,593277,7012.13,22228, 119628, 20.16
MHHL, SM, 02-Mar-2021,19.9,19.05,20.85,18.95,20.85,20.85,20.0,54000,10.8,14, 39000, 72.22
MHRIL, EQ, 02-Mar-2021,229.85,230.0,234.0,229.8,232.75,231.45,231.56,33302,77.12,917, 21936, 65.87
MIC, BE, 02-Mar-2021,0.65,0.65,0.7,0.6,0.65,0.65,0.67,79990,0.54,93, -, -
MIDHANI, EQ, 02-Mar-2021,195.25,196.5,204.7,196.5,201.0,201.3,201.45,2705689,5450.59,28032, 1095754, 40.50
MINDACORP, EQ, 02-Mar-2021,107.3,107.6,110.5,106.0,107.7,108.1,108.97,1337571,1457.49,11329, 632254, 47.27
MINDAIND, EQ, 02-Mar-2021,570.15,570.0,574.0,556.05,560.0,562.7,565.09,66930,378.22,4985, 45089, 67.37
MINDSPACE, RR, 02-Mar-2021,304.95,305.0,306.5,304.22,305.0,304.99,305.0,187600,572.18,381, 184200, 98.19
MINDTECK, EQ, 02-Mar-2021,45.0,44.9,45.25,44.55,44.8,44.8,44.9,6444,2.89,127, 5397, 83.75
MINDTREE, EQ, 02-Mar-2021,1634.2,1644.0,1749.9,1636.1,1742.15,1734.75,1703.9,1400680,23866.24,50946, 340071, 24.28
MIRCELECTR, BE, 02-Mar-2021,14.5,14.85,14.9,14.0,14.7,14.75,14.55,549010,79.87,669, -, -
MIRZAINT, EQ, 02-Mar-2021,53.6,53.75,55.15,53.65,54.35,54.4,54.32,1407136,764.37,5489, 790123, 56.15
MITCON, SM, 02-Mar-2021,40.5,40.5,40.5,40.5,40.5,40.5,40.5,18000,7.29,6, 18000, 100.00
MITTAL, EQ, 02-Mar-2021,10.9,11.3,11.3,10.7,10.7,10.75,10.81,178625,19.32,413, 108675, 60.84
MMFL, EQ, 02-Mar-2021,468.65,474.95,485.8,467.3,467.55,468.4,471.78,6283,29.64,436, 3777, 60.11
MMP, EQ, 02-Mar-2021,89.1,89.6,93.9,89.6,91.2,90.25,91.97,7495,6.89,171, 5230, 69.78
MMTC, EQ, 02-Mar-2021,47.8,50.0,52.55,45.2,50.1,50.65,49.8,37338236,18593.22,103065, 8436518, 22.59
MODIRUBBER, BE, 02-Mar-2021,161.35,169.4,169.4,169.4,169.4,169.4,169.4,1925,3.26,64, -, -
MOHITIND, EQ, 02-Mar-2021,7.65,7.35,7.8,7.35,7.65,7.65,7.53,5917,0.45,39, 3735, 63.12
MOHOTAIND, BE, 02-Mar-2021,7.45,7.5,7.65,7.25,7.45,7.45,7.41,34045,2.52,77, -, -
MOIL, EQ, 02-Mar-2021,158.8,160.0,177.9,160.0,170.95,171.6,172.07,6220050,10702.8,73882, 1439479, 23.14
MOLDTECH, EQ, 02-Mar-2021,41.25,41.75,43.0,41.2,41.45,41.65,41.67,32314,13.47,372, 29043, 89.88
MOLDTEKPP, E1, 02-Mar-2021,257.9,245.0,270.0,240.5,259.5,256.8,249.05,285,0.71,42, 227, 79.65
MOLDTKPAC, EQ, 02-Mar-2021,405.6,407.0,409.15,393.15,400.85,398.7,401.77,29799,119.72,1493, 12350, 41.44
MOLDTKPAC, W1, 02-Mar-2021,252.85,243.0,255.0,242.5,252.0,252.0,247.1,111,0.27,8, 111, 100.00
MONTECARLO, EQ, 02-Mar-2021,232.25,230.0,237.0,230.0,234.95,235.65,234.15,35858,83.96,1320, 22969, 64.06
MORARJEE, EQ, 02-Mar-2021,12.85,13.75,14.1,13.0,13.85,13.8,13.79,23216,3.2,158, 14428, 62.15
MOREPENLAB, EQ, 02-Mar-2021,29.1,29.3,29.45,28.95,29.1,29.05,29.13,1216530,354.4,2754, 806608, 66.30
MOTHERSUMI, EQ, 02-Mar-2021,231.55,231.95,235.6,226.15,231.95,232.6,231.41,22802026,52765.66,183469, 6190167, 27.15
MOTILALOFS, EQ, 02-Mar-2021,607.7,612.0,615.0,606.1,611.0,610.2,610.15,120060,732.54,5944, 76307, 63.56
MOTOGENFIN, EQ, 02-Mar-2021,19.3,20.25,20.25,18.95,19.0,19.1,19.35,3981,0.77,63, 2461, 61.82
MPHASIS, EQ, 02-Mar-2021,1639.3,1640.0,1715.0,1618.3,1705.1,1688.05,1655.29,568161,9404.7,29308, 269709, 47.47
MPSLTD, EQ, 02-Mar-2021,480.2,484.0,498.95,475.55,494.0,492.6,484.94,16195,78.54,607, 11405, 70.42
MRF, EQ, 02-Mar-2021,89025.45,90148.75,90274.0,88446.95,89970.0,89680.4,89486.05,34837,31174.26,21271, 4718, 13.54
MRO-TEK, BE, 02-Mar-2021,31.2,29.65,29.7,29.65,29.65,29.7,29.69,862,0.26,13, -, -
MRPL, EQ, 02-Mar-2021,43.4,44.0,46.1,43.3,43.8,43.65,44.52,8317854,3702.9,24946, 3422287, 41.14
MSPL, EQ, 02-Mar-2021,7.6,7.85,7.85,7.35,7.65,7.55,7.57,20815,1.58,114, 15915, 76.46
MSTCLTD, EQ, 02-Mar-2021,310.5,314.9,319.95,302.1,309.9,310.45,312.06,1533815,4786.38,34112, 519350, 33.86
MTEDUCARE, EQ, 02-Mar-2021,8.15,8.0,8.5,7.95,8.1,8.05,8.09,335715,27.15,553, 250598, 74.65
MTNL, EQ, 02-Mar-2021,13.45,13.6,14.5,13.55,13.95,14.0,14.09,7331162,1032.79,22737, 2842016, 38.77
MUKANDENGG, EQ, 02-Mar-2021,13.25,13.65,13.65,12.8,12.85,13.0,12.98,8150,1.06,79, 5832, 71.56
MUKANDLTD, EQ, 02-Mar-2021,62.3,63.95,63.95,61.65,62.05,62.1,62.5,68460,42.79,620, 46287, 67.61
MUKANDLTD, P1, 02-Mar-2021,5.25,5.3,6.15,5.25,6.15,6.15,5.27,108,0.01,5, 108, 100.00
MUKTAARTS, EQ, 02-Mar-2021,31.1,31.85,31.9,31.15,31.25,31.4,31.4,5143,1.62,90, 3699, 71.92
MUNJALAU, EQ, 02-Mar-2021,62.55,63.35,63.35,61.5,61.65,61.75,62.25,224774,139.93,2349, 95548, 42.51
MUNJALSHOW, EQ, 02-Mar-2021,158.15,160.0,160.0,155.05,156.0,156.2,157.46,74901,117.94,1786, 46118, 61.57
MURUDCERA, EQ, 02-Mar-2021,22.55,22.8,22.8,22.0,22.05,22.15,22.24,73291,16.3,394, 39796, 54.30
MUTHOOTCAP, EQ, 02-Mar-2021,408.1,416.0,416.0,403.85,407.0,407.6,407.62,33689,137.32,1664, 15563, 46.20
MUTHOOTFIN, EQ, 02-Mar-2021,1302.1,1306.0,1327.0,1300.55,1309.95,1310.9,1311.42,843375,11060.15,35289, 290093, 34.40
N100, EQ, 02-Mar-2021,953.52,994.9,994.9,952.0,955.0,954.79,958.65,59113,566.69,2446, 37670, 63.73
NABARD, N2, 02-Mar-2021,1292.0,1304.78,1304.79,1295.0,1295.0,1295.0,1299.66,210,2.73,5, 170, 80.95
NACLIND, EQ, 02-Mar-2021,41.0,41.8,41.9,39.7,41.05,41.25,40.98,123075,50.44,850, 66380, 53.93
NAGAFERT, EQ, 02-Mar-2021,5.75,6.0,6.0,6.0,6.0,6.0,6.0,277278,16.64,173, 277278, 100.00
NAGREEKEXP, EQ, 02-Mar-2021,17.15,17.9,17.9,16.95,17.7,17.65,17.25,23951,4.13,159, 20538, 85.75
NAHARCAP, EQ, 02-Mar-2021,90.55,89.1,93.95,89.1,92.75,92.25,92.39,6881,6.36,276, 4730, 68.74
NAHARINDUS, EQ, 02-Mar-2021,46.85,47.3,49.15,47.25,49.15,49.15,48.79,49119,23.97,358, 29393, 59.84
NAHARPOLY, EQ, 02-Mar-2021,86.65,86.7,93.3,86.7,92.0,92.0,91.26,72512,66.17,927, 50779, 70.03
NAHARSPING, EQ, 02-Mar-2021,86.6,90.0,95.25,90.0,95.25,95.25,95.02,183428,174.29,986, 156092, 85.10
NAM-INDIA, EQ, 02-Mar-2021,345.25,347.0,356.95,340.2,344.3,345.65,349.3,1575544,5503.41,25664, 495995, 31.48
NATCOPHARM, EQ, 02-Mar-2021,820.75,825.0,825.0,799.05,805.65,802.2,807.78,323291,2611.47,14523, 175745, 54.36
NATHBIOGEN, EQ, 02-Mar-2021,288.15,290.0,301.0,289.0,295.15,296.7,296.64,133137,394.93,3908, 69990, 52.57
NATIONALUM, EQ, 02-Mar-2021,59.8,60.05,60.75,58.6,59.3,59.15,59.78,20623334,12328.31,33704, 6480266, 31.42
NATNLSTEEL, BE, 02-Mar-2021,3.7,3.85,3.85,3.85,3.85,3.85,3.85,2732,0.11,10, -, -
NAUKRI, EQ, 02-Mar-2021,4909.8,4959.0,5038.0,4870.55,4991.0,4962.45,4945.67,519520,25693.77,46192, 138874, 26.73
NAVINFLUOR, EQ, 02-Mar-2021,2657.5,2695.0,2875.0,2687.3,2800.0,2805.75,2789.37,718069,20029.62,77477, 206359, 28.74
NAVKARCORP, EQ, 02-Mar-2021,39.7,40.35,41.4,39.6,41.15,41.15,40.8,1061747,433.21,5472, 500206, 47.11
NAVNETEDUL, EQ, 02-Mar-2021,89.45,90.0,90.85,87.3,89.0,87.95,88.7,86270,76.52,2968, 47585, 55.16
NBCC, EQ, 02-Mar-2021,49.0,50.0,54.05,49.8,52.5,52.3,52.22,66648341,34802.85,154455, 18454393, 27.69
NBIFIN, EQ, 02-Mar-2021,1785.75,1735.75,1823.0,1735.05,1789.6,1786.35,1786.22,115,2.05,23, 99, 86.09
NBVENTURES, EQ, 02-Mar-2021,72.1,72.35,74.3,70.7,71.8,71.55,72.07,2489959,1794.56,10377, 1102953, 44.30
NCC, EQ, 02-Mar-2021,92.4,92.65,96.8,92.1,93.95,93.85,94.78,9359435,8870.47,41818, 3383224, 36.15
NCLIND, EQ, 02-Mar-2021,180.3,182.8,182.8,176.4,178.1,178.8,179.82,345138,620.63,6845, 191866, 55.59
NCPSESDL24, EQ, 02-Mar-2021,101.9,101.97,102.1,101.97,102.05,102.05,102.02,2751,2.81,12, 2751, 100.00
NDGL, EQ, 02-Mar-2021,810.35,787.95,837.4,785.25,800.0,800.0,801.69,50,0.4,9, 14, 28.00
NDL, EQ, 02-Mar-2021,29.05,28.7,30.0,28.5,29.0,29.0,29.24,18717,5.47,165, 13760, 73.52
NDRAUTO, EQ, 02-Mar-2021,237.95,240.95,240.95,231.6,234.0,233.3,237.28,2874,6.82,104, 2216, 77.11
NDTV, EQ, 02-Mar-2021,50.0,50.4,52.5,49.9,51.75,51.6,51.39,92952,47.77,795, 54861, 59.02
NECCLTD, EQ, 02-Mar-2021,9.7,9.5,10.3,9.5,10.0,9.85,10.03,122953,12.33,290, 79207, 64.42
NECLIFE, EQ, 02-Mar-2021,20.35,20.8,20.8,19.9,20.3,20.1,20.19,445381,89.91,962, 295199, 66.28
NELCAST, EQ, 02-Mar-2021,65.75,66.05,70.25,66.0,68.6,68.75,68.45,256210,175.39,2518, 133849, 52.24
NELCO, EQ, 02-Mar-2021,219.35,220.0,228.1,217.85,222.25,222.25,223.28,310884,694.15,6472, 108420, 34.87
NEOGEN, EQ, 02-Mar-2021,829.7,834.85,844.15,812.0,826.9,822.7,824.79,48132,396.99,3976, 24188, 50.25
NESCO, EQ, 02-Mar-2021,597.25,596.0,607.95,596.0,597.9,600.7,600.79,45054,270.68,4229, 22926, 50.89
NESTLEIND, EQ, 02-Mar-2021,16292.45,16302.0,16620.0,16289.75,16611.0,16576.15,16482.25,123097,20289.15,25127, 54774, 44.50
NETF, EQ, 02-Mar-2021,172.67,173.15,176.15,169.01,173.24,173.75,173.54,1553,2.7,112, 1047, 67.42
NETFCONSUM, EQ, 02-Mar-2021,64.36,65.96,68.0,64.02,66.3,66.22,65.69,11058,7.26,146, 8601, 77.78
NETFDIVOPP, EQ, 02-Mar-2021,36.59,37.68,37.99,36.11,36.49,36.49,37.11,1705,0.63,69, 1481, 86.86
NETFIT, EQ, 02-Mar-2021,24.79,25.39,25.81,24.65,25.7,25.62,25.35,877371,222.44,2425, 489111, 55.75
NETFLTGILT, EQ, 02-Mar-2021,22.0,22.68,22.68,21.96,22.02,22.01,22.0,56627,12.46,136, 31443, 55.53
NETFMID150, EQ, 02-Mar-2021,90.39,91.39,92.06,90.58,92.06,91.81,91.37,69260,63.28,773, 40798, 58.91
NETFNIF100, EQ, 02-Mar-2021,152.18,153.1,155.35,153.0,154.35,154.52,154.01,940,1.45,31, 535, 56.91
NETFNV20, EQ, 02-Mar-2021,78.0,77.01,79.85,77.01,79.45,79.41,78.76,2795,2.2,95, 2056, 73.56
NETWORK18, EQ, 02-Mar-2021,42.7,43.2,44.0,40.9,41.6,41.55,42.16,6694302,2822.28,12470, 2839616, 42.42
NEULANDLAB, EQ, 02-Mar-2021,2049.7,2088.0,2110.0,2032.0,2040.0,2039.6,2071.48,43149,893.82,4205, 25919, 60.07
NEWGEN, EQ, 02-Mar-2021,300.1,301.65,304.95,298.05,298.8,298.9,300.98,38759,116.66,2251, 18901, 48.77
NEXTMEDIA, EQ, 02-Mar-2021,4.45,4.3,4.55,4.25,4.3,4.3,4.33,16709,0.72,46, 14295, 85.55
NFL, EQ, 02-Mar-2021,63.5,68.5,69.85,58.75,65.0,64.65,65.7,32822535,21563.92,124395, 7013146, 21.37
NH, EQ, 02-Mar-2021,433.95,438.5,438.95,429.0,430.6,430.75,431.89,150453,649.79,10054, 94771, 62.99
NHAI, N1, 02-Mar-2021,1070.25,1070.0,1071.9,1067.15,1071.9,1069.97,1069.51,3289,35.18,47, 2774, 84.34
NHAI, N2, 02-Mar-2021,1238.25,1240.0,1241.5,1240.0,1241.5,1240.96,1240.48,250,3.1,3, 250, 100.00
NHAI, N4, 02-Mar-2021,1145.0,1130.0,1130.0,1101.1,1101.1,1101.1,1104.75,252,2.78,7, 252, 100.00
NHAI, N6, 02-Mar-2021,1296.75,1296.75,1297.9,1292.0,1295.9,1297.16,1296.72,950,12.32,13, 950, 100.00
NHAI, N8, 02-Mar-2021,1179.0,1176.01,1190.0,1176.01,1190.0,1190.0,1184.52,223,2.64,8, 223, 100.00
NHAI, NA, 02-Mar-2021,1293.0,1290.0,1295.0,1290.0,1294.0,1294.0,1294.0,3144,40.68,11, 3144, 100.00
NHAI, NE, 02-Mar-2021,1258.97,1254.51,1264.0,1252.0,1264.0,1256.89,1255.44,1821,22.86,35, 1626, 89.29
NHBTF2014, N4, 02-Mar-2021,5847.5,5825.0,5825.0,5799.0,5799.0,5799.0,5810.95,37,2.15,7, 37, 100.00
NHBTF2014, N6, 02-Mar-2021,7010.6,7090.0,7144.0,7090.0,7144.0,7144.0,7108.0,30,2.13,3, 30, 100.00
NHBTF2023, N6, 02-Mar-2021,6740.0,6761.0,6761.0,6720.0,6723.0,6723.0,6724.43,266,17.89,12, 266, 100.00
NHPC, EQ, 02-Mar-2021,24.5,24.8,25.25,24.6,25.0,24.9,24.95,8916510,2224.47,12455, 3249535, 36.44
NIACL, EQ, 02-Mar-2021,156.05,157.3,160.45,153.65,154.15,154.4,156.54,1067117,1670.42,16838, 321443, 30.12
NIBL, BE, 02-Mar-2021,9.3,9.35,9.35,9.35,9.35,9.35,9.35,1925,0.18,4, -, -
NIFTYBEES, EQ, 02-Mar-2021,158.01,159.41,159.99,158.01,159.8,159.57,158.94,1674905,2662.14,13424, 518076, 30.93
NIITLTD, EQ, 02-Mar-2021,194.95,196.85,198.0,195.1,196.7,196.15,196.84,213200,419.66,4058, 143342, 67.23
NILAINFRA, BE, 02-Mar-2021,5.15,5.2,5.25,5.1,5.25,5.15,5.17,97098,5.02,151, -, -
NILASPACES, BE, 02-Mar-2021,1.75,1.75,1.8,1.7,1.7,1.75,1.75,125512,2.2,120, -, -
NILKAMAL, EQ, 02-Mar-2021,1810.45,1803.3,1859.2,1803.3,1824.7,1832.2,1830.48,8709,159.42,2045, 4081, 46.86
NIPPOBATRY, EQ, 02-Mar-2021,741.0,743.0,775.0,740.25,748.0,743.25,758.98,6022,45.71,790, 3495, 58.04
NIRAJ, EQ, 02-Mar-2021,41.2,42.65,42.65,40.1,41.05,41.2,41.63,12817,5.34,58, 7455, 58.16
NITCO, EQ, 02-Mar-2021,22.7,22.95,23.5,22.6,23.15,23.05,23.04,70549,16.26,376, 37056, 52.53
NITINFIRE, BZ, 02-Mar-2021,0.6,0.55,0.65,0.55,0.55,0.55,0.59,112153,0.66,59, -, -
NITINSPIN, EQ, 02-Mar-2021,79.2,79.45,81.85,78.0,80.1,78.55,78.91,317764,250.74,1251, 229356, 72.18
NKIND, EQ, 02-Mar-2021,24.95,26.15,26.15,23.85,24.2,24.2,24.67,6352,1.57,74, 4056, 63.85
NLCINDIA, EQ, 02-Mar-2021,54.95,56.05,57.45,54.8,55.0,55.05,55.82,6602968,3685.67,33385, 2980378, 45.14
NMDC, EQ, 02-Mar-2021,131.55,134.2,134.85,131.6,133.55,133.85,133.2,16681767,22220.91,65196, 5121308, 30.70
NOCIL, EQ, 02-Mar-2021,171.5,172.5,182.8,172.4,180.3,180.7,179.26,3617712,6485.06,37339, 970122, 26.82
NOIDATOLL, EQ, 02-Mar-2021,6.35,6.75,6.75,6.25,6.25,6.35,6.4,97344,6.23,287, 76159, 78.24
NORBTEAEXP, EQ, 02-Mar-2021,6.9,6.8,7.1,6.6,7.0,7.0,6.95,2386,0.17,30, 1874, 78.54
NOVARTIND, EQ, 02-Mar-2021,614.6,615.0,621.0,610.0,614.95,614.45,613.24,11083,67.97,805, 7630, 68.84
NPBET, EQ, 02-Mar-2021,187.38,186.95,189.0,184.0,189.0,189.0,186.27,90,0.17,25, 81, 90.00
NRAIL, EQ, 02-Mar-2021,246.65,255.0,266.0,242.15,258.0,261.8,257.19,169311,435.46,4522, 64415, 38.05
NRBBEARING, EQ, 02-Mar-2021,116.35,117.0,119.0,116.55,117.2,117.5,117.91,272027,320.76,6051, 163802, 60.22
NSIL, EQ, 02-Mar-2021,1130.25,1107.8,1176.0,1092.75,1125.0,1106.05,1121.97,2301,25.82,338, 1432, 62.23
NTPC, EQ, 02-Mar-2021,108.45,108.45,113.7,107.9,112.5,112.55,111.99,53649872,60080.58,216308, 13188264, 24.58
NTPC, N1, 02-Mar-2021,1110.0,1115.0,1120.0,1115.0,1120.0,1120.0,1115.41,5441,60.69,12, 5441, 100.00
NTPC, N4, 02-Mar-2021,1128.0,1132.0,1132.0,1132.0,1132.0,1132.0,1132.0,572,6.48,1, 572, 100.00
NTPC, N6, 02-Mar-2021,1390.3,1410.0,1410.0,1390.5,1390.5,1390.5,1390.95,502,6.98,9, 501, 99.80
NTPC, N7, 02-Mar-2021,14.55,14.51,14.63,14.51,14.54,14.54,14.55,56307,8.19,135, 53885, 95.70
NTPC, N8, 02-Mar-2021,1118.11,1112.1,1112.1,1112.1,1112.1,1112.1,1112.1,1,0.01,1, 1, 100.00
NTPC, NB, 02-Mar-2021,1140.5,1140.5,1144.0,1140.5,1144.0,1143.44,1143.44,100,1.14,2, 100, 100.00
NUCLEUS, EQ, 02-Mar-2021,522.6,526.1,533.65,520.75,526.4,523.9,526.78,49657,261.58,4095, 21226, 42.75
NURECA, BE, 02-Mar-2021,711.9,747.45,747.45,676.35,676.35,676.35,694.03,73562,510.54,3000, -, -
NXTDIGITAL, EQ, 02-Mar-2021,486.85,492.0,516.95,485.25,495.05,494.55,499.38,5688,28.4,844, 1576, 27.71
OAL, EQ, 02-Mar-2021,602.55,604.45,606.85,592.0,601.75,598.75,600.53,23833,143.12,2007, 12535, 52.60
OBEROIRLTY, EQ, 02-Mar-2021,554.45,558.0,564.95,551.05,562.1,563.3,560.46,215837,1209.67,13912, 88932, 41.20
OCCL, EQ, 02-Mar-2021,885.55,888.55,923.55,885.55,903.5,909.7,902.76,9888,89.27,840, 6203, 62.73
OFSS, EQ, 02-Mar-2021,3152.75,3170.0,3248.75,3170.0,3195.0,3197.85,3203.1,89148,2855.5,11140, 59351, 66.58
OIL, EQ, 02-Mar-2021,127.25,127.8,129.7,126.7,127.65,127.55,127.85,2210306,2825.86,14645, 1326027, 59.99
OILCOUNTUB, BE, 02-Mar-2021,3.65,3.75,3.8,3.5,3.8,3.8,3.78,4057,0.15,31, -, -
OLECTRA, EQ, 02-Mar-2021,177.7,179.05,183.0,175.5,177.7,176.95,178.19,306176,545.59,5073, 210869, 68.87
OMAXAUTO, EQ, 02-Mar-2021,46.5,47.35,47.6,45.75,46.8,46.65,46.63,36768,17.14,377, 24085, 65.51
OMAXE, EQ, 02-Mar-2021,70.5,70.9,71.4,69.2,70.3,70.45,70.55,40509,28.58,669, 28355, 70.00
OMINFRAL, EQ, 02-Mar-2021,24.25,24.5,24.7,23.7,24.7,24.55,24.09,62336,15.01,260, 46136, 74.01
OMKARCHEM, BE, 02-Mar-2021,5.95,6.2,6.2,6.2,6.2,6.2,6.2,5751,0.36,29, -, -
ONELIFECAP, BE, 02-Mar-2021,7.05,6.75,7.2,6.7,6.7,6.9,6.78,4257,0.29,18, -, -
ONEPOINT, EQ, 02-Mar-2021,13.65,13.8,13.85,13.0,13.4,13.15,13.21,26501,3.5,140, 14064, 53.07
ONGC, EQ, 02-Mar-2021,117.05,115.9,116.65,112.75,114.05,113.5,114.28,36303917,41486.89,151356, 12127093, 33.40
ONMOBILE, EQ, 02-Mar-2021,105.6,108.3,108.65,100.35,100.7,100.8,102.62,1790607,1837.53,15436, 848234, 47.37
ONWARDTEC, EQ, 02-Mar-2021,103.8,104.7,105.7,100.55,101.5,101.9,103.37,111032,114.78,2220, 68798, 61.96
OPTIEMUS, EQ, 02-Mar-2021,180.2,187.0,189.2,184.7,189.2,189.2,188.58,57467,108.37,748, 50635, 88.11
OPTOCIRCUI, BE, 02-Mar-2021,4.4,4.4,4.4,4.2,4.3,4.25,4.27,491454,21.0,480, -, -
ORBTEXP, EQ, 02-Mar-2021,63.6,64.3,65.95,63.45,64.1,64.35,64.7,24243,15.68,342, 18016, 74.31
ORCHPHARMA, BE, 02-Mar-2021,907.7,953.05,953.05,953.05,953.05,953.05,953.05,16,0.15,7, -, -
ORICONENT, BE, 02-Mar-2021,21.7,21.95,22.75,21.3,22.75,22.75,21.91,65922,14.44,232, -, -
ORIENTABRA, EQ, 02-Mar-2021,22.85,23.05,23.8,22.55,22.75,22.9,23.22,51734,12.01,363, 34807, 67.28
ORIENTALTL, EQ, 02-Mar-2021,7.2,7.25,7.45,7.05,7.05,7.2,7.21,118940,8.57,313, 76023, 63.92
ORIENTBELL, EQ, 02-Mar-2021,222.0,225.5,225.5,220.2,222.65,222.35,222.5,34121,75.92,669, 13078, 38.33
ORIENTCEM, EQ, 02-Mar-2021,94.4,95.4,98.0,95.05,96.9,96.3,96.59,752165,726.49,5820, 389704, 51.81
ORIENTELEC, EQ, 02-Mar-2021,271.6,274.7,279.8,272.35,279.5,275.05,275.02,772637,2124.89,12519, 658903, 85.28
ORIENTHOT, EQ, 02-Mar-2021,23.35,23.5,23.5,23.1,23.15,23.25,23.31,26439,6.16,193, 18083, 68.40
ORIENTLTD, EQ, 02-Mar-2021,89.15,91.85,92.85,89.5,89.5,89.5,90.05,321,0.29,23, 308, 95.95
ORIENTPPR, EQ, 02-Mar-2021,25.95,26.15,29.5,25.15,29.2,29.1,28.46,9272908,2639.35,17090, 3389656, 36.55
ORIENTREF, EQ, 02-Mar-2021,229.75,235.85,235.85,227.05,229.0,228.55,228.97,337939,773.78,2653, 309532, 91.59
ORISSAMINE, EQ, 02-Mar-2021,2670.2,2690.0,2724.0,2542.95,2561.0,2573.6,2612.71,27411,716.17,4506, 15047, 54.89
ORTEL, BZ, 02-Mar-2021,1.05,1.1,1.1,1.0,1.0,1.0,1.01,38052,0.38,21, -, -
OSIAHYPER, SM, 02-Mar-2021,160.0,162.0,162.0,160.0,160.0,160.0,161.0,800,1.29,2, 800, 100.00
OSWALAGRO, EQ, 02-Mar-2021,11.0,11.35,11.55,10.95,11.05,11.05,11.25,208471,23.45,549, 122458, 58.74
PAEL, BZ, 02-Mar-2021,3.6,3.75,3.75,3.75,3.75,3.75,3.75,76,0.0,2, -, -
PAGEIND, EQ, 02-Mar-2021,28099.2,28200.0,29510.0,28200.0,29419.65,29463.25,29121.8,48268,14056.51,21191, 15011, 31.10
PAISALO, EQ, 02-Mar-2021,820.05,850.0,880.0,782.0,790.0,802.85,808.93,119682,968.15,4744, 52508, 43.87
PALASHSECU, EQ, 02-Mar-2021,44.4,43.2,44.95,43.0,43.5,43.8,43.85,27684,12.14,178, 25361, 91.61
PALREDTEC, BE, 02-Mar-2021,111.8,117.35,117.35,111.8,117.35,117.35,117.01,9511,11.13,93, -, -
PANACEABIO, EQ, 02-Mar-2021,195.35,195.5,204.25,195.5,202.9,201.55,200.43,231506,464.0,4711, 131455, 56.78
PANACHE, EQ, 02-Mar-2021,47.15,47.2,51.0,47.0,48.0,47.7,48.11,22583,10.86,176, 11259, 49.86
PANAMAPET, EQ, 02-Mar-2021,175.85,179.2,181.75,175.0,177.0,177.4,177.8,118376,210.48,3311, 65690, 55.49
PANSARI, SM, 02-Mar-2021,29.45,30.25,30.25,30.25,30.25,30.25,30.25,12000,3.63,1, 12000, 100.00
PAR, SM, 02-Mar-2021,84.0,82.3,82.3,82.3,82.3,82.3,82.3,4000,3.29,2, 2000, 50.00
PARACABLES, EQ, 02-Mar-2021,8.65,8.95,9.15,8.7,8.75,8.7,8.9,523468,46.57,906, 352934, 67.42
PARAGMILK, EQ, 02-Mar-2021,110.85,111.4,112.2,109.15,110.0,109.85,110.6,280734,310.5,3446, 175315, 62.45
PARIN, SM, 02-Mar-2021,60.0,55.25,55.25,55.25,55.25,55.25,55.25,2000,1.11,1, 2000, 100.00
PARSVNATH, EQ, 02-Mar-2021,7.9,8.25,8.25,8.25,8.25,8.25,8.25,74688,6.16,116, 74678, 99.99
PASHUPATI, SM, 02-Mar-2021,60.0,60.25,61.0,60.25,60.5,60.5,60.42,14400,8.7,3, 14400, 100.00
PATELENG, EQ, 02-Mar-2021,13.8,13.95,14.3,13.85,14.2,14.15,14.16,428506,60.69,878, 315155, 73.55
PATINT-RE, BE, 02-Mar-2021,14.9,14.2,14.75,12.7,13.0,13.05,13.15,125272,16.47,767, -, -
PATINTLOG, EQ, 02-Mar-2021,26.05,26.65,26.65,25.2,25.5,25.45,25.65,56970,14.61,371, 42398, 74.42
PATSPINLTD, EQ, 02-Mar-2021,5.4,5.45,5.45,5.2,5.2,5.2,5.25,9128,0.48,38, 6627, 72.60
PCJEWELLER, EQ, 02-Mar-2021,29.9,30.15,30.25,29.5,29.7,29.7,29.79,1528771,455.49,3932, 775615, 50.73
PDMJEPAPER, EQ, 02-Mar-2021,25.95,26.45,27.95,25.65,27.2,27.1,27.07,528412,143.06,1993, 275774, 52.19
PDSMFL, EQ, 02-Mar-2021,642.85,649.85,655.0,639.0,653.05,652.65,643.6,2633,16.95,157, 2329, 88.45
PEARLPOLY, EQ, 02-Mar-2021,14.85,15.55,15.55,14.4,14.95,14.95,14.77,8932,1.32,62, 5854, 65.54
PEL, EQ, 02-Mar-2021,1879.3,1900.0,1938.0,1889.1,1918.2,1918.7,1917.23,1252304,24009.52,50884, 355889, 28.42
PENIND, EQ, 02-Mar-2021,20.9,21.25,21.25,20.65,20.85,20.85,20.92,155862,32.6,518, 120859, 77.54
PENINLAND, EQ, 02-Mar-2021,5.7,5.95,5.95,5.95,5.95,5.95,5.95,74006,4.4,61, 74006, 100.00
PENTAGOLD, SM, 02-Mar-2021,71.25,67.7,74.75,67.7,74.75,74.75,71.23,6000,4.27,2, 6000, 100.00
PERSISTENT, EQ, 02-Mar-2021,1687.15,1699.85,1732.5,1656.35,1710.0,1708.4,1691.84,195570,3308.74,18541, 112800, 57.68
PETRONET, EQ, 02-Mar-2021,251.4,254.0,257.45,252.1,256.5,256.75,254.86,3465975,8833.5,37250, 1302556, 37.58
PFC, EQ, 02-Mar-2021,126.85,127.95,131.65,127.55,129.2,129.6,130.11,7525391,9791.02,38486, 1833361, 24.36
PFC, N3, 02-Mar-2021,1308.0,1334.99,1334.99,1334.99,1334.99,1334.99,1334.99,1,0.01,1, 1, 100.00
PFC, N4, 02-Mar-2021,1062.0,1062.65,1065.4,1062.65,1065.4,1065.32,1063.66,280,2.98,8, 60, 21.43
PFC, N6, 02-Mar-2021,1119.09,1129.99,1129.99,1129.99,1129.99,1129.99,1129.99,20,0.23,3, 20, 100.00
PFC, N8, 02-Mar-2021,1409.99,1408.0,1424.9,1407.0,1420.0,1420.0,1412.59,692,9.78,18, 462, 66.76
PFIZER, EQ, 02-Mar-2021,4631.5,4670.0,4678.0,4620.05,4651.05,4653.7,4654.54,42002,1955.0,6240, 18493, 44.03
PFOCUS, EQ, 02-Mar-2021,57.25,56.95,59.6,55.55,57.0,57.5,57.71,130924,75.55,1506, 62452, 47.70
PFS, EQ, 02-Mar-2021,19.9,20.25,21.95,20.0,21.8,21.75,21.03,7647793,1608.62,11477, 4092003, 53.51
PGEL, BE, 02-Mar-2021,317.2,333.05,333.05,303.2,333.05,333.05,328.17,174207,571.7,674, -, -
PGHH, EQ, 02-Mar-2021,13016.75,13070.6,13149.0,13021.35,13051.0,13090.75,13100.19,7291,955.13,3887, 4592, 62.98
PGHL, EQ, 02-Mar-2021,6599.4,6639.0,6803.0,6490.0,6780.0,6776.3,6620.58,19469,1288.96,7113, 9006, 46.26
PGIL, EQ, 02-Mar-2021,164.05,169.85,169.85,164.2,165.2,165.35,165.93,1653,2.74,86, 923, 55.84
PHILIPCARB, EQ, 02-Mar-2021,197.9,199.5,200.95,194.6,196.6,196.35,197.77,831706,1644.84,11600, 299862, 36.05
PHOENIXLTD, EQ, 02-Mar-2021,828.65,838.9,840.0,818.0,825.5,826.05,825.73,72351,597.43,9915, 40493, 55.97
PIDILITIND, EQ, 02-Mar-2021,1698.15,1711.0,1735.0,1701.5,1730.0,1729.35,1719.18,475037,8166.74,28094, 219866, 46.28
PIGL, SM, 02-Mar-2021,26.15,27.45,27.45,27.45,27.45,27.45,27.45,4000,1.1,1, 4000, 100.00
PIIND, EQ, 02-Mar-2021,2174.7,2184.0,2320.0,2170.15,2273.6,2275.2,2270.59,651820,14800.13,50700, 352677, 54.11
PILANIINVS, EQ, 02-Mar-2021,1905.15,1914.0,1936.95,1877.6,1912.5,1909.45,1911.07,3761,71.88,387, 1544, 41.05
PILITA, EQ, 02-Mar-2021,15.45,15.8,16.0,15.1,15.45,15.3,15.42,224433,34.61,640, 156025, 69.52
PIONDIST, EQ, 02-Mar-2021,105.7,106.95,109.25,105.35,109.0,109.0,108.63,23387,25.41,189, 22194, 94.90
PIONEEREMB, EQ, 02-Mar-2021,40.65,40.65,41.5,39.3,39.75,40.0,40.42,11843,4.79,197, 9391, 79.30
PITTIENG, EQ, 02-Mar-2021,56.75,57.6,61.4,57.4,59.1,59.4,59.19,263574,156.01,11132, 76005, 28.84
PKTEA, BE, 02-Mar-2021,225.75,223.0,236.7,222.0,224.05,224.05,228.78,456,1.04,15, -, -
PLASTIBLEN, EQ, 02-Mar-2021,240.15,243.0,252.0,240.0,246.85,249.2,247.27,20079,49.65,681, 13950, 69.48
PNB, EQ, 02-Mar-2021,40.8,41.15,41.65,40.7,41.15,41.0,41.08,115358594,47388.12,82606, 22353015, 19.38
PNBGILTS, EQ, 02-Mar-2021,53.55,54.05,54.4,53.4,53.75,53.8,53.86,469823,253.04,2907, 256452, 54.58
PNBHOUSING, EQ, 02-Mar-2021,432.5,434.3,449.3,434.0,438.0,438.8,440.4,296826,1307.23,7994, 92565, 31.18
PNC, EQ, 02-Mar-2021,18.1,18.6,19.2,18.1,18.6,18.75,18.9,86180,16.29,463, 66404, 77.05
PNCINFRA, EQ, 02-Mar-2021,268.0,269.6,270.95,263.2,265.0,264.15,265.45,341312,906.02,14535, 235126, 68.89
PODDARHOUS, BE, 02-Mar-2021,210.0,212.0,216.95,207.05,208.05,208.05,209.95,1816,3.81,62, -, -
PODDARMENT, EQ, 02-Mar-2021,205.55,206.9,208.45,204.0,206.0,205.85,205.88,5535,11.4,280, 3567, 64.44
POKARNA, EQ, 02-Mar-2021,205.45,210.9,236.9,206.3,229.0,228.9,225.8,554531,1252.13,14797, 197593, 35.63
POLYCAB, EQ, 02-Mar-2021,1350.2,1356.0,1374.8,1342.0,1361.0,1365.8,1360.59,191834,2610.08,11913, 95511, 49.79
POLYMED, EQ, 02-Mar-2021,717.45,721.8,727.1,693.5,715.2,714.8,715.96,104078,745.16,6454, 40323, 38.74
POLYPLEX, EQ, 02-Mar-2021,782.25,788.5,814.9,780.5,802.0,804.15,800.31,218502,1748.7,8637, 118101, 54.05
PONNIERODE, EQ, 02-Mar-2021,147.4,148.75,158.7,145.1,155.5,153.6,153.15,20185,30.91,571, 15595, 77.26
POWERFUL, SZ, 02-Mar-2021,5.7,5.45,5.45,5.45,5.45,5.45,5.45,2000,0.11,1, 2000, 100.00
POWERGRID, EQ, 02-Mar-2021,227.25,229.0,229.35,223.35,225.8,225.05,225.68,10250883,23134.06,97162, 4388308, 42.81
POWERINDIA, EQ, 02-Mar-2021,1424.95,1448.35,1448.35,1389.75,1423.0,1424.6,1416.0,38802,549.44,4837, 21028, 54.19
POWERMECH, EQ, 02-Mar-2021,539.4,544.5,549.45,535.05,540.0,540.15,540.87,57242,309.6,1283, 44832, 78.32
PPAP, EQ, 02-Mar-2021,237.3,236.6,239.5,222.55,229.25,228.4,228.48,123467,282.1,3314, 71526, 57.93
PPL, EQ, 02-Mar-2021,118.7,120.0,121.55,117.15,119.0,118.45,119.81,170653,204.45,2712, 90262, 52.89
PRABHAT, EQ, 02-Mar-2021,74.9,74.6,82.4,74.6,82.4,79.9,79.09,753910,596.28,2681, 594334, 78.83
PRAENG, EQ, 02-Mar-2021,9.1,8.85,9.35,8.85,9.05,9.05,9.17,25575,2.35,60, 24375, 95.31
PRAJIND, EQ, 02-Mar-2021,165.95,166.25,182.0,160.6,173.0,173.2,174.6,7083619,12367.79,78498, 1319287, 18.62
PRAKASH, EQ, 02-Mar-2021,53.15,54.6,63.75,54.25,63.75,63.05,60.6,8857999,5368.07,40417, 4579231, 51.70
PRAKASHSTL, EQ, 02-Mar-2021,0.75,0.8,0.8,0.75,0.8,0.75,0.76,269970,2.05,125, 207197, 76.75
PRAXIS, BE, 02-Mar-2021,50.2,50.45,52.2,50.0,52.2,51.5,50.89,3002,1.53,57, -, -
PRECAM, EQ, 02-Mar-2021,41.7,42.5,44.0,41.5,43.5,43.55,42.97,316910,136.19,2245, 200179, 63.17
PRECOT, EQ, 02-Mar-2021,89.95,94.4,94.4,91.7,94.4,94.4,93.3,14307,13.35,122, 12955, 90.55
PRECWIRE, EQ, 02-Mar-2021,175.0,174.25,180.0,171.05,173.65,174.75,175.15,54093,94.75,2429, 21903, 40.49
PREMEXPLN, EQ, 02-Mar-2021,146.15,147.0,156.0,144.1,155.8,155.1,153.09,65516,100.3,925, 50981, 77.81
PREMIER, BE, 02-Mar-2021,3.5,3.5,3.65,3.35,3.65,3.65,3.54,10148,0.36,24, -, -
PREMIERPOL, EQ, 02-Mar-2021,38.0,38.7,38.85,37.0,37.0,37.8,38.09,3127,1.19,57, 2024, 64.73
PRESSMN, EQ, 02-Mar-2021,25.0,24.75,25.4,24.7,24.85,24.9,24.98,19343,4.83,192, 14042, 72.59
PRESTIGE, EQ, 02-Mar-2021,303.35,305.8,309.95,298.1,303.25,302.85,304.38,1084361,3300.55,18699, 459747, 42.40
PRICOLLTD, EQ, 02-Mar-2021,71.55,72.1,72.5,68.7,71.0,70.85,70.26,1673362,1175.78,12907, 559364, 33.43
PRIMESECU, EQ, 02-Mar-2021,39.95,40.05,41.7,39.8,40.4,40.65,40.6,20322,8.25,251, 13583, 66.84
PRINCEPIPE, EQ, 02-Mar-2021,401.05,403.75,474.4,403.0,437.0,435.7,445.54,1540141,6862.0,59302, 521942, 33.89
PRIVISCL, EQ, 02-Mar-2021,657.35,670.0,670.95,647.0,650.0,649.5,660.13,33637,222.05,2814, 24604, 73.15
PROZONINTU, EQ, 02-Mar-2021,19.15,19.45,21.05,19.0,21.05,20.7,20.08,527330,105.91,1425, 277062, 52.54
PRSMJOHNSN, EQ, 02-Mar-2021,103.75,104.25,107.65,104.25,106.0,106.1,106.19,369067,391.91,5657, 169631, 45.96
PSB, EQ, 02-Mar-2021,18.25,18.3,18.55,17.85,17.95,17.95,18.09,739713,133.79,1646, 395656, 53.49
PSPPROJECT, EQ, 02-Mar-2021,477.0,479.4,479.9,470.2,479.2,477.55,476.8,109157,520.46,3537, 25303, 23.18
PSUBNKBEES, EQ, 02-Mar-2021,25.97,26.4,26.5,25.86,26.05,25.99,26.1,452299,118.05,1232, 295006, 65.22
PTC, EQ, 02-Mar-2021,73.95,74.35,77.45,74.05,75.8,76.05,75.77,2512996,1904.21,11380, 881234, 35.07
PTL, EQ, 02-Mar-2021,40.95,41.0,42.8,40.8,40.85,40.9,41.1,148813,61.17,755, 114851, 77.18
PUNJABCHEM, EQ, 02-Mar-2021,957.95,960.0,979.0,914.55,926.55,922.95,940.81,11583,108.97,1607, 6338, 54.72
PUNJLLOYD, BZ, 02-Mar-2021,2.0,2.1,2.1,2.0,2.1,2.1,2.09,676485,14.12,293, -, -
PURVA, EQ, 02-Mar-2021,79.7,80.3,82.0,78.8,79.35,79.25,79.99,176559,141.23,2216, 91398, 51.77
PVR, EQ, 02-Mar-2021,1369.85,1380.0,1402.2,1365.0,1390.0,1389.8,1380.09,904779,12486.72,24957, 354543, 39.19
QGOLDHALF, EQ, 02-Mar-2021,1987.05,1965.0,1986.0,1953.0,1964.0,1964.0,1963.34,2390,46.92,246, 2167, 90.67
QNIFTY, EQ, 02-Mar-2021,1524.0,1540.0,1540.0,1532.0,1532.0,1532.0,1536.0,2,0.03,2, 1, 50.00
QUESS, EQ, 02-Mar-2021,751.1,753.8,769.1,730.6,738.0,738.55,751.02,192602,1446.48,11384, 58649, 30.45
QUICKHEAL, EQ, 02-Mar-2021,152.75,153.95,159.5,153.5,156.9,156.9,156.54,295672,462.86,5213, 111879, 37.84
RADICO, EQ, 02-Mar-2021,594.65,606.0,618.0,592.5,612.0,614.1,604.79,481321,2910.99,14453, 213931, 44.45
RADIOCITY, EQ, 02-Mar-2021,24.5,24.95,25.3,24.5,24.95,24.75,24.75,275358,68.15,501, 223760, 81.26
RAILTEL, EQ, 02-Mar-2021,145.6,159.0,174.7,155.9,174.7,174.7,168.83,47816924,80731.29,375897, 9926186, 20.76
RAIN, EQ, 02-Mar-2021,164.2,164.9,168.75,160.0,160.6,161.25,163.49,3449796,5640.08,30231, 1157178, 33.54
RAJESHEXPO, EQ, 02-Mar-2021,505.3,508.75,517.5,502.1,516.65,516.0,511.78,169447,867.19,10559, 68530, 40.44
RAJMET, EQ, 02-Mar-2021,82.4,86.5,86.5,86.5,86.5,86.5,86.5,500,0.43,5, 500, 100.00
RAJRATAN, EQ, 02-Mar-2021,623.05,649.7,676.4,609.2,620.0,624.55,638.36,31719,202.48,2438, 16061, 50.64
RAJRAYON, BZ, 02-Mar-2021,0.2,0.25,0.25,0.2,0.2,0.2,0.23,284213,0.65,61, -, -
RAJSREESUG, EQ, 02-Mar-2021,16.85,17.0,17.45,16.55,17.0,16.9,17.11,42278,7.23,285, 24281, 57.43
RAJTV, EQ, 02-Mar-2021,34.95,34.9,35.3,34.2,35.2,35.2,34.66,4413,1.53,104, 3044, 68.98
RALLIS, EQ, 02-Mar-2021,257.25,257.45,261.8,257.4,257.95,258.0,259.14,525532,1361.89,13656, 281145, 53.50
RAMANEWS, EQ, 02-Mar-2021,14.55,14.65,15.65,14.2,15.0,15.25,14.98,386633,57.91,949, 206752, 53.48
RAMASTEEL, BE, 02-Mar-2021,75.65,75.0,75.0,72.55,74.4,74.4,73.91,9069,6.7,52, -, -
RAMCOCEM, EQ, 02-Mar-2021,995.95,1005.0,1012.05,982.15,994.0,994.05,998.88,745680,7448.48,19836, 75624, 10.14
RAMCOIND, EQ, 02-Mar-2021,252.7,254.0,257.8,254.0,255.0,255.35,255.33,124874,318.85,1333, 109387, 87.60
RAMCOSYS, EQ, 02-Mar-2021,581.65,585.65,611.95,585.65,594.2,592.3,600.33,107376,644.61,5160, 39246, 36.55
RAMKY, EQ, 02-Mar-2021,80.65,84.65,84.65,80.0,84.65,84.65,84.13,156014,131.25,1064, 88859, 56.96
RANASUG, EQ, 02-Mar-2021,6.7,6.75,7.65,6.7,7.65,7.55,7.35,2937485,216.04,1946, 2161834, 73.59
RANEENGINE, EQ, 02-Mar-2021,274.65,274.65,283.3,270.0,276.15,276.8,277.14,10686,29.61,464, 2524, 23.62
RANEHOLDIN, EQ, 02-Mar-2021,628.1,631.4,637.5,619.9,627.0,623.95,626.26,20392,127.71,1249, 12466, 61.13
RATNAMANI, EQ, 02-Mar-2021,1930.3,1920.0,2002.6,1920.0,1996.0,1981.55,1978.54,39423,780.0,4457, 25868, 65.62
RAYMOND, EQ, 02-Mar-2021,379.2,382.0,385.7,376.0,378.0,378.45,380.72,807295,3073.55,13528, 258327, 32.00
RBL, EQ, 02-Mar-2021,852.2,853.0,853.0,830.95,836.0,832.8,841.93,7563,63.68,692, 4013, 53.06
RBLBANK, EQ, 02-Mar-2021,236.05,237.0,241.0,233.8,237.1,236.75,237.21,11756320,27886.74,66233, 1756142, 14.94
RCF, EQ, 02-Mar-2021,91.05,97.7,100.15,83.7,89.85,90.1,91.7,45066101,41327.21,229716, 10767663, 23.89
RCOM, EQ, 02-Mar-2021,1.75,1.8,1.8,1.8,1.8,1.8,1.8,2834624,51.02,2222, 2385646, 84.16
RECLTD, EQ, 02-Mar-2021,138.95,139.6,142.3,138.4,140.45,140.0,140.07,7893367,11056.53,43622, 2919760, 36.99
RECLTD, N9, 02-Mar-2021,1270.18,1271.0,1275.0,1260.0,1275.0,1275.0,1268.84,935,11.86,16, 530, 56.68
RECLTD, NE, 02-Mar-2021,1159.9,1159.8,1159.8,1138.0,1138.0,1138.0,1148.9,80,0.92,2, 80, 100.00
RECLTD, NH, 02-Mar-2021,1295.05,1350.0,1350.0,1350.0,1350.0,1350.0,1350.0,100,1.35,1, 100, 100.00
RECLTD, NI, 02-Mar-2021,1242.28,1247.95,1248.0,1247.95,1248.0,1248.0,1247.97,150,1.87,2, 150, 100.00
REDINGTON, EQ, 02-Mar-2021,184.2,186.6,202.9,181.35,200.0,192.1,188.82,374212,706.6,5951, 240840, 64.36
REFEX, EQ, 02-Mar-2021,88.65,89.95,90.55,88.25,89.15,89.05,89.16,92643,82.6,1219, 49934, 53.90
RELAXO, EQ, 02-Mar-2021,838.45,848.4,853.6,833.2,839.5,837.0,843.31,152176,1283.31,9237, 69901, 45.93
RELCAPITAL, EQ, 02-Mar-2021,11.0,11.15,11.25,10.5,10.65,10.75,10.85,3593774,390.09,4173, 1569602, 43.68
RELIANCE, EQ, 02-Mar-2021,2101.7,2122.0,2130.0,2089.1,2108.0,2106.0,2107.78,7915073,166832.5,244565, 2910860, 36.78
RELIANCEPP, E1, 02-Mar-2021,1207.55,1229.0,1239.9,1203.25,1220.9,1215.15,1217.39,754127,9180.66,32800, 330816, 43.87
RELIGARE, EQ, 02-Mar-2021,88.55,89.45,91.95,86.5,88.4,88.65,88.77,1944238,1725.95,5970, 1422457, 73.16
RELINFRA, EQ, 02-Mar-2021,32.85,33.2,33.95,31.8,32.45,32.4,32.77,3586414,1175.19,7345, 1679257, 46.82
REMSONSIND, EQ, 02-Mar-2021,148.6,147.8,151.75,142.5,142.5,145.3,146.36,2280,3.34,155, 1382, 60.61
RENUKA, EQ, 02-Mar-2021,10.15,10.3,10.45,10.0,10.3,10.35,10.25,6225380,638.14,3978, 3309935, 53.17
REPCOHOME, EQ, 02-Mar-2021,335.0,336.5,341.0,322.7,328.15,329.45,331.8,164714,546.52,5479, 71966, 43.69
REPL, EQ, 02-Mar-2021,181.75,184.9,185.0,175.05,176.5,178.3,181.72,11155,20.27,260, 8714, 78.12
REPRO, EQ, 02-Mar-2021,368.55,372.75,376.15,368.65,374.9,372.7,372.85,5315,19.82,278, 3761, 70.76
RESPONIND, EQ, 02-Mar-2021,174.1,174.0,183.0,171.05,176.1,178.45,176.3,93198,164.31,2367, 25907, 27.80
REVATHI, EQ, 02-Mar-2021,517.95,523.0,523.0,491.5,502.0,502.6,503.83,7702,38.8,718, 4527, 58.78
RGL, EQ, 02-Mar-2021,301.75,307.0,307.0,292.0,292.0,293.0,298.01,3884,11.57,198, 2703, 69.59
RHFL, EQ, 02-Mar-2021,2.5,2.55,2.6,2.3,2.45,2.5,2.45,2683994,65.88,1466, 1670516, 62.24
RHFL, N4, 02-Mar-2021,203.0,219.0,220.0,205.1,210.0,210.0,214.5,112,0.24,6, 112, 100.00
RHFL, N6, 02-Mar-2021,220.29,215.1,215.1,215.1,215.1,215.1,215.1,100,0.22,1, 100, 100.00
RHFL, N8, 02-Mar-2021,180.0,150.0,179.99,150.0,179.99,179.99,156.0,50,0.08,3, 40, 80.00
RICOAUTO, EQ, 02-Mar-2021,43.65,44.0,44.35,41.65,42.45,42.45,42.82,1017741,435.78,5124, 462735, 45.47
RIIL, EQ, 02-Mar-2021,403.05,404.9,451.8,404.55,434.0,434.8,433.51,2658658,11525.56,65365, 485642, 18.27
RITES, EQ, 02-Mar-2021,258.95,261.0,273.0,256.0,268.85,270.25,264.63,2206445,5838.98,54548, 1120666, 50.79
RKDL, EQ, 02-Mar-2021,7.8,7.9,7.9,7.15,7.75,7.7,7.57,17082,1.29,113, 11599, 67.90
RKEC, EQ, 02-Mar-2021,64.3,64.3,65.75,62.1,63.45,63.4,63.46,19919,12.64,189, 16344, 82.05
RKFORGE, EQ, 02-Mar-2021,550.05,549.95,574.4,549.95,563.1,565.5,566.23,136537,773.12,4014, 65078, 47.66
RMCL, BE, 02-Mar-2021,2.8,2.9,2.9,2.7,2.85,2.8,2.77,94754,2.62,94, -, -
RML, EQ, 02-Mar-2021,367.75,370.0,370.0,346.0,347.0,352.55,353.58,60558,214.12,4019, 32275, 53.30
RNAVAL, BZ, 02-Mar-2021,2.75,2.75,2.85,2.65,2.85,2.85,2.76,1371044,37.89,712, -, -
ROHLTD, EQ, 02-Mar-2021,67.7,67.8,68.4,67.0,67.1,67.1,67.42,25465,17.17,331, 15299, 60.08
ROLLT, BE, 02-Mar-2021,3.5,3.6,3.65,3.4,3.5,3.45,3.58,34564,1.24,49, -, -
ROLTA, EQ, 02-Mar-2021,4.1,4.15,4.2,4.1,4.15,4.15,4.15,395672,16.43,3075, 241672, 61.08
ROML, BE, 02-Mar-2021,107.2,112.55,112.55,112.55,112.55,112.55,112.55,846,0.95,29, -, -
ROSSARI, EQ, 02-Mar-2021,1031.5,1038.5,1068.8,1021.0,1025.6,1024.95,1036.99,115372,1196.39,6885, 41866, 36.29
ROSSELLIND, EQ, 02-Mar-2021,107.15,107.25,111.4,103.85,110.0,110.25,106.22,35747,37.97,701, 19806, 55.41
ROUTE, EQ, 02-Mar-2021,1708.15,1724.0,1763.7,1700.0,1746.05,1747.1,1733.67,348401,6040.12,28986, 84427, 24.23
RPGLIFE, EQ, 02-Mar-2021,417.2,417.05,419.2,411.0,412.0,411.7,415.37,30012,124.66,1216, 20338, 67.77
RPOWER, EQ, 02-Mar-2021,4.45,4.65,4.65,4.25,4.45,4.5,4.4,177823578,7821.19,30136, 59525810, 33.47
RPPINFRA, EQ, 02-Mar-2021,66.4,67.8,77.25,67.35,73.6,74.05,73.23,691668,506.52,4710, 374649, 54.17
RPPL, SM, 02-Mar-2021,111.55,107.05,107.05,106.65,106.65,106.65,106.85,2000,2.14,2, 2000, 100.00
RPSGVENT, EQ, 02-Mar-2021,306.55,319.9,320.75,310.05,312.0,313.8,316.61,73790,233.63,2534, 32019, 43.39
RSSOFTWARE, EQ, 02-Mar-2021,24.5,24.05,24.85,23.7,24.3,24.55,24.34,26306,6.4,296, 20421, 77.63
RSWM, EQ, 02-Mar-2021,159.75,162.55,164.5,160.8,164.5,163.15,162.41,17761,28.85,258, 15380, 86.59
RSYSTEMS, EQ, 02-Mar-2021,118.55,118.55,119.85,115.25,117.4,117.05,117.05,25097,29.38,1132, 14011, 55.83
RTNINFRA, EQ, 02-Mar-2021,6.65,6.75,6.8,6.55,6.65,6.6,6.69,377912,25.3,612, 289811, 76.69
RTNPOWER, EQ, 02-Mar-2021,2.9,2.95,3.0,2.9,3.0,3.0,2.99,11838101,354.02,7895, 5482916, 46.32
RUBYMILLS, EQ, 02-Mar-2021,179.75,180.7,183.0,179.0,179.7,179.85,180.49,4237,7.65,257, 2563, 60.49
RUCHI, EQ, 02-Mar-2021,733.6,738.9,738.9,720.0,725.0,724.4,727.87,22911,166.76,2371, 14565, 63.57
RUCHINFRA, BE, 02-Mar-2021,6.75,6.75,6.95,6.7,6.8,6.8,6.82,83304,5.68,247, -, -
RUCHIRA, EQ, 02-Mar-2021,67.1,67.75,72.7,67.15,72.0,72.05,70.67,387476,273.83,3787, 229221, 59.16
RUPA, EQ, 02-Mar-2021,307.1,309.25,314.9,309.0,310.0,309.35,311.2,72147,224.52,3841, 37839, 52.45
RUSHIL, EQ, 02-Mar-2021,186.05,188.2,195.35,188.2,195.35,195.35,194.8,21668,42.21,676, 18796, 86.75
RVHL, EQ, 02-Mar-2021,20.6,20.6,21.0,20.0,20.5,20.65,20.47,38290,7.84,361, 24452, 63.86
RVNL, EQ, 02-Mar-2021,32.45,32.75,33.45,32.2,32.55,32.6,32.79,9770561,3203.64,17575, 3610916, 36.96
S&SPOWER, BE, 02-Mar-2021,20.35,21.0,21.35,21.0,21.35,21.35,21.3,3260,0.69,21, -, -
SABEVENTS, EQ, 02-Mar-2021,1.55,1.55,1.6,1.5,1.6,1.5,1.55,13578,0.21,50, 10118, 74.52
SABTN, BE, 02-Mar-2021,1.5,1.5,1.55,1.45,1.45,1.45,1.5,1979,0.03,14, -, -
SADBHAV, EQ, 02-Mar-2021,72.9,73.25,76.3,73.25,74.55,74.7,74.81,657724,492.05,5590, 278044, 42.27
SADBHIN, EQ, 02-Mar-2021,22.8,23.0,23.8,22.8,23.15,23.3,23.32,452301,105.46,1244, 236443, 52.28
SAFARI, EQ, 02-Mar-2021,650.6,660.0,684.0,650.15,670.0,668.7,669.47,17342,116.1,1659, 9147, 52.74
SAGARDEEP, EQ, 02-Mar-2021,44.35,48.4,48.4,40.1,40.1,44.15,45.27,17100,7.74,161, 11022, 64.46
SAGCEM, EQ, 02-Mar-2021,698.25,711.75,711.75,692.3,696.0,695.05,699.15,17450,122.0,868, 9357, 53.62
SAIL, EQ, 02-Mar-2021,78.4,78.95,81.5,77.5,78.55,78.8,79.73,94777460,75568.9,155792, 26742857, 28.22
SAKAR, EQ, 02-Mar-2021,94.75,97.3,98.4,93.35,94.75,93.65,94.54,23681,22.39,423, 10130, 42.78
SAKHTISUG, EQ, 02-Mar-2021,9.8,9.8,10.35,9.75,10.05,10.05,10.02,216809,21.73,501, 121741, 56.15
SAKSOFT, EQ, 02-Mar-2021,350.35,352.0,359.0,350.95,355.0,353.0,353.83,26600,94.12,573, 18936, 71.19
SAKUMA, EQ, 02-Mar-2021,5.15,5.25,5.45,5.15,5.3,5.25,5.25,1076196,56.47,954, 669393, 62.20
SALASAR, EQ, 02-Mar-2021,373.7,374.6,379.9,370.15,373.0,372.3,374.56,52803,197.78,2210, 21619, 40.94
SALONA, EQ, 02-Mar-2021,90.6,87.5,91.5,87.5,88.0,88.0,88.92,2726,2.42,91, 1625, 59.61
SALSTEEL, EQ, 02-Mar-2021,3.65,3.6,3.75,3.55,3.65,3.65,3.64,21335,0.78,87, 16135, 75.63
SALZERELEC, EQ, 02-Mar-2021,122.15,124.0,126.0,122.25,124.4,124.7,124.4,59294,73.76,1512, 37410, 63.09
SAMBHAAV, EQ, 02-Mar-2021,2.75,2.8,2.85,2.65,2.65,2.65,2.7,33664,0.91,89, 28386, 84.32
SANCO, EQ, 02-Mar-2021,11.85,12.0,12.0,11.5,11.65,11.6,11.69,88075,10.29,359, 67362, 76.48
SANDESH, EQ, 02-Mar-2021,695.3,716.7,716.75,686.75,700.0,697.05,696.87,840,5.85,147, 530, 63.10
SANDHAR, EQ, 02-Mar-2021,231.75,232.0,233.95,229.35,231.45,231.55,231.34,51709,119.62,1750, 39823, 77.01
SANGAMIND, BE, 02-Mar-2021,74.0,74.0,77.7,73.0,75.45,75.45,74.75,11642,8.7,82, -, -
SANGHIIND, EQ, 02-Mar-2021,43.5,43.8,44.15,42.55,43.1,43.05,43.41,1234305,535.76,5168, 533045, 43.19
SANGHVIFOR, BE, 02-Mar-2021,26.0,24.95,26.7,24.95,26.65,26.6,25.64,1552,0.4,10, -, -
SANGHVIMOV, EQ, 02-Mar-2021,103.3,107.95,107.95,102.5,102.9,102.85,104.09,43755,45.54,764, 33244, 75.98
SANGINITA, EQ, 02-Mar-2021,25.5,26.0,26.2,25.1,25.2,25.5,25.49,32824,8.37,192, 24837, 75.67
SANOFI, EQ, 02-Mar-2021,8288.8,8280.0,8350.0,8258.0,8349.0,8326.25,8303.27,7988,663.27,2689, 4853, 60.75
SANWARIA, BZ, 02-Mar-2021,0.9,0.95,0.95,0.9,0.95,0.95,0.95,7902384,74.96,1724, -, -
SARDAEN, EQ, 02-Mar-2021,376.0,379.8,387.85,374.0,376.6,377.35,380.03,62400,237.14,1997, 31315, 50.18
SAREGAMA, EQ, 02-Mar-2021,1089.1,1094.0,1124.95,1086.95,1102.0,1107.15,1109.18,83102,921.75,7538, 25620, 30.83
SARLAPOLY, EQ, 02-Mar-2021,26.45,26.7,27.45,26.2,26.5,26.75,26.82,210045,56.34,774, 127264, 60.59
SARVESHWAR, SM, 02-Mar-2021,15.0,14.45,14.8,14.4,14.8,14.8,14.55,4800,0.7,3, 1600, 33.33
SASKEN, EQ, 02-Mar-2021,848.2,849.0,885.8,848.0,883.95,879.2,876.53,55795,489.06,3432, 25243, 45.24
SASTASUNDR, EQ, 02-Mar-2021,128.15,128.1,137.5,126.3,128.0,128.5,131.39,70644,92.82,1613, 41410, 58.62
SATIA, EQ, 02-Mar-2021,83.5,83.3,90.0,82.2,87.95,87.65,86.06,183014,157.5,2263, 53367, 29.16
SATIN, EQ, 02-Mar-2021,94.75,97.0,104.2,93.05,102.8,102.95,99.2,1683950,1670.44,17273, 691012, 41.04
SBICARD, EQ, 02-Mar-2021,1098.35,1127.0,1139.0,1090.05,1106.0,1108.15,1115.63,1678897,18730.28,92640, 645186, 38.43
SBIETFIT, EQ, 02-Mar-2021,248.65,250.0,254.99,250.0,254.99,254.18,253.18,3136,7.94,143, 2004, 63.90
SBIETFPB, EQ, 02-Mar-2021,188.33,187.5,190.95,186.1,189.59,189.42,188.49,1984,3.74,79, 1066, 53.73
SBIETFQLTY, EQ, 02-Mar-2021,124.89,126.49,126.5,124.42,125.96,125.9,125.8,9071,11.41,102, 7258, 80.01
SBILIFE, EQ, 02-Mar-2021,876.4,876.75,886.0,870.5,885.3,879.15,878.43,1583910,13913.5,51328, 823378, 51.98
SBIN, EQ, 02-Mar-2021,394.95,395.0,399.55,390.55,394.8,394.2,394.42,30534337,120433.49,249193, 7102687, 23.26
SCAPDVR, BE, 02-Mar-2021,1.7,1.75,1.75,1.75,1.75,1.75,1.75,21791,0.38,19, -, -
SCHAEFFLER, EQ, 02-Mar-2021,5161.95,5151.05,5228.45,5142.95,5214.95,5205.5,5200.91,21432,1114.66,3660, 18808, 87.76
SCHAND, EQ, 02-Mar-2021,99.0,99.8,102.0,93.7,96.0,96.05,97.38,532904,518.93,5533, 292146, 54.82
SCHNEIDER, EQ, 02-Mar-2021,113.35,114.75,115.3,112.4,113.85,113.8,113.74,502284,571.28,7337, 200998, 40.02
SCI, EQ, 02-Mar-2021,103.75,118.0,124.5,115.5,124.5,124.5,120.51,30135072,36314.47,156922, 9644943, 32.01
SDBL, EQ, 02-Mar-2021,34.8,34.8,36.3,34.0,34.5,34.4,34.97,383058,133.96,1596, 241693, 63.10
SEAMECLTD, EQ, 02-Mar-2021,485.0,489.45,491.4,472.2,477.8,475.4,478.32,26942,128.87,2320, 6344, 23.55
SECURCRED, SZ, 02-Mar-2021,16.0,15.75,15.9,15.2,15.2,15.2,15.76,3600,0.57,4, 3000, 83.33
SECURKLOUD, EQ, 02-Mar-2021,86.65,88.95,89.5,84.5,87.35,86.65,86.25,45969,39.65,1324, 24048, 52.31
SELAN, EQ, 02-Mar-2021,132.8,132.8,135.35,132.0,133.6,133.55,133.86,159077,212.95,3367, 46482, 29.22
SELMCL, BZ, 02-Mar-2021,1.6,1.55,1.55,1.55,1.55,1.55,1.55,31469,0.49,53, -, -
SEPOWER, BE, 02-Mar-2021,4.0,4.1,4.2,4.0,4.2,4.1,4.04,15766,0.64,63, -, -
SEQUENT, EQ, 02-Mar-2021,246.95,248.0,249.0,242.2,245.0,243.6,245.73,313539,770.46,6043, 205218, 65.45
SESHAPAPER, EQ, 02-Mar-2021,162.35,162.35,171.45,162.0,167.2,167.95,167.26,404232,676.12,6457, 125745, 31.11
SETCO, EQ, 02-Mar-2021,17.2,17.45,17.8,17.05,17.4,17.35,17.43,321556,56.05,816, 225864, 70.24
SETF10GILT, EQ, 02-Mar-2021,199.17,202.0,202.0,199.0,199.0,199.56,200.18,380,0.76,18, 267, 70.26
SETFGOLD, EQ, 02-Mar-2021,4110.5,4083.0,4090.0,4039.0,4061.75,4063.15,4051.81,21728,880.38,3318, 15023, 69.14
SETFNIF50, EQ, 02-Mar-2021,152.15,152.47,155.0,152.2,154.0,153.84,153.2,92461,141.65,1307, 56556, 61.17
SETFNIFBK, EQ, 02-Mar-2021,352.18,355.0,355.96,349.21,353.35,353.35,352.45,28054,98.88,855, 10671, 38.04
SETFNN50, EQ, 02-Mar-2021,358.16,362.99,365.0,357.05,365.0,364.4,362.53,9483,34.38,354, 8332, 87.86
SETUINFRA, BE, 02-Mar-2021,0.8,0.8,0.85,0.75,0.8,0.8,0.78,105730,0.83,58, -, -
SEYAIND, EQ, 02-Mar-2021,51.05,50.85,51.6,49.65,51.0,51.1,50.39,25696,12.95,448, 19943, 77.61
SEZAL, BZ, 02-Mar-2021,5.1,5.35,5.35,5.2,5.35,5.35,5.35,36967,1.98,26, -, -
SFL, EQ, 02-Mar-2021,2008.35,2001.0,2030.95,1993.25,2020.0,2011.2,2015.96,16829,339.27,3252, 11416, 67.84
SGBAPR28I, GB, 02-Mar-2021,4728.42,4715.0,4970.0,4701.0,4750.0,4738.22,4725.45,216,10.21,50, 207, 95.83
SGBAUG24, GB, 02-Mar-2021,4768.11,4725.0,4837.0,4725.0,4751.0,4751.5,4749.59,275,13.06,55, 248, 90.18
SGBAUG27, GB, 02-Mar-2021,4734.35,4734.35,4782.0,4605.0,4711.0,4704.33,4661.34,246,11.47,44, 239, 97.15
SGBAUG28V, GB, 02-Mar-2021,4700.03,4700.0,4700.0,4670.0,4670.0,4677.91,4681.18,4761,222.87,947, 4536, 95.27
SGBDC27VII, GB, 02-Mar-2021,4739.0,4738.0,4738.0,4700.0,4700.0,4700.0,4719.5,4,0.19,4, 4, 100.00
SGBDEC2512, GB, 02-Mar-2021,4944.0,4888.0,4890.0,4880.0,4880.0,4880.0,4887.92,13,0.64,5, 6, 46.15
SGBDEC2513, GB, 02-Mar-2021,4750.0,4700.0,4800.0,4700.0,4800.0,4800.0,4750.0,2,0.1,2, 2, 100.00
SGBDEC26, GB, 02-Mar-2021,4700.0,4950.0,4950.0,4950.0,4950.0,4950.0,4950.0,1,0.05,1, 1, 100.00
SGBFEB24, GB, 02-Mar-2021,4722.71,4707.9,4720.99,4700.0,4700.0,4712.25,4704.57,198,9.32,28, 197, 99.49
SGBFEB28IX, GB, 02-Mar-2021,4700.05,4695.0,4796.0,4662.0,4700.0,4700.0,4732.02,78,3.69,11, 78, 100.00
SGBFEB29XI, GB, 02-Mar-2021,4711.8,4712.0,4790.0,4680.0,4700.0,4722.39,4698.26,167,7.85,55, 161, 96.41
SGBJ28VIII, GB, 02-Mar-2021,4789.9,4710.0,4743.0,4710.0,4743.0,4743.0,4734.75,4,0.19,3, 4, 100.00
SGBJAN27, GB, 02-Mar-2021,4640.01,4700.0,4700.0,4645.0,4698.9,4689.34,4685.95,68,3.19,11, 62, 91.18
SGBJAN29IX, GB, 02-Mar-2021,4692.12,4693.0,4700.0,4675.01,4690.0,4682.09,4687.01,247,11.58,74, 217, 87.85
SGBJAN29X, GB, 02-Mar-2021,4699.09,4700.0,4759.0,4676.0,4690.0,4690.57,4699.76,122,5.73,49, 112, 91.80
SGBJUL25, GB, 02-Mar-2021,4693.5,4745.0,4745.0,4650.0,4743.0,4743.0,4728.76,136,6.43,18, 132, 97.06
SGBJUL27, GB, 02-Mar-2021,4670.0,4620.0,4662.0,4550.0,4660.0,4660.5,4612.98,146,6.73,27, 93, 63.70
SGBJUL28IV, GB, 02-Mar-2021,4677.68,4650.0,4700.0,4600.0,4640.0,4633.84,4648.01,2125,98.77,316, 1800, 84.71
SGBJUN28, GB, 02-Mar-2021,4663.73,4663.73,4663.73,4627.05,4630.0,4640.98,4641.98,442,20.52,85, 423, 95.70
SGBMAR24, GB, 02-Mar-2021,4726.0,4781.0,4781.0,4651.0,4695.0,4699.16,4714.72,19,0.9,13, 19, 100.00
SGBMAR25, GB, 02-Mar-2021,4720.0,4650.0,4670.0,4620.0,4625.02,4630.52,4644.13,604,28.05,72, 471, 77.98
SGBMAR28X, GB, 02-Mar-2021,4730.0,4700.0,4735.0,4653.0,4670.0,4670.0,4679.65,20,0.94,11, 17, 85.00
SGBMAY25, GB, 02-Mar-2021,4681.13,4685.0,4697.8,4576.0,4680.4,4680.31,4647.2,301,13.99,75, 254, 84.39
SGBMAY26, GB, 02-Mar-2021,4702.0,4702.0,4702.0,4606.0,4698.0,4698.0,4628.72,43,1.99,14, 43, 100.00
SGBMAY28, GB, 02-Mar-2021,4676.84,4669.0,4669.0,4621.1,4646.5,4646.33,4629.49,726,33.61,154, 642, 88.43
SGBN28VIII, GB, 02-Mar-2021,4805.0,4750.0,4800.0,4735.0,4751.0,4750.38,4753.09,74,3.52,40, 63, 85.14
SGBNOV23, GB, 02-Mar-2021,4860.0,4752.0,4752.0,4750.0,4750.0,4750.0,4750.31,64,3.04,21, 64, 100.00
SGBNOV24, GB, 02-Mar-2021,4690.5,4690.0,4690.0,4655.0,4660.0,4665.0,4675.18,250,11.69,30, 243, 97.20
SGBNOV258, GB, 02-Mar-2021,4736.36,4690.0,4690.0,4690.0,4690.0,4690.0,4690.0,8,0.38,3, 8, 100.00
SGBNOV25IX, GB, 02-Mar-2021,4760.0,4608.0,4608.0,4606.0,4606.0,4606.0,4607.4,10,0.46,2, 10, 100.00
SGBNOV26, GB, 02-Mar-2021,4713.9,4713.9,4713.9,4713.9,4713.9,4713.9,4713.9,1,0.05,1, 1, 100.00
SGBOC28VII, GB, 02-Mar-2021,4750.0,4774.0,4774.0,4720.0,4755.0,4755.0,4736.03,33,1.56,17, 21, 63.64
SGBOCT25, GB, 02-Mar-2021,4800.0,4750.0,4750.0,4750.0,4750.0,4750.0,4750.0,24,1.14,5, 24, 100.00
SGBOCT25IV, GB, 02-Mar-2021,4700.0,4700.0,5147.1,4700.0,4983.99,4983.99,4853.5,76,3.69,17, 76, 100.00
SGBOCT25V, GB, 02-Mar-2021,4825.0,4769.99,4769.99,4769.99,4769.99,4769.99,4769.99,10,0.48,1, 10, 100.00
SGBOCT26, GB, 02-Mar-2021,4770.0,4790.0,4790.0,4790.0,4790.0,4790.0,4790.0,2,0.1,1, 2, 100.00
SGBOCT27, GB, 02-Mar-2021,4799.99,4750.0,4750.0,4617.1,4695.0,4695.0,4697.43,38,1.79,13, 33, 86.84
SGBOCT27VI, GB, 02-Mar-2021,4750.0,4650.0,4780.0,4650.0,4680.0,4680.0,4664.25,40,1.87,8, 39, 97.50
SGBSEP24, GB, 02-Mar-2021,4750.0,4750.0,4750.0,4675.0,4675.0,4675.0,4681.19,167,7.82,22, 167, 100.00
SGBSEP27, GB, 02-Mar-2021,4800.0,4755.0,4755.0,4755.0,4755.0,4755.0,4755.0,10,0.48,3, 10, 100.00
SGBSEP28VI, GB, 02-Mar-2021,4752.38,4739.98,4770.0,4739.98,4758.0,4758.0,4754.78,516,24.53,77, 496, 96.12
SGL, EQ, 02-Mar-2021,9.45,9.95,9.95,9.0,9.4,9.3,9.36,12794,1.2,132, 8551, 66.84
SHAHALLOYS, BE, 02-Mar-2021,7.4,7.35,7.35,7.35,7.35,7.35,7.35,35,0.0,1, -, -
SHAKTIPUMP, EQ, 02-Mar-2021,541.7,549.0,557.0,527.1,533.5,532.25,543.46,79895,434.2,5075, 32986, 41.29
SHALBY, EQ, 02-Mar-2021,106.45,106.9,108.8,106.9,107.4,107.85,107.75,90910,97.95,2183, 31960, 35.16
SHALPAINTS, EQ, 02-Mar-2021,93.2,93.95,94.95,92.1,92.95,92.6,93.01,129319,120.28,1937, 71108, 54.99
SHANKARA, EQ, 02-Mar-2021,453.6,454.6,460.7,445.15,449.0,451.7,452.69,70989,321.36,4345, 24010, 33.82
SHANTI, SM, 02-Mar-2021,23.5,23.5,23.5,23.5,23.5,23.5,23.5,18000,4.23,4, 18000, 100.00
SHANTIGEAR, EQ, 02-Mar-2021,134.05,133.3,138.75,133.2,136.45,136.65,136.32,75706,103.2,1281, 50500, 66.71
SHARDACROP, EQ, 02-Mar-2021,329.5,330.0,337.2,330.0,332.9,331.1,333.01,78821,262.48,4966, 47843, 60.70
SHARDAMOTR, EQ, 02-Mar-2021,2176.8,2200.0,2240.0,2165.05,2194.05,2186.95,2196.28,2137,46.93,555, 1266, 59.24
SHAREINDIA, EQ, 02-Mar-2021,232.05,237.95,237.95,229.5,229.5,230.95,233.58,5045,11.78,150, 4013, 79.54
SHARIABEES, EQ, 02-Mar-2021,347.81,352.0,356.85,349.0,354.75,354.0,350.33,814,2.85,54, 661, 81.20
SHEMAROO, EQ, 02-Mar-2021,67.95,67.5,70.0,67.5,68.85,68.7,68.71,53473,36.74,452, 44624, 83.45
SHIL, EQ, 02-Mar-2021,299.85,304.0,311.3,295.0,303.9,302.45,303.16,173063,524.66,4319, 94990, 54.89
SHILPAMED, EQ, 02-Mar-2021,366.5,369.9,372.3,366.9,368.5,368.2,369.36,137156,506.6,8740, 73734, 53.76
SHIVAMAUTO, EQ, 02-Mar-2021,20.6,20.7,21.0,20.1,20.25,20.4,20.6,113706,23.43,507, 71928, 63.26
SHIVAMILLS, BE, 02-Mar-2021,42.9,45.0,45.0,43.15,45.0,44.9,44.92,39088,17.56,87, -, -
SHIVATEX, EQ, 02-Mar-2021,138.5,141.0,141.85,133.7,133.85,134.7,136.52,9399,12.83,225, 5914, 62.92
SHK, EQ, 02-Mar-2021,117.8,118.7,120.05,118.0,119.1,119.85,119.39,203642,243.13,2801, 124018, 60.90
SHOPERSTOP, EQ, 02-Mar-2021,212.65,212.65,215.0,209.8,211.5,212.1,212.77,141132,300.29,2981, 69626, 49.33
SHREDIGCEM, EQ, 02-Mar-2021,59.35,60.5,62.5,60.5,62.05,61.95,61.56,1863519,1147.15,8094, 1093844, 58.70
SHREECEM, EQ, 02-Mar-2021,27706.95,27710.0,27800.0,27280.05,27755.0,27658.75,27542.55,39347,10837.17,15176, 11037, 28.05
SHREEPUSHK, EQ, 02-Mar-2021,139.25,142.0,143.3,137.6,138.0,138.75,140.13,38321,53.7,976, 24814, 64.75
SHREERAMA, EQ, 02-Mar-2021,8.1,8.4,8.45,8.05,8.4,8.3,8.27,32443,2.68,322, 26215, 80.80
SHRENIK, EQ, 02-Mar-2021,2.75,2.85,2.85,2.65,2.65,2.65,2.67,2928334,78.21,2514, 2453902, 83.80
SHREYANIND, EQ, 02-Mar-2021,83.6,84.45,88.4,82.0,86.5,86.4,85.42,152083,129.91,2219, 77314, 50.84
SHREYAS, EQ, 02-Mar-2021,82.4,83.0,85.0,81.1,84.95,84.2,83.43,129801,108.29,1076, 69495, 53.54
SHRIPISTON, BE, 02-Mar-2021,779.95,795.55,795.55,775.0,775.0,775.0,775.26,642,4.98,15, -, -
SHRIRAMCIT, EQ, 02-Mar-2021,1517.8,1518.0,1617.2,1518.0,1566.0,1563.95,1574.77,14501,228.36,3070, 5753, 39.67
SHRIRAMEPC, EQ, 02-Mar-2021,4.45,4.55,4.85,4.45,4.6,4.5,4.63,584079,27.05,545, 336049, 57.53
SHUBHLAXMI, SM, 02-Mar-2021,14.1,13.4,13.4,13.4,13.4,13.4,13.4,22000,2.95,22, 21000, 95.45
SHYAMCENT, EQ, 02-Mar-2021,5.45,5.65,5.8,5.35,5.45,5.4,5.5,137458,7.56,348, 103881, 75.57
SHYAMTEL, BE, 02-Mar-2021,10.35,10.85,10.85,10.85,10.85,10.85,10.85,5805,0.63,19, -, -
SICAGEN, EQ, 02-Mar-2021,14.95,15.2,15.5,14.85,15.5,15.2,15.09,20227,3.05,122, 17813, 88.07
SICAL, EQ, 02-Mar-2021,16.9,17.95,18.5,16.65,16.8,16.85,17.49,1665204,291.29,3399, 1145440, 68.79
SIEMENS, EQ, 02-Mar-2021,1908.1,1919.95,1945.0,1903.35,1934.9,1939.65,1925.08,364909,7024.79,16433, 113622, 31.14
SIGIND, EQ, 02-Mar-2021,36.6,37.35,39.5,34.1,34.5,34.5,35.73,228257,81.56,2150, 125456, 54.96
SIGMA, SM, 02-Mar-2021,45.0,44.9,45.0,37.2,45.0,45.0,43.01,12000,5.16,4, 9000, 75.00
SIKKO, SM, 02-Mar-2021,21.55,22.6,22.6,22.3,22.3,22.3,22.47,20000,4.49,5, 20000, 100.00
SIL, BE, 02-Mar-2021,13.35,14.0,14.0,14.0,14.0,14.0,14.0,2570,0.36,9, -, -
SILGO, SM, 02-Mar-2021,41.0,49.2,49.2,44.8,44.85,44.85,45.61,30000,13.68,8, 26250, 87.50
SILINV, EQ, 02-Mar-2021,203.25,205.0,209.6,201.15,201.55,201.55,203.0,2929,5.95,375, 1432, 48.89
SILLYMONKS, BE, 02-Mar-2021,23.35,22.65,24.0,22.2,23.0,22.35,22.58,10001,2.26,58, -, -
SILVERTUC, SM, 02-Mar-2021,94.0,89.0,89.0,89.0,89.0,89.0,89.0,2000,1.78,2, 2000, 100.00
SIMBHALS, EQ, 02-Mar-2021,6.8,6.95,7.1,6.7,7.0,7.0,7.0,62435,4.37,143, 18104, 29.00
SIMPLEXINF, EQ, 02-Mar-2021,36.35,36.35,37.2,35.55,35.75,35.65,36.06,207602,74.87,1018, 157990, 76.10
SINTERCOM, EQ, 02-Mar-2021,89.65,91.15,95.1,88.25,88.25,88.4,89.4,10898,9.74,56, 9974, 91.52
SINTEX, BE, 02-Mar-2021,3.7,3.7,3.8,3.65,3.75,3.7,3.72,1315543,49.0,1037, -, -
SIRCA, BE, 02-Mar-2021,331.25,339.0,340.0,325.35,331.15,332.7,331.11,10268,34.0,156, -, -
SIS, EQ, 02-Mar-2021,425.8,427.0,433.9,426.0,431.9,430.75,430.2,125380,539.38,5268, 57685, 46.01
SITINET, EQ, 02-Mar-2021,0.9,0.9,0.95,0.85,0.9,0.9,0.89,3951063,35.29,1000, 3330900, 84.30
SIYSIL, EQ, 02-Mar-2021,219.55,220.65,225.0,217.6,220.5,220.8,221.8,88288,195.82,2577, 46885, 53.10
SJVN, EQ, 02-Mar-2021,26.7,27.1,27.55,26.85,27.2,27.15,27.23,6306972,1717.23,10606, 2546951, 40.38
SKFINDIA, EQ, 02-Mar-2021,2229.2,2228.0,2259.55,2213.55,2237.95,2242.1,2237.22,40824,913.32,8058, 29643, 72.61
SKIL, BE, 02-Mar-2021,3.25,3.4,3.4,3.1,3.15,3.1,3.18,137101,4.36,132, -, -
SKIPPER, EQ, 02-Mar-2021,62.75,63.0,63.8,61.5,62.15,62.45,62.25,55731,34.69,718, 35738, 64.13
SKMEGGPROD, EQ, 02-Mar-2021,50.05,50.75,50.85,50.0,50.4,50.15,50.37,30410,15.32,314, 16371, 53.83
SMARTLINK, EQ, 02-Mar-2021,90.0,90.0,90.9,88.2,88.7,88.85,89.04,16536,14.72,393, 11344, 68.60
SMCGLOBAL, BE, 02-Mar-2021,99.9,99.0,99.25,94.95,94.95,95.05,96.09,95449,91.72,468, -, -
SMLISUZU, EQ, 02-Mar-2021,490.25,493.0,499.9,490.4,493.0,493.45,495.53,18782,93.07,1233, 9181, 48.88
SMSLIFE, EQ, 02-Mar-2021,529.85,545.0,545.0,529.95,543.0,536.45,535.08,2323,12.43,193, 1555, 66.94
SMSPHARMA, EQ, 02-Mar-2021,134.9,135.5,136.9,131.6,132.25,132.3,133.87,125896,168.53,3633, 68248, 54.21
SMVD, SM, 02-Mar-2021,8.55,8.95,8.95,8.95,8.95,8.95,8.95,2000,0.18,1, 2000, 100.00
SNOWMAN, EQ, 02-Mar-2021,52.7,53.15,53.7,51.4,52.4,52.6,52.63,1585759,834.54,7735, 674115, 42.51
SOBHA, EQ, 02-Mar-2021,439.55,442.8,455.0,441.0,452.0,451.35,449.97,88233,397.02,8031, 38986, 44.19
SOFTTECH, SM, 02-Mar-2021,90.0,89.75,90.0,89.75,90.0,89.85,89.88,3200,2.88,2, 3200, 100.00
SOLARA, EQ, 02-Mar-2021,1321.8,1338.0,1354.0,1286.0,1328.0,1327.35,1310.27,110889,1452.95,8554, 48919, 44.12
SOLARINDS, EQ, 02-Mar-2021,1340.65,1374.0,1374.0,1323.0,1340.0,1338.3,1343.69,12235,164.4,1692, 6993, 57.16
SOMANYCERA, EQ, 02-Mar-2021,435.95,434.95,453.5,432.0,449.95,445.05,439.72,54087,237.83,3487, 36923, 68.27
SOMATEX, BE, 02-Mar-2021,8.05,8.45,8.45,7.65,8.35,8.05,8.13,222279,18.08,645, -, -
SOMICONVEY, BE, 02-Mar-2021,31.15,31.15,31.65,30.1,30.8,30.9,30.84,6534,2.01,85, -, -
SONAMCLOCK, SM, 02-Mar-2021,58.2,58.25,58.35,58.25,58.35,58.35,58.3,9000,5.25,3, 0, 0.00
SONATSOFTW, EQ, 02-Mar-2021,476.05,482.95,499.4,482.95,492.1,488.9,492.32,517613,2548.33,16954, 170733, 32.98
SONISOYA, SZ, 02-Mar-2021,10.95,10.45,10.45,10.45,10.45,10.45,10.45,6000,0.63,1, 6000, 100.00
SORILINFRA, EQ, 02-Mar-2021,192.9,194.8,199.0,188.1,190.3,189.45,193.33,98889,191.19,3800, 46292, 46.81
SOTL, EQ, 02-Mar-2021,1081.65,1084.0,1092.8,1073.65,1085.0,1079.35,1080.32,28223,304.9,3404, 18075, 64.04
SOUTHBANK, EQ, 02-Mar-2021,10.5,10.6,10.75,10.0,10.25,10.25,10.31,54573089,5628.71,61976, 24899500, 45.63
SOUTHWEST, EQ, 02-Mar-2021,49.7,50.0,50.95,48.8,49.0,49.0,49.54,18036,8.94,51, 17070, 94.64
SPAL, EQ, 02-Mar-2021,181.15,182.0,187.65,175.55,176.0,176.85,180.27,35386,63.79,847, 22486, 63.54
SPANDANA, EQ, 02-Mar-2021,605.95,609.1,613.9,595.5,603.0,601.35,605.06,138164,835.98,12815, 88706, 64.20
SPARC, EQ, 02-Mar-2021,166.1,166.6,171.95,166.55,170.4,170.45,170.53,798218,1361.2,7510, 326696, 40.93
SPECIALITY, EQ, 02-Mar-2021,43.45,43.75,46.05,43.7,45.15,45.3,45.26,120854,54.69,827, 82728, 68.45
SPENCERS, EQ, 02-Mar-2021,77.5,77.9,79.85,77.5,78.35,78.25,78.68,340569,267.97,3107, 159760, 46.91
SPENTEX, BZ, 02-Mar-2021,0.75,0.75,0.75,0.7,0.75,0.75,0.72,191776,1.38,17, -, -
SPIC, EQ, 02-Mar-2021,31.4,31.2,33.9,30.5,31.9,31.75,32.36,6000145,1941.89,16897, 1819255, 30.32
SPICEJET, EQ, 02-Mar-2021,83.25,83.5,84.9,83.2,84.2,83.85,83.89,2549216,2138.49,15615, 1035612, 40.62
SPLIL, EQ, 02-Mar-2021,36.7,37.05,37.9,37.0,37.05,37.1,37.33,28917,10.79,428, 14361, 49.66
SPMLINFRA, EQ, 02-Mar-2021,13.05,13.1,13.25,12.6,12.7,12.8,12.98,23100,3.0,84, 20622, 89.27
SPTL, EQ, 02-Mar-2021,3.4,3.4,3.65,3.35,3.45,3.45,3.48,1654906,57.62,1026, 1062982, 64.23
SPYL, BE, 02-Mar-2021,0.45,0.45,0.45,0.4,0.4,0.4,0.41,295062,1.2,141, -, -
SREEL, EQ, 02-Mar-2021,144.8,144.9,146.4,144.9,145.0,145.0,145.13,18356,26.64,337, 14328, 78.06
SREIBNPNCD, NJ, 02-Mar-2021,409.75,411.0,411.0,401.0,401.0,401.0,408.32,85,0.35,9, 67, 78.82
SREIBNPNCD, NN, 02-Mar-2021,490.2,501.12,501.12,501.12,501.12,501.12,501.12,42,0.21,1, 42, 100.00
SREIBNPNCD, NR, 02-Mar-2021,390.0,390.0,390.0,390.0,390.0,390.0,390.0,41,0.16,1, 41, 100.00
SREIBNPNCD, NV, 02-Mar-2021,333.0,270.35,270.35,270.35,270.35,270.35,270.35,10,0.03,1, 10, 100.00
SREIBNPNCD, NX, 02-Mar-2021,386.1,400.0,400.0,400.0,400.0,400.0,400.0,10,0.04,2, 10, 100.00
SREIBNPNCD, YA, 02-Mar-2021,399.99,320.0,448.99,320.0,350.0,350.0,324.2,225,0.73,4, 225, 100.00
SREINFRA, EQ, 02-Mar-2021,6.4,6.45,7.1,6.4,6.85,6.85,6.79,2762613,187.46,2662, 1297868, 46.98
SRF, EQ, 02-Mar-2021,5421.75,5450.0,5550.0,5421.0,5544.0,5501.8,5467.9,119790,6550.0,15322, 58093, 48.50
SRHHYPOLTD, EQ, 02-Mar-2021,238.65,239.0,286.35,239.0,277.0,275.75,267.57,479919,1284.13,11982, 197545, 41.16
SRIPIPES, EQ, 02-Mar-2021,170.05,171.0,186.0,170.05,176.1,175.85,175.25,293964,515.17,4560, 159729, 54.34
SRIRAM, SM, 02-Mar-2021,14.0,14.45,14.7,14.45,14.7,14.7,14.6,54000,7.88,9, 54000, 100.00
SRPL, BE, 02-Mar-2021,32.0,31.4,33.6,30.4,32.0,32.0,31.7,1862,0.59,18, -, -
SRTRANSFIN, EQ, 02-Mar-2021,1333.6,1346.5,1376.0,1330.95,1349.95,1350.55,1353.37,1714090,23197.91,44865, 521204, 30.41
SRTRANSFIN, Y9, 02-Mar-2021,1075.95,1076.0,1076.0,1076.0,1076.0,1076.0,1076.0,89,0.96,2, 89, 100.00
SRTRANSFIN, YB, 02-Mar-2021,1019.03,1021.0,1021.4,1021.0,1021.4,1021.26,1021.26,562,5.74,4, 562, 100.00
SRTRANSFIN, YH, 02-Mar-2021,1005.91,1010.0,1010.0,1005.61,1009.9,1009.9,1007.23,160,1.61,6, 160, 100.00
SRTRANSFIN, YL, 02-Mar-2021,1064.0,1065.1,1065.1,1065.0,1065.0,1065.06,1065.07,300,3.2,4, 300, 100.00
SRTRANSFIN, YO, 02-Mar-2021,1006.69,1019.99,1020.0,1019.99,1020.0,1020.0,1020.0,70,0.71,2, 70, 100.00
SRTRANSFIN, YP, 02-Mar-2021,1025.0,1040.0,1040.0,1040.0,1040.0,1040.0,1040.0,100,1.04,3, 100, 100.00
SRTRANSFIN, YQ, 02-Mar-2021,1038.18,1038.0,1038.0,1038.0,1038.0,1038.0,1038.0,88,0.91,1, 88, 100.00
SRTRANSFIN, YS, 02-Mar-2021,1074.3,1071.0,1071.0,1071.0,1071.0,1071.0,1071.0,100,1.07,4, 100, 100.00
SRTRANSFIN, YV, 02-Mar-2021,1008.05,1008.51,1014.0,1008.51,1014.0,1014.0,1013.09,6,0.06,2, 6, 100.00
SRTRANSFIN, YX, 02-Mar-2021,1013.01,1013.02,1016.0,1013.02,1013.03,1014.21,1013.88,35,0.35,3, 35, 100.00
SRTRANSFIN, YY, 02-Mar-2021,1011.24,1020.0,1020.0,1016.0,1016.0,1017.64,1017.64,73,0.74,3, 73, 100.00
SRTRANSFIN, YZ, 02-Mar-2021,1023.0,1050.0,1050.0,1050.0,1050.0,1050.0,1050.0,200,2.1,5, 200, 100.00
SRTRANSFIN, Z1, 02-Mar-2021,1206.0,1201.05,1201.05,1201.05,1201.05,1201.05,1201.05,20,0.24,1, 20, 100.00
SRTRANSFIN, Z3, 02-Mar-2021,1001.76,980.0,980.0,980.0,980.0,980.0,980.0,30,0.29,1, 30, 100.00
SRTRANSFIN, Z7, 02-Mar-2021,1049.99,1049.99,1049.99,1049.99,1049.99,1049.99,1049.99,125,1.31,1, 125, 100.00
SRTRANSFIN, ZG, 02-Mar-2021,1013.0,1012.99,1012.99,1012.99,1012.99,1012.99,1012.99,49,0.5,1, 49, 100.00
SRTRANSFIN, ZH, 02-Mar-2021,1010.0,1001.0,1001.0,1000.0,1000.0,1000.09,1000.09,333,3.33,10, 333, 100.00
SRTRANSFIN, ZI, 02-Mar-2021,960.5,998.99,999.0,998.99,999.0,999.0,998.99,135,1.35,3, 135, 100.00
SRTRANSFIN, ZK, 02-Mar-2021,1151.0,1051.01,1051.01,1051.01,1051.01,1051.01,1051.01,160,1.68,3, 80, 50.00
SSINFRA, SM, 02-Mar-2021,8.3,8.7,8.7,8.7,8.7,8.7,8.7,3000,0.26,1, 3000, 100.00
SSWL, EQ, 02-Mar-2021,642.05,640.05,661.7,640.05,659.0,656.3,653.24,27958,182.63,2173, 15238, 54.50
STAR, EQ, 02-Mar-2021,835.5,843.05,890.9,832.1,889.0,881.1,858.87,655517,5630.05,18567, 289998, 44.24
STARCEMENT, EQ, 02-Mar-2021,98.7,99.25,99.25,97.7,97.8,98.1,98.45,137627,135.49,1837, 82773, 60.14
STARPAPER, EQ, 02-Mar-2021,118.25,118.85,130.0,117.65,129.0,128.3,126.37,1036803,1310.24,15349, 333862, 32.20
STCINDIA, EQ, 02-Mar-2021,105.5,104.5,108.9,100.25,100.25,100.8,103.65,249932,259.05,3964, 101619, 40.66
STEELCITY, EQ, 02-Mar-2021,35.65,36.8,37.6,35.1,36.95,36.9,36.77,326546,120.08,671, 302980, 92.78
STEELXIND, EQ, 02-Mar-2021,52.95,52.95,54.9,50.0,52.9,53.35,53.65,288506,154.78,935, 208520, 72.28
STEL, BE, 02-Mar-2021,83.3,81.1,83.5,80.55,82.0,82.5,81.37,31142,25.34,127, -, -
STERTOOLS, EQ, 02-Mar-2021,220.1,224.6,224.7,215.35,222.0,222.55,220.08,24457,53.82,1137, 11525, 47.12
STLTECH, EQ, 02-Mar-2021,215.75,219.9,224.0,219.0,220.35,220.65,221.27,1516989,3356.62,23689, 722452, 47.62
STOVEKRAFT, EQ, 02-Mar-2021,513.7,514.7,519.8,501.2,502.5,504.15,508.86,317207,1614.14,13156, 163655, 51.59
SUBCAPCITY, BE, 02-Mar-2021,18.05,17.15,18.95,17.15,18.95,18.95,18.87,221,0.04,7, -, -
SUBEXLTD, EQ, 02-Mar-2021,27.45,27.9,30.65,27.35,28.9,28.9,29.25,14268934,4173.61,21308, 5166671, 36.21
SUBROS, EQ, 02-Mar-2021,351.6,354.8,354.8,341.0,343.0,343.6,345.55,66707,230.51,3147, 35274, 52.88
SUDARSCHEM, EQ, 02-Mar-2021,570.5,577.0,584.0,563.45,572.5,574.7,572.71,426704,2443.77,13563, 135266, 31.70
SUMICHEM, EQ, 02-Mar-2021,299.1,300.35,301.95,296.1,301.7,299.3,299.45,556285,1665.79,8915, 312443, 56.17
SUMIT, EQ, 02-Mar-2021,8.8,9.05,9.05,8.5,8.9,8.9,8.8,13544,1.19,49, 6678, 49.31
SUMMITSEC, EQ, 02-Mar-2021,575.25,561.25,582.0,561.25,570.0,569.95,572.74,7326,41.96,366, 6046, 82.53
SUNCLAYLTD, EQ, 02-Mar-2021,3563.65,3582.55,3600.05,3510.0,3545.0,3564.2,3565.3,15871,565.85,1347, 9778, 61.61
SUNDARAM, EQ, 02-Mar-2021,1.35,1.35,1.35,1.3,1.3,1.35,1.32,166453,2.2,166, 101900, 61.22
SUNDARMFIN, EQ, 02-Mar-2021,2607.8,2608.0,2646.4,2532.3,2625.0,2618.2,2587.83,45240,1170.73,4881, 18500, 40.89
SUNDARMHLD, EQ, 02-Mar-2021,87.75,89.4,91.5,87.4,88.5,88.5,89.62,656259,588.12,5081, 323890, 49.35
SUNDRMBRAK, EQ, 02-Mar-2021,351.0,354.35,364.75,351.65,358.45,356.15,359.39,2112,7.59,296, 950, 44.98
SUNDRMFAST, EQ, 02-Mar-2021,712.75,715.0,725.25,707.55,713.5,713.4,718.69,69848,501.99,4829, 39188, 56.10
SUNFLAG, EQ, 02-Mar-2021,64.55,65.05,71.4,64.7,69.35,69.15,68.62,3814194,2617.22,21212, 1239248, 32.49
SUNPHARMA, EQ, 02-Mar-2021,604.45,609.0,616.35,604.5,614.3,614.2,610.54,4776776,29164.18,84381, 1135821, 23.78
SUNTECK, EQ, 02-Mar-2021,350.1,351.75,356.5,348.9,350.9,350.35,351.01,126890,445.4,5903, 22135, 17.44
SUNTV, EQ, 02-Mar-2021,504.9,507.4,516.75,503.05,510.35,513.3,511.25,2815702,14395.25,32430, 862189, 30.62
SUPERHOUSE, EQ, 02-Mar-2021,128.75,128.2,131.55,128.05,129.4,129.6,129.82,33433,43.4,541, 13318, 39.83
SUPERSPIN, EQ, 02-Mar-2021,4.8,4.9,4.95,4.65,4.75,4.7,4.82,58668,2.83,251, 42955, 73.22
SUPPETRO, EQ, 02-Mar-2021,413.4,419.9,425.7,414.0,425.0,421.4,420.41,163296,686.52,6368, 107020, 65.54
SUPRAJIT, EQ, 02-Mar-2021,285.05,284.75,290.0,283.5,285.0,284.95,286.08,91391,261.45,3834, 42208, 46.18
SUPREMEENG, EQ, 02-Mar-2021,25.75,26.0,27.0,25.15,27.0,26.75,26.84,72421,19.44,84, 64406, 88.93
SUPREMEIND, EQ, 02-Mar-2021,2082.85,2100.0,2104.1,2078.1,2090.05,2091.55,2091.51,47348,990.29,5477, 26286, 55.52
SURANASOL, BE, 02-Mar-2021,8.75,8.9,8.95,8.65,8.85,8.8,8.86,38762,3.43,123, -, -
SURANAT&P, EQ, 02-Mar-2021,4.6,4.6,4.8,4.55,4.75,4.75,4.73,199110,9.41,214, 156073, 78.39
SURYALAXMI, EQ, 02-Mar-2021,28.95,29.5,30.1,28.05,28.3,28.4,28.48,22145,6.31,404, 20557, 92.83
SURYAROSNI, EQ, 02-Mar-2021,340.25,345.0,359.0,342.65,355.5,352.9,353.82,170198,602.2,4668, 109263, 64.20
SUTLEJTEX, EQ, 02-Mar-2021,43.95,45.7,46.45,44.4,44.4,44.85,45.65,296267,135.24,1926, 168900, 57.01
SUULD, BE, 02-Mar-2021,221.85,210.8,210.8,210.8,210.8,210.8,210.8,6326,13.34,60, -, -
SUVEN, EQ, 02-Mar-2021,84.8,84.4,86.6,84.0,84.3,84.4,85.19,339894,289.54,2639, 183188, 53.90
SUVENPHAR, EQ, 02-Mar-2021,481.7,485.0,488.65,472.0,475.0,480.45,478.25,260121,1244.03,13939, 150845, 57.99
SUZLON, EQ, 02-Mar-2021,5.9,5.9,6.05,5.85,5.9,5.95,5.92,29405618,1739.82,32800, 15346673, 52.19
SWANENERGY, EQ, 02-Mar-2021,147.2,147.7,148.9,144.5,148.0,146.95,147.27,152725,224.92,9099, 29244, 19.15
SWARAJENG, EQ, 02-Mar-2021,1341.9,1350.05,1410.0,1350.05,1398.0,1391.25,1389.55,61781,858.48,6315, 30659, 49.63
SWELECTES, EQ, 02-Mar-2021,201.2,212.0,214.85,192.95,194.0,195.2,204.84,89282,182.88,1771, 53878, 60.35
SWSOLAR, EQ, 02-Mar-2021,241.05,244.9,254.3,242.4,246.0,245.3,248.43,776529,1929.1,11277, 426007, 54.86
SYMPHONY, EQ, 02-Mar-2021,1205.35,1247.0,1446.4,1230.0,1446.4,1446.4,1381.97,1738495,24025.44,134242, 341876, 19.67
SYNCOM, BZ, 02-Mar-2021,2.5,2.6,2.6,2.45,2.45,2.45,2.5,100766,2.52,195, -, -
SYNGENE, EQ, 02-Mar-2021,558.15,558.8,569.0,550.1,552.0,552.5,557.49,459626,2562.39,25599, 270080, 58.76
TAINWALCHM, EQ, 02-Mar-2021,68.05,68.95,70.9,67.1,67.1,68.0,69.11,11252,7.78,260, 5951, 52.89
TAJGVK, EQ, 02-Mar-2021,124.15,124.8,125.95,123.75,123.9,124.0,124.55,66995,83.44,1048, 46554, 69.49
TAKE, EQ, 02-Mar-2021,56.75,57.1,57.9,56.55,57.1,56.85,57.24,823607,471.44,4229, 392226, 47.62
TALBROAUTO, EQ, 02-Mar-2021,212.1,212.2,216.0,201.2,208.9,207.95,208.0,99166,206.27,3062, 45417, 45.80
TANLA, EQ, 02-Mar-2021,941.4,948.0,988.45,947.4,988.45,988.45,981.91,461965,4536.06,14229, 250309, 54.18
TANTIACONS, BZ, 02-Mar-2021,2.15,2.05,2.05,2.05,2.05,2.05,2.05,1,0.0,1, -, -
TARACHAND, SM, 02-Mar-2021,37.25,38.25,38.5,38.0,38.0,38.0,38.29,8000,3.06,4, 8000, 100.00
TARC, EQ, 02-Mar-2021,33.85,34.1,34.4,31.5,32.6,32.7,33.05,800295,264.46,2496, 545010, 68.10
TARMAT, EQ, 02-Mar-2021,51.25,52.75,55.6,51.3,54.15,54.5,54.52,90051,49.1,1065, 50579, 56.17
TASTYBITE, EQ, 02-Mar-2021,15119.6,15119.6,15614.0,14550.0,14550.0,14791.5,15056.89,1509,227.21,986, 735, 48.71
TATACAPHSG, N2, 02-Mar-2021,1025.0,1023.1,1056.99,1023.1,1027.01,1027.01,1036.09,55,0.57,5, 40, 72.73
TATACAPHSG, N4, 02-Mar-2021,1069.99,1060.0,1060.0,1060.0,1060.0,1060.0,1060.0,5,0.05,1, 5, 100.00
TATACAPHSG, N8, 02-Mar-2021,1060.0,1055.0,1055.0,1055.0,1055.0,1055.0,1055.0,1,0.01,1, 1, 100.00
TATACHEM, EQ, 02-Mar-2021,743.45,745.0,746.0,723.1,733.8,733.65,731.3,7804433,57073.45,129161, 1720068, 22.04
TATACOFFEE, EQ, 02-Mar-2021,131.75,132.05,132.25,127.3,128.0,128.3,129.24,2573117,3325.59,19985, 960128, 37.31
TATACOMM, EQ, 02-Mar-2021,1114.8,1120.8,1333.95,1099.2,1203.0,1202.95,1232.08,1147870,14142.72,53181, 423907, 36.93
TATACONSUM, EQ, 02-Mar-2021,624.55,628.5,636.0,622.0,631.35,632.35,629.65,3051386,19213.08,54560, 1230322, 40.32
TATAELXSI, EQ, 02-Mar-2021,2622.15,2645.75,2646.95,2570.0,2588.0,2586.1,2592.45,419330,10870.91,51461, 171892, 40.99
TATAINVEST, EQ, 02-Mar-2021,1133.95,1150.0,1155.0,1119.3,1155.0,1146.7,1138.04,72529,825.41,4862, 43284, 59.68
TATAMETALI, EQ, 02-Mar-2021,776.35,777.0,800.0,765.5,786.8,793.3,783.94,275838,2162.41,13490, 70074, 25.40
TATAMOTORS, EQ, 02-Mar-2021,328.3,331.1,347.2,326.45,345.25,345.75,339.18,127708761,433164.84,728843, 20697600, 16.21
TATAMTRDVR, EQ, 02-Mar-2021,132.0,132.85,140.6,131.25,139.0,139.9,137.23,10767114,14775.21,55227, 4392315, 40.79
TATAPOWER, EQ, 02-Mar-2021,97.9,100.0,100.8,98.0,100.55,100.35,99.5,67108317,66774.84,168952, 16517783, 24.61
TATASTEEL, EQ, 02-Mar-2021,730.4,730.45,739.75,723.15,735.0,735.5,733.92,11113399,81563.45,127895, 1234996, 11.11
TATASTLBSL, EQ, 02-Mar-2021,47.05,47.6,47.65,46.65,47.25,47.3,47.25,7106027,3357.48,11070, 2612999, 36.77
TATASTLLP, EQ, 02-Mar-2021,691.35,697.0,701.9,682.5,689.65,694.2,691.16,93941,649.29,4309, 31926, 33.99
TBZ, EQ, 02-Mar-2021,77.35,78.0,78.65,75.25,75.25,75.95,77.02,104615,80.58,1496, 64764, 61.91
TCFSL, NB, 02-Mar-2021,1046.97,1046.0,1047.9,1046.0,1047.9,1047.9,1046.32,260,2.72,4, 260, 100.00
TCFSL, ND, 02-Mar-2021,1079.46,1080.0,1087.99,1080.0,1085.0,1084.99,1084.09,635,6.88,8, 635, 100.00
TCI, EQ, 02-Mar-2021,246.85,247.0,248.1,242.1,245.2,244.95,245.31,53350,130.87,1166, 39356, 73.77
TCIDEVELOP, EQ, 02-Mar-2021,306.95,307.95,313.65,307.4,310.0,310.0,310.4,179,0.56,25, 114, 63.69
TCIEXP, EQ, 02-Mar-2021,926.1,930.7,938.0,905.05,911.0,915.05,915.82,20333,186.21,3273, 10857, 53.40
TCIFINANCE, EQ, 02-Mar-2021,5.8,5.8,6.05,5.55,6.0,5.9,5.91,30994,1.83,77, 20446, 65.97
TCNSBRANDS, EQ, 02-Mar-2021,495.9,497.0,501.0,490.05,495.05,495.55,495.15,15418,76.34,1688, 9807, 63.61
TCPLPACK, EQ, 02-Mar-2021,375.7,378.6,380.95,369.25,378.0,378.0,376.35,3852,14.5,197, 2792, 72.48
TCS, EQ, 02-Mar-2021,2924.2,2960.0,3025.0,2948.0,3019.0,3006.35,2981.6,3306469,98585.6,186577, 1407212, 42.56
TDPOWERSYS, EQ, 02-Mar-2021,156.7,158.4,161.35,156.5,156.5,157.75,158.9,31024,49.3,724, 21747, 70.10
TEAMLEASE, EQ, 02-Mar-2021,3591.25,3627.0,3669.65,3501.25,3511.6,3560.7,3585.7,16393,587.8,5168, 6871, 41.91
TECHM, EQ, 02-Mar-2021,936.0,944.5,971.0,942.0,968.0,967.1,959.36,3703190,35527.08,89349, 1368125, 36.94
TECHNOE, EQ, 02-Mar-2021,307.35,314.0,318.0,306.05,311.2,312.0,311.05,924814,2876.65,13775, 674334, 72.92
TEJASNET, EQ, 02-Mar-2021,189.55,192.75,194.4,185.5,187.75,187.9,189.34,319231,604.44,5742, 185092, 57.98
TEMBO, SM, 02-Mar-2021,204.7,210.6,211.0,200.0,206.0,203.0,200.99,86000,172.85,37, 78000, 90.70
TERASOFT, EQ, 02-Mar-2021,42.05,43.6,43.6,41.5,42.5,42.35,42.19,40897,17.26,485, 23159, 56.63
TEXINFRA, EQ, 02-Mar-2021,69.85,74.2,74.7,70.9,72.5,72.35,72.75,220597,160.48,2613, 93432, 42.35
TEXMOPIPES, EQ, 02-Mar-2021,30.45,30.9,31.35,30.25,30.95,31.1,30.95,197543,61.15,871, 106979, 54.15
TEXRAIL, EQ, 02-Mar-2021,30.8,31.7,32.5,31.0,32.05,32.0,31.85,2870518,914.28,10025, 1221045, 42.54
TFCILTD, EQ, 02-Mar-2021,58.4,58.2,59.3,57.15,57.7,57.55,58.02,363254,210.75,2765, 179771, 49.49
TGBHOTELS, EQ, 02-Mar-2021,4.2,4.25,4.4,4.25,4.4,4.4,4.33,39460,1.71,34, 36761, 93.16
THANGAMAYL, EQ, 02-Mar-2021,624.2,638.0,644.1,626.4,627.0,628.75,629.86,19767,124.5,1386, 11286, 57.10
THEINVEST, EQ, 02-Mar-2021,96.05,104.5,104.5,92.3,96.0,95.3,95.91,12676,12.16,459, 8356, 65.92
THEJO, SM, 02-Mar-2021,1236.05,1261.0,1261.0,1250.0,1250.0,1250.0,1256.83,600,7.54,6, 600, 100.00
THEMISMED, EQ, 02-Mar-2021,306.5,307.45,321.0,305.3,307.0,306.7,308.84,20660,63.81,555, 13478, 65.24
THERMAX, EQ, 02-Mar-2021,1397.8,1397.8,1458.95,1391.3,1401.0,1417.55,1425.51,112496,1603.64,17308, 47140, 41.90
THIRUSUGAR, BZ, 02-Mar-2021,7.2,7.5,7.5,6.9,7.45,7.45,7.48,2832,0.21,19, -, -
THOMASCOOK, EQ, 02-Mar-2021,46.3,45.65,47.95,45.65,47.05,47.1,46.83,726761,340.32,2624, 363493, 50.02
THOMASCOTT, BE, 02-Mar-2021,7.0,6.65,7.25,6.65,7.2,7.2,6.92,659,0.05,14, -, -
THYROCARE, EQ, 02-Mar-2021,920.7,929.0,929.0,902.65,912.05,911.6,914.42,336365,3075.78,11614, 259168, 77.05
TI, EQ, 02-Mar-2021,28.2,28.35,28.8,27.8,27.95,27.95,28.13,143721,40.43,799, 83702, 58.24
TIDEWATER, EQ, 02-Mar-2021,4777.35,4814.0,4836.9,4696.0,4712.05,4716.8,4759.87,5593,266.22,1574, 2419, 43.25
TIIL, EQ, 02-Mar-2021,394.1,405.85,405.9,389.25,394.0,394.25,393.94,17876,70.42,814, 10265, 57.42
TIINDIA, EQ, 02-Mar-2021,1041.4,1067.8,1098.0,1044.0,1092.0,1090.1,1087.35,150378,1635.13,5792, 123845, 82.36
TIJARIA, BE, 02-Mar-2021,7.3,7.3,7.3,6.95,7.25,7.0,7.13,903,0.06,14, -, -
TIL, EQ, 02-Mar-2021,171.35,174.65,175.8,168.05,173.9,172.2,171.61,9319,15.99,432, 4189, 44.95
TIMESGTY, EQ, 02-Mar-2021,26.0,26.85,26.85,25.1,25.2,25.95,25.58,5113,1.31,146, 4382, 85.70
TIMETECHNO, EQ, 02-Mar-2021,59.75,59.95,61.5,58.3,59.4,59.15,60.22,813396,489.81,6086, 295239, 36.30
TIMKEN, EQ, 02-Mar-2021,1264.75,1262.0,1305.0,1262.0,1286.25,1291.05,1289.47,16168,208.48,2604, 4735, 29.29
TINPLATE, EQ, 02-Mar-2021,175.4,176.5,176.8,172.5,174.6,173.5,174.46,367568,641.25,6109, 162106, 44.10
TIPSINDLTD, BE, 02-Mar-2021,450.35,450.4,469.0,430.1,455.0,451.7,452.05,70296,317.77,172, -, -
TIRUMALCHM, EQ, 02-Mar-2021,98.6,99.4,102.0,98.7,100.0,99.45,100.2,815404,817.07,7229, 300834, 36.89
TIRUPATIFL, BE, 02-Mar-2021,24.6,24.75,24.75,24.75,24.75,24.75,24.75,200,0.05,4, -, -
TITAN, EQ, 02-Mar-2021,1452.15,1469.0,1474.0,1450.0,1469.65,1471.15,1462.49,1293306,18914.51,48795, 474596, 36.70
TMRVL, EQ, 02-Mar-2021,11.75,12.0,12.0,11.75,11.9,11.9,11.92,66564,7.94,370, 47462, 71.30
TNPETRO, EQ, 02-Mar-2021,56.3,57.3,57.85,52.05,54.25,54.35,54.59,2445755,1335.11,13163, 1077422, 44.05
TNPL, EQ, 02-Mar-2021,134.9,135.7,142.9,133.0,141.15,141.55,139.58,1426182,1990.73,20205, 664813, 46.61
TNTELE, BE, 02-Mar-2021,6.25,5.95,5.95,5.95,5.95,5.95,5.95,19200,1.14,27, -, -
TOKYOPLAST, EQ, 02-Mar-2021,71.0,70.7,71.0,69.8,70.3,70.2,70.51,6078,4.29,128, 3780, 62.19
TORNTPHARM, EQ, 02-Mar-2021,2439.7,2450.0,2488.7,2421.05,2467.05,2470.15,2444.62,454781,11117.65,37468, 277696, 61.06
TORNTPOWER, EQ, 02-Mar-2021,385.15,390.0,395.5,384.85,389.95,388.95,389.96,1463776,5708.17,19946, 239377, 16.35
TOTAL, EQ, 02-Mar-2021,58.0,60.8,60.8,55.25,55.35,55.75,56.4,25499,14.38,280, 19000, 74.51
TOUCHWOOD, BE, 02-Mar-2021,92.35,92.25,96.95,92.0,94.9,92.55,94.79,2346,2.22,49, -, -
TPLPLASTEH, EQ, 02-Mar-2021,162.35,165.85,171.1,160.25,165.0,165.6,167.91,17946,30.13,478, 10771, 60.02
TREEHOUSE, EQ, 02-Mar-2021,7.05,6.9,7.65,6.9,7.3,7.4,7.41,56003,4.15,138, 42428, 75.76
TREJHARA, EQ, 02-Mar-2021,31.9,31.7,32.05,31.0,31.1,31.1,31.28,33008,10.32,424, 10972, 33.24
TRENT, EQ, 02-Mar-2021,830.4,838.0,921.55,830.45,908.0,905.9,892.6,3800314,33921.7,138137, 910314, 23.95
TRF, EQ, 02-Mar-2021,96.9,98.05,99.0,96.7,98.0,97.3,97.4,11108,10.82,314, 9040, 81.38
TRIDENT, EQ, 02-Mar-2021,13.75,13.8,14.3,13.75,14.0,13.95,14.01,17026504,2386.13,15027, 7586555, 44.56
TRIGYN, EQ, 02-Mar-2021,69.25,70.85,70.9,68.75,69.95,69.6,69.68,69883,48.69,798, 48514, 69.42
TRIL, EQ, 02-Mar-2021,18.25,18.25,18.95,17.0,17.55,17.65,18.09,211513,38.27,681, 128875, 60.93
TRITURBINE, EQ, 02-Mar-2021,112.85,113.0,114.6,109.5,110.1,110.1,111.34,253782,282.55,15828, 140839, 55.50
TRIVENI, EQ, 02-Mar-2021,90.0,89.75,92.4,87.5,89.75,90.2,90.11,2235793,2014.73,15002, 859276, 38.43
TTKHLTCARE, EQ, 02-Mar-2021,565.85,570.5,585.0,563.1,566.6,567.55,574.51,2873,16.51,218, 1780, 61.96
TTKPRESTIG, EQ, 02-Mar-2021,7111.35,7310.0,8080.0,7137.5,7845.0,7921.9,7642.29,64896,4959.54,14721, 21294, 32.81
TTL, EQ, 02-Mar-2021,45.5,44.55,46.0,44.5,46.0,45.95,45.32,2115,0.96,122, 1296, 61.28
TTML, BE, 02-Mar-2021,15.35,15.35,15.4,14.6,14.65,14.65,14.68,3041656,446.44,10024, -, -
TV18BRDCST, EQ, 02-Mar-2021,32.5,33.0,33.45,31.2,32.15,32.15,32.3,17508905,5655.52,20314, 6178422, 35.29
TVSELECT, EQ, 02-Mar-2021,183.1,192.25,192.25,173.95,173.95,173.95,183.79,869281,1597.62,10146, 408933, 47.04
TVSMOTOR, EQ, 02-Mar-2021,616.55,620.0,634.9,609.0,630.55,632.4,624.05,2775784,17322.23,38507, 426060, 15.35
TVSSRICHAK, EQ, 02-Mar-2021,1918.1,1927.7,1959.0,1920.2,1929.6,1927.0,1932.96,5479,105.91,1008, 3496, 63.81
TVTODAY, EQ, 02-Mar-2021,276.9,280.3,284.95,274.0,275.0,275.15,278.98,110608,308.57,3424, 51303, 46.38
TVVISION, EQ, 02-Mar-2021,1.65,1.7,1.7,1.6,1.7,1.7,1.69,6453,0.11,42, 5930, 91.90
TWL, EQ, 02-Mar-2021,50.9,51.5,56.7,51.2,54.5,54.5,54.36,1809175,983.47,13435, 760817, 42.05
UBL, EQ, 02-Mar-2021,1188.75,1197.9,1212.9,1180.0,1205.1,1208.3,1191.61,320796,3822.65,8650, 128225, 39.97
UCALFUEL, EQ, 02-Mar-2021,154.45,155.7,157.7,153.35,156.4,156.25,155.72,85356,132.92,5605, 28520, 33.41
UCL, SM, 02-Mar-2021,33.25,33.35,37.5,33.25,37.5,37.5,34.16,12000,4.1,5, 6000, 50.00
UCOBANK, EQ, 02-Mar-2021,13.75,13.9,14.0,13.65,13.7,13.75,13.8,4046132,558.56,13038, 1925873, 47.60
UFLEX, EQ, 02-Mar-2021,364.9,364.9,374.8,364.9,367.5,368.1,369.15,209811,774.51,9444, 78355, 37.35
UFO, EQ, 02-Mar-2021,81.35,82.3,82.4,81.3,81.8,81.8,81.88,87549,71.69,945, 55106, 62.94
UGARSUGAR, EQ, 02-Mar-2021,16.95,17.0,17.6,16.8,17.55,17.4,17.3,427048,73.89,1270, 182026, 42.62
UJAAS, BE, 02-Mar-2021,2.85,2.9,2.95,2.85,2.95,2.95,2.91,1292993,37.66,800, -, -
UJJIVAN, EQ, 02-Mar-2021,246.05,247.9,250.45,243.0,244.5,244.5,246.04,561068,1380.47,10564, 256376, 45.69
UJJIVANSFB, EQ, 02-Mar-2021,33.85,34.2,34.45,33.4,33.65,33.5,33.68,3054318,1028.75,14375, 1800172, 58.94
ULTRACEMCO, EQ, 02-Mar-2021,6365.05,6375.0,6473.85,6312.1,6430.0,6423.1,6408.76,438046,28073.33,55717, 161232, 36.81
UMANGDAIRY, EQ, 02-Mar-2021,63.05,64.65,65.5,61.1,65.2,64.6,63.59,70872,45.07,701, 48648, 68.64
UMESLTD, BE, 02-Mar-2021,3.5,3.35,3.4,3.35,3.35,3.35,3.35,21206,0.71,69, -, -
UNICHEMLAB, EQ, 02-Mar-2021,322.9,322.9,339.7,322.9,337.15,337.35,334.54,110059,368.19,3050, 71932, 65.36
UNIDT, EQ, 02-Mar-2021,260.1,264.85,264.85,258.05,259.5,261.2,260.75,9934,25.9,127, 1516, 15.26
UNIENTER, EQ, 02-Mar-2021,82.85,83.85,90.0,82.6,83.45,83.0,84.97,82899,70.44,2080, 36110, 43.56
UNIONBANK, EQ, 02-Mar-2021,40.05,40.7,40.95,38.45,38.8,38.8,39.51,11101042,4386.28,20985, 5140991, 46.31
UNITECH, BZ, 02-Mar-2021,1.8,1.85,1.85,1.8,1.85,1.8,1.81,2111141,38.16,510, -, -
UNITEDPOLY, SM, 02-Mar-2021,19.0,18.05,18.05,18.05,18.05,18.05,18.05,9000,1.62,1, 9000, 100.00
UNITEDTEA, EQ, 02-Mar-2021,310.05,310.1,331.0,307.95,316.95,316.95,316.17,2084,6.59,111, 1649, 79.13
UNITY, BZ, 02-Mar-2021,0.9,0.85,0.95,0.85,0.95,0.95,0.94,22169,0.21,25, -, -
UNIVASTU, BE, 02-Mar-2021,29.6,30.5,30.7,29.0,30.7,30.7,30.13,6980,2.1,25, -, -
UNIVCABLES, EQ, 02-Mar-2021,136.35,136.5,138.45,134.9,137.5,137.35,135.93,54628,74.25,644, 43456, 79.55
UNIVPHOTO, EQ, 02-Mar-2021,176.65,179.55,182.35,177.2,181.8,180.45,179.45,2090,3.75,189, 1305, 62.44
UPL, EQ, 02-Mar-2021,590.6,603.0,608.8,580.15,589.15,589.45,589.68,10602015,62518.41,138231, 1563452, 14.75
URJA, BE, 02-Mar-2021,7.15,7.2,7.3,7.0,7.15,7.1,7.09,1693118,120.08,5681, -, -
USHAMART, EQ, 02-Mar-2021,30.7,31.0,31.05,29.85,30.35,30.3,30.34,1111447,337.25,2272, 719265, 64.71
UTIAMC, EQ, 02-Mar-2021,586.75,586.0,590.0,579.95,582.0,581.55,583.75,119321,696.54,5546, 36362, 30.47
UTIBANKETF, EQ, 02-Mar-2021,35.29,35.3,35.71,35.04,35.55,35.45,35.37,52420,18.54,398, 41909, 79.95
UTINEXT50, EQ, 02-Mar-2021,412.04,412.04,412.04,361.0,363.55,363.91,365.11,18718,68.34,612, 11963, 63.91
UTINIFTETF, EQ, 02-Mar-2021,1580.37,1612.0,1612.0,1580.0,1591.55,1590.25,1592.17,358,5.7,55, 221, 61.73
UTISENSETF, EQ, 02-Mar-2021,532.91,537.93,540.14,531.31,537.8,535.7,536.42,790,4.24,53, 534, 67.59
UTISXN50, EQ, 02-Mar-2021,40.31,41.51,42.62,38.66,40.0,40.02,40.37,3943,1.59,146, 3236, 82.07
UTTAMSTL, BE, 02-Mar-2021,7.1,7.3,7.3,7.0,7.1,7.05,7.12,137975,9.82,221, -, -
UTTAMSUGAR, EQ, 02-Mar-2021,99.75,100.0,103.7,99.05,101.6,101.95,102.02,180078,183.72,3666, 60363, 33.52
V2RETAIL, EQ, 02-Mar-2021,135.55,135.05,139.0,134.05,137.15,136.9,136.74,29111,39.81,564, 20423, 70.16
VADILALIND, EQ, 02-Mar-2021,876.3,872.6,895.0,871.4,893.0,889.5,888.04,9366,83.17,1305, 3758, 40.12
VAIBHAVGBL, EQ, 02-Mar-2021,3557.85,3605.0,3745.5,3572.65,3646.0,3691.95,3665.25,44714,1638.88,10202, 24464, 54.71
VAISHALI, BE, 02-Mar-2021,39.6,39.0,39.6,38.2,38.6,38.7,38.75,18027,6.98,230, -, -
VAKRANGEE, EQ, 02-Mar-2021,52.9,53.0,53.2,52.0,52.45,52.3,52.52,1274281,669.23,4221, 918718, 72.10
VALIANTORG, EQ, 02-Mar-2021,1235.0,1247.25,1262.75,1230.0,1239.4,1234.85,1241.61,14391,178.68,2082, 9783, 67.98
VARDHACRLC, EQ, 02-Mar-2021,39.35,40.0,41.25,38.8,40.2,39.85,39.92,121131,48.35,595, 77164, 63.70
VARDMNPOLY, EQ, 02-Mar-2021,26.1,24.8,24.8,24.8,24.8,24.8,24.8,42719,10.59,113, 42718, 100.00
VARROC, EQ, 02-Mar-2021,410.75,410.75,418.0,405.25,410.0,409.3,413.91,57781,239.16,3302, 28132, 48.69
VASA, SM, 02-Mar-2021,6.0,6.0,6.0,6.0,6.0,6.0,6.0,4000,0.24,1, 4000, 100.00
VASCONEQ, EQ, 02-Mar-2021,17.5,17.55,17.75,17.0,17.0,17.1,17.23,201704,34.76,516, 148499, 73.62
VASWANI, EQ, 02-Mar-2021,11.35,11.9,11.9,11.9,11.9,11.9,11.9,38259,4.55,113, 37208, 97.25
VBL, EQ, 02-Mar-2021,1044.95,1059.9,1061.0,1035.45,1054.0,1054.95,1052.45,245382,2582.53,11729, 169184, 68.95
VCL, SM, 02-Mar-2021,24.25,25.0,25.45,25.0,25.45,25.45,25.23,12000,3.03,2, 6000, 50.00
VEDL, EQ, 02-Mar-2021,213.6,215.75,217.95,213.2,215.05,214.75,215.07,12729476,27377.66,74499, 4121387, 32.38
VENKEYS, EQ, 02-Mar-2021,1597.3,1609.95,1618.0,1599.05,1605.5,1606.4,1606.6,32741,526.02,2622, 12640, 38.61
VENUSREM, EQ, 02-Mar-2021,216.0,219.0,226.8,219.0,221.4,222.15,224.35,80437,180.46,1622, 57011, 70.88
VERTOZ, EQ, 02-Mar-2021,281.05,285.0,290.0,280.1,282.0,283.05,285.13,101997,290.83,2784, 41444, 40.63
VESUVIUS, EQ, 02-Mar-2021,1036.15,1054.0,1054.0,1034.0,1035.0,1040.55,1044.72,3861,40.34,512, 2256, 58.43
VETO, EQ, 02-Mar-2021,147.65,148.8,151.8,144.0,145.9,145.8,148.19,227218,336.7,2178, 155017, 68.22
VGUARD, EQ, 02-Mar-2021,222.15,224.7,227.5,223.0,224.0,224.2,225.08,355215,799.52,8688, 173473, 48.84
VHL, EQ, 02-Mar-2021,1647.0,1800.0,1976.4,1755.05,1976.4,1976.4,1918.98,15137,290.48,1976, 6495, 42.91
VICEROY, BE, 02-Mar-2021,2.7,2.75,2.75,2.65,2.65,2.65,2.65,45130,1.2,35, -, -
VIDEOIND, BZ, 02-Mar-2021,5.4,5.4,5.65,5.35,5.65,5.65,5.57,377894,21.04,518, -, -
VIDHIING, EQ, 02-Mar-2021,136.15,138.9,140.0,136.0,138.0,138.25,137.75,63917,88.04,1762, 37953, 59.38
VIJIFIN, EQ, 02-Mar-2021,0.75,0.75,0.75,0.7,0.75,0.7,0.72,323746,2.34,166, 130040, 40.17
VIKASECO, EQ, 02-Mar-2021,2.7,2.8,2.8,2.7,2.8,2.8,2.79,4175579,116.53,4145, 2223229, 53.24
VIKASMCORP, EQ, 02-Mar-2021,3.5,3.65,3.65,3.6,3.65,3.65,3.64,2602375,94.84,1288, 1638083, 62.95
VIKASPROP, EQ, 02-Mar-2021,2.7,2.65,2.7,2.6,2.6,2.6,2.62,3002278,78.78,2098, 1506992, 50.19
VIKASWSP, EQ, 02-Mar-2021,5.4,5.65,5.65,5.35,5.65,5.65,5.62,977389,54.9,665, 671749, 68.73
VIMTALABS, EQ, 02-Mar-2021,165.5,166.0,170.95,164.6,165.0,165.35,168.15,29970,50.4,1070, 14495, 48.37
VINATIORGA, EQ, 02-Mar-2021,1446.7,1460.85,1466.0,1420.0,1429.8,1426.25,1440.08,41227,593.7,3990, 23466, 56.92
VINDHYATEL, EQ, 02-Mar-2021,845.45,842.0,857.0,835.0,836.0,845.7,844.32,19185,161.98,1533, 10391, 54.16
VINYLINDIA, EQ, 02-Mar-2021,135.9,136.45,137.4,131.55,133.4,133.75,133.84,143312,191.81,2617, 70848, 49.44
VIPCLOTHNG, BE, 02-Mar-2021,14.2,14.5,14.5,13.8,14.05,14.1,14.11,56596,7.98,132, -, -
VIPIND, EQ, 02-Mar-2021,406.15,408.35,412.8,396.05,398.8,398.0,403.68,974849,3935.23,13353, 656493, 67.34
VIPULLTD, EQ, 02-Mar-2021,30.15,31.65,31.65,31.65,31.65,31.65,31.65,10009,3.17,45, 10009, 100.00
VISAKAIND, EQ, 02-Mar-2021,510.15,510.0,516.9,505.25,506.2,506.95,510.17,21639,110.4,1599, 12688, 58.63
VISASTEEL, EQ, 02-Mar-2021,6.3,6.3,6.45,6.1,6.15,6.15,6.21,17163,1.07,70, 15896, 92.62
VISHAL, EQ, 02-Mar-2021,63.75,65.0,65.0,64.8,65.0,65.0,64.99,22901,14.88,173, 18060, 78.86
VISHNU, EQ, 02-Mar-2021,186.65,194.0,204.2,192.0,198.15,197.7,199.03,75694,150.66,1959, 41189, 54.42
VISHWARAJ, EQ, 02-Mar-2021,134.75,133.9,134.75,123.25,129.0,128.25,132.46,290561,384.89,2791, 134086, 46.15
VIVIDHA, BE, 02-Mar-2021,0.85,0.8,0.8,0.8,0.8,0.8,0.8,175842,1.41,178, -, -
VIVIMEDLAB, EQ, 02-Mar-2021,16.65,16.75,17.6,16.75,17.1,17.0,17.21,948920,163.27,2586, 590153, 62.19
VLSFINANCE, EQ, 02-Mar-2021,93.85,95.0,96.5,92.4,93.35,93.3,93.94,102937,96.7,1177, 64074, 62.25
VMART, EQ, 02-Mar-2021,2620.8,2634.0,2711.05,2612.0,2705.0,2678.35,2652.92,22627,600.28,6077, 10206, 45.11
VOLTAMP, EQ, 02-Mar-2021,1173.75,1179.65,1188.0,1152.0,1171.0,1177.15,1174.65,5566,65.38,1125, 2728, 49.01
VOLTAS, EQ, 02-Mar-2021,1043.8,1051.0,1072.5,1044.15,1068.2,1067.65,1059.02,2157106,22844.25,52540, 493738, 22.89
VRLLOG, EQ, 02-Mar-2021,258.75,269.0,269.0,258.0,259.25,259.65,262.7,102779,270.0,3350, 55032, 53.54
VSSL, EQ, 02-Mar-2021,165.0,171.0,176.1,166.0,170.3,169.2,170.27,210877,359.06,2436, 150264, 71.26
VSTIND, EQ, 02-Mar-2021,3430.55,3475.0,3475.05,3428.85,3437.9,3433.7,3435.75,27702,951.77,1538, 25305, 91.35
VSTTILLERS, EQ, 02-Mar-2021,1857.5,1944.0,1975.0,1868.45,1885.0,1889.05,1913.62,28645,548.16,3586, 11536, 40.27
VTL, EQ, 02-Mar-2021,1176.2,1192.0,1200.0,1162.0,1162.15,1169.15,1184.35,42367,501.77,3230, 23011, 54.31
WABAG, EQ, 02-Mar-2021,280.8,282.55,287.5,270.15,274.5,274.35,278.41,533433,1485.13,13396, 257724, 48.31
WABCOINDIA, EQ, 02-Mar-2021,5888.25,5906.0,6049.95,5902.55,6030.0,6012.65,5976.57,2891,172.78,879, 1450, 50.16
WALCHANNAG, EQ, 02-Mar-2021,66.7,66.7,75.6,66.4,71.9,72.15,72.15,1981374,1429.49,15772, 607067, 30.64
WANBURY, BE, 02-Mar-2021,103.35,108.35,108.5,108.35,108.5,108.5,108.49,18618,20.2,137, -, -
WATERBASE, EQ, 02-Mar-2021,111.45,112.4,112.4,110.0,110.5,110.6,111.06,150163,166.77,2297, 74472, 49.59
WEALTH, EQ, 02-Mar-2021,140.3,134.15,146.05,134.15,138.85,138.85,139.77,885,1.24,600, 77, 8.70
WEBELSOLAR, EQ, 02-Mar-2021,41.95,42.7,42.7,40.45,41.3,40.85,41.16,106417,43.8,643, 72218, 67.86
WEIZMANIND, EQ, 02-Mar-2021,47.05,47.7,48.0,45.5,45.5,45.7,46.31,13022,6.03,157, 10281, 78.95
WELCORP, EQ, 02-Mar-2021,132.05,133.05,135.75,131.45,133.5,133.45,133.86,1121838,1501.74,10582, 559998, 49.92
WELENT, EQ, 02-Mar-2021,86.0,86.0,90.1,85.1,87.6,87.65,87.39,249657,218.19,2334, 188435, 75.48
WELINV, EQ, 02-Mar-2021,364.3,367.3,369.9,357.0,358.85,358.45,361.51,627,2.27,75, 360, 57.42
WELSPUNIND, EQ, 02-Mar-2021,68.9,69.4,69.95,67.4,68.0,67.95,68.34,761477,520.37,3895, 463617, 60.88
WENDT, EQ, 02-Mar-2021,3270.25,3270.25,3313.35,3270.25,3290.0,3286.3,3295.16,765,25.21,72, 564, 73.73
WESTLIFE, EQ, 02-Mar-2021,518.35,523.8,535.0,510.0,513.0,516.05,522.2,268205,1400.55,14914, 105696, 39.41
WHEELS, EQ, 02-Mar-2021,462.2,464.55,468.75,460.0,462.0,462.8,463.68,9931,46.05,782, 6189, 62.32
WHIRLPOOL, EQ, 02-Mar-2021,2447.95,2460.0,2474.95,2400.65,2422.0,2423.5,2426.37,72379,1756.18,7257, 40752, 56.30
WILLAMAGOR, EQ, 02-Mar-2021,21.5,21.5,21.55,20.9,21.25,21.1,21.15,16735,3.54,155, 12613, 75.37
WINDMACHIN, EQ, 02-Mar-2021,20.8,20.8,21.5,20.5,21.5,21.45,21.17,24104,5.1,139, 18082, 75.02
WIPL, BE, 02-Mar-2021,54.0,54.5,56.0,52.0,56.0,53.75,53.06,5736,3.04,25, -, -
WIPRO, EQ, 02-Mar-2021,414.4,419.7,433.1,418.25,433.0,430.4,426.86,14875234,63496.62,138374, 3498282, 23.52
WOCKPHARMA, EQ, 02-Mar-2021,500.35,502.0,519.4,497.0,510.0,510.5,509.66,1065650,5431.2,24478, 292470, 27.45
WONDERLA, EQ, 02-Mar-2021,207.05,207.0,209.9,201.0,207.3,208.65,206.36,85316,176.06,3117, 46505, 54.51
WORTH, EQ, 02-Mar-2021,57.5,56.55,60.75,56.55,58.0,57.8,58.93,33575,19.79,315, 17741, 52.84
WSI, EQ, 02-Mar-2021,4.0,4.0,4.4,3.85,4.25,4.35,4.29,38698,1.66,67, 28336, 73.22
WSTCSTPAPR, EQ, 02-Mar-2021,223.5,224.4,254.3,224.35,252.7,250.8,242.97,1167429,2836.51,21091, 466395, 39.95
XCHANGING, EQ, 02-Mar-2021,68.3,69.0,69.0,67.4,68.5,68.5,68.31,98944,67.59,1821, 48166, 48.68
XELPMOC, EQ, 02-Mar-2021,291.4,296.0,305.0,290.1,297.5,295.95,296.21,19172,56.79,2408, 10009, 52.21
XPROINDIA, EQ, 02-Mar-2021,57.75,58.0,60.6,57.5,60.0,59.9,59.72,59070,35.28,597, 43958, 74.42
YAARII, EQ, 02-Mar-2021,171.1,172.1,178.65,163.55,164.3,166.45,170.11,448499,762.93,5879, 263672, 58.79
YESBANK, EQ, 02-Mar-2021,16.3,16.5,16.65,16.25,16.3,16.3,16.39,82198118,13473.76,68240, 29923122, 36.40
ZEEL, EQ, 02-Mar-2021,216.85,217.0,221.4,214.35,220.0,220.15,218.56,20946460,45780.17,119199, 5422961, 25.89
ZEEL, P2, 02-Mar-2021,1.95,2.0,2.0,1.95,1.95,1.95,1.98,1065651,21.06,51, 1065651, 100.00
ZEELEARN, EQ, 02-Mar-2021,11.6,11.75,11.8,11.55,11.6,11.6,11.65,481474,56.1,996, 335077, 69.59
ZEEMEDIA, EQ, 02-Mar-2021,6.2,6.5,6.5,6.35,6.5,6.5,6.47,4105542,265.81,13195, 3327557, 81.05
ZENITHEXPO, EQ, 02-Mar-2021,70.85,72.8,74.7,67.3,71.4,69.8,70.26,4092,2.88,111, 2269, 55.45
ZENSARTECH, EQ, 02-Mar-2021,290.25,294.0,299.5,290.6,298.9,297.25,295.99,269699,798.29,7596, 134487, 49.87
ZENTEC, EQ, 02-Mar-2021,84.45,84.45,87.0,84.45,85.8,86.3,85.81,180596,154.97,2526, 88076, 48.77
ZODIACLOTH, EQ, 02-Mar-2021,104.15,104.2,105.8,102.9,105.0,104.95,104.66,73219,76.63,1178, 53049, 72.45
ZODJRDMKJ, EQ, 02-Mar-2021,27.45,28.4,28.45,27.25,28.2,27.75,27.74,3139,0.87,107, 1923, 61.26
ZOTA, EQ, 02-Mar-2021,153.2,154.1,154.95,150.05,152.0,153.0,152.63,10298,15.72,175, 5701, 55.36
ZUARI, EQ, 02-Mar-2021,106.55,107.5,108.9,104.15,104.85,105.0,105.87,250838,265.57,5219, 111339, 44.39
ZUARIGLOB, BE, 02-Mar-2021,92.2,92.3,92.3,88.2,89.3,89.5,89.67,38020,34.09,302, -, -
ZYDUSWELL, EQ, 02-Mar-2021,1920.1,1926.75,1936.0,1886.85,1913.0,1907.05,1911.19,30834,589.29,3242, 21565, 69.94
