SYMBOL, SERIES, DATE1, PREV_CLOSE, OPEN_PRICE, HIGH_PRICE, LOW_PRICE, LAST_PRICE, CLOSE_PRICE, AVG_PRICE, TTL_TRD_QNTY, TURNOVER_LACS, NO_OF_TRADES, DELIV_QTY, DELIV_PER
20MICRONS, EQ, 19-Jul-2021,65.15,65.55,70.0,65.55, 67.90,67.6,68.06,506566,344.79,5697, 304292, 60.07
21STCENMGM, EQ, 19-Jul-2021,23.25,23.25,23.25,22.8, 22.80,22.8,22.85,899,0.21,27, 899, 100.00
3IINFOTECH, BE, 19-Jul-2021,9.15,9.15,9.5,8.7, 9.40,9.35,9.17,8277879,759.26,11055, -, -
3MINDIA, EQ, 19-Jul-2021,24733.65,24665.0,24688.0,24351.0, 24511.95,24455.5,24474.91,1248,305.45,861, 656, 52.56
3PLAND, EQ, 19-Jul-2021,16.2,16.95,17.0,16.2, 17.00,17.0,16.92,33244,5.63,132, 29792, 89.62
5PAISA, EQ, 19-Jul-2021,552.2,551.0,564.8,530.1, 539.50,538.95,551.63,190010,1048.16,7399, 87466, 46.03
622GS2035, GS, 19-Jul-2021,92.0,96.5,96.6,96.5, 96.60,96.6,96.55,200,0.19,2, 200, 100.00
63MOONS, BE, 19-Jul-2021,94.5,95.05,99.2,93.0, 99.20,99.2,97.89,227826,223.02,1555, -, -
664GS2035, GS, 19-Jul-2021,102.0,100.0,101.5,100.0, 101.50,101.5,100.8,187,0.19,3, 187, 100.00
667GS2050, GS, 19-Jul-2021,97.52,99.0,99.0,96.0, 96.00,96.0,98.98,511,0.51,4, 511, 100.00
676GS2061, GS, 19-Jul-2021,97.99,98.0,98.65,98.0, 98.25,98.19,98.15,2406,2.36,21, 2406, 100.00
726GS2029, GS, 19-Jul-2021,98.0,100.0,101.5,100.0, 101.50,101.5,100.75,140,0.14,2, 70, 50.00
737GS2023, GS, 19-Jul-2021,105.5,100.77,100.77,100.77, 100.77,100.77,100.77,300,0.3,1, 300, 100.00
772GS2055, GS, 19-Jul-2021,114.0,114.5,114.5,114.0, 114.00,114.0,114.28,9,0.01,2, 9, 100.00
A2ZINFRA, BE, 19-Jul-2021,5.85,5.85,5.9,5.65, 5.75,5.7,5.74,363961,20.89,562, -, -
AAATECH, SM, 19-Jul-2021,57.05,58.0,58.45,58.0, 58.45,58.45,58.07,36000,20.91,5, 33000, 91.67
AAKASH, EQ, 19-Jul-2021,224.35,223.5,230.0,217.5, 227.50,225.35,222.22,74700,166.0,536, 28552, 38.22
AARON, BE, 19-Jul-2021,121.85,116.15,122.0,115.8, 120.00,117.35,117.27,24291,28.49,379, -, -
AARTIDRUGS, EQ, 19-Jul-2021,730.65,728.5,728.5,716.0, 719.00,720.55,723.72,219428,1588.04,8481, 88443, 40.31
AARTIIND, EQ, 19-Jul-2021,856.95,855.0,861.4,846.95, 852.80,852.55,855.24,883147,7553.04,29879, 573038, 64.89
AARTISURF, EQ, 19-Jul-2021,1384.75,1380.0,1480.0,1380.0, 1432.00,1415.9,1450.22,54354,788.25,7497, 26833, 49.37
AARVEEDEN, BE, 19-Jul-2021,24.5,25.6,25.7,25.0, 25.70,25.7,25.67,62237,15.98,223, -, -
AARVI, EQ, 19-Jul-2021,70.6,71.35,74.0,70.0, 70.80,70.8,72.06,96950,69.86,1525, 59786, 61.67
AAVAS, EQ, 19-Jul-2021,2867.45,2874.0,2920.0,2844.2, 2875.00,2877.9,2891.64,17825,515.43,5179, 6376, 35.77
ABAN, BE, 19-Jul-2021,41.4,42.45,43.45,42.25, 43.45,43.45,43.22,52297,22.61,620, -, -
ABB, EQ, 19-Jul-2021,1763.2,1772.5,1777.9,1731.15, 1735.90,1738.8,1741.37,103293,1798.72,9014, 75190, 72.79
ABBOTINDIA, EQ, 19-Jul-2021,17484.45,17250.0,17430.0,17222.75, 17290.85,17344.25,17325.18,8646,1497.93,2300, 5097, 58.95
ABCAPITAL, EQ, 19-Jul-2021,124.6,123.9,127.35,123.1, 124.40,124.4,125.34,6445451,8078.63,39727, 1833075, 28.44
ABFRL, EQ, 19-Jul-2021,223.55,220.45,224.5,217.0, 218.40,218.7,220.54,1610265,3551.2,16889, 427881, 26.57
ABINFRA, SM, 19-Jul-2021,7.55,7.2,7.2,7.2, 7.20,7.2,7.2,8000,0.58,2, 4000, 50.00
ABMINTLTD, EQ, 19-Jul-2021,89.55,94.0,94.0,94.0, 94.00,94.0,94.0,3143,2.95,61, 2943, 93.64
ABSLBANETF, EQ, 19-Jul-2021,355.3,350.22,357.0,347.95, 349.80,349.31,350.79,556,1.95,54, 393, 70.68
ABSLNN50ET, EQ, 19-Jul-2021,397.55,399.6,403.0,394.26, 397.50,397.5,398.87,240,0.96,28, 146, 60.83
ABSLRIF6RG, MF, 19-Jul-2021,10.02,10.07,10.11,10.07, 10.11,10.11,10.08,27741,2.8,11, 27741, 100.00
ACC, EQ, 19-Jul-2021,2129.35,2117.9,2168.0,2105.2, 2167.35,2151.9,2137.47,666887,14254.53,37990, 166573, 24.98
ACCELYA, EQ, 19-Jul-2021,1435.05,1432.0,1446.35,1392.7, 1413.00,1403.8,1418.23,104357,1480.02,7986, 43576, 41.76
ACCURACY, EQ, 19-Jul-2021,88.8,85.05,87.8,83.55, 85.35,86.1,85.75,17229,14.77,387, 9360, 54.33
ACE, EQ, 19-Jul-2021,231.45,230.9,236.5,228.5, 235.00,234.35,232.73,543260,1264.34,15774, 182276, 33.55
ACRYSIL, EQ, 19-Jul-2021,612.15,606.3,611.1,601.1, 605.00,602.35,606.25,46774,283.57,2714, 35017, 74.86
ADANIENT, EQ, 19-Jul-2021,1395.5,1390.0,1412.65,1332.75, 1377.95,1380.6,1372.94,6190302,84989.09,120662, 464942, 7.51
ADANIGREEN, BE, 19-Jul-2021,1008.65,1008.0,1008.0,970.0, 972.00,979.15,983.36,114607,1127.0,10903, -, -
ADANIPORTS, EQ, 19-Jul-2021,687.6,686.0,693.0,661.4, 673.85,673.7,677.93,13618862,92326.46,209938, 3204432, 23.53
ADANIPOWER, BE, 19-Jul-2021,105.65,105.65,107.75,100.45, 102.20,102.15,103.76,5073034,5263.84,50494, -, -
ADANITRANS, BE, 19-Jul-2021,1016.55,1008.0,1023.6,965.75, 965.75,968.05,991.81,148182,1469.68,12497, -, -
ADFFOODS, EQ, 19-Jul-2021,875.2,874.9,900.0,865.05, 874.00,871.1,880.17,37773,332.47,4357, 16032, 42.44
ADL, BE, 19-Jul-2021,36.85,36.85,38.4,35.05, 37.20,36.95,35.61,11563,4.12,50, -, -
ADORWELD, EQ, 19-Jul-2021,753.3,753.3,780.0,741.45, 748.25,749.3,761.65,37709,287.21,2691, 20108, 53.32
ADROITINFO, BE, 19-Jul-2021,9.95,9.5,9.5,9.5, 9.50,9.5,9.5,4854,0.46,14, -, -
ADSL, EQ, 19-Jul-2021,67.9,67.7,69.4,67.0, 68.65,68.1,68.45,199191,136.34,1720, 128857, 64.69
ADVANIHOTR, EQ, 19-Jul-2021,71.95,71.0,78.7,68.55, 77.40,76.7,75.38,330392,249.05,5225, 147444, 44.63
ADVENZYMES, EQ, 19-Jul-2021,414.0,412.0,413.4,406.0, 407.50,407.55,408.79,198057,809.64,9645, 95508, 48.22
AEGISCHEM, EQ, 19-Jul-2021,320.6,317.85,324.6,316.05, 320.60,319.85,320.31,818704,2622.4,13236, 390412, 47.69
AFFLE, BE, 19-Jul-2021,4376.6,4350.0,4389.65,4350.0, 4374.00,4370.85,4378.35,40839,1788.07,4544, -, -
AGARIND, EQ, 19-Jul-2021,355.55,360.0,362.0,353.05, 361.00,359.35,358.53,35658,127.85,815, 26396, 74.03
AGCNET, BE, 19-Jul-2021,1222.85,1203.0,1248.0,1190.0, 1220.00,1221.05,1229.04,1838,22.59,98, -, -
AGRITECH, EQ, 19-Jul-2021,45.15,47.25,47.25,45.05, 45.25,45.35,45.85,31286,14.34,652, 11336, 36.23
AGROPHOS, EQ, 19-Jul-2021,15.4,14.9,15.85,14.9, 15.40,15.3,15.44,107804,16.64,514, 58671, 54.42
AHLADA, EQ, 19-Jul-2021,209.0,209.8,214.0,203.0, 203.05,203.45,206.97,117299,242.77,2516, 93308, 79.55
AHLEAST, EQ, 19-Jul-2021,175.35,171.4,179.25,171.4, 177.30,178.55,176.13,5834,10.28,251, 3499, 59.98
AHLUCONT, EQ, 19-Jul-2021,400.85,399.9,430.0,396.55, 414.00,411.75,420.96,160649,676.27,10769, 58003, 36.11
AHLWEST, EQ, 19-Jul-2021,241.55,236.0,244.9,236.0, 244.50,243.55,241.85,5688,13.76,388, 3153, 55.43
AIAENG, EQ, 19-Jul-2021,2046.7,2049.95,2077.0,2026.0, 2060.10,2062.6,2055.04,10598,217.79,2118, 4924, 46.46
AILIMITED, SM, 19-Jul-2021,33.25,30.2,30.6,30.2, 30.60,30.6,30.4,6000,1.82,2, 3000, 50.00
AIRAN, BE, 19-Jul-2021,26.7,27.35,27.5,25.4, 26.20,25.65,25.98,142704,37.08,994, -, -
AIROLAM, SM, 19-Jul-2021,36.8,36.0,36.05,36.0, 36.05,36.05,36.03,6000,2.16,2, 6000, 100.00
AISL, SM, 19-Jul-2021,47.05,49.95,49.95,47.1, 49.25,49.25,49.0,22800,11.17,15, 1200, 5.26
AJANTPHARM, EQ, 19-Jul-2021,2155.25,2156.0,2160.0,2097.0, 2130.60,2136.9,2122.79,51941,1102.6,8128, 22251, 42.84
AJMERA, EQ, 19-Jul-2021,309.0,304.1,317.0,295.0, 310.00,310.85,307.78,187688,577.67,3791, 83370, 44.42
AJOONI, BE, 19-Jul-2021,54.9,54.9,55.0,53.2, 53.55,53.65,53.94,32615,17.59,272, -, -
AKASH, EQ, 19-Jul-2021,228.2,231.85,231.85,218.5, 220.45,221.1,226.62,20225,45.83,716, 12799, 63.28
AKG, EQ, 19-Jul-2021,26.6,26.05,27.15,25.5, 26.00,25.65,26.08,17748,4.63,177, 10977, 61.85
AKSHARCHEM, EQ, 19-Jul-2021,440.95,444.7,474.3,435.1, 457.50,455.55,456.02,124232,566.52,9670, 43689, 35.17
AKSHOPTFBR, BE, 19-Jul-2021,12.1,11.5,11.8,11.5, 11.50,11.5,11.52,494661,56.97,1165, -, -
AKZOINDIA, EQ, 19-Jul-2021,2281.55,2265.0,2287.95,2260.0, 2264.20,2264.4,2271.63,5022,114.08,1143, 3123, 62.19
ALANKIT, EQ, 19-Jul-2021,21.75,20.25,22.5,20.0, 20.80,20.9,21.44,3481734,746.65,7053, 1191488, 34.22
ALBERTDAVD, EQ, 19-Jul-2021,540.8,540.0,541.75,530.0, 531.90,533.3,535.94,28750,154.08,2092, 16496, 57.38
ALCHEM, BZ, 19-Jul-2021,3.75,3.9,3.9,3.6, 3.75,3.8,3.8,43063,1.64,80, -, -
ALEMBICLTD, EQ, 19-Jul-2021,134.5,133.9,139.35,132.15, 135.55,135.65,136.51,2124208,2899.84,21665, 713257, 33.58
ALICON, EQ, 19-Jul-2021,800.75,802.95,805.0,763.3, 775.00,774.85,783.23,43984,344.49,3847, 20439, 46.47
ALKALI, EQ, 19-Jul-2021,91.35,89.6,93.9,87.5, 91.35,90.9,91.41,153942,140.72,6062, 70517, 45.81
ALKEM, EQ, 19-Jul-2021,3351.15,3350.0,3461.3,3320.0, 3457.00,3448.7,3410.47,245909,8386.66,21944, 31819, 12.94
ALKYLAMINE, EQ, 19-Jul-2021,3764.95,3750.05,3775.0,3678.0, 3705.00,3692.6,3717.93,59623,2216.74,11453, 32912, 55.20
ALLCARGO, EQ, 19-Jul-2021,160.7,160.0,167.5,158.4, 162.10,162.4,164.28,2238586,3677.56,13851, 1229390, 54.92
ALLSEC, EQ, 19-Jul-2021,538.4,536.3,538.7,525.0, 530.00,529.55,532.06,39815,211.84,2398, 24346, 61.15
ALMONDZ, EQ, 19-Jul-2021,64.6,65.95,65.95,61.4, 62.50,62.4,62.44,29355,18.33,497, 22442, 76.45
ALOKINDS, EQ, 19-Jul-2021,27.8,27.45,27.85,27.2, 27.35,27.45,27.51,9529994,2621.87,16114, 4945710, 51.90
ALPA, BE, 19-Jul-2021,49.95,49.95,51.4,49.05, 50.10,50.25,50.71,38682,19.62,315, -, -
ALPHAGEO, EQ, 19-Jul-2021,324.3,323.5,327.2,315.95, 319.80,316.85,320.9,40572,130.19,2396, 21824, 53.79
ALPSINDUS, BE, 19-Jul-2021,3.3,3.35,3.45,3.15, 3.35,3.35,3.34,100298,3.35,102, -, -
AMARAJABAT, EQ, 19-Jul-2021,727.85,727.0,729.35,721.0, 722.00,722.3,724.6,1081682,7837.82,32782, 636174, 58.81
AMBER, EQ, 19-Jul-2021,3031.05,3002.0,3048.75,3000.65, 3030.05,3032.4,3026.86,41247,1248.49,7773, 24105, 58.44
AMBICAAGAR, EQ, 19-Jul-2021,20.1,20.5,20.5,19.65, 19.65,19.8,20.01,42383,8.48,266, 34996, 82.57
AMBIKCO, EQ, 19-Jul-2021,1405.05,1398.7,1476.0,1385.0, 1460.00,1456.3,1443.65,104308,1505.85,9949, 45227, 43.36
AMBUJACEM, EQ, 19-Jul-2021,383.05,382.3,388.35,380.4, 387.95,386.55,383.71,3708612,14230.26,51056, 1861304, 50.19
AMDIND, EQ, 19-Jul-2021,31.1,32.0,32.0,30.5, 30.90,30.65,31.31,32817,10.28,346, 23466, 71.51
AMJLAND, EQ, 19-Jul-2021,34.9,34.65,35.4,33.4, 33.95,33.85,34.52,81099,27.99,1109, 39242, 48.39
AMRUTANJAN, EQ, 19-Jul-2021,706.1,704.4,704.4,690.0, 692.95,691.55,695.58,51700,359.61,4380, 28675, 55.46
ANANTRAJ, BE, 19-Jul-2021,70.6,67.65,71.5,67.65, 68.75,68.4,69.12,233206,161.2,921, -, -
ANDHRACEMT, BE, 19-Jul-2021,25.55,26.75,26.8,26.0, 26.80,26.8,26.75,1253244,335.3,1316, -, -
ANDHRAPAP, EQ, 19-Jul-2021,253.0,252.95,259.0,250.35, 255.95,254.65,255.97,45126,115.51,2380, 20505, 45.44
ANDHRSUGAR, EQ, 19-Jul-2021,547.15,549.5,569.0,545.05, 551.75,550.9,557.63,181094,1009.83,6611, 66550, 36.75
ANGELBRKG, EQ, 19-Jul-2021,1272.15,1318.0,1475.0,1302.15, 1373.00,1357.25,1383.39,3178718,43974.09,153762, 694655, 21.85
ANIKINDS, EQ, 19-Jul-2021,25.3,24.35,26.55,24.35, 25.00,25.05,25.76,154157,39.72,826, 57348, 37.20
ANKITMETAL, BE, 19-Jul-2021,1.8,1.85,1.85,1.75, 1.85,1.85,1.81,85128,1.54,134, -, -
ANMOL, EQ, 19-Jul-2021,171.7,166.3,173.9,165.0, 165.55,166.6,170.21,30840,52.49,330, 4476, 14.51
ANSALAPI, BE, 19-Jul-2021,9.75,9.5,9.7,9.3, 9.35,9.4,9.39,219027,20.57,284, -, -
ANSALHSG, EQ, 19-Jul-2021,9.95,9.5,9.5,9.5, 9.50,9.5,9.5,67134,6.38,129, 67134, 100.00
ANTGRAPHIC, BE, 19-Jul-2021,0.8,0.85,0.85,0.75, 0.80,0.8,0.82,1213931,9.93,659, -, -
ANUP, EQ, 19-Jul-2021,970.95,972.7,1032.7,970.0, 1002.00,995.95,1009.54,316570,3195.9,23820, 102127, 32.26
ANURAS, EQ, 19-Jul-2021,814.35,814.0,814.0,791.55, 799.00,799.45,801.98,143120,1147.79,4075, 96280, 67.27
APARINDS, EQ, 19-Jul-2021,565.0,562.7,575.0,559.9, 564.00,564.05,566.79,43854,248.56,3047, 21924, 49.99
APCL, EQ, 19-Jul-2021,431.1,439.75,511.0,437.0, 484.00,485.5,480.75,908623,4368.17,36808, 206613, 22.74
APCOTEXIND, EQ, 19-Jul-2021,320.25,315.5,323.9,315.5, 323.00,321.85,320.92,47888,153.68,2743, 30853, 64.43
APEX, EQ, 19-Jul-2021,384.75,378.2,394.25,373.25, 376.40,378.35,382.43,125536,480.09,4745, 58054, 46.24
APLAPOLLO, EQ, 19-Jul-2021,1570.8,1599.0,1599.0,1516.0, 1532.00,1531.3,1551.41,164683,2554.91,22372, 109937, 66.76
APLLTD, EQ, 19-Jul-2021,968.6,962.0,967.7,952.3, 959.95,956.9,959.94,224201,2152.2,11188, 79863, 35.62
APOLLO, EQ, 19-Jul-2021,121.7,121.1,123.5,118.3, 119.30,119.4,119.97,330053,395.95,7832, 128426, 38.91
APOLLOHOSP, EQ, 19-Jul-2021,3779.1,3779.1,3919.95,3765.0, 3891.00,3883.75,3871.54,1044561,40440.6,62108, 151974, 14.55
APOLLOPIPE, EQ, 19-Jul-2021,999.15,1004.1,1024.0,986.2, 994.00,995.65,999.39,26600,265.84,2932, 17558, 66.01
APOLLOTYRE, EQ, 19-Jul-2021,230.85,229.55,229.55,222.8, 225.65,225.35,225.09,5981959,13464.96,53385, 2582072, 43.16
APOLSINHOT, EQ, 19-Jul-2021,799.6,793.0,805.0,785.25, 804.75,800.3,798.29,1268,10.12,239, 772, 60.88
APTECHT, EQ, 19-Jul-2021,247.65,246.0,249.0,242.0, 243.70,243.75,245.74,246273,605.19,4770, 122551, 49.76
ARCHIDPLY, BE, 19-Jul-2021,33.7,33.5,35.2,33.05, 35.20,34.15,33.88,18056,6.12,106, -, -
ARCHIES, EQ, 19-Jul-2021,23.25,25.6,27.9,25.4, 27.90,27.9,27.14,4125861,1119.57,8031, 1902945, 46.12
ARCOTECH, BZ, 19-Jul-2021,1.75,1.8,1.8,1.7, 1.80,1.8,1.78,234311,4.17,156, -, -
ARENTERP, EQ, 19-Jul-2021,16.15,16.35,16.9,15.65, 16.90,16.75,16.46,2469,0.41,31, 2378, 96.31
ARIES, EQ, 19-Jul-2021,171.3,171.3,179.95,164.0, 173.75,175.3,174.42,312443,544.97,6884, 121341, 38.84
ARIHANT, BE, 19-Jul-2021,26.3,25.0,26.85,25.0, 26.00,26.0,26.17,3981,1.04,31, -, -
ARIHANTCAP, EQ, 19-Jul-2021,174.1,174.0,185.9,170.1, 177.65,177.75,180.77,173252,313.18,4288, 102033, 58.89
ARIHANTSUP, BE, 19-Jul-2021,91.75,91.75,93.9,91.7, 92.00,92.0,92.49,73139,67.65,224, -, -
ARMANFIN, EQ, 19-Jul-2021,696.3,697.0,701.3,677.0, 682.50,681.3,685.55,9266,63.52,1156, 4469, 48.23
AROGRANITE, EQ, 19-Jul-2021,70.15,69.75,72.35,68.3, 69.20,69.5,70.37,118419,83.33,2502, 57027, 48.16
ARROWGREEN, BE, 19-Jul-2021,155.65,152.0,157.0,152.0, 155.00,155.0,154.95,2553,3.96,68, -, -
ARSHIYA, EQ, 19-Jul-2021,30.5,31.8,31.8,29.1, 30.15,29.95,30.1,131940,39.72,1153, 85889, 65.10
ARSSINFRA, BE, 19-Jul-2021,34.4,34.0,35.0,32.75, 34.30,34.75,33.97,21601,7.34,122, -, -
ARTEMISMED, BE, 19-Jul-2021,359.95,359.95,370.0,350.15, 358.00,364.6,363.27,2793,10.15,49, -, -
ARVEE, BE, 19-Jul-2021,108.0,112.0,113.0,102.6, 106.00,106.0,107.21,1494,1.6,41, -, -
ARVIND, EQ, 19-Jul-2021,108.15,105.5,111.0,102.0, 104.80,105.05,107.45,4011932,4310.72,24409, 2084323, 51.95
ARVINDFASN, EQ, 19-Jul-2021,176.8,173.85,181.15,171.25, 179.45,178.85,177.82,1315156,2338.62,13216, 517176, 39.32
ARVSMART, EQ, 19-Jul-2021,130.2,126.1,131.65,125.65, 127.00,126.75,128.45,261789,336.27,5168, 108272, 41.36
ASAHIINDIA, EQ, 19-Jul-2021,382.1,379.0,380.95,374.0, 375.25,375.7,377.69,45341,171.25,3189, 22223, 49.01
ASAHISONG, EQ, 19-Jul-2021,369.75,371.0,377.0,363.4, 369.80,368.9,369.39,21036,77.7,1652, 13814, 65.67
ASAL, BE, 19-Jul-2021,67.65,68.2,68.45,66.0, 66.00,66.35,66.73,20517,13.69,158, -, -
ASALCBR, EQ, 19-Jul-2021,473.55,476.95,482.95,469.75, 474.00,471.4,475.32,58647,278.76,3633, 26060, 44.44
ASHAPURMIN, BE, 19-Jul-2021,144.1,142.0,143.0,140.5, 142.00,142.05,141.44,51681,73.1,542, -, -
ASHIANA, EQ, 19-Jul-2021,171.7,170.0,172.9,165.5, 167.05,167.45,168.72,185906,313.66,4529, 100604, 54.12
ASHIMASYN, BE, 19-Jul-2021,19.6,19.9,20.2,19.5, 20.00,19.95,19.96,113205,22.6,137, -, -
ASHOKA, EQ, 19-Jul-2021,107.6,107.6,109.9,107.4, 108.05,108.0,108.57,1898992,2061.7,18776, 805209, 42.40
ASHOKLEY, EQ, 19-Jul-2021,127.85,126.4,127.4,123.9, 124.90,124.75,125.39,11473685,14386.42,57289, 4822116, 42.03
ASIANHOTNR, EQ, 19-Jul-2021,87.45,87.0,89.0,84.15, 87.85,87.0,86.44,24847,21.48,523, 16003, 64.41
ASIANPAINT, EQ, 19-Jul-2021,2989.3,2989.3,2999.7,2965.0, 2980.00,2981.95,2981.64,837836,24981.25,55888, 383471, 45.77
ASIANTILES, EQ, 19-Jul-2021,182.65,181.3,183.6,180.05, 181.45,181.05,181.5,443484,804.91,7125, 252416, 56.92
ASLIND, SM, 19-Jul-2021,17.0,17.25,17.25,17.25, 17.25,17.25,17.25,12000,2.07,2, 12000, 100.00
ASPINWALL, EQ, 19-Jul-2021,221.4,216.5,237.8,214.05, 226.00,226.1,228.53,146726,335.32,4036, 64230, 43.78
ASTEC, EQ, 19-Jul-2021,1439.05,1435.0,1445.0,1394.0, 1406.25,1404.85,1418.02,20688,293.36,2700, 10962, 52.99
ASTERDM, EQ, 19-Jul-2021,159.45,159.0,165.9,157.15, 159.55,159.65,160.72,1188981,1910.98,11114, 618076, 51.98
ASTRAL, EQ, 19-Jul-2021,2084.7,2090.0,2109.35,2051.0, 2052.85,2056.55,2079.06,161657,3360.95,15210, 97552, 60.35
ASTRAMICRO, EQ, 19-Jul-2021,178.35,174.7,178.45,171.45, 173.90,174.65,175.3,1282070,2247.49,17384, 373855, 29.16
ASTRAZEN, EQ, 19-Jul-2021,3517.35,3529.95,3546.5,3490.0, 3490.00,3498.7,3515.45,17280,607.47,3565, 8011, 46.36
ASTRON, EQ, 19-Jul-2021,71.65,71.35,72.5,69.35, 69.85,69.85,70.81,607495,430.18,6901, 268428, 44.19
ATALREAL, SM, 19-Jul-2021,50.4,53.0,60.0,53.0, 60.00,60.0,56.83,9600,5.46,6, 8000, 83.33
ATFL, EQ, 19-Jul-2021,960.45,962.0,1043.25,960.0, 1008.70,1009.05,1006.13,67342,677.55,5830, 28851, 42.84
ATGL, BE, 19-Jul-2021,896.55,898.8,906.0,851.75, 851.75,855.0,867.06,337925,2930.0,13306, -, -
ATLANTA, BE, 19-Jul-2021,17.6,17.5,18.2,16.9, 17.35,17.3,17.27,27014,4.66,185, -, -
ATLASCYCLE, BZ, 19-Jul-2021,33.55,35.0,35.0,31.9, 31.90,31.9,31.92,7642,2.44,61, -, -
ATUL, EQ, 19-Jul-2021,9304.5,9319.95,9319.95,9210.0, 9261.15,9259.8,9266.72,5848,541.92,2148, 3010, 51.47
ATULAUTO, EQ, 19-Jul-2021,218.7,216.0,230.8,214.05, 223.00,223.6,223.35,552116,1233.17,12530, 162527, 29.44
AUBANK, EQ, 19-Jul-2021,1227.45,1219.9,1235.5,1176.0, 1211.65,1208.45,1204.51,787838,9489.57,28413, 182310, 23.14
AURIONPRO, EQ, 19-Jul-2021,184.65,186.25,192.0,184.05, 188.00,189.3,188.73,387895,732.07,9651, 155226, 40.02
AUROPHARMA, EQ, 19-Jul-2021,975.55,966.1,975.0,959.15, 965.80,965.1,967.35,759192,7344.07,26508, 262116, 34.53
AUSOMENT, EQ, 19-Jul-2021,106.7,105.5,114.75,103.65, 108.00,108.5,109.62,101429,111.19,4090, 40159, 39.59
AUTOAXLES, EQ, 19-Jul-2021,1407.9,1405.2,1405.2,1350.1, 1395.00,1388.5,1380.09,22515,310.73,3177, 10078, 44.76
AUTOIND, BE, 19-Jul-2021,47.95,48.5,48.5,46.1, 47.85,47.05,47.3,26393,12.49,300, -, -
AUTOLITIND, BZ, 19-Jul-2021,16.3,16.3,17.1,15.55, 17.00,17.0,16.97,21691,3.68,87, -, -
AVADHSUGAR, EQ, 19-Jul-2021,472.5,461.0,506.0,461.0, 492.00,490.9,491.06,272353,1337.43,8790, 98593, 36.20
AVANTIFEED, EQ, 19-Jul-2021,633.25,627.95,636.85,625.3, 630.00,629.8,630.49,288683,1820.13,10798, 114502, 39.66
AVROIND, SM, 19-Jul-2021,61.0,61.0,66.0,61.0, 66.00,66.0,63.25,8000,5.06,4, 6000, 75.00
AVTNPL, EQ, 19-Jul-2021,79.3,78.6,82.2,78.25, 79.55,79.25,80.22,614169,492.71,7604, 199567, 32.49
AWHCL, EQ, 19-Jul-2021,355.75,357.0,365.0,356.0, 358.00,358.45,361.11,195936,707.54,7793, 90531, 46.20
AXISBANK, EQ, 19-Jul-2021,771.15,752.3,766.65,749.6, 754.00,755.2,757.68,5554486,42085.3,105202, 2516940, 45.31
AXISBNKETF, EQ, 19-Jul-2021,357.51,350.0,353.39,348.87, 351.03,349.87,350.33,1110,3.89,82, 1075, 96.85
AXISBPSETF, EQ, 19-Jul-2021,10.14,10.14,10.15,10.14, 10.14,10.14,10.15,16493,1.67,111, 16370, 99.25
AXISCADES, BE, 19-Jul-2021,97.35,97.0,101.0,94.5, 97.05,96.55,97.88,93560,91.58,561, -, -
AXISGOLD, EQ, 19-Jul-2021,41.74,41.51,41.73,41.41, 41.52,41.48,41.57,62424,25.95,5724, 49079, 78.62
AXISHCETF, EQ, 19-Jul-2021,88.64,91.98,91.98,88.5, 88.79,88.53,88.78,7448,6.61,415, 5791, 77.75
AXISNIFTY, EQ, 19-Jul-2021,165.8,164.06,190.7,163.78, 164.78,164.61,171.76,56357,96.8,283, 34489, 61.20
AXISTECETF, EQ, 19-Jul-2021,294.42,288.3,302.0,288.3, 295.50,295.46,296.47,936,2.78,52, 701, 74.89
AYMSYNTEX, EQ, 19-Jul-2021,83.3,84.0,86.05,80.25, 81.10,81.15,83.08,52969,44.01,859, 28047, 52.95
BAFNAPH, EQ, 19-Jul-2021,163.35,163.45,179.65,160.2, 179.65,179.65,173.8,117104,203.53,2727, 43869, 37.46
BAGFILMS, BE, 19-Jul-2021,3.7,3.55,3.7,3.55, 3.70,3.7,3.63,118617,4.3,206, -, -
BAJAJ-AUTO, EQ, 19-Jul-2021,3931.95,3922.0,3939.0,3875.0, 3885.00,3882.85,3896.09,408067,15898.67,46342, 203787, 49.94
BAJAJCON, EQ, 19-Jul-2021,289.2,288.0,291.0,288.0, 289.50,289.3,289.28,377544,1092.16,11334, 173445, 45.94
BAJAJELEC, EQ, 19-Jul-2021,1034.75,1030.5,1040.0,1025.2, 1039.50,1038.1,1036.44,223058,2311.86,6006, 171578, 76.92
BAJAJFINSV, EQ, 19-Jul-2021,12745.7,12680.0,12820.0,12643.2, 12725.00,12721.1,12727.68,188197,23953.11,26561, 48892, 25.98
BAJAJHIND, BE, 19-Jul-2021,19.15,18.2,20.1,18.2, 20.10,20.1,18.36,29297217,5379.51,9018, -, -
BAJAJHLDNG, EQ, 19-Jul-2021,3981.3,3975.0,4060.0,3899.95, 3905.00,3915.6,3971.15,42148,1673.76,6964, 17795, 42.22
BAJFINANCE, EQ, 19-Jul-2021,6125.45,6088.0,6123.0,5935.0, 6020.00,6015.4,6041.91,1290532,77972.77,97115, 454470, 35.22
BALAJITELE, EQ, 19-Jul-2021,71.4,70.4,72.35,69.0, 69.55,69.6,70.91,913221,647.56,8393, 354697, 38.84
BALAMINES, EQ, 19-Jul-2021,2910.05,2880.0,2940.75,2817.4, 2846.00,2832.6,2872.51,62537,1796.38,7927, 39229, 62.73
BALAXI, EQ, 19-Jul-2021,617.15,647.8,648.0,630.0, 648.00,648.0,646.66,8787,56.82,378, 7717, 87.82
BALKRISHNA, EQ, 19-Jul-2021,24.95,25.95,25.95,24.15, 25.85,25.6,25.46,19044,4.85,176, 17109, 89.84
BALKRISIND, EQ, 19-Jul-2021,2385.25,2375.0,2375.0,2327.0, 2346.00,2344.7,2353.41,236587,5567.85,14947, 89425, 37.80
BALLARPUR, BZ, 19-Jul-2021,1.6,1.6,1.6,1.55, 1.60,1.55,1.57,2841142,44.71,1045, -, -
BALMLAWRIE, EQ, 19-Jul-2021,139.9,138.8,143.85,138.3, 139.75,139.65,141.22,760862,1074.52,9458, 230686, 30.32
BALPHARMA, BE, 19-Jul-2021,101.85,102.0,104.4,100.0, 100.55,101.4,102.47,53277,54.59,573, -, -
BALRAMCHIN, EQ, 19-Jul-2021,345.35,343.8,354.4,340.4, 346.00,344.6,346.86,1100374,3816.79,20141, 406926, 36.98
BANARBEADS, EQ, 19-Jul-2021,72.3,70.0,71.95,68.0, 69.35,68.55,69.99,106588,74.61,2757, 57631, 54.07
BANARISUG, EQ, 19-Jul-2021,1799.95,1799.95,1850.0,1785.0, 1785.00,1786.45,1811.94,8158,147.82,665, 4372, 53.59
BANCOINDIA, EQ, 19-Jul-2021,164.35,161.15,165.0,161.15, 163.10,162.9,163.25,81857,133.63,2033, 44959, 54.92
BANDHANBNK, EQ, 19-Jul-2021,309.15,308.0,312.5,305.45, 308.35,308.4,309.01,4358924,13469.61,51883, 1017971, 23.35
BANG, EQ, 19-Jul-2021,48.65,48.05,51.5,46.3, 48.50,48.7,50.07,128278,64.23,2090, 50828, 39.62
BANKA, EQ, 19-Jul-2021,63.55,66.0,66.0,64.0, 65.60,65.5,64.84,5756,3.73,80, 4218, 73.28
BANKBARODA, EQ, 19-Jul-2021,81.7,81.4,81.6,79.6, 80.25,80.15,80.55,28260629,22762.72,70591, 9702725, 34.33
BANKBEES, EQ, 19-Jul-2021,360.06,392.5,392.5,352.01, 354.00,353.8,354.06,685844,2428.3,15258, 444720, 64.84
BANKINDIA, EQ, 19-Jul-2021,75.2,74.95,74.95,73.5, 74.00,73.9,74.16,1960982,1454.29,11037, 737559, 37.61
BANSWRAS, BE, 19-Jul-2021,200.65,205.5,210.65,205.0, 210.65,210.65,209.91,16420,34.47,221, -, -
BARBEQUE, EQ, 19-Jul-2021,908.7,891.7,918.25,865.25, 892.00,880.7,894.01,64421,575.93,4306, 38921, 60.42
BARTRONICS, BZ, 19-Jul-2021,3.55,3.55,3.7,3.4, 3.65,3.65,3.62,11215,0.41,43, -, -
BASF, EQ, 19-Jul-2021,2716.9,2704.95,2744.0,2691.15, 2725.05,2718.7,2715.64,21273,577.7,2977, 10358, 48.69
BASML, BE, 19-Jul-2021,86.0,89.5,90.3,86.0, 90.05,90.15,89.7,273929,245.71,1314, -, -
BATAINDIA, EQ, 19-Jul-2021,1618.7,1618.0,1635.0,1600.8, 1604.00,1607.0,1620.69,529078,8574.73,22627, 149537, 28.26
BAYERCROP, EQ, 19-Jul-2021,5951.35,5950.0,5950.0,5858.55, 5900.00,5877.0,5893.45,18164,1070.49,3928, 13430, 73.94
BBL, EQ, 19-Jul-2021,1374.7,1354.0,1399.9,1345.0, 1380.00,1375.95,1379.21,27057,373.17,4396, 10559, 39.03
BBTC, EQ, 19-Jul-2021,1300.85,1288.0,1314.0,1281.55, 1286.20,1286.95,1298.72,79787,1036.21,6801, 37714, 47.27
BBTCL, SM, 19-Jul-2021,77.0,77.05,77.05,77.0, 77.00,77.0,77.03,6000,4.62,2, 3000, 50.00
BCG, EQ, 19-Jul-2021,39.75,41.7,41.7,41.7, 41.70,41.7,41.7,352335,146.92,833, 351225, 99.68
BCLIND, EQ, 19-Jul-2021,263.35,257.0,270.0,256.6, 265.90,261.0,264.05,147354,389.09,10181, 54423, 36.93
BCP, BE, 19-Jul-2021,3.85,4.0,4.0,3.8, 3.85,3.85,3.88,216019,8.39,445, -, -
BDL, EQ, 19-Jul-2021,374.25,373.0,383.1,372.2, 378.50,379.8,377.45,217377,820.5,6315, 93148, 42.85
BEARDSELL, BE, 19-Jul-2021,14.1,14.2,14.2,13.5, 13.90,13.9,13.79,11364,1.57,44, -, -
BECTORFOOD, EQ, 19-Jul-2021,438.8,435.0,457.9,430.1, 451.00,452.8,450.75,1643359,7407.46,40923, 655078, 39.86
BEDMUTHA, BE, 19-Jul-2021,34.95,33.55,35.85,33.55, 35.60,35.4,35.43,28211,9.99,79, -, -
BEL, EQ, 19-Jul-2021,179.65,179.5,187.75,177.65, 186.30,186.0,184.07,15135709,27860.55,84372, 4761440, 31.46
BEML, EQ, 19-Jul-2021,1306.85,1296.0,1315.9,1292.55, 1298.60,1298.05,1302.58,180105,2346.02,8090, 61885, 34.36
BEPL, EQ, 19-Jul-2021,173.55,173.0,177.4,173.0, 173.70,173.9,174.83,953246,1666.6,16723, 387175, 40.62
BERGEPAINT, EQ, 19-Jul-2021,843.85,842.0,842.0,830.0, 838.00,835.3,835.9,425438,3556.26,18734, 110010, 25.86
BESTAGRO, EQ, 19-Jul-2021,459.95,459.3,472.0,443.65, 456.00,454.8,454.86,32045,145.76,1105, 19866, 61.99
BETA, SM, 19-Jul-2021,387.5,370.6,372.25,368.15, 368.15,368.15,368.88,11200,41.31,14, 7200, 64.29
BFINVEST, EQ, 19-Jul-2021,414.7,410.0,445.0,408.0, 420.50,423.15,429.41,664899,2855.11,24898, 151132, 22.73
BFUTILITIE, EQ, 19-Jul-2021,504.05,512.6,539.0,512.6, 520.00,521.2,525.08,1662154,8727.59,38708, 507006, 30.50
BGLOBAL, BE, 19-Jul-2021,1.7,1.75,1.75,1.75, 1.75,1.75,1.75,25139,0.44,16, -, -
BGRENERGY, EQ, 19-Jul-2021,67.6,67.35,69.0,65.5, 66.00,66.1,67.17,278212,186.87,3779, 130766, 47.00
BHAGERIA, EQ, 19-Jul-2021,286.35,286.35,289.35,282.0, 287.00,283.5,286.08,107037,306.22,7935, 26926, 25.16
BHAGYANGR, EQ, 19-Jul-2021,49.1,48.3,52.15,48.05, 52.00,51.1,50.86,151737,77.17,916, 76626, 50.50
BHAGYAPROP, EQ, 19-Jul-2021,30.2,30.4,30.75,29.75, 30.75,30.7,30.22,19660,5.94,177, 11547, 58.73
BHANDARI, EQ, 19-Jul-2021,3.9,3.9,3.9,3.75, 3.75,3.75,3.77,513911,19.38,912, 362568, 70.55
BHARATFORG, EQ, 19-Jul-2021,807.35,804.0,814.25,792.0, 813.00,812.05,805.13,1184953,9540.4,19950, 502716, 42.42
BHARATGEAR, EQ, 19-Jul-2021,121.75,120.05,124.25,118.5, 120.25,120.1,121.71,53458,65.06,1991, 26226, 49.06
BHARATRAS, EQ, 19-Jul-2021,13874.2,13850.0,13997.0,13555.0, 13700.00,13623.75,13773.09,1627,224.09,1006, 680, 41.79
BHARATWIRE, EQ, 19-Jul-2021,81.1,80.5,81.0,78.55, 80.00,80.2,79.83,27981,22.34,289, 14369, 51.35
BHARTIARTL, EQ, 19-Jul-2021,541.15,539.0,544.7,529.3, 535.60,538.45,539.66,8962285,48365.79,124002, 3236876, 36.12
BHEL, EQ, 19-Jul-2021,66.25,65.25,65.75,63.8, 64.20,64.0,64.49,45955101,29638.4,65479, 11358982, 24.72
BIGBLOC, EQ, 19-Jul-2021,111.1,109.0,111.1,105.5, 108.00,107.1,108.02,28990,31.32,364, 19895, 68.63
BIL, BE, 19-Jul-2021,244.95,245.0,249.85,240.0, 243.80,243.1,243.22,1354,3.29,49, -, -
BILENERGY, BZ, 19-Jul-2021,0.65,0.6,0.7,0.6, 0.70,0.7,0.62,699056,4.33,383, -, -
BINDALAGRO, EQ, 19-Jul-2021,31.75,31.75,31.75,30.5, 31.20,30.9,31.15,333102,103.76,2163, 195411, 58.66
BIOCON, EQ, 19-Jul-2021,409.3,408.9,414.4,405.1, 412.00,411.4,411.22,2649721,10896.17,38883, 726325, 27.41
BIOFILCHEM, EQ, 19-Jul-2021,83.45,79.3,79.3,79.3, 79.30,79.3,79.3,31637,25.09,529, 31637, 100.00
BIRET, RR, 19-Jul-2021,265.49,265.6,271.02,265.49, 270.00,270.43,269.07,126400,340.11,266, 103200, 81.65
BIRLACABLE, BE, 19-Jul-2021,110.8,108.6,116.2,108.6, 113.40,112.55,114.19,114665,130.94,1340, -, -
BIRLACORPN, EQ, 19-Jul-2021,1344.9,1338.0,1359.85,1315.0, 1345.00,1336.15,1339.82,62974,843.74,5955, 36593, 58.11
BIRLAMONEY, EQ, 19-Jul-2021,80.1,79.65,83.5,77.8, 80.20,80.2,81.33,739131,601.14,6663, 303166, 41.02
BIRLATYRE, EQ, 19-Jul-2021,28.15,27.95,28.35,27.3, 28.00,27.95,27.99,401815,112.48,2520, 282565, 70.32
BKMINDST, BE, 19-Jul-2021,1.1,1.15,1.15,1.1, 1.15,1.15,1.15,298330,3.42,324, -, -
BLBLIMITED, EQ, 19-Jul-2021,9.45,9.55,9.9,9.2, 9.90,9.9,9.77,239642,23.42,450, 185979, 77.61
BLISSGVS, EQ, 19-Jul-2021,111.85,113.4,115.9,112.05, 113.25,113.05,113.83,426753,485.77,5622, 183032, 42.89
BLKASHYAP, EQ, 19-Jul-2021,24.7,24.45,24.65,24.0, 24.35,24.3,24.32,215420,52.39,609, 119508, 55.48
BLS, EQ, 19-Jul-2021,135.6,134.8,135.6,130.0, 132.00,131.6,132.72,258773,343.43,5584, 128160, 49.53
BLUECHIP, BE, 19-Jul-2021,0.35,0.35,0.35,0.3, 0.35,0.35,0.35,52118,0.18,30, -, -
BLUECOAST, EQ, 19-Jul-2021,5.4,5.65,5.65,5.65, 5.65,5.65,5.65,99,0.01,1, 99, 100.00
BLUEDART, EQ, 19-Jul-2021,5798.95,5818.0,5875.0,5763.3, 5810.00,5807.2,5822.8,16248,946.09,3908, 8064, 49.63
BLUESTARCO, EQ, 19-Jul-2021,865.35,859.0,870.0,852.25, 866.90,865.05,864.48,103235,892.44,5025, 80528, 78.00
BODALCHEM, EQ, 19-Jul-2021,116.9,115.95,123.7,115.1, 121.50,121.55,119.21,1848296,2203.27,14010, 647156, 35.01
BOHRA, SM, 19-Jul-2021,3.9,3.9,3.9,3.9, 3.90,3.9,3.9,6000,0.23,1, 6000, 100.00
BOMDYEING, EQ, 19-Jul-2021,102.4,100.4,108.0,100.25, 106.40,106.25,105.41,20880869,22010.72,87388, 4055059, 19.42
BOROLTD, EQ, 19-Jul-2021,223.4,218.15,224.9,218.15, 219.35,219.5,221.16,93572,206.95,3015, 53532, 57.21
BORORENEW, BE, 19-Jul-2021,289.1,285.05,290.0,281.05, 286.00,285.9,286.21,212798,609.04,4971, -, -
BOSCHLTD, EQ, 19-Jul-2021,15287.95,15250.0,15298.6,15108.15, 15227.70,15218.5,15231.58,22645,3449.19,5732, 8897, 39.29
BPCL, EQ, 19-Jul-2021,448.0,446.0,459.0,445.2, 455.00,453.9,454.95,7368974,33524.91,90605, 2610141, 35.42
BPL, EQ, 19-Jul-2021,41.95,41.55,42.4,40.55, 41.30,41.1,41.55,210770,87.57,1976, 114895, 54.51
BRFL, BE, 19-Jul-2021,10.45,10.3,10.6,10.05, 10.35,10.2,10.27,266605,27.37,682, -, -
BRIGADE, EQ, 19-Jul-2021,339.15,336.45,338.4,321.25, 322.50,323.2,330.55,347129,1147.45,11974, 144543, 41.64
BRIGHT, SM, 19-Jul-2021,6.3,6.3,6.6,6.3, 6.60,6.6,6.57,375000,24.63,105, 345000, 92.00
BRITANNIA, EQ, 19-Jul-2021,3441.0,3440.4,3457.5,3426.1, 3450.05,3450.15,3444.29,226731,7809.28,22741, 124203, 54.78
BRITANNIA, N2, 19-Jul-2021,32.83,32.26,32.84,32.26, 32.84,32.78,32.75,4293,1.41,74, 4165, 97.02
BRNL, EQ, 19-Jul-2021,37.8,37.4,38.4,36.1, 36.70,36.75,37.48,196335,73.59,1855, 121348, 61.81
BROOKS, EQ, 19-Jul-2021,91.85,90.0,93.65,87.3, 91.00,91.35,89.85,86440,77.67,1056, 44347, 51.30
BSE, EQ, 19-Jul-2021,1191.65,1184.8,1406.0,1173.25, 1332.15,1328.45,1318.05,12170664,160415.71,406226, 1143125, 9.39
BSHSL, EQ, 19-Jul-2021,278.9,288.0,292.8,276.0, 292.80,292.8,290.39,9181,26.66,206, 6413, 69.85
BSL, EQ, 19-Jul-2021,60.7,60.9,63.7,59.1, 62.20,61.9,62.71,115216,72.25,1713, 81451, 70.69
BSLGOLDETF, EQ, 19-Jul-2021,4420.0,4402.9,4417.95,4381.05, 4392.00,4392.1,4395.43,160,7.03,86, 112, 70.00
BSLNIFTY, EQ, 19-Jul-2021,176.18,176.0,176.0,172.7, 174.50,174.58,174.94,906,1.58,55, 463, 51.10
BSOFT, EQ, 19-Jul-2021,420.05,413.85,420.4,403.0, 408.55,406.6,412.56,2959491,12209.73,52545, 1028006, 34.74
BURGERKING, EQ, 19-Jul-2021,168.65,167.8,180.0,166.6, 178.70,178.25,175.66,10338618,18160.93,83451, 3640236, 35.21
BURNPUR, BE, 19-Jul-2021,2.4,2.3,2.3,2.3, 2.30,2.3,2.3,43985,1.01,35, -, -
BUTTERFLY, BE, 19-Jul-2021,764.45,748.05,786.0,730.0, 755.00,753.95,753.47,20710,156.04,1778, -, -
BVCL, BE, 19-Jul-2021,23.1,22.6,23.15,22.4, 23.15,23.15,22.62,8412,1.9,64, -, -
BYKE, BE, 19-Jul-2021,29.95,30.45,30.6,29.15, 29.20,29.8,29.72,43590,12.96,207, -, -
CADILAHC, EQ, 19-Jul-2021,643.85,643.85,650.9,637.0, 639.10,639.5,643.34,3666811,23590.12,47557, 1255171, 34.23
CALSOFT, BE, 19-Jul-2021,9.8,9.6,10.25,9.35, 10.25,10.25,9.66,103473,9.99,104, -, -
CAMLINFINE, EQ, 19-Jul-2021,225.45,225.95,230.8,205.25, 207.30,208.1,215.95,3237857,6992.18,44944, 1363914, 42.12
CAMS, EQ, 19-Jul-2021,3433.95,3413.0,3530.0,3348.05, 3456.00,3446.5,3461.65,626795,21697.48,61231, 92321, 14.73
CANBK, EQ, 19-Jul-2021,151.3,150.7,150.7,147.2, 148.20,148.15,148.74,7526446,11195.11,35737, 2447995, 32.53
CANDC, BZ, 19-Jul-2021,3.85,3.95,3.95,3.7, 3.85,3.8,3.8,18170,0.69,40, -, -
CANFINHOME, EQ, 19-Jul-2021,540.65,534.65,541.9,530.95, 535.00,533.1,536.15,238485,1278.65,7058, 100308, 42.06
CANTABIL, EQ, 19-Jul-2021,424.55,419.95,428.45,412.3, 418.00,414.5,421.37,40180,169.31,3174, 16784, 41.77
CAPACITE, EQ, 19-Jul-2021,235.3,230.3,238.85,230.3, 232.00,231.6,234.8,290140,681.24,6866, 136225, 46.95
CAPLIPOINT, EQ, 19-Jul-2021,690.2,686.5,711.0,681.4, 709.95,703.45,697.4,253610,1768.69,8206, 127272, 50.18
CAPTRUST, EQ, 19-Jul-2021,115.85,115.85,120.75,109.55, 115.80,115.9,115.86,69059,80.01,2270, 27187, 39.37
CARBORUNIV, EQ, 19-Jul-2021,650.35,654.0,654.0,626.35, 636.50,636.05,635.43,160639,1020.75,11148, 87501, 54.47
CAREERP, EQ, 19-Jul-2021,148.5,146.05,149.8,144.8, 149.00,146.35,147.27,123786,182.3,3250, 66955, 54.09
CARERATING, EQ, 19-Jul-2021,706.95,705.5,759.25,698.05, 726.50,726.15,740.67,1304068,9658.83,46120, 304673, 23.36
CASTEXTECH, BE, 19-Jul-2021,0.7,0.75,0.75,0.75, 0.75,0.75,0.75,294625,2.21,125, -, -
CASTROLIND, EQ, 19-Jul-2021,143.35,143.35,144.1,142.6, 143.30,143.45,143.51,361680,519.05,4898, 203097, 56.15
CCCL, BE, 19-Jul-2021,0.65,0.7,0.7,0.65, 0.70,0.7,0.7,424700,2.96,440, -, -
CCHHL, BE, 19-Jul-2021,6.95,7.15,7.25,6.85, 7.25,7.25,7.14,190125,13.57,342, -, -
CCL, EQ, 19-Jul-2021,386.0,381.0,390.65,380.0, 381.00,381.15,385.47,260213,1003.05,12761, 110752, 42.56
CDSL, EQ, 19-Jul-2021,1449.3,1437.95,1579.0,1345.05, 1535.00,1537.45,1515.7,4762878,72190.87,205324, 1140615, 23.95
CEATLTD, EQ, 19-Jul-2021,1449.95,1438.0,1449.0,1415.4, 1421.00,1425.45,1433.75,255333,3660.85,13877, 101328, 39.68
CEBBCO, EQ, 19-Jul-2021,37.5,37.25,39.0,36.0, 37.00,37.15,37.18,252340,93.82,1823, 148652, 58.91
CELEBRITY, EQ, 19-Jul-2021,9.1,9.4,9.55,8.9, 9.45,9.4,9.36,155003,14.51,299, 111063, 71.65
CENTENKA, EQ, 19-Jul-2021,455.35,455.4,459.8,447.0, 450.85,452.25,452.99,124248,562.83,8195, 48060, 38.68
CENTEXT, EQ, 19-Jul-2021,9.9,9.9,10.1,9.65, 9.85,9.8,9.85,316577,31.19,709, 245557, 77.57
CENTRALBK, EQ, 19-Jul-2021,25.35,24.95,25.2,24.55, 24.70,24.7,24.86,8551508,2125.53,12988, 3906859, 45.69
CENTRUM, EQ, 19-Jul-2021,51.85,51.4,52.5,50.65, 51.80,51.45,51.72,4878466,2523.33,11459, 2186190, 44.81
CENTUM, EQ, 19-Jul-2021,487.8,489.8,514.9,484.9, 510.00,509.7,506.23,72845,368.76,2200, 55589, 76.31
CENTURYPLY, EQ, 19-Jul-2021,418.8,419.8,422.0,411.9, 420.05,420.7,419.32,285872,1198.71,18078, 230586, 80.66
CENTURYTEX, EQ, 19-Jul-2021,719.5,717.0,736.0,710.0, 714.85,719.55,722.79,682203,4930.87,15154, 87507, 12.83
CERA, EQ, 19-Jul-2021,4490.25,4468.9,4524.4,4391.25, 4400.00,4430.8,4480.58,9614,430.76,1831, 4768, 49.59
CEREBRAINT, EQ, 19-Jul-2021,58.85,58.2,58.9,56.0, 56.60,56.7,57.7,642422,370.65,7765, 234900, 36.56
CESC, EQ, 19-Jul-2021,838.1,829.25,847.8,826.0, 840.70,841.55,836.85,421774,3529.6,15876, 190935, 45.27
CGCL, EQ, 19-Jul-2021,529.7,528.0,539.95,526.45, 526.65,528.95,529.78,20749,109.92,3649, 5825, 28.07
CGPOWER, BE, 19-Jul-2021,77.0,76.25,76.75,74.1, 76.00,75.45,75.42,1631365,1230.3,3735, -, -
CHALET, EQ, 19-Jul-2021,182.4,180.8,180.8,176.0, 177.20,178.05,178.51,433751,774.28,10469, 191091, 44.06
CHAMBLFERT, EQ, 19-Jul-2021,300.7,299.8,309.05,299.0, 304.50,304.6,306.22,1277583,3912.28,32990, 620017, 48.53
CHEMBOND, EQ, 19-Jul-2021,236.35,234.0,238.0,226.7, 233.50,231.0,231.85,79182,183.58,3642, 57617, 72.77
CHEMCON, EQ, 19-Jul-2021,492.55,490.0,500.0,487.05, 489.00,488.45,492.66,257097,1266.6,9969, 118826, 46.22
CHEMFAB, EQ, 19-Jul-2021,180.35,179.95,183.4,174.05, 175.55,175.4,178.0,28497,50.72,2212, 14910, 52.32
CHENNPETRO, EQ, 19-Jul-2021,134.95,135.25,137.4,132.75, 136.00,135.9,135.5,390042,528.49,5730, 119713, 30.69
CHOLAFIN, EQ, 19-Jul-2021,512.4,509.95,516.4,504.0, 506.00,506.5,509.87,2729557,13917.2,58925, 1533738, 56.19
CHOLAHLDNG, EQ, 19-Jul-2021,646.5,650.0,669.1,632.65, 660.60,659.6,654.37,224707,1470.41,9029, 112674, 50.14
CHROMATIC, BZ, 19-Jul-2021,1.15,1.2,1.2,1.2, 1.20,1.2,1.2,298903,3.59,115, -, -
CIGNITITEC, EQ, 19-Jul-2021,647.05,638.8,654.75,635.6, 640.15,641.3,645.75,152274,983.31,5830, 66147, 43.44
CINELINE, EQ, 19-Jul-2021,49.9,49.9,51.0,48.0, 49.00,48.7,49.46,67386,33.33,1147, 37542, 55.71
CINEVISTA, BE, 19-Jul-2021,17.85,17.95,17.95,17.0, 17.25,17.2,17.16,17468,3.0,118, -, -
CIPLA, EQ, 19-Jul-2021,977.15,972.1,983.6,971.25, 974.85,974.0,976.16,854347,8339.8,29906, 340586, 39.87
CLEAN, EQ, 19-Jul-2021,900.0,1755.0,1770.65,1555.05, 1583.00,1585.25,1640.37,13548172,222240.43,590802, 7260119, 53.59
CLEDUCATE, EQ, 19-Jul-2021,140.1,140.0,147.1,140.0, 147.10,147.1,146.52,83850,122.86,1299, 73361, 87.49
CLNINDIA, EQ, 19-Jul-2021,592.25,601.95,601.95,587.8, 596.60,596.75,596.8,43293,258.37,3028, 21915, 50.62
CLSEL, EQ, 19-Jul-2021,149.35,147.0,152.3,145.15, 148.15,147.6,149.22,164250,245.09,5267, 86502, 52.66
CMICABLES, EQ, 19-Jul-2021,54.25,53.5,57.2,53.5, 54.65,54.25,55.3,121341,67.1,1613, 73234, 60.35
COALINDIA, EQ, 19-Jul-2021,145.55,145.0,146.4,144.0, 144.60,144.45,145.12,5158738,7486.57,38011, 1746422, 33.85
COCHINSHIP, EQ, 19-Jul-2021,384.3,383.95,386.5,380.0, 380.50,380.7,382.83,203157,777.74,6082, 121631, 59.87
COFFEEDAY, EQ, 19-Jul-2021,43.7,43.0,43.45,42.6, 42.85,42.9,42.99,802392,344.94,4340, 615262, 76.68
COFORGE, EQ, 19-Jul-2021,4547.75,4539.95,4663.0,4505.0, 4550.00,4544.45,4568.22,348508,15920.6,45867, 60229, 17.28
COLPAL, EQ, 19-Jul-2021,1745.6,1746.0,1758.7,1732.8, 1754.60,1753.3,1743.66,224045,3906.58,16084, 126485, 56.46
COMPINFO, EQ, 19-Jul-2021,31.2,30.75,32.3,30.6, 31.25,31.1,31.22,331387,103.47,1983, 183501, 55.37
COMPUSOFT, BE, 19-Jul-2021,15.9,15.3,16.45,15.25, 16.30,16.2,16.23,297087,48.22,1038, -, -
CONCOR, EQ, 19-Jul-2021,661.4,658.7,664.55,652.0, 659.80,658.0,658.99,1409373,9287.59,20794, 841035, 59.67
CONFIPET, EQ, 19-Jul-2021,63.1,62.65,63.4,61.25, 61.90,61.7,62.46,1252161,782.07,5307, 945122, 75.48
CONSOFINVT, EQ, 19-Jul-2021,127.4,136.9,136.9,129.0, 130.50,130.2,132.97,19853,26.4,498, 11363, 57.24
CONTI, SM, 19-Jul-2021,6.35,6.35,6.35,6.35, 6.35,6.35,6.35,3333,0.21,1, 3333, 100.00
CONTROLPR, EQ, 19-Jul-2021,385.5,384.15,384.5,372.55, 379.00,377.25,378.87,45686,173.09,2500, 28988, 63.45
CORALFINAC, EQ, 19-Jul-2021,52.9,52.25,54.1,51.75, 52.15,52.15,52.94,68290,36.16,1170, 42659, 62.47
CORDSCABLE, EQ, 19-Jul-2021,67.7,66.9,69.0,66.75, 67.75,68.05,67.7,109193,73.93,1604, 44958, 41.17
COROMANDEL, EQ, 19-Jul-2021,863.25,860.0,881.7,854.9, 870.00,870.0,872.17,255113,2225.01,11714, 99723, 39.09
COSMOFILMS, EQ, 19-Jul-2021,1104.0,1099.0,1147.0,1091.75, 1126.00,1135.3,1123.26,112543,1264.15,8671, 48285, 42.90
COUNCODOS, BE, 19-Jul-2021,2.95,2.9,2.95,2.85, 2.85,2.9,2.91,45815,1.33,129, -, -
COX&KINGS, BZ, 19-Jul-2021,2.0,1.9,1.9,1.9, 1.90,1.9,1.9,394151,7.49,270, -, -
CPSEETF, EQ, 19-Jul-2021,26.13,27.5,28.5,25.78, 26.15,26.12,26.1,2113654,551.76,64590, 1977181, 93.54
CRAFTSMAN, EQ, 19-Jul-2021,2102.2,2100.0,2145.1,2071.6, 2084.00,2086.25,2107.13,100484,2117.33,12555, 66332, 66.01
CREATIVE, EQ, 19-Jul-2021,217.95,207.1,215.0,207.1, 207.10,207.1,208.63,147254,307.21,2510, 67714, 45.98
CREDITACC, EQ, 19-Jul-2021,743.1,740.8,740.8,715.0, 716.00,717.8,727.42,52417,381.29,3924, 26459, 50.48
CREST, EQ, 19-Jul-2021,136.4,136.9,142.2,134.0, 135.95,135.9,137.79,48438,66.74,2483, 23038, 47.56
CRISIL, EQ, 19-Jul-2021,2750.5,2750.0,3210.0,2739.0, 3118.00,3100.7,3072.56,1029256,31624.5,88561, 104740, 10.18
CROMPTON, EQ, 19-Jul-2021,466.95,462.4,477.0,460.05, 466.00,465.35,468.01,1252119,5860.04,34625, 656902, 52.46
CSBBANK, EQ, 19-Jul-2021,351.25,347.0,356.9,340.6, 341.90,341.95,348.95,312379,1090.04,8383, 125198, 40.08
CTE, EQ, 19-Jul-2021,63.9,63.9,67.05,63.9, 67.05,67.05,66.56,81258,54.08,557, 64108, 78.89
CUB, EQ, 19-Jul-2021,161.85,160.0,161.0,157.5, 158.75,158.65,159.17,2625777,4179.45,20830, 1460126, 55.61
CUBEXTUB, BE, 19-Jul-2021,30.0,30.0,31.0,28.6, 30.50,30.5,30.02,8780,2.64,70, -, -
CUMMINSIND, EQ, 19-Jul-2021,857.5,857.0,866.85,846.2, 861.75,861.6,859.68,753116,6474.4,24011, 327080, 43.43
CUPID, EQ, 19-Jul-2021,259.4,258.9,272.35,257.55, 266.80,265.75,266.09,511410,1360.79,15818, 243882, 47.69
CYBERMEDIA, EQ, 19-Jul-2021,13.35,13.35,13.35,12.75, 12.90,12.9,12.94,15689,2.03,99, 12254, 78.11
CYBERTECH, EQ, 19-Jul-2021,195.65,193.8,207.0,190.75, 199.00,200.0,200.45,775891,1555.27,16117, 287848, 37.10
CYIENT, EQ, 19-Jul-2021,1062.6,1045.0,1045.0,1000.0, 1010.40,1014.2,1022.53,740880,7575.72,47922, 334678, 45.17
DAAWAT, EQ, 19-Jul-2021,80.2,79.4,80.7,78.75, 79.95,79.35,79.69,1012077,806.48,12260, 572429, 56.56
DABUR, EQ, 19-Jul-2021,580.3,578.8,590.0,576.0, 588.00,588.8,587.46,1953706,11477.28,36662, 1002692, 51.32
DALALSTCOM, BE, 19-Jul-2021,1.6,1.55,1.55,1.55, 1.55,1.55,1.55,3140,0.05,5, -, -
DALBHARAT, EQ, 19-Jul-2021,2251.9,2244.6,2282.35,2205.25, 2225.00,2227.2,2246.34,172121,3866.43,19456, 110523, 64.21
DALMIASUG, EQ, 19-Jul-2021,455.25,456.25,475.0,454.0, 463.00,460.05,463.19,196197,908.77,7683, 57489, 29.30
DAMODARIND, EQ, 19-Jul-2021,50.4,51.0,53.6,49.35, 51.50,51.9,52.25,132376,69.17,1212, 101232, 76.47
DANGEE, BE, 19-Jul-2021,183.1,188.95,188.95,181.0, 186.85,183.45,182.65,4229,7.72,15, -, -
DATAMATICS, EQ, 19-Jul-2021,250.45,245.8,300.5,240.45, 300.50,300.5,284.95,2738199,7802.51,46950, 659195, 24.07
DBCORP, EQ, 19-Jul-2021,111.75,111.0,116.0,110.1, 114.50,114.45,114.23,743482,849.25,11095, 267027, 35.92
DBL, EQ, 19-Jul-2021,569.25,569.95,583.75,569.0, 577.05,577.95,578.2,427793,2473.49,10212, 209267, 48.92
DBREALTY, EQ, 19-Jul-2021,30.35,30.0,31.55,28.95, 29.10,29.2,30.38,1315218,399.55,3961, 902117, 68.59
DBSTOCKBRO, BE, 19-Jul-2021,15.35,15.65,15.65,14.6, 14.85,14.85,14.79,5480,0.81,33, -, -
DCAL, EQ, 19-Jul-2021,213.3,210.1,232.8,210.1, 229.55,228.8,225.53,4422034,9973.13,48384, 1809111, 40.91
DCBBANK, EQ, 19-Jul-2021,108.35,108.9,108.9,106.15, 106.45,106.4,107.47,1022492,1098.89,8384, 505662, 49.45
DCI, SM, 19-Jul-2021,50.5,54.4,54.4,54.4, 54.40,54.4,54.4,3000,1.63,1, 3000, 100.00
DCM, BE, 19-Jul-2021,41.35,41.7,42.35,40.55, 40.55,40.8,41.36,14735,6.1,148, -, -
DCMNVL, EQ, 19-Jul-2021,158.35,158.95,166.25,156.95, 166.25,166.25,165.45,134634,222.75,1716, 101500, 75.39
DCMSHRIRAM, EQ, 19-Jul-2021,1013.6,1020.2,1200.0,1020.2, 1054.00,1052.8,1114.98,3438745,38341.43,107440, 372249, 10.83
DCW, EQ, 19-Jul-2021,40.75,40.55,40.55,39.45, 39.70,39.8,39.94,1893033,756.16,7098, 1155393, 61.03
DECCANCE, EQ, 19-Jul-2021,683.15,684.0,738.0,660.0, 733.05,725.85,713.3,382516,2728.49,20389, 100243, 26.21
DEEPAKFERT, BE, 19-Jul-2021,415.4,414.3,417.05,405.55, 416.00,414.85,411.7,135746,558.86,2791, -, -
DEEPAKNTR, EQ, 19-Jul-2021,1951.5,1948.95,1970.7,1938.45, 1956.05,1958.05,1955.48,623242,12187.39,30560, 214265, 34.38
DEEPENR, EQ, 19-Jul-2021,55.85,55.9,58.3,54.65, 55.60,55.75,56.62,165457,93.68,3102, 85608, 51.74
DEEPINDS, EQ, 19-Jul-2021,93.75,95.4,98.4,95.05, 95.50,96.25,97.35,72441,70.52,1870, 45196, 62.39
DELTACORP, EQ, 19-Jul-2021,183.0,181.3,185.3,179.3, 179.80,180.1,181.55,1784256,3239.31,19708, 710561, 39.82
DELTAMAGNT, BE, 19-Jul-2021,55.45,54.55,57.3,52.7, 55.00,55.0,54.59,2681,1.46,27, -, -
DEN, EQ, 19-Jul-2021,55.15,54.6,54.9,53.6, 53.90,53.75,54.22,3437691,1863.96,11683, 1707763, 49.68
DENORA, EQ, 19-Jul-2021,374.45,365.25,376.0,365.25, 369.00,368.55,370.68,16428,60.89,1326, 8272, 50.35
DFMFOODS, EQ, 19-Jul-2021,404.8,402.9,410.0,395.8, 397.70,398.65,403.16,308309,1242.97,11280, 114047, 36.99
DGCONTENT, BE, 19-Jul-2021,14.55,13.85,15.25,13.85, 14.95,14.5,14.41,104066,14.99,185, -, -
DHAMPURSUG, EQ, 19-Jul-2021,361.15,357.9,372.45,357.0, 363.55,364.4,365.35,485367,1773.29,16230, 191442, 39.44
DHANBANK, EQ, 19-Jul-2021,18.1,17.9,18.0,17.5, 17.70,17.6,17.79,1408797,250.59,3919, 872413, 61.93
DHANI, EQ, 19-Jul-2021,213.7,209.0,212.45,207.0, 211.55,211.3,210.24,1364790,2869.37,12101, 902626, 66.14
DHANILOANS, N4, 19-Jul-2021,1020.46,1010.2,1020.1,1010.2, 1020.10,1020.1,1015.02,53,0.54,3, 53, 100.00
DHANILOANS, N5, 19-Jul-2021,1270.0,1241.2,1270.1,1240.1, 1270.10,1270.1,1264.19,375,4.74,13, 312, 83.20
DHANILOANS, N6, 19-Jul-2021,1005.0,1005.0,1005.0,1000.0, 1005.00,1002.5,1004.07,162,1.63,12, 162, 100.00
DHANILOANS, N8, 19-Jul-2021,1234.9,1233.9,1234.0,1233.9, 1234.00,1233.9,1233.9,365,4.5,11, 240, 65.75
DHANILOANS, NE, 19-Jul-2021,1189.39,1189.0,1189.0,1189.0, 1189.00,1189.0,1189.0,25,0.3,1, 25, 100.00
DHANIPP, E1, 19-Jul-2021,99.15,97.5,99.7,95.1, 98.70,96.75,97.51,84647,82.54,633, 59871, 70.73
DHANUKA, EQ, 19-Jul-2021,1001.15,993.0,1012.0,979.9, 998.00,998.3,994.11,125214,1244.77,9289, 56569, 45.18
DHARSUGAR, EQ, 19-Jul-2021,25.8,24.7,27.05,24.55, 27.05,27.05,26.1,543430,141.85,1672, 166784, 30.69
DHFL, N4, 19-Jul-2021,360.0,360.0,360.41,360.0, 360.41,360.41,360.24,47,0.17,2, 47, 100.00
DHFL, N6, 19-Jul-2021,370.0,367.0,367.0,367.0, 367.00,367.0,367.0,10,0.04,1, 10, 100.00
DHFL, NA, 19-Jul-2021,376.0,375.0,375.0,375.0, 375.00,375.0,375.0,80,0.3,5, 80, 100.00
DHFL, NC, 19-Jul-2021,375.0,375.0,376.0,375.0, 375.00,375.0,375.2,764,2.87,7, 764, 100.00
DHFL, NN, 19-Jul-2021,378.01,388.01,390.0,375.0, 390.00,390.0,389.17,122,0.47,10, 109, 89.34
DHFL, NP, 19-Jul-2021,377.0,389.0,389.0,383.0, 383.00,383.0,386.39,122,0.47,5, 112, 91.80
DHFL, NS, 19-Jul-2021,363.5,370.0,370.0,355.2, 360.30,360.3,360.44,675,2.43,10, 670, 99.26
DHFL, Y1, 19-Jul-2021,360.26,357.1,357.1,357.1, 357.10,357.1,357.1,75,0.27,1, 75, 100.00
DHUNINV, EQ, 19-Jul-2021,662.7,669.9,705.0,631.25, 672.00,669.9,684.54,52137,356.9,3081, 27981, 53.67
DIAMONDYD, EQ, 19-Jul-2021,764.25,770.0,779.25,743.35, 767.60,764.45,762.51,82581,629.69,7694, 27961, 33.86
DIAPOWER, BZ, 19-Jul-2021,0.8,0.8,0.85,0.75, 0.85,0.85,0.79,55261,0.44,36, -, -
DICIND, EQ, 19-Jul-2021,488.25,489.95,493.1,480.2, 480.60,481.8,485.04,4542,22.03,369, 2728, 60.06
DIGISPICE, BE, 19-Jul-2021,52.4,54.0,55.0,52.5, 55.00,55.0,54.82,356947,195.69,1052, -, -
DISHTV, EQ, 19-Jul-2021,14.35,14.2,14.95,14.15, 14.45,14.45,14.57,10028893,1461.67,9440, 4594192, 45.81
DIVISLAB, EQ, 19-Jul-2021,4757.6,4749.95,4832.7,4735.55, 4805.00,4807.45,4798.71,493155,23665.07,44698, 148295, 30.07
DIXON, EQ, 19-Jul-2021,4646.3,4630.0,4648.95,4530.0, 4576.00,4562.4,4585.05,184851,8475.51,23459, 120615, 65.25
DLF, EQ, 19-Jul-2021,330.8,325.9,338.8,324.45, 330.70,331.25,333.1,23622887,78688.95,156770, 3408620, 14.43
DLINKINDIA, EQ, 19-Jul-2021,163.2,162.2,165.6,158.2, 161.60,161.15,162.18,1084255,1758.43,13833, 319756, 29.49
DMART, EQ, 19-Jul-2021,3349.2,3320.0,3348.9,3315.15, 3323.00,3331.6,3332.08,143633,4785.96,18511, 74986, 52.21
DNAMEDIA, EQ, 19-Jul-2021,2.75,2.7,2.75,2.65, 2.65,2.65,2.68,226298,6.06,244, 226198, 99.96
DODLA, EQ, 19-Jul-2021,601.2,593.0,618.95,586.5, 599.00,598.65,604.65,404842,2447.88,26502, 93784, 23.17
DOLAT, EQ, 19-Jul-2021,107.25,106.75,110.0,104.1, 105.90,105.8,107.53,655251,704.57,5943, 354722, 54.14
DOLLAR, EQ, 19-Jul-2021,318.15,317.0,317.5,311.05, 314.90,313.25,314.35,104364,328.07,3188, 65021, 62.30
DONEAR, EQ, 19-Jul-2021,53.9,53.1,54.9,51.9, 53.45,53.85,53.83,352727,189.86,3217, 209759, 59.47
DPABHUSHAN, EQ, 19-Jul-2021,184.6,188.3,188.3,175.0, 180.00,179.7,179.82,15826,28.46,517, 11416, 72.13
DPSCLTD, EQ, 19-Jul-2021,17.25,17.45,17.5,16.45, 17.00,17.15,17.12,78003,13.35,471, 51421, 65.92
DPWIRES, EQ, 19-Jul-2021,190.7,194.0,194.0,187.0, 190.10,188.75,189.7,15502,29.41,653, 11201, 72.26
DQE, BZ, 19-Jul-2021,1.0,0.95,1.0,0.95, 1.00,0.95,0.95,157355,1.5,107, -, -
DRCSYSTEMS, BE, 19-Jul-2021,282.0,282.0,282.0,271.2, 273.30,273.3,278.36,376,1.05,27, -, -
DREDGECORP, EQ, 19-Jul-2021,394.7,391.0,396.0,390.15, 391.00,392.2,393.31,61252,240.91,2716, 20847, 34.03
DRREDDY, EQ, 19-Jul-2021,5406.55,5398.0,5445.0,5382.1, 5425.60,5419.35,5414.77,240858,13041.92,22653, 93807, 38.95
DSML, SM, 19-Jul-2021,10.4,10.9,10.9,10.9, 10.90,10.9,10.9,72000,7.85,5, 48000, 66.67
DSSL, EQ, 19-Jul-2021,155.2,153.45,155.45,148.65, 149.50,149.95,151.29,39199,59.3,1223, 21345, 54.45
DTIL, EQ, 19-Jul-2021,510.05,508.1,535.15,504.1, 523.00,519.55,520.49,18581,96.71,1458, 10500, 56.51
DUCON, BE, 19-Jul-2021,17.15,17.15,17.15,16.3, 16.50,16.5,16.49,144881,23.89,561, -, -
DVL, EQ, 19-Jul-2021,301.75,298.9,317.0,296.15, 306.25,310.1,308.97,180108,556.48,6813, 70856, 39.34
DWARKESH, EQ, 19-Jul-2021,75.55,73.7,79.2,73.6, 77.85,78.1,77.02,4246964,3271.08,20175, 1275538, 30.03
DYNAMATECH, EQ, 19-Jul-2021,1617.4,1617.4,1636.75,1580.0, 1580.00,1591.55,1608.37,5326,85.66,611, 3474, 65.23
DYNPRO, EQ, 19-Jul-2021,523.2,518.0,524.9,504.25, 519.00,512.2,513.22,55947,287.13,3209, 37158, 66.42
E2E, SM, 19-Jul-2021,41.1,43.0,43.15,42.0, 43.15,43.15,42.11,40000,16.84,3, 40000, 100.00
EASEMYTRIP, EQ, 19-Jul-2021,434.9,427.8,435.8,418.0, 424.95,424.55,427.54,1150092,4917.12,23027, 477672, 41.53
EASTSILK, BE, 19-Jul-2021,4.0,4.1,4.1,3.8, 4.10,4.05,4.02,83332,3.35,165, -, -
EASUNREYRL, BZ, 19-Jul-2021,2.85,2.95,2.95,2.75, 2.80,2.8,2.85,10420,0.3,22, -, -
EBBETF0423, EQ, 19-Jul-2021,1139.43,1140.0,1141.0,1139.05, 1140.10,1140.15,1139.92,4561,51.99,102, 3834, 84.06
EBBETF0425, EQ, 19-Jul-2021,1048.53,1047.57,1049.44,1046.98, 1048.92,1047.81,1047.68,4221,44.22,73, 3114, 73.77
EBBETF0430, EQ, 19-Jul-2021,1160.32,1166.18,1166.18,1157.04, 1160.00,1159.15,1159.49,10054,116.57,204, 7232, 71.93
EBBETF0431, EQ, 19-Jul-2021,1040.74,1040.0,1043.49,1038.5, 1040.00,1040.92,1040.75,25174,262.0,148, 10903, 43.31
EBIXFOREX, EQ, 19-Jul-2021,648.45,634.0,669.55,634.0, 662.00,659.15,656.34,4384,28.77,361, 2636, 60.13
EC2RG, MF, 19-Jul-2021,8.03,8.83,8.83,8.83, 8.83,8.83,8.83,20000,1.77,3, 20000, 100.00
ECLERX, BE, 19-Jul-2021,2229.0,2240.0,2279.8,2220.05, 2246.30,2252.2,2237.05,28109,628.81,1634, -, -
ECLFINANCE, NE, 19-Jul-2021,1295.0,1295.05,1295.05,1295.0, 1295.00,1295.01,1295.01,200,2.59,3, 200, 100.00
ECLFINANCE, NF, 19-Jul-2021,1084.75,1084.0,1085.0,1083.0, 1083.00,1083.0,1083.33,706,7.65,6, 706, 100.00
ECLFINANCE, NG, 19-Jul-2021,985.0,985.0,985.0,985.0, 985.00,985.0,985.0,224,2.21,5, 224, 100.00
ECLFINANCE, NH, 19-Jul-2021,1274.0,1275.0,1275.0,1275.0, 1275.00,1275.0,1275.0,2,0.03,1, 2, 100.00
ECLFINANCE, NI, 19-Jul-2021,1060.0,1060.0,1060.0,1059.99, 1059.99,1059.99,1059.99,16,0.17,2, 16, 100.00
ECLFINANCE, NK, 19-Jul-2021,1001.26,1001.0,1001.0,997.8, 997.80,998.2,999.75,2103,21.02,34, 2103, 100.00
ECLFINANCE, NM, 19-Jul-2021,1049.0,1040.0,1049.0,1040.0, 1049.00,1049.0,1040.35,26,0.27,4, 26, 100.00
ECLFINANCE, NN, 19-Jul-2021,1265.1,1260.0,1260.4,1255.0, 1260.40,1260.4,1257.76,110,1.38,4, 110, 100.00
ECLFINANCE, NO, 19-Jul-2021,994.1,995.0,996.0,995.0, 996.00,996.0,995.09,110,1.09,2, 110, 100.00
ECLFINANCE, NP, 19-Jul-2021,1029.48,1029.5,1032.0,1029.5, 1032.00,1032.0,1031.58,120,1.24,3, 120, 100.00
ECLFINANCE, NQ, 19-Jul-2021,1250.05,1274.9,1275.0,1240.0, 1240.00,1240.0,1253.08,202,2.53,7, 202, 100.00
ECLFINANCE, NR, 19-Jul-2021,1003.0,1005.0,1005.0,1000.0, 1000.00,1000.05,1001.46,885,8.86,18, 885, 100.00
ECLFINANCE, NS, 19-Jul-2021,1045.0,1030.0,1030.0,1030.0, 1030.00,1030.0,1030.0,111,1.14,3, 111, 100.00
EDELWEISS, EQ, 19-Jul-2021,90.65,90.25,95.15,89.35, 93.25,92.95,93.8,8935268,8381.43,41401, 4241976, 47.47
EDUCOMP, BZ, 19-Jul-2021,3.4,3.55,3.55,3.3, 3.55,3.55,3.52,78921,2.78,108, -, -
EHFLNCD, N6, 19-Jul-2021,963.32,963.3,967.9,954.0, 954.00,954.0,959.98,314,3.01,14, 314, 100.00
EICHERMOT, EQ, 19-Jul-2021,2617.25,2609.0,2617.25,2571.0, 2578.95,2579.75,2593.31,561172,14552.92,39265, 311180, 55.45
EIDPARRY, EQ, 19-Jul-2021,416.0,414.95,424.0,411.15, 418.55,418.2,420.26,601708,2528.72,13577, 197167, 32.77
EIHAHOTELS, EQ, 19-Jul-2021,350.45,348.0,350.0,332.5, 337.00,337.35,337.92,46461,157.0,2919, 26480, 56.99
EIHOTEL, EQ, 19-Jul-2021,115.9,114.6,116.7,113.2, 113.90,113.9,114.58,691972,792.89,11724, 231588, 33.47
EIMCOELECO, EQ, 19-Jul-2021,505.65,527.0,527.0,505.65, 510.00,508.95,516.26,48762,251.74,2702, 26149, 53.63
EKC, BE, 19-Jul-2021,100.35,96.4,103.9,96.4, 99.00,99.05,99.43,144566,143.74,973, -, -
ELECON, EQ, 19-Jul-2021,141.8,142.0,146.75,137.0, 138.70,138.4,142.87,2414936,3450.14,22408, 994647, 41.19
ELECTCAST, EQ, 19-Jul-2021,37.4,37.05,37.5,37.0, 37.00,37.0,37.09,378708,140.47,1320, 281402, 74.31
ELECTHERM, EQ, 19-Jul-2021,159.8,155.1,159.25,155.0, 155.90,155.5,156.95,19927,31.27,901, 10712, 53.76
ELGIEQUIP, EQ, 19-Jul-2021,210.55,209.0,214.0,208.1, 210.90,209.75,210.89,101836,214.76,3488, 52313, 51.37
ELGIRUBCO, EQ, 19-Jul-2021,38.05,38.0,39.45,37.5, 38.70,38.85,38.55,82750,31.9,1002, 53491, 64.64
EMAMILTD, EQ, 19-Jul-2021,558.65,550.0,557.35,532.25, 540.20,542.2,546.52,333614,1823.27,14735, 172916, 51.83
EMAMIPAP, EQ, 19-Jul-2021,169.8,169.0,170.75,160.0, 164.95,164.75,165.69,136725,226.55,5017, 61078, 44.67
EMAMIREAL, EQ, 19-Jul-2021,79.75,80.8,83.7,80.8, 83.70,83.7,82.98,248078,205.86,1292, 147827, 59.59
EMBASSY, RR, 19-Jul-2021,357.58,355.98,359.59,354.4, 355.01,355.24,356.53,147200,524.81,413, 121600, 82.61
EMCO, BZ, 19-Jul-2021,2.45,2.55,2.55,2.35, 2.55,2.55,2.47,38400,0.95,56, -, -
EMKAY, EQ, 19-Jul-2021,128.8,128.8,137.0,126.8, 135.00,135.25,134.06,960909,1288.16,12741, 407899, 42.45
EMKAYTOOLS, SM, 19-Jul-2021,168.95,177.35,177.35,177.35, 177.35,177.35,177.35,600,1.06,1, 600, 100.00
EMMBI, EQ, 19-Jul-2021,107.3,106.5,125.55,106.2, 117.75,116.5,118.49,1664497,1972.26,19965, 484791, 29.13
ENDURANCE, EQ, 19-Jul-2021,1648.0,1648.0,1664.5,1613.0, 1622.00,1624.8,1640.0,58598,961.01,7204, 20259, 34.57
ENERGYDEV, EQ, 19-Jul-2021,11.95,11.95,12.0,11.65, 11.90,11.85,11.87,46150,5.48,187, 33717, 73.06
ENGINERSIN, EQ, 19-Jul-2021,77.5,77.0,77.75,76.6, 77.15,77.15,77.23,1240524,958.08,7655, 659072, 53.13
ENIL, EQ, 19-Jul-2021,187.4,188.9,191.8,184.05, 191.00,191.1,189.35,109036,206.46,3208, 64715, 59.35
EPL, EQ, 19-Jul-2021,246.9,246.0,255.95,244.0, 245.75,246.65,250.36,390041,976.52,14164, 228278, 58.53
EQ30, EQ, 19-Jul-2021,389.8,389.8,390.0,382.0, 385.50,385.36,387.11,563,2.18,150, 342, 60.75
EQUITAS, EQ, 19-Jul-2021,130.35,130.0,130.0,125.5, 128.00,128.1,127.6,2046469,2611.22,20342, 1392564, 68.05
EQUITASBNK, EQ, 19-Jul-2021,65.75,65.8,66.45,65.25, 65.90,65.75,65.94,915200,603.48,6976, 471695, 51.54
ERFLNCDI, N4, 19-Jul-2021,971.8,971.8,983.8,970.0, 983.80,983.8,974.72,764,7.45,14, 500, 65.45
ERFLNCDI, N5, 19-Jul-2021,924.0,918.0,920.0,905.0, 920.00,920.0,911.47,209,1.9,10, 179, 85.65
ERFLNCDI, N6, 19-Jul-2021,916.8,927.8,927.8,927.8, 927.80,927.8,927.8,100,0.93,1, 100, 100.00
ERIS, EQ, 19-Jul-2021,767.8,763.0,771.95,752.3, 760.00,756.35,762.54,65337,498.22,8185, 26279, 40.22
EROSMEDIA, EQ, 19-Jul-2021,24.75,24.6,24.85,23.8, 24.20,24.2,24.32,1039444,252.82,3040, 679624, 65.38
ESABINDIA, EQ, 19-Jul-2021,1927.0,1925.65,1935.55,1895.0, 1910.15,1908.85,1913.84,3994,76.44,871, 2061, 51.60
ESCORTS, EQ, 19-Jul-2021,1193.7,1189.0,1203.7,1184.4, 1190.15,1192.7,1195.52,698945,8356.05,26662, 300184, 42.95
ESSARSHPNG, BE, 19-Jul-2021,11.75,11.7,11.75,11.2, 11.35,11.2,11.4,94690,10.79,404, -, -
ESTER, EQ, 19-Jul-2021,145.75,143.85,154.9,143.05, 148.65,148.85,148.53,542536,805.81,12079, 159330, 29.37
EUROMULTI, BZ, 19-Jul-2021,1.35,1.4,1.4,1.4, 1.40,1.4,1.4,1815,0.03,10, -, -
EUROTEXIND, BE, 19-Jul-2021,8.45,8.85,8.85,8.85, 8.85,8.85,8.85,509,0.05,3, -, -
EVEREADY, EQ, 19-Jul-2021,315.35,313.0,319.9,308.0, 312.10,312.45,312.54,392238,1225.91,5875, 208273, 53.10
EVERESTIND, EQ, 19-Jul-2021,416.85,406.0,466.0,406.0, 446.90,442.75,446.04,1262148,5629.62,31187, 366100, 29.01
EXCEL, BE, 19-Jul-2021,3.65,3.7,3.8,3.5, 3.65,3.7,3.68,130991,4.82,235, -, -
EXCELINDUS, EQ, 19-Jul-2021,1235.75,1242.0,1244.8,1200.0, 1206.55,1206.4,1221.01,25710,313.92,3570, 14543, 56.57
EXIDEIND, EQ, 19-Jul-2021,184.05,183.75,183.75,181.15, 181.75,181.7,182.46,1574923,2873.56,25312, 719896, 45.71
EXPLEOSOL, BE, 19-Jul-2021,1264.15,1261.0,1261.0,1200.95, 1200.95,1200.95,1210.05,31405,380.02,1614, -, -
FACT, EQ, 19-Jul-2021,138.35,137.3,139.5,136.95, 137.60,137.85,138.17,157850,218.1,2457, 52070, 32.99
FAIRCHEMOR, EQ, 19-Jul-2021,1533.35,1554.0,1608.0,1540.0, 1578.90,1568.6,1574.23,37633,592.43,3456, 20010, 53.17
FCL, EQ, 19-Jul-2021,96.0,95.3,101.95,95.25, 100.85,100.7,99.25,4703155,4667.99,35336, 1243590, 26.44
FCONSUMER, EQ, 19-Jul-2021,9.1,9.1,9.25,9.0, 9.10,9.1,9.12,6397707,583.75,4543, 2690934, 42.06
FCSSOFT, BE, 19-Jul-2021,2.1,2.2,2.2,2.2, 2.20,2.2,2.2,2461178,54.15,2511, -, -
FDC, EQ, 19-Jul-2021,378.9,378.7,378.7,371.85, 373.55,374.3,375.38,167699,629.51,4880, 77486, 46.21
FEDERALBNK, EQ, 19-Jul-2021,87.9,86.5,87.4,85.8, 86.15,86.0,86.48,11727934,10142.35,42605, 5015996, 42.77
FEL, EQ, 19-Jul-2021,10.95,10.95,11.15,10.8, 11.05,11.0,11.05,943907,104.27,1036, 688469, 72.94
FELDVR, EQ, 19-Jul-2021,14.05,13.6,14.75,13.6, 14.75,14.45,14.15,52918,7.49,209, 27197, 51.39
FELIX, SM, 19-Jul-2021,44.65,44.55,44.55,42.55, 42.55,42.55,43.88,12000,5.27,3, 12000, 100.00
FIEMIND, EQ, 19-Jul-2021,792.95,789.0,804.7,781.3, 792.00,798.05,793.76,36016,285.88,3990, 16439, 45.64
FILATEX, EQ, 19-Jul-2021,110.6,107.0,109.35,105.3, 106.90,106.9,107.32,2414655,2591.5,12656, 1014938, 42.03
FILDF2GP, MF, 19-Jul-2021,0.86,0.94,0.94,0.93, 0.94,0.93,0.94,1928,0.02,9, 1926, 99.90
FINCABLES, EQ, 19-Jul-2021,538.7,536.0,546.65,526.85, 531.00,531.75,537.38,210576,1131.59,8852, 93946, 44.61
FINEORG, EQ, 19-Jul-2021,2996.4,2998.0,3016.95,2905.55, 2934.00,2919.7,2952.43,28323,836.22,8149, 17204, 60.74
FINPIPE, EQ, 19-Jul-2021,177.25,177.0,178.0,175.0, 175.40,175.75,176.6,565255,998.25,10317, 391291, 69.22
FLEXITUFF, BE, 19-Jul-2021,25.25,26.25,26.25,24.0, 24.00,24.15,24.41,20236,4.94,90, -, -
FLFL, EQ, 19-Jul-2021,72.2,72.7,74.6,72.0, 72.40,72.25,73.21,125132,91.61,1568, 73129, 58.44
FLUOROCHEM, EQ, 19-Jul-2021,1486.3,1491.0,1543.75,1436.3, 1495.00,1500.05,1500.15,201161,3017.72,13809, 98948, 49.19
FMGOETZE, EQ, 19-Jul-2021,307.7,306.0,307.5,297.85, 302.55,301.2,303.17,181462,550.15,6337, 108600, 59.85
FMNL, EQ, 19-Jul-2021,18.6,18.75,18.9,18.1, 18.40,18.45,18.58,24060,4.47,152, 14065, 58.46
FOCUS, SM, 19-Jul-2021,51.0,51.25,51.8,50.45, 51.60,51.6,51.42,93000,47.82,31, 36000, 38.71
FORCEMOT, EQ, 19-Jul-2021,1541.65,1525.0,1588.85,1520.0, 1561.50,1550.4,1549.4,322847,5002.21,20183, 48760, 15.10
FORTIS, EQ, 19-Jul-2021,235.35,234.0,242.5,231.75, 238.00,236.8,237.8,3195842,7599.84,30527, 1000834, 31.32
FOSECOIND, EQ, 19-Jul-2021,1558.5,1562.5,1573.3,1531.1, 1555.00,1550.75,1548.76,1916,29.67,436, 1079, 56.32
FRETAIL, EQ, 19-Jul-2021,63.0,63.0,63.95,62.85, 63.50,63.35,63.37,1527653,968.09,7183, 878318, 57.49
FSC, BE, 19-Jul-2021,91.25,90.0,92.0,89.0, 91.45,91.35,90.31,23296,21.04,293, -, -
FSL, EQ, 19-Jul-2021,229.7,224.8,242.85,222.25, 227.60,227.0,233.78,20459802,47831.92,179143, 3221928, 15.75
GABRIEL, EQ, 19-Jul-2021,129.55,128.25,129.3,123.15, 125.50,125.4,126.98,430768,546.99,6164, 193772, 44.98
GAEL, EQ, 19-Jul-2021,186.35,185.0,188.8,181.1, 183.75,183.3,185.58,414123,768.54,10808, 175144, 42.29
GAIL, EQ, 19-Jul-2021,144.8,144.8,148.0,143.8, 144.55,144.35,144.99,13184154,19116.1,54081, 6913038, 52.43
GAL, BE, 19-Jul-2021,2.5,2.55,2.55,2.4, 2.40,2.4,2.45,864222,21.2,1128, -, -
GALAXYSURF, EQ, 19-Jul-2021,3138.75,3130.0,3130.6,3051.0, 3116.45,3104.5,3105.48,20097,624.11,4901, 11524, 57.34
GALLANTT, EQ, 19-Jul-2021,79.95,78.15,80.65,77.5, 77.75,78.0,79.1,91660,72.5,1438, 60116, 65.59
GALLISPAT, EQ, 19-Jul-2021,56.6,55.9,57.45,54.6, 56.50,56.6,56.49,67946,38.38,1015, 46963, 69.12
GAMMNINFRA, EQ, 19-Jul-2021,2.3,2.2,2.4,2.2, 2.40,2.4,2.31,16300195,375.72,3687, 6882056, 42.22
GANDHITUBE, EQ, 19-Jul-2021,453.5,445.5,474.0,445.5, 457.00,458.5,460.31,76782,353.44,7012, 17897, 23.31
GANECOS, EQ, 19-Jul-2021,508.3,501.3,509.9,496.95, 501.50,501.75,500.98,30624,153.42,1540, 22442, 73.28
GANESHHOUC, BE, 19-Jul-2021,130.85,130.7,130.7,124.35, 127.00,125.5,125.89,62923,79.22,410, -, -
GANGAFORGE, EQ, 19-Jul-2021,107.95,107.95,108.0,105.35, 105.70,105.8,105.8,44208,46.77,254, 11778, 26.64
GANGESSECU, EQ, 19-Jul-2021,90.95,99.0,99.0,91.0, 94.05,93.7,96.62,150173,145.1,2882, 85400, 56.87
GANGOTRI, BE, 19-Jul-2021,1.1,1.15,1.15,1.1, 1.15,1.15,1.15,97691,1.12,150, -, -
GARFIBRES, EQ, 19-Jul-2021,3333.45,3330.0,3383.45,3302.2, 3363.00,3353.15,3338.63,12209,407.61,3321, 6054, 49.59
GATI, EQ, 19-Jul-2021,163.1,163.0,168.95,162.0, 167.50,166.9,166.64,1691575,2818.88,17205, 573249, 33.89
GAYAHWS, BE, 19-Jul-2021,1.15,1.2,1.2,1.15, 1.20,1.2,1.2,1076076,12.86,458, -, -
GAYAPROJ, EQ, 19-Jul-2021,39.7,38.9,42.0,38.15, 40.75,40.85,40.81,8043854,3282.94,18006, 4616711, 57.39
GDL, BE, 19-Jul-2021,283.05,283.1,290.0,282.0, 284.85,284.45,285.33,35038,99.98,1518, -, -
GEECEE, EQ, 19-Jul-2021,184.9,180.9,184.3,175.1, 179.20,178.7,180.11,101324,182.49,4049, 50445, 49.79
GEEKAYWIRE, EQ, 19-Jul-2021,90.5,91.15,91.15,88.5, 88.80,89.45,89.43,27237,24.36,354, 17539, 64.39
GENCON, EQ, 19-Jul-2021,52.9,50.45,58.0,50.0, 51.30,51.25,54.58,577869,315.39,7723, 211575, 36.61
GENESYS, EQ, 19-Jul-2021,174.6,167.0,171.95,165.9, 165.90,165.9,166.88,19666,32.82,387, 16439, 83.59
GENUSPAPER, EQ, 19-Jul-2021,12.45,12.45,12.6,12.0, 12.60,12.25,12.21,504472,61.58,1307, 277676, 55.04
GENUSPOWER, EQ, 19-Jul-2021,71.35,70.4,72.5,70.3, 70.40,70.8,71.63,883872,633.08,7020, 324453, 36.71
GEOJITFSL, EQ, 19-Jul-2021,96.75,94.75,101.0,93.2, 96.00,95.65,97.44,3178102,3096.72,20815, 1007107, 31.69
GEPIL, EQ, 19-Jul-2021,336.8,336.9,339.95,330.0, 331.65,331.65,334.94,100026,335.02,3788, 48065, 48.05
GESHIP, EQ, 19-Jul-2021,380.4,381.0,385.0,378.05, 382.00,382.2,382.1,331681,1267.37,12614, 189030, 56.99
GET&D, EQ, 19-Jul-2021,138.1,137.85,137.85,128.0, 135.10,135.35,136.09,162915,221.71,2661, 82623, 50.72
GFLLIMITED, EQ, 19-Jul-2021,67.6,67.0,67.8,66.1, 66.40,66.4,66.72,141793,94.6,2378, 110473, 77.91
GFSTEELS, BE, 19-Jul-2021,3.0,3.15,3.15,3.15, 3.15,3.15,3.15,99,0.0,1, -, -
GHCL, EQ, 19-Jul-2021,319.7,316.0,317.4,308.1, 311.60,310.7,312.59,218780,683.88,4673, 101422, 46.36
GICHSGFIN, EQ, 19-Jul-2021,185.8,184.7,187.15,181.5, 181.75,181.95,184.15,353042,650.12,5824, 154092, 43.65
GICRE, EQ, 19-Jul-2021,184.9,185.0,185.35,181.8, 182.75,183.25,183.33,411936,755.18,18542, 224679, 54.54
GILLANDERS, EQ, 19-Jul-2021,62.25,62.25,62.5,60.0, 60.00,60.35,61.16,10196,6.24,174, 8921, 87.50
GILLETTE, EQ, 19-Jul-2021,6020.45,5953.0,6249.0,5953.0, 6110.00,6083.5,6143.4,37108,2279.69,6101, 19040, 51.31
GINNIFILA, EQ, 19-Jul-2021,37.55,38.9,41.3,37.05, 40.80,41.2,40.68,1525459,620.5,4466, 777355, 50.96
GIPCL, EQ, 19-Jul-2021,91.05,92.25,97.9,92.1, 95.05,95.05,95.95,7445036,7143.62,52538, 2253828, 30.27
GIRIRAJ, SM, 19-Jul-2021,91.6,87.25,87.25,87.25, 87.25,87.25,87.25,1200,1.05,1, 1200, 100.00
GKWLIMITED, EQ, 19-Jul-2021,786.75,775.8,800.0,741.25, 750.90,749.4,762.3,3756,28.63,731, 2061, 54.87
GLAND, EQ, 19-Jul-2021,3956.8,3877.0,3956.0,3835.0, 3870.00,3858.6,3882.32,205320,7971.17,26867, 117663, 57.31
GLAXO, EQ, 19-Jul-2021,1577.35,1550.0,1652.0,1548.25, 1607.30,1607.55,1619.5,218580,3539.9,17862, 80799, 36.97
GLENMARK, EQ, 19-Jul-2021,687.05,676.0,690.95,676.0, 683.65,682.55,684.9,1858210,12726.8,37663, 333473, 17.95
GLOBAL, EQ, 19-Jul-2021,49.1,51.0,51.0,48.8, 49.75,49.3,49.44,7489,3.7,176, 2706, 36.13
GLOBALVECT, EQ, 19-Jul-2021,60.1,58.55,61.0,57.7, 57.75,58.05,59.69,51216,30.57,742, 37227, 72.69
GLOBE, BE, 19-Jul-2021,175.4,166.65,166.65,166.65, 166.65,166.65,166.65,13408,22.34,373, -, -
GLOBUSSPR, BE, 19-Jul-2021,675.3,675.3,696.0,663.0, 683.00,680.85,685.14,61232,419.53,1890, -, -
GMBREW, EQ, 19-Jul-2021,606.0,604.0,612.95,590.0, 602.00,597.25,602.83,70414,424.48,4401, 29502, 41.90
GMDCLTD, EQ, 19-Jul-2021,68.25,67.1,69.2,67.1, 68.10,68.0,68.38,747406,511.05,4633, 346106, 46.31
GMMPFAUDLR, EQ, 19-Jul-2021,4644.2,4628.0,4667.45,4594.25, 4608.90,4605.2,4622.96,24465,1131.01,5388, 13069, 53.42
GMRINFRA, EQ, 19-Jul-2021,31.1,30.75,30.85,30.15, 30.20,30.25,30.5,10326116,3149.94,20936, 2159486, 20.91
GNA, EQ, 19-Jul-2021,522.25,515.0,519.0,501.1, 506.00,503.95,508.97,185821,945.77,8480, 99335, 53.46
GNFC, EQ, 19-Jul-2021,359.7,359.0,365.95,358.1, 362.50,362.4,362.85,407537,1478.76,11401, 224328, 55.04
GOACARBON, BE, 19-Jul-2021,395.25,390.0,395.0,378.0, 390.00,388.9,387.75,11907,46.17,400, -, -
GOCLCORP, EQ, 19-Jul-2021,274.5,277.95,277.95,269.6, 273.90,271.95,272.84,26057,71.09,1106, 15266, 58.59
GODFRYPHLP, EQ, 19-Jul-2021,1042.9,1030.0,1065.5,1026.0, 1050.00,1044.8,1046.89,71985,753.61,5732, 29951, 41.61
GODHA, BE, 19-Jul-2021,42.0,41.0,43.9,40.85, 43.40,43.4,42.73,91,0.04,8, -, -
GODREJAGRO, EQ, 19-Jul-2021,657.55,653.0,659.0,642.95, 655.00,654.65,652.48,198637,1296.07,8303, 71535, 36.01
GODREJCP, EQ, 19-Jul-2021,951.1,949.1,958.45,942.1, 944.50,944.0,949.29,613585,5824.71,28795, 301533, 49.14
GODREJIND, EQ, 19-Jul-2021,555.5,552.1,561.15,549.0, 549.15,553.1,555.08,145744,808.99,4469, 89795, 61.61
GODREJPROP, EQ, 19-Jul-2021,1577.8,1565.0,1596.8,1548.05, 1565.95,1568.95,1578.12,1095880,17294.25,36901, 341971, 31.21
GOENKA, BZ, 19-Jul-2021,1.3,1.3,1.35,1.3, 1.35,1.35,1.31,238920,3.14,128, -, -
GOKEX, EQ, 19-Jul-2021,207.0,205.0,209.95,197.0, 201.60,201.05,202.21,317291,641.6,5030, 179989, 56.73
GOKUL, EQ, 19-Jul-2021,31.65,31.35,34.25,31.1, 34.25,34.0,33.4,581292,194.18,3202, 377367, 64.92
GOKULAGRO, EQ, 19-Jul-2021,41.15,40.05,42.25,40.05, 41.30,40.95,41.3,178212,73.6,1630, 110342, 61.92
GOLDBEES, EQ, 19-Jul-2021,41.85,43.6,43.6,41.54, 41.68,41.62,41.66,1838895,766.08,24178, 1256686, 68.34
GOLDENTOBC, BE, 19-Jul-2021,45.75,45.0,47.9,43.5, 47.90,47.9,46.88,8397,3.94,43, -, -
GOLDIAM, EQ, 19-Jul-2021,593.65,581.2,613.7,578.0, 604.00,601.2,597.19,231094,1380.07,7580, 92114, 39.86
GOLDSHARE, EQ, 19-Jul-2021,41.9,41.9,41.9,41.5, 41.60,41.65,41.69,88221,36.77,511, 65098, 73.79
GOLDTECH, EQ, 19-Jul-2021,12.75,13.0,13.0,12.45, 12.50,12.55,12.6,27370,3.45,208, 19559, 71.46
GOODLUCK, EQ, 19-Jul-2021,177.2,176.0,194.9,169.05, 194.90,194.9,188.67,1448148,2732.23,10266, 419706, 28.98
GOODYEAR, EQ, 19-Jul-2021,1276.3,1282.0,1284.8,1241.05, 1250.00,1249.5,1262.3,99258,1252.94,8307, 43703, 44.03
GPIL, BE, 19-Jul-2021,1409.65,1429.0,1480.1,1420.0, 1480.10,1480.1,1471.32,56420,830.12,2540, -, -
GPPL, EQ, 19-Jul-2021,106.4,106.3,108.9,105.65, 106.80,106.7,107.46,658949,708.08,7934, 340299, 51.64
GPTINFRA, EQ, 19-Jul-2021,101.5,101.5,104.35,96.65, 98.10,98.25,99.06,252587,250.22,6385, 155681, 61.63
GRANULES, EQ, 19-Jul-2021,381.55,377.9,396.55,372.0, 376.90,377.8,382.79,8374256,32055.53,78681, 2134785, 25.49
GRAPHITE, EQ, 19-Jul-2021,667.05,655.0,666.9,649.85, 652.00,652.9,656.27,424042,2782.87,14547, 225580, 53.20
GRASIM, EQ, 19-Jul-2021,1572.3,1558.8,1575.6,1544.85, 1558.50,1558.8,1562.78,559807,8748.54,21791, 131187, 23.43
GRAVITA, EQ, 19-Jul-2021,174.3,173.4,184.0,171.4, 181.00,181.05,179.8,1209892,2175.42,19535, 475310, 39.29
GREAVESCOT, EQ, 19-Jul-2021,169.5,167.0,168.95,165.6, 166.80,166.55,167.23,1967075,3289.63,17705, 840821, 42.74
GREENLAM, EQ, 19-Jul-2021,1323.95,1329.95,1350.0,1310.0, 1319.05,1320.75,1333.06,2412,32.15,600, 1012, 41.96
GREENPANEL, BE, 19-Jul-2021,246.85,249.0,250.0,239.0, 242.20,242.2,245.09,55397,135.77,929, -, -
GREENPLY, EQ, 19-Jul-2021,199.25,197.5,205.25,196.45, 199.30,199.35,201.5,406297,818.69,10520, 182860, 45.01
GREENPOWER, EQ, 19-Jul-2021,3.55,3.4,3.4,3.4, 3.40,3.4,3.4,1779097,60.49,2217, 1779097, 100.00
GRINDWELL, EQ, 19-Jul-2021,1305.0,1305.0,1326.0,1260.0, 1276.95,1272.8,1283.76,56458,724.78,7963, 24161, 42.79
GRINFRA, EQ, 19-Jul-2021,837.0,1715.85,1838.0,1550.0, 1737.95,1747.1,1710.33,14023521,239848.98,589324, 6493035, 46.30
GROBTEA, EQ, 19-Jul-2021,1236.7,1289.0,1290.0,1216.45, 1270.00,1236.15,1247.86,762,9.51,139, 363, 47.64
GRPLTD, EQ, 19-Jul-2021,948.1,951.0,968.0,940.0, 940.30,944.0,953.19,2792,26.61,210, 2110, 75.57
GRSE, EQ, 19-Jul-2021,201.2,198.0,207.0,197.5, 203.00,203.8,202.7,278591,564.72,5355, 128376, 46.08
GSCLCEMENT, EQ, 19-Jul-2021,51.25,50.5,53.4,50.2, 52.10,51.95,51.78,1141919,591.3,15560, 232628, 20.37
GSFC, EQ, 19-Jul-2021,114.65,114.6,116.3,113.0, 113.65,114.65,115.19,1656627,1908.31,13667, 1065847, 64.34
GSPL, EQ, 19-Jul-2021,337.3,336.0,341.0,322.65, 326.00,327.55,333.37,775542,2585.44,18706, 224558, 28.95
GSS, EQ, 19-Jul-2021,76.15,74.8,82.6,73.7, 79.45,79.5,79.53,803819,639.26,8823, 357721, 44.50
GTL, EQ, 19-Jul-2021,21.85,21.5,21.85,20.8, 20.85,20.85,21.08,879561,185.37,3219, 538703, 61.25
GTLINFRA, EQ, 19-Jul-2021,3.0,3.15,3.15,3.15, 3.15,3.15,3.15,1139088,35.88,702, 1139088, 100.00
GTPL, EQ, 19-Jul-2021,200.45,200.45,205.0,180.8, 184.55,184.45,190.41,625661,1191.3,15581, 262474, 41.95
GUFICBIO, EQ, 19-Jul-2021,184.0,184.0,184.9,178.05, 178.60,179.05,180.72,204465,369.51,5191, 152529, 74.60
GUJALKALI, EQ, 19-Jul-2021,458.95,454.9,480.0,452.05, 465.05,468.1,468.97,703999,3301.53,18195, 207136, 29.42
GUJAPOLLO, EQ, 19-Jul-2021,238.3,235.3,243.0,233.35, 235.40,235.15,236.82,27708,65.62,2097, 15596, 56.29
GUJGASLTD, EQ, 19-Jul-2021,680.6,678.0,690.0,671.0, 684.95,684.55,684.72,783309,5363.47,24274, 227864, 29.09
GUJRAFFIA, BE, 19-Jul-2021,52.7,50.1,50.1,50.1, 50.10,50.1,50.1,4749,2.38,49, -, -
GULFOILLUB, EQ, 19-Jul-2021,668.2,669.9,672.55,664.65, 666.85,665.55,667.42,41295,275.61,3075, 28218, 68.33
GULFPETRO, EQ, 19-Jul-2021,67.3,66.1,67.9,65.5, 65.80,65.7,66.57,77001,51.26,1405, 42620, 55.35
GULPOLY, BE, 19-Jul-2021,234.2,239.0,239.9,226.75, 237.45,236.25,234.95,74427,174.86,759, -, -
GVKPIL, BZ, 19-Jul-2021,2.4,2.5,2.5,2.5, 2.50,2.5,2.5,600462,15.01,313, -, -
HAL, EQ, 19-Jul-2021,1074.75,1074.8,1091.0,1068.0, 1085.00,1082.1,1081.69,195211,2111.57,10553, 63667, 32.61
HAPPSTMNDS, EQ, 19-Jul-2021,1494.3,1460.0,1557.0,1420.0, 1526.10,1526.1,1511.28,5195392,78516.8,219549, 825736, 15.89
HARRMALAYA, EQ, 19-Jul-2021,218.55,216.0,223.0,214.4, 217.30,216.65,218.29,260215,568.02,10293, 66147, 25.42
HATHWAY, EQ, 19-Jul-2021,26.8,26.65,27.6,26.55, 26.90,26.75,26.97,8584107,2315.35,15133, 4141083, 48.24
HATSUN, EQ, 19-Jul-2021,972.05,972.05,998.95,960.45, 962.50,966.1,979.02,45111,441.65,4571, 15049, 33.36
HAVELLS, EQ, 19-Jul-2021,1077.65,1075.0,1108.0,1069.25, 1093.50,1089.65,1091.73,3216454,35115.08,84752, 725399, 22.55
HAVISHA, BE, 19-Jul-2021,1.9,1.85,1.85,1.85, 1.85,1.85,1.85,121340,2.24,147, -, -
HBANKETF, EQ, 19-Jul-2021,355.99,354.0,359.88,349.36, 351.72,350.93,352.31,3353,11.81,214, 2875, 85.74
HBLPOWER, EQ, 19-Jul-2021,54.05,53.5,55.45,52.8, 54.00,53.55,54.36,1782268,968.92,10023, 636231, 35.70
HBSL, EQ, 19-Jul-2021,31.3,32.85,32.85,29.75, 29.75,29.75,30.42,50847,15.47,482, 35864, 70.53
HCC, EQ, 19-Jul-2021,13.05,12.8,13.45,12.75, 13.05,13.0,13.11,3887594,509.68,4236, 2332538, 60.00
HCG, EQ, 19-Jul-2021,239.1,239.05,241.0,225.85, 229.60,229.9,232.56,301312,700.73,12477, 108896, 36.14
HCL-INSYS, EQ, 19-Jul-2021,16.8,16.9,16.9,16.4, 16.45,16.45,16.58,653997,108.44,2464, 478391, 73.15
HCLTECH, EQ, 19-Jul-2021,1005.0,1005.0,1018.3,992.5, 1001.90,1000.2,1001.97,4644600,46537.27,118571, 1537560, 33.10
HDFC, EQ, 19-Jul-2021,2536.9,2488.0,2497.7,2470.9, 2482.50,2481.65,2483.38,2262325,56182.02,94500, 1312730, 58.03
HDFC, W3, 19-Jul-2021,727.65,700.05,708.9,695.25, 698.00,698.0,700.9,55800,391.1,89, 45600, 81.72
HDFCAMC, EQ, 19-Jul-2021,3094.45,3050.0,3050.0,2971.0, 2992.00,2992.25,3000.69,758422,22757.9,70482, 191460, 25.24
HDFCBANK, EQ, 19-Jul-2021,1522.35,1487.0,1488.85,1466.0, 1472.40,1471.0,1477.63,12555800,185527.79,410524, 6626486, 52.78
HDFCLIFE, EQ, 19-Jul-2021,698.0,696.5,696.5,677.0, 678.85,678.7,684.69,2866929,19629.67,81562, 1016286, 35.45
HDFCMFGETF, EQ, 19-Jul-2021,42.9,42.9,42.9,42.61, 42.75,42.69,42.79,288020,123.23,958, 183431, 63.69
HDFCNIFETF, EQ, 19-Jul-2021,170.07,170.07,170.07,167.32, 168.28,168.15,168.39,22309,37.57,468, 21490, 96.33
HDFCSENETF, EQ, 19-Jul-2021,567.8,566.99,569.9,563.01, 566.40,565.87,566.29,2047,11.59,231, 1424, 69.57
HDIL, BZ, 19-Jul-2021,5.85,5.85,5.9,5.65, 5.65,5.7,5.72,433548,24.82,745, -, -
HEG, EQ, 19-Jul-2021,2224.0,2205.0,2236.8,2181.0, 2216.00,2217.1,2213.46,75868,1679.31,8047, 42778, 56.38
HEIDELBERG, EQ, 19-Jul-2021,263.3,262.95,266.0,260.2, 263.85,263.3,262.69,274688,721.58,8596, 123093, 44.81
HEMIPROP, EQ, 19-Jul-2021,152.6,151.5,161.0,150.25, 155.00,155.25,156.58,3007456,4709.21,25725, 992382, 33.00
HEOFRG1126, MF, 19-Jul-2021,11.56,11.2,11.85,11.2, 11.85,11.85,11.39,54695,6.23,5, 49695, 90.86
HERANBA, EQ, 19-Jul-2021,724.3,724.0,775.0,719.0, 771.00,769.0,757.66,826093,6259.0,26975, 363624, 44.02
HERCULES, EQ, 19-Jul-2021,174.1,172.45,179.55,169.45, 176.30,177.8,176.52,274206,484.02,8077, 113089, 41.24
HERITGFOOD, EQ, 19-Jul-2021,480.05,480.0,489.6,474.7, 486.50,485.55,484.38,124391,602.53,5897, 74294, 59.73
HEROMOTOCO, EQ, 19-Jul-2021,2904.7,2886.0,2894.4,2870.1, 2888.00,2887.1,2886.05,338468,9768.34,30649, 167416, 49.46
HESTERBIO, EQ, 19-Jul-2021,2486.35,2486.0,2511.45,2422.0, 2452.00,2435.35,2457.45,15607,383.53,2744, 8297, 53.16
HEXATRADEX, EQ, 19-Jul-2021,145.5,144.0,149.9,138.25, 140.00,141.5,144.61,58119,84.04,720, 35818, 61.63
HFCL, BE, 19-Jul-2021,80.25,79.0,84.0,78.0, 82.00,81.8,81.48,5490652,4473.53,29436, -, -
HGINFRA, EQ, 19-Jul-2021,495.0,484.0,503.3,484.0, 494.00,494.35,494.98,238488,1180.48,7976, 79327, 33.26
HGS, BE, 19-Jul-2021,3107.5,3188.0,3262.85,2977.0, 3100.00,3123.95,3131.87,97231,3045.15,4388, -, -
HIKAL, EQ, 19-Jul-2021,519.05,518.0,572.7,514.4, 548.00,555.7,543.49,886082,4815.75,26634, 406430, 45.87
HIL, EQ, 19-Jul-2021,4457.45,4445.0,4544.8,4426.75, 4539.95,4525.45,4492.13,12042,540.94,2804, 6509, 54.05
HILTON, BE, 19-Jul-2021,11.85,12.0,12.0,11.5, 11.80,11.95,11.88,13947,1.66,39, -, -
HIMATSEIDE, EQ, 19-Jul-2021,245.25,252.0,278.3,250.5, 258.90,257.2,262.98,2407270,6330.72,55358, 923850, 38.38
HINDALCO, EQ, 19-Jul-2021,405.5,398.0,404.95,396.2, 397.20,396.95,400.54,5708367,22864.47,53997, 1357084, 23.77
HINDCOMPOS, EQ, 19-Jul-2021,336.0,327.2,347.0,327.2, 333.85,333.2,334.65,10001,33.47,1051, 3535, 35.35
HINDCON, EQ, 19-Jul-2021,64.35,64.5,67.55,62.45, 67.55,67.55,67.05,113679,76.22,929, 96944, 85.28
HINDCOPPER, EQ, 19-Jul-2021,142.4,140.1,144.3,139.1, 140.50,140.25,141.67,2270417,3216.49,17249, 969021, 42.68
HINDMOTORS, EQ, 19-Jul-2021,8.3,8.45,8.45,8.25, 8.40,8.35,8.34,185947,15.5,589, 145444, 78.22
HINDNATGLS, BE, 19-Jul-2021,48.3,47.75,50.0,47.75, 49.60,49.05,49.05,33238,16.3,200, -, -
HINDOILEXP, EQ, 19-Jul-2021,119.2,117.25,123.15,117.05, 121.80,121.95,121.69,2236438,2721.56,18189, 1083199, 48.43
HINDPETRO, EQ, 19-Jul-2021,268.1,269.75,274.9,268.35, 272.40,272.05,272.83,6286202,17150.9,67736, 1964137, 31.25
HINDUNILVR, EQ, 19-Jul-2021,2417.4,2400.05,2417.0,2398.5, 2405.50,2408.65,2406.25,463873,11161.93,39753, 247076, 53.26
HINDZINC, EQ, 19-Jul-2021,344.1,345.0,345.0,337.8, 340.50,339.95,340.54,767837,2614.77,14613, 334034, 43.50
HIRECT, EQ, 19-Jul-2021,169.45,169.0,170.2,161.95, 162.50,163.8,166.37,32053,53.33,1436, 18840, 58.78
HISARMETAL, EQ, 19-Jul-2021,137.5,134.7,144.05,134.7, 141.25,142.05,140.6,50958,71.65,1027, 31298, 61.42
HITECH, EQ, 19-Jul-2021,519.95,517.5,566.7,516.55, 535.00,535.55,535.29,106617,570.71,3257, 55108, 51.69
HITECHCORP, EQ, 19-Jul-2021,239.65,231.3,243.45,231.3, 238.15,234.65,236.38,13293,31.42,472, 8554, 64.35
HITECHGEAR, EQ, 19-Jul-2021,306.85,306.85,321.0,302.0, 315.10,316.55,315.67,26427,83.42,1345, 18060, 68.34
HLEGLAS, EQ, 19-Jul-2021,3464.5,3479.25,3515.5,3431.05, 3460.00,3452.4,3469.48,3533,122.58,1051, 2197, 62.19
HLVLTD, EQ, 19-Jul-2021,10.5,10.25,10.4,10.0, 10.20,10.15,10.17,483487,49.18,856, 314558, 65.06
HMT, BZ, 19-Jul-2021,38.05,39.95,39.95,36.3, 38.70,38.65,38.45,28860,11.1,200, -, -
HMVL, EQ, 19-Jul-2021,92.75,90.75,94.8,90.0, 93.20,93.55,92.07,499207,459.61,5406, 261630, 52.41
HNDFDS, BE, 19-Jul-2021,1985.2,1985.2,2000.0,1975.0, 1980.20,1982.95,1986.98,3277,65.11,884, -, -
HNGSNGBEES, EQ, 19-Jul-2021,352.84,356.0,356.0,352.0, 355.70,354.77,354.09,1317,4.66,137, 1101, 83.60
HOMEFIRST, EQ, 19-Jul-2021,573.7,572.0,572.0,551.8, 552.55,554.8,560.97,154711,867.88,8664, 60923, 39.38
HONAUT, EQ, 19-Jul-2021,43671.15,43578.95,44217.35,43133.0, 44019.00,44045.7,43831.28,2595,1137.42,1872, 1235, 47.59
HONDAPOWER, EQ, 19-Jul-2021,1230.35,1213.25,1370.0,1211.1, 1305.00,1288.8,1324.61,103806,1375.03,12634, 35489, 34.19
HOTELRUGBY, BE, 19-Jul-2021,3.3,3.45,3.45,3.45, 3.45,3.45,3.45,1435,0.05,3, -, -
HOVS, EQ, 19-Jul-2021,67.9,68.0,71.25,68.0, 71.25,71.25,70.1,39029,27.36,266, 32225, 82.57
HPL, EQ, 19-Jul-2021,79.25,78.9,83.2,76.8, 83.20,83.2,82.07,392488,322.13,3341, 198076, 50.47
HSCL, EQ, 19-Jul-2021,54.4,54.0,54.6,53.15, 53.45,53.4,53.88,4604411,2481.03,19265, 1673192, 36.34
HSIL, EQ, 19-Jul-2021,247.4,247.8,267.35,247.8, 258.50,258.55,260.52,712218,1855.44,17322, 254465, 35.73
HTMEDIA, EQ, 19-Jul-2021,26.35,26.4,31.35,26.15, 30.10,30.5,29.75,9132866,2716.68,24203, 3384025, 37.05
HUBTOWN, BE, 19-Jul-2021,26.7,27.5,27.5,26.25, 27.00,26.95,26.94,43175,11.63,160, -, -
HUDCO, EQ, 19-Jul-2021,52.65,52.2,52.45,51.35, 51.80,51.7,51.9,1658712,860.83,7311, 786315, 47.41
HUDCO, N2, 19-Jul-2021,1217.01,1210.1,1210.5,1210.0, 1210.50,1210.5,1210.09,135,1.63,4, 130, 96.30
HUDCO, N3, 19-Jul-2021,1054.83,1056.0,1056.0,1055.01, 1055.01,1055.01,1055.11,955,10.08,7, 955, 100.00
HUDCO, N5, 19-Jul-2021,1199.8,1190.0,1190.0,1190.0, 1190.00,1190.0,1190.0,25,0.3,1, 25, 100.00
HUDCO, N8, 19-Jul-2021,1239.0,1250.0,1258.0,1250.0, 1257.98,1257.78,1257.52,2030,25.53,47, 2030, 100.00
HUDCO, N9, 19-Jul-2021,1260.0,1264.9,1265.0,1264.9, 1265.00,1264.98,1264.99,1000,12.65,4, 1000, 100.00
HUDCO, ND, 19-Jul-2021,1304.0,1305.0,1315.0,1305.0, 1310.00,1310.0,1309.05,126,1.65,4, 125, 99.21
HUDCO, NE, 19-Jul-2021,1450.0,1469.0,1547.0,1464.0, 1465.00,1465.0,1495.63,1142,17.08,20, 1141, 99.91
HUHTAMAKI, EQ, 19-Jul-2021,313.4,310.1,313.95,305.45, 308.00,309.15,309.33,124502,385.13,3992, 69786, 56.05
IBMFNIFTY, EQ, 19-Jul-2021,158.46,159.5,159.5,155.23, 157.20,156.67,157.41,1184,1.86,161, 686, 57.94
IBREALEST, EQ, 19-Jul-2021,143.05,142.4,162.9,141.0, 159.25,159.3,153.14,80473782,123234.06,331452, 13613649, 16.92
IBUCCREDIT, N4, 19-Jul-2021,1255.0,1255.0,1255.0,1255.0, 1255.00,1255.0,1255.0,10,0.13,1, 10, 100.00
IBUCCREDIT, N6, 19-Jul-2021,1065.0,1062.8,1062.8,1062.8, 1062.80,1062.8,1062.8,10,0.11,1, 10, 100.00
IBUCCREDIT, N9, 19-Jul-2021,1001.0,1001.0,1001.0,1001.0, 1001.00,1001.0,1001.0,80,0.8,3, 80, 100.00
IBULHSGFIN, EQ, 19-Jul-2021,275.55,273.0,278.8,268.5, 270.05,270.85,273.06,10581170,28893.02,81258, 2269138, 21.45
IBULHSGFIN, N6, 19-Jul-2021,1054.9,1052.3,1052.3,1052.3, 1052.30,1052.3,1052.3,50,0.53,1, 50, 100.00
IBULHSGFIN, N8, 19-Jul-2021,975.0,975.0,975.0,950.0, 950.00,950.0,956.07,76,0.73,7, 76, 100.00
IBULHSGFIN, NA, 19-Jul-2021,981.0,1000.0,1000.0,995.0, 995.00,995.0,995.56,90,0.9,3, 90, 100.00
IBULHSGFIN, NE, 19-Jul-2021,1001.0,1002.0,1002.0,1002.0, 1002.00,1002.0,1002.0,14,0.14,2, 14, 100.00
ICDSLTD, BE, 19-Jul-2021,25.25,26.5,26.5,26.5, 26.50,26.5,26.5,80,0.02,1, -, -
ICEMAKE, EQ, 19-Jul-2021,85.75,85.25,92.9,83.55, 90.20,91.1,90.71,167753,152.16,1530, 68488, 40.83
ICICI500, EQ, 19-Jul-2021,225.85,226.97,226.97,224.04, 224.05,224.07,224.97,8548,19.23,248, 3659, 42.81
ICICIALPLV, EQ, 19-Jul-2021,161.79,169.7,169.7,157.95, 161.65,161.32,161.42,5020,8.1,354, 4149, 82.65
ICICIB22, EQ, 19-Jul-2021,40.66,40.61,40.92,39.8, 40.69,40.6,40.71,423148,172.28,3730, 331286, 78.29
ICICIBANK, EQ, 19-Jul-2021,660.3,645.65,656.9,645.55, 656.10,655.9,654.04,9121737,59660.21,196932, 5058509, 55.46
ICICIBANKN, EQ, 19-Jul-2021,356.31,354.0,354.0,342.1, 350.10,349.84,350.09,3306,11.57,295, 1676, 50.70
ICICIBANKP, EQ, 19-Jul-2021,184.4,180.0,183.88,180.0, 181.09,180.54,181.18,15617,28.29,264, 7290, 46.68
ICICIGI, EQ, 19-Jul-2021,1521.45,1526.0,1534.15,1483.05, 1490.00,1489.75,1503.67,639322,9613.3,23313, 362262, 56.66
ICICIGOLD, EQ, 19-Jul-2021,42.78,42.78,44.35,42.31, 42.49,42.46,42.51,270237,114.87,2048, 220588, 81.63
ICICILIQ, EQ, 19-Jul-2021,999.99,1000.0,1010.0,999.5, 1000.00,999.99,1000.0,12441,124.41,35, 12428, 99.90
ICICILOVOL, EQ, 19-Jul-2021,131.05,132.7,132.7,129.3, 130.30,130.44,130.81,126201,165.08,1417, 100605, 79.72
ICICIM150, EQ, 19-Jul-2021,105.8,105.7,106.38,104.25, 105.30,105.01,105.5,18137,19.13,638, 8403, 46.33
ICICIMCAP, EQ, 19-Jul-2021,96.29,97.3,97.3,95.15, 96.50,95.99,96.15,12644,12.16,321, 7035, 55.64
ICICINF100, EQ, 19-Jul-2021,174.56,197.3,197.3,172.7, 173.50,173.06,173.59,6834,11.86,481, 4160, 60.87
ICICINIFTY, EQ, 19-Jul-2021,170.52,177.7,177.7,168.05, 168.61,168.73,169.13,96187,162.68,7041, 83481, 86.79
ICICINV20, EQ, 19-Jul-2021,86.1,89.7,89.7,84.05, 85.55,85.42,85.65,12307,10.54,1675, 9111, 74.03
ICICINXT50, EQ, 19-Jul-2021,39.85,45.0,45.0,39.3, 40.05,40.03,40.05,93048,37.27,1071, 80294, 86.29
ICICIPHARM, EQ, 19-Jul-2021,89.47,89.98,89.99,88.07, 89.70,89.75,89.59,5055,4.53,137, 4448, 87.99
ICICIPRULI, EQ, 19-Jul-2021,627.05,623.0,629.45,618.0, 625.00,626.25,625.09,578318,3615.0,18566, 244022, 42.20
ICICISENSX, EQ, 19-Jul-2021,576.74,565.21,577.99,564.27, 570.70,569.08,570.12,2687,15.32,154, 2400, 89.32
ICICITECH, EQ, 19-Jul-2021,297.5,303.25,303.25,295.0, 295.77,296.02,296.29,7902,23.41,242, 4319, 54.66
ICIL, EQ, 19-Jul-2021,207.2,205.0,214.0,197.7, 209.00,205.95,208.07,1702109,3541.53,22220, 665144, 39.08
ICRA, EQ, 19-Jul-2021,3560.2,3630.0,4070.0,3575.05, 3845.00,3810.9,3919.34,183921,7208.49,25369, 23276, 12.66
IDBI, EQ, 19-Jul-2021,37.8,37.7,38.2,37.5, 37.95,37.85,37.84,6926789,2620.88,15033, 2798914, 40.41
IDBIGOLD, EQ, 19-Jul-2021,4415.5,4448.0,4448.0,4410.0, 4410.00,4410.0,4420.87,116,5.13,19, 101, 87.07
IDEA, EQ, 19-Jul-2021,9.45,9.55,9.9,8.55, 9.05,9.15,9.27,748615182,69423.51,269782, 186998255, 24.98
IDFC, EQ, 19-Jul-2021,55.85,55.3,55.55,53.4, 53.65,53.6,54.35,6420935,3489.6,14381, 3820431, 59.50
IDFCFIRSTB, EQ, 19-Jul-2021,54.05,53.6,53.7,52.35, 52.70,52.6,53.0,27211665,14421.41,85258, 12167912, 44.72
IDFCFIRSTB, N9, 19-Jul-2021,5240.1,5240.3,5265.0,5240.3, 5265.00,5265.0,5250.23,10,0.53,3, 10, 100.00
IDFCFIRSTB, NA, 19-Jul-2021,11411.0,11411.0,11411.0,11402.01, 11405.00,11405.0,11409.5,10,1.14,5, 9, 90.00
IDFCFIRSTB, NB, 19-Jul-2021,5170.0,5167.0,5168.0,5146.31, 5146.31,5146.31,5166.44,58,3.0,6, 58, 100.00
IDFCFIRSTB, NC, 19-Jul-2021,10902.1,10902.41,10945.0,10902.41, 10945.00,10945.0,10907.86,25,2.73,8, 25, 100.00
IDFCFIRSTB, NE, 19-Jul-2021,10650.0,10601.01,10650.0,10601.0, 10650.00,10650.0,10623.87,15,1.59,7, 11, 73.33
IDFNIFTYET, EQ, 19-Jul-2021,166.78,161.78,166.08,161.78, 165.91,165.85,165.78,813,1.35,23, 636, 78.23
IEX, EQ, 19-Jul-2021,412.35,409.8,444.7,408.55, 436.00,435.95,430.21,10656393,45845.03,180403, 2935802, 27.55
IFBAGRO, EQ, 19-Jul-2021,591.9,591.9,606.9,585.75, 589.15,590.7,596.93,15423,92.06,1724, 6925, 44.90
IFBIND, EQ, 19-Jul-2021,1033.15,1036.0,1043.65,1025.15, 1027.50,1028.0,1033.26,16524,170.74,2031, 8930, 54.04
IFCI, EQ, 19-Jul-2021,14.15,13.95,14.4,13.65, 13.85,13.8,13.99,4221692,590.83,8590, 2015577, 47.74
IFCI, NF, 19-Jul-2021,1065.0,1059.0,1059.0,1059.0, 1059.00,1059.0,1059.0,60,0.64,2, 60, 100.00
IFCI, NH, 19-Jul-2021,1097.49,1090.0,1095.0,985.2, 1079.00,1040.53,1043.91,1515,15.82,40, 1090, 71.95
IFCI, NL, 19-Jul-2021,1060.0,1048.01,1048.01,1047.0, 1047.00,1047.2,1047.2,500,5.24,6, 400, 80.00
IFGLEXPOR, EQ, 19-Jul-2021,406.8,408.0,413.45,401.0, 408.00,406.8,408.66,34466,140.85,2494, 21528, 62.46
IGARASHI, EQ, 19-Jul-2021,542.95,536.7,540.1,522.75, 531.00,529.2,530.83,91303,484.66,5589, 43075, 47.18
IGL, EQ, 19-Jul-2021,552.6,552.6,556.0,547.65, 550.00,549.7,550.95,1508022,8308.41,21317, 845574, 56.07
IGPL, EQ, 19-Jul-2021,690.55,687.75,714.5,685.15, 709.90,704.15,703.48,149089,1048.8,11736, 73324, 49.18
IIFCL, N2, 19-Jul-2021,1139.46,1226.5,1226.5,1226.5, 1226.50,1226.5,1226.5,1,0.01,1, 1, 100.00
IIFCL, N4, 19-Jul-2021,1419.0,1420.55,1433.0,1420.55, 1433.00,1433.0,1427.78,1000,14.28,11, 1000, 100.00
IIFL, BE, 19-Jul-2021,270.5,268.0,270.35,257.0, 266.70,265.4,264.59,125604,332.33,1514, -, -
IIFL, N2, 19-Jul-2021,1042.25,1037.0,1037.0,1022.0, 1022.00,1027.68,1027.69,699,7.18,8, 699, 100.00
IIFL, N3, 19-Jul-2021,1254.01,1252.3,1252.3,1252.3, 1252.30,1252.3,1252.3,10,0.13,1, 10, 100.00
IIFL, N4, 19-Jul-2021,1029.86,1029.8,1029.8,1014.6, 1020.00,1019.99,1019.13,1888,19.24,61, 1793, 94.97
IIFL, N5, 19-Jul-2021,1055.0,1041.0,1060.0,1040.6, 1056.00,1056.0,1050.84,381,4.0,8, 231, 60.63
IIFL, N6, 19-Jul-2021,1003.41,1010.0,1010.0,1010.0, 1010.00,1010.0,1010.0,14,0.14,1, 14, 100.00
IIFL, N7, 19-Jul-2021,1031.0,1030.0,1030.0,1030.0, 1030.00,1030.0,1030.0,140,1.44,7, 140, 100.00
IIFL, N9, 19-Jul-2021,1003.0,1003.0,1020.0,1003.0, 1020.00,1019.55,1009.17,226,2.28,10, 226, 100.00
IIFL, NA, 19-Jul-2021,1195.0,1197.15,1197.15,1197.15, 1197.15,1197.15,1197.15,150,1.8,2, 150, 100.00
IIFL, NE, 19-Jul-2021,993.37,1000.0,1000.0,995.0, 995.01,995.01,998.63,157,1.57,6, 124, 78.98
IIFL, NF, 19-Jul-2021,994.56,994.0,995.0,990.0, 992.00,991.51,992.19,1654,16.41,61, 1624, 98.19
IIFL, NG, 19-Jul-2021,990.0,975.0,991.0,975.0, 990.00,990.02,988.5,280,2.77,9, 280, 100.00
IIFLSEC, EQ, 19-Jul-2021,120.2,119.0,126.8,118.1, 123.40,123.3,123.38,2934418,3620.52,18461, 1200703, 40.92
IIFLWAM, EQ, 19-Jul-2021,1388.9,1370.0,1415.15,1358.0, 1389.90,1386.35,1386.25,149800,2076.6,10002, 94186, 62.87
IITL, EQ, 19-Jul-2021,72.8,76.0,76.4,70.3, 71.00,71.35,74.14,16869,12.51,338, 7269, 43.09
IL&FSENGG, BZ, 19-Jul-2021,6.15,6.45,6.45,6.1, 6.45,6.45,6.42,232768,14.95,230, -, -
IL&FSTRANS, BZ, 19-Jul-2021,5.6,5.85,5.85,5.85, 5.85,5.85,5.85,28893,1.69,50, -, -
IMAGICAA, BE, 19-Jul-2021,8.5,8.5,8.9,8.5, 8.80,8.7,8.74,348124,30.42,457, -, -
IMFA, EQ, 19-Jul-2021,632.65,628.95,648.0,624.7, 643.50,643.1,637.52,68828,438.8,4862, 38046, 55.28
IMPAL, EQ, 19-Jul-2021,772.7,751.6,771.0,751.6, 760.75,767.75,761.02,4447,33.84,564, 2397, 53.90
IMPEXFERRO, BE, 19-Jul-2021,1.1,1.1,1.1,1.1, 1.10,1.1,1.1,18159,0.2,17, -, -
INCREDIBLE, EQ, 19-Jul-2021,37.05,37.0,40.65,36.95, 39.00,39.2,39.36,151647,59.69,1310, 91896, 60.60
INDBANK, EQ, 19-Jul-2021,34.0,34.3,35.9,34.0, 34.30,34.25,34.99,434129,151.88,2430, 200599, 46.21
INDHOTEL, EQ, 19-Jul-2021,152.85,151.0,151.55,148.15, 149.60,150.2,150.16,1995715,2996.69,15865, 614691, 30.80
INDIACEM, EQ, 19-Jul-2021,192.05,191.0,194.7,190.35, 193.00,192.45,192.43,1312405,2525.42,10087, 442342, 33.70
INDIAGLYCO, EQ, 19-Jul-2021,719.8,707.05,730.8,707.05, 715.00,714.05,717.51,317206,2276.0,11129, 73726, 23.24
INDIAMART, EQ, 19-Jul-2021,7228.95,7165.0,7165.0,7005.3, 7053.45,7054.3,7048.55,166630,11744.99,31177, 108312, 65.00
INDIANB, EQ, 19-Jul-2021,138.15,138.15,143.8,137.75, 139.00,139.3,141.03,12124643,17099.8,63514, 3963465, 32.69
INDIANCARD, EQ, 19-Jul-2021,214.2,214.2,224.0,210.85, 222.50,221.4,220.71,49974,110.3,4468, 31710, 63.45
INDIANHUME, EQ, 19-Jul-2021,238.15,236.4,237.0,228.4, 231.75,231.55,232.1,87192,202.37,4186, 55331, 63.46
INDIGO, EQ, 19-Jul-2021,1809.05,1800.0,1800.0,1760.15, 1768.00,1765.9,1776.94,526822,9361.29,30475, 192387, 36.52
INDIGOPNTS, EQ, 19-Jul-2021,2610.3,2595.8,2635.0,2566.0, 2575.00,2595.1,2597.09,19167,497.79,3033, 11559, 60.31
INDIGRID, IV, 19-Jul-2021,136.8,137.75,137.95,136.15, 137.00,137.0,137.32,316386,434.46,139, 277263, 87.63
INDIGRID, NB, 19-Jul-2021,1000.0,1001.0,1001.0,1001.0, 1001.00,1001.0,1001.0,8,0.08,1, 8, 100.00
INDIGRID, ND, 19-Jul-2021,981.0,992.0,992.0,992.0, 992.00,992.0,992.0,25,0.25,1, 25, 100.00
INDIGRID, NF, 19-Jul-2021,1010.01,1015.0,1015.01,1015.0, 1015.01,1015.01,1015.0,53,0.54,2, 53, 100.00
INDIGRID, NJ, 19-Jul-2021,1043.63,1045.0,1048.0,1045.0, 1048.00,1048.0,1045.66,133,1.39,14, 133, 100.00
INDLMETER, EQ, 19-Jul-2021,15.35,15.0,15.4,14.65, 14.95,14.85,14.92,74046,11.04,409, 56171, 75.86
INDNIPPON, EQ, 19-Jul-2021,381.15,384.0,385.0,373.25, 374.00,374.5,378.79,30016,113.7,1797, 20509, 68.33
INDOCO, EQ, 19-Jul-2021,442.6,442.6,449.0,436.15, 439.65,438.6,442.18,155104,685.84,7443, 64739, 41.74
INDORAMA, BE, 19-Jul-2021,59.85,59.85,62.35,58.05, 59.25,60.4,60.93,144972,88.33,1039, -, -
INDOSOLAR, BZ, 19-Jul-2021,3.0,3.15,3.15,3.0, 3.10,3.15,3.1,313798,9.73,365, -, -
INDOSTAR, EQ, 19-Jul-2021,341.9,339.0,352.7,337.05, 349.75,349.9,348.48,113841,396.72,5081, 75132, 66.00
INDOTECH, EQ, 19-Jul-2021,260.65,254.5,266.0,247.8, 247.80,249.0,255.23,39316,100.35,1249, 26861, 68.32
INDOTHAI, BE, 19-Jul-2021,62.75,65.75,65.85,62.75, 65.85,65.85,64.87,34568,22.42,139, -, -
INDOWIND, EQ, 19-Jul-2021,8.1,8.25,8.4,8.05, 8.35,8.3,8.26,308919,25.51,852, 221122, 71.58
INDRAMEDCO, EQ, 19-Jul-2021,84.5,83.8,84.8,82.9, 83.05,83.2,83.88,413629,346.96,3460, 207377, 50.14
INDSWFTLAB, EQ, 19-Jul-2021,115.15,114.0,124.95,113.45, 122.00,121.5,120.36,2068122,2489.1,26912, 781422, 37.78
INDSWFTLTD, BE, 19-Jul-2021,4.85,5.05,5.05,5.05, 5.05,5.05,5.05,3952,0.2,9, -, -
INDTERRAIN, EQ, 19-Jul-2021,45.5,45.05,45.35,41.7, 42.90,42.7,43.32,547342,237.1,2350, 368159, 67.26
INDUSINDBK, EQ, 19-Jul-2021,1044.3,1024.0,1034.7,1005.55, 1015.00,1015.85,1019.92,2644846,26975.4,62267, 710084, 26.85
INDUSTOWER, EQ, 19-Jul-2021,240.9,237.95,241.5,217.7, 228.20,229.75,230.79,4336840,10009.16,49885, 1128447, 26.02
INEOSSTYRO, EQ, 19-Jul-2021,1425.75,1431.7,1455.0,1416.2, 1426.30,1428.15,1433.96,17352,248.82,2409, 9571, 55.16
INFIBEAM, EQ, 19-Jul-2021,50.0,49.75,52.6,47.9, 48.75,49.0,50.47,17925444,9047.81,32705, 6979243, 38.93
INFOBEAN, BE, 19-Jul-2021,489.35,513.8,513.8,464.9, 499.00,498.8,499.99,84875,424.37,3240, -, -
INFOMEDIA, EQ, 19-Jul-2021,4.6,4.8,4.8,4.8, 4.80,4.8,4.8,2795,0.13,17, 2793, 99.93
INFRABEES, EQ, 19-Jul-2021,458.72,458.0,461.99,457.01, 457.65,457.72,459.72,1948,8.96,153, 1602, 82.24
INFY, EQ, 19-Jul-2021,1555.45,1544.7,1552.9,1537.55, 1544.55,1541.7,1542.32,5669162,87436.42,192818, 4249320, 74.95
INGERRAND, EQ, 19-Jul-2021,965.05,969.0,1033.0,961.05, 1032.00,1026.1,1011.87,156489,1583.47,9983, 63069, 40.30
INNOVANA, SM, 19-Jul-2021,196.55,200.0,200.0,187.6, 194.80,194.8,194.13,3000,5.82,3, 3000, 100.00
INNOVATIVE, SM, 19-Jul-2021,16.85,16.05,16.05,16.05, 16.05,16.05,16.05,3000,0.48,1, 3000, 100.00
INOXLEISUR, EQ, 19-Jul-2021,311.65,311.65,312.0,306.0, 309.20,309.1,308.61,177373,547.38,5213, 93096, 52.49
INOXWIND, EQ, 19-Jul-2021,106.3,105.6,114.0,102.55, 110.80,111.65,109.6,738429,809.31,9443, 362519, 49.09
INSECTICID, EQ, 19-Jul-2021,740.5,740.0,794.7,735.0, 770.50,777.35,768.31,140067,1076.15,9382, 59531, 42.50
INSPIRISYS, EQ, 19-Jul-2021,71.25,70.75,70.75,67.7, 67.70,67.7,68.47,44050,30.16,546, 31145, 70.70
INTEGRA, BE, 19-Jul-2021,4.25,4.45,4.45,4.45, 4.45,4.45,4.45,22686,1.01,13, -, -
INTELLECT, EQ, 19-Jul-2021,777.0,767.9,804.0,760.0, 774.00,774.45,784.88,606332,4758.98,24164, 271860, 44.84
INTENTECH, EQ, 19-Jul-2021,74.6,75.3,82.05,73.95, 82.05,82.05,79.76,336858,268.69,2182, 258342, 76.69
INVENTURE, EQ, 19-Jul-2021,3.8,3.8,3.8,3.5, 3.60,3.55,3.6,26146740,941.17,11240, 11617144, 44.43
IOB, EQ, 19-Jul-2021,25.25,24.95,25.15,24.5, 24.50,24.65,24.8,10458291,2593.24,15269, 3401386, 32.52
IOC, EQ, 19-Jul-2021,106.1,105.75,107.9,105.1, 105.80,105.95,106.56,11688575,12455.87,67078, 4213739, 36.05
IOLCP, EQ, 19-Jul-2021,662.35,657.95,657.95,646.0, 649.95,648.0,650.65,350084,2277.82,14028, 177425, 50.68
IPCALAB, EQ, 19-Jul-2021,2097.65,2091.15,2133.05,2049.25, 2116.00,2115.9,2082.71,210109,4375.96,14011, 166029, 79.02
IPL, EQ, 19-Jul-2021,341.25,339.0,345.0,338.1, 344.90,343.85,343.08,1028672,3529.13,18979, 558399, 54.28
IRB, EQ, 19-Jul-2021,185.2,184.0,186.2,177.6, 178.30,178.3,181.24,2514196,4556.63,20518, 886803, 35.27
IRBINVIT, IV, 19-Jul-2021,56.0,55.97,60.0,55.97, 57.75,57.61,57.09,415000,236.94,140, 320000, 77.11
IRCON, EQ, 19-Jul-2021,46.25,46.25,46.45,46.0, 46.20,46.15,46.16,1437962,663.81,7563, 770369, 53.57
IRCTC, EQ, 19-Jul-2021,2426.65,2404.9,2456.0,2385.45, 2426.75,2424.5,2425.29,2359576,57226.58,97532, 396636, 16.81
IREDA, N2, 19-Jul-2021,1632.0,1632.0,1632.0,1632.0, 1632.00,1632.0,1632.0,6,0.1,1, 6, 100.00
IRFC, EQ, 19-Jul-2021,23.3,23.25,23.45,23.15, 23.45,23.35,23.25,9181862,2134.55,30678, 5082319, 55.35
IRFC, N1, 19-Jul-2021,1082.69,1082.75,1083.01,1082.75, 1083.01,1083.01,1082.85,825,8.93,5, 823, 99.76
IRFC, N2, 19-Jul-2021,1246.0,1236.0,1240.25,1236.0, 1240.25,1240.25,1239.92,13,0.16,3, 13, 100.00
IRFC, N3, 19-Jul-2021,1102.7,1129.0,1129.0,1092.0, 1093.00,1093.0,1095.37,146,1.6,7, 58, 39.73
IRFC, N5, 19-Jul-2021,1088.0,1089.0,1089.0,1089.0, 1089.00,1089.0,1089.0,1,0.01,1, 1, 100.00
IRFC, N9, 19-Jul-2021,1145.01,1150.0,1181.99,1150.0, 1150.00,1150.0,1150.25,1299,14.94,13, 1299, 100.00
IRFC, NA, 19-Jul-2021,1284.79,1284.79,1284.79,1257.8, 1257.80,1259.7,1261.9,953,12.03,19, 642, 67.37
IRFC, NE, 19-Jul-2021,1310.0,1343.99,1343.99,1339.99, 1339.99,1339.99,1341.64,17,0.23,2, 17, 100.00
IRFC, NJ, 19-Jul-2021,1254.99,1276.99,1276.99,1247.0, 1259.99,1259.99,1248.03,2018,25.19,29, 2000, 99.11
IRFC, NK, 19-Jul-2021,1322.15,1332.0,1332.0,1332.0, 1332.00,1332.0,1332.0,500,6.66,2, 500, 100.00
IRFC, NO, 19-Jul-2021,1268.0,1270.0,1270.0,1265.0, 1269.90,1269.9,1267.42,3835,48.61,12, 3160, 82.40
IRISDOREME, EQ, 19-Jul-2021,149.25,147.2,155.85,147.0, 148.50,148.75,151.11,12116,18.31,216, 5393, 44.51
ISEC, EQ, 19-Jul-2021,764.35,757.4,794.9,753.05, 775.00,774.6,779.27,2405452,18744.92,54924, 610188, 25.37
ISFT, EQ, 19-Jul-2021,112.5,114.95,118.1,114.35, 118.10,118.1,117.46,59367,69.73,661, 44150, 74.37
ISGEC, EQ, 19-Jul-2021,805.3,802.9,803.4,782.0, 785.55,787.45,792.35,117215,928.75,6033, 68405, 58.36
ISMTLTD, BE, 19-Jul-2021,23.7,22.55,24.85,22.55, 24.85,24.85,23.86,148987,35.55,380, -, -
ITC, EQ, 19-Jul-2021,207.9,206.8,209.5,206.35, 208.00,207.75,208.11,16464973,34264.73,110856, 7638694, 46.39
ITDC, EQ, 19-Jul-2021,395.55,392.0,421.95,390.85, 410.00,414.0,411.86,339335,1397.57,13042, 61000, 17.98
ITDCEM, EQ, 19-Jul-2021,91.9,91.05,93.8,88.75, 92.80,92.2,91.88,1189629,1093.07,9612, 521417, 43.83
ITI, EQ, 19-Jul-2021,136.6,133.95,136.55,132.75, 134.25,133.55,134.4,1253345,1684.54,13163, 321985, 25.69
IVC, BE, 19-Jul-2021,6.5,6.5,6.8,6.45, 6.80,6.8,6.75,537252,36.26,573, -, -
IVP, EQ, 19-Jul-2021,150.7,151.0,153.85,147.6, 150.00,149.95,150.15,8806,13.22,306, 7568, 85.94
IVZINGOLD, EQ, 19-Jul-2021,4339.0,4334.6,4375.2,4315.3, 4315.60,4315.6,4343.95,61,2.65,29, 52, 85.25
IVZINNIFTY, EQ, 19-Jul-2021,1721.25,1711.1,1711.1,1710.25, 1710.25,1710.25,1710.68,2,0.03,2, 1, 50.00
IWEL, BE, 19-Jul-2021,773.35,780.0,809.0,735.0, 740.00,755.3,765.35,13276,101.61,865, -, -
IZMO, EQ, 19-Jul-2021,87.85,86.9,91.2,85.0, 89.40,88.4,89.26,133316,118.99,1851, 76607, 57.46
J&KBANK, EQ, 19-Jul-2021,38.05,37.85,37.9,37.0, 37.35,37.45,37.45,2058810,771.04,8147, 1096751, 53.27
JAGRAN, EQ, 19-Jul-2021,66.5,65.95,67.6,65.55, 66.50,66.35,66.59,389067,259.09,6317, 162878, 41.86
JAGSNPHARM, EQ, 19-Jul-2021,168.0,168.0,175.9,161.95, 171.05,171.0,170.97,216287,369.78,5127, 92985, 42.99
JAIBALAJI, EQ, 19-Jul-2021,63.85,61.25,66.0,61.0, 63.40,63.6,64.07,174051,111.51,3129, 108935, 62.59
JAICORPLTD, EQ, 19-Jul-2021,162.8,164.45,172.95,163.0, 166.10,167.05,168.2,5809682,9771.89,43523, 1397680, 24.06
JAINSTUDIO, BZ, 19-Jul-2021,2.9,2.9,2.9,2.9, 2.90,2.9,2.9,3449,0.1,11, -, -
JALAN, SM, 19-Jul-2021,5.1,5.3,5.3,5.3, 5.30,5.3,5.3,3000,0.16,1, 3000, 100.00
JAMNAAUTO, EQ, 19-Jul-2021,86.9,86.25,87.5,85.4, 86.00,85.75,86.41,389540,336.59,5278, 249215, 63.98
JASH, EQ, 19-Jul-2021,584.2,577.95,590.0,561.1, 580.00,580.8,581.35,32474,188.79,1633, 21605, 66.53
JAYAGROGN, EQ, 19-Jul-2021,242.9,241.0,251.0,236.0, 246.00,242.15,245.68,201676,495.48,8562, 100202, 49.68
JAYBARMARU, EQ, 19-Jul-2021,219.55,219.8,222.55,214.8, 217.00,216.65,219.36,79892,175.25,3562, 37550, 47.00
JAYNECOIND, BE, 19-Jul-2021,25.1,24.5,25.9,24.0, 24.70,24.75,24.67,149014,36.77,364, -, -
JAYSREETEA, EQ, 19-Jul-2021,112.85,111.1,116.45,110.65, 114.60,113.65,114.03,440896,502.76,9559, 97679, 22.15
JBCHEPHARM, EQ, 19-Jul-2021,1892.2,1897.8,1929.0,1851.05, 1902.60,1899.7,1889.4,240152,4537.44,17593, 110902, 46.18
JBFIND, BE, 19-Jul-2021,37.0,36.95,38.7,36.9, 38.25,38.35,37.95,361925,137.33,913, -, -
JBMA, EQ, 19-Jul-2021,502.35,496.95,535.75,493.0, 528.00,523.95,521.82,648275,3382.8,23238, 202738, 31.27
JCHAC, EQ, 19-Jul-2021,2281.95,2290.0,2334.75,2282.0, 2310.00,2300.7,2307.92,34182,788.89,5625, 17023, 49.80
JETAIRWAYS, BZ, 19-Jul-2021,72.1,68.5,68.5,68.5, 68.50,68.5,68.5,171498,117.48,2357, -, -
JETKNIT, SM, 19-Jul-2021,48.8,46.4,46.4,46.4, 46.40,46.4,46.4,1500,0.7,1, 1500, 100.00
JHS, EQ, 19-Jul-2021,27.05,26.9,27.3,26.0, 26.30,26.4,26.77,253925,67.97,1264, 160431, 63.18
JIKIND, BE, 19-Jul-2021,0.65,0.6,0.65,0.6, 0.60,0.65,0.61,190758,1.16,227, -, -
JINDALPHOT, BE, 19-Jul-2021,73.55,75.05,75.05,72.5, 75.00,73.75,74.39,10703,7.96,55, -, -
JINDALPOLY, EQ, 19-Jul-2021,1002.05,994.0,1006.0,985.15, 999.00,996.95,994.51,134450,1337.11,6423, 53463, 39.76
JINDALSAW, EQ, 19-Jul-2021,129.05,127.4,128.6,124.35, 125.45,125.25,126.47,1924576,2433.96,18170, 747384, 38.83
JINDALSTEL, EQ, 19-Jul-2021,405.95,400.0,404.55,390.0, 393.70,393.45,396.72,9945721,39456.9,98084, 2509302, 25.23
JINDCOT, BE, 19-Jul-2021,2.7,2.8,2.8,2.8, 2.80,2.8,2.8,13954,0.39,7, -, -
JINDRILL, EQ, 19-Jul-2021,136.25,135.0,146.7,133.6, 141.10,142.05,142.06,644898,916.16,12022, 394490, 61.17
JINDWORLD, EQ, 19-Jul-2021,76.1,76.0,81.5,75.0, 78.30,78.25,78.6,788276,619.57,11833, 194376, 24.66
JISLDVREQS, BE, 19-Jul-2021,22.15,21.8,23.25,21.1, 22.00,22.05,22.19,56734,12.59,215, -, -
JISLJALEQS, EQ, 19-Jul-2021,33.9,33.3,34.9,33.0, 34.90,34.65,34.24,3669854,1256.74,6619, 2417019, 65.86
JITFINFRA, BE, 19-Jul-2021,18.75,18.95,19.65,17.9, 19.65,19.65,19.17,51492,9.87,157, -, -
JIYAECO, BE, 19-Jul-2021,5.95,5.9,6.1,5.9, 5.95,5.95,6.0,52030,3.12,163, -, -
JKCEMENT, EQ, 19-Jul-2021,3158.55,3158.55,3220.0,3140.0, 3180.20,3186.4,3166.78,39839,1261.61,7771, 22881, 57.43
JKIL, EQ, 19-Jul-2021,218.5,217.0,223.75,214.5, 217.00,217.65,218.54,557155,1217.61,11213, 258243, 46.35
JKLAKSHMI, EQ, 19-Jul-2021,656.55,654.75,665.95,653.05, 660.00,659.7,659.27,352249,2322.28,18255, 128106, 36.37
JKPAPER, EQ, 19-Jul-2021,219.1,218.0,234.7,213.25, 227.00,223.15,220.16,2599952,5724.05,25169, 717615, 27.60
JKTYRE, EQ, 19-Jul-2021,144.1,142.4,146.9,142.2, 145.00,144.8,144.4,1239868,1790.43,11530, 482286, 38.90
JMA, EQ, 19-Jul-2021,65.35,66.0,66.7,64.7, 66.20,66.1,65.75,38089,25.04,468, 25778, 67.68
JMCPROJECT, EQ, 19-Jul-2021,123.9,123.45,124.45,121.5, 124.00,124.1,123.56,305012,376.86,8068, 180412, 59.15
JMFINANCIL, EQ, 19-Jul-2021,111.75,110.0,114.4,107.15, 109.35,109.65,111.0,9097565,10098.58,44500, 2421972, 26.62
JMTAUTOLTD, EQ, 19-Jul-2021,3.3,3.3,3.3,3.2, 3.20,3.25,3.25,884614,28.75,3200, 455456, 51.49
JOCIL, EQ, 19-Jul-2021,202.95,202.0,207.55,200.0, 203.00,203.25,203.96,41044,83.71,1378, 24816, 60.46
JPASSOCIAT, BE, 19-Jul-2021,12.3,12.05,12.4,12.05, 12.25,12.2,12.2,4942451,602.9,9380, -, -
JPINFRATEC, BE, 19-Jul-2021,2.5,2.4,2.4,2.4, 2.40,2.4,2.4,1158009,27.79,1704, -, -
JPOLYINVST, BE, 19-Jul-2021,39.05,39.05,39.05,39.05, 39.05,39.05,39.05,1133,0.44,10, -, -
JPPOWER, EQ, 19-Jul-2021,5.85,5.8,6.1,5.75, 6.10,6.1,5.98,64255685,3842.75,41047, 29101203, 45.29
JSL, EQ, 19-Jul-2021,123.8,122.95,126.5,122.5, 124.80,124.9,125.25,2200123,2755.68,16961, 1015196, 46.14
JSLHISAR, EQ, 19-Jul-2021,230.9,229.0,235.8,227.8, 230.00,231.85,231.33,659226,1525.01,7035, 231548, 35.12
JSWENERGY, EQ, 19-Jul-2021,194.05,191.5,202.0,189.25, 197.50,196.5,197.03,7088387,13966.44,46544, 2484263, 35.05
JSWHL, EQ, 19-Jul-2021,4701.15,4610.0,4731.9,4610.0, 4702.00,4718.6,4705.7,279,13.13,112, 152, 54.48
JSWISPL, BE, 19-Jul-2021,40.75,40.5,42.5,40.3, 41.00,41.0,41.41,5483653,2270.91,5103, -, -
JSWSTEEL, EQ, 19-Jul-2021,703.6,697.0,712.35,694.0, 697.55,698.4,702.36,5377227,37767.24,84436, 1183960, 22.02
JTEKTINDIA, EQ, 19-Jul-2021,113.65,112.5,118.8,112.0, 114.95,114.7,115.87,1037777,1202.44,19695, 296152, 28.54
JUBLFOOD, EQ, 19-Jul-2021,3145.2,3128.0,3128.0,3076.0, 3087.30,3082.65,3099.0,264374,8192.96,22620, 116190, 43.95
JUBLINDS, EQ, 19-Jul-2021,351.85,349.0,368.0,344.3, 364.20,364.1,360.6,106665,384.63,3420, 52413, 49.14
JUBLINGREA, EQ, 19-Jul-2021,562.6,563.0,592.0,557.6, 564.80,566.3,573.92,3772322,21650.01,69251, 1921687, 50.94
JUBLPHARMA, EQ, 19-Jul-2021,713.8,717.0,724.5,715.0, 718.20,717.8,719.53,312037,2245.19,9423, 159094, 50.99
JUMPNET, EQ, 19-Jul-2021,10.5,10.95,11.0,10.5, 11.00,11.0,10.96,1677579,183.89,2147, 1036073, 61.76
JUNIORBEES, EQ, 19-Jul-2021,409.76,471.2,471.2,404.0, 408.30,408.03,409.8,146399,599.94,8284, 88723, 60.60
JUSTDIAL, EQ, 19-Jul-2021,1072.7,1072.5,1072.5,1010.0, 1024.95,1018.15,1032.5,8196385,84627.79,210198, 2112163, 25.77
JYOTHYLAB, EQ, 19-Jul-2021,176.1,176.5,177.3,172.6, 174.00,173.9,175.06,637862,1116.62,7987, 336871, 52.81
JYOTISTRUC, BZ, 19-Jul-2021,8.4,8.65,8.8,8.0, 8.80,8.8,8.44,153724,12.97,204, -, -
KABRAEXTRU, EQ, 19-Jul-2021,207.1,209.5,234.0,208.0, 233.70,229.1,222.37,1995728,4437.97,36806, 609569, 30.54
KAJARIACER, EQ, 19-Jul-2021,1003.55,1007.8,1008.0,993.6, 1005.00,1001.1,1000.2,128505,1285.3,5529, 98307, 76.50
KAKATCEM, EQ, 19-Jul-2021,252.4,249.0,259.5,249.0, 254.75,255.65,255.5,25739,65.76,1451, 7699, 29.91
KALPATPOWR, EQ, 19-Jul-2021,472.0,466.8,494.5,463.0, 474.00,473.85,482.08,1502804,7244.75,35646, 244481, 16.27
KALYANIFRG, BE, 19-Jul-2021,208.5,208.9,218.9,207.1, 212.60,218.3,216.42,3978,8.61,93, -, -
KALYANKJIL, EQ, 19-Jul-2021,75.0,74.95,74.95,72.25, 72.90,72.8,73.36,1578263,1157.84,13059, 878619, 55.67
KAMATHOTEL, BE, 19-Jul-2021,50.25,50.0,51.4,48.5, 49.90,49.6,49.4,31414,15.52,289, -, -
KAMDHENU, EQ, 19-Jul-2021,180.45,177.95,184.0,172.7, 174.30,175.15,178.22,135969,242.33,3952, 76683, 56.40
KANANIIND, BE, 19-Jul-2021,11.55,11.8,12.1,11.0, 12.10,12.1,11.97,70338,8.42,276, -, -
KANORICHEM, EQ, 19-Jul-2021,162.5,164.0,170.6,158.2, 167.40,165.75,169.08,85054,143.81,1083, 56540, 66.48
KANPRPLA, EQ, 19-Jul-2021,279.75,279.7,289.4,270.0, 280.05,281.05,279.93,181670,508.55,6130, 81819, 45.04
KANSAINER, EQ, 19-Jul-2021,599.9,600.0,607.95,596.7, 600.10,600.75,599.9,278495,1670.68,6610, 215432, 77.36
KAPSTON, BE, 19-Jul-2021,89.25,89.25,89.25,88.05, 88.10,88.1,88.11,410,0.36,8, -, -
KARDA, BE, 19-Jul-2021,182.9,183.5,187.5,182.5, 185.00,185.15,185.13,140545,260.2,3610, -, -
KARMAENG, BE, 19-Jul-2021,19.55,20.15,20.5,18.6, 20.50,20.5,20.06,29169,5.85,111, -, -
KARURVYSYA, EQ, 19-Jul-2021,51.15,50.8,51.15,50.5, 50.65,50.6,50.79,1015415,515.73,5100, 597754, 58.87
KAUSHALYA, BE, 19-Jul-2021,2.5,2.4,2.6,2.4, 2.45,2.45,2.52,35549,0.9,78, -, -
KAVVERITEL, BE, 19-Jul-2021,1.8,1.85,1.85,1.85, 1.85,1.85,1.85,23858,0.44,17, -, -
KAYA, EQ, 19-Jul-2021,510.25,506.0,515.65,495.4, 498.05,497.5,502.55,54190,272.33,2473, 29098, 53.70
KCP, EQ, 19-Jul-2021,154.7,152.5,157.9,151.95, 155.50,154.4,154.33,395597,610.53,6817, 211196, 53.39
KCPSUGIND, EQ, 19-Jul-2021,27.3,27.0,28.65,26.5, 28.65,28.45,28.07,1743581,489.49,4702, 595869, 34.18
KDDL, BE, 19-Jul-2021,345.35,330.5,350.0,330.5, 345.05,345.0,343.04,2814,9.65,54, -, -
KEC, EQ, 19-Jul-2021,417.55,422.9,423.0,412.1, 414.50,413.65,416.52,250888,1044.99,8612, 119553, 47.65
KECL, BE, 19-Jul-2021,20.9,21.3,21.9,21.0, 21.90,21.85,21.69,267690,58.06,1097, -, -
KEERTI, EQ, 19-Jul-2021,21.5,21.95,21.95,21.35, 21.35,21.45,21.5,3071,0.66,35, 1988, 64.73
KEI, EQ, 19-Jul-2021,710.95,708.4,734.05,705.05, 713.60,712.95,718.08,593507,4261.84,15007, 373015, 62.85
KELLTONTEC, EQ, 19-Jul-2021,62.5,61.8,62.35,60.6, 61.10,61.25,61.51,983367,604.91,8811, 480579, 48.87
KENNAMET, EQ, 19-Jul-2021,1248.35,1264.0,1288.0,1232.85, 1250.00,1258.4,1259.82,8203,103.34,1047, 5164, 62.95
KERNEX, BE, 19-Jul-2021,74.95,72.0,74.5,71.25, 72.00,71.8,72.88,9624,7.01,110, -, -
KESORAMIND, EQ, 19-Jul-2021,91.55,90.75,93.35,89.6, 91.75,91.55,91.48,1037753,949.35,7162, 533899, 51.45
KEYFINSERV, EQ, 19-Jul-2021,74.4,76.2,78.1,72.55, 77.45,77.75,76.97,14886,11.46,328, 9936, 66.75
KHADIM, EQ, 19-Jul-2021,305.6,304.5,304.5,288.2, 295.50,295.1,296.23,99520,294.81,4485, 53803, 54.06
KHAICHEM, EQ, 19-Jul-2021,62.5,63.2,68.75,62.7, 67.80,67.0,66.44,947049,629.26,9960, 551853, 58.27
KHAITANLTD, BE, 19-Jul-2021,20.95,20.85,21.95,20.0, 21.90,21.9,21.27,8890,1.89,56, -, -
KHANDSE, EQ, 19-Jul-2021,17.5,17.45,18.35,17.0, 17.90,18.3,17.95,21615,3.88,64, 20812, 96.28
KICL, EQ, 19-Jul-2021,2073.95,2090.0,2090.0,2054.55, 2075.00,2076.65,2074.47,1548,32.11,175, 1402, 90.57
KILITCH, BE, 19-Jul-2021,161.9,162.5,169.95,162.5, 169.95,169.95,168.01,40363,67.81,266, -, -
KIMS, EQ, 19-Jul-2021,1281.5,1268.0,1305.0,1257.55, 1299.00,1297.7,1281.62,471816,6046.88,13832, 264750, 56.11
KINGFA, EQ, 19-Jul-2021,1215.5,1215.5,1245.0,1180.0, 1181.00,1186.95,1201.35,6552,78.71,826, 4207, 64.21
KIOCL, EQ, 19-Jul-2021,264.65,264.45,268.0,262.6, 264.00,263.75,265.34,52568,139.48,7932, 20595, 39.18
KIRIINDUS, EQ, 19-Jul-2021,594.55,592.0,597.1,582.05, 586.00,585.95,590.69,206558,1220.13,5428, 97426, 47.17
KIRLFER, EQ, 19-Jul-2021,286.35,286.0,294.0,286.0, 289.00,290.2,290.68,270595,786.57,8957, 149892, 55.39
KIRLOSBROS, BE, 19-Jul-2021,478.35,478.0,499.2,471.0, 484.00,488.55,485.76,36779,178.66,521, -, -
KIRLOSENG, EQ, 19-Jul-2021,262.5,262.8,274.7,260.3, 268.80,266.7,269.57,326752,880.83,10618, 141806, 43.40
KIRLOSIND, EQ, 19-Jul-2021,1677.8,1677.8,1703.9,1653.05, 1700.00,1696.1,1694.19,2765,46.84,333, 2087, 75.48
KITEX, EQ, 19-Jul-2021,175.0,177.0,192.5,176.55, 190.00,190.9,188.66,3814250,7196.11,33457, 1139799, 29.88
KKCL, EQ, 19-Jul-2021,922.15,933.0,946.9,915.0, 918.00,921.2,926.45,6369,59.01,1538, 4003, 62.85
KMSUGAR, EQ, 19-Jul-2021,31.35,30.0,32.9,29.85, 32.90,32.9,32.22,993175,320.03,3527, 383188, 38.58
KNRCON, EQ, 19-Jul-2021,255.9,251.0,265.0,249.25, 262.85,262.75,259.59,1526546,3962.71,59986, 565894, 37.07
KOKUYOCMLN, EQ, 19-Jul-2021,73.65,72.8,74.2,72.1, 72.30,72.55,73.06,401279,293.18,6291, 127603, 31.80
KOLTEPATIL, EQ, 19-Jul-2021,242.05,240.5,251.0,238.3, 244.55,245.3,246.38,1619191,3989.31,24330, 573772, 35.44
KOPRAN, BE, 19-Jul-2021,230.75,234.4,234.4,226.0, 232.00,230.85,230.64,74485,171.79,812, -, -
KOTAKBANK, EQ, 19-Jul-2021,1749.5,1733.9,1740.0,1712.0, 1724.00,1722.8,1723.97,2146337,37002.14,75555, 1011809, 47.14
KOTAKBKETF, EQ, 19-Jul-2021,361.09,358.0,358.0,352.95, 354.96,354.39,354.86,231428,821.24,21015, 35176, 15.20
KOTAKGOLD, EQ, 19-Jul-2021,420.5,420.15,420.85,418.35, 418.80,419.1,419.58,22548,94.61,870, 13042, 57.84
KOTAKIT, EQ, 19-Jul-2021,29.8,24.0,30.38,24.0, 29.50,29.5,29.69,24458,7.26,221, 7754, 31.70
KOTAKNIFTY, EQ, 19-Jul-2021,167.38,165.91,166.5,165.1, 165.81,165.65,166.08,94533,157.0,578, 16182, 17.12
KOTAKNV20, EQ, 19-Jul-2021,87.5,87.0,88.4,86.01, 87.25,87.35,87.59,8104,7.1,225, 7142, 88.13
KOTAKPSUBK, EQ, 19-Jul-2021,241.42,241.9,241.9,237.15, 240.88,240.43,239.43,15356,36.77,270, 12330, 80.29
KOTARISUG, EQ, 19-Jul-2021,37.65,37.0,40.95,37.0, 39.75,39.7,39.7,607809,241.33,2568, 318950, 52.48
KOTHARIPET, EQ, 19-Jul-2021,42.7,42.0,42.9,41.45, 42.05,41.7,42.28,226317,95.69,2532, 59672, 26.37
KOTHARIPRO, EQ, 19-Jul-2021,118.25,120.0,120.0,117.05, 118.00,117.95,118.54,29053,34.44,527, 14780, 50.87
KPITTECH, EQ, 19-Jul-2021,266.45,267.05,278.0,265.35, 267.00,269.25,271.58,2634323,7154.34,53009, 1773319, 67.32
KPRMILL, EQ, 19-Jul-2021,1857.8,1860.0,1880.0,1822.5, 1837.00,1837.15,1843.23,45367,836.22,11038, 30857, 68.02
KRBL, EQ, 19-Jul-2021,285.45,288.25,292.55,282.45, 285.80,286.0,288.13,855360,2464.59,12792, 221872, 25.94
KREBSBIO, EQ, 19-Jul-2021,114.45,114.1,116.0,112.5, 116.00,115.45,115.0,13919,16.01,346, 8611, 61.87
KRIDHANINF, BE, 19-Jul-2021,6.4,6.55,6.7,6.45, 6.65,6.65,6.58,190471,12.54,314, -, -
KRISHANA, EQ, 19-Jul-2021,111.5,114.5,114.5,110.75, 110.75,111.3,112.37,7776,8.74,181, 4795, 61.66
KSB, EQ, 19-Jul-2021,1078.4,1075.0,1089.9,1035.15, 1070.00,1069.4,1064.61,28879,307.45,3361, 12309, 42.62
KSCL, EQ, 19-Jul-2021,744.75,734.9,739.0,722.0, 724.50,724.1,729.84,131016,956.21,6252, 73653, 56.22
KSL, EQ, 19-Jul-2021,408.1,406.1,425.0,401.3, 407.00,408.75,415.46,310957,1291.89,12151, 106244, 34.17
KSOLVES, SM, 19-Jul-2021,493.9,518.55,518.55,503.0, 518.55,518.55,517.28,33600,173.81,71, 28400, 84.52
KTKBANK, EQ, 19-Jul-2021,62.55,62.4,62.4,61.25, 61.30,61.4,61.72,881844,544.26,4932, 565638, 64.14
KUANTUM, EQ, 19-Jul-2021,79.3,79.2,79.2,76.3, 78.90,78.4,77.83,69172,53.84,1267, 24346, 35.20
L&TFH, EQ, 19-Jul-2021,94.9,93.0,94.0,89.9, 90.55,90.55,91.4,25467025,23275.63,85343, 8508120, 33.41
L&TFINANCE, N8, 19-Jul-2021,1039.5,1036.1,1036.1,1036.1, 1036.10,1036.1,1036.1,70,0.73,1, 70, 100.00
L&TFINANCE, NA, 19-Jul-2021,1230.0,1233.01,1233.01,1233.01, 1233.01,1233.01,1233.01,100,1.23,1, 100, 100.00
L&TFINANCE, NE, 19-Jul-2021,1114.99,1118.99,1250.0,1118.99, 1250.00,1185.0,1163.0,3,0.03,3, 1, 33.33
L&TFINANCE, NI, 19-Jul-2021,1135.0,1135.0,1135.0,1129.5, 1129.50,1132.0,1134.34,647,7.34,15, 637, 98.45
L&TFINANCE, NK, 19-Jul-2021,1019.02,1021.01,1037.0,1021.01, 1037.00,1037.0,1027.41,10,0.1,2, 10, 100.00
L&TFINANCE, NM, 19-Jul-2021,1216.0,1218.0,1240.0,1207.0, 1240.00,1240.0,1222.11,540,6.6,15, 340, 62.96
L&TFINANCE, NW, 19-Jul-2021,1129.75,1131.98,1131.98,1131.98, 1131.98,1131.98,1131.98,20,0.23,1, 20, 100.00
L&TFINANCE, Y1, 19-Jul-2021,1150.0,1155.01,1155.01,1150.05, 1150.05,1150.05,1154.35,383,4.42,12, 383, 100.00
L&TFINANCE, Y3, 19-Jul-2021,1030.0,1090.0,1090.0,1084.99, 1084.99,1084.99,1087.5,2,0.02,2, 1, 50.00
L&TFINANCE, Y5, 19-Jul-2021,1075.0,1075.1,1083.01,1075.1, 1083.01,1083.01,1080.58,26,0.28,2, 26, 100.00
L&TFINANCE, Y9, 19-Jul-2021,1107.01,1100.0,1123.0,1100.0, 1123.00,1121.87,1107.76,290,3.21,13, 240, 82.76
LAGNAM, SM, 19-Jul-2021,32.05,33.65,33.65,33.65, 33.65,33.65,33.65,15000,5.05,1, 15000, 100.00
LAKPRE, BZ, 19-Jul-2021,5.2,4.95,5.0,4.95, 4.95,4.95,4.95,11857,0.59,32, -, -
LALPATHLAB, EQ, 19-Jul-2021,3416.25,3410.0,3504.0,3363.0, 3460.00,3451.45,3455.02,187875,6491.12,20902, 45296, 24.11
LAMBODHARA, EQ, 19-Jul-2021,108.5,106.6,108.75,105.15, 107.80,105.75,106.75,142032,151.61,10347, 35804, 25.21
LAOPALA, EQ, 19-Jul-2021,273.9,270.55,275.3,268.4, 271.00,270.05,271.6,65789,178.68,3740, 32382, 49.22
LASA, EQ, 19-Jul-2021,84.8,83.9,86.0,82.9, 84.35,84.2,84.58,224114,189.56,3646, 85190, 38.01
LAURUSLABS, EQ, 19-Jul-2021,668.8,666.5,674.0,659.15, 665.00,664.6,666.08,1546785,10302.9,37087, 766742, 49.57
LAXMICOT, SM, 19-Jul-2021,15.6,15.75,18.35,15.75, 18.35,18.25,17.24,132000,22.76,22, 120000, 90.91
LAXMIMACH, EQ, 19-Jul-2021,7716.05,7716.05,8050.05,7639.65, 7870.00,7830.7,7899.63,37435,2957.23,8395, 14035, 37.49
LCCINFOTEC, BE, 19-Jul-2021,1.9,1.9,1.95,1.9, 1.95,1.95,1.92,186684,3.59,185, -, -
LEMONTREE, EQ, 19-Jul-2021,42.1,41.5,42.65,41.2, 41.55,41.85,41.62,2753392,1145.87,13594, 1114066, 40.46
LEXUS, SM, 19-Jul-2021,12.85,12.85,12.85,12.85, 12.85,12.85,12.85,2000,0.26,2, 2000, 100.00
LFIC, EQ, 19-Jul-2021,79.7,82.85,82.85,80.0, 80.40,80.85,81.26,684,0.56,53, 499, 72.95
LGBBROSLTD, EQ, 19-Jul-2021,464.4,460.0,489.0,455.3, 480.75,481.4,477.97,336177,1606.82,13845, 128074, 38.10
LGBFORGE, BE, 19-Jul-2021,8.05,8.05,8.15,7.7, 7.80,7.8,7.85,191421,15.03,353, -, -
LIBAS, EQ, 19-Jul-2021,71.9,71.0,73.6,71.0, 72.25,72.1,72.36,311366,225.31,2440, 94940, 30.49
LIBERTSHOE, EQ, 19-Jul-2021,182.2,180.0,186.5,178.1, 182.25,181.85,182.48,888780,1621.8,14845, 286762, 32.26
LICHSGFIN, EQ, 19-Jul-2021,468.5,465.0,466.0,458.0, 461.00,460.75,462.1,1527570,7058.93,24574, 544930, 35.67
LICNETFGSC, EQ, 19-Jul-2021,22.04,22.04,22.1,21.88, 21.90,21.9,22.0,5762,1.27,138, 4403, 76.41
LICNETFN50, EQ, 19-Jul-2021,202.06,202.3,203.0,196.0, 203.00,203.0,201.89,179,0.36,28, 179, 100.00
LICNETFSEN, EQ, 19-Jul-2021,561.25,564.9,567.0,560.07, 562.00,560.24,561.33,67,0.38,28, 51, 76.12
LICNFNHGP, EQ, 19-Jul-2021,163.67,165.0,165.0,162.12, 162.15,162.65,162.99,231,0.38,62, 148, 64.07
LIKHITHA, EQ, 19-Jul-2021,422.05,416.0,422.5,408.0, 409.65,409.45,413.04,147136,607.72,6175, 60902, 41.39
LINCOLN, EQ, 19-Jul-2021,368.85,365.0,366.85,355.0, 358.20,358.6,361.4,203328,734.83,8642, 70951, 34.89
LINCPEN, BE, 19-Jul-2021,203.45,205.8,206.0,198.25, 205.00,204.3,204.79,7067,14.47,89, -, -
LINDEINDIA, EQ, 19-Jul-2021,1639.85,1645.0,1694.0,1632.55, 1664.25,1663.9,1660.39,82273,1366.06,8401, 28534, 34.68
LIQUIDBEES, EQ, 19-Jul-2021,1000.0,1000.87,1000.87,999.99, 1000.00,1000.0,1000.0,1461052,14610.59,6361, 1247723, 85.40
LIQUIDETF, EQ, 19-Jul-2021,999.99,999.95,1000.01,999.95, 1000.00,1000.0,1000.0,19086,190.86,66, 11004, 57.65
LODHA, EQ, 19-Jul-2021,852.6,824.0,847.7,821.0, 827.30,831.8,834.39,555326,4633.59,26624, 230578, 41.52
LOKESHMACH, BE, 19-Jul-2021,47.4,47.5,47.5,45.6, 46.00,46.25,46.94,24133,11.33,155, -, -
LOTUSEYE, BE, 19-Jul-2021,47.8,49.0,49.0,46.7, 48.95,48.85,48.1,6088,2.93,80, -, -
LOVABLE, BE, 19-Jul-2021,122.5,123.0,123.0,119.05, 120.50,120.75,120.87,18442,22.29,210, -, -
LPDC, BE, 19-Jul-2021,5.7,5.45,5.45,5.45, 5.45,5.45,5.45,225393,12.28,590, -, -
LSIL, BE, 19-Jul-2021,3.5,3.5,3.65,3.4, 3.65,3.6,3.51,2742185,96.38,4429, -, -
LT, EQ, 19-Jul-2021,1618.75,1600.0,1639.4,1597.6, 1609.95,1609.6,1618.7,3027093,48999.43,116309, 1171928, 38.71
LTI, EQ, 19-Jul-2021,4288.6,4269.9,4466.75,4220.0, 4370.00,4379.6,4372.07,908381,39715.03,71265, 153291, 16.88
LTTS, EQ, 19-Jul-2021,3396.7,3370.0,3477.8,3346.25, 3396.00,3398.5,3410.86,589670,20112.8,35838, 167295, 28.37
LUMAXIND, EQ, 19-Jul-2021,1500.95,1500.95,1514.0,1491.0, 1505.95,1502.45,1503.36,4228,63.56,764, 2802, 66.27
LUMAXTECH, EQ, 19-Jul-2021,171.0,169.5,181.0,169.0, 179.00,179.55,177.2,1128778,2000.22,24732, 492752, 43.65
LUPIN, EQ, 19-Jul-2021,1179.75,1176.9,1191.55,1170.0, 1190.95,1186.65,1182.25,804486,9511.0,19971, 362920, 45.11
LUXIND, EQ, 19-Jul-2021,3681.7,3650.0,3770.0,3643.45, 3650.00,3670.45,3718.78,43549,1619.49,5213, 13588, 31.20
LXCHEM, EQ, 19-Jul-2021,262.35,259.9,263.6,257.0, 257.90,258.65,259.94,1546544,4020.14,29377, 652228, 42.17
LYKALABS, BE, 19-Jul-2021,61.45,61.5,62.85,58.55, 61.50,59.95,61.58,95739,58.95,366, -, -
LYPSAGEMS, EQ, 19-Jul-2021,5.7,5.9,5.9,5.5, 5.65,5.65,5.64,23445,1.32,142, 16888, 72.03
M&M, EQ, 19-Jul-2021,779.8,775.8,780.7,770.0, 776.90,775.8,774.84,1265906,9808.71,57602, 636276, 50.26
M&MFIN, EQ, 19-Jul-2021,162.0,160.0,161.2,156.3, 157.00,156.85,158.24,4843713,7664.63,36097, 2102699, 43.41
M&MFIN, N2, 19-Jul-2021,1113.0,1084.0,1100.25,1084.0, 1100.25,1100.25,1097.1,62,0.68,3, 60, 96.77
M15RD, MF, 19-Jul-2021,12.24,12.43,12.43,12.43, 12.43,12.43,12.43,20000,2.49,2, 20000, 100.00
M15RG, MF, 19-Jul-2021,12.7,12.4,12.4,12.4, 12.40,12.4,12.4,3000,0.37,1, 3000, 100.00
M17RG, MF, 19-Jul-2021,11.27,11.38,11.79,11.38, 11.79,11.79,11.51,30900,3.56,5, 21000, 67.96
MAANALU, EQ, 19-Jul-2021,398.95,397.6,410.0,390.0, 400.00,401.35,403.66,68752,277.53,4828, 38489, 55.98
MACPOWER, EQ, 19-Jul-2021,153.8,156.7,159.2,153.05, 155.00,155.55,156.93,26250,41.19,285, 8981, 34.21
MADHAV, EQ, 19-Jul-2021,67.5,66.0,67.9,65.0, 66.00,65.75,66.44,47275,31.41,1344, 25600, 54.15
MADHUCON, EQ, 19-Jul-2021,6.5,6.65,6.8,6.45, 6.80,6.8,6.7,188720,12.64,239, 163776, 86.78
MADRASFERT, EQ, 19-Jul-2021,32.55,32.1,32.5,32.05, 32.05,32.1,32.23,118533,38.21,610, 70787, 59.72
MAESGETF, EQ, 19-Jul-2021,27.14,26.94,27.02,26.84, 26.90,26.88,26.94,3754,1.01,121, 3529, 94.01
MAFANG, EQ, 19-Jul-2021,54.44,54.0,54.8,53.52, 53.65,53.63,53.69,546130,293.24,4694, 470801, 86.21
MAGADSUGAR, EQ, 19-Jul-2021,327.0,324.0,343.35,319.9, 343.35,343.0,339.03,98319,333.33,2443, 35572, 36.18
MAGMA, BE, 19-Jul-2021,154.85,152.0,155.8,149.3, 152.25,152.05,152.18,216883,330.05,2091, -, -
MAGMA, N1, 19-Jul-2021,1006.0,1015.05,1015.05,1015.05, 1015.05,1015.05,1015.05,10,0.1,1, 10, 100.00
MAHABANK, EQ, 19-Jul-2021,24.0,23.8,24.4,23.4, 24.00,23.95,23.93,4571789,1094.21,10078, 1827375, 39.97
MAHAPEXLTD, BE, 19-Jul-2021,116.7,114.4,120.0,112.8, 120.00,120.0,117.71,4287,5.05,40, -, -
MAHASTEEL, EQ, 19-Jul-2021,89.45,89.45,89.8,88.5, 88.50,88.55,89.14,15361,13.69,272, 11246, 73.21
MAHEPC, EQ, 19-Jul-2021,167.75,167.7,168.8,165.25, 165.55,165.65,166.67,145011,241.68,4439, 65737, 45.33
MAHESHWARI, EQ, 19-Jul-2021,105.9,110.1,113.45,106.25, 110.95,110.75,111.38,89730,99.94,2182, 56305, 62.75
MAHICKRA, SM, 19-Jul-2021,82.1,86.25,86.25,86.25, 86.25,86.25,86.25,1500,1.29,1, 1500, 100.00
MAHINDCIE, EQ, 19-Jul-2021,250.5,250.8,259.0,243.4, 245.10,246.95,252.73,897067,2267.18,20631, 216472, 24.13
MAHLIFE, EQ, 19-Jul-2021,692.1,689.8,703.0,673.0, 680.05,680.4,679.74,228195,1551.14,4040, 202216, 88.62
MAHLOG, EQ, 19-Jul-2021,581.85,579.9,584.1,573.0, 580.00,580.05,578.82,39022,225.87,3470, 18143, 46.49
MAHSCOOTER, EQ, 19-Jul-2021,3809.25,3791.0,3850.0,3779.0, 3793.00,3789.7,3812.05,3434,130.91,909, 1974, 57.48
MAHSEAMLES, EQ, 19-Jul-2021,318.55,313.0,319.8,310.0, 311.40,311.0,313.32,114944,360.14,6097, 68594, 59.68
MAITHANALL, EQ, 19-Jul-2021,1038.9,1034.8,1038.2,1014.15, 1020.00,1021.0,1023.05,77835,796.29,5196, 43023, 55.27
MAJESCO, EQ, 19-Jul-2021,91.85,90.85,92.6,90.0, 90.70,90.4,91.38,182977,167.21,3000, 122393, 66.89
MALUPAPER, EQ, 19-Jul-2021,36.3,36.1,36.35,35.35, 36.35,35.85,35.79,58541,20.95,796, 35972, 61.45
MAN50ETF, EQ, 19-Jul-2021,163.92,162.11,162.95,161.7, 161.90,161.94,162.26,4217,6.84,192, 3681, 87.29
MANAKALUCO, BE, 19-Jul-2021,18.3,18.4,18.9,18.1, 18.45,18.35,18.41,32006,5.89,140, -, -
MANAKCOAT, EQ, 19-Jul-2021,14.15,14.5,14.5,14.1, 14.25,14.2,14.28,59694,8.52,360, 25017, 41.91
MANAKSIA, EQ, 19-Jul-2021,70.75,71.0,71.2,69.1, 69.10,69.3,70.1,87766,61.53,1633, 56811, 64.73
MANAKSTEEL, EQ, 19-Jul-2021,34.25,35.95,35.95,32.7, 35.00,35.1,35.35,1903705,673.03,4617, 983121, 51.64
MANALIPETC, BE, 19-Jul-2021,82.85,82.0,83.05,81.2, 82.45,82.05,82.16,263960,216.87,1978, -, -
MANAPPURAM, EQ, 19-Jul-2021,186.95,186.0,188.15,184.55, 185.90,186.2,186.48,2226001,4151.0,23145, 746804, 33.55
MANGALAM, EQ, 19-Jul-2021,165.8,160.0,165.8,160.0, 165.50,165.1,163.29,155375,253.72,4237, 74330, 47.84
MANGCHEFER, EQ, 19-Jul-2021,87.45,86.0,89.95,85.25, 87.00,86.6,87.58,687880,602.46,8897, 326499, 47.46
MANGLMCEM, EQ, 19-Jul-2021,394.65,425.0,429.9,411.5, 417.40,417.45,420.65,875911,3684.5,22713, 215248, 24.57
MANGTIMBER, BE, 19-Jul-2021,15.85,15.75,16.0,15.1, 15.35,15.35,15.37,24202,3.72,48, -, -
MANINDS, EQ, 19-Jul-2021,117.75,116.2,123.65,115.6, 122.00,122.15,119.99,1111661,1333.87,14484, 531155, 47.78
MANINFRA, EQ, 19-Jul-2021,60.45,59.25,62.65,58.5, 62.50,62.35,61.27,2350245,1440.03,9288, 1108215, 47.15
MANUGRAPH, BE, 19-Jul-2021,14.45,15.0,15.0,14.0, 14.75,14.75,14.2,11511,1.64,37, -, -
MANXT50, EQ, 19-Jul-2021,391.0,388.81,391.57,387.78, 388.69,388.72,389.02,3279,12.76,114, 2666, 81.31
MARALOVER, EQ, 19-Jul-2021,58.35,58.55,64.15,58.35, 64.15,64.15,63.43,164499,104.34,1221, 142446, 86.59
MARATHON, EQ, 19-Jul-2021,88.15,85.6,92.55,84.0, 92.55,92.45,90.7,614519,557.39,7452, 272257, 44.30
MARICO, EQ, 19-Jul-2021,524.7,521.95,531.0,521.05, 526.40,526.0,526.64,1531013,8062.91,25905, 649109, 42.40
MARINE, EQ, 19-Jul-2021,56.8,56.65,57.7,55.8, 56.95,56.45,56.58,1688845,955.62,6827, 899215, 53.24
MARKSANS, EQ, 19-Jul-2021,88.1,87.95,90.9,87.5, 88.50,88.45,89.04,3691112,3286.67,15084, 1247462, 33.80
MARSHALL, SM, 19-Jul-2021,28.0,26.6,29.4,26.6, 29.40,29.4,28.09,87000,24.44,29, 63000, 72.41
MARUTI, EQ, 19-Jul-2021,7303.55,7251.7,7297.0,7151.1, 7179.00,7165.55,7205.57,386598,27856.6,62117, 150598, 38.95
MASFIN, EQ, 19-Jul-2021,878.85,884.95,893.4,862.0, 866.00,868.9,881.05,21945,193.35,4406, 9156, 41.72
MASKINVEST, BE, 19-Jul-2021,36.6,34.8,34.8,34.8, 34.80,34.8,34.8,113,0.04,6, -, -
MASTEK, EQ, 19-Jul-2021,2483.5,2470.0,2536.85,2450.05, 2499.90,2491.25,2497.54,337057,8418.15,23011, 155566, 46.15
MATRIMONY, EQ, 19-Jul-2021,1109.0,1125.0,1125.0,1090.0, 1098.00,1094.85,1103.64,14858,163.98,1793, 9302, 62.61
MAWANASUG, BE, 19-Jul-2021,100.7,95.7,105.7,95.7, 105.70,105.7,99.9,304418,304.12,1292, -, -
MAXHEALTH, EQ, 19-Jul-2021,268.8,267.2,271.85,266.25, 268.30,267.0,268.8,324186,871.41,8609, 127497, 39.33
MAXIND, EQ, 19-Jul-2021,73.2,72.9,72.9,71.75, 72.50,72.2,72.3,242297,175.17,2094, 139621, 57.62
MAXVIL, EQ, 19-Jul-2021,79.4,79.0,82.5,78.3, 80.05,80.85,80.16,504311,404.27,9362, 197668, 39.20
MAYURUNIQ, EQ, 19-Jul-2021,491.4,495.0,509.0,493.5, 505.80,502.15,502.88,86419,434.58,4907, 46379, 53.67
MAZDA, EQ, 19-Jul-2021,616.45,621.0,621.1,601.1, 604.70,604.55,607.41,6770,41.12,802, 3579, 52.87
MAZDOCK, EQ, 19-Jul-2021,260.3,258.0,263.0,256.0, 260.00,257.95,259.25,613857,1591.43,9271, 228477, 37.22
MBAPL, EQ, 19-Jul-2021,124.15,129.9,129.9,122.0, 126.00,124.15,125.12,2966,3.71,100, 2453, 82.70
MBECL, BE, 19-Jul-2021,12.35,12.95,12.95,11.9, 12.95,12.85,12.81,314348,40.25,407, -, -
MBLINFRA, EQ, 19-Jul-2021,23.85,23.7,24.5,23.5, 23.90,24.0,24.07,135999,32.73,732, 74160, 54.53
MCDHOLDING, BE, 19-Jul-2021,59.05,59.15,59.9,57.0, 58.25,58.55,58.65,26292,15.42,522, -, -
MCDOWELL-N, EQ, 19-Jul-2021,667.4,666.8,677.0,656.6, 657.50,659.95,665.86,2325938,15487.57,48884, 633264, 27.23
MCL, EQ, 19-Jul-2021,61.5,61.85,64.9,59.1, 63.50,64.1,62.49,514780,321.67,5037, 205475, 39.92
MCLEODRUSS, BE, 19-Jul-2021,35.1,35.5,35.5,33.75, 34.70,34.7,34.23,309915,106.09,682, -, -
MCX, EQ, 19-Jul-2021,1717.5,1692.0,1847.9,1681.25, 1778.70,1777.7,1783.02,2764674,49294.6,127244, 502385, 18.17
MDL, SM, 19-Jul-2021,21.05,21.0,21.0,21.0, 21.00,21.0,21.0,2000,0.42,1, 2000, 100.00
MEGASOFT, BE, 19-Jul-2021,15.25,15.7,16.0,14.9, 16.00,15.9,15.65,301820,47.24,847, -, -
MELSTAR, BZ, 19-Jul-2021,3.55,3.55,3.55,3.4, 3.40,3.45,3.45,5870,0.2,22, -, -
MENONBE, EQ, 19-Jul-2021,80.05,79.7,83.0,78.5, 81.00,81.5,80.63,170785,137.71,5583, 62796, 36.77
MEP, EQ, 19-Jul-2021,26.5,25.95,27.0,25.8, 25.90,26.05,26.28,237710,62.46,1292, 150583, 63.35
MERCATOR, BE, 19-Jul-2021,2.8,2.9,2.9,2.9, 2.90,2.9,2.9,427611,12.4,270, -, -
METALFORGE, BZ, 19-Jul-2021,7.45,7.6,7.8,7.3, 7.80,7.8,7.71,24714,1.91,133, -, -
METROPOLIS, EQ, 19-Jul-2021,2833.95,2833.95,2882.15,2770.05, 2816.00,2803.35,2836.91,114288,3242.25,11931, 21048, 18.42
MFSL, EQ, 19-Jul-2021,1064.5,1064.5,1071.25,1047.1, 1068.90,1065.0,1058.8,365562,3870.57,13895, 149277, 40.83
MGEL, EQ, 19-Jul-2021,56.35,56.05,57.6,55.1, 56.15,57.05,56.74,34802,19.75,327, 22305, 64.09
MGL, EQ, 19-Jul-2021,1152.75,1154.0,1158.7,1138.05, 1148.25,1148.75,1151.26,373234,4296.89,16252, 238786, 63.98
MHHL, SM, 19-Jul-2021,27.05,26.0,27.7,25.8, 27.05,27.05,27.05,30000,8.12,10, 21000, 70.00
MHRIL, EQ, 19-Jul-2021,324.6,319.0,320.3,306.6, 312.25,313.6,313.76,499811,1568.22,11941, 156799, 31.37
MIDHANI, EQ, 19-Jul-2021,199.4,198.1,201.15,198.0, 198.70,198.35,199.12,291782,581.01,4937, 125550, 43.03
MINDACORP, EQ, 19-Jul-2021,143.1,141.0,143.8,137.15, 139.20,138.8,140.23,579371,812.45,8513, 217250, 37.50
MINDAIND, EQ, 19-Jul-2021,719.9,714.0,742.0,705.65, 727.50,723.95,729.62,459416,3352.0,17746, 200615, 43.67
MINDSPACE, RR, 19-Jul-2021,281.42,282.0,287.49,280.05, 284.35,285.56,284.93,421400,1200.7,1003, 342000, 81.16
MINDTECK, EQ, 19-Jul-2021,91.6,93.0,96.15,90.0, 96.15,96.15,94.89,77385,73.43,948, 57794, 74.68
MINDTREE, EQ, 19-Jul-2021,2736.2,2734.4,2793.55,2714.35, 2739.80,2729.65,2746.82,1038483,28525.26,45448, 155489, 14.97
MIRCELECTR, EQ, 19-Jul-2021,21.8,21.55,22.85,21.5, 22.65,22.55,22.53,1076064,242.4,1941, 656354, 61.00
MIRZAINT, EQ, 19-Jul-2021,56.65,55.9,57.6,55.55, 56.50,56.45,56.81,1120873,636.74,5694, 438318, 39.11
MITCON, SM, 19-Jul-2021,39.5,39.5,39.5,39.5, 39.50,39.5,39.5,26000,10.27,2, 26000, 100.00
MITTAL, EQ, 19-Jul-2021,12.2,12.75,12.75,11.6, 11.70,11.85,12.13,221689,26.89,532, 154787, 69.82
MMFL, EQ, 19-Jul-2021,752.45,752.0,760.0,736.9, 739.10,744.05,747.78,8637,64.59,833, 5750, 66.57
MMP, EQ, 19-Jul-2021,139.55,139.55,141.95,136.0, 138.00,137.55,137.75,61277,84.41,1697, 39850, 65.03
MMTC, EQ, 19-Jul-2021,52.05,51.65,52.6,51.15, 51.45,51.35,51.8,2274600,1178.34,9224, 775718, 34.10
MODIRUBBER, BE, 19-Jul-2021,72.65,72.6,72.95,69.25, 72.80,72.7,71.74,3754,2.69,74, -, -
MODISNME, EQ, 19-Jul-2021,87.85,87.65,89.85,87.1, 88.95,88.95,88.54,257983,228.42,4905, 144256, 55.92
MOGSEC, EQ, 19-Jul-2021,48.3,46.86,48.4,46.86, 48.40,48.4,48.3,1068,0.52,27, 1038, 97.19
MOHITIND, BE, 19-Jul-2021,15.15,15.0,15.8,14.45, 15.25,15.2,15.0,20706,3.11,118, -, -
MOHOTAIND, EQ, 19-Jul-2021,9.7,9.5,10.0,9.5, 9.85,9.75,9.76,61637,6.01,185, 53862, 87.39
MOIL, EQ, 19-Jul-2021,188.95,188.75,189.45,184.35, 186.50,185.7,186.94,410468,767.33,6387, 181198, 44.14
MOKSH, EQ, 19-Jul-2021,26.1,26.4,26.75,25.8, 26.75,26.55,26.34,2240665,590.18,1195, 1666023, 74.35
MOLDTECH, EQ, 19-Jul-2021,99.55,98.6,100.75,96.9, 99.50,99.15,99.46,152593,151.76,2893, 92059, 60.33
MOLDTEKPP, E1, 19-Jul-2021,386.4,385.0,398.95,366.75, 394.60,385.95,384.38,293,1.13,49, 94, 32.08
MOLDTKPAC, EQ, 19-Jul-2021,520.25,529.7,529.7,516.45, 522.00,521.55,522.02,36844,192.33,3145, 19944, 54.13
MOLDTKPAC, W1, 19-Jul-2021,351.5,350.0,350.0,301.0, 331.00,331.4,311.83,2564,8.0,156, 2048, 79.88
MOM100, EQ, 19-Jul-2021,29.16,29.65,29.65,28.95, 29.10,29.16,29.24,132151,38.65,3713, 74127, 56.09
MOM50, EQ, 19-Jul-2021,157.7,160.3,160.3,154.86, 156.33,156.24,156.92,35678,55.99,131, 34049, 95.43
MON100, EQ, 19-Jul-2021,109.02,125.4,125.4,107.1, 107.80,107.95,108.01,536443,579.42,7137, 329318, 61.39
MONTECARLO, EQ, 19-Jul-2021,368.4,368.4,368.4,355.2, 361.60,362.95,362.06,47306,171.28,2768, 20222, 42.75
MORARJEE, EQ, 19-Jul-2021,20.4,19.7,20.7,19.4, 19.45,19.45,19.73,75797,14.96,332, 42471, 56.03
MOREPENLAB, EQ, 19-Jul-2021,66.8,66.25,69.4,65.5, 67.40,67.35,67.9,3142999,2134.01,16056, 1318164, 41.94
MOTHERSUMI, EQ, 19-Jul-2021,244.15,241.5,246.0,240.75, 244.30,244.65,244.3,4433523,10831.16,54162, 2149140, 48.47
MOTILALOFS, EQ, 19-Jul-2021,1125.1,1110.0,1188.0,1067.65, 1105.00,1098.7,1137.8,3208779,36509.4,108216, 574064, 17.89
MOTOGENFIN, EQ, 19-Jul-2021,22.9,23.0,24.0,22.15, 22.60,23.15,23.62,27428,6.48,280, 18821, 68.62
MPHASIS, EQ, 19-Jul-2021,2390.2,2390.2,2407.25,2330.95, 2338.00,2342.8,2356.55,503783,11871.92,46996, 242206, 48.08
MPSLTD, EQ, 19-Jul-2021,635.05,635.0,650.35,618.05, 626.00,626.7,629.91,20563,129.53,2403, 11395, 55.42
MPTODAY, SM, 19-Jul-2021,25.45,24.2,26.65,24.2, 26.65,26.65,25.43,4000,1.02,2, 4000, 100.00
MRF, EQ, 19-Jul-2021,82449.85,81800.0,82964.95,81625.0, 82102.00,82236.3,82160.97,7692,6319.82,5361, 1683, 21.88
MRO-TEK, EQ, 19-Jul-2021,32.95,34.15,34.15,32.05, 34.10,33.3,32.96,6897,2.27,43, 6349, 92.05
MRPL, EQ, 19-Jul-2021,47.75,47.7,48.15,47.0, 47.65,47.5,47.66,1894498,902.85,7718, 663551, 35.03
MSPL, BE, 19-Jul-2021,10.8,10.8,11.05,10.55, 10.65,10.6,10.77,333656,35.92,454, -, -
MSTCLTD, EQ, 19-Jul-2021,312.7,306.2,311.95,304.15, 307.30,306.45,307.81,329739,1014.98,7128, 165757, 50.27
MTARTECH, EQ, 19-Jul-2021,1477.65,1459.0,1543.9,1445.15, 1524.00,1527.1,1514.06,724949,10976.13,42437, 178950, 24.68
MTEDUCARE, BE, 19-Jul-2021,9.65,9.65,9.7,9.2, 9.55,9.55,9.55,92025,8.79,244, -, -
MTNL, EQ, 19-Jul-2021,22.0,21.6,21.85,21.35, 21.45,21.4,21.54,2129682,458.84,4329, 1430778, 67.18
MUKANDENGG, BE, 19-Jul-2021,23.15,23.15,23.15,23.15, 23.15,23.15,23.15,8193,1.9,16, -, -
MUKANDLTD, BE, 19-Jul-2021,139.8,140.8,145.9,136.05, 144.50,143.0,142.57,88745,126.52,575, -, -
MUKANDLTD, P1, 19-Jul-2021,5.55,5.55,5.95,5.55, 5.95,5.95,5.55,2052,0.11,6, 2052, 100.00
MUKTAARTS, EQ, 19-Jul-2021,37.25,37.9,38.3,36.8, 37.35,37.3,37.57,15681,5.89,268, 9677, 61.71
MUNJALAU, EQ, 19-Jul-2021,68.1,67.45,69.0,67.1, 67.55,67.6,68.08,536090,364.96,5715, 154056, 28.74
MUNJALSHOW, EQ, 19-Jul-2021,150.15,149.8,152.0,148.55, 152.00,150.25,150.03,59867,89.82,1836, 33291, 55.61
MURUDCERA, EQ, 19-Jul-2021,31.1,30.5,31.7,30.3, 30.60,30.4,30.9,155814,48.14,1623, 91303, 58.60
MUTHOOTCAP, EQ, 19-Jul-2021,412.3,410.0,418.95,405.0, 407.00,408.2,410.85,27988,114.99,2188, 13616, 48.65
MUTHOOTFIN, EQ, 19-Jul-2021,1569.2,1559.0,1574.8,1533.0, 1541.80,1541.85,1553.8,411561,6394.83,21331, 82356, 20.01
NABARD, N1, 19-Jul-2021,1455.0,1455.0,1455.0,1455.0, 1455.00,1455.0,1455.0,5,0.07,1, 5, 100.00
NABARD, N2, 19-Jul-2021,1239.0,1238.02,1247.98,1238.0, 1241.50,1243.06,1239.83,3303,40.95,13, 2402, 72.72
NACLIND, EQ, 19-Jul-2021,79.15,78.5,79.2,77.0, 78.00,77.75,78.07,89684,70.02,1469, 61368, 68.43
NAGAFERT, BE, 19-Jul-2021,18.9,18.05,18.85,18.0, 18.00,18.0,18.25,1068979,195.09,1909, -, -
NAGREEKEXP, EQ, 19-Jul-2021,33.55,32.0,35.2,32.0, 34.10,34.45,34.63,49959,17.3,421, 32697, 65.45
NAHARCAP, EQ, 19-Jul-2021,222.1,225.9,262.0,218.05, 253.00,251.65,249.29,244426,609.34,9183, 86911, 35.56
NAHARINDUS, EQ, 19-Jul-2021,108.2,110.0,113.6,110.0, 113.60,112.85,113.08,197626,223.47,1229, 140598, 71.14
NAHARPOLY, EQ, 19-Jul-2021,205.85,203.35,214.7,201.6, 212.55,212.0,209.62,199781,418.77,8503, 73402, 36.74
NAHARSPING, BE, 19-Jul-2021,307.15,320.0,322.5,307.15, 322.50,322.1,317.63,89905,285.57,1311, -, -
NAM-INDIA, EQ, 19-Jul-2021,418.6,414.0,420.9,400.5, 409.95,405.35,411.12,3060902,12584.03,46576, 665839, 21.75
NATCOPHARM, EQ, 19-Jul-2021,1108.05,1095.0,1102.75,1084.5, 1088.00,1089.3,1092.26,331300,3618.66,7384, 220246, 66.48
NATHBIOGEN, EQ, 19-Jul-2021,376.55,374.0,379.2,372.55, 377.00,375.7,376.6,34124,128.51,1895, 16859, 49.41
NATIONALUM, EQ, 19-Jul-2021,88.3,87.4,91.0,87.0, 89.25,88.95,89.24,99178570,88503.75,137569, 26572895, 26.79
NATNLSTEEL, BE, 19-Jul-2021,3.7,3.55,3.85,3.55, 3.80,3.8,3.58,22757,0.81,21, -, -
NAUKRI, EQ, 19-Jul-2021,5102.55,5100.0,5170.0,5018.0, 5120.00,5122.75,5100.28,332799,16973.7,32639, 77647, 23.33
NAVINFLUOR, EQ, 19-Jul-2021,3889.35,3880.0,3930.0,3826.5, 3890.00,3885.25,3878.5,112511,4363.74,11134, 19399, 17.24
NAVKARCORP, EQ, 19-Jul-2021,51.85,51.95,54.75,51.7, 53.70,53.8,53.7,3652653,1961.47,18452, 1649727, 45.17
NAVNETEDUL, EQ, 19-Jul-2021,97.8,97.8,98.2,97.15, 97.60,97.5,97.67,162230,158.44,6108, 67575, 41.65
NAZARA, EQ, 19-Jul-2021,1922.55,1901.0,1973.0,1898.95, 1927.00,1921.0,1935.27,398664,7715.22,32963, 141398, 35.47
NBCC, EQ, 19-Jul-2021,52.9,52.5,53.1,51.9, 52.50,52.4,52.54,5669511,2978.55,18124, 2333429, 41.16
NBIFIN, EQ, 19-Jul-2021,2263.95,2245.0,2280.0,2115.15, 2280.00,2267.25,2260.57,699,15.8,85, 327, 46.78
NBVENTURES, EQ, 19-Jul-2021,115.45,114.95,121.45,114.15, 119.70,119.4,118.84,1208702,1436.36,12930, 573333, 47.43
NCC, EQ, 19-Jul-2021,94.3,92.85,93.9,91.0, 91.60,92.1,92.39,3792357,3503.67,17818, 1766102, 46.57
NCLIND, EQ, 19-Jul-2021,247.7,247.55,262.45,245.0, 260.60,259.5,255.86,734571,1879.47,15691, 345609, 47.05
NCPSESDL24, EQ, 19-Jul-2021,104.92,105.1,105.15,105.03, 105.15,105.15,105.07,1456,1.53,25, 1197, 82.21
NDGL, EQ, 19-Jul-2021,1685.25,1647.0,1706.7,1647.0, 1670.00,1666.75,1674.46,832,13.93,138, 451, 54.21
NDL, BE, 19-Jul-2021,63.8,63.8,66.95,61.7, 66.95,66.95,65.37,120751,78.94,537, -, -
NDRAUTO, EQ, 19-Jul-2021,369.05,363.0,374.8,360.0, 369.00,370.55,369.18,34146,126.06,2210, 11171, 32.72
NDTV, EQ, 19-Jul-2021,75.2,76.55,76.55,73.3, 75.50,75.45,74.93,65282,48.91,844, 34077, 52.20
NECCLTD, EQ, 19-Jul-2021,14.9,14.7,15.45,14.7, 15.20,15.15,15.1,101062,15.26,501, 69125, 68.40
NECLIFE, EQ, 19-Jul-2021,40.75,39.9,40.95,39.65, 39.85,39.85,40.31,721979,291.06,3813, 409966, 56.78
NELCAST, EQ, 19-Jul-2021,87.85,88.0,91.35,87.5, 88.55,89.1,89.41,879187,786.07,8490, 418052, 47.55
NELCO, EQ, 19-Jul-2021,379.65,379.8,391.0,374.35, 378.50,378.85,382.99,170975,654.81,4908, 83943, 49.10
NEOGEN, EQ, 19-Jul-2021,890.3,892.0,914.0,882.5, 896.00,894.2,898.73,57788,519.36,4866, 26548, 45.94
NESCO, EQ, 19-Jul-2021,634.3,630.0,648.95,624.95, 639.00,637.65,639.37,79249,506.69,5581, 26372, 33.28
NESTLEIND, EQ, 19-Jul-2021,17654.2,17550.0,17845.0,17550.0, 17760.00,17752.45,17723.94,51402,9110.46,15118, 27343, 53.19
NETF, EQ, 19-Jul-2021,195.98,191.0,196.89,191.0, 196.89,196.89,196.83,115,0.23,30, 99, 86.09
NETFCONSUM, EQ, 19-Jul-2021,69.29,69.75,70.9,68.7, 68.98,68.98,69.13,12684,8.77,208, 10759, 84.82
NETFDIVOPP, EQ, 19-Jul-2021,40.46,41.14,41.14,40.1, 40.75,40.91,40.72,3471,1.41,88, 2624, 75.60
NETFGILT5Y, EQ, 19-Jul-2021,48.26,48.3,48.41,48.3, 48.41,48.41,48.37,80,0.04,8, 75, 93.75
NETFIT, EQ, 19-Jul-2021,29.78,30.11,30.35,29.61, 29.74,29.71,29.79,341796,101.83,2642, 237282, 69.42
NETFLTGILT, EQ, 19-Jul-2021,22.49,22.47,22.48,22.41, 22.48,22.48,22.46,7925,1.78,74, 6451, 81.40
NETFMID150, EQ, 19-Jul-2021,106.72,109.8,109.8,105.15, 105.64,105.62,105.95,129566,137.27,1709, 85288, 65.83
NETFNIF100, EQ, 19-Jul-2021,166.85,168.5,168.94,163.45, 165.00,165.04,165.5,798,1.32,105, 592, 74.19
NETFNV20, EQ, 19-Jul-2021,88.49,89.8,89.8,87.61, 88.30,88.3,88.08,8664,7.63,160, 6251, 72.15
NETFPHARMA, EQ, 19-Jul-2021,14.68,14.95,14.98,14.65, 14.75,14.72,14.75,645547,95.22,994, 512683, 79.42
NETFSDL26, EQ, 19-Jul-2021,103.6,103.65,103.69,103.64, 103.69,103.69,103.69,6623,6.87,8, 6613, 99.85
NETWORK18, EQ, 19-Jul-2021,51.45,51.15,52.15,50.9, 51.55,51.45,51.55,1071027,552.1,3979, 415215, 38.77
NEULANDLAB, BE, 19-Jul-2021,2198.6,2180.0,2222.0,2165.0, 2170.00,2175.8,2184.39,16917,369.53,795, -, -
NEWGEN, BE, 19-Jul-2021,696.15,699.0,700.0,680.0, 699.85,699.55,696.41,84812,590.64,4601, -, -
NEXTMEDIA, EQ, 19-Jul-2021,5.9,5.75,6.0,5.75, 5.85,5.95,5.84,15112,0.88,75, 12575, 83.21
NFL, EQ, 19-Jul-2021,62.8,62.2,62.8,61.5, 61.85,61.8,62.1,998371,619.97,6795, 426623, 42.73
NH, EQ, 19-Jul-2021,504.3,504.0,504.0,490.0, 491.45,491.0,495.12,209520,1037.38,10168, 81010, 38.66
NHAI, N1, 19-Jul-2021,1087.9,1088.8,1094.9,1086.1, 1086.10,1086.1,1088.98,900,9.8,22, 644, 71.56
NHAI, N2, 19-Jul-2021,1255.3,1260.5,1260.5,1256.3, 1256.30,1256.3,1258.33,1030,12.96,9, 1030, 100.00
NHAI, N6, 19-Jul-2021,1275.99,1276.0,1284.0,1275.05, 1280.00,1280.0,1279.44,415,5.31,16, 260, 62.65
NHAI, N8, 19-Jul-2021,1124.0,1149.99,1149.99,1149.99, 1149.99,1149.99,1149.99,1000,11.5,1, 1000, 100.00
NHAI, NA, 19-Jul-2021,1239.01,1240.01,1240.5,1237.0, 1240.50,1240.49,1238.41,13800,170.9,49, 12850, 93.12
NHAI, NC, 19-Jul-2021,1165.0,1151.57,1151.57,1151.57, 1151.57,1151.57,1151.57,4,0.05,1, 4, 100.00
NHAI, NE, 19-Jul-2021,1274.84,1278.79,1278.79,1269.99, 1270.01,1270.0,1271.75,2127,27.05,38, 1901, 89.37
NHBTF2014, N6, 19-Jul-2021,7200.0,7319.0,7319.0,7245.0, 7245.00,7245.0,7249.65,91,6.6,5, 91, 100.00
NHPC, EQ, 19-Jul-2021,25.9,25.8,26.05,25.75, 26.00,26.0,25.97,3342052,867.89,13233, 1744385, 52.20
NHPC, N5, 19-Jul-2021,1279.99,1284.99,1285.0,1284.99, 1284.99,1284.99,1285.0,975,12.53,3, 775, 79.49
NHPC, N6, 19-Jul-2021,1440.0,1440.0,1449.9,1393.33, 1449.90,1420.64,1436.19,630,9.05,11, 512, 81.27
NIACL, EQ, 19-Jul-2021,164.7,164.4,166.8,163.0, 163.95,164.1,164.45,350679,576.68,11003, 150851, 43.02
NIBL, BE, 19-Jul-2021,18.65,19.0,19.35,17.8, 19.00,19.0,18.72,22023,4.12,91, -, -
NIFTYBEES, EQ, 19-Jul-2021,171.41,174.94,174.94,169.02, 169.88,169.77,170.0,1366502,2323.06,27208, 1007203, 73.71
NIITLTD, EQ, 19-Jul-2021,291.0,287.95,293.7,281.35, 284.05,283.95,288.22,472843,1362.82,8381, 232023, 49.07
NILAINFRA, EQ, 19-Jul-2021,6.75,6.65,7.0,6.5, 6.55,6.5,6.67,891392,59.46,1097, 541886, 60.79
NILASPACES, BE, 19-Jul-2021,2.15,2.25,2.25,2.05, 2.20,2.2,2.15,199108,4.29,311, -, -
NILKAMAL, EQ, 19-Jul-2021,2523.3,2500.0,2537.9,2500.0, 2500.90,2500.8,2513.09,8697,218.56,1535, 4355, 50.07
NIPPOBATRY, EQ, 19-Jul-2021,1098.95,1089.0,1116.45,1050.1, 1051.70,1063.85,1081.89,40487,438.03,3418, 12607, 31.14
NIRAJ, EQ, 19-Jul-2021,49.7,50.0,51.5,48.4, 50.90,51.25,50.33,45452,22.88,769, 18734, 41.22
NITCO, EQ, 19-Jul-2021,27.1,27.25,27.25,26.7, 26.80,26.8,26.96,51961,14.01,412, 37617, 72.39
NITINFIRE, BZ, 19-Jul-2021,1.95,2.0,2.0,2.0, 2.00,2.0,2.0,74209,1.48,25, -, -
NITINSPIN, EQ, 19-Jul-2021,180.25,177.8,189.6,174.5, 183.50,183.55,185.67,1260683,2340.74,19097, 619101, 49.11
NITIRAJ, EQ, 19-Jul-2021,50.95,52.9,52.9,50.05, 52.50,52.45,51.48,2632,1.35,120, 1815, 68.96
NKIND, BE, 19-Jul-2021,27.15,25.85,28.45,25.85, 28.40,28.4,27.47,856,0.24,14, -, -
NLCINDIA, EQ, 19-Jul-2021,60.05,60.0,61.15,59.9, 60.30,60.25,60.36,2308656,1393.59,8442, 1116242, 48.35
NMDC, EQ, 19-Jul-2021,178.7,176.9,179.25,172.5, 175.15,174.85,176.36,16371993,28873.59,60295, 6843274, 41.80
NOCIL, EQ, 19-Jul-2021,266.45,260.8,263.9,254.6, 257.45,257.1,258.65,1297253,3355.4,23212, 570176, 43.95
NOIDATOLL, EQ, 19-Jul-2021,6.5,6.5,6.7,6.2, 6.35,6.35,6.31,362203,22.84,359, 217910, 60.16
NOVARTIND, EQ, 19-Jul-2021,1001.1,1000.0,1028.0,973.4, 993.00,988.5,998.56,46517,464.5,4447, 19272, 41.43
NPBET, EQ, 19-Jul-2021,187.92,191.0,191.9,186.57, 189.75,188.08,188.74,379,0.72,43, 74, 19.53
NRAIL, EQ, 19-Jul-2021,249.15,248.0,248.0,241.0, 244.00,242.25,244.06,24579,59.99,1260, 16766, 68.21
NRBBEARING, EQ, 19-Jul-2021,142.6,142.0,143.5,140.6, 141.80,141.5,142.03,224846,319.34,4902, 118203, 52.57
NSIL, EQ, 19-Jul-2021,1781.2,1811.0,1811.0,1752.05, 1789.45,1776.1,1777.13,317,5.63,94, 210, 66.25
NTL, BE, 19-Jul-2021,1.55,1.6,1.6,1.6, 1.60,1.6,1.6,6255,0.1,7, -, -
NTPC, EQ, 19-Jul-2021,119.1,119.1,121.85,118.5, 121.50,121.4,120.52,14364285,17312.1,61586, 7298187, 50.81
NTPC, N2, 19-Jul-2021,1546.0,1281.0,1854.0,1281.0, 1320.00,1320.0,1471.79,187,2.75,16, 30, 16.04
NTPC, N4, 19-Jul-2021,1159.79,1141.0,1156.0,1141.0, 1156.00,1156.0,1152.11,135,1.56,2, 135, 100.00
NTPC, N6, 19-Jul-2021,1425.0,1435.0,1435.0,1435.0, 1435.00,1435.0,1435.0,10,0.14,2, 10, 100.00
NTPC, N7, 19-Jul-2021,13.84,13.8,13.89,13.8, 13.82,13.88,13.87,99999,13.87,117, 78858, 78.86
NUCLEUS, EQ, 19-Jul-2021,705.15,696.0,717.0,694.8, 708.20,708.8,707.72,134699,953.29,7588, 38935, 28.91
NURECA, EQ, 19-Jul-2021,1603.8,1600.0,1623.05,1570.6, 1585.00,1593.65,1601.82,13774,220.63,1049, 10686, 77.58
NXTDIGITAL, EQ, 19-Jul-2021,502.25,500.0,500.0,485.5, 485.50,487.4,490.62,8291,40.68,823, 5395, 65.07
OAL, EQ, 19-Jul-2021,954.4,957.0,984.8,945.0, 970.25,957.15,966.87,51131,494.37,6801, 22405, 43.82
OBEROIRLTY, EQ, 19-Jul-2021,706.75,699.0,722.3,695.6, 711.00,711.85,710.52,459029,3261.47,13239, 134562, 29.31
OCCL, EQ, 19-Jul-2021,1111.35,1111.35,1130.0,1088.1, 1092.00,1095.4,1115.72,25258,281.81,3184, 14098, 55.82
OFSS, EQ, 19-Jul-2021,4019.4,4050.0,4121.0,4006.0, 4070.00,4072.15,4066.94,155649,6330.15,19971, 66208, 42.54
OIL, EQ, 19-Jul-2021,156.65,155.0,158.8,153.55, 155.65,155.85,156.02,1476527,2303.66,22123, 622966, 42.19
OILCOUNTUB, BE, 19-Jul-2021,7.4,7.55,7.75,7.4, 7.75,7.75,7.7,18387,1.42,81, -, -
OISL, BZ, 19-Jul-2021,1.9,1.85,1.95,1.85, 1.95,1.95,1.88,139689,2.63,128, -, -
OLECTRA, BE, 19-Jul-2021,244.4,245.0,248.0,236.0, 241.00,242.0,239.69,173627,416.17,1864, -, -
OMAXAUTO, EQ, 19-Jul-2021,69.75,69.25,70.1,67.35, 68.65,68.8,68.72,70720,48.6,2567, 40594, 57.40
OMAXE, EQ, 19-Jul-2021,94.9,94.3,95.5,90.35, 91.90,91.3,92.91,170870,158.75,2819, 99748, 58.38
OMINFRAL, EQ, 19-Jul-2021,36.25,36.0,37.45,35.0, 36.20,36.2,36.57,236805,86.59,2079, 148333, 62.64
OMKARCHEM, EQ, 19-Jul-2021,10.15,10.65,10.65,10.65, 10.65,10.65,10.65,33832,3.6,30, 33832, 100.00
ONEPOINT, BE, 19-Jul-2021,49.9,47.45,47.45,47.45, 47.45,47.45,47.45,6402,3.04,81, -, -
ONGC, EQ, 19-Jul-2021,116.8,114.8,116.55,114.2, 114.70,114.6,115.2,14395883,16584.21,67107, 6400553, 44.46
ONMOBILE, EQ, 19-Jul-2021,145.05,142.2,145.2,138.5, 140.80,140.6,141.59,892560,1263.8,13067, 452219, 50.67
ONWARDTEC, BE, 19-Jul-2021,257.75,260.0,270.6,257.8, 270.60,270.6,267.51,83418,223.15,885, -, -
OPTIEMUS, BE, 19-Jul-2021,167.9,168.0,172.0,166.25, 167.95,169.6,169.9,82108,139.5,632, -, -
OPTOCIRCUI, BE, 19-Jul-2021,4.55,4.55,4.6,4.45, 4.55,4.5,4.53,379036,17.16,381, -, -
ORBTEXP, EQ, 19-Jul-2021,72.8,73.0,74.35,72.1, 72.50,72.65,73.1,35022,25.6,983, 21147, 60.38
ORCHPHARMA, BE, 19-Jul-2021,545.85,518.6,550.25,518.6, 518.60,526.1,524.81,139368,731.42,1779, -, -
ORICONENT, EQ, 19-Jul-2021,29.8,30.0,30.2,28.45, 28.70,28.6,29.08,215494,62.66,772, 183531, 85.17
ORIENTABRA, EQ, 19-Jul-2021,33.0,33.2,34.65,32.8, 33.30,33.2,33.75,333853,112.66,2271, 137138, 41.08
ORIENTALTL, EQ, 19-Jul-2021,11.2,11.75,11.75,10.6, 11.50,11.45,11.39,123058,14.02,356, 74047, 60.17
ORIENTBELL, EQ, 19-Jul-2021,331.95,330.65,357.75,321.0, 344.90,342.8,348.57,91811,320.03,3238, 41982, 45.73
ORIENTCEM, EQ, 19-Jul-2021,145.5,145.0,151.85,144.5, 148.90,148.95,149.09,2038795,3039.65,20374, 1132168, 55.53
ORIENTELEC, EQ, 19-Jul-2021,333.35,333.75,349.5,330.1, 335.10,336.15,343.17,3002269,10302.75,53472, 701540, 23.37
ORIENTHOT, EQ, 19-Jul-2021,37.5,37.05,37.9,36.8, 37.10,37.15,37.2,87559,32.57,991, 62219, 71.06
ORIENTLTD, EQ, 19-Jul-2021,86.85,85.65,87.05,83.0, 84.20,83.7,84.77,24816,21.04,444, 18749, 75.55
ORIENTPPR, EQ, 19-Jul-2021,29.9,29.5,30.3,29.3, 29.90,29.85,29.69,1144526,339.78,3027, 508453, 44.42
ORIENTREF, EQ, 19-Jul-2021,326.25,324.0,332.0,323.0, 325.00,325.35,326.5,76176,248.72,3698, 37333, 49.01
ORISSAMINE, EQ, 19-Jul-2021,3238.5,3217.0,3262.0,3187.0, 3188.00,3200.4,3217.4,10100,324.96,2075, 6182, 61.21
ORTEL, BZ, 19-Jul-2021,0.95,0.95,0.95,0.9, 0.95,0.95,0.94,7556,0.07,10, -, -
ORTINLAB, EQ, 19-Jul-2021,36.45,36.0,36.45,35.85, 35.85,36.0,36.17,52148,18.86,477, 39906, 76.52
OSIAHYPER, SM, 19-Jul-2021,205.0,205.0,205.0,205.0, 205.00,205.0,205.0,400,0.82,1, 400, 100.00
OSWALAGRO, EQ, 19-Jul-2021,18.9,19.3,19.3,18.0, 18.10,18.35,18.23,370549,67.54,1204, 291741, 78.73
PAEL, BZ, 19-Jul-2021,7.2,7.5,7.55,7.5, 7.55,7.55,7.55,1641,0.12,7, -, -
PAGEIND, EQ, 19-Jul-2021,33140.9,32967.8,33393.6,32815.1, 32964.00,32894.85,33053.73,14842,4905.83,8112, 5662, 38.15
PAISALO, EQ, 19-Jul-2021,661.85,663.85,692.5,650.5, 675.00,667.65,673.33,64968,437.45,4632, 24371, 37.51
PALASHSECU, BE, 19-Jul-2021,75.0,71.3,78.75,71.3, 77.95,75.05,77.3,6105,4.72,51, -, -
PALREDTEC, EQ, 19-Jul-2021,111.15,110.0,113.0,109.5, 109.60,110.1,110.82,23001,25.49,777, 11639, 50.60
PANACEABIO, EQ, 19-Jul-2021,358.85,355.0,362.8,349.0, 352.10,351.3,354.36,157285,557.36,6552, 100004, 63.58
PANACHE, EQ, 19-Jul-2021,78.0,75.85,82.0,75.85, 79.80,79.25,79.32,57813,45.85,1333, 30822, 53.31
PANAMAPET, EQ, 19-Jul-2021,253.8,252.75,259.5,247.1, 253.95,251.7,254.24,138502,352.12,5773, 71186, 51.40
PAR, SM, 19-Jul-2021,132.45,137.5,139.05,125.85, 128.00,126.9,134.68,68000,91.58,33, 44000, 64.71
PARACABLES, EQ, 19-Jul-2021,20.3,19.6,21.5,19.6, 21.05,21.05,20.8,1877578,390.63,5867, 927139, 49.38
PARAGMILK, EQ, 19-Jul-2021,143.3,141.8,144.5,140.25, 141.35,141.8,142.3,836591,1190.44,10644, 377212, 45.09
PARSVNATH, EQ, 19-Jul-2021,15.4,15.7,16.15,15.7, 16.15,16.15,16.04,746588,119.75,626, 684554, 91.69
PATELENG, EQ, 19-Jul-2021,18.9,18.7,18.95,18.3, 18.45,18.4,18.55,1493926,277.17,3237, 1109289, 74.25
PATINTLOG, EQ, 19-Jul-2021,25.8,25.25,25.95,25.1, 25.60,25.5,25.48,80713,20.57,433, 56494, 69.99
PATSPINLTD, BE, 19-Jul-2021,8.25,8.65,8.65,8.65, 8.65,8.65,8.65,11450,0.99,40, -, -
PAVNAIND, SM, 19-Jul-2021,191.0,184.0,184.0,184.0, 184.00,184.0,184.0,800,1.47,1, 800, 100.00
PBAINFRA, EQ, 19-Jul-2021,15.1,15.05,15.25,14.4, 14.85,14.7,14.81,18317,2.71,124, 15469, 84.45
PCJEWELLER, EQ, 19-Jul-2021,27.6,27.15,27.55,27.0, 27.15,27.1,27.21,1594982,433.96,3551, 1109331, 69.55
PDMJEPAPER, EQ, 19-Jul-2021,43.8,43.0,44.3,42.5, 43.15,42.85,43.29,435951,188.71,4223, 185596, 42.57
PDPL, BE, 19-Jul-2021,4.65,4.65,4.65,4.65, 4.65,4.65,4.65,2590,0.12,8, -, -
PDSMFL, EQ, 19-Jul-2021,1183.0,1200.0,1200.0,1175.0, 1199.50,1198.55,1195.77,10137,121.22,1007, 7088, 69.92
PEARLPOLY, EQ, 19-Jul-2021,16.95,16.95,17.4,16.4, 16.90,16.65,16.74,38123,6.38,252, 27082, 71.04
PEL, EQ, 19-Jul-2021,2351.25,2340.0,2348.25,2275.4, 2299.00,2298.6,2313.88,610980,14137.32,26252, 205948, 33.71
PENIND, EQ, 19-Jul-2021,36.65,35.9,37.0,35.25, 35.50,35.55,36.17,1823324,659.49,6627, 1087733, 59.66
PENINLAND, BE, 19-Jul-2021,15.7,15.5,16.45,15.1, 16.45,16.45,16.09,472542,76.04,1017, -, -
PENTAGOLD, SM, 19-Jul-2021,97.55,101.4,101.8,101.4, 101.80,101.8,101.6,48000,48.77,2, 48000, 100.00
PERSISTENT, EQ, 19-Jul-2021,2841.7,2839.3,2845.75,2793.0, 2815.00,2821.05,2820.16,105393,2972.25,14605, 64450, 61.15
PETRONET, EQ, 19-Jul-2021,221.65,221.55,225.35,221.0, 222.60,222.05,223.08,3237530,7222.3,26392, 1458108, 45.04
PFC, EQ, 19-Jul-2021,127.55,127.0,130.2,125.5, 127.45,127.1,128.66,8553431,11005.0,35971, 4014461, 46.93
PFC, N4, 19-Jul-2021,1085.33,1100.0,1100.0,1085.0, 1086.00,1086.0,1086.29,815,8.85,11, 815, 100.00
PFC, N6, 19-Jul-2021,1207.5,1130.0,1140.0,1130.0, 1133.01,1134.63,1133.94,67,0.76,7, 57, 85.07
PFC, N8, 19-Jul-2021,1438.0,1438.0,1450.0,1436.0, 1450.00,1448.66,1443.4,886,12.79,20, 736, 83.07
PFIZER, EQ, 19-Jul-2021,5673.05,5677.0,5698.9,5626.05, 5638.90,5653.65,5667.59,44880,2543.62,3907, 29373, 65.45
PFOCUS, BE, 19-Jul-2021,60.15,61.9,62.7,59.5, 61.95,61.3,61.58,42742,26.32,320, -, -
PFS, EQ, 19-Jul-2021,22.35,22.0,22.2,20.95, 21.25,21.3,21.5,4549253,978.12,8155, 2449004, 53.83
PGEL, EQ, 19-Jul-2021,391.9,393.0,398.6,382.0, 383.00,384.0,389.37,29864,116.28,1256, 18291, 61.25
PGHH, EQ, 19-Jul-2021,12908.15,12955.0,12956.6,12825.0, 12849.25,12839.1,12885.51,15435,1988.88,3037, 12424, 80.49
PGHL, EQ, 19-Jul-2021,5622.1,5635.0,5678.55,5555.0, 5574.00,5562.45,5586.52,7920,442.45,2138, 5494, 69.37
PGIL, EQ, 19-Jul-2021,275.8,321.95,330.95,316.6, 330.95,330.95,328.51,298815,981.63,5499, 116585, 39.02
PGINVIT, IV, 19-Jul-2021,117.1,117.5,118.5,113.0, 117.25,117.88,117.71,1716500,2020.44,5662, 1621700, 94.48
PHILIPCARB, EQ, 19-Jul-2021,237.95,236.0,240.0,235.2, 236.00,236.7,237.22,737948,1750.56,14686, 290435, 39.36
PHOENIXLTD, EQ, 19-Jul-2021,875.85,874.6,884.9,867.35, 872.10,874.2,875.25,244178,2137.17,8183, 190473, 78.01
PIDILITIND, EQ, 19-Jul-2021,2244.2,2234.0,2269.0,2232.0, 2265.00,2260.25,2256.26,192179,4336.06,16868, 66253, 34.47
PIIND, EQ, 19-Jul-2021,2973.0,2965.0,3200.0,2954.0, 3168.00,3161.95,3093.28,1028420,31811.91,62239, 284128, 27.63
PILANIINVS, EQ, 19-Jul-2021,2001.7,1980.0,2013.0,1980.0, 1999.95,1994.95,1998.22,4782,95.55,678, 4129, 86.34
PILITA, EQ, 19-Jul-2021,8.35,8.3,8.6,8.3, 8.50,8.5,8.45,1307981,110.49,1596, 750012, 57.34
PIONDIST, EQ, 19-Jul-2021,132.8,134.95,136.5,131.75, 132.95,132.55,134.86,80588,108.68,1077, 47963, 59.52
PIONEEREMB, EQ, 19-Jul-2021,58.9,58.25,63.45,57.55, 61.00,61.1,61.64,1327481,818.32,7977, 535819, 40.36
PITTIENG, EQ, 19-Jul-2021,148.75,153.0,159.5,149.65, 154.00,152.85,154.17,430193,663.22,5025, 238257, 55.38
PKTEA, BE, 19-Jul-2021,327.6,330.0,336.6,327.2, 335.00,333.2,332.91,1991,6.63,70, -, -
PLASTIBLEN, EQ, 19-Jul-2021,276.1,272.0,282.0,266.0, 273.50,272.75,275.42,108543,298.95,4119, 55838, 51.44
PNB, EQ, 19-Jul-2021,40.85,40.5,40.7,40.1, 40.30,40.3,40.41,31864818,12875.14,86483, 12155186, 38.15
PNBGILTS, EQ, 19-Jul-2021,75.15,74.0,74.1,72.85, 73.45,73.2,73.45,332081,243.92,2746, 200409, 60.35
PNBHOUSING, BE, 19-Jul-2021,720.95,721.0,727.9,697.0, 704.80,701.8,704.36,62768,442.11,2483, -, -
PNC, BE, 19-Jul-2021,41.55,41.9,43.2,40.1, 40.80,40.6,41.7,32968,13.75,184, -, -
PNCINFRA, EQ, 19-Jul-2021,317.1,317.1,321.9,306.0, 308.00,308.35,315.36,1650126,5203.9,34866, 698739, 42.34
PODDARHOUS, EQ, 19-Jul-2021,235.35,225.35,240.0,224.2, 232.00,230.0,232.13,26680,61.93,614, 17337, 64.98
PODDARMENT, EQ, 19-Jul-2021,312.4,313.0,374.85,313.0, 374.85,371.15,357.91,669851,2397.45,22384, 235435, 35.15
POKARNA, EQ, 19-Jul-2021,371.75,368.95,374.8,363.0, 366.00,365.15,367.06,104324,382.94,3465, 67624, 64.82
POLYCAB, EQ, 19-Jul-2021,1936.1,1938.0,1987.9,1937.05, 1955.00,1953.85,1963.65,333569,6550.13,21090, 153205, 45.93
POLYMED, EQ, 19-Jul-2021,969.15,958.75,978.0,956.05, 967.00,973.55,970.14,36366,352.8,5891, 17133, 47.11
POLYPLEX, EQ, 19-Jul-2021,1524.35,1520.0,1565.0,1511.35, 1537.00,1536.3,1540.4,147251,2268.25,9738, 66106, 44.89
PONNIERODE, EQ, 19-Jul-2021,304.3,297.0,330.0,297.0, 319.00,322.55,318.59,111252,354.44,4003, 40339, 36.26
POWERFUL, SZ, 19-Jul-2021,2.7,2.6,2.6,2.6, 2.60,2.6,2.6,20000,0.52,10, 20000, 100.00
POWERGRID, EQ, 19-Jul-2021,233.85,233.85,234.65,231.5, 233.70,233.15,233.54,7720835,18031.52,60323, 4360018, 56.47
POWERINDIA, EQ, 19-Jul-2021,1916.0,1920.0,1981.9,1916.9, 1919.00,1924.95,1942.52,34804,676.08,4545, 13615, 39.12
POWERMECH, EQ, 19-Jul-2021,818.6,811.0,818.95,805.0, 810.00,808.3,808.81,42407,342.99,2964, 23871, 56.29
PPAP, EQ, 19-Jul-2021,255.05,248.0,261.75,248.0, 253.25,254.8,255.62,55877,142.83,2160, 28553, 51.10
PPL, EQ, 19-Jul-2021,172.7,173.35,179.55,172.25, 175.50,173.75,175.09,353093,618.23,7907, 179693, 50.89
PRADIP, BE, 19-Jul-2021,1.1,1.1,1.1,1.05, 1.05,1.05,1.1,2450,0.03,2, -, -
PRAENG, EQ, 19-Jul-2021,17.95,17.95,18.8,17.85, 18.80,18.8,18.63,475766,88.61,936, 317224, 66.68
PRAJIND, BE, 19-Jul-2021,363.85,362.0,380.0,361.5, 375.50,374.0,375.71,908284,3412.54,20160, -, -
PRAKASH, EQ, 19-Jul-2021,77.7,77.0,79.7,75.1, 76.50,76.5,77.87,1261135,982.05,7794, 685412, 54.35
PRAKASHSTL, BE, 19-Jul-2021,1.4,1.4,1.45,1.35, 1.45,1.45,1.42,701022,9.99,394, -, -
PRAXIS, EQ, 19-Jul-2021,45.25,45.0,47.5,44.25, 47.50,47.5,46.84,17827,8.35,190, 13788, 77.34
PRECAM, EQ, 19-Jul-2021,91.95,90.0,91.2,87.0, 90.40,88.6,88.95,314371,279.63,5080, 193053, 61.41
PRECOT, EQ, 19-Jul-2021,278.1,290.0,292.0,270.0, 292.00,292.0,289.27,65979,190.86,1011, 54327, 82.34
PRECWIRE, EQ, 19-Jul-2021,228.9,225.0,227.25,221.95, 225.00,224.2,224.68,26287,59.06,1243, 17253, 65.63
PREMEXPLN, EQ, 19-Jul-2021,212.45,212.45,217.8,207.0, 214.00,213.4,212.61,34059,72.41,927, 26532, 77.90
PREMIER, BE, 19-Jul-2021,3.95,4.1,4.1,3.8, 4.10,4.1,3.9,18150,0.71,32, -, -
PREMIERPOL, EQ, 19-Jul-2021,71.6,71.5,74.9,70.0, 74.00,74.05,73.44,35371,25.98,570, 21996, 62.19
PRESSMN, EQ, 19-Jul-2021,33.75,33.5,33.5,32.1, 32.40,32.25,32.79,95717,31.39,1065, 67105, 70.11
PRESTIGE, EQ, 19-Jul-2021,329.65,324.4,348.45,322.0, 335.50,336.5,339.4,3879647,13167.45,58318, 835526, 21.54
PRICOLLTD, EQ, 19-Jul-2021,101.2,100.3,102.2,99.0, 99.35,99.3,100.23,869590,871.62,7604, 406506, 46.75
PRIMESECU, EQ, 19-Jul-2021,89.95,93.9,94.4,91.0, 94.40,94.4,94.13,75744,71.3,824, 61271, 80.89
PRINCEPIPE, EQ, 19-Jul-2021,711.35,706.2,711.0,700.0, 705.00,704.35,704.26,358002,2521.26,19455, 202783, 56.64
PRIVISCL, EQ, 19-Jul-2021,1368.6,1385.0,1391.0,1327.0, 1347.00,1337.6,1349.4,38695,522.15,7538, 23193, 59.94
PROINDIA, BE, 19-Jul-2021,8.45,8.85,8.85,8.85, 8.85,8.85,8.85,1601,0.14,11, -, -
PROLIFE, SM, 19-Jul-2021,96.05,100.8,100.85,100.8, 100.85,100.8,100.83,6000,6.05,2, 6000, 100.00
PROZONINTU, BE, 19-Jul-2021,33.85,32.5,35.5,32.5, 35.50,35.5,34.9,654145,228.3,3441, -, -
PRSMJOHNSN, EQ, 19-Jul-2021,139.3,138.9,143.0,136.9, 139.95,139.85,140.2,520933,730.33,7468, 236876, 45.47
PSB, EQ, 19-Jul-2021,19.95,19.95,20.0,19.6, 19.75,19.7,19.83,553193,109.68,1890, 364371, 65.87
PSPPROJECT, EQ, 19-Jul-2021,470.95,470.0,480.0,462.4, 470.95,467.3,470.8,321898,1515.48,11559, 85817, 26.66
PSUBNKBEES, EQ, 19-Jul-2021,26.95,27.18,27.18,26.5, 26.60,26.61,26.68,497802,132.83,1788, 372618, 74.85
PTC, EQ, 19-Jul-2021,103.6,102.1,103.6,100.6, 101.90,101.8,102.55,806282,826.87,6583, 492996, 61.14
PTL, EQ, 19-Jul-2021,52.5,52.5,58.0,51.1, 54.90,55.2,55.73,1167480,650.59,8572, 465425, 39.87
PUNJABCHEM, EQ, 19-Jul-2021,1425.4,1435.0,1448.0,1403.35, 1430.00,1428.3,1433.96,27864,399.56,2859, 18733, 67.23
PUNJLLOYD, BZ, 19-Jul-2021,2.35,2.35,2.45,2.25, 2.45,2.45,2.32,446972,10.37,326, -, -
PURVA, EQ, 19-Jul-2021,112.6,109.5,114.2,107.8, 110.00,110.1,111.49,1197536,1335.16,12731, 310845, 25.96
PVR, EQ, 19-Jul-2021,1368.8,1364.0,1367.1,1337.55, 1349.00,1347.9,1353.14,240825,3258.71,12709, 68874, 28.60
QGOLDHALF, EQ, 19-Jul-2021,2077.0,2076.0,2077.0,2061.0, 2067.00,2066.95,2068.28,487,10.07,80, 356, 73.10
QNIFTY, EQ, 19-Jul-2021,1656.0,1656.0,1656.0,1642.0, 1646.00,1646.0,1643.88,15,0.25,9, 9, 60.00
QUESS, EQ, 19-Jul-2021,774.95,772.0,794.2,756.9, 790.85,790.1,785.31,217647,1709.21,15252, 106547, 48.95
QUICKHEAL, EQ, 19-Jul-2021,308.55,306.0,312.1,297.05, 302.90,300.1,305.82,414337,1267.11,10534, 142957, 34.50
QUINTEGRA, BE, 19-Jul-2021,1.25,1.3,1.3,1.3, 1.30,1.3,1.3,27726,0.36,43, -, -
RADAAN, BE, 19-Jul-2021,1.0,0.95,1.05,0.95, 1.05,1.05,0.96,51122,0.49,37, -, -
RADICO, EQ, 19-Jul-2021,790.75,790.0,846.85,781.7, 822.00,828.0,827.9,1994126,16509.29,63170, 302882, 15.19
RADIOCITY, EQ, 19-Jul-2021,25.55,25.55,25.75,25.25, 25.55,25.5,25.47,555557,141.49,1313, 339718, 61.15
RAILTEL, EQ, 19-Jul-2021,146.35,144.0,146.25,143.5, 143.80,144.1,144.4,987572,1426.05,12480, 443473, 44.91
RAIN, EQ, 19-Jul-2021,232.8,228.0,243.6,228.0, 239.90,239.75,238.03,5867418,13966.08,55740, 1536362, 26.18
RAJESHEXPO, EQ, 19-Jul-2021,575.85,575.85,579.95,575.1, 576.00,575.75,578.17,254341,1470.53,5987, 128641, 50.58
RAJMET, BE, 19-Jul-2021,154.0,153.8,161.7,152.5, 161.70,161.7,159.41,8130,12.96,112, -, -
RAJRATAN, BE, 19-Jul-2021,1745.65,1730.0,1749.0,1700.0, 1709.30,1714.85,1719.03,9215,158.41,1024, -, -
RAJRAYON, BZ, 19-Jul-2021,0.3,0.3,0.35,0.25, 0.30,0.3,0.3,347328,1.04,80, -, -
RAJSREESUG, BE, 19-Jul-2021,31.2,30.0,32.75,29.65, 32.75,32.75,31.53,38688,12.2,209, -, -
RAJTV, EQ, 19-Jul-2021,52.05,51.6,52.5,49.55, 51.00,51.1,51.05,26782,13.67,508, 15135, 56.51
RAJVIR, BE, 19-Jul-2021,8.0,8.0,8.25,7.6, 7.60,7.6,7.77,3937,0.31,15, -, -
RALLIS, EQ, 19-Jul-2021,338.75,338.0,338.0,331.6, 333.40,333.55,333.95,488428,1631.11,7580, 200341, 41.02
RAMANEWS, EQ, 19-Jul-2021,20.65,20.5,21.2,19.65, 20.20,20.25,20.47,330767,67.72,1272, 187108, 56.57
RAMASTEEL, EQ, 19-Jul-2021,144.0,140.5,146.0,136.8, 137.05,137.7,137.97,428028,590.57,2012, 235766, 55.08
RAMCOCEM, EQ, 19-Jul-2021,1126.0,1122.95,1122.95,1105.0, 1108.05,1110.65,1114.06,214598,2390.75,7435, 108971, 50.78
RAMCOIND, EQ, 19-Jul-2021,289.35,286.0,296.0,283.0, 291.95,289.9,292.76,147838,432.81,4511, 73032, 49.40
RAMCOSYS, EQ, 19-Jul-2021,667.25,666.9,682.5,655.0, 664.55,663.65,668.93,194767,1302.86,11036, 81201, 41.69
RAMKY, BE, 19-Jul-2021,189.4,193.2,198.85,189.4, 198.85,198.85,197.93,73028,144.55,581, -, -
RAMSARUP, BZ, 19-Jul-2021,1.35,1.3,1.3,1.3, 1.30,1.3,1.3,1025,0.01,2, -, -
RANASUG, EQ, 19-Jul-2021,32.4,30.85,34.0,30.8, 34.00,33.95,32.97,4279897,1410.97,9792, 1981343, 46.29
RANEENGINE, EQ, 19-Jul-2021,338.85,342.85,356.8,335.0, 341.00,342.6,349.26,58152,203.1,2367, 25094, 43.15
RANEHOLDIN, EQ, 19-Jul-2021,692.95,690.0,711.0,676.85, 707.00,700.45,695.25,150601,1047.05,9575, 76852, 51.03
RATNAMANI, EQ, 19-Jul-2021,2064.9,2073.85,2080.0,2050.0, 2059.00,2064.25,2068.41,32665,675.64,3498, 22570, 69.10
RAYMOND, EQ, 19-Jul-2021,453.3,465.0,473.6,456.0, 469.50,469.1,467.15,2706597,12643.95,47327, 676583, 25.00
RBL, EQ, 19-Jul-2021,1069.5,1050.0,1084.0,1030.0, 1044.90,1043.3,1052.46,20265,213.28,2440, 7110, 35.09
RBLBANK, EQ, 19-Jul-2021,214.85,211.0,213.5,208.2, 209.50,209.3,211.05,8496232,17931.26,57045, 2737442, 32.22
RCF, EQ, 19-Jul-2021,83.8,83.15,83.9,82.45, 82.80,82.85,83.12,2090559,1737.7,10685, 808629, 38.68
RCOM, EQ, 19-Jul-2021,3.95,4.0,4.1,3.95, 4.10,4.1,4.06,28801056,1170.76,17335, 17388528, 60.37
RECLTD, EQ, 19-Jul-2021,151.65,150.75,154.5,150.4, 151.35,151.4,152.53,3795975,5789.97,26959, 1544576, 40.69
RECLTD, N6, 19-Jul-2021,1285.08,1340.0,1340.0,1278.05, 1278.05,1278.05,1278.09,5003,63.94,3, 5003, 100.00
RECLTD, N8, 19-Jul-2021,1128.6,1131.0,1136.0,1131.0, 1135.99,1135.99,1135.81,800,9.09,6, 800, 100.00
RECLTD, N9, 19-Jul-2021,1288.0,1285.5,1299.99,1285.5, 1299.00,1299.0,1297.15,475,6.16,5, 475, 100.00
RECLTD, NA, 19-Jul-2021,1439.99,1439.99,1439.99,1439.99, 1439.99,1439.99,1439.99,1,0.01,1, 1, 100.00
RECLTD, NI, 19-Jul-2021,1196.92,1190.0,1209.4,1190.0, 1190.25,1190.25,1206.13,426,5.14,9, 411, 96.48
REDINGTON, EQ, 19-Jul-2021,326.1,326.1,328.6,319.05, 320.00,320.15,323.38,930176,3008.0,31093, 694285, 74.64
REFEX, EQ, 19-Jul-2021,137.6,137.0,139.9,136.45, 137.95,136.9,137.92,96746,133.44,3217, 52218, 53.97
REGENCERAM, BE, 19-Jul-2021,1.45,1.4,1.4,1.4, 1.40,1.4,1.4,1115,0.02,5, -, -
RELAXO, EQ, 19-Jul-2021,1159.55,1158.0,1171.75,1151.0, 1160.00,1158.7,1160.63,109494,1270.82,11141, 46048, 42.06
RELCAPITAL, EQ, 19-Jul-2021,19.9,19.85,20.5,19.1, 20.15,20.1,20.1,3074840,618.08,8551, 1292474, 42.03
RELIABLE, SM, 19-Jul-2021,24.0,24.75,24.75,24.75, 24.75,24.75,24.75,2400,0.59,1, 2400, 100.00
RELIANCE, EQ, 19-Jul-2021,2112.4,2100.0,2124.0,2092.25, 2097.95,2098.95,2108.57,3855577,81297.63,129037, 1752416, 45.45
RELIANCEP1, E1, 19-Jul-2021,1480.45,1473.0,1490.35,1461.0, 1467.00,1466.8,1474.16,180914,2666.96,9593, 105384, 58.25
RELIGARE, EQ, 19-Jul-2021,147.45,145.0,152.0,143.75, 150.50,149.75,149.1,3282844,4894.6,17484, 1437206, 43.78
RELINFRA, BE, 19-Jul-2021,80.0,77.55,82.0,77.4, 79.40,78.9,79.29,1131996,897.55,7598, -, -
REMSONSIND, EQ, 19-Jul-2021,252.75,252.5,261.9,248.05, 256.50,256.4,254.13,7062,17.95,370, 4059, 57.48
RENUKA, BE, 19-Jul-2021,33.2,31.55,34.85,31.55, 34.85,34.85,33.78,13217522,4465.13,20888, -, -
REPCOHOME, EQ, 19-Jul-2021,379.05,380.0,380.0,370.1, 374.00,372.65,373.46,52189,194.91,2618, 31095, 59.58
REPL, EQ, 19-Jul-2021,238.8,238.0,242.95,233.5, 239.65,238.9,240.18,46935,112.73,1212, 36362, 77.47
REPRO, EQ, 19-Jul-2021,359.9,359.8,369.05,355.65, 362.50,362.7,362.3,15289,55.39,1443, 7174, 46.92
RESPONIND, EQ, 19-Jul-2021,138.0,137.0,140.5,136.05, 138.25,139.05,139.01,21751,30.24,1063, 12911, 59.36
REVATHI, EQ, 19-Jul-2021,699.65,699.65,706.6,689.15, 690.00,690.0,693.94,3334,23.14,256, 2272, 68.15
RGL, EQ, 19-Jul-2021,547.3,552.0,556.0,542.0, 545.20,547.05,548.84,34351,188.53,1244, 3599, 10.48
RHFL, BE, 19-Jul-2021,4.55,4.35,4.75,4.35, 4.75,4.75,4.61,1583603,73.02,2402, -, -
RICOAUTO, EQ, 19-Jul-2021,51.2,50.9,54.0,50.3, 52.45,52.3,52.89,2433056,1286.8,11571, 1083424, 44.53
RIIL, EQ, 19-Jul-2021,771.55,766.0,798.0,765.05, 779.00,781.2,783.44,394636,3091.75,13074, 88034, 22.31
RITES, EQ, 19-Jul-2021,284.7,281.0,286.4,277.4, 278.85,278.9,281.31,373689,1051.24,8169, 184740, 49.44
RKDL, EQ, 19-Jul-2021,12.95,13.0,14.2,12.5, 14.20,14.2,13.89,333912,46.38,956, 175163, 52.46
RKEC, EQ, 19-Jul-2021,103.8,103.8,104.0,99.05, 100.10,100.6,101.54,87975,89.33,2089, 62160, 70.66
RKFORGE, EQ, 19-Jul-2021,746.65,752.0,765.5,744.3, 764.20,761.2,758.63,168944,1281.67,8767, 91731, 54.30
RMCL, BZ, 19-Jul-2021,2.5,2.55,2.55,2.4, 2.40,2.5,2.48,43922,1.09,51, -, -
RMDRIP, SM, 19-Jul-2021,22.3,22.85,22.85,22.85, 22.85,22.85,22.85,2000,0.46,1, 2000, 100.00
RML, EQ, 19-Jul-2021,413.1,408.0,428.0,407.0, 413.50,416.5,419.37,104178,436.89,5729, 29130, 27.96
RNAVAL, BZ, 19-Jul-2021,3.3,3.15,3.15,3.15, 3.15,3.15,3.15,745356,23.48,959, -, -
ROHITFERRO, BE, 19-Jul-2021,3.3,3.3,3.3,3.3, 3.30,3.3,3.3,8192,0.27,11, -, -
ROHLTD, EQ, 19-Jul-2021,87.4,88.35,89.15,86.2, 87.50,87.65,87.6,80934,70.89,1358, 45539, 56.27
ROLLT, EQ, 19-Jul-2021,3.35,3.5,3.5,3.2, 3.20,3.2,3.31,47201107,1563.92,2976, 18583256, 39.37
ROLTA, EQ, 19-Jul-2021,8.2,7.95,8.45,7.95, 8.30,8.25,8.24,854024,70.41,1406, 518525, 60.72
ROML, EQ, 19-Jul-2021,80.25,81.0,81.05,78.1, 79.50,79.15,79.04,13845,10.94,372, 9954, 71.90
ROSSARI, EQ, 19-Jul-2021,1167.45,1185.0,1270.0,1177.05, 1264.00,1253.85,1243.77,1659751,20643.57,72099, 521067, 31.39
ROSSELLIND, EQ, 19-Jul-2021,172.2,170.9,192.4,169.0, 190.10,190.1,184.83,1371898,2535.66,25431, 534936, 38.99
ROUTE, EQ, 19-Jul-2021,2152.45,2104.9,2165.0,2095.0, 2126.00,2123.7,2127.92,448901,9552.24,29064, 98727, 21.99
RPGLIFE, EQ, 19-Jul-2021,462.0,462.0,467.4,457.0, 457.05,458.2,462.06,22612,104.48,1597, 7819, 34.58
RPOWER, BE, 19-Jul-2021,13.0,12.5,13.65,12.4, 13.45,13.35,13.22,19645291,2597.26,29836, -, -
RPPINFRA, EQ, 19-Jul-2021,86.95,88.4,99.0,87.4, 97.00,96.45,94.84,4232647,4014.03,39612, 1487605, 35.15
RPPL, SM, 19-Jul-2021,159.45,156.0,160.0,152.0, 155.90,155.9,155.67,26000,40.47,23, 17000, 65.38
RPSGVENT, EQ, 19-Jul-2021,638.2,634.0,765.8,621.1, 765.80,761.05,721.57,1161436,8380.55,46852, 294797, 25.38
RSSOFTWARE, BE, 19-Jul-2021,37.95,38.5,39.0,36.3, 38.75,37.45,38.15,71033,27.1,436, -, -
RSWM, EQ, 19-Jul-2021,341.2,341.65,375.3,341.15, 364.50,363.25,366.04,315789,1155.9,7974, 188340, 59.64
RSYSTEMS, EQ, 19-Jul-2021,174.85,174.0,179.4,172.75, 178.30,178.5,177.24,306942,544.01,6760, 171383, 55.84
RTNINDIA, BE, 19-Jul-2021,52.7,54.85,55.3,53.0, 55.30,55.3,54.96,1273940,700.18,3894, -, -
RTNPOWER, BE, 19-Jul-2021,7.65,7.9,8.0,7.75, 8.00,8.0,7.91,9903150,783.64,13200, -, -
RUBYMILLS, EQ, 19-Jul-2021,275.8,273.9,290.0,271.25, 282.50,281.4,282.58,44515,125.79,3156, 20380, 45.78
RUCHI, EQ, 19-Jul-2021,1123.55,1119.0,1138.0,1101.0, 1120.00,1117.0,1124.04,37879,425.78,2750, 24059, 63.52
RUCHINFRA, BE, 19-Jul-2021,8.65,8.8,9.05,8.25, 8.65,8.55,8.58,295889,25.39,494, -, -
RUCHIRA, EQ, 19-Jul-2021,97.95,97.3,98.0,94.0, 96.50,96.15,96.18,109416,105.24,2466, 64825, 59.25
RUPA, EQ, 19-Jul-2021,480.25,481.0,482.0,475.55, 479.85,478.85,479.61,214377,1028.17,4867, 129520, 60.42
RUSHIL, BE, 19-Jul-2021,292.2,279.0,291.0,279.0, 289.75,286.3,287.0,7743,22.22,148, -, -
RVHL, EQ, 19-Jul-2021,22.7,23.4,23.8,22.5, 23.45,23.1,23.29,108018,25.15,635, 59046, 54.66
RVNL, EQ, 19-Jul-2021,31.55,31.4,31.6,31.0, 31.10,31.1,31.24,2882201,900.36,12057, 1343941, 46.63
S&SPOWER, BE, 19-Jul-2021,20.8,20.8,21.05,20.5, 21.00,21.0,20.87,2732,0.57,25, -, -
SABEVENTS, BE, 19-Jul-2021,2.7,2.8,2.8,2.6, 2.80,2.8,2.78,15232,0.42,45, -, -
SABTN, BE, 19-Jul-2021,2.3,2.3,2.4,2.25, 2.35,2.35,2.35,7250,0.17,14, -, -
SADBHAV, EQ, 19-Jul-2021,79.3,78.1,79.0,76.55, 77.50,77.05,77.65,989809,768.6,7413, 556493, 56.22
SADBHIN, EQ, 19-Jul-2021,34.7,34.45,35.5,33.3, 34.55,34.3,34.45,1734176,597.45,4720, 1008558, 58.16
SAFARI, EQ, 19-Jul-2021,763.4,766.9,766.9,741.35, 754.00,751.45,751.33,16517,124.1,2888, 7683, 46.52
SAGARDEEP, BE, 19-Jul-2021,67.8,68.0,68.5,64.75, 67.50,67.3,67.04,44031,29.52,651, -, -
SAGCEM, EQ, 19-Jul-2021,1115.15,1113.0,1138.45,1100.75, 1132.65,1127.45,1126.72,36161,407.43,4198, 23203, 64.17
SAIL, EQ, 19-Jul-2021,127.2,125.9,129.3,124.65, 127.10,126.65,127.28,55149617,70196.76,134846, 13484794, 24.45
SAKAR, EQ, 19-Jul-2021,175.9,175.9,178.75,172.8, 174.25,173.65,176.28,55338,97.55,1598, 36781, 66.47
SAKHTISUG, BE, 19-Jul-2021,19.15,18.9,20.1,18.2, 20.10,20.1,19.4,322617,62.6,1017, -, -
SAKSOFT, EQ, 19-Jul-2021,685.8,684.55,699.9,669.0, 684.90,684.55,684.92,62111,425.41,6486, 30167, 48.57
SAKUMA, EQ, 19-Jul-2021,14.0,14.0,14.35,13.3, 13.70,13.65,13.8,1489600,205.6,2248, 730663, 49.05
SALASAR, EQ, 19-Jul-2021,340.1,340.1,344.0,335.55, 339.15,337.05,337.81,32808,110.83,1729, 19489, 59.40
SALONA, EQ, 19-Jul-2021,183.9,177.1,203.75,177.1, 199.40,197.9,197.18,248890,490.77,10775, 68113, 27.37
SALSTEEL, BE, 19-Jul-2021,10.5,11.0,11.0,11.0, 11.00,11.0,11.0,83010,9.13,83, -, -
SALZERELEC, EQ, 19-Jul-2021,177.15,175.8,184.75,173.0, 180.00,180.0,179.38,344623,618.18,10198, 124110, 36.01
SAMBHAAV, BE, 19-Jul-2021,3.9,3.9,4.05,3.75, 4.00,3.8,3.94,109868,4.33,130, -, -
SANCO, BE, 19-Jul-2021,10.25,9.9,10.45,9.8, 10.10,9.85,9.93,22534,2.24,87, -, -
SANDESH, EQ, 19-Jul-2021,920.85,932.0,1074.0,932.0, 970.00,966.55,1013.44,83547,846.7,11793, 21029, 25.17
SANDHAR, EQ, 19-Jul-2021,293.65,297.95,317.05,295.05, 304.55,304.7,308.92,359404,1110.26,17543, 170933, 47.56
SANGAMIND, EQ, 19-Jul-2021,133.45,137.8,140.1,134.45, 140.10,140.1,139.37,79083,110.22,982, 57338, 72.50
SANGHIIND, EQ, 19-Jul-2021,60.05,58.9,62.25,58.65, 60.25,60.25,60.59,1992640,1207.29,7871, 1000257, 50.20
SANGHVIMOV, EQ, 19-Jul-2021,205.2,204.3,209.0,189.0, 193.00,193.9,198.22,335653,665.33,8723, 138290, 41.20
SANGINITA, EQ, 19-Jul-2021,29.95,31.4,31.4,31.4, 31.40,31.4,31.4,226768,71.21,640, 220406, 97.19
SANOFI, EQ, 19-Jul-2021,7961.3,7989.0,8119.95,7942.0, 7995.00,7965.15,8021.64,17045,1367.29,4393, 7239, 42.47
SANWARIA, BZ, 19-Jul-2021,0.8,0.8,0.8,0.75, 0.80,0.8,0.77,2079891,15.96,601, -, -
SARDAEN, BE, 19-Jul-2021,646.15,649.95,658.0,640.1, 654.85,648.95,648.95,43859,284.62,720, -, -
SAREGAMA, BE, 19-Jul-2021,3323.05,3322.0,3410.0,3230.0, 3348.00,3297.7,3347.46,9539,319.31,1520, -, -
SARLAPOLY, EQ, 19-Jul-2021,41.65,40.85,44.3,40.85, 43.00,42.9,42.99,422605,181.67,3718, 206885, 48.95
SASKEN, EQ, 19-Jul-2021,1301.9,1293.9,1428.0,1290.0, 1381.60,1399.8,1376.45,226109,3112.27,19215, 59063, 26.12
SASTASUNDR, BE, 19-Jul-2021,330.15,335.0,335.0,313.65, 315.20,316.1,319.07,61345,195.74,674, -, -
SATHAISPAT, BE, 19-Jul-2021,3.5,3.5,3.5,3.5, 3.50,3.5,3.5,15024,0.53,8, -, -
SATIA, EQ, 19-Jul-2021,106.95,105.0,110.2,105.0, 108.30,108.3,107.3,736156,789.93,7710, 275612, 37.44
SATIN, EQ, 19-Jul-2021,93.75,93.75,96.0,92.65, 94.00,93.9,94.74,403867,382.62,3873, 232702, 57.62
SBCL, EQ, 19-Jul-2021,127.55,127.9,132.95,124.7, 132.50,131.65,130.67,67102,87.68,1599, 48445, 72.20
SBICARD, EQ, 19-Jul-2021,990.0,981.0,983.7,971.0, 972.00,972.65,976.02,957347,9343.9,41043, 583839, 60.99
SBIETFIT, EQ, 19-Jul-2021,297.9,295.0,299.09,295.0, 297.60,297.36,297.4,1037,3.08,87, 706, 68.08
SBIETFPB, EQ, 19-Jul-2021,187.89,186.0,186.1,183.0, 183.00,183.73,184.17,2307,4.25,135, 2234, 96.84
SBIETFQLTY, EQ, 19-Jul-2021,140.78,140.78,143.0,137.04, 140.69,140.52,140.24,1945,2.73,93, 1405, 72.24
SBILIFE, EQ, 19-Jul-2021,1050.25,1044.9,1050.25,1027.3, 1037.20,1037.85,1040.46,643558,6695.94,29775, 369046, 57.34
SBIN, EQ, 19-Jul-2021,430.0,423.4,429.45,418.85, 428.50,427.9,426.05,14426686,61465.6,142972, 4300410, 29.81
SCAPDVR, EQ, 19-Jul-2021,2.25,2.15,2.35,2.15, 2.35,2.35,2.27,308900,7.0,429, 274896, 88.99
SCHAEFFLER, EQ, 19-Jul-2021,5402.45,5360.25,5505.0,5320.35, 5505.00,5456.85,5403.24,4588,247.9,1636, 2705, 58.96
SCHAND, EQ, 19-Jul-2021,140.25,138.4,147.1,136.8, 141.25,142.2,143.25,432641,619.74,8995, 210392, 48.63
SCHNEIDER, EQ, 19-Jul-2021,129.25,128.0,131.05,127.2, 128.05,128.25,129.03,752012,970.31,8664, 266168, 35.39
SCI, EQ, 19-Jul-2021,111.95,110.9,118.0,110.3, 115.50,115.8,115.44,7925089,9148.35,38372, 2009482, 25.36
SDBL, BE, 19-Jul-2021,47.15,46.45,49.5,45.15, 49.50,49.5,49.25,647953,319.12,1823, -, -
SEAMECLTD, EQ, 19-Jul-2021,472.35,477.5,477.5,468.75, 474.95,472.75,472.28,9916,46.83,565, 6187, 62.39
SECURCRED, SM, 19-Jul-2021,25.8,26.0,27.05,26.0, 26.75,26.75,26.48,3600,0.95,6, 3600, 100.00
SECURKLOUD, EQ, 19-Jul-2021,86.35,86.5,88.95,86.05, 88.75,88.35,87.54,32454,28.41,633, 20168, 62.14
SELAN, EQ, 19-Jul-2021,153.65,152.0,155.8,148.35, 149.45,149.05,150.96,75045,113.29,3017, 45645, 60.82
SEPOWER, BE, 19-Jul-2021,8.6,9.0,9.0,8.95, 9.00,9.0,9.0,84599,7.61,74, -, -
SEQUENT, EQ, 19-Jul-2021,303.45,295.25,319.15,295.25, 311.00,312.7,311.89,4667472,14557.51,66909, 1137724, 24.38
SERVOTECH, SM, 19-Jul-2021,17.25,16.4,17.0,16.4, 17.00,17.0,16.96,60000,10.18,4, 60000, 100.00
SESHAPAPER, EQ, 19-Jul-2021,216.5,213.0,216.95,210.1, 211.70,211.55,213.09,186566,397.55,11742, 40039, 21.46
SETCO, EQ, 19-Jul-2021,21.6,21.85,22.5,21.25, 21.95,22.05,22.04,365893,80.64,975, 223062, 60.96
SETF10GILT, EQ, 19-Jul-2021,204.16,204.0,204.95,204.0, 204.94,204.94,204.27,75,0.15,5, 74, 98.67
SETFGOLD, EQ, 19-Jul-2021,4292.8,4290.0,4290.0,4256.25, 4262.75,4262.55,4268.62,5033,214.84,855, 3175, 63.08
SETFNIF50, EQ, 19-Jul-2021,162.09,162.09,163.72,160.17, 160.71,160.65,160.79,303640,488.22,2326, 203178, 66.91
SETFNIFBK, EQ, 19-Jul-2021,357.4,357.0,357.0,349.25, 350.80,350.43,350.96,319137,1120.04,1489, 255573, 80.08
SETFNN50, EQ, 19-Jul-2021,406.16,405.99,407.0,400.0, 404.66,404.8,404.28,6282,25.4,638, 3572, 56.86
SETUINFRA, BE, 19-Jul-2021,1.8,1.85,1.85,1.75, 1.85,1.85,1.83,264089,4.83,212, -, -
SEYAIND, EQ, 19-Jul-2021,69.65,69.45,76.6,68.0, 76.60,76.45,75.11,476732,358.06,3788, 276660, 58.03
SFL, EQ, 19-Jul-2021,2366.55,2366.55,2391.55,2345.0, 2384.00,2370.85,2370.38,6970,165.22,1933, 3554, 50.99
SGBAPR28I, GB, 19-Jul-2021,4757.19,4757.0,4788.0,4700.0, 4704.00,4705.11,4708.17,607,28.58,80, 499, 82.21
SGBAUG24, GB, 19-Jul-2021,4795.9,4750.0,4845.0,4731.0, 4825.00,4829.15,4793.81,376,18.02,87, 244, 64.89
SGBAUG27, GB, 19-Jul-2021,4760.0,4702.0,5190.0,4702.0, 4771.00,4771.0,4922.69,93,4.58,27, 73, 78.49
SGBAUG28V, GB, 19-Jul-2021,4803.06,4800.0,4812.0,4794.5, 4797.00,4797.22,4797.77,831,39.87,144, 809, 97.35
SGBDC27VII, GB, 19-Jul-2021,4800.0,4799.0,4799.0,4675.01, 4799.00,4799.0,4739.96,21,1.0,3, 11, 52.38
SGBDEC25, GB, 19-Jul-2021,4990.0,4710.0,4710.0,4710.0, 4710.00,4710.0,4710.0,2,0.09,2, 2, 100.00
SGBDEC2512, GB, 19-Jul-2021,4794.0,4789.0,4789.0,4789.0, 4789.00,4789.0,4789.0,10,0.48,10, 10, 100.00
SGBDEC26, GB, 19-Jul-2021,4700.0,4700.0,4700.0,4700.0, 4700.00,4700.0,4700.0,1,0.05,1, 1, 100.00
SGBFEB24, GB, 19-Jul-2021,4730.0,4760.0,4849.0,4701.0, 4730.00,4735.99,4726.86,200,9.45,24, 165, 82.50
SGBFEB27, GB, 19-Jul-2021,4710.0,4671.0,4671.0,4671.0, 4671.00,4671.0,4671.0,6,0.28,1, 6, 100.00
SGBFEB28IX, GB, 19-Jul-2021,4931.99,4711.25,4711.25,4711.25, 4711.25,4711.25,4711.25,5,0.24,1, 5, 100.00
SGBFEB29XI, GB, 19-Jul-2021,4760.0,4716.0,4774.0,4716.0, 4722.00,4721.16,4728.26,71,3.36,18, 61, 85.92
SGBJAN26, GB, 19-Jul-2021,4729.4,4729.4,4729.4,4729.4, 4729.40,4729.4,4729.4,2,0.09,1, 2, 100.00
SGBJAN29IX, GB, 19-Jul-2021,4716.13,4707.09,4740.0,4707.09, 4715.00,4715.0,4718.92,71,3.35,14, 71, 100.00
SGBJAN29X, GB, 19-Jul-2021,4764.2,4730.0,4748.0,4711.0, 4711.00,4734.13,4727.03,205,9.69,23, 186, 90.73
SGBJU29III, GB, 19-Jul-2021,4743.63,4745.0,4800.0,4723.0, 4800.00,4778.09,4762.27,172,8.19,36, 145, 84.30
SGBJUL25, GB, 19-Jul-2021,4710.01,4799.0,4799.0,4662.0, 4765.00,4754.75,4748.65,1008,47.87,58, 928, 92.06
SGBJUL27, GB, 19-Jul-2021,4705.0,4800.0,4800.0,4799.99, 4799.99,4799.99,4800.0,2,0.1,2, 2, 100.00
SGBJUL28IV, GB, 19-Jul-2021,4713.06,4705.0,4710.0,4690.0, 4700.00,4703.85,4699.52,785,36.89,133, 668, 85.10
SGBJUN27, GB, 19-Jul-2021,4717.99,4725.0,4730.0,4725.0, 4730.00,4730.0,4727.5,2,0.09,2, 2, 100.00
SGBJUN28, GB, 19-Jul-2021,4706.85,4706.85,4710.0,4692.01, 4700.00,4700.0,4700.65,129,6.06,28, 125, 96.90
SGBJUN29II, GB, 19-Jul-2021,4711.12,4698.0,4728.0,4698.0, 4710.05,4710.05,4714.58,288,13.58,31, 281, 97.57
SGBMAR24, GB, 19-Jul-2021,4731.98,4690.15,4738.0,4690.15, 4738.00,4710.67,4703.37,95,4.47,20, 69, 72.63
SGBMAR25, GB, 19-Jul-2021,4715.0,4685.0,4710.0,4685.0, 4710.00,4706.95,4697.1,69,3.24,9, 62, 89.86
SGBMAR28X, GB, 19-Jul-2021,4710.2,4712.02,4712.02,4710.0, 4710.00,4710.0,4711.84,22,1.04,2, 22, 100.00
SGBMAY25, GB, 19-Jul-2021,4720.0,4683.0,4767.9,4683.0, 4750.00,4754.93,4741.65,551,26.13,22, 531, 96.37
SGBMAY26, GB, 19-Jul-2021,4759.05,4661.05,4661.05,4661.05, 4661.05,4661.05,4661.05,5,0.23,1, 5, 100.00
SGBMAY28, GB, 19-Jul-2021,4704.73,4704.0,4704.0,4694.0, 4695.00,4695.49,4696.43,424,19.91,53, 338, 79.72
SGBMAY29I, GB, 19-Jul-2021,4717.04,4750.0,4750.0,4680.04, 4707.00,4709.56,4710.47,613,28.88,95, 548, 89.40
SGBMR29XII, GB, 19-Jul-2021,4719.61,4710.0,4720.0,4703.01, 4710.00,4710.0,4711.42,455,21.44,32, 445, 97.80
SGBN28VIII, GB, 19-Jul-2021,4742.66,4711.26,4740.0,4701.0, 4731.00,4734.6,4726.28,205,9.69,55, 198, 96.59
SGBNOV23, GB, 19-Jul-2021,4850.0,4800.15,4800.35,4800.15, 4800.35,4800.35,4800.25,21,1.01,7, 21, 100.00
SGBNOV24, GB, 19-Jul-2021,4740.0,4735.0,4802.0,4734.0, 4790.00,4789.59,4768.4,562,26.8,46, 506, 90.04
SGBNOV258, GB, 19-Jul-2021,4700.0,4700.0,4700.0,4700.0, 4700.00,4700.0,4700.0,46,2.16,7, 46, 100.00
SGBNOV26, GB, 19-Jul-2021,4690.05,4661.05,4724.0,4661.0, 4724.00,4712.0,4695.08,39,1.83,9, 30, 76.92
SGBOC28VII, GB, 19-Jul-2021,4725.45,4715.0,4750.0,4711.11, 4725.00,4725.0,4714.54,85,4.01,20, 81, 95.29
SGBOCT25, GB, 19-Jul-2021,4739.9,4739.9,4739.9,4724.0, 4724.50,4724.5,4724.82,246,11.62,19, 246, 100.00
SGBOCT25V, GB, 19-Jul-2021,4702.01,4702.05,4750.0,4702.05, 4750.00,4750.0,4710.04,18,0.85,2, 15, 83.33
SGBOCT27VI, GB, 19-Jul-2021,4712.0,4712.0,4749.0,4690.0, 4690.00,4690.0,4699.23,43,2.02,10, 43, 100.00
SGBSEP24, GB, 19-Jul-2021,4730.0,4760.0,4879.0,4750.0, 4757.00,4757.0,4773.9,392,18.71,26, 372, 94.90
SGBSEP27, GB, 19-Jul-2021,4744.0,4750.0,4750.0,4661.0, 4703.00,4703.0,4709.29,59,2.78,11, 53, 89.83
SGBSEP28VI, GB, 19-Jul-2021,4785.29,4705.5,4784.0,4705.5, 4751.01,4752.5,4749.54,236,11.21,44, 204, 86.44
SGL, EQ, 19-Jul-2021,14.95,15.2,15.2,14.7, 14.70,14.75,14.91,92468,13.79,359, 54967, 59.44
SHAHALLOYS, BE, 19-Jul-2021,14.2,14.15,14.2,14.15, 14.20,14.2,14.2,706,0.1,8, -, -
SHAKTIPUMP, EQ, 19-Jul-2021,850.0,843.0,876.0,840.0, 862.00,859.8,860.25,273674,2354.29,13273, 128081, 46.80
SHALBY, EQ, 19-Jul-2021,191.15,187.15,201.0,187.15, 194.00,196.35,194.47,327748,637.37,6929, 105018, 32.04
SHALPAINTS, EQ, 19-Jul-2021,112.7,111.0,114.35,111.0, 111.90,111.4,112.1,238781,267.68,3618, 101541, 42.52
SHANKARA, EQ, 19-Jul-2021,527.5,521.0,569.3,521.0, 538.50,538.9,549.93,825307,4538.64,29075, 166610, 20.19
SHANTIGEAR, EQ, 19-Jul-2021,148.7,145.2,150.7,145.2, 148.85,148.8,148.83,36689,54.6,1254, 26554, 72.38
SHARDACROP, EQ, 19-Jul-2021,359.6,363.0,363.0,355.4, 356.00,356.8,358.96,82125,294.8,4736, 52069, 63.40
SHARDAMOTR, BE, 19-Jul-2021,628.55,628.0,635.0,603.1, 615.00,615.25,614.94,16343,100.5,764, -, -
SHAREINDIA, EQ, 19-Jul-2021,538.15,543.0,546.1,507.0, 524.95,520.65,532.62,240468,1280.77,11480, 133238, 55.41
SHARIABEES, EQ, 19-Jul-2021,406.11,411.96,414.25,401.99, 404.72,404.69,403.56,550,2.22,56, 288, 52.36
SHEMAROO, BE, 19-Jul-2021,143.35,136.2,142.4,136.2, 140.00,136.65,137.99,224148,309.3,1876, -, -
SHIL, BE, 19-Jul-2021,396.6,399.4,399.4,376.8, 376.80,376.8,383.74,37857,145.27,830, -, -
SHILPAMED, EQ, 19-Jul-2021,605.05,605.05,640.0,594.65, 638.00,628.3,618.33,1097190,6784.29,24726, 428362, 39.04
SHIRPUR-G, BZ, 19-Jul-2021,6.2,6.5,6.5,6.2, 6.30,6.3,6.4,9491,0.61,52, -, -
SHIVAMAUTO, BE, 19-Jul-2021,26.7,26.5,28.0,26.05, 27.00,26.65,27.38,156225,42.78,794, -, -
SHIVAMILLS, EQ, 19-Jul-2021,90.8,92.0,92.95,88.45, 90.60,90.4,90.98,25327,23.04,917, 7546, 29.79
SHIVATEX, EQ, 19-Jul-2021,189.35,190.0,198.5,186.65, 197.90,197.2,195.13,32625,63.66,953, 22332, 68.45
SHK, EQ, 19-Jul-2021,167.95,165.55,171.0,165.55, 169.25,169.3,168.82,214092,361.43,4097, 125481, 58.61
SHOPERSTOP, EQ, 19-Jul-2021,247.2,244.8,254.0,242.85, 252.90,251.6,249.1,231745,577.28,5675, 94116, 40.61
SHRADHA, EQ, 19-Jul-2021,57.35,59.7,59.7,53.7, 57.40,56.35,56.89,7433,4.23,365, 2114, 28.44
SHREDIGCEM, EQ, 19-Jul-2021,87.45,86.0,89.9,86.0, 87.70,87.75,88.3,498902,440.51,4979, 210540, 42.20
SHREECEM, EQ, 19-Jul-2021,28096.15,28050.0,28108.1,27817.1, 28099.95,27996.85,27969.05,24450,6838.43,8876, 10904, 44.60
SHREEPUSHK, EQ, 19-Jul-2021,180.9,180.8,186.0,180.25, 185.00,184.55,183.38,142110,260.61,5287, 63459, 44.65
SHREERAMA, EQ, 19-Jul-2021,12.5,12.7,13.1,12.3, 13.10,12.9,12.72,86702,11.03,497, 62388, 71.96
SHRENIK, BE, 19-Jul-2021,2.1,2.1,2.1,2.05, 2.10,2.1,2.07,1131749,23.4,877, -, -
SHREYANIND, EQ, 19-Jul-2021,116.1,113.35,118.45,113.05, 114.20,113.95,115.09,55799,64.22,2238, 32272, 57.84
SHREYAS, EQ, 19-Jul-2021,197.95,194.45,207.8,189.55, 207.80,207.8,206.11,214809,442.73,3017, 131735, 61.33
SHRIPISTON, BE, 19-Jul-2021,917.95,898.0,900.0,878.0, 898.00,898.0,894.18,4562,40.79,68, -, -
SHRIRAMCIT, EQ, 19-Jul-2021,1764.1,1799.0,1806.55,1756.3, 1772.65,1764.95,1779.13,8930,158.88,2378, 4745, 53.14
SHRIRAMEPC, EQ, 19-Jul-2021,5.3,5.3,5.55,5.05, 5.45,5.45,5.31,2804054,148.89,1632, 1643094, 58.60
SHUBHLAXMI, SM, 19-Jul-2021,13.05,13.05,13.05,12.4, 12.40,12.5,12.54,29000,3.64,24, 26000, 89.66
SHYAMCENT, EQ, 19-Jul-2021,15.4,16.6,16.9,16.1, 16.90,16.9,16.75,1033681,173.16,1689, 753689, 72.91
SHYAMMETL, EQ, 19-Jul-2021,413.3,414.85,435.3,413.0, 434.90,430.2,425.16,3215214,13669.84,49077, 1355932, 42.17
SHYAMTEL, BE, 19-Jul-2021,15.6,14.85,14.85,14.85, 14.85,14.85,14.85,1500,0.22,4, -, -
SICAGEN, BE, 19-Jul-2021,24.4,24.2,25.25,24.1, 24.80,24.7,24.87,15061,3.75,94, -, -
SICAL, EQ, 19-Jul-2021,14.2,14.25,14.9,13.55, 14.90,14.9,14.4,1329167,191.41,1836, 705671, 53.09
SIDDHIKA, SM, 19-Jul-2021,63.2,61.0,61.0,61.0, 61.00,61.0,61.0,2000,1.22,1, 2000, 100.00
SIEMENS, EQ, 19-Jul-2021,2013.3,2008.6,2008.6,1967.1, 1973.00,1973.35,1984.94,331691,6583.88,21179, 150708, 45.44
SIGIND, EQ, 19-Jul-2021,51.6,52.25,52.85,50.95, 51.80,51.5,51.95,37323,19.39,872, 14439, 38.69
SIGMA, SM, 19-Jul-2021,173.0,181.65,181.65,181.65, 181.65,181.65,181.65,3000,5.45,1, 3000, 100.00
SIL, BE, 19-Jul-2021,17.3,17.55,17.6,16.75, 16.95,17.15,17.16,20451,3.51,61, -, -
SILGO, EQ, 19-Jul-2021,44.45,43.05,43.8,42.1, 42.90,42.65,42.76,198599,84.92,481, 182847, 92.07
SILINV, EQ, 19-Jul-2021,326.05,312.55,355.3,312.55, 341.00,340.7,345.19,44358,153.12,2594, 19882, 44.82
SILLYMONKS, BE, 19-Jul-2021,21.7,22.35,22.7,20.75, 20.85,20.85,21.37,1397,0.3,15, -, -
SILVERTUC, SM, 19-Jul-2021,88.25,88.0,98.9,86.0, 90.00,90.0,92.96,35000,32.53,25, 29000, 82.86
SIMBHALS, BE, 19-Jul-2021,36.75,34.95,38.55,34.95, 38.00,38.45,36.94,340586,125.8,1057, -, -
SIMPLEXINF, EQ, 19-Jul-2021,50.65,50.9,52.0,49.35, 51.55,51.45,51.14,220255,112.63,1528, 178132, 80.88
SINTERCOM, EQ, 19-Jul-2021,79.2,79.2,79.2,77.15, 79.00,78.45,78.27,21673,16.96,192, 16914, 78.04
SINTEX, BE, 19-Jul-2021,4.8,4.85,4.85,4.65, 4.80,4.7,4.75,1501225,71.29,1664, -, -
SIRCA, EQ, 19-Jul-2021,344.5,345.75,358.8,344.95, 348.00,348.75,352.57,145740,513.83,3769, 83285, 57.15
SIS, EQ, 19-Jul-2021,507.1,500.0,515.0,495.5, 501.00,504.2,503.66,412739,2078.8,16307, 135756, 32.89
SITINET, BE, 19-Jul-2021,1.5,1.45,1.55,1.45, 1.55,1.55,1.49,3882353,57.8,1323, -, -
SIYSIL, EQ, 19-Jul-2021,410.45,410.45,425.0,410.45, 422.00,417.6,419.72,166903,700.53,5972, 65059, 38.98
SJVN, EQ, 19-Jul-2021,27.95,27.9,28.15,27.6, 27.75,27.7,27.79,2095107,582.22,8065, 1294113, 61.77
SKFINDIA, EQ, 19-Jul-2021,2569.05,2563.0,2594.5,2525.0, 2584.00,2560.25,2550.85,29806,760.31,7006, 21581, 72.40
SKIL, BE, 19-Jul-2021,3.65,3.5,3.8,3.5, 3.50,3.5,3.61,499271,18.03,265, -, -
SKIPPER, EQ, 19-Jul-2021,87.8,87.0,95.55,87.0, 92.25,92.35,92.51,2620432,2424.1,25722, 986862, 37.66
SKMEGGPROD, EQ, 19-Jul-2021,90.0,89.5,91.4,88.1, 89.85,89.6,89.88,176178,158.35,4098, 73471, 41.70
SMARTLINK, EQ, 19-Jul-2021,126.45,125.7,128.45,123.1, 125.05,124.95,126.18,72181,91.08,3491, 32506, 45.03
SMCGLOBAL, EQ, 19-Jul-2021,99.7,99.0,104.75,98.45, 102.40,101.35,102.38,3592603,3677.93,24364, 1772806, 49.35
SMLISUZU, EQ, 19-Jul-2021,605.3,596.0,608.6,588.0, 591.00,590.2,595.87,97683,582.07,4398, 34357, 35.17
SMSLIFE, EQ, 19-Jul-2021,751.05,748.0,748.0,721.9, 727.00,730.95,731.02,15350,112.21,1355, 9765, 63.62
SMSPHARMA, EQ, 19-Jul-2021,182.15,180.15,191.6,180.15, 191.00,189.8,188.02,938079,1763.8,16665, 331987, 35.39
SNOWMAN, EQ, 19-Jul-2021,53.0,52.0,52.9,51.3, 51.95,51.85,52.13,2584638,1347.5,10453, 1142676, 44.21
SOBHA, EQ, 19-Jul-2021,658.3,645.0,656.0,615.35, 620.75,620.65,634.47,889248,5641.97,32570, 358394, 40.30
SOLARA, EQ, 19-Jul-2021,1666.85,1650.0,1683.85,1650.0, 1670.00,1668.25,1667.41,34938,582.56,4394, 23786, 68.08
SOLARINDS, EQ, 19-Jul-2021,1630.5,1600.0,1620.0,1570.3, 1597.00,1601.8,1596.33,56066,895.0,8678, 26033, 46.43
SOLEX, SM, 19-Jul-2021,53.4,56.05,56.05,56.05, 56.05,56.05,56.05,2000,1.12,1, 2000, 100.00
SOMANYCERA, BE, 19-Jul-2021,673.6,680.0,700.0,680.0, 694.55,694.65,692.68,68967,477.72,2683, -, -
SOMATEX, BE, 19-Jul-2021,7.1,6.85,7.1,6.85, 6.95,6.95,6.94,9054,0.63,24, -, -
SOMICONVEY, EQ, 19-Jul-2021,60.65,58.1,61.7,58.1, 59.70,59.55,59.7,16467,9.83,394, 9460, 57.45
SONACOMS, EQ, 19-Jul-2021,401.5,399.5,404.95,388.0, 396.50,393.8,395.73,1220437,4829.59,33038, 556171, 45.57
SONAMCLOCK, SM, 19-Jul-2021,57.55,57.95,57.95,57.0, 57.90,57.9,57.62,9000,5.19,3, 0, 0.00
SONATSOFTW, EQ, 19-Jul-2021,782.05,782.0,795.0,771.05, 790.10,791.15,788.77,138314,1090.98,9486, 97712, 70.65
SORILINFRA, EQ, 19-Jul-2021,141.45,141.0,144.0,139.0, 141.80,140.8,140.99,41091,57.93,1152, 21034, 51.19
SOTL, EQ, 19-Jul-2021,1495.4,1476.3,1495.0,1465.1, 1484.00,1482.5,1478.01,43147,637.72,4459, 24581, 56.97
SOUTHBANK, EQ, 19-Jul-2021,12.45,12.4,12.65,12.3, 12.35,12.35,12.43,13595638,1689.6,30609, 5882129, 43.26
SOUTHWEST, EQ, 19-Jul-2021,53.05,53.5,56.85,52.0, 54.35,54.3,54.44,199827,108.79,1530, 125865, 62.99
SPAL, EQ, 19-Jul-2021,305.45,302.9,320.0,295.95, 306.90,305.65,310.41,186353,578.46,4978, 97082, 52.10
SPANDANA, EQ, 19-Jul-2021,688.35,694.8,695.0,674.0, 681.00,676.9,685.48,73389,503.07,4401, 40874, 55.69
SPARC, EQ, 19-Jul-2021,247.55,244.5,247.85,242.0, 246.25,245.3,244.76,827831,2026.2,19116, 309164, 37.35
SPCENET, BE, 19-Jul-2021,1.9,1.95,1.95,1.95, 1.95,1.95,1.95,3200,0.06,5, -, -
SPECIALITY, EQ, 19-Jul-2021,72.1,70.7,72.5,68.1, 69.30,69.1,69.91,264783,185.11,3663, 158031, 59.68
SPENCERS, EQ, 19-Jul-2021,98.35,96.0,98.05,93.1, 93.80,93.55,95.39,1495522,1426.58,11546, 694091, 46.41
SPENTEX, BZ, 19-Jul-2021,1.2,1.25,1.25,1.25, 1.25,1.25,1.25,28651,0.36,7, -, -
SPIC, EQ, 19-Jul-2021,66.35,65.35,66.7,64.0, 64.65,64.5,65.02,1692022,1100.22,8338, 906489, 53.57
SPICEJET, EQ, 19-Jul-2021,78.7,78.45,78.7,77.1, 77.70,77.55,77.88,2958688,2304.34,19710, 1481521, 50.07
SPLIL, EQ, 19-Jul-2021,50.85,50.6,52.45,50.5, 51.20,51.4,51.61,119075,61.46,1585, 73100, 61.39
SPMLINFRA, BE, 19-Jul-2021,11.85,11.85,11.95,11.4, 11.65,11.65,11.53,5733,0.66,45, -, -
SPTL, BE, 19-Jul-2021,5.9,5.65,6.15,5.65, 6.15,6.05,5.88,1517308,89.19,1499, -, -
SPYL, BE, 19-Jul-2021,0.7,0.7,0.7,0.7, 0.70,0.7,0.7,1263871,8.85,59, -, -
SREEL, EQ, 19-Jul-2021,189.35,188.0,192.35,185.0, 190.00,189.6,189.78,11105,21.08,332, 7726, 69.57
SREIBNPNCD, NJ, 19-Jul-2021,370.0,370.0,370.0,362.0, 370.00,370.0,369.36,368,1.36,13, 368, 100.00
SREIBNPNCD, NO, 19-Jul-2021,322.0,310.0,328.99,266.0, 328.99,328.99,278.3,638,1.78,22, 500, 78.37
SREIBNPNCD, NU, 19-Jul-2021,350.0,312.0,312.0,312.0, 312.00,312.0,312.0,6,0.02,2, 6, 100.00
SREIBNPNCD, NY, 19-Jul-2021,385.0,450.0,450.0,450.0, 450.00,450.0,450.0,10,0.05,1, 10, 100.00
SREIBNPNCD, Y1, 19-Jul-2021,380.0,380.0,380.0,380.0, 380.00,380.0,380.0,110,0.42,5, 110, 100.00
SREIBNPNCD, Y2, 19-Jul-2021,380.0,380.0,380.0,380.0, 380.00,380.0,380.0,50,0.19,1, 50, 100.00
SREINFRA, EQ, 19-Jul-2021,12.9,12.6,12.85,12.6, 12.70,12.65,12.68,1594939,202.25,2792, 978971, 61.38
SRF, EQ, 19-Jul-2021,7761.85,7749.8,7874.85,7656.45, 7860.00,7844.3,7784.18,138363,10770.43,23520, 32490, 23.48
SRHHYPOLTD, EQ, 19-Jul-2021,337.45,330.5,339.8,317.95, 323.25,323.0,326.72,46078,150.54,2552, 30521, 66.24
SRIPIPES, EQ, 19-Jul-2021,222.55,220.05,224.8,216.25, 218.60,218.65,220.9,150310,332.03,6193, 61075, 40.63
SRPL, BE, 19-Jul-2021,38.9,38.0,39.4,37.0, 37.75,37.75,37.99,1406,0.53,33, -, -
SRTRANSFIN, EQ, 19-Jul-2021,1449.35,1425.0,1440.0,1381.9, 1394.90,1389.85,1402.56,1704670,23909.05,49112, 737137, 43.24
SRTRANSFIN, YI, 19-Jul-2021,1093.04,1089.0,1089.0,1065.0, 1065.00,1065.0,1067.19,11,0.12,4, 10, 90.91
SRTRANSFIN, YK, 19-Jul-2021,1036.1,1040.0,1042.0,1040.0, 1042.00,1042.0,1041.38,160,1.67,7, 160, 100.00
SRTRANSFIN, YL, 19-Jul-2021,1074.0,1074.0,1074.0,1074.0, 1074.00,1074.0,1074.0,100,1.07,8, 100, 100.00
SRTRANSFIN, YN, 19-Jul-2021,1340.02,1540.5,1540.5,1340.21, 1340.21,1340.21,1532.61,127,1.95,7, 122, 96.06
SRTRANSFIN, YO, 19-Jul-2021,1032.0,1043.9,1043.9,1043.9, 1043.90,1043.9,1043.9,10,0.1,1, 10, 100.00
SRTRANSFIN, YQ, 19-Jul-2021,1065.1,1066.0,1070.0,1066.0, 1070.00,1070.0,1069.31,58,0.62,3, 58, 100.00
SRTRANSFIN, YR, 19-Jul-2021,1099.99,1100.0,1100.0,1100.0, 1100.00,1100.0,1100.0,10,0.11,1, 10, 100.00
SRTRANSFIN, YS, 19-Jul-2021,1160.0,1152.0,1152.0,1105.0, 1152.00,1152.0,1134.92,89,1.01,8, 89, 100.00
SRTRANSFIN, YT, 19-Jul-2021,1279.99,1279.0,1279.0,1279.0, ,1279.0,1279.0,25,0.32,2, 25, 100.00
SRTRANSFIN, YU, 19-Jul-2021,1344.0,1344.0,1344.0,1344.0, 1344.00,1344.0,1344.0,50,0.67,1, 50, 100.00
SRTRANSFIN, YV, 19-Jul-2021,1053.1,1059.0,1233.0,1055.0, 1056.00,1056.0,1075.65,714,7.68,13, 619, 86.69
SRTRANSFIN, YW, 19-Jul-2021,1100.0,1100.0,1100.0,1100.0, 1100.00,1100.0,1100.0,110,1.21,4, 110, 100.00
SRTRANSFIN, YZ, 19-Jul-2021,1120.0,1121.0,1121.0,1120.0, 1120.00,1120.0,1120.17,60,0.67,4, 60, 100.00
SRTRANSFIN, Z1, 19-Jul-2021,1260.0,1259.75,1259.99,1255.0, 1255.00,1255.0,1257.19,275,3.46,6, 275, 100.00
SRTRANSFIN, Z2, 19-Jul-2021,1285.0,1411.75,1411.75,1411.75, 1411.75,1411.75,1411.75,1,0.01,1, 1, 100.00
SRTRANSFIN, Z6, 19-Jul-2021,1082.6,1080.01,1080.01,1063.1, 1063.10,1073.24,1073.25,200,2.15,3, 200, 100.00
SRTRANSFIN, Z7, 19-Jul-2021,1095.06,1100.0,1100.0,1100.0, 1100.00,1100.0,1100.0,4,0.04,1, 4, 100.00
SRTRANSFIN, Z8, 19-Jul-2021,1121.0,1130.0,1130.0,1123.01, 1123.01,1123.01,1127.83,29,0.33,2, 29, 100.00
SRTRANSFIN, Z9, 19-Jul-2021,1140.25,1147.95,1155.0,1147.95, 1155.00,1155.0,1151.74,54,0.62,2, 54, 100.00
SRTRANSFIN, ZG, 19-Jul-2021,1047.0,1038.0,1038.0,1038.0, 1038.00,1038.0,1038.0,5,0.05,1, 5, 100.00
SSINFRA, SM, 19-Jul-2021,9.5,9.05,9.4,9.05, 9.40,9.4,9.28,9000,0.84,2, 9000, 100.00
SSWL, EQ, 19-Jul-2021,1212.55,1216.85,1295.75,1216.0, 1272.00,1271.5,1262.22,84221,1063.06,7878, 29480, 35.00
STAMPEDE, BE, 19-Jul-2021,0.8,0.75,0.8,0.75, 0.75,0.75,0.75,828394,6.24,46, -, -
STAR, EQ, 19-Jul-2021,789.75,783.2,792.45,778.6, 783.00,785.0,785.09,173336,1360.84,6767, 61536, 35.50
STARCEMENT, EQ, 19-Jul-2021,108.5,108.0,113.1,108.0, 111.80,112.2,111.73,853385,953.46,8696, 323196, 37.87
STARPAPER, EQ, 19-Jul-2021,160.9,158.6,163.5,157.2, 162.35,160.45,160.02,169236,270.81,3704, 71086, 42.00
STCINDIA, EQ, 19-Jul-2021,113.8,112.8,115.65,111.65, 112.90,112.8,113.83,84947,96.7,4047, 24702, 29.08
STEELCITY, EQ, 19-Jul-2021,69.2,78.05,83.0,72.0, 83.00,83.0,80.4,1406480,1130.78,11853, 687938, 48.91
STEELXIND, EQ, 19-Jul-2021,69.55,69.5,69.65,68.05, 68.25,68.5,68.73,133490,91.74,1513, 89672, 67.18
STEL, EQ, 19-Jul-2021,109.15,107.6,116.5,107.6, 114.55,114.15,114.25,93858,107.24,1630, 57787, 61.57
STERTOOLS, EQ, 19-Jul-2021,202.25,201.9,208.0,200.25, 203.30,203.35,204.22,125935,257.18,3741, 73550, 58.40
STLTECH, EQ, 19-Jul-2021,300.4,298.4,301.65,296.5, 299.40,299.45,299.4,404718,1211.72,8288, 199235, 49.23
STOVEKRAFT, EQ, 19-Jul-2021,753.15,748.95,753.0,730.0, 731.00,731.8,740.81,463757,3435.55,20437, 82397, 17.77
SUBCAPCITY, BE, 19-Jul-2021,23.85,25.0,25.0,24.0, 24.00,24.0,24.04,298,0.07,8, -, -
SUBEXLTD, EQ, 19-Jul-2021,68.7,68.4,69.7,66.7, 67.50,67.7,68.31,10772813,7358.61,37450, 4430064, 41.12
SUBROS, EQ, 19-Jul-2021,333.1,334.0,334.0,321.9, 321.90,324.6,327.24,45791,149.85,2585, 25864, 56.48
SUDARSCHEM, EQ, 19-Jul-2021,751.25,749.5,756.95,745.15, 746.70,749.5,750.81,102858,772.27,4711, 55623, 54.08
SUMEETINDS, BE, 19-Jul-2021,12.2,12.8,12.8,11.6, 11.60,11.6,11.83,1093946,129.36,1361, -, -
SUMICHEM, EQ, 19-Jul-2021,437.45,437.45,451.95,431.3, 436.00,436.2,441.7,689291,3044.63,15215, 218508, 31.70
SUMIT, EQ, 19-Jul-2021,18.45,17.1,21.8,17.1, 20.35,20.7,20.43,1544518,315.58,4464, 564886, 36.57
SUMMITSEC, EQ, 19-Jul-2021,657.8,656.0,665.0,647.8, 655.00,655.15,656.26,6018,39.49,545, 3278, 54.47
SUNCLAYLTD, EQ, 19-Jul-2021,3884.1,3874.4,4099.0,3821.5, 3890.00,3881.85,3965.04,43533,1726.1,8963, 10890, 25.02
SUNDARAM, BE, 19-Jul-2021,2.25,2.25,2.35,2.15, 2.35,2.35,2.31,479142,11.05,368, -, -
SUNDARMFIN, EQ, 19-Jul-2021,2652.7,2652.7,2660.0,2615.35, 2657.80,2643.4,2641.18,11356,299.93,3698, 5401, 47.56
SUNDARMHLD, EQ, 19-Jul-2021,80.45,79.0,83.25,77.75, 78.90,78.8,80.45,726886,584.81,6924, 374005, 51.45
SUNDRMBRAK, EQ, 19-Jul-2021,439.75,433.5,454.9,433.5, 437.00,437.6,441.83,8210,36.27,1111, 2752, 33.52
SUNDRMFAST, EQ, 19-Jul-2021,789.45,789.0,798.95,777.25, 781.80,780.9,784.35,33592,263.48,3205, 21497, 63.99
SUNFLAG, EQ, 19-Jul-2021,82.55,81.65,84.4,81.1, 82.25,82.2,82.75,719343,595.27,4679, 234967, 32.66
SUNPHARMA, EQ, 19-Jul-2021,688.6,678.05,691.5,678.05, 688.80,689.25,687.78,1940882,13349.07,33378, 675396, 34.80
SUNTECK, EQ, 19-Jul-2021,366.9,362.0,373.85,360.3, 364.10,367.3,368.02,1204788,4433.83,32514, 187436, 15.56
SUNTV, EQ, 19-Jul-2021,533.8,530.6,545.9,530.0, 537.00,538.85,540.0,1902493,10273.42,21898, 811425, 42.65
SUPERHOUSE, EQ, 19-Jul-2021,163.55,162.7,166.0,161.0, 163.70,163.0,163.66,36748,60.14,1169, 22088, 60.11
SUPERSPIN, BE, 19-Jul-2021,11.6,12.15,12.15,12.0, 12.05,12.1,12.15,143098,17.38,388, -, -
SUPPETRO, BE, 19-Jul-2021,749.15,757.5,757.5,750.0, 757.50,753.0,755.06,78368,591.73,1607, -, -
SUPRAJIT, EQ, 19-Jul-2021,316.65,309.9,316.6,308.2, 316.00,312.55,313.34,179006,560.9,6180, 86189, 48.15
SUPREMEENG, BE, 19-Jul-2021,34.6,34.0,35.0,33.35, 33.75,33.95,34.09,12225,4.17,71, -, -
SUPREMEIND, EQ, 19-Jul-2021,2129.05,2122.0,2128.8,2062.95, 2105.00,2108.95,2093.63,117361,2457.1,19622, 64866, 55.27
SUPREMEINF, BZ, 19-Jul-2021,19.45,20.4,20.4,20.4, 20.40,20.4,20.4,10985,2.24,20, -, -
SURANASOL, EQ, 19-Jul-2021,13.2,13.45,13.85,13.4, 13.85,13.85,13.7,259930,35.62,960, 195001, 75.02
SURANAT&P, EQ, 19-Jul-2021,7.05,7.25,7.4,7.0, 7.30,7.35,7.17,250218,17.94,633, 197357, 78.87
SURYALAXMI, BE, 19-Jul-2021,68.5,71.9,71.9,70.0, 71.90,71.9,71.87,29403,21.13,140, -, -
SURYAROSNI, EQ, 19-Jul-2021,537.15,533.0,543.0,528.95, 533.95,535.45,536.12,67808,363.54,7609, 22384, 33.01
SURYODAY, EQ, 19-Jul-2021,210.75,210.0,225.5,207.9, 215.85,216.15,217.73,584496,1272.6,15000, 144195, 24.67
SUTLEJTEX, EQ, 19-Jul-2021,74.5,77.5,81.2,74.1, 75.45,75.2,77.35,3302610,2554.46,25932, 1489233, 45.09
SUULD, EQ, 19-Jul-2021,518.6,544.5,544.5,517.0, 544.50,544.5,527.35,224793,1185.45,1933, 176886, 78.69
SUVEN, EQ, 19-Jul-2021,90.7,90.0,90.55,88.7, 89.00,88.85,89.53,305429,273.47,3078, 194013, 63.52
SUVENPHAR, EQ, 19-Jul-2021,464.65,464.9,468.85,457.05, 467.35,463.05,461.82,393087,1815.34,13522, 263236, 66.97
SUVIDHAA, EQ, 19-Jul-2021,25.15,25.0,26.0,24.9, 25.25,25.35,25.23,104359,26.33,583, 61858, 59.27
SUZLON, EQ, 19-Jul-2021,7.95,7.8,7.95,7.65, 7.75,7.7,7.78,41795050,3251.22,46833, 23630548, 56.54
SVPGLOB, EQ, 19-Jul-2021,109.8,106.6,113.0,106.0, 109.00,108.3,110.72,175021,193.78,1838, 117409, 67.08
SWANENERGY, EQ, 19-Jul-2021,141.9,140.9,149.5,140.15, 146.05,147.6,146.31,313385,458.52,7512, 85043, 27.14
SWARAJENG, EQ, 19-Jul-2021,1773.0,1765.0,1825.0,1756.15, 1765.00,1770.5,1798.84,121325,2182.44,9707, 35361, 29.15
SWELECTES, EQ, 19-Jul-2021,264.95,264.5,264.5,251.25, 252.10,255.1,256.61,44617,114.49,2659, 23403, 52.45
SWSOLAR, EQ, 19-Jul-2021,282.25,279.0,282.95,274.1, 275.00,275.3,277.91,841942,2339.86,12304, 340824, 40.48
SYMPHONY, EQ, 19-Jul-2021,1072.3,1071.0,1129.4,1065.0, 1084.05,1083.45,1101.19,488578,5380.16,29468, 159621, 32.67
SYNGENE, EQ, 19-Jul-2021,668.15,657.0,678.35,651.2, 675.85,670.0,663.48,878620,5829.48,24323, 282776, 32.18
TAINWALCHM, EQ, 19-Jul-2021,81.1,85.0,85.0,79.45, 84.50,83.95,82.88,31105,25.78,535, 20384, 65.53
TAJGVK, EQ, 19-Jul-2021,136.05,136.0,136.6,133.8, 135.25,135.4,134.67,201482,271.34,5723, 89541, 44.44
TAKE, EQ, 19-Jul-2021,64.95,64.45,64.6,63.0, 63.50,63.35,63.81,1302860,831.32,7351, 698618, 53.62
TALBROAUTO, EQ, 19-Jul-2021,314.35,314.35,326.35,314.0, 319.50,316.65,321.4,87976,282.75,5376, 43753, 49.73
TANLA, BE, 19-Jul-2021,927.55,925.0,944.0,909.0, 930.00,932.35,928.04,62802,582.83,2142, -, -
TANTIACONS, BZ, 19-Jul-2021,9.7,9.9,10.15,9.3, 10.00,9.55,9.69,28414,2.75,139, -, -
TARAPUR, BE, 19-Jul-2021,5.25,5.45,5.45,5.0, 5.35,5.35,5.29,40450,2.14,67, -, -
TARC, EQ, 19-Jul-2021,46.9,46.25,47.5,45.2, 45.80,45.65,46.43,1561767,725.15,7312, 711560, 45.56
TARMAT, EQ, 19-Jul-2021,78.35,83.1,93.3,80.65, 90.40,89.9,88.39,2055575,1816.94,27977, 503991, 24.52
TASTYBITE, EQ, 19-Jul-2021,18827.05,18848.8,19063.15,18700.0, 18972.00,18902.75,18856.99,2584,487.26,1436, 761, 29.45
TATACAPHSG, N2, 19-Jul-2021,1048.03,1048.03,1048.03,1045.0, 1045.00,1045.0,1045.96,654,6.84,46, 654, 100.00
TATACAPHSG, N4, 19-Jul-2021,1079.99,1080.0,1080.0,1080.0, 1080.00,1080.0,1080.0,1,0.01,1, 1, 100.00
TATACAPHSG, N8, 19-Jul-2021,1097.0,1090.0,1090.0,1090.0, 1090.00,1090.0,1090.0,10,0.11,1, 10, 100.00
TATACAPHSG, NA, 19-Jul-2021,1109.9,1109.9,1109.9,1105.0, 1105.00,1105.0,1106.47,50,0.55,4, 50, 100.00
TATACAPHSG, NB, 19-Jul-2021,1140.0,1140.0,1140.0,1100.0, 1130.00,1130.0,1120.3,132,1.48,4, 42, 31.82
TATACHEM, EQ, 19-Jul-2021,781.0,778.0,795.5,769.05, 779.80,779.65,782.25,2775607,21712.32,51791, 510659, 18.40
TATACOFFEE, EQ, 19-Jul-2021,190.25,190.4,191.4,187.5, 188.25,189.1,189.42,1419787,2689.41,12679, 390957, 27.54
TATACOMM, EQ, 19-Jul-2021,1361.15,1360.8,1399.75,1355.0, 1385.00,1385.45,1380.92,292128,4034.05,11440, 123576, 42.30
TATACONSUM, EQ, 19-Jul-2021,763.0,761.0,770.0,758.55, 766.20,765.55,766.1,1695546,12989.64,30712, 913898, 53.90
TATAELXSI, EQ, 19-Jul-2021,4302.65,4303.0,4347.35,4211.0, 4240.00,4223.35,4268.02,245690,10486.11,35913, 151183, 61.53
TATAINVEST, EQ, 19-Jul-2021,1164.6,1169.0,1175.7,1145.3, 1149.00,1150.6,1161.14,30455,353.62,3281, 15430, 50.66
TATAMETALI, EQ, 19-Jul-2021,1273.35,1258.0,1298.55,1257.35, 1270.70,1272.6,1276.21,473658,6044.89,20993, 133204, 28.12
TATAMOTORS, EQ, 19-Jul-2021,311.25,308.95,310.3,306.0, 309.10,308.85,308.28,21346348,65806.62,212078, 4775597, 22.37
TATAMTRDVR, EQ, 19-Jul-2021,144.65,143.9,144.45,140.6, 141.80,141.75,142.53,1673412,2385.04,19942, 1096712, 65.54
TATAPOWER, EQ, 19-Jul-2021,124.15,126.25,128.45,124.6, 125.65,125.8,126.84,65614163,83226.74,245089, 14516911, 22.12
TATASTEEL, EQ, 19-Jul-2021,1278.45,1259.0,1290.9,1253.7, 1264.05,1266.4,1274.28,8904629,113469.75,173387, 2163692, 24.30
TATASTLBSL, EQ, 19-Jul-2021,89.5,88.9,91.0,88.7, 89.05,89.0,89.64,2829414,2536.39,19152, 1518659, 53.67
TATASTLLP, BE, 19-Jul-2021,1105.55,1099.0,1144.0,1068.0, 1098.00,1101.2,1115.35,73782,822.93,3221, -, -
TBZ, EQ, 19-Jul-2021,81.5,81.25,82.6,80.15, 81.80,81.85,81.97,232347,190.45,2581, 145713, 62.71
TCFSL, NB, 19-Jul-2021,1070.5,1070.5,1074.5,1070.5, 1073.00,1073.03,1072.84,776,8.33,16, 504, 64.95
TCFSL, ND, 19-Jul-2021,1119.19,1115.1,1120.0,1115.09, 1120.00,1119.88,1117.64,549,6.14,22, 459, 83.61
TCFSL, NF, 19-Jul-2021,1205.0,1205.0,1205.0,1196.1, 1197.10,1197.1,1197.95,186,2.23,8, 125, 67.20
TCFSL, NH, 19-Jul-2021,1096.0,1096.0,1096.0,1086.5, 1090.50,1090.32,1089.82,1100,11.99,15, 1000, 90.91
TCFSL, NL, 19-Jul-2021,1154.2,1155.0,1155.0,1155.0, 1155.00,1155.0,1155.0,296,3.42,5, 296, 100.00
TCI, EQ, 19-Jul-2021,400.7,400.7,417.45,395.1, 411.75,411.65,403.13,1116813,4502.25,4668, 1062439, 95.13
TCIDEVELOP, EQ, 19-Jul-2021,387.8,395.6,395.6,378.0, 384.00,384.75,384.94,8225,31.66,360, 6884, 83.70
TCIEXP, EQ, 19-Jul-2021,1576.95,1584.9,1619.0,1570.85, 1593.00,1590.5,1597.89,92424,1476.83,8491, 40808, 44.15
TCNSBRANDS, EQ, 19-Jul-2021,595.25,595.25,596.4,587.0, 590.00,590.3,590.05,23664,139.63,1869, 11692, 49.41
TCPLPACK, EQ, 19-Jul-2021,528.55,528.55,539.75,514.0, 525.50,527.6,528.76,10574,55.91,1855, 6740, 63.74
TCS, EQ, 19-Jul-2021,3194.8,3180.0,3199.8,3176.0, 3184.90,3184.6,3185.26,1597058,50870.42,78047, 1033190, 64.69
TDPOWERSYS, EQ, 19-Jul-2021,211.55,211.0,211.35,201.4, 203.00,203.2,205.36,94683,194.45,2867, 57425, 60.65
TEAMLEASE, EQ, 19-Jul-2021,3856.95,3860.0,3945.5,3814.3, 3851.15,3884.5,3892.7,13020,506.83,4304, 5327, 40.91
TECHIN, BE, 19-Jul-2021,5.15,5.25,5.4,4.9, 5.20,5.2,5.18,11399,0.59,52, -, -
TECHM, EQ, 19-Jul-2021,1103.15,1088.0,1110.45,1086.1, 1096.00,1094.2,1097.79,1409001,15467.94,42229, 580540, 41.20
TECHNOE, EQ, 19-Jul-2021,310.65,312.95,312.95,305.0, 309.10,309.15,308.89,83647,258.38,4168, 57275, 68.47
TECHNOFAB, BZ, 19-Jul-2021,6.25,6.25,6.25,5.95, 6.20,6.2,5.98,12803,0.77,42, -, -
TEJASNET, BE, 19-Jul-2021,184.1,182.1,188.9,182.1, 185.25,186.05,185.34,97042,179.86,2671, -, -
TEMBO, BE, 19-Jul-2021,217.8,227.9,227.9,215.1, 222.50,223.05,221.81,28569,63.37,226, -, -
TERASOFT, EQ, 19-Jul-2021,78.95,78.0,84.75,75.1, 81.70,81.55,81.1,910618,738.55,13283, 373527, 41.02
TEXINFRA, EQ, 19-Jul-2021,66.2,65.5,67.25,65.15, 66.10,65.95,66.15,52430,34.68,617, 31262, 59.63
TEXMOPIPES, EQ, 19-Jul-2021,52.1,53.1,53.1,50.8, 51.75,51.45,51.79,205405,106.38,1858, 139788, 68.05
TEXRAIL, EQ, 19-Jul-2021,38.45,37.9,38.4,37.15, 37.60,37.5,37.73,982099,370.53,4229, 492056, 50.10
TFCILTD, EQ, 19-Jul-2021,76.4,76.5,81.75,75.4, 78.70,80.0,79.04,2188818,1730.03,14376, 402954, 18.41
TFL, BE, 19-Jul-2021,6.75,7.0,7.0,6.45, 6.45,6.45,6.66,17610,1.17,48, -, -
TGBHOTELS, BE, 19-Jul-2021,8.9,9.2,9.2,8.5, 8.95,8.7,8.82,16435,1.45,79, -, -
THANGAMAYL, EQ, 19-Jul-2021,835.95,831.0,835.0,824.9, 831.00,831.4,827.42,15893,131.5,1217, 12412, 78.10
THEINVEST, EQ, 19-Jul-2021,111.0,112.85,112.85,108.1, 108.50,108.85,109.23,17100,18.68,682, 5016, 29.33
THEJO, SM, 19-Jul-2021,2500.1,2524.0,2640.0,2524.0, 2600.00,2600.0,2554.91,1100,28.1,10, 1000, 90.91
THEMISMED, EQ, 19-Jul-2021,872.85,870.0,889.1,837.95, 874.95,870.0,865.18,36966,319.82,1997, 24444, 66.13
THERMAX, EQ, 19-Jul-2021,1427.45,1416.0,1428.65,1372.0, 1390.10,1394.55,1404.04,23761,333.61,2869, 12046, 50.70
THOMASCOOK, EQ, 19-Jul-2021,62.45,62.0,62.7,60.75, 60.95,61.05,61.58,681651,419.74,8001, 410833, 60.27
THOMASCOTT, BE, 19-Jul-2021,17.85,18.7,18.7,17.85, 18.70,18.7,18.7,7029,1.31,30, -, -
THYROCARE, EQ, 19-Jul-2021,1320.3,1319.0,1328.1,1311.2, 1315.00,1316.95,1318.87,158646,2092.34,5832, 84995, 53.58
TI, EQ, 19-Jul-2021,43.35,43.35,46.45,42.85, 45.00,44.6,45.05,813776,366.57,4087, 454998, 55.91
TIDEWATER, BE, 19-Jul-2021,15842.9,16100.0,16425.0,15900.0, 16425.00,16425.0,16369.53,5353,876.26,1552, -, -
TIIL, EQ, 19-Jul-2021,628.15,607.0,653.0,607.0, 627.30,629.65,633.51,70285,445.26,5199, 43124, 61.36
TIINDIA, EQ, 19-Jul-2021,1128.7,1127.1,1128.15,1101.05, 1105.00,1104.5,1104.16,676115,7465.42,6637, 653064, 96.59
TIJARIA, EQ, 19-Jul-2021,8.9,8.9,8.9,8.55, 8.60,8.75,8.74,20984,1.83,70, 17029, 81.15
TIL, BE, 19-Jul-2021,190.6,190.0,190.9,185.2, 190.00,190.5,187.57,6426,12.05,73, -, -
TIMESGTY, EQ, 19-Jul-2021,54.2,54.0,56.9,53.65, 56.90,56.9,56.09,16191,9.08,407, 11178, 69.04
TIMETECHNO, EQ, 19-Jul-2021,83.6,83.2,84.3,82.5, 83.80,83.75,83.7,372125,311.46,5652, 204759, 55.02
TIMKEN, EQ, 19-Jul-2021,1526.5,1525.0,1530.05,1498.0, 1499.55,1503.8,1515.18,25885,392.2,2900, 7245, 27.99
TINPLATE, EQ, 19-Jul-2021,249.05,247.9,249.65,241.35, 242.50,243.15,245.15,887882,2176.64,16507, 391593, 44.10
TIPSINDLTD, BE, 19-Jul-2021,1272.3,1289.9,1289.9,1210.0, 1245.00,1249.3,1232.17,9585,118.1,719, -, -
TIRUMALCHM, EQ, 19-Jul-2021,167.65,168.9,175.0,163.15, 173.85,174.1,171.52,3366572,5774.3,31856, 1106825, 32.88
TIRUPATIFL, BE, 19-Jul-2021,47.75,50.1,50.1,50.1, 50.10,50.1,50.1,3680,1.84,10, -, -
TITAN, EQ, 19-Jul-2021,1695.35,1694.35,1709.25,1674.9, 1680.10,1680.35,1690.84,831260,14055.27,39686, 372430, 44.80
TMRVL, BE, 19-Jul-2021,18.0,18.0,18.5,17.5, 18.45,18.15,18.19,50104,9.11,358, -, -
TNPETRO, EQ, 19-Jul-2021,121.85,121.6,124.95,120.0, 122.60,122.4,123.24,778817,959.82,10364, 443573, 56.95
TNPL, EQ, 19-Jul-2021,150.6,150.6,153.45,150.0, 151.45,150.85,151.52,149219,226.1,2745, 67808, 45.44
TNTELE, BE, 19-Jul-2021,11.35,11.9,11.9,10.8, 11.90,11.9,11.73,35764,4.2,155, -, -
TOKYOPLAST, EQ, 19-Jul-2021,110.95,109.0,117.8,109.0, 111.90,111.8,114.7,71582,82.11,1651, 33773, 47.18
TORNTPHARM, EQ, 19-Jul-2021,2990.75,2985.0,3003.5,2954.5, 2972.00,2969.2,2976.93,94987,2827.69,6457, 47906, 50.43
TORNTPOWER, EQ, 19-Jul-2021,480.5,476.0,482.7,474.0, 480.25,481.1,479.12,677467,3245.9,9923, 330353, 48.76
TOTAL, EQ, 19-Jul-2021,57.7,54.5,66.0,54.1, 64.50,64.7,60.88,942504,573.8,8003, 319576, 33.91
TOUCHWOOD, EQ, 19-Jul-2021,105.8,107.0,110.0,105.0, 108.90,108.3,108.52,33287,36.12,754, 24908, 74.83
TPLPLASTEH, EQ, 19-Jul-2021,260.35,256.9,280.0,253.2, 279.05,277.15,271.71,91318,248.12,2738, 33839, 37.06
TRANSWIND, SM, 19-Jul-2021,5.45,5.3,5.3,5.3, 5.30,5.3,5.3,4000,0.21,1, 4000, 100.00
TREEHOUSE, BE, 19-Jul-2021,10.8,11.05,11.1,10.55, 10.65,10.85,10.94,38771,4.24,103, -, -
TREJHARA, EQ, 19-Jul-2021,61.15,62.45,62.45,59.5, 60.00,60.1,60.35,38587,23.29,634, 21830, 56.57
TRENT, EQ, 19-Jul-2021,879.9,877.9,879.0,860.0, 874.00,870.0,868.74,759172,6595.21,22826, 321711, 42.38
TRF, BE, 19-Jul-2021,131.75,137.0,137.5,126.5, 130.00,129.75,130.32,10201,13.29,175, -, -
TRIDENT, EQ, 19-Jul-2021,17.7,17.55,18.05,17.5, 17.70,17.65,17.8,13924694,2479.02,24715, 6637724, 47.67
TRIGYN, EQ, 19-Jul-2021,148.95,151.95,163.55,145.25, 158.00,158.6,157.4,1211255,1906.55,17338, 574918, 47.46
TRIL, EQ, 19-Jul-2021,33.5,33.45,34.3,32.55, 33.65,33.35,33.48,330256,110.59,1819, 185016, 56.02
TRITURBINE, EQ, 19-Jul-2021,135.55,134.0,134.95,131.25, 132.35,131.7,132.72,261214,346.69,5303, 109661, 41.98
TRIVENI, EQ, 19-Jul-2021,191.1,190.0,198.95,188.9, 193.70,193.6,194.66,731644,1424.21,13099, 310759, 42.47
TTKHLTCARE, EQ, 19-Jul-2021,788.05,778.9,815.85,774.75, 812.00,808.65,803.62,132530,1065.04,11537, 68015, 51.32
TTKPRESTIG, EQ, 19-Jul-2021,9244.0,9250.0,9329.5,9110.0, 9190.00,9159.15,9207.81,2700,248.61,1366, 898, 33.26
TTL, BE, 19-Jul-2021,64.7,64.7,65.5,63.05, 65.05,65.45,64.96,21454,13.94,95, -, -
TTML, BE, 19-Jul-2021,43.9,43.4,45.8,41.75, 43.95,43.85,44.01,4135570,1820.03,21961, -, -
TV18BRDCST, EQ, 19-Jul-2021,41.95,41.5,42.0,41.05, 41.40,41.4,41.5,6564618,2724.53,11916, 2979035, 45.38
TVSELECT, EQ, 19-Jul-2021,196.85,195.9,199.0,193.0, 194.75,193.95,195.7,43126,84.4,1684, 29571, 68.57
TVSMOTOR, EQ, 19-Jul-2021,611.65,609.8,609.8,593.0, 602.80,601.4,600.14,2316952,13904.98,38934, 727528, 31.40
TVSSRICHAK, EQ, 19-Jul-2021,2224.35,2224.0,2250.0,2201.25, 2216.00,2222.9,2229.02,6736,150.15,1692, 3786, 56.21
TVTODAY, EQ, 19-Jul-2021,299.95,305.0,307.0,301.2, 305.35,305.4,304.07,160007,486.53,4200, 90542, 56.59
TVVISION, BE, 19-Jul-2021,2.0,2.1,2.1,2.1, 2.10,2.1,2.1,5353,0.11,4, -, -
TWL, EQ, 19-Jul-2021,73.7,72.7,73.35,71.05, 71.35,71.35,72.07,648273,467.22,5079, 339352, 52.35
UBL, EQ, 19-Jul-2021,1447.9,1439.95,1447.0,1412.6, 1420.00,1419.3,1429.39,184253,2633.69,8518, 48917, 26.55
UCALFUEL, EQ, 19-Jul-2021,161.85,158.1,163.95,158.05, 162.50,161.85,161.76,34451,55.73,1394, 21535, 62.51
UCL, SM, 19-Jul-2021,52.7,53.5,53.5,52.0, 52.00,52.0,52.75,4000,2.11,2, 2000, 50.00
UCOBANK, EQ, 19-Jul-2021,14.05,13.85,14.0,13.8, 13.85,13.85,13.86,4385689,607.88,15151, 2053185, 46.82
UFLEX, EQ, 19-Jul-2021,530.0,526.0,549.5,526.0, 528.95,529.5,539.48,622784,3359.78,16442, 242751, 38.98
UFO, EQ, 19-Jul-2021,106.3,104.8,110.75,103.6, 107.90,108.3,107.93,2131240,2300.21,20916, 780515, 36.62
UGARSUGAR, EQ, 19-Jul-2021,34.0,33.65,35.7,33.1, 35.70,35.7,35.04,1021987,358.11,3077, 369490, 36.15
UJAAS, BE, 19-Jul-2021,2.95,3.0,3.0,2.9, 2.95,2.95,2.94,850166,25.01,1071, -, -
UJJIVAN, EQ, 19-Jul-2021,242.1,237.0,241.55,235.6, 236.50,236.45,238.03,645013,1535.32,9548, 308660, 47.85
UJJIVANSFB, EQ, 19-Jul-2021,30.4,30.15,30.5,29.9, 30.10,30.05,30.16,4178406,1260.2,9597, 2082549, 49.84
ULTRACEMCO, EQ, 19-Jul-2021,7334.55,7304.8,7385.0,7245.0, 7335.00,7312.35,7311.64,365109,26695.46,41710, 168870, 46.25
UMANGDAIRY, EQ, 19-Jul-2021,84.0,82.75,83.55,81.8, 82.50,82.1,82.72,57641,47.68,1859, 35140, 60.96
UMESLTD, BE, 19-Jul-2021,4.5,4.65,4.7,4.4, 4.50,4.45,4.53,13829,0.63,55, -, -
UNICHEMLAB, EQ, 19-Jul-2021,336.6,333.8,345.0,331.95, 340.00,339.8,341.3,140598,479.87,4613, 60026, 42.69
UNIDT, EQ, 19-Jul-2021,331.5,328.0,364.0,328.0, 357.10,353.3,341.45,265616,906.94,3035, 214724, 80.84
UNIENTER, EQ, 19-Jul-2021,137.15,139.45,139.5,132.35, 133.35,134.2,134.92,20024,27.02,1013, 12674, 63.29
UNIONBANK, EQ, 19-Jul-2021,36.6,36.45,37.15,36.1, 37.05,37.0,36.68,11785792,4322.54,14601, 4805474, 40.77
UNITECH, BZ, 19-Jul-2021,2.0,1.9,2.1,1.9, 2.10,2.1,2.08,17651798,366.35,3109, -, -
UNITEDTEA, EQ, 19-Jul-2021,345.6,339.0,355.8,339.0, 344.55,350.05,346.7,3240,11.23,174, 2126, 65.62
UNIVASTU, EQ, 19-Jul-2021,53.35,54.9,54.9,51.7, 53.55,54.3,53.62,17670,9.48,394, 10753, 60.85
UNIVCABLES, EQ, 19-Jul-2021,194.85,191.55,198.0,191.55, 194.15,193.8,194.85,66484,129.54,2484, 29229, 43.96
UNIVPHOTO, EQ, 19-Jul-2021,298.95,313.5,313.5,296.0, 297.00,297.95,302.4,5761,17.42,422, 3343, 58.03
UPL, EQ, 19-Jul-2021,837.55,834.9,849.0,822.3, 835.95,833.25,832.68,4744590,39507.22,82872, 2089454, 44.04
URJA, EQ, 19-Jul-2021,7.6,7.65,7.65,7.45, 7.55,7.5,7.55,2661243,200.96,7713, 1670600, 62.78
URJAPP, X1, 19-Jul-2021,2.8,2.9,2.9,2.7, 2.85,2.8,2.79,27749,0.77,91, 20883, 75.26
USHAMART, EQ, 19-Jul-2021,55.95,55.95,60.4,55.35, 59.05,59.55,58.49,5592515,3271.02,17233, 2804942, 50.16
UTIAMC, EQ, 19-Jul-2021,879.15,855.95,907.15,855.95, 895.25,893.5,893.06,893103,7975.97,26345, 372647, 41.72
UTIBANKETF, EQ, 19-Jul-2021,35.92,35.98,36.0,35.03, 36.00,35.87,35.65,5526,1.97,191, 3408, 61.67
UTINEXT50, EQ, 19-Jul-2021,40.63,40.99,41.3,40.27, 40.57,40.76,40.98,45226,18.53,243, 35565, 78.64
UTINIFTETF, EQ, 19-Jul-2021,1670.0,1670.0,1670.0,1636.6, 1646.10,1647.8,1652.36,2075,34.29,85, 1930, 93.01
UTISENSETF, EQ, 19-Jul-2021,552.68,552.73,555.25,548.42, 551.25,550.94,551.93,1898,10.48,150, 1815, 95.63
UTISXN50, EQ, 19-Jul-2021,45.57,46.05,46.98,44.1, 44.73,44.81,45.32,1629,0.74,80, 1040, 63.84
UTTAMSTL, EQ, 19-Jul-2021,5.0,5.25,5.25,5.25, 5.25,5.25,5.25,920179,48.31,491, 920177, 100.00
UTTAMSUGAR, BE, 19-Jul-2021,214.75,210.0,225.45,204.05, 225.45,225.45,215.55,56441,121.66,1374, -, -
V2RETAIL, EQ, 19-Jul-2021,129.25,128.0,129.7,125.0, 128.05,127.75,128.03,38449,49.23,830, 26069, 67.80
VADILALIND, EQ, 19-Jul-2021,1026.7,1024.0,1095.0,1006.7, 1075.00,1064.0,1068.31,73826,788.69,6364, 39812, 53.93
VAIBHAVGBL, EQ, 19-Jul-2021,794.8,779.0,792.1,775.1, 782.00,777.9,780.54,250595,1955.99,23179, 135290, 53.99
VAISHALI, EQ, 19-Jul-2021,42.05,42.1,43.4,41.55, 41.70,41.85,42.16,47422,19.99,494, 35984, 75.88
VAKRANGEE, EQ, 19-Jul-2021,37.7,37.5,38.2,36.95, 37.15,37.1,37.41,2967738,1110.2,13260, 2288124, 77.10
VALIANTORG, EQ, 19-Jul-2021,1435.85,1437.25,1459.5,1435.0, 1457.80,1453.85,1452.73,16456,239.06,1758, 11506, 69.92
VARDHACRLC, EQ, 19-Jul-2021,62.15,61.6,66.2,61.1, 62.50,62.05,62.86,449519,282.57,4269, 230184, 51.21
VARDMNPOLY, EQ, 19-Jul-2021,23.85,24.35,26.2,23.9, 26.20,26.2,25.91,314216,81.4,1250, 230333, 73.30
VARROC, EQ, 19-Jul-2021,351.25,351.05,355.8,347.2, 350.00,350.2,351.91,137730,484.69,5639, 71684, 52.05
VASCONEQ, EQ, 19-Jul-2021,22.45,22.2,23.55,22.05, 22.90,22.9,22.81,1372711,313.08,2614, 994330, 72.44
VASWANI, EQ, 19-Jul-2021,14.55,14.75,14.75,14.25, 14.45,14.65,14.52,47194,6.85,245, 38520, 81.62
VBL, EQ, 19-Jul-2021,797.7,790.0,792.0,765.0, 777.00,776.2,779.42,201787,1572.77,13840, 126715, 62.80
VCL, SM, 19-Jul-2021,36.0,36.5,37.5,36.5, 37.50,37.5,36.93,18000,6.65,6, 9000, 50.00
VEDL, EQ, 19-Jul-2021,272.5,269.5,271.15,263.1, 265.45,264.9,267.33,5379470,14380.74,36534, 1856168, 34.50
VENKEYS, EQ, 19-Jul-2021,3423.6,3395.0,3520.0,3390.0, 3420.00,3431.35,3447.94,65583,2261.27,7849, 16338, 24.91
VENUSREM, EQ, 19-Jul-2021,457.55,453.0,476.6,443.05, 461.10,461.5,463.8,107490,498.53,5156, 28662, 26.66
VERTOZ, EQ, 19-Jul-2021,151.95,153.9,155.9,150.0, 150.15,151.0,152.38,382139,582.32,4843, 105584, 27.63
VESUVIUS, EQ, 19-Jul-2021,1175.3,1186.0,1186.0,1160.95, 1177.00,1175.2,1174.14,11791,138.44,1858, 8851, 75.07
VETO, EQ, 19-Jul-2021,148.9,148.65,148.65,129.55, 137.80,137.0,138.38,790674,1094.14,12701, 368190, 46.57
VGUARD, EQ, 19-Jul-2021,258.9,262.85,265.4,255.2, 256.85,256.1,259.28,1982942,5141.42,22381, 1443345, 72.79
VHL, EQ, 19-Jul-2021,3240.75,3240.0,3297.0,3105.0, 3256.00,3255.05,3219.71,1903,61.27,577, 924, 48.55
VICEROY, BZ, 19-Jul-2021,3.95,4.0,4.0,3.8, 3.85,3.95,3.95,24514,0.97,48, -, -
VIDHIING, EQ, 19-Jul-2021,257.7,254.0,277.0,251.05, 268.15,266.75,266.1,140842,374.78,3828, 71033, 50.43
VIJIFIN, BE, 19-Jul-2021,1.45,1.5,1.5,1.5, 1.50,1.5,1.5,169205,2.54,135, -, -
VIKASECO, BE, 19-Jul-2021,1.85,1.8,1.9,1.8, 1.90,1.9,1.83,18236955,333.74,1805, -, -
VIKASLIFE, EQ, 19-Jul-2021,3.8,3.95,3.95,3.85, 3.95,3.95,3.94,16247879,640.22,4688, 9521243, 58.60
VIKASPROP, EQ, 19-Jul-2021,2.65,2.6,2.7,2.6, 2.65,2.65,2.62,1433688,37.6,2140, 998812, 69.67
VIKASWSP, EQ, 19-Jul-2021,5.9,5.9,6.0,5.7, 5.85,5.85,5.89,502683,29.6,553, 355562, 70.73
VIMTALABS, EQ, 19-Jul-2021,304.0,303.5,309.0,299.25, 300.00,301.15,303.71,98010,297.66,3952, 40339, 41.16
VINATIORGA, EQ, 19-Jul-2021,1910.15,1905.0,1993.5,1905.0, 1982.00,1977.35,1969.23,171400,3375.25,14894, 56676, 33.07
VINDHYATEL, EQ, 19-Jul-2021,1339.3,1342.95,1410.0,1332.9, 1380.00,1379.75,1388.35,74625,1036.06,8701, 21765, 29.17
VINEETLAB, EQ, 19-Jul-2021,102.2,102.0,107.3,100.3, 107.30,107.3,105.8,100192,106.0,775, 56440, 56.33
VINYLINDIA, EQ, 19-Jul-2021,160.0,158.0,165.7,158.0, 160.75,161.1,162.47,190921,310.19,4748, 83843, 43.92
VIPCLOTHNG, EQ, 19-Jul-2021,20.1,21.1,21.1,20.6, 21.10,21.05,21.07,2556947,538.79,4204, 2082536, 81.45
VIPIND, EQ, 19-Jul-2021,406.95,406.0,414.6,400.0, 404.00,402.35,407.7,262693,1070.99,9254, 79116, 30.12
VIPULLTD, BE, 19-Jul-2021,34.85,36.35,36.55,33.15, 36.25,36.45,35.37,84858,30.01,232, -, -
VISAKAIND, EQ, 19-Jul-2021,762.35,762.7,778.0,747.25, 770.00,769.3,769.08,49945,384.12,3970, 28014, 56.09
VISASTEEL, BE, 19-Jul-2021,10.0,10.2,10.2,9.8, 10.05,9.9,9.99,18718,1.87,133, -, -
VISESHINFO, BE, 19-Jul-2021,0.2,0.2,0.25,0.2, 0.25,0.2,0.22,95590426,214.21,8307, -, -
VISHAL, EQ, 19-Jul-2021,95.75,97.0,99.5,93.95, 95.80,95.55,96.83,1027607,995.05,5125, 487233, 47.41
VISHNU, EQ, 19-Jul-2021,582.05,576.05,611.15,575.95, 611.15,611.15,600.83,15184,91.23,539, 12640, 83.25
VISHWARAJ, EQ, 19-Jul-2021,143.0,143.95,147.5,141.8, 146.60,146.8,143.54,872713,1252.72,6399, 510268, 58.47
VIVIDHA, BE, 19-Jul-2021,0.95,1.0,1.0,0.9, 0.95,0.95,0.96,2114964,20.34,920, -, -
VIVIMEDLAB, BE, 19-Jul-2021,24.6,24.4,24.6,23.6, 24.45,24.15,24.2,166065,40.18,1491, -, -
VLSFINANCE, EQ, 19-Jul-2021,231.95,230.0,238.0,223.0, 234.45,233.4,231.38,182265,421.72,4258, 85482, 46.90
VMARCIND, SM, 19-Jul-2021,34.9,33.0,36.5,33.0, 36.10,36.1,35.07,48000,16.83,13, 42000, 87.50
VMART, EQ, 19-Jul-2021,3285.0,3280.0,3346.45,3233.0, 3300.00,3302.05,3297.96,29412,970.0,5891, 13119, 44.60
VOLTAMP, EQ, 19-Jul-2021,1573.3,1575.0,1581.95,1550.0, 1575.00,1559.05,1565.8,11637,182.21,1895, 6866, 59.00
VOLTAS, EQ, 19-Jul-2021,1051.05,1044.75,1053.0,1032.0, 1040.00,1039.05,1041.38,827048,8612.69,20142, 383414, 46.36
VRLLOG, EQ, 19-Jul-2021,311.6,309.65,313.7,303.0, 306.00,304.9,306.53,207865,637.18,5845, 90534, 43.55
VSCL, SM, 19-Jul-2021,17.05,17.05,17.05,17.05, 17.05,17.05,17.05,3000,0.51,1, 3000, 100.00
VSSL, EQ, 19-Jul-2021,240.15,236.0,245.7,232.65, 239.60,239.85,240.2,206598,496.25,8798, 69685, 33.73
VSTIND, EQ, 19-Jul-2021,3534.0,3530.1,3540.15,3500.0, 3536.00,3527.3,3528.31,5516,194.62,1198, 2974, 53.92
VSTTILLERS, EQ, 19-Jul-2021,1988.5,1990.0,2152.0,1977.05, 2090.00,2092.45,2086.19,71659,1494.94,9316, 35989, 50.22
VTL, EQ, 19-Jul-2021,1704.8,1692.85,1721.05,1674.0, 1679.95,1685.5,1695.68,106561,1806.93,6981, 43057, 40.41
WABAG, EQ, 19-Jul-2021,361.5,356.5,366.0,354.95, 358.90,357.1,359.72,228075,820.43,6800, 121244, 53.16
WABCOINDIA, EQ, 19-Jul-2021,7389.25,7405.1,7499.7,7297.7, 7420.00,7410.45,7407.78,21218,1571.78,4363, 14590, 68.76
WALCHANNAG, EQ, 19-Jul-2021,70.55,70.0,73.05,68.75, 70.50,70.95,71.41,444427,317.38,5771, 198165, 44.59
WALPAR, ST, 19-Jul-2021,48.9,46.5,46.5,46.5, 46.50,46.5,46.5,12000,5.58,6, 12000, 100.00
WANBURY, BE, 19-Jul-2021,86.95,87.7,87.7,82.7, 86.00,85.9,84.38,18106,15.28,113, -, -
WATERBASE, EQ, 19-Jul-2021,132.35,131.0,134.9,130.0, 130.60,130.45,132.44,277834,367.97,6914, 85983, 30.95
WEALTH, BE, 19-Jul-2021,209.0,219.4,219.4,198.55, 200.00,203.15,200.71,474,0.95,30, -, -
WEBELSOLAR, EQ, 19-Jul-2021,70.55,71.0,73.8,69.0, 73.65,72.5,71.12,406471,289.08,2261, 257761, 63.41
WEIZMANIND, EQ, 19-Jul-2021,63.45,60.3,60.3,60.3, 60.30,60.3,60.3,10853,6.54,126, 10853, 100.00
WELCORP, EQ, 19-Jul-2021,152.9,150.75,151.9,146.65, 147.90,147.7,149.41,2358280,3523.57,23951, 1112803, 47.19
WELENT, EQ, 19-Jul-2021,112.5,111.8,113.8,111.0, 112.25,112.5,112.68,326982,368.43,4736, 171177, 52.35
WELINV, EQ, 19-Jul-2021,472.0,467.0,470.0,458.05, 460.00,460.95,462.56,501,2.32,83, 237, 47.31
WELSPUNIND, EQ, 19-Jul-2021,125.3,124.95,134.5,123.0, 133.00,132.9,130.36,9899861,12905.38,52140, 2570479, 25.96
WENDT, EQ, 19-Jul-2021,4391.95,4391.95,4455.0,4305.0, 4360.00,4368.15,4377.53,2955,129.36,712, 1733, 58.65
WESTLIFE, EQ, 19-Jul-2021,531.6,531.6,531.6,516.75, 520.80,521.55,521.34,148791,775.71,9736, 80465, 54.08
WEWIN, SM, 19-Jul-2021,15.85,16.55,16.55,16.55, 16.55,16.55,16.55,6000,0.99,2, 6000, 100.00
WFL, SM, 19-Jul-2021,115.05,109.3,109.3,109.3, 109.30,109.3,109.3,1600,1.75,1, 1600, 100.00
WHEELS, EQ, 19-Jul-2021,744.65,755.0,799.0,754.95, 776.50,776.45,780.62,271663,2120.66,16649, 126538, 46.58
WHIRLPOOL, EQ, 19-Jul-2021,2196.25,2195.0,2202.0,2164.0, 2169.95,2174.45,2179.36,67334,1467.45,7701, 46594, 69.20
WILLAMAGOR, EQ, 19-Jul-2021,23.35,23.35,24.35,22.35, 22.35,22.45,22.95,47853,10.98,259, 32292, 67.48
WINDMACHIN, EQ, 19-Jul-2021,35.35,36.55,38.85,36.55, 38.85,38.85,38.41,539895,207.39,1557, 369147, 68.37
WIPL, BE, 19-Jul-2021,64.8,68.0,68.0,64.9, 66.50,66.5,66.91,1061,0.71,21, -, -
WIPRO, EQ, 19-Jul-2021,577.75,572.55,584.0,570.0, 574.50,573.8,577.28,10857851,62679.91,146244, 3867533, 35.62
WOCKPHARMA, EQ, 19-Jul-2021,572.7,568.65,592.0,566.05, 581.45,580.85,582.21,1314200,7651.39,31705, 517182, 39.35
WONDERLA, EQ, 19-Jul-2021,239.85,239.85,248.8,239.85, 245.00,244.95,245.53,135446,332.55,6358, 57089, 42.15
WORTH, EQ, 19-Jul-2021,108.8,110.95,113.35,108.5, 109.40,109.35,111.23,87305,97.11,2520, 59894, 68.60
WSI, BE, 19-Jul-2021,5.7,5.7,5.7,5.7, 5.70,5.7,5.7,500,0.03,2, -, -
WSTCSTPAPR, EQ, 19-Jul-2021,262.2,261.4,266.7,254.65, 261.80,258.65,260.41,181117,471.66,4499, 89738, 49.55
XCHANGING, EQ, 19-Jul-2021,96.35,96.45,115.6,96.45, 114.00,114.8,110.74,14720190,16300.59,81483, 5346498, 36.32
XELPMOC, EQ, 19-Jul-2021,451.05,441.15,469.0,441.15, 450.00,452.4,454.17,48129,218.59,3148, 25610, 53.21
XPROINDIA, BE, 19-Jul-2021,253.55,266.2,266.2,266.2, 266.20,266.2,266.2,8569,22.81,66, -, -
YAARII, BE, 19-Jul-2021,106.85,107.0,112.0,105.0, 111.60,111.35,110.48,147357,162.8,670, -, -
YESBANK, EQ, 19-Jul-2021,13.4,13.3,13.35,13.15, 13.25,13.2,13.23,96849269,12815.34,71707, 32934995, 34.01
ZEEL, EQ, 19-Jul-2021,208.95,208.0,210.4,205.6, 206.25,206.5,207.49,4489542,9315.21,38896, 1466490, 32.66
ZEEL, P2, 19-Jul-2021,2.0,2.05,2.05,2.0, 2.00,2.0,2.01,207402,4.16,896, 192430, 92.78
ZEELEARN, EQ, 19-Jul-2021,16.1,15.8,15.95,15.55, 15.70,15.7,15.78,1300665,205.29,1930, 825685, 63.48
ZEEMEDIA, EQ, 19-Jul-2021,12.7,12.85,12.85,12.5, 12.60,12.6,12.59,1734115,218.25,2576, 1250096, 72.09
ZENITHEXPO, BE, 19-Jul-2021,86.0,90.0,90.0,83.4, 87.70,87.7,88.13,292,0.26,10, -, -
ZENITHSTL, BE, 19-Jul-2021,1.2,1.25,1.25,1.25, 1.25,1.25,1.25,80081,1.0,29, -, -
ZENSARTECH, EQ, 19-Jul-2021,377.65,372.0,391.1,365.2, 374.40,373.35,381.25,3287038,12531.85,53008, 1045598, 31.81
ZENTEC, EQ, 19-Jul-2021,95.75,96.3,99.25,93.75, 94.80,94.8,96.81,1020697,988.1,12211, 339365, 33.25
ZICOM, BZ, 19-Jul-2021,1.45,1.5,1.5,1.5, 1.50,1.5,1.5,557294,8.36,23, -, -
ZODIAC, SM, 19-Jul-2021,17.2,17.15,17.15,17.15, 17.15,17.15,17.15,4000,0.69,1, 4000, 100.00
ZODIACLOTH, EQ, 19-Jul-2021,136.9,134.5,144.65,133.85, 139.00,139.95,140.43,259535,364.45,4787, 115211, 44.39
ZODJRDMKJ, BE, 19-Jul-2021,33.7,34.2,35.05,33.05, 33.30,33.35,34.3,4212,1.44,50, -, -
ZOTA, EQ, 19-Jul-2021,245.5,240.05,253.0,240.05, 248.60,249.05,249.31,44627,111.26,1466, 31052, 69.58
ZUARI, EQ, 19-Jul-2021,150.25,150.0,154.9,147.15, 148.50,148.9,151.42,300738,455.38,7942, 128731, 42.81
ZUARIGLOB, EQ, 19-Jul-2021,158.05,155.15,165.9,155.15, 163.80,164.75,162.65,156192,254.05,2169, 99447, 63.67
ZYDUSWELL, EQ, 19-Jul-2021,2262.05,2250.0,2270.0,2219.95, 2225.00,2232.95,2245.68,29193,655.58,4309, 13475, 46.16
