SYMBOL, SERIES, DATE1, PREV_CLOSE, OPEN_PRICE, HIGH_PRICE, LOW_PRICE, LAST_PRICE, CLOSE_PRICE, AVG_PRICE, TTL_TRD_QNTY, TURNOVER_LACS, NO_OF_TRADES, DELIV_QTY, DELIV_PER
1018GS2026, GS, 11-May-2021,87.0,91.0,91.35,91.0, 91.35,91.35,91.34,410,0.37,3, 410, 100.00
20MICRONS, EQ, 11-May-2021,46.85,46.65,49.7,45.9, 46.95,46.8,48.25,1142577,551.33,7146, 516459, 45.20
21STCENMGM, EQ, 11-May-2021,12.9,13.15,13.15,13.15, 13.15,13.15,13.15,415,0.05,14, 415, 100.00
3IINFOTECH, EQ, 11-May-2021,8.1,8.1,8.5,8.05, 8.50,8.5,8.39,29204492,2450.55,9949, 13382652, 45.82
3MINDIA, EQ, 11-May-2021,24438.05,24588.0,25500.0,24300.0, 24860.00,24869.5,24858.58,7518,1868.87,3502, 3472, 46.18
3PLAND, EQ, 11-May-2021,16.05,16.45,17.1,14.45, 15.25,15.6,15.52,144236,22.39,1223, 80428, 55.76
5PAISA, EQ, 11-May-2021,355.2,354.55,362.7,353.95, 361.85,361.35,360.18,26055,93.85,710, 13086, 50.22
63MOONS, BE, 11-May-2021,86.35,85.0,88.0,85.0, 87.10,87.0,86.94,45366,39.44,457, -, -
667GS2050, GS, 11-May-2021,103.8,99.0,99.02,99.0, 99.02,99.02,99.01,18,0.02,2, 9, 50.00
716GS2050, GS, 11-May-2021,111.89,111.5,111.5,111.0, 111.00,111.0,111.0,101,0.11,2, 101, 100.00
763GS2059, GS, 11-May-2021,120.0,118.0,118.0,118.0, 118.00,118.0,118.0,159,0.19,2, 159, 100.00
772GS2049, GS, 11-May-2021,120.0,120.0,120.0,120.0, 120.00,120.0,120.0,153,0.18,4, 153, 100.00
A2ZINFRA, EQ, 11-May-2021,4.7,4.5,5.45,4.4, 5.10,5.1,5.11,6179933,315.81,4078, 3271120, 52.93
AAATECH, SM, 11-May-2021,42.5,42.75,42.75,42.75, 42.75,42.75,42.75,6000,2.57,1, 6000, 100.00
AAKASH, EQ, 11-May-2021,149.9,151.5,152.0,148.1, 152.00,151.35,150.95,55219,83.35,415, 13974, 25.31
AARON, EQ, 11-May-2021,57.0,57.0,57.0,54.3, 56.10,56.5,56.28,3237,1.82,94, 1072, 33.12
AARTIDRUGS, EQ, 11-May-2021,813.6,813.0,833.0,803.1, 812.50,811.65,819.5,1141842,9357.41,36314, 231828, 20.30
AARTIIND, EQ, 11-May-2021,1737.05,1736.95,1755.0,1707.3, 1726.95,1728.4,1735.37,488357,8474.81,23508, 109057, 22.33
AARTISURF, EQ, 11-May-2021,1502.0,1500.0,1520.0,1482.0, 1505.00,1498.75,1502.69,11004,165.36,1362, 5851, 53.17
AARVEEDEN, BE, 11-May-2021,21.4,21.4,22.45,21.05, 22.45,22.45,22.35,21384,4.78,78, -, -
AARVI, EQ, 11-May-2021,48.7,47.8,49.3,47.8, 49.20,49.15,48.99,9075,4.45,120, 7303, 80.47
AAVAS, EQ, 11-May-2021,2208.5,2160.0,2256.5,2160.0, 2239.30,2249.55,2216.91,121035,2683.24,4728, 96425, 79.67
ABAN, EQ, 11-May-2021,35.1,34.75,36.85,33.35, 36.85,36.8,35.74,368713,131.77,3142, 199117, 54.00
ABB, EQ, 11-May-2021,1375.35,1369.0,1385.0,1362.7, 1369.80,1368.85,1371.22,66321,909.41,7696, 30208, 45.55
ABBOTINDIA, EQ, 11-May-2021,16108.95,16108.95,16250.0,15910.6, 16200.05,16205.0,16158.62,14867,2402.3,4431, 8735, 58.75
ABCAPITAL, EQ, 11-May-2021,122.0,121.0,125.35,118.1, 119.55,119.75,121.99,5075099,6190.96,31037, 2119943, 41.77
ABFRL, EQ, 11-May-2021,176.1,175.3,182.7,175.3, 182.50,180.85,178.89,1473014,2635.14,17885, 466677, 31.68
ABFRLPP1, E1, 11-May-2021,141.6,145.95,145.95,141.1, 145.00,144.15,143.79,7527,10.82,311, 6409, 85.15
ABMINTLTD, EQ, 11-May-2021,54.8,57.45,57.5,57.45, 57.50,57.5,57.49,3418,1.96,35, 2818, 82.45
ABSLBANETF, EQ, 11-May-2021,328.74,324.26,328.85,324.2, 325.65,325.65,325.59,64,0.21,20, 43, 67.19
ABSLNN50ET, EQ, 11-May-2021,364.0,365.0,368.5,365.0, 368.50,368.5,365.91,258,0.94,15, 243, 94.19
ACC, EQ, 11-May-2021,1885.7,1870.0,1920.0,1860.25, 1904.50,1909.95,1903.56,692022,13173.04,23948, 161869, 23.39
ACCELYA, EQ, 11-May-2021,885.65,890.1,897.9,881.2, 897.90,887.3,886.89,2426,21.52,452, 1588, 65.46
ACCURACY, EQ, 11-May-2021,60.6,60.0,61.0,55.05, 60.00,60.0,58.01,10155,5.89,217, 4836, 47.62
ACE, EQ, 11-May-2021,144.75,143.5,149.2,142.55, 147.95,147.85,147.59,321148,473.99,3361, 197790, 61.59
ACRYSIL, EQ, 11-May-2021,334.5,333.0,338.1,322.3, 326.90,325.65,327.87,83519,273.83,3088, 54738, 65.54
ADANIENT, EQ, 11-May-2021,1304.1,1292.0,1326.0,1284.0, 1300.00,1303.5,1306.1,4744734,61970.9,88249, 1143541, 24.10
ADANIGREEN, EQ, 11-May-2021,1102.85,1094.0,1094.0,1071.05, 1076.10,1077.95,1080.22,344008,3716.05,21405, 199744, 58.06
ADANIPORTS, EQ, 11-May-2021,765.45,751.0,789.7,750.35, 761.65,762.65,770.95,12978165,100054.53,159784, 2171105, 16.73
ADANIPOWER, EQ, 11-May-2021,98.5,97.95,101.0,97.35, 98.80,99.0,99.51,13877015,13809.64,52467, 6856163, 49.41
ADANITRANS, EQ, 11-May-2021,1163.55,1166.75,1216.0,1145.0, 1200.00,1197.3,1193.1,1018401,12150.49,38771, 498343, 48.93
ADFFOODS, EQ, 11-May-2021,904.5,904.5,913.9,891.1, 897.90,898.85,899.81,15679,141.08,1810, 8579, 54.72
ADHUNIKIND, EQ, 11-May-2021,28.55,28.7,33.85,28.4, 32.80,32.3,31.86,868619,276.74,3949, 338070, 38.92
ADL, BE, 11-May-2021,27.15,27.3,28.5,27.3, 28.50,28.5,27.47,1161,0.32,20, -, -
ADORWELD, EQ, 11-May-2021,403.15,399.0,426.6,399.0, 416.00,416.05,413.47,26163,108.18,2238, 12288, 46.97
ADROITINFO, EQ, 11-May-2021,8.95,9.35,9.35,8.55, 8.60,8.6,8.76,9270,0.81,91, 9260, 99.89
ADSL, EQ, 11-May-2021,55.95,54.9,58.5,51.9, 53.85,53.85,55.92,918045,513.39,6421, 468678, 51.05
ADVANIHOTR, EQ, 11-May-2021,53.65,54.05,56.15,52.05, 56.15,55.75,54.89,35808,19.65,620, 17340, 48.42
ADVENZYMES, EQ, 11-May-2021,460.8,460.0,464.75,454.35, 458.05,457.2,458.95,250798,1151.04,10922, 99536, 39.69
AEGISCHEM, EQ, 11-May-2021,331.45,328.8,344.0,324.5, 336.95,337.75,339.13,812388,2755.05,27976, 466491, 57.42
AFFLE, EQ, 11-May-2021,5260.2,5224.0,5315.0,5165.0, 5307.00,5283.9,5265.54,64130,3376.79,10223, 41002, 63.94
AGARIND, EQ, 11-May-2021,203.15,208.05,213.3,201.65, 203.50,205.0,209.14,73951,154.66,1708, 45182, 61.10
AGCNET, EQ, 11-May-2021,1370.25,1350.0,1425.0,1344.65, 1375.00,1409.6,1380.13,14270,196.94,1002, 9875, 69.20
AGRITECH, EQ, 11-May-2021,40.75,41.5,42.0,39.45, 41.30,41.55,40.71,23313,9.49,459, 12655, 54.28
AGROPHOS, EQ, 11-May-2021,11.7,12.2,12.25,11.6, 12.25,12.25,12.11,111937,13.56,379, 73053, 65.26
AHLADA, EQ, 11-May-2021,97.4,100.35,100.4,95.25, 97.00,96.9,97.6,2392,2.33,62, 2109, 88.17
AHLEAST, EQ, 11-May-2021,145.3,145.25,149.1,140.0, 148.45,148.45,145.84,4809,7.01,164, 3697, 76.88
AHLUCONT, EQ, 11-May-2021,290.25,290.0,292.7,288.45, 290.00,290.4,290.43,13226,38.41,369, 9607, 72.64
AHLWEST, EQ, 11-May-2021,198.65,198.65,200.0,195.0, 196.80,198.15,198.11,3963,7.85,353, 2437, 61.49
AIAENG, EQ, 11-May-2021,1819.3,1814.15,1866.0,1814.15, 1845.00,1843.4,1841.86,43743,805.69,5057, 31816, 72.73
AIRAN, EQ, 11-May-2021,15.9,16.2,16.25,15.65, 16.05,16.05,16.09,35159,5.66,218, 28704, 81.64
AISL, SM, 11-May-2021,41.6,41.9,43.4,39.55, 39.55,39.55,40.71,32400,13.19,23, 8400, 25.93
AJANTPHARM, EQ, 11-May-2021,2010.05,2005.0,2024.75,1926.0, 1958.70,1942.95,1968.48,228517,4498.31,17207, 121084, 52.99
AJMERA, EQ, 11-May-2021,120.7,120.05,122.0,118.05, 118.50,118.8,119.65,76194,91.17,1734, 36995, 48.55
AJOONI, EQ, 11-May-2021,43.65,43.2,45.0,43.0, 44.75,44.75,44.11,165476,72.98,400, 133164, 80.47
AKASH, EQ, 11-May-2021,214.95,216.0,248.5,201.0, 236.00,235.55,221.17,89018,196.88,2007, 54793, 61.55
AKG, EQ, 11-May-2021,27.1,27.1,27.55,26.55, 26.60,26.7,26.73,5568,1.49,103, 4972, 89.30
AKSHARCHEM, EQ, 11-May-2021,260.0,259.95,287.3,255.95, 275.50,277.15,277.98,136315,378.93,4601, 75310, 55.25
AKSHOPTFBR, EQ, 11-May-2021,6.1,6.0,6.35,6.0, 6.25,6.3,6.24,359734,22.43,524, 253788, 70.55
AKZOINDIA, EQ, 11-May-2021,2219.95,2220.0,2224.0,2186.05, 2212.00,2206.2,2204.02,13027,287.12,1525, 8040, 61.72
ALANKIT, EQ, 11-May-2021,15.2,15.2,15.65,14.95, 15.60,15.4,15.38,192545,29.61,1204, 132667, 68.90
ALBERTDAVD, EQ, 11-May-2021,451.85,451.85,456.75,446.1, 448.00,447.95,449.98,18848,84.81,1251, 11810, 62.66
ALEMBICLTD, EQ, 11-May-2021,133.4,132.9,136.0,132.0, 132.40,132.85,134.5,1740970,2341.54,14705, 421030, 24.18
ALICON, EQ, 11-May-2021,539.3,545.0,547.0,528.9, 531.35,529.85,537.78,9201,49.48,1117, 4467, 48.55
ALKALI, EQ, 11-May-2021,56.3,56.9,58.0,55.1, 55.50,55.65,56.65,31088,17.61,942, 10265, 33.02
ALKEM, EQ, 11-May-2021,3031.25,3031.4,3075.0,2997.7, 3035.00,3039.55,3039.88,236773,7197.6,17354, 63859, 26.97
ALKYLAMINE, EQ, 11-May-2021,8282.45,3339.0,3644.3,3329.9, 3644.30,3644.3,3585.92,403985,14486.59,44076, 111264, 27.54
ALLCARGO, EQ, 11-May-2021,125.55,124.7,132.7,124.0, 130.50,130.5,129.29,1102234,1425.05,11832, 440529, 39.97
ALLSEC, EQ, 11-May-2021,324.1,323.0,330.4,320.0, 327.50,328.55,323.76,10676,34.56,625, 6118, 57.31
ALMONDZ, EQ, 11-May-2021,27.5,28.7,30.25,26.6, 30.25,30.25,29.77,25139,7.48,138, 20757, 82.57
ALOKINDS, EQ, 11-May-2021,18.85,18.75,19.75,18.7, 19.15,19.25,19.26,14109609,2716.94,16361, 5528647, 39.18
ALPA, BE, 11-May-2021,58.4,58.95,60.0,56.0, 58.85,58.25,57.71,74614,43.06,651, -, -
ALPHAGEO, EQ, 11-May-2021,223.65,223.2,264.15,220.35, 260.50,252.3,243.69,337063,821.4,6848, 157186, 46.63
ALPSINDUS, EQ, 11-May-2021,1.7,1.7,1.75,1.7, 1.70,1.7,1.73,5318,0.09,23, 5318, 100.00
AMARAJABAT, EQ, 11-May-2021,784.7,783.0,791.95,780.85, 785.45,786.6,785.81,889940,6993.21,35327, 442982, 49.78
AMBANIORG, SM, 11-May-2021,72.75,77.0,87.3,77.0, 87.30,87.3,86.02,28000,24.09,14, 28000, 100.00
AMBER, EQ, 11-May-2021,3010.45,3010.95,3044.0,2923.0, 2971.40,2970.7,2967.53,110896,3290.87,22280, 79981, 72.12
AMBICAAGAR, EQ, 11-May-2021,31.45,33.5,34.55,29.05, 34.55,34.55,33.15,369237,122.41,2251, 216969, 58.76
AMBIKCO, EQ, 11-May-2021,1147.85,1149.95,1188.45,1135.25, 1172.45,1176.5,1166.61,75180,877.06,7157, 40856, 54.34
AMBUJACEM, EQ, 11-May-2021,311.35,307.5,316.9,306.1, 314.75,314.9,313.44,3809984,11941.98,33799, 1293746, 33.96
AMDIND, EQ, 11-May-2021,19.05,19.1,19.9,18.75, 19.75,19.6,19.39,18530,3.59,243, 15729, 84.88
AMJLAND, EQ, 11-May-2021,25.45,25.1,25.9,24.9, 25.70,25.65,25.43,31895,8.11,451, 21417, 67.15
AMRUTANJAN, EQ, 11-May-2021,637.75,645.0,674.0,637.8, 657.00,654.9,656.45,85938,564.14,6163, 29856, 34.74
ANANTRAJ, EQ, 11-May-2021,50.85,51.2,52.2,50.1, 50.50,50.45,51.09,453507,231.71,2540, 295449, 65.15
ANDHRACEMT, EQ, 11-May-2021,5.9,6.0,6.45,5.9, 6.45,6.45,6.28,1239731,77.87,2416, 913520, 73.69
ANDHRAPAP, EQ, 11-May-2021,232.95,233.0,244.0,230.0, 240.00,240.3,240.79,338256,814.5,5118, 121514, 35.92
ANDHRSUGAR, EQ, 11-May-2021,449.45,443.5,458.0,440.0, 442.50,441.7,446.64,236626,1056.86,6370, 98497, 41.63
ANGELBRKG, EQ, 11-May-2021,616.7,635.0,678.35,635.0, 659.80,664.15,663.55,3496238,23199.14,112807, 724897, 20.73
ANIKINDS, EQ, 11-May-2021,12.5,12.55,12.95,12.0, 12.30,12.45,12.4,181265,22.48,604, 110101, 60.74
ANKITMETAL, EQ, 11-May-2021,1.15,1.2,1.2,1.15, 1.20,1.2,1.2,222455,2.66,139, 161500, 72.60
ANSALAPI, EQ, 11-May-2021,5.95,5.95,6.15,5.75, 5.90,5.95,6.01,179602,10.79,234, 144497, 80.45
ANSALHSG, EQ, 11-May-2021,5.65,5.55,5.7,5.4, 5.55,5.55,5.52,39163,2.16,153, 24440, 62.41
ANUP, EQ, 11-May-2021,588.1,590.0,607.0,585.7, 600.00,601.9,601.94,52383,315.31,3585, 32895, 62.80
ANURAS, EQ, 11-May-2021,736.15,731.9,739.0,714.05, 728.50,729.9,723.85,615711,4456.82,23037, 284666, 46.23
APARINDS, EQ, 11-May-2021,514.75,505.95,526.4,505.0, 511.55,514.35,518.43,73371,380.38,3557, 29427, 40.11
APCL, EQ, 11-May-2021,222.4,218.4,224.3,215.55, 217.00,216.65,218.82,62369,136.48,2263, 39402, 63.18
APCOTEXIND, EQ, 11-May-2021,288.2,287.5,317.0,285.1, 317.00,316.15,309.82,462349,1432.45,10010, 217502, 47.04
APEX, EQ, 11-May-2021,245.75,240.0,244.9,237.1, 238.00,239.05,241.34,88010,212.41,3608, 40347, 45.84
APLAPOLLO, EQ, 11-May-2021,1258.7,1249.9,1257.85,1234.75, 1247.95,1249.4,1248.05,207345,2587.78,14104, 153445, 74.00
APLLTD, EQ, 11-May-2021,959.6,957.85,966.55,951.15, 952.80,952.65,956.86,218453,2090.28,7973, 95060, 43.52
APOLLO, EQ, 11-May-2021,106.3,105.7,107.5,99.0, 105.80,105.25,105.25,124957,131.52,3425, 62582, 50.08
APOLLOHOSP, EQ, 11-May-2021,3323.7,3315.0,3315.0,3245.25, 3261.00,3258.2,3277.53,670759,21984.3,39266, 227863, 33.97
APOLLOPIPE, EQ, 11-May-2021,1049.85,1044.0,1088.0,1014.9, 1080.00,1076.45,1058.45,61889,655.07,5559, 34867, 56.34
APOLLOTYRE, EQ, 11-May-2021,221.1,219.15,226.9,216.4, 224.00,224.0,223.3,9629227,21502.18,56830, 1256950, 13.05
APOLSINHOT, EQ, 11-May-2021,602.35,584.0,612.0,583.95, 612.00,602.5,598.08,1746,10.44,161, 1427, 81.73
APTECHT, EQ, 11-May-2021,199.75,198.3,207.3,198.05, 202.85,203.4,203.84,313027,638.08,6147, 90746, 28.99
ARCHIDPLY, EQ, 11-May-2021,33.5,34.0,35.15,33.55, 35.15,34.7,34.32,22053,7.57,327, 16762, 76.01
ARCHIES, EQ, 11-May-2021,11.9,11.9,12.2,11.7, 11.90,12.05,12.09,129249,15.63,497, 64781, 50.12
ARENTERP, EQ, 11-May-2021,11.65,12.1,12.1,11.2, 11.30,11.3,11.46,5182,0.59,30, 2896, 55.89
ARIES, EQ, 11-May-2021,101.9,102.0,107.25,101.15, 103.50,103.9,105.06,389364,409.06,6860, 135891, 34.90
ARIHANT, EQ, 11-May-2021,18.15,18.45,18.45,18.0, 18.40,18.25,18.28,4818,0.88,39, 4470, 92.78
ARIHANTSUP, BE, 11-May-2021,62.85,64.7,65.9,60.2, 64.55,64.7,63.73,10112,6.44,91, -, -
ARMANFIN, EQ, 11-May-2021,546.65,554.0,554.0,538.7, 542.35,544.05,543.65,7666,41.68,848, 3910, 51.00
AROGRANITE, EQ, 11-May-2021,45.7,45.75,49.7,45.45, 49.70,49.3,48.25,171512,82.75,1308, 93807, 54.69
ARROWGREEN, EQ, 11-May-2021,85.5,86.9,89.75,86.85, 89.75,89.75,89.63,9645,8.65,133, 8943, 92.72
ARSHIYA, EQ, 11-May-2021,29.05,29.05,30.5,28.6, 30.50,30.1,29.46,187812,55.33,548, 173396, 92.32
ARSSINFRA, EQ, 11-May-2021,24.95,25.0,25.95,24.65, 24.70,24.8,25.22,33360,8.41,293, 22743, 68.17
ARTEMISMED, EQ, 11-May-2021,229.4,250.0,252.3,243.55, 252.30,252.3,249.89,205540,513.62,2389, 114129, 55.53
ARVEE, BE, 11-May-2021,186.65,195.95,195.95,195.95, 195.95,195.95,195.95,1767,3.46,34, -, -
ARVIND, EQ, 11-May-2021,75.1,74.0,75.8,73.25, 74.55,74.8,74.76,876681,655.44,8608, 450714, 51.41
ARVINDFASN, EQ, 11-May-2021,142.45,142.0,144.15,139.45, 142.55,142.55,142.43,175915,250.56,3170, 81993, 46.61
ARVSMART, EQ, 11-May-2021,94.25,93.65,95.85,93.65, 94.20,94.25,94.85,82687,78.43,1303, 40144, 48.55
ASAHIINDIA, EQ, 11-May-2021,302.45,306.9,313.7,302.55, 312.00,311.65,309.21,90173,278.83,3392, 53527, 59.36
ASAHISONG, EQ, 11-May-2021,383.4,388.7,388.7,375.0, 379.00,377.75,381.42,23971,91.43,1197, 9760, 40.72
ASAL, EQ, 11-May-2021,35.85,36.45,37.6,36.45, 37.60,37.6,37.42,12279,4.59,71, 12084, 98.41
ASALCBR, EQ, 11-May-2021,412.5,417.0,417.0,406.25, 415.70,414.55,412.94,35271,145.65,2172, 17765, 50.37
ASHAPURMIN, EQ, 11-May-2021,169.2,171.0,176.8,164.0, 166.70,166.8,169.71,604506,1025.89,11701, 340300, 56.29
ASHIANA, EQ, 11-May-2021,118.6,118.05,119.0,116.25, 118.00,117.9,117.95,60619,71.5,944, 43877, 72.38
ASHIMASYN, EQ, 11-May-2021,17.85,17.35,18.7,17.35, 18.70,18.7,18.66,129072,24.08,262, 101948, 78.99
ASHOKA, EQ, 11-May-2021,83.2,82.7,85.25,82.1, 85.00,84.2,84.22,2729061,2298.51,15487, 1293798, 47.41
ASHOKLEY, EQ, 11-May-2021,116.0,114.95,116.9,114.15, 115.50,115.75,115.62,10161981,11749.47,36491, 1873650, 18.44
ASIANHOTNR, EQ, 11-May-2021,65.7,66.35,67.6,63.6, 66.80,66.15,65.6,6114,4.01,145, 3684, 60.26
ASIANPAINT, EQ, 11-May-2021,2556.95,2533.0,2562.0,2521.3, 2561.70,2556.25,2544.64,1168363,29730.63,65711, 534071, 45.71
ASIANTILES, EQ, 11-May-2021,157.25,156.5,163.5,156.5, 160.85,161.95,161.21,322205,519.43,5241, 203528, 63.17
ASPINWALL, EQ, 11-May-2021,181.5,176.05,195.1,176.05, 181.10,181.9,185.9,1755,3.26,136, 757, 43.13
ASTEC, EQ, 11-May-2021,1165.15,1170.0,1250.0,1150.3, 1243.00,1239.1,1222.14,173195,2116.69,13418, 69603, 40.19
ASTERDM, EQ, 11-May-2021,156.15,154.0,163.7,153.0, 159.05,159.3,160.13,2086241,3340.67,24500, 781855, 37.48
ASTRAL, EQ, 11-May-2021,1564.1,1564.0,1674.0,1557.0, 1648.00,1649.1,1635.62,445214,7282.02,31380, 158557, 35.61
ASTRAMICRO, EQ, 11-May-2021,120.5,118.95,121.0,116.85, 119.30,118.9,118.62,524837,622.58,6874, 229715, 43.77
ASTRAZEN, EQ, 11-May-2021,3785.9,3784.0,3843.95,3765.1, 3765.60,3785.95,3805.38,27544,1048.15,4161, 12934, 46.96
ASTRON, EQ, 11-May-2021,41.35,41.15,41.2,40.1, 40.50,40.35,40.6,71800,29.15,1962, 54185, 75.47
ATFL, EQ, 11-May-2021,967.35,963.0,997.0,955.7, 994.00,986.35,985.49,52610,518.47,5003, 15107, 28.72
ATGL, EQ, 11-May-2021,1315.2,1305.0,1390.0,1303.05, 1328.85,1334.55,1341.54,1450582,19460.08,50328, 580908, 40.05
ATLANTA, EQ, 11-May-2021,7.95,8.05,8.05,7.65, 8.00,7.95,7.86,23970,1.88,121, 19589, 81.72
ATUL, EQ, 11-May-2021,8222.4,8224.3,8395.0,8224.3, 8300.00,8322.3,8346.21,33701,2812.76,4390, 23927, 71.00
ATULAUTO, EQ, 11-May-2021,174.0,173.95,175.95,172.05, 174.80,174.3,173.97,75688,131.68,1781, 44594, 58.92
AUBANK, EQ, 11-May-2021,946.75,934.0,978.15,930.5, 965.00,969.75,958.13,1875705,17971.77,44062, 611643, 32.61
AURIONPRO, EQ, 11-May-2021,164.35,164.0,166.45,160.35, 161.00,161.2,162.27,92458,150.03,2292, 55780, 60.33
AUROPHARMA, EQ, 11-May-2021,1047.95,1041.95,1063.9,1018.9, 1028.00,1030.9,1038.18,2669450,27713.7,68889, 510547, 19.13
AUSOMENT, EQ, 11-May-2021,60.15,60.9,68.45,60.15, 66.40,67.4,65.55,55915,36.65,582, 33682, 60.24
AUTOAXLES, EQ, 11-May-2021,1045.25,1040.0,1060.0,1016.85, 1037.45,1023.2,1033.99,20870,215.79,2576, 14495, 69.45
AUTOIND, EQ, 11-May-2021,35.55,35.95,36.35,34.5, 34.60,34.8,35.18,24727,8.7,360, 16968, 68.62
AVADHSUGAR, EQ, 11-May-2021,337.5,332.0,344.8,327.35, 333.20,334.55,336.76,324701,1093.47,7125, 130587, 40.22
AVANTIFEED, EQ, 11-May-2021,492.55,487.5,497.5,485.35, 493.00,490.5,492.03,197030,969.45,6584, 83478, 42.37
AVG, SM, 11-May-2021,51.35,48.8,53.9,48.8, 53.90,53.9,51.4,3600,1.85,3, 2400, 66.67
AVTNPL, EQ, 11-May-2021,54.3,53.85,57.55,53.05, 55.80,56.35,56.01,694821,389.16,6007, 308837, 44.45
AWHCL, EQ, 11-May-2021,296.9,295.5,301.5,295.5, 296.85,297.4,298.38,54621,162.98,2835, 20063, 36.73
AXISBANK, EQ, 11-May-2021,715.25,704.8,713.7,703.0, 706.95,707.35,708.03,12736700,90179.91,176652, 6071172, 47.67
AXISBNKETF, EQ, 11-May-2021,331.7,327.25,330.0,326.91, 327.30,327.3,327.57,2087,6.84,35, 1926, 92.29
AXISCADES, EQ, 11-May-2021,66.55,66.0,71.0,64.8, 67.50,67.85,68.46,396111,271.18,5134, 197358, 49.82
AXISGOLD, EQ, 11-May-2021,41.44,41.69,41.69,41.25, 41.42,41.35,41.45,155927,64.64,1348, 105795, 67.85
AXISNIFTY, EQ, 11-May-2021,154.64,153.7,154.7,152.98, 154.30,154.27,154.03,5265,8.11,153, 3393, 64.44
AXISTECETF, EQ, 11-May-2021,257.09,255.0,258.0,251.95, 253.00,256.17,255.8,2043,5.23,49, 1786, 87.42
AYMSYNTEX, EQ, 11-May-2021,53.15,51.65,55.5,51.65, 54.75,55.0,54.48,23606,12.86,646, 17071, 72.32
BAFNAPH, EQ, 11-May-2021,143.45,149.7,149.7,136.3, 137.85,137.55,141.7,42387,60.06,1834, 25865, 61.02
BAGFILMS, BE, 11-May-2021,2.6,2.65,2.65,2.55, 2.65,2.65,2.61,136861,3.58,131, -, -
BAJAJ-AUTO, EQ, 11-May-2021,3868.65,3860.0,3894.7,3811.25, 3882.00,3879.3,3860.6,453808,17519.72,44249, 184631, 40.68
BAJAJCON, EQ, 11-May-2021,276.5,276.5,282.3,273.05, 274.75,274.75,277.03,630924,1747.86,18235, 276794, 43.87
BAJAJELEC, EQ, 11-May-2021,1132.45,1140.0,1218.95,1140.0, 1178.00,1177.7,1180.45,365746,4317.44,19498, 238556, 65.22
BAJAJFINSV, EQ, 11-May-2021,11332.0,11194.0,11310.65,11139.15, 11177.30,11193.05,11226.32,198664,22302.66,27956, 36473, 18.36
BAJAJHIND, EQ, 11-May-2021,11.25,12.35,12.35,11.75, 12.35,12.35,12.34,24364022,3005.31,7584, 17878298, 73.38
BAJAJHLDNG, EQ, 11-May-2021,3524.45,3515.0,3557.0,3476.6, 3520.00,3513.6,3515.18,35979,1264.73,7020, 18380, 51.09
BAJFINANCE, EQ, 11-May-2021,5497.5,5411.25,5458.1,5390.0, 5423.00,5424.7,5423.67,1617248,87714.13,105148, 301812, 18.66
BALAJITELE, EQ, 11-May-2021,57.2,57.25,57.95,55.6, 57.00,57.0,57.16,115322,65.92,1360, 76962, 66.74
BALAMINES, EQ, 11-May-2021,2337.8,2330.0,2449.0,2307.1, 2380.00,2375.5,2392.07,169441,4053.15,15621, 63064, 37.22
BALAXI, EQ, 11-May-2021,584.15,598.95,598.95,575.0, 583.80,577.8,582.55,2629,15.32,162, 2060, 78.36
BALKRISHNA, EQ, 11-May-2021,19.1,19.1,20.0,18.65, 19.85,19.65,19.38,6638,1.29,98, 3872, 58.33
BALKRISIND, EQ, 11-May-2021,1868.2,1840.1,1942.0,1840.1, 1910.00,1905.5,1912.77,855089,16355.84,45969, 185802, 21.73
BALLARPUR, BZ, 11-May-2021,1.15,1.15,1.2,1.1, 1.20,1.2,1.2,1909106,22.86,215, -, -
BALMLAWRIE, EQ, 11-May-2021,133.35,131.8,145.9,130.0, 143.50,143.6,140.98,5122775,7222.02,49647, 1390276, 27.14
BALPHARMA, BE, 11-May-2021,103.5,103.6,103.6,100.0, 101.90,101.5,101.19,62685,63.43,1076, -, -
BALRAMCHIN, EQ, 11-May-2021,334.2,332.5,344.0,324.0, 326.75,326.15,333.55,3847165,12832.04,59674, 1258218, 32.71
BANARBEADS, EQ, 11-May-2021,49.95,49.4,50.15,48.0, 48.65,49.1,49.47,13047,6.45,403, 4681, 35.88
BANARISUG, EQ, 11-May-2021,2082.45,2100.0,2175.0,2001.0, 2023.00,2038.2,2081.46,8915,185.56,1596, 4086, 45.83
BANCOINDIA, EQ, 11-May-2021,152.45,148.45,154.55,148.45, 151.60,152.0,152.1,95863,145.8,3442, 51909, 54.15
BANDHANBNK, EQ, 11-May-2021,295.95,289.0,294.8,286.15, 291.30,290.95,292.17,11212974,32761.16,90318, 3937095, 35.11
BANG, EQ, 11-May-2021,27.55,28.8,28.85,27.35, 28.30,28.3,28.21,11394,3.21,187, 10732, 94.19
BANKA, EQ, 11-May-2021,70.0,70.0,77.0,68.05, 77.00,77.0,76.06,25739,19.58,291, 20614, 80.09
BANKBARODA, EQ, 11-May-2021,73.45,72.5,74.6,71.15, 73.85,74.05,73.19,56166002,41107.84,103817, 12272928, 21.85
BANKBEES, EQ, 11-May-2021,332.38,335.0,335.0,327.48, 329.34,329.3,329.44,615429,2027.49,8056, 152067, 24.71
BANKINDIA, EQ, 11-May-2021,68.0,67.6,69.85,66.5, 69.40,69.4,68.8,9099978,6261.06,24160, 1840962, 20.23
BANSWRAS, EQ, 11-May-2021,128.2,130.0,133.0,117.9, 123.60,123.5,125.91,115333,145.22,2246, 62807, 54.46
BARBEQUE, EQ, 11-May-2021,576.55,571.5,589.0,562.5, 564.85,565.5,568.96,87206,496.17,7758, 39851, 45.70
BARTRONICS, BZ, 11-May-2021,2.15,2.1,2.25,2.1, 2.20,2.2,2.17,27276,0.59,45, -, -
BASF, EQ, 11-May-2021,2480.45,2472.25,2590.0,2460.15, 2490.00,2493.6,2513.61,128539,3230.96,11348, 55079, 42.85
BASML, EQ, 11-May-2021,73.7,72.1,76.3,71.5, 72.00,72.05,73.93,240467,177.77,4024, 158188, 65.78
BATAINDIA, EQ, 11-May-2021,1348.55,1348.0,1371.0,1342.0, 1368.65,1368.45,1360.65,307160,4179.36,10982, 77937, 25.37
BAYERCROP, EQ, 11-May-2021,5394.75,5421.0,5518.0,5397.75, 5460.00,5450.95,5464.45,27493,1502.34,6167, 9448, 34.37
BBL, EQ, 11-May-2021,1141.8,1141.8,1208.8,1133.6, 1195.00,1196.5,1183.47,45390,537.18,3642, 25703, 56.63
BBTC, EQ, 11-May-2021,1144.45,1140.0,1194.45,1138.65, 1175.00,1173.25,1168.23,166405,1944.0,11263, 52167, 31.35
BCG, EQ, 11-May-2021,8.55,8.45,8.95,8.25, 8.70,8.8,8.83,7290529,643.55,4766, 4578343, 62.80
BCLIND, EQ, 11-May-2021,140.95,143.0,155.4,138.0, 146.90,146.6,148.04,706211,1045.45,11344, 305233, 43.22
BCP, EQ, 11-May-2021,3.2,3.2,3.25,3.1, 3.25,3.2,3.17,320302,10.14,539, 232473, 72.58
BDL, EQ, 11-May-2021,338.15,335.65,362.4,334.6, 359.20,358.6,355.94,1108755,3946.5,27549, 290327, 26.18
BEARDSELL, EQ, 11-May-2021,13.15,12.2,13.4,12.2, 13.15,12.9,12.88,41350,5.32,234, 26989, 65.27
BECTORFOOD, EQ, 11-May-2021,397.35,393.0,396.55,390.0, 391.30,390.5,392.4,171602,673.37,5669, 80152, 46.71
BEDMUTHA, EQ, 11-May-2021,25.2,24.5,26.4,24.3, 25.95,25.75,25.37,13147,3.34,170, 9062, 68.93
BEL, EQ, 11-May-2021,144.75,142.75,149.75,141.45, 148.05,148.55,146.63,23494231,34450.76,116409, 7026088, 29.91
BEML, EQ, 11-May-2021,1246.65,1234.0,1349.0,1230.15, 1314.70,1317.3,1312.9,2055371,26984.98,83514, 335407, 16.32
BEPL, EQ, 11-May-2021,165.8,164.95,164.95,161.05, 162.10,161.9,162.92,921696,1501.65,11654, 436035, 47.31
BERGEPAINT, EQ, 11-May-2021,723.15,720.0,737.75,715.3, 735.35,735.95,729.09,991198,7226.75,25698, 298266, 30.09
BESTAGRO, EQ, 11-May-2021,304.6,304.6,316.0,274.6, 284.70,284.05,287.56,69274,199.2,2481, 36997, 53.41
BETA, SM, 11-May-2021,218.85,229.75,229.75,209.05, 229.75,229.75,229.08,51200,117.29,54, 46400, 90.63
BFINVEST, EQ, 11-May-2021,294.45,292.6,301.9,288.0, 297.90,297.8,297.4,31983,95.12,1919, 10366, 32.41
BFUTILITIE, EQ, 11-May-2021,277.55,274.0,289.0,272.3, 284.45,282.95,281.84,235345,663.3,6888, 71432, 30.35
BGRENERGY, EQ, 11-May-2021,49.45,49.0,54.55,48.35, 51.00,51.05,52.4,1590222,833.34,10163, 544928, 34.27
BHAGERIA, EQ, 11-May-2021,179.65,178.85,201.9,177.95, 197.70,199.0,193.58,1004575,1944.66,16637, 334161, 33.26
BHAGYANGR, EQ, 11-May-2021,53.7,56.35,56.35,56.35, 56.35,56.35,56.35,73333,41.32,130, 73333, 100.00
BHAGYAPROP, EQ, 11-May-2021,27.15,27.1,28.35,27.1, 28.25,28.05,27.96,56282,15.74,146, 53842, 95.66
BHANDARI, EQ, 11-May-2021,2.35,2.45,2.45,2.4, 2.45,2.45,2.45,107039,2.62,90, 107034, 100.00
BHARATFORG, EQ, 11-May-2021,650.2,645.9,672.45,641.1, 666.00,668.25,661.73,3503310,23182.4,65787, 778958, 22.23
BHARATGEAR, EQ, 11-May-2021,88.75,88.0,89.0,85.75, 88.00,87.7,87.05,40834,35.55,920, 26870, 65.80
BHARATRAS, EQ, 11-May-2021,12474.05,12500.0,13900.0,12311.3, 13011.60,13171.9,13369.2,49811,6659.33,16992, 8625, 17.32
BHARATWIRE, EQ, 11-May-2021,49.1,50.85,51.55,48.85, 51.55,51.55,51.14,37181,19.01,452, 29651, 79.75
BHARTIARTL, EQ, 11-May-2021,572.55,565.5,574.85,564.05, 567.30,568.4,569.56,7885422,44912.13,94878, 3154106, 40.00
BHEL, EQ, 11-May-2021,65.65,65.0,75.15,64.35, 73.00,73.45,71.21,510138918,363269.63,740374, 54295276, 10.64
BIGBLOC, EQ, 11-May-2021,81.55,85.25,85.25,81.0, 81.55,82.65,82.02,2777,2.28,70, 2297, 82.72
BIL, BE, 11-May-2021,209.1,213.9,213.9,199.05, 204.95,204.3,204.43,3980,8.14,129, -, -
BINDALAGRO, EQ, 11-May-2021,16.7,16.7,19.25,16.55, 17.55,17.55,18.11,798288,144.56,3049, 447693, 56.08
BIOCON, EQ, 11-May-2021,384.5,383.55,391.65,382.35, 387.20,387.65,388.31,4098740,15916.01,59729, 1196156, 29.18
BIOFILCHEM, EQ, 11-May-2021,76.55,76.5,77.0,74.7, 74.80,75.2,75.45,47582,35.9,1250, 30487, 64.07
BIRET, RR, 11-May-2021,257.8,254.0,260.75,253.68, 260.00,259.74,259.05,191800,496.86,580, 179800, 93.74
BIRLACABLE, EQ, 11-May-2021,62.3,62.0,63.3,61.55, 62.20,62.3,62.42,66155,41.29,1309, 39810, 60.18
BIRLACORPN, EQ, 11-May-2021,943.7,935.0,1003.7,933.0, 992.00,995.4,979.79,382981,3752.42,15523, 141762, 37.02
BIRLAMONEY, EQ, 11-May-2021,45.05,44.9,47.2,44.55, 45.55,45.55,46.1,612637,282.41,4241, 218411, 35.65
BIRLATYRE, EQ, 11-May-2021,24.0,23.75,24.15,23.65, 23.90,24.0,23.98,258450,61.97,2174, 178830, 69.19
BLBLIMITED, EQ, 11-May-2021,6.25,6.05,6.3,6.05, 6.10,6.1,6.14,8275,0.51,28, 7191, 86.90
BLISSGVS, EQ, 11-May-2021,122.4,121.5,133.0,117.3, 128.30,128.1,128.23,2504189,3211.04,28367, 1107811, 44.24
BLKASHYAP, EQ, 11-May-2021,17.5,17.45,17.9,16.8, 17.50,17.6,17.48,270669,47.31,553, 216849, 80.12
BLS, EQ, 11-May-2021,94.05,93.0,97.1,92.25, 95.50,95.45,95.16,95495,90.87,2016, 50188, 52.56
BLUEDART, EQ, 11-May-2021,5333.75,5333.0,5445.0,5333.0, 5430.00,5424.4,5407.3,41113,2223.1,3895, 20620, 50.15
BLUESTARCO, EQ, 11-May-2021,833.75,830.0,832.35,816.5, 821.10,820.8,821.28,125708,1032.41,12374, 70650, 56.20
BODALCHEM, EQ, 11-May-2021,105.1,102.95,105.75,101.5, 102.00,102.05,103.42,1366395,1413.08,16853, 610240, 44.66
BOHRA, SM, 11-May-2021,3.9,4.05,4.05,4.05, 4.05,4.05,4.05,6000,0.24,3, 6000, 100.00
BOMDYEING, EQ, 11-May-2021,72.65,71.8,76.35,71.25, 75.70,75.7,74.71,6152584,4596.73,28707, 1904692, 30.96
BOROLTD, EQ, 11-May-2021,235.3,232.25,234.6,223.1, 226.20,225.25,228.58,383736,877.16,8399, 203984, 53.16
BORORENEW, EQ, 11-May-2021,269.9,268.0,277.0,261.25, 265.10,266.2,269.91,803383,2168.37,16444, 471367, 58.67
BOSCHLTD, EQ, 11-May-2021,13848.2,13789.0,14388.45,13740.0, 14238.95,14204.6,14152.28,45443,6431.22,11644, 9377, 20.63
BPCL, EQ, 11-May-2021,453.7,449.6,464.0,446.9, 462.45,462.25,459.93,10847939,49892.76,138818, 4325628, 39.88
BPL, EQ, 11-May-2021,33.95,34.7,35.6,32.3, 35.60,35.6,34.3,932581,319.87,3534, 445975, 47.82
BRFL, EQ, 11-May-2021,7.05,7.05,7.15,6.85, 6.95,6.9,7.0,384407,26.9,762, 329344, 85.68
BRIGADE, EQ, 11-May-2021,254.3,251.8,252.95,243.05, 245.35,246.1,248.04,329023,816.11,15354, 202026, 61.40
BRIGHT, SM, 11-May-2021,9.95,10.45,10.5,10.45, 10.50,10.5,10.47,9000,0.94,3, 9000, 100.00
BRITANNIA, EQ, 11-May-2021,3413.8,3413.8,3434.7,3396.05, 3421.00,3418.4,3416.48,455412,15559.07,33330, 227609, 49.98
BRITANNIA, N2, 11-May-2021,32.36,32.36,32.75,32.26, 32.43,32.58,32.41,6548,2.12,75, 4636, 70.80
BRNL, EQ, 11-May-2021,28.8,28.95,29.25,28.55, 28.95,29.0,28.96,36938,10.7,582, 26496, 71.73
BROOKS, EQ, 11-May-2021,86.85,87.0,89.0,85.2, 87.10,87.45,87.69,46969,41.19,608, 32702, 69.62
BSE, EQ, 11-May-2021,698.6,685.0,716.0,682.1, 707.00,706.7,701.59,675239,4737.38,29109, 230597, 34.15
BSHSL, EQ, 11-May-2021,136.65,136.1,141.1,135.5, 141.10,140.15,137.69,2145,2.95,48, 1748, 81.49
BSL, EQ, 11-May-2021,49.8,50.4,50.7,48.0, 48.75,48.6,49.62,93381,46.33,1641, 64495, 69.07
BSLGOLDETF, EQ, 11-May-2021,4375.85,4378.15,4395.0,4350.0, 4355.00,4361.55,4371.16,177,7.74,45, 134, 75.71
BSLNIFTY, EQ, 11-May-2021,164.06,164.06,164.06,160.8, 163.50,163.5,163.3,441,0.72,36, 383, 86.85
BSOFT, EQ, 11-May-2021,250.55,249.2,259.7,248.2, 255.50,255.85,255.07,1268970,3236.81,27691, 544001, 42.87
BTML, SM, 11-May-2021,65.0,70.0,70.0,70.0, 70.00,70.0,70.0,1200,0.84,1, 1200, 100.00
BURGERKING, EQ, 11-May-2021,128.65,128.65,130.65,127.5, 129.15,129.0,129.09,4099045,5291.25,17322, 420191, 10.25
BURNPUR, EQ, 11-May-2021,2.7,2.7,2.8,2.65, 2.75,2.75,2.76,237784,6.57,504, 173376, 72.91
BUTTERFLY, EQ, 11-May-2021,636.65,630.8,639.1,625.7, 633.00,629.8,629.92,66986,421.96,1924, 56649, 84.57
BVCL, BE, 11-May-2021,18.2,18.9,18.9,17.9, 18.85,18.75,18.38,12272,2.26,54, -, -
BYKE, EQ, 11-May-2021,19.6,19.95,21.25,19.35, 20.55,20.55,20.6,210490,43.37,1273, 109079, 51.82
CADILAHC, EQ, 11-May-2021,624.0,626.65,633.0,622.5, 631.30,629.85,628.56,13702473,86128.26,142998, 1847429, 13.48
CADSYS, SM, 11-May-2021,23.2,24.35,24.35,24.35, 24.35,24.35,24.35,6000,1.46,2, 6000, 100.00
CALSOFT, EQ, 11-May-2021,8.9,8.95,9.55,8.5, 9.55,9.35,9.28,69858,6.48,290, 45387, 64.97
CAMLINFINE, EQ, 11-May-2021,174.1,172.5,175.75,166.6, 168.00,168.6,171.76,597855,1026.88,9140, 257293, 43.04
CAMS, EQ, 11-May-2021,2359.45,2340.0,2398.0,2310.0, 2356.95,2328.1,2342.26,185347,4341.3,19972, 77490, 41.81
CANBK, EQ, 11-May-2021,147.15,144.0,152.3,143.35, 149.35,150.1,149.26,32755149,48891.53,105346, 7804362, 23.83
CANDC, BZ, 11-May-2021,4.5,4.4,4.5,4.3, 4.40,4.4,4.32,4471,0.19,9, -, -
CANFINHOME, EQ, 11-May-2021,513.1,505.5,520.75,505.5, 512.50,512.5,512.57,1121580,5748.85,11033, 894424, 79.75
CANTABIL, EQ, 11-May-2021,370.95,375.2,375.2,370.0, 370.00,370.7,371.56,84912,315.5,879, 11636, 13.70
CAPACITE, EQ, 11-May-2021,189.45,190.35,194.4,188.15, 193.50,193.7,190.87,72237,137.88,2056, 39066, 54.08
CAPLIPOINT, EQ, 11-May-2021,581.6,573.0,587.85,572.9, 578.00,577.1,577.35,390165,2252.61,10152, 202034, 51.78
CAPTRUST, EQ, 11-May-2021,79.8,78.75,83.75,78.75, 83.75,83.75,81.95,13413,10.99,283, 10867, 81.02
CARBORUNIV, EQ, 11-May-2021,570.4,570.0,598.2,561.55, 594.00,594.2,588.13,528983,3111.09,19691, 253038, 47.83
CAREERP, EQ, 11-May-2021,123.85,123.0,136.5,122.0, 132.85,132.7,131.87,156337,206.16,3090, 55185, 35.30
CARERATING, EQ, 11-May-2021,512.7,509.0,532.0,507.05, 523.15,523.1,523.81,228905,1199.03,10959, 114403, 49.98
CASTEXTECH, BE, 11-May-2021,0.65,0.65,0.7,0.6, 0.70,0.7,0.67,108790,0.73,142, -, -
CASTROLIND, EQ, 11-May-2021,126.05,125.35,127.4,124.95, 126.70,126.55,126.6,743906,941.79,8255, 376158, 50.57
CCCL, BE, 11-May-2021,0.35,0.35,0.35,0.3, 0.30,0.3,0.3,163501,0.49,44, -, -
CCHHL, EQ, 11-May-2021,4.5,4.5,4.6,4.4, 4.55,4.5,4.52,74645,3.37,179, 45207, 60.56
CCL, EQ, 11-May-2021,316.25,312.0,325.1,310.0, 317.30,318.7,319.48,973979,3111.69,30125, 361747, 37.14
CDSL, EQ, 11-May-2021,804.55,800.0,808.55,792.0, 797.00,798.0,801.49,371293,2975.89,15480, 215648, 58.08
CEATLTD, EQ, 11-May-2021,1281.5,1279.9,1292.75,1275.0, 1281.00,1278.25,1282.98,164508,2110.6,10418, 57169, 34.75
CEBBCO, EQ, 11-May-2021,16.85,16.7,17.1,16.5, 16.65,16.65,16.76,110524,18.52,748, 78649, 71.16
CELEBRITY, EQ, 11-May-2021,5.6,5.8,5.85,5.6, 5.80,5.8,5.75,36260,2.09,86, 27454, 75.71
CENTENKA, EQ, 11-May-2021,281.7,277.5,284.0,271.15, 275.00,274.75,277.77,69910,194.19,3403, 36817, 52.66
CENTEXT, EQ, 11-May-2021,6.5,6.65,7.1,6.3, 6.65,6.65,6.72,1347314,90.61,1634, 970115, 72.00
CENTRALBK, EQ, 11-May-2021,16.6,16.5,17.15,16.3, 17.10,17.1,16.95,11486004,1946.48,12000, 4603967, 40.08
CENTRUM, EQ, 11-May-2021,30.2,30.0,30.9,29.8, 30.35,30.5,30.5,2461215,750.6,5210, 907535, 36.87
CENTUM, EQ, 11-May-2021,391.0,382.05,398.8,380.0, 389.00,388.85,388.5,3929,15.26,366, 2397, 61.01
CENTURYPLY, EQ, 11-May-2021,344.0,344.0,344.6,336.1, 340.35,340.85,339.64,183906,624.63,6195, 108869, 59.20
CENTURYTEX, EQ, 11-May-2021,473.35,468.0,474.9,466.0, 468.10,469.5,470.03,387615,1821.91,8157, 111535, 28.77
CERA, EQ, 11-May-2021,3780.0,3751.0,3864.95,3751.0, 3825.00,3838.5,3806.59,4425,168.44,1331, 1361, 30.76
CEREBRAINT, EQ, 11-May-2021,51.45,51.7,53.25,50.85, 52.00,51.95,52.33,440894,230.73,2561, 256099, 58.09
CESC, EQ, 11-May-2021,646.15,646.2,655.45,639.0, 646.50,650.75,647.13,368418,2384.13,12449, 119850, 32.53
CGCL, EQ, 11-May-2021,461.05,470.0,470.0,455.0, 460.10,460.0,460.98,138772,639.71,1846, 114535, 82.53
CGPOWER, EQ, 11-May-2021,84.7,83.0,87.5,81.1, 85.45,85.5,85.17,3030770,2581.37,16473, 1764396, 58.22
CHALET, EQ, 11-May-2021,146.4,145.45,150.8,144.65, 148.95,149.1,148.48,167028,248.01,6183, 74751, 44.75
CHAMBLFERT, EQ, 11-May-2021,223.6,223.6,244.5,220.3, 231.15,230.6,233.77,8046496,18810.12,68433, 2195123, 27.28
CHEMBOND, EQ, 11-May-2021,234.25,234.0,239.45,228.65, 234.00,234.85,234.75,82140,192.82,4284, 51801, 63.06
CHEMCON, EQ, 11-May-2021,449.35,447.95,468.0,446.05, 464.60,463.35,461.48,681685,3145.84,19972, 225585, 33.09
CHEMFAB, EQ, 11-May-2021,152.0,150.0,156.0,148.65, 152.65,152.5,153.06,24163,36.98,412, 13860, 57.36
CHENNPETRO, EQ, 11-May-2021,112.9,111.8,124.8,111.0, 118.60,118.45,120.49,4891159,5893.29,43006, 1347863, 27.56
CHOLAFIN, EQ, 11-May-2021,554.15,550.0,554.4,532.4, 549.10,550.95,545.54,5071269,27665.94,71093, 1360476, 26.83
CHOLAHLDNG, EQ, 11-May-2021,566.15,566.0,572.0,562.6, 564.90,564.65,567.24,20352,115.45,1702, 9816, 48.23
CIGNITITEC, EQ, 11-May-2021,375.25,374.5,379.05,367.0, 369.65,368.75,370.88,60302,223.65,2832, 42068, 69.76
CINELINE, EQ, 11-May-2021,32.3,32.4,32.85,32.1, 32.80,32.55,32.42,31551,10.23,354, 19308, 61.20
CINEVISTA, BE, 11-May-2021,10.9,11.4,11.4,11.4, 11.40,11.4,11.4,17436,1.99,43, -, -
CIPLA, EQ, 11-May-2021,900.25,899.95,905.95,888.2, 891.40,890.9,895.31,5864464,52505.39,99053, 1644486, 28.04
CLEDUCATE, EQ, 11-May-2021,83.35,82.05,86.8,82.0, 83.00,85.5,83.13,110627,91.96,378, 103315, 93.39
CLNINDIA, EQ, 11-May-2021,476.75,478.0,487.2,469.0, 469.00,471.5,479.64,147756,708.7,7346, 77629, 52.54
CMICABLES, EQ, 11-May-2021,43.05,42.9,44.3,42.4, 44.00,43.9,43.67,20049,8.75,167, 15072, 75.18
CMMIPL, SM, 11-May-2021,13.45,14.1,14.1,14.1, 14.10,14.1,14.1,63000,8.88,12, 60000, 95.24
COALINDIA, EQ, 11-May-2021,147.05,146.45,156.75,145.15, 155.65,155.7,153.76,66582000,102378.4,281217, 13231931, 19.87
COCHINSHIP, EQ, 11-May-2021,369.1,369.0,373.8,364.0, 367.35,368.0,368.13,380216,1399.7,11302, 175367, 46.12
COFFEEDAY, EQ, 11-May-2021,30.55,30.6,35.2,30.35, 33.80,33.8,33.68,5680161,1913.29,23618, 2710286, 47.71
COFORGE, EQ, 11-May-2021,3222.1,3225.0,3469.9,3177.05, 3399.90,3418.4,3362.74,2264123,76136.66,125410, 135131, 5.97
COLPAL, EQ, 11-May-2021,1518.75,1517.8,1536.0,1510.4, 1527.30,1528.6,1526.47,244884,3738.08,17484, 90536, 36.97
COMPINFO, EQ, 11-May-2021,19.1,18.95,19.85,18.65, 19.25,19.15,19.3,634068,122.36,2920, 302385, 47.69
COMPUSOFT, EQ, 11-May-2021,8.75,8.75,8.95,8.6, 8.80,8.85,8.84,42619,3.77,278, 30223, 70.91
CONCOR, EQ, 11-May-2021,579.9,577.55,631.95,575.6, 612.75,612.5,617.26,10155865,62687.93,177000, 2070784, 20.39
CONFIPET, EQ, 11-May-2021,60.3,59.65,62.75,58.65, 61.45,61.2,61.5,1397603,859.46,10030, 564092, 40.36
CONSOFINVT, EQ, 11-May-2021,59.75,58.8,60.9,58.5, 60.30,59.0,58.94,7795,4.59,74, 6901, 88.53
CONTI, SM, 11-May-2021,5.75,6.0,6.0,6.0, 6.00,6.0,6.0,6666,0.4,2, 6666, 100.00
CONTROLPR, EQ, 11-May-2021,328.6,332.45,336.0,321.95, 325.00,327.7,329.51,25713,84.73,1210, 15574, 60.57
CORALFINAC, EQ, 11-May-2021,26.75,26.5,26.95,25.55, 26.50,26.75,26.45,32470,8.59,485, 18505, 56.99
CORDSCABLE, EQ, 11-May-2021,45.25,45.45,45.45,43.7, 44.40,44.05,44.46,20509,9.12,428, 15640, 76.26
COROMANDEL, EQ, 11-May-2021,734.4,734.0,770.0,734.0, 760.00,759.05,758.86,985040,7475.05,31964, 470922, 47.81
COSMOFILMS, EQ, 11-May-2021,684.8,680.8,712.5,680.8, 696.00,695.6,700.7,85195,596.96,4402, 40901, 48.01
COUNCODOS, EQ, 11-May-2021,2.1,2.1,2.15,2.05, 2.15,2.15,2.1,58394,1.22,121, 47654, 81.61
COX&KINGS, BZ, 11-May-2021,1.1,1.1,1.1,1.05, 1.10,1.1,1.08,405459,4.39,172, -, -
CPSEETF, EQ, 11-May-2021,24.72,24.67,25.63,24.0, 25.56,25.53,25.11,35790562,8986.66,27170, 32527868, 90.88
CRAFTSMAN, EQ, 11-May-2021,1535.5,1519.0,1535.0,1492.35, 1500.00,1499.6,1508.24,151515,2285.21,8796, 119077, 78.59
CREATIVE, EQ, 11-May-2021,92.55,92.9,93.9,91.0, 91.00,91.35,93.07,42620,39.67,225, 28012, 65.73
CREDITACC, EQ, 11-May-2021,608.9,611.95,619.8,593.7, 595.65,594.9,601.92,232584,1399.98,17366, 145939, 62.75
CREST, EQ, 11-May-2021,87.95,87.0,91.0,86.9, 90.00,89.95,89.38,8968,8.02,228, 4736, 52.81
CRISIL, EQ, 11-May-2021,1897.5,1898.0,1912.0,1887.45, 1900.00,1906.9,1902.63,9535,181.42,1775, 5692, 59.70
CROMPTON, EQ, 11-May-2021,377.65,374.0,379.65,370.05, 371.45,371.15,374.42,733233,2745.34,17836, 499079, 68.07
CROWN, SM, 11-May-2021,56.1,53.8,53.8,53.7, 53.70,53.7,53.75,2000,1.08,2, 1000, 50.00
CSBBANK, EQ, 11-May-2021,272.2,271.6,278.75,266.5, 274.40,274.05,271.25,631281,1712.35,10762, 194935, 30.88
CTE, EQ, 11-May-2021,31.85,30.55,33.4,30.55, 33.35,33.25,33.08,40208,13.3,252, 28672, 71.31
CUB, EQ, 11-May-2021,167.35,165.35,168.5,164.85, 166.00,166.15,166.85,1242977,2073.95,14339, 541076, 43.53
CUBEXTUB, BE, 11-May-2021,29.95,29.7,30.1,28.6, 30.05,30.0,29.57,7348,2.17,59, -, -
CUMMINSIND, EQ, 11-May-2021,829.7,825.1,846.8,806.0, 829.80,829.55,834.4,1071007,8936.45,22486, 507291, 47.37
CUPID, EQ, 11-May-2021,242.5,240.0,240.3,230.8, 233.70,233.5,235.56,64231,151.3,2968, 40902, 63.68
CYBERMEDIA, EQ, 11-May-2021,10.05,10.15,10.55,9.55, 9.55,9.6,9.86,41494,4.09,195, 29604, 71.35
CYBERTECH, EQ, 11-May-2021,152.05,150.5,155.8,142.65, 149.80,147.6,150.56,420930,633.75,10376, 178173, 42.33
CYIENT, EQ, 11-May-2021,757.05,756.0,778.0,752.0, 767.70,768.7,767.8,234231,1798.42,16162, 124986, 53.36
DAAWAT, EQ, 11-May-2021,76.35,75.35,82.45,75.1, 82.40,81.35,79.91,5080174,4059.71,26636, 1774389, 34.93
DABUR, EQ, 11-May-2021,522.75,522.75,526.8,520.4, 525.50,525.45,523.19,2458535,12862.77,56401, 1197201, 48.70
DALALSTCOM, BE, 11-May-2021,0.85,0.8,0.9,0.8, 0.85,0.8,0.83,31439,0.26,45, -, -
DALBHARAT, EQ, 11-May-2021,1652.6,1652.6,1743.0,1632.9, 1725.00,1722.3,1699.83,435044,7395.0,40236, 353373, 81.23
DALMIASUG, EQ, 11-May-2021,316.15,312.8,342.7,310.0, 325.00,322.55,326.31,691170,2255.33,12981, 223842, 32.39
DAMODARIND, EQ, 11-May-2021,27.85,27.85,29.15,27.65, 28.70,28.4,28.74,56562,16.25,1929, 32191, 56.91
DANGEE, BE, 11-May-2021,160.05,161.0,163.0,161.0, 163.00,163.0,162.46,1489,2.42,59, -, -
DATAMATICS, EQ, 11-May-2021,131.8,130.8,139.9,128.7, 137.00,135.4,136.34,669825,913.22,12398, 259854, 38.79
DBCORP, EQ, 11-May-2021,83.6,83.0,86.1,82.85, 85.50,85.25,84.68,204321,173.01,2547, 93137, 45.58
DBL, EQ, 11-May-2021,535.5,534.0,545.0,531.9, 540.00,540.4,540.04,196889,1063.27,5772, 85669, 43.51
DBREALTY, EQ, 11-May-2021,19.95,19.95,20.9,19.55, 20.85,20.75,20.21,368459,74.48,1802, 251416, 68.23
DBSTOCKBRO, EQ, 11-May-2021,9.35,9.75,10.2,9.1, 9.95,9.95,9.62,56502,5.44,116, 44272, 78.35
DCAL, EQ, 11-May-2021,193.6,192.0,199.0,188.15, 189.00,190.4,193.67,3226045,6247.73,31599, 739725, 22.93
DCBBANK, EQ, 11-May-2021,92.7,92.85,99.8,91.8, 99.05,98.75,96.7,6020451,5821.8,34375, 1752445, 29.11
DCM, EQ, 11-May-2021,26.75,26.75,27.15,25.3, 26.65,26.1,26.36,47215,12.45,436, 27992, 59.29
DCMFINSERV, EQ, 11-May-2021,1.85,1.9,1.9,1.8, 1.85,1.85,1.81,29540,0.53,48, 26962, 91.27
DCMNVL, EQ, 11-May-2021,97.05,101.9,101.9,97.0, 97.90,97.8,100.68,78123,78.65,669, 55384, 70.89
DCMSHRIRAM, EQ, 11-May-2021,716.6,709.0,722.8,702.0, 704.20,703.65,711.42,247243,1758.94,9380, 71886, 29.08
DCW, EQ, 11-May-2021,34.95,34.5,35.45,34.15, 34.50,34.55,34.9,1860304,649.22,5789, 1036730, 55.73
DECCANCE, EQ, 11-May-2021,452.05,447.75,458.9,444.95, 455.00,453.4,450.87,64179,289.36,2885, 35014, 54.56
DEEPAKFERT, EQ, 11-May-2021,269.8,269.2,286.0,267.35, 279.50,282.5,279.49,985564,2754.58,22544, 381021, 38.66
DEEPAKNTR, EQ, 11-May-2021,1775.8,1768.0,1829.2,1755.8, 1794.80,1797.45,1793.11,1270066,22773.62,54548, 381419, 30.03
DEEPENR, EQ, 11-May-2021,37.85,38.45,39.6,37.2, 38.50,38.5,38.72,58794,22.77,696, 32950, 56.04
DEEPINDS, EQ, 11-May-2021,55.0,60.0,60.5,60.0, 60.50,60.5,60.5,7633,4.62,39, 7633, 100.00
DELTACORP, EQ, 11-May-2021,147.8,147.0,152.3,145.4, 148.40,148.35,148.74,3375803,5021.26,25349, 1484423, 43.97
DELTAMAGNT, EQ, 11-May-2021,29.3,28.8,29.8,28.55, 29.50,29.4,29.49,3219,0.95,101, 2350, 73.00
DEN, EQ, 11-May-2021,44.95,44.95,45.25,44.55, 44.85,44.85,44.9,1434714,644.12,11573, 902492, 62.90
DENORA, EQ, 11-May-2021,270.95,285.0,290.0,272.6, 274.80,276.45,281.16,53535,150.52,1686, 29035, 54.24
DFMFOODS, EQ, 11-May-2021,337.9,335.3,342.35,335.0, 337.50,336.35,338.03,69086,233.53,3077, 41911, 60.66
DGCONTENT, EQ, 11-May-2021,7.35,7.55,7.85,7.3, 7.55,7.55,7.48,28968,2.17,329, 23773, 82.07
DHAMPURSUG, EQ, 11-May-2021,331.3,329.9,353.7,321.4, 333.00,333.05,337.76,2925068,9879.58,45626, 931384, 31.84
DHANBANK, EQ, 11-May-2021,14.45,14.45,14.65,14.2, 14.40,14.35,14.44,1149858,166.05,1715, 777444, 67.61
DHANI, EQ, 11-May-2021,175.35,176.1,182.0,176.0, 180.55,180.85,179.48,858330,1540.52,10942, 435248, 50.71
DHANILOANS, N3, 11-May-2021,999.99,999.99,999.99,989.1, 989.10,999.3,999.34,111,1.11,7, 111, 100.00
DHANILOANS, N5, 11-May-2021,1225.2,1225.0,1230.3,1225.0, 1230.30,1230.3,1225.48,55,0.67,3, 55, 100.00
DHANILOANS, N8, 11-May-2021,1153.53,1160.0,1160.0,1160.0, 1160.00,1160.0,1160.0,100,1.16,1, 100, 100.00
DHANILOANS, NA, 11-May-2021,1061.0,1070.0,1080.0,1070.0, 1072.20,1072.2,1073.04,25,0.27,7, 25, 100.00
DHANILOANS, NC, 11-May-2021,956.0,980.01,980.01,980.0, 980.00,980.0,980.0,75,0.74,3, 75, 100.00
DHANILOANS, ND, 11-May-2021,1068.0,1069.8,1080.0,1069.8, 1080.00,1080.0,1070.78,140,1.5,5, 140, 100.00
DHANILOANS, NF, 11-May-2021,969.0,979.0,979.0,979.0, 979.00,979.0,979.0,29,0.28,2, 29, 100.00
DHANILOANS, NH, 11-May-2021,1000.0,851.0,999.99,851.0, 999.99,999.99,910.62,100,0.91,3, 60, 60.00
DHANIPP, E1, 11-May-2021,79.45,78.0,82.3,78.0, 80.40,80.45,80.8,93370,75.44,1035, 51238, 54.88
DHANUKA, EQ, 11-May-2021,847.6,843.0,873.0,832.6, 859.00,855.65,862.08,324211,2794.97,13021, 132791, 40.96
DHARSUGAR, EQ, 11-May-2021,8.6,8.9,9.0,8.9, 9.00,9.0,8.97,16632,1.49,45, 16632, 100.00
DHFL, EQ, 11-May-2021,15.4,15.3,15.7,15.15, 15.60,15.55,15.45,1054421,162.9,2660, 603257, 57.21
DHFL, N6, 11-May-2021,321.39,332.5,332.99,320.51, 320.51,320.51,326.54,220,0.72,5, 0, 0.00
DHFL, NC, 11-May-2021,353.12,357.89,358.0,357.89, 358.00,358.0,357.91,172,0.62,2, 172, 100.00
DHFL, NN, 11-May-2021,345.1,340.75,341.52,340.75, 341.52,341.52,341.43,65,0.22,3, 65, 100.00
DHFL, NP, 11-May-2021,369.9,346.01,351.0,346.01, 351.00,351.0,349.94,17,0.06,3, 13, 76.47
DHFL, NQ, 11-May-2021,315.0,320.0,336.0,315.0, 320.00,320.0,319.83,971,3.11,22, 867, 89.29
DHFL, NX, 11-May-2021,315.0,334.99,334.99,315.01, 320.01,320.01,327.48,240,0.79,12, 202, 84.17
DHFL, NY, 11-May-2021,324.83,325.0,325.0,325.0, 325.00,325.0,325.0,100,0.33,1, 100, 100.00
DHFL, Y1, 11-May-2021,315.0,329.49,330.0,329.49, 330.00,330.0,329.64,494,1.63,10, 494, 100.00
DHUNINV, EQ, 11-May-2021,321.15,324.8,385.35,308.5, 385.35,385.35,370.49,44162,163.62,2336, 17735, 40.16
DIAMONDYD, EQ, 11-May-2021,549.5,547.9,554.0,542.3, 547.00,546.0,547.55,2997,16.41,495, 1903, 63.50
DIAPOWER, BZ, 11-May-2021,0.7,0.7,0.75,0.65, 0.75,0.75,0.74,128744,0.95,65, -, -
DICIND, EQ, 11-May-2021,395.5,396.0,411.95,391.9, 405.00,404.85,402.21,5490,22.08,395, 3272, 59.60
DIGISPICE, EQ, 11-May-2021,33.4,35.05,35.05,35.05, 35.05,35.05,35.05,46724,16.38,69, 46724, 100.00
DISHTV, EQ, 11-May-2021,13.25,12.8,13.8,12.8, 13.35,13.35,13.44,25119618,3376.89,17917, 16216087, 64.56
DIVISLAB, EQ, 11-May-2021,4139.3,4120.1,4171.2,4055.1, 4073.00,4073.6,4089.57,483699,19781.21,41830, 108528, 22.44
DIXON, EQ, 11-May-2021,3866.6,3887.95,3988.95,3830.0, 3956.00,3963.4,3937.58,191647,7546.26,24847, 67765, 35.36
DLF, EQ, 11-May-2021,266.1,263.95,271.7,262.0, 265.00,265.5,267.47,9244129,24725.18,62549, 2470056, 26.72
DLINKINDIA, EQ, 11-May-2021,102.75,101.55,113.0,101.2, 107.70,107.8,109.11,1138217,1241.88,22459, 261094, 22.94
DMART, EQ, 11-May-2021,2852.45,2850.0,2884.6,2825.0, 2849.00,2850.55,2856.03,323511,9239.58,34717, 119461, 36.93
DNAMEDIA, EQ, 11-May-2021,1.3,1.35,1.35,1.35, 1.35,1.35,1.35,29798,0.4,32, 29798, 100.00
DOLAT, EQ, 11-May-2021,69.1,69.0,71.3,67.2, 69.10,69.2,69.54,373267,259.58,4045, 178394, 47.79
DOLLAR, EQ, 11-May-2021,248.6,245.5,255.0,244.85, 250.80,250.15,251.41,66247,166.55,1873, 34124, 51.51
DONEAR, EQ, 11-May-2021,32.8,32.8,33.6,32.05, 32.55,32.75,33.07,85593,28.31,909, 52059, 60.82
DPABHUSHAN, EQ, 11-May-2021,117.75,117.2,117.55,114.0, 117.50,116.3,115.69,1417,1.64,38, 1268, 89.48
DPSCLTD, EQ, 11-May-2021,12.15,12.15,12.9,12.1, 12.60,12.5,12.57,40653,5.11,179, 28029, 68.95
DPWIRES, EQ, 11-May-2021,126.45,127.45,129.45,125.0, 127.40,126.8,126.94,5539,7.03,162, 3826, 69.07
DRCSYSTEMS, BE, 11-May-2021,224.05,218.2,235.25,218.0, 235.25,235.25,228.9,3977,9.1,81, -, -
DREDGECORP, EQ, 11-May-2021,380.9,378.95,417.7,375.9, 397.30,398.8,404.89,1485979,6016.52,40679, 261834, 17.62
DRREDDY, EQ, 11-May-2021,5327.55,5325.0,5349.95,5271.3, 5291.30,5295.95,5303.99,944890,50116.86,62807, 268473, 28.41
DSSL, EQ, 11-May-2021,117.1,117.0,119.0,112.0, 115.00,115.25,115.61,100808,116.54,2295, 42884, 42.54
DTIL, EQ, 11-May-2021,309.85,309.85,339.9,294.45, 333.00,331.7,330.58,94865,313.61,3351, 40544, 42.74
DUCON, EQ, 11-May-2021,7.15,7.4,7.4,7.0, 7.10,7.15,7.19,75601,5.44,279, 53923, 71.33
DVL, EQ, 11-May-2021,127.2,126.9,146.9,124.6, 140.00,139.65,139.35,291011,405.53,4732, 133494, 45.87
DWARKESH, EQ, 11-May-2021,56.95,55.8,59.35,54.55, 55.90,55.7,57.23,10356408,5927.33,33443, 4415005, 42.63
DYNAMATECH, EQ, 11-May-2021,990.2,1022.0,1049.9,992.0, 1025.00,1014.0,1016.34,13839,140.65,2509, 7243, 52.34
DYNPRO, EQ, 11-May-2021,503.3,499.0,520.0,490.0, 506.50,508.5,510.54,39872,203.56,2383, 20741, 52.02
E2E, SM, 11-May-2021,37.0,37.0,37.0,37.0, 37.00,37.0,37.0,2000,0.74,1, 2000, 100.00
EASEMYTRIP, EQ, 11-May-2021,188.2,187.0,190.65,185.85, 188.55,189.4,188.98,914035,1727.35,13222, 542358, 59.34
EASTSILK, BE, 11-May-2021,3.45,3.6,3.6,3.6, 3.60,3.6,3.6,7012,0.25,13, -, -
EASUNREYRL, BZ, 11-May-2021,2.25,2.35,2.35,2.2, 2.20,2.2,2.23,5390,0.12,21, -, -
EBANK, EQ, 11-May-2021,3605.0,3496.85,3496.85,3496.85, 3496.85,3496.85,3496.85,1,0.03,1, 1, 100.00
EBBETF0423, EQ, 11-May-2021,1126.03,1127.25,1127.25,1125.83, 1126.02,1126.87,1126.19,3163,35.62,67, 2743, 86.72
EBBETF0425, EQ, 11-May-2021,1042.55,1043.0,1044.4,1043.0, 1043.35,1043.29,1043.95,8728,91.12,27, 8708, 99.77
EBBETF0430, EQ, 11-May-2021,1151.8,1152.49,1152.49,1147.58, 1151.50,1152.26,1152.08,8003,92.2,202, 7421, 92.73
EBBETF0431, EQ, 11-May-2021,1035.43,1033.9,1036.49,1033.9, 1036.45,1036.16,1035.94,8476,87.81,137, 8020, 94.62
EBIXFOREX, EQ, 11-May-2021,470.6,477.0,477.8,455.0, 470.80,469.8,466.94,3169,14.8,403, 1840, 58.06
ECLERX, EQ, 11-May-2021,1250.1,1250.1,1259.95,1217.0, 1236.85,1231.85,1238.27,20411,252.74,3429, 11851, 58.06
ECLFINANCE, NG, 11-May-2021,955.1,965.0,965.0,965.0, 965.00,965.0,965.0,77,0.74,3, 51, 66.23
ECLFINANCE, NH, 11-May-2021,1190.0,1199.0,1200.0,1199.0, 1200.00,1200.0,1199.2,61,0.73,3, 61, 100.00
ECLFINANCE, NI, 11-May-2021,1010.0,1005.0,1005.0,1005.0, 1005.00,1005.0,1005.0,271,2.72,5, 271, 100.00
ECLFINANCE, NJ, 11-May-2021,935.71,940.0,944.5,940.0, 944.00,944.0,943.11,198,1.87,7, 169, 85.35
ECLFINANCE, NK, 11-May-2021,965.0,959.0,972.95,958.7, 969.00,969.91,962.54,917,8.83,13, 914, 99.67
ECLFINANCE, NM, 11-May-2021,1018.0,1005.9,1026.0,1005.89, 1012.00,1012.0,1012.71,370,3.75,10, 270, 72.97
ECLFINANCE, NN, 11-May-2021,1229.0,1229.0,1229.0,1229.0, 1229.00,1229.0,1229.0,320,3.93,4, 320, 100.00
ECLFINANCE, NO, 11-May-2021,997.99,996.95,1000.0,995.0, 995.00,995.0,998.24,2200,21.96,11, 2200, 100.00
ECLFINANCE, NP, 11-May-2021,976.0,975.01,975.01,957.01, 957.01,957.01,964.21,150,1.45,3, 150, 100.00
ECLFINANCE, NR, 11-May-2021,999.99,999.99,1000.0,991.35, 999.00,996.73,997.11,1024,10.21,35, 885, 86.43
ECLFINANCE, NS, 11-May-2021,980.0,980.0,980.05,980.0, 980.00,980.0,980.0,674,6.61,24, 634, 94.07
EDELWEISS, EQ, 11-May-2021,62.0,61.0,64.45,60.6, 62.30,62.85,62.71,2377234,1490.75,12811, 1229530, 51.72
EDUCOMP, BZ, 11-May-2021,3.05,3.15,3.2,2.95, 3.20,3.1,3.1,66805,2.07,156, -, -
EHFLNCD, N5, 11-May-2021,948.01,951.0,951.0,950.01, 950.01,950.01,950.51,20,0.19,2, 20, 100.00
EHFLNCD, N6, 11-May-2021,998.99,999.99,1000.0,996.0, 1000.00,1000.0,999.67,1161,11.61,22, 1161, 100.00
EICHERMOT, EQ, 11-May-2021,2447.25,2410.5,2477.9,2410.5, 2472.95,2471.2,2456.19,500446,12291.88,32153, 107342, 21.45
EIDPARRY, EQ, 11-May-2021,439.3,436.65,455.0,428.1, 437.00,435.9,441.42,756275,3338.34,13307, 286649, 37.90
EIHAHOTELS, EQ, 11-May-2021,239.2,239.2,244.35,235.15, 240.00,240.7,240.73,21307,51.29,862, 10508, 49.32
EIHOTEL, EQ, 11-May-2021,89.2,88.5,93.4,88.2, 91.60,91.55,91.85,836864,768.68,8243, 262245, 31.34
EIMCOELECO, EQ, 11-May-2021,366.85,365.3,372.0,363.65, 371.00,368.2,368.04,1013,3.73,150, 620, 61.20
EKC, EQ, 11-May-2021,119.15,113.2,125.1,113.2, 113.70,113.5,117.12,7682336,8997.84,45056, 1980126, 25.78
ELECON, EQ, 11-May-2021,91.45,91.0,91.65,89.1, 90.15,90.4,90.34,279099,252.14,3501, 152058, 54.48
ELECTCAST, EQ, 11-May-2021,33.4,32.85,33.35,32.0, 32.50,32.3,32.73,1000186,327.33,2676, 732068, 73.19
ELECTHERM, EQ, 11-May-2021,131.65,130.0,131.5,127.25, 128.50,129.0,129.44,44627,57.77,1324, 24971, 55.95
ELGIEQUIP, EQ, 11-May-2021,215.05,214.85,222.55,212.0, 213.75,213.1,215.65,205302,442.73,6326, 111446, 54.28
ELGIRUBCO, EQ, 11-May-2021,37.25,37.8,41.5,36.2, 38.50,38.6,39.01,605003,235.98,4061, 309971, 51.23
EMAMILTD, EQ, 11-May-2021,483.5,482.35,485.0,478.2, 483.00,483.95,482.48,375305,1810.76,9392, 311860, 83.10
EMAMIPAP, EQ, 11-May-2021,126.4,126.95,129.6,123.0, 126.45,125.8,127.05,19540,24.83,841, 7944, 40.66
EMAMIREAL, EQ, 11-May-2021,45.7,45.95,45.95,44.25, 45.50,45.25,45.19,32171,14.54,487, 21798, 67.76
EMBASSY, RR, 11-May-2021,316.99,316.24,317.48,314.7, 316.00,316.04,315.23,2642400,8329.65,1819, 2519400, 95.35
EMCO, BZ, 11-May-2021,1.45,1.5,1.5,1.4, 1.50,1.5,1.44,34983,0.5,34, -, -
EMKAY, EQ, 11-May-2021,72.05,70.0,73.8,68.1, 69.15,69.75,70.9,74559,52.86,1247, 43682, 58.59
EMKAYTOOLS, SM, 11-May-2021,110.25,115.0,115.0,115.0, 115.00,115.0,115.0,600,0.69,1, 600, 100.00
EMMBI, EQ, 11-May-2021,96.9,95.0,102.95,93.0, 98.10,98.35,98.75,91823,90.67,2721, 41686, 45.40
EMOFSR1RDP, MF, 11-May-2021,14.43,14.2,14.5,14.2, 14.50,14.46,14.44,7100,1.02,4, 7100, 100.00
EMOFSR1RGG, MF, 11-May-2021,14.29,14.29,14.4,14.22, 14.40,14.36,14.3,41940,6.0,29, 41940, 100.00
ENDURANCE, EQ, 11-May-2021,1325.05,1315.0,1353.9,1307.25, 1336.00,1327.05,1326.96,166010,2202.88,9845, 123117, 74.16
ENERGYDEV, EQ, 11-May-2021,8.85,8.9,9.25,8.8, 9.20,9.2,9.14,114125,10.43,413, 97471, 85.41
ENGINERSIN, EQ, 11-May-2021,78.25,78.0,83.9,77.0, 82.60,82.0,81.98,12687641,10401.57,45635, 3531121, 27.83
ENIL, EQ, 11-May-2021,148.4,147.95,157.4,146.6, 151.10,150.85,152.25,90453,137.72,1514, 18451, 20.40
EPL, EQ, 11-May-2021,238.0,238.0,248.7,235.0, 235.00,236.45,242.28,566094,1371.51,11483, 301887, 53.33
EQ30, EQ, 11-May-2021,421.7,426.38,426.38,421.7, 422.50,422.5,424.04,54,0.23,12, 54, 100.00
EQUITAS, EQ, 11-May-2021,83.9,82.9,83.6,80.3, 81.75,81.6,81.81,2934778,2401.01,20206, 2166797, 73.83
EQUITASBNK, EQ, 11-May-2021,56.8,55.75,56.6,55.75, 56.15,56.1,56.06,368459,206.57,4132, 239568, 65.02
ERFLNCDI, N3, 11-May-2021,945.0,945.0,945.0,945.0, 945.00,945.0,945.0,25,0.24,2, 25, 100.00
ERFLNCDI, N5, 11-May-2021,900.0,898.85,898.85,898.85, 898.85,898.85,898.85,1,0.01,1, 1, 100.00
ERFLNCDI, N6, 11-May-2021,870.0,865.0,865.0,865.0, 865.00,865.0,865.0,50,0.43,1, 50, 100.00
ERIS, EQ, 11-May-2021,653.3,647.4,671.0,645.0, 660.20,661.3,661.71,289680,1916.83,10687, 56387, 19.47
EROSMEDIA, EQ, 11-May-2021,21.3,21.4,21.75,20.95, 21.75,21.6,21.4,187106,40.05,1102, 138781, 74.17
ESABINDIA, EQ, 11-May-2021,1794.55,1792.0,1808.3,1789.2, 1796.00,1798.0,1799.95,2244,40.39,498, 1576, 70.23
ESCORTS, EQ, 11-May-2021,1182.15,1177.0,1181.0,1162.0, 1174.50,1175.95,1171.57,712524,8347.7,32198, 196789, 27.62
ESSARSHPNG, EQ, 11-May-2021,9.8,10.2,10.2,9.2, 9.65,9.7,9.81,221441,21.73,832, 113219, 51.13
ESTER, EQ, 11-May-2021,143.15,142.0,145.6,137.6, 140.30,140.75,142.7,316789,452.07,5229, 162639, 51.34
EVEREADY, EQ, 11-May-2021,293.9,292.6,297.9,288.0, 294.25,293.8,294.21,371131,1091.9,5235, 258228, 69.58
EVERESTIND, EQ, 11-May-2021,366.05,361.1,366.8,355.1, 360.00,359.7,361.17,132688,479.23,5253, 66298, 49.97
EXCEL, EQ, 11-May-2021,2.4,2.5,2.5,2.4, 2.50,2.5,2.5,31837,0.8,65, 29904, 93.93
EXCELINDUS, EQ, 11-May-2021,1089.65,1089.65,1119.9,1063.3, 1097.00,1097.8,1099.05,52031,571.85,5136, 23334, 44.85
EXIDEIND, EQ, 11-May-2021,185.5,184.7,187.9,183.25, 186.10,186.6,186.32,4795549,8934.96,34605, 1015710, 21.18
EXPLEOSOL, EQ, 11-May-2021,701.15,698.0,731.6,687.0, 719.95,717.95,713.0,214955,1532.63,15498, 84667, 39.39
FACT, EQ, 11-May-2021,119.1,117.6,124.2,117.0, 122.00,120.95,121.81,850189,1035.63,15018, 208995, 24.58
FAIRCHEMOR, EQ, 11-May-2021,859.45,870.0,874.7,841.55, 847.05,845.2,857.83,11457,98.28,1074, 7818, 68.24
FCL, EQ, 11-May-2021,83.4,83.0,85.95,82.55, 84.35,83.95,84.56,677730,573.06,6206, 362795, 53.53
FCONSUMER, EQ, 11-May-2021,6.8,6.8,6.9,6.7, 6.75,6.75,6.77,5493338,372.02,4879, 2630753, 47.89
FCSSOFT, EQ, 11-May-2021,0.85,0.9,0.9,0.8, 0.90,0.9,0.89,8335063,73.94,3119, 5553250, 66.63
FDC, EQ, 11-May-2021,333.1,330.1,338.75,330.1, 335.00,335.05,336.22,378525,1272.67,6146, 208175, 55.00
FEDERALBNK, EQ, 11-May-2021,79.55,79.0,83.4,78.1, 81.75,81.8,81.58,32415840,26444.5,68777, 6921623, 21.35
FEL, EQ, 11-May-2021,9.0,9.0,9.15,8.95, 9.00,9.05,9.03,541422,48.86,979, 296207, 54.71
FELDVR, EQ, 11-May-2021,12.3,12.7,12.7,11.85, 12.20,12.2,12.17,19377,2.36,122, 13047, 67.33
FELIX, SM, 11-May-2021,44.9,46.4,46.4,42.7, 42.70,42.7,44.55,8000,3.56,2, 4000, 50.00
FIEMIND, EQ, 11-May-2021,581.7,575.25,583.5,570.0, 573.15,572.6,575.7,15122,87.06,1443, 8525, 56.37
FILATEX, EQ, 11-May-2021,100.2,99.3,109.5,96.4, 103.95,105.9,105.42,1983814,2091.37,15222, 748474, 37.73
FINCABLES, EQ, 11-May-2021,359.6,356.0,361.8,356.0, 358.60,359.45,359.48,63426,228.0,3693, 37898, 59.75
FINEORG, EQ, 11-May-2021,3242.5,3242.0,3327.0,3160.0, 3305.00,3290.55,3266.86,56835,1856.72,8976, 13870, 24.40
FINPIPE, EQ, 11-May-2021,155.15,155.0,157.35,148.65, 155.75,155.55,155.63,501868,781.05,10452, 266200, 53.04
FLEXITUFF, EQ, 11-May-2021,25.1,25.3,26.35,24.2, 26.35,26.25,25.32,37503,9.5,137, 33483, 89.28
FLFL, EQ, 11-May-2021,52.75,52.5,55.35,52.4, 52.85,52.7,53.11,195267,103.72,1106, 123428, 63.21
FLUOROCHEM, EQ, 11-May-2021,843.7,843.7,861.1,835.15, 850.00,848.8,850.04,118477,1007.1,7254, 53242, 44.94
FMGOETZE, EQ, 11-May-2021,289.55,285.8,296.0,284.25, 293.50,293.1,292.53,209040,611.51,4557, 107668, 51.51
FMNL, EQ, 11-May-2021,14.0,14.25,14.45,13.7, 14.30,14.3,14.21,30695,4.36,266, 23328, 76.00
FOCUS, SM, 11-May-2021,21.6,21.0,21.0,21.0, 21.00,21.0,21.0,3000,0.63,1, 3000, 100.00
FORCEMOT, EQ, 11-May-2021,1203.1,1209.95,1239.8,1198.05, 1214.90,1210.5,1222.79,59969,733.3,5082, 17375, 28.97
FORTIS, EQ, 11-May-2021,234.45,232.85,242.1,230.1, 235.40,236.2,237.01,8886344,21061.47,75396, 2541071, 28.60
FOSECOIND, EQ, 11-May-2021,1428.0,1415.0,1426.45,1393.5, 1411.80,1407.75,1409.15,2132,30.04,459, 1009, 47.33
FRETAIL, EQ, 11-May-2021,45.75,45.6,46.55,45.0, 45.85,45.85,45.8,2254877,1032.65,18397, 1240396, 55.01
FSC, EQ, 11-May-2021,70.25,71.9,71.9,70.05, 71.90,71.15,70.94,30901,21.92,764, 19389, 62.75
FSL, EQ, 11-May-2021,126.55,126.0,131.5,122.15, 122.85,123.15,126.12,9702008,12236.57,62785, 2245820, 23.15
G5, EQ, 11-May-2021,48.21,48.3,48.3,48.21, 48.25,48.25,48.24,420,0.2,22, 334, 79.52
GABRIEL, EQ, 11-May-2021,108.2,106.9,109.7,106.4, 107.70,107.4,107.91,259816,280.38,4095, 138220, 53.20
GAEL, EQ, 11-May-2021,165.95,168.05,178.2,166.75, 176.90,175.95,174.35,1586452,2765.99,18473, 868914, 54.77
GAIL, EQ, 11-May-2021,154.55,153.0,163.5,152.2, 162.20,161.9,159.87,35774024,57193.64,189045, 8181162, 22.87
GAL, EQ, 11-May-2021,2.5,2.5,2.75,2.5, 2.75,2.75,2.67,167351,4.47,307, 142800, 85.33
GALAXYSURF, EQ, 11-May-2021,2871.95,2861.0,2922.0,2860.0, 2886.00,2878.3,2891.69,18226,527.04,3687, 8917, 48.92
GALLANTT, EQ, 11-May-2021,70.1,68.0,69.55,64.4, 67.00,66.55,67.15,510350,342.72,8197, 178271, 34.93
GALLISPAT, EQ, 11-May-2021,56.45,55.8,60.3,52.45, 52.75,53.05,56.08,995103,558.03,11455, 511464, 51.40
GAMMNINFRA, EQ, 11-May-2021,0.75,0.75,0.9,0.7, 0.85,0.85,0.81,9206591,74.2,1643, 5211014, 56.60
GANDHITUBE, EQ, 11-May-2021,305.0,305.0,305.8,298.6, 302.35,302.1,301.63,7882,23.77,546, 4769, 60.50
GANECOS, EQ, 11-May-2021,581.2,563.0,583.95,563.0, 579.00,578.55,575.87,16414,94.52,849, 10730, 65.37
GANESHHOUC, EQ, 11-May-2021,68.45,69.35,69.35,66.0, 68.30,67.9,67.3,51827,34.88,489, 37673, 72.69
GANGAFORGE, SM, 11-May-2021,60.05,59.75,60.0,59.75, 60.00,60.0,59.87,24000,14.37,3, 16000, 66.67
GANGESSECU, EQ, 11-May-2021,77.4,73.8,77.2,71.4, 71.75,71.85,74.04,18234,13.5,525, 10817, 59.32
GARFIBRES, EQ, 11-May-2021,2634.5,2654.0,2700.0,2616.35, 2699.95,2695.9,2689.17,13312,357.98,2878, 7230, 54.31
GATI, EQ, 11-May-2021,105.95,104.95,112.0,104.3, 108.55,108.4,109.66,1395463,1530.23,12063, 424624, 30.43
GAYAHWS, EQ, 11-May-2021,0.65,0.65,0.65,0.6, 0.65,0.65,0.62,430796,2.65,170, 277271, 64.36
GAYAPROJ, EQ, 11-May-2021,28.7,28.55,29.65,28.25, 28.95,28.75,28.87,457846,132.2,1918, 288694, 63.05
GBGLOBAL, EQ, 11-May-2021,7.15,7.45,7.5,6.8, 7.50,7.5,7.49,18949,1.42,37, 18736, 98.88
GDL, EQ, 11-May-2021,250.1,250.0,261.0,248.05, 259.40,256.05,254.06,702191,1783.98,36656, 396315, 56.44
GEECEE, EQ, 11-May-2021,110.35,108.6,111.95,107.05, 110.00,109.75,109.78,14991,16.46,315, 10871, 72.52
GEEKAYWIRE, EQ, 11-May-2021,95.85,93.5,94.0,86.95, 92.70,92.4,92.27,6676,6.16,276, 3794, 56.83
GENCON, EQ, 11-May-2021,44.2,44.5,46.25,43.25, 44.15,44.75,45.01,4734,2.13,93, 3110, 65.69
GENESYS, EQ, 11-May-2021,92.8,92.8,97.4,91.65, 95.50,95.0,95.63,16562,15.84,274, 10185, 61.50
GENUSPAPER, EQ, 11-May-2021,7.95,7.95,8.15,7.85, 8.05,8.0,8.01,339215,27.16,485, 218190, 64.32
GENUSPOWER, EQ, 11-May-2021,52.5,51.9,53.5,51.75, 53.45,53.0,53.0,344638,182.67,1688, 216163, 62.72
GEOJITFSL, EQ, 11-May-2021,63.25,62.85,65.75,61.6, 64.35,64.0,64.4,1781135,1147.11,11734, 764643, 42.93
GEPIL, EQ, 11-May-2021,259.65,257.0,268.7,257.0, 259.70,259.85,261.51,200038,523.12,7628, 92342, 46.16
GESHIP, EQ, 11-May-2021,393.4,386.0,399.0,381.1, 390.00,391.45,389.99,724074,2823.82,26387, 487529, 67.33
GET&D, EQ, 11-May-2021,131.2,130.0,136.9,128.2, 133.20,133.5,133.86,447904,599.55,6146, 250407, 55.91
GFLLIMITED, EQ, 11-May-2021,71.55,72.9,72.9,71.0, 71.10,71.65,71.48,56362,40.29,756, 33738, 59.86
GHCL, EQ, 11-May-2021,272.7,268.85,270.95,261.0, 265.65,265.15,265.5,594716,1578.97,11639, 246856, 41.51
GICHSGFIN, EQ, 11-May-2021,117.8,116.0,123.0,115.6, 122.25,121.35,119.67,501937,600.65,5410, 259606, 51.72
GICRE, EQ, 11-May-2021,200.45,199.0,205.7,198.1, 201.95,202.05,202.12,441382,892.12,7400, 137178, 31.08
GILLANDERS, EQ, 11-May-2021,41.15,39.9,41.95,39.9, 41.55,41.4,41.07,3011,1.24,41, 1154, 38.33
GILLETTE, EQ, 11-May-2021,5588.75,5588.75,5599.9,5555.0, 5565.00,5564.05,5574.09,6504,362.54,1410, 4054, 62.33
GINNIFILA, EQ, 11-May-2021,27.65,27.65,29.0,27.15, 28.20,28.35,28.38,467124,132.58,1356, 330653, 70.78
GIPCL, EQ, 11-May-2021,81.7,80.85,88.0,80.2, 86.35,86.25,86.03,2516530,2165.08,19040, 1037175, 41.21
GIRIRAJ, SM, 11-May-2021,77.35,73.5,73.5,73.5, 73.50,73.5,73.5,1200,0.88,1, 1200, 100.00
GISOLUTION, EQ, 11-May-2021,2.3,2.3,2.3,2.3, 2.30,2.3,2.3,501,0.01,5, 501, 100.00
GKWLIMITED, EQ, 11-May-2021,526.9,530.05,535.0,518.95, 525.00,528.05,527.97,489,2.58,221, 69, 14.11
GLAND, EQ, 11-May-2021,2790.05,2788.0,2885.0,2757.8, 2846.60,2867.35,2854.98,336850,9617.0,24325, 223317, 66.30
GLAXO, EQ, 11-May-2021,1451.8,1450.0,1480.7,1449.95, 1476.00,1475.75,1466.39,74875,1097.96,5939, 57324, 76.56
GLENMARK, EQ, 11-May-2021,625.35,632.1,640.0,618.5, 624.95,624.75,630.45,8286175,52240.41,110918, 1178656, 14.22
GLOBAL, EQ, 11-May-2021,42.45,43.9,43.9,42.0, 42.60,42.55,42.6,26559,11.31,135, 19821, 74.63
GLOBALVECT, EQ, 11-May-2021,44.7,44.45,46.3,43.4, 43.95,44.2,45.05,25155,11.33,615, 21293, 84.65
GLOBE, BE, 11-May-2021,48.8,48.0,48.0,46.4, 46.40,46.4,46.88,1681,0.79,16, -, -
GLOBUSSPR, EQ, 11-May-2021,312.0,308.0,317.0,306.25, 310.60,310.5,311.23,123073,383.04,3643, 81041, 65.85
GMBREW, EQ, 11-May-2021,400.4,402.0,403.0,397.05, 400.20,399.05,399.55,29508,117.9,1232, 18338, 62.15
GMDCLTD, EQ, 11-May-2021,76.9,74.0,80.75,72.85, 78.50,79.2,76.54,11977101,9167.52,48775, 2671823, 22.31
GMMPFAUDLR, EQ, 11-May-2021,4402.5,4379.8,4640.0,4322.25, 4472.00,4474.15,4505.24,305872,13780.28,45110, 54318, 17.76
GMRINFRA, EQ, 11-May-2021,24.9,24.6,26.05,24.45, 25.50,25.55,25.49,18484573,4711.25,16966, 4455289, 24.10
GNA, EQ, 11-May-2021,359.95,362.0,372.95,361.85, 367.50,367.5,367.86,78331,288.15,3452, 36196, 46.21
GNFC, EQ, 11-May-2021,373.0,370.0,408.85,368.9, 404.05,401.55,390.79,4440974,17354.96,73629, 1144397, 25.77
GOACARBON, EQ, 11-May-2021,324.15,322.55,322.55,313.1, 316.35,315.25,317.73,28227,89.69,1062, 17098, 60.57
GOCLCORP, EQ, 11-May-2021,197.6,198.5,201.35,197.0, 197.25,198.05,199.4,16811,33.52,373, 12639, 75.18
GODFRYPHLP, EQ, 11-May-2021,861.3,860.4,869.85,860.0, 864.00,864.35,865.37,29318,253.71,2337, 18906, 64.49
GODREJAGRO, EQ, 11-May-2021,516.85,514.0,534.9,509.9, 532.15,531.5,526.17,423955,2230.73,14799, 161016, 37.98
GODREJCP, EQ, 11-May-2021,709.25,708.85,717.85,700.0, 715.00,716.2,710.2,1436853,10204.57,31809, 296480, 20.63
GODREJIND, EQ, 11-May-2021,509.25,510.0,514.0,506.05, 508.00,509.65,510.43,155175,792.06,3254, 122719, 79.08
GODREJPROP, EQ, 11-May-2021,1242.35,1240.0,1268.0,1228.25, 1258.65,1259.05,1256.22,428700,5385.42,16257, 89875, 20.96
GOENKA, BZ, 11-May-2021,1.3,1.3,1.35,1.25, 1.30,1.25,1.27,819769,10.41,224, -, -
GOKEX, EQ, 11-May-2021,96.2,94.1,98.8,93.95, 94.80,94.7,95.88,449944,431.4,6446, 255631, 56.81
GOKUL, EQ, 11-May-2021,20.35,20.95,21.3,20.35, 21.15,21.0,20.81,90279,18.78,588, 69117, 76.56
GOKULAGRO, EQ, 11-May-2021,24.05,24.5,26.0,23.6, 25.60,25.45,25.36,451587,114.52,2658, 342676, 75.88
GOLDBEES, EQ, 11-May-2021,41.46,41.64,41.64,41.34, 41.40,41.4,41.47,3058704,1268.39,12255, 2452830, 80.19
GOLDENTOBC, EQ, 11-May-2021,43.95,44.7,46.65,43.25, 46.00,46.0,45.51,21095,9.6,409, 18162, 86.10
GOLDIAM, EQ, 11-May-2021,401.4,397.0,415.15,393.5, 399.70,399.6,402.66,115820,466.36,5198, 55683, 48.08
GOLDSHARE, EQ, 11-May-2021,42.55,42.75,42.75,42.3, 42.40,42.4,42.46,89375,37.95,577, 69288, 77.53
GOLDTECH, EQ, 11-May-2021,9.2,9.55,9.65,9.15, 9.65,9.45,9.46,46068,4.36,394, 32421, 70.38
GOODLUCK, EQ, 11-May-2021,113.5,109.0,113.0,104.35, 106.45,106.2,108.76,1783023,1939.2,28646, 692213, 38.82
GOODYEAR, EQ, 11-May-2021,902.55,916.0,916.0,896.45, 901.95,901.15,903.56,5459,49.33,649, 3264, 59.79
GPIL, EQ, 11-May-2021,1052.2,1040.0,1095.0,1016.55, 1065.00,1068.7,1063.5,144021,1531.66,11622, 74509, 51.73
GPPL, EQ, 11-May-2021,93.7,93.0,95.1,92.85, 93.25,93.2,93.74,599989,562.46,7645, 314635, 52.44
GPTINFRA, EQ, 11-May-2021,38.55,39.0,40.0,38.0, 39.55,39.45,39.22,27789,10.9,374, 16070, 57.83
GRANULES, EQ, 11-May-2021,363.95,364.0,370.55,350.25, 358.95,359.9,362.69,16047434,58201.91,172001, 2605721, 16.24
GRAPHITE, EQ, 11-May-2021,783.0,775.0,781.4,767.8, 773.00,773.65,773.35,1288324,9963.27,34774, 422046, 32.76
GRASIM, EQ, 11-May-2021,1444.55,1425.0,1468.95,1425.0, 1449.50,1450.15,1453.09,1521151,22103.62,61809, 554401, 36.45
GRAVITA, EQ, 11-May-2021,114.25,111.0,113.05,108.0, 111.10,111.45,111.0,341170,378.7,8377, 174492, 51.15
GREAVESCOT, EQ, 11-May-2021,136.7,135.9,138.95,133.05, 133.55,133.3,135.33,1301564,1761.45,14840, 659351, 50.66
GREENLAM, EQ, 11-May-2021,1000.75,1000.5,1050.7,951.35, 1040.00,1025.8,988.36,31860,314.89,1456, 19623, 61.59
GREENPANEL, EQ, 11-May-2021,233.8,234.6,238.9,231.1, 233.60,233.4,234.62,323054,757.96,4652, 241839, 74.86
GREENPLY, EQ, 11-May-2021,205.1,203.0,205.4,201.6, 203.80,203.7,203.63,343651,699.79,5118, 142132, 41.36
GREENPOWER, EQ, 11-May-2021,2.1,2.1,2.1,2.05, 2.10,2.1,2.09,1300419,27.14,1155, 1137446, 87.47
GRINDWELL, EQ, 11-May-2021,1113.8,1112.9,1286.3,1075.25, 1240.00,1237.0,1228.61,1208942,14853.23,66101, 502649, 41.58
GROBTEA, EQ, 11-May-2021,839.15,864.0,864.0,830.0, 841.00,858.15,846.77,997,8.44,375, 179, 17.95
GRPLTD, EQ, 11-May-2021,927.8,955.05,975.0,915.95, 945.00,942.9,948.16,5855,55.51,1421, 2139, 36.53
GRSE, EQ, 11-May-2021,171.1,171.9,180.2,171.2, 179.00,177.4,175.83,712025,1251.93,13475, 299920, 42.12
GSCLCEMENT, EQ, 11-May-2021,36.9,36.3,37.25,36.05, 36.80,36.75,36.82,158863,58.49,1269, 99893, 62.88
GSFC, EQ, 11-May-2021,112.25,111.9,117.8,110.6, 116.50,116.55,115.44,8535833,9854.14,47867, 2805065, 32.86
GSPL, EQ, 11-May-2021,264.05,264.05,276.6,263.85, 270.50,271.35,271.15,897990,2434.88,18292, 320202, 35.66
GSS, EQ, 11-May-2021,68.95,68.0,70.0,68.0, 69.70,69.05,68.99,77522,53.48,897, 42034, 54.22
GTL, EQ, 11-May-2021,6.65,6.8,6.95,6.55, 6.95,6.95,6.86,120955,8.3,535, 108967, 90.09
GTLINFRA, EQ, 11-May-2021,0.7,0.65,0.75,0.65, 0.75,0.75,0.73,45910100,334.78,9713, 24330941, 53.00
GTPL, EQ, 11-May-2021,139.1,144.0,144.0,138.0, 138.75,139.0,140.06,620617,869.23,1667, 578335, 93.19
GUFICBIO, EQ, 11-May-2021,174.3,176.0,189.0,174.0, 177.90,176.6,180.39,2159828,3896.05,37825, 804363, 37.24
GUJALKALI, EQ, 11-May-2021,439.8,443.0,457.0,440.15, 442.20,442.8,448.01,850795,3811.61,17216, 237132, 27.87
GUJAPOLLO, EQ, 11-May-2021,211.4,210.2,213.1,207.05, 211.40,211.65,210.67,2037,4.29,185, 1037, 50.91
GUJGASLTD, EQ, 11-May-2021,526.95,531.15,533.0,522.2, 524.00,523.0,526.51,675138,3554.64,17254, 276953, 41.02
GUJRAFFIA, BE, 11-May-2021,48.5,50.9,50.9,50.9, 50.90,50.9,50.9,1724,0.88,27, -, -
GULFOILLUB, EQ, 11-May-2021,685.7,693.9,699.25,683.1, 690.00,689.25,689.04,54582,376.09,2745, 42844, 78.49
GULFPETRO, EQ, 11-May-2021,43.05,43.0,44.75,42.9, 44.75,44.5,44.05,105761,46.59,1404, 61866, 58.50
GULPOLY, EQ, 11-May-2021,154.95,154.95,155.1,148.0, 152.75,151.55,152.31,119878,182.58,2256, 84565, 70.54
HAL, EQ, 11-May-2021,968.55,964.95,1007.9,961.6, 997.05,1000.3,989.61,535796,5302.29,25726, 182408, 34.04
HAPPSTMNDS, EQ, 11-May-2021,860.2,859.95,866.0,835.15, 842.00,841.95,849.45,2351224,19972.53,66143, 650051, 27.65
HARRMALAYA, EQ, 11-May-2021,179.65,176.0,185.65,174.25, 178.00,177.05,180.04,489305,880.94,12256, 120673, 24.66
HATHWAY, EQ, 11-May-2021,23.2,23.2,23.5,23.15, 23.40,23.35,23.38,2118227,495.28,4376, 1166535, 55.07
HATSUN, EQ, 11-May-2021,819.95,823.95,848.0,821.05, 839.00,838.85,837.09,61981,518.84,4335, 26667, 43.02
HAVELLS, EQ, 11-May-2021,1005.45,998.8,1032.0,994.05, 1027.90,1029.65,1014.24,1170319,11869.89,34537, 279146, 23.85
HAVISHA, BE, 11-May-2021,0.8,0.8,0.8,0.75, 0.80,0.8,0.77,43231,0.33,78, -, -
HBANKETF, EQ, 11-May-2021,329.38,321.5,330.28,321.5, 327.90,328.06,326.74,1474,4.82,102, 969, 65.74
HBLPOWER, EQ, 11-May-2021,35.0,35.2,38.45,34.75, 38.30,38.05,37.14,2510622,932.42,10928, 1121815, 44.68
HBSL, EQ, 11-May-2021,16.65,16.5,17.45,16.0, 17.45,17.45,17.39,1914,0.33,49, 1832, 95.72
HCC, EQ, 11-May-2021,8.1,8.0,8.45,7.85, 8.15,8.2,8.23,6627594,545.24,4120, 2938501, 44.34
HCG, EQ, 11-May-2021,191.65,191.65,194.95,188.55, 190.00,189.8,191.13,76318,145.87,2493, 42770, 56.04
HCL-INSYS, EQ, 11-May-2021,8.9,8.95,9.3,8.9, 9.30,9.3,9.21,784946,72.27,1297, 629793, 80.23
HCLTECH, EQ, 11-May-2021,913.95,908.5,912.45,905.1, 907.40,907.3,908.42,3818154,34684.99,123163, 2375253, 62.21
HDFC, EQ, 11-May-2021,2531.35,2489.35,2502.0,2447.6, 2460.00,2464.2,2468.83,3728419,92048.29,279026, 2401207, 64.40
HDFC, W3, 11-May-2021,786.3,745.0,770.0,745.0, 770.00,765.75,759.1,49200,373.48,81, 36000, 73.17
HDFCAMC, EQ, 11-May-2021,2794.6,2794.6,2820.2,2760.1, 2791.05,2796.1,2795.8,240617,6727.18,16876, 98848, 41.08
HDFCBANK, EQ, 11-May-2021,1419.85,1396.0,1424.2,1395.05, 1402.55,1403.55,1408.24,7259517,102231.21,221164, 4339573, 59.78
HDFCLIFE, EQ, 11-May-2021,680.05,678.0,681.5,669.9, 671.00,671.25,673.59,2430724,16373.09,81952, 1002144, 41.23
HDFCMFGETF, EQ, 11-May-2021,42.59,42.95,45.1,42.41, 42.49,42.46,42.61,438956,187.05,1216, 274729, 62.59
HDFCNIFETF, EQ, 11-May-2021,159.11,157.4,158.5,156.75, 157.48,157.74,157.95,20637,32.6,254, 19435, 94.18
HDFCSENETF, EQ, 11-May-2021,529.83,531.9,531.9,522.05, 525.45,525.32,525.76,1260,6.62,106, 1021, 81.03
HDIL, BZ, 11-May-2021,4.95,5.05,5.05,4.85, 5.05,4.95,4.99,292066,14.57,409, -, -
HEG, EQ, 11-May-2021,2325.3,2295.0,2297.95,2232.1, 2245.00,2248.15,2263.33,258954,5860.99,18576, 93725, 36.19
HEIDELBERG, EQ, 11-May-2021,244.85,244.5,253.8,241.25, 246.55,246.6,248.34,382318,949.43,7646, 101463, 26.54
HEMIPROP, EQ, 11-May-2021,132.35,131.6,136.9,131.0, 132.55,132.35,133.35,577479,770.06,4822, 258257, 44.72
HEOFRG1126, MF, 11-May-2021,10.3,10.3,10.51,10.3, 10.51,10.51,10.5,33500,3.52,24, 33500, 100.00
HERANBA, EQ, 11-May-2021,709.75,704.0,722.0,702.8, 715.10,713.9,712.65,272085,1939.01,8314, 83730, 30.77
HERCULES, EQ, 11-May-2021,120.65,119.9,124.5,119.0, 122.30,122.25,122.55,87139,106.79,1730, 49233, 56.50
HERITGFOOD, EQ, 11-May-2021,356.95,353.05,363.0,353.05, 358.95,358.45,359.45,131943,474.27,5125, 51678, 39.17
HEROMOTOCO, EQ, 11-May-2021,2836.3,2830.5,2843.65,2801.1, 2839.80,2838.35,2822.83,684120,19311.56,36073, 260988, 38.15
HESTERBIO, EQ, 11-May-2021,2214.15,2239.0,2257.0,2165.6, 2231.00,2230.4,2224.03,9306,206.97,1582, 4185, 44.97
HEXATRADEX, BE, 11-May-2021,113.45,110.1,116.5,110.0, 116.00,115.85,114.03,31855,36.33,217, -, -
HFCL, EQ, 11-May-2021,34.5,35.3,38.6,34.0, 36.95,37.05,37.09,72813537,27007.97,125223, 22374543, 30.73
HGINFRA, EQ, 11-May-2021,276.05,279.0,282.85,276.6, 280.00,279.25,278.8,61358,171.07,2865, 38966, 63.51
HGS, EQ, 11-May-2021,1680.6,1690.0,1704.7,1657.1, 1668.00,1667.85,1677.05,28106,471.35,3529, 15296, 54.42
HIKAL, EQ, 11-May-2021,342.5,342.0,359.6,333.25, 359.60,359.6,355.14,1186580,4214.01,12935, 512973, 43.23
HIL, EQ, 11-May-2021,3655.8,3648.0,3693.0,3540.0, 3550.00,3570.8,3614.68,10819,391.07,2071, 7344, 67.88
HILTON, BE, 11-May-2021,10.4,10.8,10.9,10.5, 10.70,10.7,10.7,7697,0.82,47, -, -
HIMATSEIDE, EQ, 11-May-2021,169.45,168.0,168.95,164.85, 165.00,165.75,166.7,121011,201.73,3703, 73538, 60.77
HINDALCO, EQ, 11-May-2021,425.75,414.85,420.6,408.85, 413.00,412.8,414.09,27497466,113863.7,228541, 4005761, 14.57
HINDCOMPOS, EQ, 11-May-2021,283.45,284.5,288.0,282.1, 287.70,286.9,285.33,5508,15.72,343, 3484, 63.25
HINDCON, SM, 11-May-2021,27.25,27.05,27.05,27.0, 27.00,27.0,27.03,8000,2.16,2, 4000, 50.00
HINDCOPPER, EQ, 11-May-2021,189.1,180.0,196.75,176.15, 185.60,185.55,188.53,20107657,37908.47,118815, 6508162, 32.37
HINDMOTORS, EQ, 11-May-2021,6.75,6.9,6.9,6.65, 6.70,6.75,6.74,75395,5.08,325, 52996, 70.29
HINDNATGLS, EQ, 11-May-2021,36.4,37.4,38.2,35.3, 37.75,37.65,37.66,191830,72.25,1222, 157214, 81.95
HINDOILEXP, EQ, 11-May-2021,115.6,113.05,124.8,112.1, 121.40,121.25,119.93,2326251,2789.95,24164, 827759, 35.58
HINDPETRO, EQ, 11-May-2021,255.0,254.0,267.0,252.2, 265.00,265.6,262.67,10334528,27146.11,82537, 3326612, 32.19
HINDUNILVR, EQ, 11-May-2021,2432.9,2425.0,2426.0,2394.25, 2409.50,2402.1,2403.64,1019077,24494.92,65380, 621302, 60.97
HINDZINC, EQ, 11-May-2021,317.85,310.0,316.9,307.0, 313.25,313.1,313.49,1994769,6253.36,25524, 660344, 33.10
HIRECT, EQ, 11-May-2021,129.4,128.65,132.0,126.2, 132.00,131.25,129.5,18164,23.52,344, 12338, 67.93
HISARMETAL, EQ, 11-May-2021,128.0,123.55,128.8,120.95, 123.85,124.6,124.57,44772,55.77,1259, 21914, 48.95
HITECH, EQ, 11-May-2021,364.4,366.7,374.0,360.2, 363.00,361.35,364.59,36470,132.97,816, 6462, 17.72
HITECHCORP, EQ, 11-May-2021,166.85,168.0,169.9,161.15, 161.15,164.0,166.69,17980,29.97,752, 11804, 65.65
HITECHGEAR, EQ, 11-May-2021,188.65,188.65,194.0,186.15, 187.00,189.1,191.58,11775,22.56,411, 6457, 54.84
HLEGLAS, EQ, 11-May-2021,2980.8,3000.0,3129.8,2831.8, 2831.80,2848.6,3048.17,42094,1283.1,4784, 19599, 46.56
HLVLTD, EQ, 11-May-2021,5.9,6.05,6.3,5.9, 6.10,6.1,6.11,517926,31.64,2507, 323428, 62.45
HMT, BZ, 11-May-2021,26.95,27.0,28.25,27.0, 28.00,28.25,27.96,13484,3.77,100, -, -
HMVL, EQ, 11-May-2021,64.8,64.1,66.6,62.1, 65.50,65.4,65.15,31299,20.39,524, 19748, 63.09
HNDFDS, EQ, 11-May-2021,2131.0,2140.0,2170.05,2103.5, 2140.00,2144.3,2144.33,6356,136.29,1448, 3665, 57.66
HNGSNGBEES, EQ, 11-May-2021,359.23,359.23,365.41,358.0, 358.75,360.28,362.95,4060,14.74,174, 3012, 74.19
HOMEFIRST, EQ, 11-May-2021,511.3,509.0,511.9,504.0, 504.35,504.9,507.22,69289,351.45,4327, 35879, 51.78
HONAUT, EQ, 11-May-2021,41683.85,41666.0,42250.0,41555.05, 42006.55,42143.5,41956.72,2198,922.21,1487, 1149, 52.27
HONDAPOWER, EQ, 11-May-2021,987.4,995.95,1000.1,980.9, 991.00,994.95,995.06,7735,76.97,573, 4874, 63.01
HOVS, EQ, 11-May-2021,48.95,47.55,50.0,47.55, 49.50,49.4,48.88,8783,4.29,112, 6683, 76.09
HPL, EQ, 11-May-2021,48.55,48.95,50.95,48.95, 50.95,50.75,50.66,765714,387.92,2598, 540738, 70.62
HSCL, EQ, 11-May-2021,51.15,50.0,53.5,49.6, 50.80,51.15,51.85,20340292,10545.59,56028, 6146442, 30.22
HSIL, EQ, 11-May-2021,172.9,173.65,207.45,173.05, 207.45,207.45,194.37,6270893,12188.87,85255, 1324375, 21.12
HTMEDIA, EQ, 11-May-2021,20.75,20.6,22.9,20.6, 21.70,21.75,21.89,418941,91.73,1882, 226434, 54.05
HUBTOWN, EQ, 11-May-2021,15.75,16.05,16.05,15.45, 16.00,15.9,15.87,16045,2.55,174, 7519, 46.86
HUDCO, EQ, 11-May-2021,45.3,44.5,48.2,44.1, 47.20,47.35,46.7,6234558,2911.43,16916, 2008468, 32.22
HUDCO, N2, 11-May-2021,1235.0,1234.5,1234.5,1234.0, 1234.00,1234.12,1234.13,200,2.47,2, 200, 100.00
HUDCO, N3, 11-May-2021,1045.5,1046.25,1047.0,1046.25, 1047.00,1047.0,1046.79,35,0.37,3, 35, 100.00
HUDCO, N7, 11-May-2021,1174.0,1200.0,1200.0,1200.0, 1200.00,1200.0,1200.0,500,6.0,1, 500, 100.00
HUDCO, N8, 11-May-2021,1242.86,1245.01,1251.0,1245.01, 1251.00,1251.0,1248.0,415,5.18,6, 208, 50.12
HUDCO, ND, 11-May-2021,1305.0,1313.0,1313.0,1308.0, 1308.00,1308.0,1310.45,550,7.21,11, 400, 72.73
HUDCO, NE, 11-May-2021,1448.18,1458.73,1458.73,1420.0, 1446.00,1446.41,1439.8,1821,26.22,35, 1621, 89.02
HUHTAMAKI, EQ, 11-May-2021,288.45,288.35,293.2,285.15, 291.00,290.9,291.32,107221,312.35,2913, 49663, 46.32
HUSYSLTD, SM, 11-May-2021,85.5,81.25,81.5,81.25, 81.50,81.5,81.38,4000,3.26,2, 4000, 100.00
IBMFNIFTY, EQ, 11-May-2021,149.7,152.0,152.5,147.4, 148.00,148.87,149.43,617,0.92,51, 345, 55.92
IBREALEST, EQ, 11-May-2021,85.45,84.7,89.2,83.1, 86.80,86.8,87.37,11999905,10484.08,42540, 4890883, 40.76
IBUCCREDIT, N6, 11-May-2021,1042.0,1023.8,1045.0,1023.8, 1045.00,1045.0,1029.34,120,1.24,6, 120, 100.00
IBULHSGFIN, EQ, 11-May-2021,186.8,183.5,189.6,182.2, 184.70,184.9,185.77,13113112,24359.91,72519, 2662718, 20.31
IBULHSGFIN, N6, 11-May-2021,1035.0,1026.2,1026.2,1026.2, 1026.20,1026.2,1026.2,32,0.33,1, 32, 100.00
IBULHSGFIN, N8, 11-May-2021,905.04,921.0,921.0,921.0, 921.00,921.0,921.0,30,0.28,2, 30, 100.00
IBULHSGFIN, NA, 11-May-2021,945.0,949.0,949.0,948.5, 948.50,948.5,948.53,37,0.35,3, 37, 100.00
ICEMAKE, EQ, 11-May-2021,69.55,69.35,69.5,68.3, 68.40,68.9,68.93,7027,4.84,140, 5697, 81.07
ICICI500, EQ, 11-May-2021,207.23,209.98,209.98,206.21, 207.50,207.65,207.7,548,1.14,123, 438, 79.93
ICICIALPLV, EQ, 11-May-2021,147.57,147.98,149.98,143.06, 148.20,147.55,147.33,2832,4.17,190, 1751, 61.83
ICICIB22, EQ, 11-May-2021,37.48,38.15,38.15,36.79, 37.80,37.95,37.76,892206,336.94,3768, 804585, 90.18
ICICIBANK, EQ, 11-May-2021,613.25,606.4,612.9,603.25, 607.95,609.85,608.18,13818480,84040.8,118843, 5853893, 42.36
ICICIBANKN, EQ, 11-May-2021,328.59,333.0,333.0,324.13, 325.68,325.79,326.4,3074,10.03,278, 1982, 64.48
ICICIBANKP, EQ, 11-May-2021,173.35,174.0,174.0,171.85, 172.75,172.08,172.57,3936,6.79,100, 2901, 73.70
ICICIGI, EQ, 11-May-2021,1497.4,1493.5,1513.0,1470.0, 1486.45,1484.8,1491.68,452283,6746.61,39358, 153129, 33.86
ICICIGOLD, EQ, 11-May-2021,42.41,42.93,42.93,42.28, 42.39,42.34,42.37,235709,99.87,1344, 186014, 78.92
ICICILIQ, EQ, 11-May-2021,999.58,999.5,1000.0,999.5, 999.99,999.99,999.99,32910,329.1,74, 32338, 98.26
ICICILOVOL, EQ, 11-May-2021,120.84,122.47,122.65,119.02, 121.70,121.18,121.02,218541,264.48,874, 101498, 46.44
ICICIM150, EQ, 11-May-2021,94.09,94.49,94.7,93.25, 94.40,94.27,94.31,8359,7.88,268, 5081, 60.78
ICICIMCAP, EQ, 11-May-2021,85.44,86.72,86.72,84.15, 85.90,85.86,85.58,6647,5.69,194, 4718, 70.98
ICICINF100, EQ, 11-May-2021,162.89,163.9,163.98,161.25, 162.00,161.98,162.02,6023,9.76,209, 5388, 89.46
ICICINIFTY, EQ, 11-May-2021,158.7,169.3,169.3,156.0, 158.02,157.94,157.87,76304,120.46,2897, 45032, 59.02
ICICINV20, EQ, 11-May-2021,80.54,80.99,81.5,78.5, 80.00,79.75,80.16,11139,8.93,1005, 6564, 58.93
ICICINXT50, EQ, 11-May-2021,36.81,37.7,37.7,36.14, 36.81,36.75,36.79,23837,8.77,493, 16681, 69.98
ICICIPRULI, EQ, 11-May-2021,556.3,553.0,574.5,552.0, 572.00,572.6,565.32,2049687,11587.36,85038, 879911, 42.93
ICICISENSX, EQ, 11-May-2021,533.77,526.0,532.85,524.05, 531.30,531.01,530.05,608,3.22,88, 425, 69.90
ICICITECH, EQ, 11-May-2021,263.78,263.95,263.95,262.1, 263.50,263.17,262.61,60378,158.56,182, 58858, 97.48
ICIL, EQ, 11-May-2021,152.55,151.5,156.0,146.1, 148.80,148.4,151.12,494781,747.73,8092, 266808, 53.92
ICRA, EQ, 11-May-2021,3243.6,3250.05,3304.85,3245.0, 3270.00,3252.7,3271.1,3743,122.44,1279, 1267, 33.85
IDBI, EQ, 11-May-2021,38.2,37.5,39.9,37.05, 38.80,38.75,38.64,27658667,10687.88,47865, 6840670, 24.73
IDBIGOLD, EQ, 11-May-2021,4384.1,4398.0,4398.0,4362.5, 4387.20,4387.25,4389.36,44,1.93,28, 34, 77.27
IDEA, EQ, 11-May-2021,8.2,8.15,8.2,8.05, 8.15,8.1,8.12,86024008,6986.99,97275, 41576226, 48.33
IDFC, EQ, 11-May-2021,54.15,53.3,56.85,52.65, 56.55,56.2,55.65,22867716,12726.4,27945, 13805508, 60.37
IDFCFIRSTB, EQ, 11-May-2021,55.35,55.0,56.6,54.4, 56.10,56.25,55.56,39068191,21704.44,68224, 13322561, 34.10
IDFCFIRSTB, N9, 11-May-2021,5195.0,5101.05,5210.0,4738.4, 5210.00,5192.6,5090.01,24,1.22,10, 16, 66.67
IDFCFIRSTB, NA, 11-May-2021,11260.2,11270.01,11325.0,11270.01, 11325.00,11324.8,11319.23,39,4.41,9, 39, 100.00
IDFCFIRSTB, NB, 11-May-2021,5090.02,5102.01,5110.0,5102.01, 5110.00,5110.0,5105.63,43,2.2,7, 43, 100.00
IDFCFIRSTB, NC, 11-May-2021,10775.0,10800.0,10845.0,10800.0, 10845.00,10845.0,10810.59,17,1.84,5, 17, 100.00
IDFNIFTYET, EQ, 11-May-2021,156.0,157.95,157.95,154.41, 155.39,155.26,155.37,96,0.15,18, 64, 66.67
IEX, EQ, 11-May-2021,389.4,389.0,405.0,387.3, 400.00,401.55,399.07,2230828,8902.64,40834, 703690, 31.54
IFBAGRO, EQ, 11-May-2021,419.5,418.95,439.9,411.55, 434.20,434.0,433.21,28622,123.99,1670, 15899, 55.55
IFBIND, EQ, 11-May-2021,932.15,932.15,941.0,913.6, 919.00,916.65,923.74,39738,367.08,5067, 22685, 57.09
IFCI, EQ, 11-May-2021,10.55,10.55,11.05,10.4, 11.05,11.05,10.95,2920802,319.81,2715, 2194606, 75.14
IFCI, NF, 11-May-2021,1037.21,1050.0,1050.0,1050.0, 1050.00,1050.0,1050.0,130,1.37,11, 130, 100.00
IFCI, NH, 11-May-2021,1083.0,1085.0,1085.0,1082.0, 1082.00,1082.0,1084.75,304,3.3,11, 254, 83.55
IFCI, NL, 11-May-2021,1060.02,1060.0,1060.0,1060.0, 1060.00,1060.0,1060.0,20,0.21,2, 20, 100.00
IFGLEXPOR, EQ, 11-May-2021,409.5,397.0,414.55,395.0, 398.00,397.7,403.83,54217,218.94,2475, 31201, 57.55
IGARASHI, EQ, 11-May-2021,500.15,485.0,528.95,472.85, 497.45,505.65,504.91,873442,4410.08,38070, 150056, 17.18
IGL, EQ, 11-May-2021,516.6,516.0,529.4,511.65, 525.95,525.55,524.37,2142940,11236.92,37938, 803997, 37.52
IGPL, EQ, 11-May-2021,464.35,469.0,478.0,455.0, 471.65,471.95,471.83,79632,375.73,3940, 43252, 54.31
IIFCL, N1, 11-May-2021,1284.99,1294.0,1294.0,1246.0, 1246.00,1246.0,1262.0,3,0.04,3, 1, 33.33
IIFL, EQ, 11-May-2021,266.9,265.0,275.5,264.0, 273.00,273.35,272.1,198356,539.73,5244, 93332, 47.05
IIFL, N2, 11-May-2021,1025.0,1025.5,1025.5,1025.5, 1025.50,1025.5,1025.5,50,0.51,1, 50, 100.00
IIFL, N4, 11-May-2021,1021.0,1026.0,1026.0,1020.01, 1020.50,1020.61,1023.1,367,3.75,7, 367, 100.00
IIFL, N5, 11-May-2021,1040.25,1041.25,1041.25,1041.25, 1041.25,1041.25,1041.25,50,0.52,1, 50, 100.00
IIFL, NB, 11-May-2021,1044.0,1044.0,1044.0,1044.0, 1044.00,1044.0,1044.0,30,0.31,1, 30, 100.00
IIFL, NC, 11-May-2021,1025.0,1029.98,1029.98,1028.0, 1028.00,1028.0,1028.42,566,5.82,5, 566, 100.00
IIFL, NE, 11-May-2021,1005.0,999.0,1005.0,999.0, 1005.00,1005.0,999.04,161,1.61,5, 161, 100.00
IIFL, NF, 11-May-2021,1005.0,1005.0,1005.0,1000.0, 1005.00,1004.95,1003.63,1949,19.56,47, 1594, 81.79
IIFLSEC, EQ, 11-May-2021,62.3,61.75,64.5,60.9, 61.90,62.05,62.94,1443921,908.73,7688, 538868, 37.32
IIFLWAM, EQ, 11-May-2021,1184.2,1178.65,1228.0,1133.35, 1181.00,1179.85,1170.46,6857,80.26,1205, 2908, 42.41
IITL, EQ, 11-May-2021,56.95,58.0,58.05,55.85, 58.00,57.35,57.66,955,0.55,36, 799, 83.66
IL&FSENGG, BZ, 11-May-2021,3.3,3.35,3.35,3.2, 3.30,3.3,3.26,17628,0.58,47, -, -
IL&FSTRANS, BZ, 11-May-2021,2.2,2.2,2.3,2.1, 2.10,2.2,2.15,215808,4.64,108, -, -
IMAGICAA, EQ, 11-May-2021,5.65,5.8,5.8,5.45, 5.70,5.75,5.64,117399,6.62,870, 82075, 69.91
IMFA, EQ, 11-May-2021,476.4,469.0,480.0,450.05, 455.00,452.95,464.29,153554,712.93,9638, 90895, 59.19
IMPAL, EQ, 11-May-2021,657.3,655.25,666.0,647.75, 666.00,662.45,656.84,768,5.04,174, 408, 53.13
IMPEXFERRO, EQ, 11-May-2021,0.9,0.85,0.95,0.85, 0.95,0.9,0.89,128696,1.14,51, 96495, 74.98
INDBANK, EQ, 11-May-2021,13.7,13.6,16.05,13.5, 15.80,15.9,15.38,1368885,210.49,3529, 589590, 43.07
INDHOTEL, EQ, 11-May-2021,113.1,112.0,119.45,112.0, 116.50,117.8,117.49,4135636,4858.98,29486, 1470086, 35.55
INDIACEM, EQ, 11-May-2021,166.35,165.5,172.8,164.1, 168.75,168.7,169.53,2345624,3976.55,18679, 622163, 26.52
INDIAGLYCO, EQ, 11-May-2021,511.55,503.65,531.0,502.0, 509.45,510.0,519.8,390990,2032.37,10807, 74203, 18.98
INDIAMART, EQ, 11-May-2021,7345.65,7340.15,7429.7,6925.0, 6960.00,6962.9,7063.14,400454,28284.62,91270, 173534, 43.33
INDIANB, EQ, 11-May-2021,118.05,116.8,125.0,115.3, 124.10,123.8,121.31,7670958,9305.78,52923, 1894596, 24.70
INDIANCARD, EQ, 11-May-2021,131.95,131.85,143.0,130.1, 140.55,140.45,135.92,9763,13.27,265, 5384, 55.15
INDIANHUME, EQ, 11-May-2021,173.6,173.95,176.0,171.3, 171.75,171.75,172.79,112087,193.68,4113, 65558, 58.49
INDIGO, EQ, 11-May-2021,1677.7,1670.0,1712.6,1664.65, 1675.20,1674.95,1686.97,1161037,19586.29,57711, 254661, 21.93
INDIGOPNTS, EQ, 11-May-2021,2316.25,2306.0,2465.0,2290.0, 2450.05,2440.9,2407.81,137081,3300.65,16212, 46837, 34.17
INDIGRID, IV, 11-May-2021,127.04,127.04,128.39,126.25, 127.00,127.25,126.91,222831,282.79,86, 207522, 93.13
INDIGRID, NB, 11-May-2021,1001.0,1000.0,1000.0,1000.0, 1000.00,1000.0,1000.0,50,0.5,1, 50, 100.00
INDIGRID, NF, 11-May-2021,1000.0,1000.0,1000.0,1000.0, 1000.00,1000.0,1000.0,162,1.62,1, 162, 100.00
INDIGRID, NJ, 11-May-2021,1018.46,1020.0,1023.84,1020.0, 1023.84,1023.5,1022.53,35050,358.4,192, 34941, 99.69
INDIGRID, NL, 11-May-2021,1016.5,1017.0,1025.0,1015.0, 1023.00,1023.0,1020.05,3745,38.2,56, 2968, 79.25
INDLMETER, EQ, 11-May-2021,14.7,14.7,15.3,14.7, 15.30,15.2,14.94,3623,0.54,23, 3418, 94.34
INDNIPPON, EQ, 11-May-2021,361.9,360.0,369.75,357.15, 360.10,359.0,362.74,19443,70.53,1072, 9172, 47.17
INDOCO, EQ, 11-May-2021,362.15,361.85,369.0,348.4, 359.85,357.25,357.03,353068,1260.57,20088, 134186, 38.01
INDORAMA, EQ, 11-May-2021,43.95,43.0,44.6,42.1, 42.10,42.7,43.26,85694,37.07,1022, 62485, 72.92
INDOSOLAR, BZ, 11-May-2021,1.85,1.85,1.9,1.8, 1.90,1.9,1.85,99251,1.84,119, -, -
INDOSTAR, EQ, 11-May-2021,302.35,301.1,306.0,301.1, 304.50,303.5,303.59,11814,35.87,1016, 6404, 54.21
INDOTECH, EQ, 11-May-2021,95.1,95.0,100.15,94.9, 98.30,97.15,98.21,45187,44.38,967, 17599, 38.95
INDOTHAI, BE, 11-May-2021,54.0,54.45,56.0,52.6, 54.00,52.8,53.68,2698,1.45,39, -, -
INDOWIND, EQ, 11-May-2021,4.2,4.2,4.25,4.0, 4.00,4.0,4.1,227369,9.32,305, 146180, 64.29
INDRAMEDCO, EQ, 11-May-2021,85.85,84.3,89.9,83.65, 84.75,84.5,86.45,1313561,1135.61,11434, 485206, 36.94
INDSWFTLAB, EQ, 11-May-2021,83.2,83.2,83.7,80.6, 81.30,81.45,82.16,522404,429.22,3149, 264129, 50.56
INDSWFTLTD, BE, 11-May-2021,4.4,4.6,4.6,4.6, 4.60,4.6,4.6,2821,0.13,7, -, -
INDTERRAIN, EQ, 11-May-2021,27.45,27.05,28.8,27.05, 28.80,28.8,28.26,250348,70.74,1630, 190276, 76.00
INDUSINDBK, EQ, 11-May-2021,945.4,923.95,957.0,922.9, 947.65,948.85,944.15,5732298,54121.34,95503, 1312587, 22.90
INDUSTOWER, EQ, 11-May-2021,257.1,257.9,263.7,255.0, 256.95,256.5,259.07,4094481,10607.58,46938, 2090819, 51.06
INEOSSTYRO, EQ, 11-May-2021,1250.45,1260.0,1262.15,1230.0, 1248.00,1239.75,1247.02,32862,409.8,2798, 18652, 56.76
INFIBEAM, EQ, 11-May-2021,40.2,39.8,43.4,39.6, 43.20,43.25,41.86,4922289,2060.71,10886, 2765506, 56.18
INFOBEAN, EQ, 11-May-2021,208.4,208.7,213.65,203.65, 211.00,211.65,210.53,41607,87.59,1118, 29731, 71.46
INFOMEDIA, EQ, 11-May-2021,3.85,3.75,3.95,3.7, 3.90,3.9,3.77,27136,1.02,54, 19525, 71.95
INFRABEES, EQ, 11-May-2021,431.14,432.0,436.0,428.36, 434.20,434.2,432.35,702,3.04,53, 600, 85.47
INFY, EQ, 11-May-2021,1339.55,1336.9,1341.0,1325.1, 1332.05,1330.65,1330.0,6420988,85399.45,201614, 4122605, 64.21
INGERRAND, EQ, 11-May-2021,743.9,740.0,804.0,739.0, 791.00,792.15,787.9,402124,3168.34,20955, 99051, 24.63
INNOVATIVE, SM, 11-May-2021,7.85,7.85,7.85,7.85, 7.85,7.85,7.85,12000,0.94,2, 12000, 100.00
INOXLEISUR, EQ, 11-May-2021,273.95,273.5,283.0,272.4, 279.20,280.35,278.68,273383,761.86,6097, 111054, 40.62
INOXWIND, EQ, 11-May-2021,76.7,76.8,79.7,76.2, 77.00,76.8,78.13,205229,160.34,3190, 118194, 57.59
INSECTICID, EQ, 11-May-2021,547.5,546.0,554.9,536.65, 542.00,541.05,545.62,110555,603.21,2785, 83849, 75.84
INSPIRISYS, EQ, 11-May-2021,49.15,47.55,48.0,46.7, 46.70,46.7,46.84,23466,10.99,220, 18698, 79.68
INTELLECT, EQ, 11-May-2021,822.55,790.0,795.0,745.0, 757.00,756.85,768.93,1221855,9395.24,45973, 634642, 51.94
INTENTECH, EQ, 11-May-2021,44.9,44.85,45.0,43.6, 45.00,44.55,44.48,35473,15.78,399, 29112, 82.07
INVENTURE, EQ, 11-May-2021,28.1,28.6,28.7,25.6, 27.30,27.4,27.42,139900,38.37,1892, 76516, 54.69
IOB, EQ, 11-May-2021,15.85,15.85,16.15,15.7, 15.95,15.95,15.93,9586513,1527.09,7487, 2578315, 26.90
IOC, EQ, 11-May-2021,99.15,98.6,104.4,97.8, 103.50,103.7,102.94,76907792,79165.16,245508, 24288854, 31.58
IOLCP, EQ, 11-May-2021,661.0,655.0,678.5,650.0, 664.10,665.55,665.31,970143,6454.45,31073, 233984, 24.12
IPCALAB, EQ, 11-May-2021,2086.3,2087.0,2175.0,2080.05, 2158.00,2161.9,2151.14,482767,10384.99,45867, 222880, 46.17
IRB, EQ, 11-May-2021,106.75,106.4,109.75,105.5, 108.05,108.1,107.84,909018,980.32,7773, 345578, 38.02
IRBINVIT, IV, 11-May-2021,55.33,55.4,55.85,55.03, 55.85,55.76,55.52,227500,126.31,76, 210000, 92.31
IRCON, EQ, 11-May-2021,93.5,93.0,94.65,92.7, 93.45,93.45,93.74,3468440,3251.32,16758, 2084652, 60.10
IRCTC, EQ, 11-May-2021,1748.65,1725.0,1800.4,1723.05, 1793.00,1792.3,1772.15,1297267,22989.48,52090, 296376, 22.85
IREDA, N1, 11-May-2021,1569.9,1569.0,1569.0,1569.0, 1569.00,1569.0,1569.0,35,0.55,1, 35, 100.00
IREDA, N4, 11-May-2021,1190.0,1101.41,1101.41,1101.41, 1101.41,1101.41,1101.41,5,0.06,1, 5, 100.00
IRFC, EQ, 11-May-2021,22.55,22.35,23.1,22.2, 23.00,22.95,22.9,33120701,7583.56,47538, 13644150, 41.20
IRFC, N1, 11-May-2021,1076.2,1083.8,1083.8,1081.0, 1081.00,1081.0,1082.33,190,2.06,2, 190, 100.00
IRFC, N2, 11-May-2021,1249.0,1241.6,1252.94,1241.6, 1252.94,1252.94,1246.97,95,1.18,3, 50, 52.63
IRFC, N3, 11-May-2021,1093.0,1093.0,1093.0,1093.0, 1093.00,1093.0,1093.0,30,0.33,1, 30, 100.00
IRFC, N4, 11-May-2021,1234.91,1234.0,1234.0,1234.0, 1234.00,1234.0,1234.0,1,0.01,1, 1, 100.00
IRFC, N9, 11-May-2021,1220.0,1220.0,1220.0,1219.0, 1219.00,1219.0,1219.16,790,9.63,9, 790, 100.00
IRFC, NA, 11-May-2021,1272.0,1296.78,1297.0,1294.9, 1294.90,1294.9,1296.01,1380,17.88,14, 1180, 85.51
IRFC, ND, 11-May-2021,1101.6,1100.7,1100.7,1100.7, 1100.70,1100.7,1100.7,3,0.03,1, 3, 100.00
IRFC, NE, 11-May-2021,1349.8,1349.8,1349.8,1300.0, 1300.00,1300.0,1308.3,60,0.78,2, 60, 100.00
IRFC, NI, 11-May-2021,1141.01,1154.5,1154.5,1154.5, 1154.50,1154.5,1154.5,390,4.5,6, 390, 100.00
IRFC, NJ, 11-May-2021,1260.0,1260.0,1261.0,1260.0, 1261.00,1261.0,1260.2,99,1.25,2, 99, 100.00
IRFC, NN, 11-May-2021,1150.01,1150.01,1156.1,1150.01, 1156.10,1156.1,1153.07,1001,11.54,19, 984, 98.30
IRFC, NO, 11-May-2021,1273.78,1270.0,1270.0,1267.25, 1268.50,1268.5,1267.83,1030,13.06,26, 1005, 97.57
IRISDOREME, EQ, 11-May-2021,120.95,123.9,123.9,117.0, 123.00,122.45,121.16,8684,10.52,237, 5097, 58.69
ISEC, EQ, 11-May-2021,480.15,478.95,501.5,477.2, 489.90,489.65,492.24,957059,4711.04,33815, 463104, 48.39
ISFT, EQ, 11-May-2021,85.85,86.7,86.85,84.05, 86.00,86.0,85.55,11462,9.81,271, 8940, 78.00
ISGEC, EQ, 11-May-2021,584.8,576.0,599.85,568.05, 570.00,571.7,585.27,166749,975.94,5627, 100007, 59.97
ISMTLTD, EQ, 11-May-2021,15.75,16.5,16.5,16.5, 16.50,16.5,16.5,67683,11.17,64, 67683, 100.00
ITC, EQ, 11-May-2021,205.55,203.9,206.5,203.75, 204.10,204.0,204.73,13747541,28145.27,96933, 7219732, 52.52
ITDC, EQ, 11-May-2021,328.3,326.5,368.0,325.2, 346.20,345.1,353.91,424842,1503.56,16433, 48985, 11.53
ITDCEM, EQ, 11-May-2021,78.05,76.9,81.6,76.25, 79.25,79.45,79.97,1002306,801.51,9671, 451028, 45.00
ITI, EQ, 11-May-2021,118.9,117.6,127.5,116.6, 123.70,123.7,124.67,3093647,3856.88,30618, 462809, 14.96
IVC, EQ, 11-May-2021,5.2,5.3,5.3,5.0, 5.20,5.15,5.19,281362,14.6,444, 189742, 67.44
IVP, EQ, 11-May-2021,116.6,115.95,117.65,112.55, 114.00,114.1,114.73,1358,1.56,137, 805, 59.28
IVZINGOLD, EQ, 11-May-2021,4319.4,4366.0,4366.0,4302.0, 4346.00,4316.4,4316.29,171,7.38,28, 158, 92.40
IVZINNIFTY, EQ, 11-May-2021,1605.6,1590.0,1602.05,1559.0, 1593.50,1593.5,1581.36,65,1.03,25, 35, 53.85
IZMO, EQ, 11-May-2021,88.5,88.5,92.4,86.75, 87.95,88.6,89.52,240404,215.2,2479, 127484, 53.03
J&KBANK, EQ, 11-May-2021,25.45,25.1,27.25,25.0, 27.05,27.0,26.37,7408790,1953.51,13908, 3267776, 44.11
JAGRAN, EQ, 11-May-2021,55.2,55.8,55.8,54.75, 55.40,55.2,55.25,649666,358.91,1469, 585638, 90.14
JAGSNPHARM, EQ, 11-May-2021,99.65,97.5,101.0,97.5, 98.90,98.2,99.33,156226,155.18,2945, 76371, 48.88
JAIBALAJI, EQ, 11-May-2021,53.85,53.9,55.3,52.1, 53.30,53.4,53.87,59455,32.03,572, 44315, 74.54
JAICORPLTD, EQ, 11-May-2021,89.45,88.5,92.3,88.1, 90.45,90.3,90.55,1119823,1013.96,8456, 267275, 23.87
JAINSTUDIO, BZ, 11-May-2021,1.7,1.75,1.75,1.75, 1.75,1.75,1.75,40,0.0,1, -, -
JALAN, SM, 11-May-2021,3.7,3.85,3.85,3.85, 3.85,3.85,3.85,3000,0.12,1, 3000, 100.00
JAMNAAUTO, EQ, 11-May-2021,71.0,70.0,70.6,69.25, 69.90,69.55,69.72,503065,350.72,4506, 312414, 62.10
JASH, EQ, 11-May-2021,400.2,404.05,416.0,394.95, 414.50,408.4,403.93,45307,183.01,958, 22733, 50.18
JAYAGROGN, EQ, 11-May-2021,179.3,179.0,187.0,177.4, 186.00,185.15,183.74,131639,241.88,3656, 76622, 58.21
JAYBARMARU, EQ, 11-May-2021,294.15,292.0,303.7,290.15, 300.00,297.45,298.93,41816,125.0,3354, 17731, 42.40
JAYNECOIND, EQ, 11-May-2021,17.45,18.2,18.3,17.6, 18.30,18.3,18.22,577451,105.24,694, 426749, 73.90
JAYSREETEA, EQ, 11-May-2021,98.65,97.95,105.7,97.0, 102.00,101.85,102.32,948772,970.8,15877, 365618, 38.54
JBCHEPHARM, EQ, 11-May-2021,1423.95,1412.7,1450.0,1407.95, 1428.90,1434.25,1429.53,81105,1159.42,7673, 30226, 37.27
JBFIND, BE, 11-May-2021,15.45,15.8,16.2,15.35, 16.20,16.2,16.05,115305,18.51,184, -, -
JBMA, EQ, 11-May-2021,424.15,424.85,436.0,415.8, 429.00,424.15,429.23,32116,137.85,2049, 11404, 35.51
JCHAC, EQ, 11-May-2021,2277.0,2275.0,2283.6,2235.0, 2236.95,2238.15,2249.99,23077,519.23,4364, 15616, 67.67
JETAIRWAYS, BZ, 11-May-2021,89.4,91.0,91.0,87.55, 88.50,88.15,89.0,58504,52.07,2448, -, -
JHS, EQ, 11-May-2021,20.55,21.0,21.55,20.75, 21.55,21.5,21.32,254107,54.18,970, 174347, 68.61
JIKIND, BE, 11-May-2021,0.55,0.55,0.6,0.5, 0.55,0.55,0.54,23480,0.13,34, -, -
JINDALPHOT, BE, 11-May-2021,54.8,55.4,55.4,52.45, 54.45,53.05,53.67,5646,3.03,114, -, -
JINDALPOLY, EQ, 11-May-2021,802.65,792.0,819.0,770.6, 815.00,815.15,803.35,69121,555.29,4358, 32945, 47.66
JINDALSAW, EQ, 11-May-2021,95.25,93.0,95.45,91.2, 92.65,92.6,93.15,3953336,3682.71,20276, 1121100, 28.36
JINDALSTEL, EQ, 11-May-2021,490.2,481.0,486.4,468.45, 474.60,476.2,476.3,14239603,67822.81,170225, 3145259, 22.09
JINDRILL, EQ, 11-May-2021,105.45,104.95,110.0,102.3, 107.55,108.55,106.71,301838,322.1,3722, 173928, 57.62
JINDWORLD, EQ, 11-May-2021,51.35,50.05,53.75,50.05, 52.00,51.6,51.76,154887,80.17,1182, 13030, 8.41
JISLDVREQS, EQ, 11-May-2021,13.05,13.05,13.5,12.65, 13.10,13.15,13.13,20625,2.71,405, 13147, 63.74
JISLJALEQS, EQ, 11-May-2021,19.2,19.0,19.55,18.6, 19.40,19.35,19.18,1637659,314.06,2652, 1188304, 72.56
JITFINFRA, BE, 11-May-2021,10.1,10.1,10.6,9.7, 10.60,10.6,10.41,44896,4.67,86, -, -
JIYAECO, BE, 11-May-2021,4.75,4.7,4.9,4.55, 4.90,4.8,4.73,73491,3.47,185, -, -
JKCEMENT, EQ, 11-May-2021,2798.55,2785.0,2792.5,2755.1, 2785.00,2776.7,2774.93,98407,2730.73,9115, 85732, 87.12
JKIL, EQ, 11-May-2021,180.75,178.0,185.9,177.25, 183.00,182.5,182.9,131607,240.71,4149, 62571, 47.54
JKLAKSHMI, EQ, 11-May-2021,411.7,410.0,418.5,406.55, 412.10,412.0,413.68,129817,537.03,4543, 51384, 39.58
JKPAPER, EQ, 11-May-2021,142.55,141.85,147.5,141.6, 144.00,143.9,144.86,1062398,1538.99,13388, 360548, 33.94
JKTYRE, EQ, 11-May-2021,117.7,117.0,121.2,116.8, 120.15,119.8,119.2,1061322,1265.13,10608, 543161, 51.18
JMA, EQ, 11-May-2021,44.9,44.05,45.0,43.25, 43.90,43.7,43.92,24103,10.59,309, 15666, 65.00
JMCPROJECT, EQ, 11-May-2021,102.85,103.0,108.55,99.0, 101.00,101.05,103.51,1575597,1630.91,17226, 646053, 41.00
JMFINANCIL, EQ, 11-May-2021,80.85,80.0,81.8,80.0, 80.90,80.8,80.93,953673,771.78,5737, 373661, 39.18
JMTAUTOLTD, EQ, 11-May-2021,2.5,2.55,2.6,2.45, 2.60,2.6,2.58,665661,17.18,543, 503792, 75.68
JOCIL, EQ, 11-May-2021,177.15,177.15,178.0,169.45, 177.00,175.75,175.17,14241,24.95,453, 6858, 48.16
JPASSOCIAT, EQ, 11-May-2021,8.25,8.0,8.7,7.8, 8.10,8.05,8.26,43344536,3580.13,26028, 15783792, 36.41
JPINFRATEC, EQ, 11-May-2021,1.55,1.55,1.6,1.5, 1.50,1.5,1.54,7115115,109.43,1945, 4377412, 61.52
JPPOWER, EQ, 11-May-2021,3.3,3.3,3.6,3.2, 3.60,3.6,3.49,78524438,2736.61,20037, 47382737, 60.34
JSL, EQ, 11-May-2021,98.5,96.6,96.6,92.2, 93.60,93.9,94.57,3527965,3336.45,21870, 1683075, 47.71
JSLHISAR, EQ, 11-May-2021,184.35,180.0,183.0,176.0, 176.45,177.5,179.72,1088550,1956.32,14020, 386103, 35.47
JSWENERGY, EQ, 11-May-2021,119.15,117.8,125.5,117.25, 120.70,120.75,122.06,7382591,9010.98,39718, 1779354, 24.10
JSWHL, EQ, 11-May-2021,4657.9,4575.0,4676.65,4380.85, 4460.20,4519.75,4462.36,27202,1213.85,2322, 20053, 73.72
JSWISPL, EQ, 11-May-2021,61.3,64.3,64.35,59.2, 64.35,64.35,63.42,5835463,3700.78,3713, 3970698, 68.04
JSWSTEEL, EQ, 11-May-2021,758.65,741.0,754.8,730.55, 733.00,734.25,741.4,16277517,120682.04,182726, 2987688, 18.35
JTEKTINDIA, EQ, 11-May-2021,88.15,87.0,88.85,84.1, 84.70,84.4,85.72,407804,349.57,4323, 219002, 53.70
JUBLFOOD, EQ, 11-May-2021,2764.8,2749.9,2874.7,2740.6, 2817.00,2818.5,2828.34,808770,22874.75,41064, 156168, 19.31
JUBLINDS, EQ, 11-May-2021,320.2,320.0,331.0,318.0, 319.00,319.75,323.02,45861,148.14,1706, 23873, 52.06
JUBLINGREA, EQ, 11-May-2021,421.15,415.55,459.5,413.55, 439.25,439.15,441.32,864569,3815.48,20138, 461975, 53.43
JUBLPHARMA, EQ, 11-May-2021,848.6,845.0,869.35,840.0, 845.00,847.05,857.7,320754,2751.09,9920, 139792, 43.58
JUMPNET, EQ, 11-May-2021,6.05,5.75,5.85,5.75, 5.75,5.75,5.76,2430029,139.92,2483, 2001569, 82.37
JUNIORBEES, EQ, 11-May-2021,378.15,384.2,384.2,372.53, 378.95,378.68,378.69,54759,207.37,5151, 36613, 66.86
JUSTDIAL, EQ, 11-May-2021,799.95,793.0,837.4,789.9, 804.00,805.7,817.17,1607264,13134.06,52070, 307771, 19.15
JYOTHYLAB, EQ, 11-May-2021,144.65,145.4,147.8,144.65, 146.00,146.4,146.33,427604,625.7,9179, 173949, 40.68
JYOTISTRUC, BZ, 11-May-2021,4.6,4.4,4.6,4.4, 4.40,4.4,4.42,42971,1.9,37, -, -
KABRAEXTRU, EQ, 11-May-2021,163.55,162.5,166.9,160.15, 164.00,163.6,163.76,63907,104.65,1582, 36662, 57.37
KAJARIACER, EQ, 11-May-2021,895.6,895.0,897.8,876.35, 882.00,879.05,883.83,302239,2671.29,6936, 266562, 88.20
KAKATCEM, EQ, 11-May-2021,262.0,257.9,280.0,255.0, 265.00,265.25,268.87,126043,338.89,4231, 61914, 49.12
KALPATPOWR, EQ, 11-May-2021,382.85,382.0,388.5,377.0, 379.80,378.4,383.07,257115,984.93,7318, 119085, 46.32
KALYANIFRG, BE, 11-May-2021,188.2,195.75,195.75,186.75, 190.00,188.75,189.74,1205,2.29,36, -, -
KALYANKJIL, EQ, 11-May-2021,61.5,61.5,64.9,61.0, 63.70,63.6,63.32,4982475,3154.69,29417, 2101982, 42.19
KAMATHOTEL, EQ, 11-May-2021,30.25,29.9,32.35,29.6, 31.15,31.3,31.46,152446,47.97,1392, 69013, 45.27
KAMDHENU, EQ, 11-May-2021,155.9,153.0,157.9,151.65, 155.40,155.15,154.69,113803,176.04,3942, 39707, 34.89
KANANIIND, EQ, 11-May-2021,4.05,4.0,4.25,4.0, 4.15,4.2,4.13,31427,1.3,70, 29427, 93.64
KANORICHEM, EQ, 11-May-2021,126.05,126.05,129.5,119.75, 127.75,128.2,126.22,146047,184.34,634, 135826, 93.00
KANPRPLA, EQ, 11-May-2021,157.2,157.0,160.8,152.4, 155.15,155.6,156.03,25136,39.22,623, 8722, 34.70
KANSAINER, EQ, 11-May-2021,566.15,564.0,570.0,551.0, 553.75,553.4,558.28,236614,1320.98,9721, 120486, 50.92
KAPSTON, BE, 11-May-2021,92.1,91.9,91.9,91.85, 91.85,91.85,91.88,200,0.18,2, -, -
KARDA, EQ, 11-May-2021,134.25,134.8,140.95,133.9, 140.95,138.85,138.42,1171747,1621.95,2131, 741493, 63.28
KARMAENG, EQ, 11-May-2021,13.2,13.3,13.4,12.6, 13.30,13.25,13.26,1952,0.26,55, 1129, 57.84
KARURVYSYA, EQ, 11-May-2021,54.2,54.1,54.65,53.1, 53.35,53.4,53.69,1082868,581.34,4773, 607900, 56.14
KAYA, EQ, 11-May-2021,265.9,264.85,276.15,260.6, 270.85,272.7,270.82,31550,85.44,1388, 13319, 42.22
KCP, EQ, 11-May-2021,108.25,106.2,111.9,105.35, 108.40,108.85,108.71,440961,479.38,4332, 183371, 41.58
KCPSUGIND, EQ, 11-May-2021,24.95,24.5,25.7,24.05, 24.60,24.65,24.85,2733902,679.5,6505, 1204641, 44.06
KDDL, EQ, 11-May-2021,302.1,303.05,305.05,298.45, 301.80,300.9,302.21,5159,15.59,175, 3252, 63.04
KEC, EQ, 11-May-2021,382.8,384.0,388.8,378.25, 382.00,381.4,384.31,257434,989.35,8072, 121735, 47.29
KECL, EQ, 11-May-2021,13.75,13.85,14.7,13.4, 14.60,14.55,14.37,256994,36.94,1129, 155920, 60.67
KEERTI, EQ, 11-May-2021,24.0,24.15,24.45,24.0, 24.15,24.1,24.11,43645,10.52,139, 38814, 88.93
KEI, EQ, 11-May-2021,521.35,519.0,529.0,518.4, 520.45,520.1,522.1,58341,304.6,2644, 26164, 44.85
KELLTONTEC, EQ, 11-May-2021,64.55,64.0,65.6,63.6, 65.00,65.0,65.0,248434,161.49,1974, 129498, 52.13
KENNAMET, EQ, 11-May-2021,1055.2,1055.2,1098.0,1040.0, 1055.00,1061.0,1072.39,15194,162.94,1569, 6231, 41.01
KERNEX, BE, 11-May-2021,40.9,39.05,42.9,39.05, 40.05,40.85,41.26,6326,2.61,64, -, -
KESORAMIND, EQ, 11-May-2021,82.95,81.0,84.8,80.65, 82.60,82.75,83.14,3823306,3178.6,21946, 1525624, 39.90
KEYFINSERV, EQ, 11-May-2021,57.0,57.8,59.0,56.0, 58.00,58.3,57.41,2411,1.38,67, 1571, 65.16
KHADIM, EQ, 11-May-2021,153.45,153.45,154.5,149.0, 154.40,153.2,151.81,79671,120.95,2311, 38685, 48.56
KHAICHEM, EQ, 11-May-2021,26.3,26.65,31.55,26.05, 31.55,31.55,30.51,2785378,849.87,8479, 1597616, 57.36
KHANDSE, EQ, 11-May-2021,15.1,15.0,15.5,14.95, 15.05,15.05,15.03,2537,0.38,22, 2474, 97.52
KICL, EQ, 11-May-2021,1654.6,1657.45,1700.0,1650.0, 1700.00,1694.1,1684.2,1486,25.03,206, 880, 59.22
KILITCH, EQ, 11-May-2021,140.7,147.7,147.7,147.7, 147.70,147.7,147.7,27464,40.56,155, 25861, 94.16
KINGFA, EQ, 11-May-2021,776.1,790.05,931.3,788.05, 931.30,931.3,902.6,188621,1702.49,6880, 90120, 47.78
KIOCL, EQ, 11-May-2021,184.35,182.05,202.75,177.75, 202.75,201.3,191.96,911679,1750.05,13899, 260437, 28.57
KIRIINDUS, EQ, 11-May-2021,452.15,447.65,458.3,445.95, 454.00,453.4,453.18,86440,391.73,3252, 44833, 51.87
KIRLFER, EQ, 11-May-2021,256.95,254.7,262.4,245.8, 254.00,252.25,255.34,459347,1172.88,21275, 253746, 55.24
KIRLOSBROS, EQ, 11-May-2021,262.2,260.2,273.0,251.2, 260.00,257.0,264.35,135779,358.93,4914, 55243, 40.69
KIRLOSENG, EQ, 11-May-2021,201.95,199.75,210.7,197.35, 204.25,203.35,206.03,355205,731.84,9388, 147448, 41.51
KIRLOSIND, EQ, 11-May-2021,1475.8,1451.0,1526.05,1431.3, 1468.00,1470.05,1480.58,4170,61.74,485, 2954, 70.84
KITEX, EQ, 11-May-2021,101.65,101.5,106.0,100.35, 103.15,103.4,103.7,223681,231.95,2886, 113404, 50.70
KKCL, EQ, 11-May-2021,868.15,885.0,897.0,860.0, 876.00,884.65,884.41,2496,22.07,352, 1295, 51.88
KMSUGAR, EQ, 11-May-2021,19.75,19.0,21.35,18.1, 20.35,20.4,20.4,3852374,785.82,9664, 1580460, 41.03
KNRCON, EQ, 11-May-2021,204.25,205.9,209.0,204.0, 204.05,204.6,206.46,491997,1015.77,11337, 165515, 33.64
KOKUYOCMLN, EQ, 11-May-2021,55.65,55.9,57.65,55.55, 56.30,56.35,56.43,136766,77.18,1475, 68110, 49.80
KOLTEPATIL, EQ, 11-May-2021,240.8,238.6,247.45,233.05, 234.00,234.65,239.43,204084,488.64,8435, 82524, 40.44
KOPRAN, EQ, 11-May-2021,209.25,211.45,230.15,209.35, 226.00,226.8,225.89,2599489,5872.09,32458, 831968, 32.01
KOTAKBANK, EQ, 11-May-2021,1809.35,1776.6,1794.4,1753.25, 1755.65,1755.45,1765.81,2955976,52196.97,161503, 1608233, 54.41
KOTAKBKETF, EQ, 11-May-2021,333.29,332.5,333.25,328.29, 330.20,330.26,329.95,83515,275.56,824, 41781, 50.03
KOTAKGOLD, EQ, 11-May-2021,416.5,417.85,417.9,415.7, 415.75,416.1,416.72,39847,166.05,730, 22131, 55.54
KOTAKIT, EQ, 11-May-2021,26.35,25.57,26.4,25.55, 26.00,26.21,26.14,9549,2.5,61, 8745, 91.58
KOTAKNIFTY, EQ, 11-May-2021,155.81,153.3,161.9,153.3, 155.02,155.09,155.08,253474,393.1,518, 55059, 21.72
KOTAKNV20, EQ, 11-May-2021,81.97,82.47,82.88,81.16, 81.90,81.93,81.79,19044,15.58,144, 15106, 79.32
KOTAKPSUBK, EQ, 11-May-2021,211.29,209.5,213.9,205.95, 211.05,211.46,209.68,31121,65.26,369, 6639, 21.33
KOTARISUG, EQ, 11-May-2021,38.55,38.8,46.25,38.55, 46.25,45.8,44.09,5472763,2412.81,20900, 2007056, 36.67
KOTHARIPET, EQ, 11-May-2021,30.35,31.1,34.6,29.7, 32.90,32.5,33.02,749821,247.62,2801, 396633, 52.90
KOTHARIPRO, EQ, 11-May-2021,74.05,76.5,76.5,72.7, 75.00,74.55,73.82,41062,30.31,1186, 12006, 29.24
KPITTECH, EQ, 11-May-2021,203.3,201.2,213.3,201.1, 208.00,208.5,205.99,4704935,9691.72,30669, 3694174, 78.52
KPRMILL, EQ, 11-May-2021,1474.35,1499.0,1521.0,1469.85, 1508.00,1505.05,1491.16,94588,1410.46,9315, 70698, 74.74
KRBL, EQ, 11-May-2021,208.2,206.95,222.45,205.35, 220.40,218.65,215.31,1160787,2499.33,17018, 488871, 42.12
KREBSBIO, EQ, 11-May-2021,125.15,124.0,126.7,120.25, 120.50,121.2,122.59,44004,53.94,880, 34345, 78.05
KRIDHANINF, EQ, 11-May-2021,4.05,4.1,4.4,3.95, 4.40,4.3,4.23,292717,12.4,523, 204528, 69.87
KRISHANA, EQ, 11-May-2021,83.45,82.7,86.95,82.55, 84.95,83.55,84.37,6786,5.73,110, 4874, 71.82
KSB, EQ, 11-May-2021,950.85,940.0,950.15,924.1, 928.00,926.85,935.79,23737,222.13,2847, 11935, 50.28
KSCL, EQ, 11-May-2021,653.9,649.0,784.0,641.2, 767.70,743.25,721.0,2050389,14783.4,67474, 458264, 22.35
KSL, EQ, 11-May-2021,386.0,375.0,383.05,371.65, 376.50,376.3,376.72,149065,561.55,7944, 58932, 39.53
KSOLVES, SM, 11-May-2021,1039.95,1041.0,1041.0,1020.0, 1040.00,1040.0,1031.81,5100,52.62,17, 3600, 70.59
KTKBANK, EQ, 11-May-2021,63.25,62.6,65.7,62.5, 65.25,65.15,64.39,2082318,1340.82,10132, 745052, 35.78
KUANTUM, EQ, 11-May-2021,67.7,67.5,69.9,66.75, 67.30,67.25,67.76,49454,33.51,728, 14676, 29.68
L&TFH, EQ, 11-May-2021,87.5,86.7,89.9,85.9, 89.00,89.1,88.66,11292168,10011.95,40369, 3205647, 28.39
L&TFINANCE, NI, 11-May-2021,1145.01,1155.5,1155.5,1155.0, 1155.00,1155.1,1155.1,25,0.29,2, 25, 100.00
L&TFINANCE, NK, 11-May-2021,1031.0,1025.0,1025.0,1025.0, 1025.00,1025.0,1025.0,37,0.38,2, 37, 100.00
L&TFINANCE, NQ, 11-May-2021,1141.41,1043.01,1132.1,1043.01, 1132.10,1132.1,1061.97,47,0.5,2, 37, 78.72
L&TFINANCE, NY, 11-May-2021,1059.3,1070.0,1070.0,1070.0, 1070.00,1070.0,1070.0,10,0.11,1, 10, 100.00
L&TFINANCE, Y3, 11-May-2021,1030.0,1030.0,1030.0,1030.0, 1030.00,1030.0,1030.0,150,1.55,2, 150, 100.00
L&TFINANCE, Y5, 11-May-2021,1098.96,1099.0,1099.0,1099.0, 1099.00,1099.0,1099.0,5,0.05,1, 5, 100.00
L&TFINANCE, Y7, 11-May-2021,1070.0,1070.0,1072.0,1070.0, 1070.00,1070.0,1070.06,36,0.39,6, 35, 97.22
L&TFINANCE, Y9, 11-May-2021,1109.0,1115.0,1115.0,1112.0, 1112.00,1112.0,1112.27,110,1.22,2, 110, 100.00
LAGNAM, SM, 11-May-2021,22.15,22.25,22.25,22.25, 22.25,22.25,22.25,3000,0.67,1, 3000, 100.00
LALPATHLAB, EQ, 11-May-2021,2894.35,2888.0,2895.0,2830.0, 2830.80,2833.15,2857.59,220247,6293.76,22374, 94800, 43.04
LAMBODHARA, EQ, 11-May-2021,60.15,60.15,63.0,60.0, 61.50,62.15,61.5,51762,31.83,785, 31892, 61.61
LAOPALA, EQ, 11-May-2021,222.65,222.0,228.7,221.35, 223.00,223.55,224.42,59790,134.18,2748, 32290, 54.01
LASA, EQ, 11-May-2021,77.45,77.0,79.05,76.6, 78.45,77.75,78.03,170042,132.69,2144, 83213, 48.94
LATTEYS, SM, 11-May-2021,47.85,50.2,50.2,50.2, 50.20,50.2,50.2,2000,1.0,1, 2000, 100.00
LAURUSLABS, EQ, 11-May-2021,490.65,487.5,493.2,485.15, 493.00,491.75,490.86,1857030,9115.45,30235, 771245, 41.53
LAXMICOT, SM, 11-May-2021,14.7,15.0,15.5,15.0, 15.00,15.0,15.28,30000,4.58,5, 30000, 100.00
LAXMIMACH, EQ, 11-May-2021,6042.6,6094.0,6094.0,6015.0, 6078.05,6077.7,6055.26,3801,230.16,1090, 2830, 74.45
LCCINFOTEC, EQ, 11-May-2021,1.65,1.6,1.6,1.6, 1.60,1.6,1.6,91935,1.47,161, 91935, 100.00
LEMONTREE, EQ, 11-May-2021,35.8,35.7,38.4,35.35, 38.00,38.05,37.68,3606935,1358.95,16406, 1827610, 50.67
LFIC, EQ, 11-May-2021,79.0,84.0,84.0,75.0, 81.90,82.05,81.43,2421,1.97,79, 1161, 47.96
LGBBROSLTD, EQ, 11-May-2021,292.75,292.85,297.5,288.5, 289.50,289.6,293.05,107796,315.9,2252, 52953, 49.12
LGBFORGE, EQ, 11-May-2021,3.95,4.1,4.1,4.0, 4.10,4.1,4.1,145512,5.96,116, 127914, 87.91
LIBAS, EQ, 11-May-2021,45.85,46.4,47.75,43.6, 45.45,44.1,45.84,103759,47.57,465, 27651, 26.65
LIBERTSHOE, EQ, 11-May-2021,134.75,132.0,136.0,132.0, 133.40,133.25,133.65,46730,62.45,1455, 19277, 41.25
LICHSGFIN, EQ, 11-May-2021,427.95,421.0,432.4,420.0, 428.30,429.15,428.76,2394403,10266.31,33083, 659956, 27.56
LICNETFGSC, EQ, 11-May-2021,21.9,21.75,22.0,21.75, 21.95,21.93,21.9,14039,3.07,138, 13230, 94.24
LICNETFN50, EQ, 11-May-2021,186.81,188.05,188.05,188.05, 188.05,188.05,188.05,1191,2.24,97, 1183, 99.33
LICNETFSEN, EQ, 11-May-2021,532.6,534.9,550.0,532.9, 537.25,537.25,540.48,156,0.84,107, 62, 39.74
LICNFNHGP, EQ, 11-May-2021,155.85,159.0,159.0,153.5, 155.57,154.59,154.27,161,0.25,33, 103, 63.98
LIKHITHA, EQ, 11-May-2021,370.85,368.0,378.95,367.05, 378.00,376.45,374.3,44839,167.83,1851, 19040, 42.46
LINCOLN, EQ, 11-May-2021,312.9,315.0,337.6,314.0, 324.30,321.45,326.17,1510106,4925.58,41939, 571506, 37.85
LINCPEN, EQ, 11-May-2021,151.25,150.0,158.0,148.95, 156.00,155.05,152.62,4139,6.32,259, 2473, 59.75
LINDEINDIA, EQ, 11-May-2021,1783.25,1766.0,1832.0,1760.0, 1795.00,1793.15,1808.27,65960,1192.73,6025, 35101, 53.22
LIQUIDBEES, EQ, 11-May-2021,1000.0,1000.87,1000.87,999.4, 999.99,999.99,1000.0,800780,8007.77,4508, 642844, 80.28
LIQUIDETF, EQ, 11-May-2021,999.99,1000.0,1000.01,999.99, 1000.01,1000.0,1000.0,12136,121.36,37, 11220, 92.45
LODHA, EQ, 11-May-2021,691.75,684.8,702.7,675.15, 691.40,691.7,692.45,469298,3249.65,13440, 156503, 33.35
LOKESHMACH, BE, 11-May-2021,43.25,43.9,45.0,42.0, 44.95,44.55,43.24,13860,5.99,102, -, -
LOTUSEYE, EQ, 11-May-2021,43.8,44.65,47.7,43.25, 43.55,45.2,44.41,18329,8.14,166, 15249, 83.20
LOVABLE, EQ, 11-May-2021,91.3,90.1,92.5,89.45, 92.10,92.05,91.5,51955,47.54,1241, 28322, 54.51
LPDC, EQ, 11-May-2021,1.95,1.95,2.0,1.95, 2.00,2.0,1.99,23366,0.47,61, 23146, 99.06
LSIL, EQ, 11-May-2021,1.75,1.8,1.8,1.8, 1.80,1.8,1.8,349067,6.28,217, 349067, 100.00
LT, EQ, 11-May-2021,1395.0,1380.0,1399.9,1376.1, 1383.00,1383.6,1388.13,1975828,27427.02,89111, 868586, 43.96
LTI, EQ, 11-May-2021,3665.45,3645.45,3654.85,3588.7, 3619.00,3618.85,3609.07,612773,22115.39,70967, 359573, 58.68
LTMFEOF2R, MF, 11-May-2021,15.0,13.7,16.0,13.7, 16.00,16.0,14.92,3210,0.48,5, 3210, 100.00
LTTS, EQ, 11-May-2021,2505.85,2500.0,2585.0,2476.05, 2529.95,2530.45,2537.84,448830,11390.57,38230, 163229, 36.37
LUMAXIND, EQ, 11-May-2021,1608.9,1600.15,1600.15,1550.0, 1570.00,1580.45,1577.5,4403,69.46,715, 2388, 54.24
LUMAXTECH, EQ, 11-May-2021,137.85,138.8,139.9,137.2, 138.00,137.95,138.36,59640,82.52,1798, 35066, 58.80
LUPIN, EQ, 11-May-2021,1222.55,1219.9,1246.8,1193.0, 1200.00,1197.35,1215.42,3814186,46358.5,79833, 471502, 12.36
LUXIND, EQ, 11-May-2021,2024.5,2000.0,2049.4,1999.9, 2027.00,2022.25,2032.37,39402,800.79,3926, 17396, 44.15
LXCHEM, EQ, 11-May-2021,226.15,224.0,233.7,223.2, 228.00,227.8,229.83,3580372,8228.92,37654, 924494, 25.82
LYKALABS, EQ, 11-May-2021,41.0,42.6,43.05,41.0, 43.05,43.05,42.82,126096,53.99,439, 107136, 84.96
LYPSAGEMS, EQ, 11-May-2021,4.2,4.1,4.25,4.05, 4.15,4.15,4.13,26398,1.09,79, 15827, 59.96
M&M, EQ, 11-May-2021,780.45,770.0,779.7,766.2, 773.50,776.0,772.58,2938331,22700.87,84300, 1244724, 42.36
M&MFIN, EQ, 11-May-2021,156.15,154.5,157.6,153.5, 154.85,155.0,155.12,10588786,16425.6,58571, 4969340, 46.93
M100, EQ, 11-May-2021,26.34,26.8,26.85,25.95, 26.29,26.25,26.4,119541,31.56,1919, 68804, 57.56
M14RG, MF, 11-May-2021,10.51,10.47,10.47,10.47, 10.47,10.47,10.47,29164,3.05,2, 29164, 100.00
M50, EQ, 11-May-2021,146.41,149.35,149.35,145.0, 145.17,145.17,145.53,1343,1.95,63, 1188, 88.46
MAANALU, EQ, 11-May-2021,209.7,204.6,204.85,196.15, 198.00,198.55,201.42,100074,201.57,4246, 49932, 49.90
MACPOWER, EQ, 11-May-2021,89.55,90.0,93.3,86.2, 90.00,90.0,89.92,5606,5.04,72, 4677, 83.43
MADHAV, EQ, 11-May-2021,48.1,48.15,57.0,47.75, 53.95,55.0,53.27,165350,88.08,1486, 66572, 40.26
MADHUCON, EQ, 11-May-2021,4.85,5.0,5.0,4.75, 4.95,4.9,4.94,42117,2.08,114, 37315, 88.60
MADRASFERT, EQ, 11-May-2021,28.0,27.85,29.4,27.05, 29.20,29.1,28.92,525770,152.08,2307, 249776, 47.51
MAESGETF, EQ, 11-May-2021,25.55,27.0,27.0,25.29, 25.39,25.39,25.4,156213,39.68,103, 155247, 99.38
MAGADSUGAR, EQ, 11-May-2021,187.45,188.0,197.7,185.15, 189.00,189.4,192.39,295473,568.47,4974, 134783, 45.62
MAGMA, EQ, 11-May-2021,135.1,130.5,134.7,128.35, 129.20,129.05,130.55,2170843,2834.12,12356, 1417892, 65.32
MAGMA, N2, 11-May-2021,1399.0,1201.05,1201.05,1201.05, 1201.05,1201.05,1201.05,16,0.19,1, 16, 100.00
MAGMA, N3, 11-May-2021,1001.05,1070.0,1070.0,1070.0, 1070.00,1070.0,1070.0,30,0.32,1, 30, 100.00
MAGMA, N4, 11-May-2021,1199.0,1099.0,1099.0,1099.0, 1099.00,1099.0,1099.0,6,0.07,1, 6, 100.00
MAGNUM, EQ, 11-May-2021,4.65,4.5,4.85,4.5, 4.70,4.7,4.74,30821,1.46,33, 27321, 88.64
MAHABANK, EQ, 11-May-2021,24.55,24.3,25.25,23.95, 24.75,24.85,24.67,9316761,2298.24,11606, 3151742, 33.83
MAHAPEXLTD, BE, 11-May-2021,74.15,71.0,77.85,71.0, 77.85,77.85,77.47,16330,12.65,50, -, -
MAHASTEEL, EQ, 11-May-2021,95.15,96.0,99.0,93.6, 94.50,94.6,96.4,115451,111.3,1383, 69656, 60.33
MAHEPC, EQ, 11-May-2021,154.2,155.7,157.9,150.05, 155.45,154.55,154.51,204373,315.79,4287, 103122, 50.46
MAHESHWARI, EQ, 11-May-2021,102.1,102.0,103.0,100.05, 102.00,102.45,102.03,20702,21.12,305, 15729, 75.98
MAHICKRA, SM, 11-May-2021,75.8,75.25,75.25,75.25, 75.25,75.25,75.25,1500,1.13,1, 1500, 100.00
MAHINDCIE, EQ, 11-May-2021,177.3,176.5,183.6,175.5, 183.30,183.0,182.3,398199,725.91,7403, 226333, 56.84
MAHLIFE, EQ, 11-May-2021,498.25,499.0,500.35,487.0, 491.95,492.75,494.85,11538,57.1,823, 6665, 57.77
MAHLOG, EQ, 11-May-2021,553.3,542.05,560.0,542.05, 550.00,545.6,552.25,61157,337.74,3298, 29416, 48.10
MAHSCOOTER, EQ, 11-May-2021,3520.05,3501.05,3517.85,3480.0, 3483.20,3486.75,3489.07,4359,152.09,673, 3449, 79.12
MAHSEAMLES, EQ, 11-May-2021,311.45,309.0,309.85,302.0, 305.60,305.0,306.13,130661,399.99,4605, 63918, 48.92
MAITHANALL, EQ, 11-May-2021,792.8,780.0,789.0,766.0, 783.00,773.85,779.64,56845,443.19,4339, 27350, 48.11
MAJESCO, EQ, 11-May-2021,71.9,71.95,75.45,71.75, 75.45,75.45,74.53,466053,347.35,2423, 385772, 82.77
MALUPAPER, EQ, 11-May-2021,26.75,26.35,27.75,26.1, 27.20,27.15,27.21,37509,10.21,519, 26433, 70.47
MAN50ETF, EQ, 11-May-2021,152.66,157.25,157.25,151.5, 152.08,151.95,152.06,73868,112.33,82, 72045, 97.53
MANAKALUCO, EQ, 11-May-2021,15.4,15.8,15.95,14.35, 14.65,14.7,14.95,916956,137.12,2365, 586362, 63.95
MANAKCOAT, EQ, 11-May-2021,17.55,17.9,18.35,17.0, 17.90,18.1,18.03,170776,30.8,481, 53684, 31.44
MANAKSIA, EQ, 11-May-2021,68.0,69.8,74.0,65.25, 66.45,66.3,68.28,1000281,682.96,9445, 481157, 48.10
MANAKSTEEL, EQ, 11-May-2021,26.85,26.85,28.15,26.0, 28.15,28.15,27.74,149063,41.34,562, 105267, 70.62
MANALIPETC, EQ, 11-May-2021,83.35,83.0,87.4,82.25, 84.65,84.65,84.81,1627562,1380.4,8881, 684772, 42.07
MANAPPURAM, EQ, 11-May-2021,154.5,153.95,155.0,151.75, 153.70,153.85,153.63,3444257,5291.51,24743, 1586887, 46.07
MANGALAM, EQ, 11-May-2021,135.75,133.15,139.9,133.15, 135.70,135.2,136.52,207992,283.94,4342, 87340, 41.99
MANGCHEFER, EQ, 11-May-2021,91.75,89.55,98.5,89.0, 94.40,94.15,95.11,4661353,4433.63,29257, 2043359, 43.84
MANGLMCEM, EQ, 11-May-2021,295.85,295.85,304.9,292.05, 301.95,301.0,300.19,82243,246.89,4515, 38742, 47.11
MANGTIMBER, EQ, 11-May-2021,10.75,10.55,11.25,10.5, 10.75,10.75,11.01,29948,3.3,58, 29469, 98.40
MANINDS, EQ, 11-May-2021,100.05,98.0,100.9,97.0, 98.00,98.0,98.75,395696,390.76,5598, 184548, 46.64
MANINFRA, EQ, 11-May-2021,40.0,39.6,41.3,39.55, 40.40,40.65,40.33,714073,288.02,3127, 321276, 44.99
MANUGRAPH, EQ, 11-May-2021,11.05,11.55,11.6,10.7, 11.40,11.4,11.28,6896,0.78,142, 5875, 85.19
MANXT50, EQ, 11-May-2021,359.6,361.15,370.38,358.19, 361.50,361.49,361.43,4667,16.87,27, 4545, 97.39
MARALOVER, EQ, 11-May-2021,39.25,39.9,40.5,38.8, 39.40,39.75,39.71,39652,15.75,281, 31099, 78.43
MARATHON, EQ, 11-May-2021,51.45,50.2,52.4,50.0, 51.50,51.15,51.37,41443,21.29,695, 30159, 72.77
MARICO, EQ, 11-May-2021,470.75,471.3,487.6,465.0, 479.95,479.6,479.67,5488935,26329.03,102439, 1076639, 19.61
MARINE, EQ, 11-May-2021,75.8,76.6,80.6,74.75, 78.35,78.1,77.34,583391,451.2,3074, 307487, 52.71
MARKSANS, EQ, 11-May-2021,77.85,78.45,81.95,78.1, 80.00,79.75,80.46,11564199,9304.96,53273, 3844277, 33.24
MARUTI, EQ, 11-May-2021,6764.0,6680.15,6749.0,6660.25, 6740.00,6736.65,6709.69,406046,27244.42,46189, 130971, 32.26
MASFIN, EQ, 11-May-2021,821.45,824.0,824.9,801.95, 804.50,803.8,808.51,8335,67.39,942, 5922, 71.05
MASKINVEST, BE, 11-May-2021,26.0,26.0,26.0,26.0, 26.00,26.0,26.0,1,0.0,1, -, -
MASTEK, EQ, 11-May-2021,1909.8,1900.0,1967.9,1865.65, 1924.80,1924.15,1906.69,149274,2846.2,14974, 62931, 42.16
MATRIMONY, EQ, 11-May-2021,923.3,914.1,935.0,906.0, 915.00,917.25,921.22,16701,153.85,1371, 11832, 70.85
MAWANASUG, EQ, 11-May-2021,52.0,54.6,54.6,53.85, 54.60,54.6,54.59,237100,129.42,611, 196787, 83.00
MAXHEALTH, EQ, 11-May-2021,231.5,231.0,236.8,229.6, 235.00,234.15,234.05,1972452,4616.51,25675, 917461, 46.51
MAXIND, EQ, 11-May-2021,68.45,67.8,73.7,67.5, 70.70,70.75,71.9,3593925,2583.97,15748, 1594928, 44.38
MAXVIL, EQ, 11-May-2021,63.9,63.5,65.9,62.5, 63.55,63.95,64.36,436025,280.64,3395, 262413, 60.18
MAYURUNIQ, EQ, 11-May-2021,443.6,445.8,454.85,442.05, 446.00,448.7,448.5,49965,224.1,2793, 26686, 53.41
MAZDA, EQ, 11-May-2021,478.8,469.25,487.0,467.95, 478.50,475.75,479.39,8113,38.89,601, 5617, 69.23
MAZDOCK, EQ, 11-May-2021,209.45,207.0,216.5,205.95, 213.00,213.25,213.42,883690,1885.99,12065, 308614, 34.92
MBAPL, EQ, 11-May-2021,81.75,84.2,84.2,82.1, 83.95,83.85,83.87,8060,6.76,34, 6645, 82.44
MBECL, BE, 11-May-2021,6.9,7.0,7.2,6.7, 7.20,7.15,7.1,53498,3.8,108, -, -
MBLINFRA, EQ, 11-May-2021,18.05,18.05,19.0,17.9, 18.50,18.5,18.38,132303,24.31,765, 97480, 73.68
MC2RG, MF, 11-May-2021,11.5,11.01,11.01,11.01, 11.01,11.01,11.01,1800,0.2,2, 1800, 100.00
MCDHOLDING, EQ, 11-May-2021,39.8,40.4,40.4,39.25, 39.85,39.8,39.71,27353,10.86,518, 23815, 87.07
MCDOWELL-N, EQ, 11-May-2021,551.55,548.5,557.0,546.0, 556.00,555.05,553.72,977801,5414.24,25125, 334189, 34.18
MCL, EQ, 11-May-2021,87.3,87.0,89.9,86.3, 89.75,88.75,88.63,70794,62.74,399, 41778, 59.01
MCLEODRUSS, EQ, 11-May-2021,24.55,24.15,25.75,23.8, 25.75,25.75,25.55,1452095,371.04,2896, 1106538, 76.20
MCX, EQ, 11-May-2021,1590.05,1584.9,1615.8,1560.0, 1565.00,1567.35,1588.81,460226,7312.14,32157, 113802, 24.73
MEGASOFT, BE, 11-May-2021,11.8,11.8,12.0,11.3, 11.90,11.7,11.77,138269,16.28,316, -, -
MEGH, EQ, 11-May-2021,136.3,134.85,141.95,130.05, 137.70,137.6,136.88,4303771,5890.85,32352, 1999836, 46.47
MELSTAR, BZ, 11-May-2021,1.95,1.95,2.0,1.9, 2.00,2.0,1.95,1935,0.04,14, -, -
MENONBE, EQ, 11-May-2021,60.95,60.95,62.95,59.05, 61.20,60.5,61.58,146351,90.13,1843, 89706, 61.30
MEP, EQ, 11-May-2021,15.95,15.75,16.0,15.7, 15.90,15.9,15.87,166446,26.42,532, 114120, 68.56
MERCATOR, EQ, 11-May-2021,0.95,0.95,1.0,0.9, 0.95,1.0,0.97,1814722,17.6,448, 1731080, 95.39
METALFORGE, BZ, 11-May-2021,5.1,5.25,5.35,5.0, 5.35,5.35,5.31,11280,0.6,44, -, -
METROPOLIS, EQ, 11-May-2021,2281.35,2279.0,2343.0,2266.15, 2310.00,2304.85,2300.48,107017,2461.91,6637, 75584, 70.63
MFSL, EQ, 11-May-2021,910.6,910.6,921.5,904.4, 920.00,918.05,915.41,292451,2677.11,11685, 93845, 32.09
MGEL, EQ, 11-May-2021,47.0,46.8,48.6,46.3, 46.35,47.05,46.65,90142,42.05,162, 88383, 98.05
MGL, EQ, 11-May-2021,1162.35,1157.95,1188.9,1143.0, 1165.00,1166.1,1170.72,452899,5302.17,15353, 162562, 35.89
MHHL, SM, 11-May-2021,29.6,31.05,31.05,31.05, 31.05,31.05,31.05,9000,2.79,3, 9000, 100.00
MHRIL, EQ, 11-May-2021,207.65,209.0,220.0,208.65, 216.45,214.85,215.77,165273,356.6,4839, 86476, 52.32
MIC, EQ, 11-May-2021,1.1,1.15,1.15,1.1, 1.15,1.15,1.15,298914,3.44,134, 284314, 95.12
MIDHANI, EQ, 11-May-2021,203.75,202.4,206.75,198.25, 202.85,202.8,203.09,1014184,2059.71,13246, 393853, 38.83
MILTON, SM, 11-May-2021,24.25,23.05,23.05,23.05, 23.05,23.05,23.05,8800,2.03,2, 8800, 100.00
MINDACORP, EQ, 11-May-2021,108.2,107.1,108.8,106.15, 106.80,106.8,107.39,375977,403.77,4914, 177534, 47.22
MINDAIND, EQ, 11-May-2021,532.0,531.7,540.0,525.0, 532.00,531.85,534.23,188795,1008.6,7791, 88652, 46.96
MINDSPACE, RR, 11-May-2021,289.84,289.31,290.01,289.0, 289.51,289.97,289.94,434600,1260.07,343, 415200, 95.54
MINDTECK, EQ, 11-May-2021,50.8,51.8,51.8,49.8, 50.20,50.6,50.7,9993,5.07,285, 7297, 73.02
MINDTREE, EQ, 11-May-2021,2232.1,2190.0,2225.05,2182.1, 2200.00,2200.9,2203.26,420184,9257.73,20073, 79487, 18.92
MIRCELECTR, EQ, 11-May-2021,17.65,16.8,18.5,16.8, 18.50,18.5,17.86,9247732,1652.02,4056, 5429002, 58.71
MIRZAINT, EQ, 11-May-2021,48.05,46.7,49.0,46.7, 47.95,47.8,48.04,309536,148.71,2330, 139634, 45.11
MITTAL, EQ, 11-May-2021,9.9,9.8,10.15,9.5, 10.15,10.05,9.93,73946,7.34,185, 29575, 40.00
MMFL, EQ, 11-May-2021,460.25,447.95,463.7,447.95, 459.95,455.55,454.73,12548,57.06,597, 7026, 55.99
MMP, EQ, 11-May-2021,92.5,92.5,94.0,92.2, 94.00,93.95,93.42,10212,9.54,186, 8579, 84.01
MMTC, EQ, 11-May-2021,48.55,46.95,55.55,46.35, 54.60,54.35,51.94,35112759,18238.29,86972, 6992722, 19.92
MODIRUBBER, BE, 11-May-2021,75.45,73.0,76.65,73.0, 76.65,76.4,74.6,7417,5.53,115, -, -
MODISNME, EQ, 11-May-2021,58.55,58.55,59.0,57.6, 57.70,58.05,58.25,58507,34.08,745, 43218, 73.87
MOHITIND, EQ, 11-May-2021,7.75,7.9,7.9,7.5, 7.90,7.8,7.75,17369,1.35,49, 9832, 56.61
MOHOTAIND, EQ, 11-May-2021,6.3,6.35,6.6,6.05, 6.60,6.55,6.49,41883,2.72,83, 33441, 79.84
MOIL, EQ, 11-May-2021,187.9,182.9,187.85,179.6, 182.40,182.45,184.03,2072619,3814.29,24056, 538521, 25.98
MOKSH, SM, 11-May-2021,53.9,56.0,57.5,55.95, 57.50,57.45,56.35,36000,20.29,11, 24000, 66.67
MOLDTECH, EQ, 11-May-2021,46.8,47.05,47.1,45.15, 46.35,46.1,46.01,16773,7.72,446, 10807, 64.43
MOLDTEKPP, E1, 11-May-2021,339.55,325.05,348.25,321.5, 321.60,329.55,332.77,1008,3.35,259, 592, 58.73
MOLDTKPAC, EQ, 11-May-2021,474.0,480.0,482.0,454.4, 469.10,473.0,468.91,48375,226.84,3137, 17188, 35.53
MOLDTKPAC, W1, 11-May-2021,314.9,330.0,332.0,330.0, 332.00,330.85,330.84,430,1.42,2, 430, 100.00
MONTECARLO, EQ, 11-May-2021,252.5,251.0,275.0,249.0, 267.00,265.9,266.59,414507,1105.02,13081, 162839, 39.28
MORARJEE, EQ, 11-May-2021,13.95,13.95,14.15,13.95, 14.10,14.1,14.07,10069,1.42,45, 8545, 84.86
MOREPENLAB, EQ, 11-May-2021,59.1,59.1,61.3,56.7, 59.35,59.3,59.98,6924267,4152.99,29642, 2904539, 41.95
MOTHERSUMI, EQ, 11-May-2021,234.7,233.0,240.4,230.65, 232.40,233.15,235.28,16809016,39548.17,120102, 3431837, 20.42
MOTILALOFS, EQ, 11-May-2021,720.65,719.7,747.3,717.05, 730.60,731.0,731.96,477583,3495.7,15349, 202685, 42.44
MOTOGENFIN, EQ, 11-May-2021,20.3,20.7,21.3,20.05, 20.75,20.75,20.94,9301,1.95,146, 8862, 95.28
MPHASIS, EQ, 11-May-2021,1843.95,1835.0,1868.9,1818.15, 1845.40,1848.7,1849.02,338923,6266.75,18026, 161486, 47.65
MPSLTD, EQ, 11-May-2021,649.65,640.05,649.0,627.05, 631.20,633.65,638.23,8079,51.56,556, 5128, 63.47
MPTODAY, SM, 11-May-2021,21.0,20.0,22.05,20.0, 21.65,21.6,21.16,10000,2.12,5, 10000, 100.00
MRF, EQ, 11-May-2021,78370.05,77914.0,78989.95,77606.35, 78497.00,78621.15,78496.5,14533,11407.9,8513, 2191, 15.08
MRO-TEK, EQ, 11-May-2021,23.1,22.75,23.5,22.3, 23.50,23.2,22.86,1053,0.24,28, 1000, 94.97
MRPL, EQ, 11-May-2021,43.3,43.0,47.6,42.1, 46.60,46.55,46.36,13560658,6286.31,37858, 4021963, 29.66
MSPL, BE, 11-May-2021,11.15,10.6,11.4,10.6, 11.20,11.2,11.16,99698,11.12,269, -, -
MSTCLTD, EQ, 11-May-2021,265.25,262.7,281.3,260.5, 271.25,271.6,272.02,779108,2119.35,20168, 229810, 29.50
MTARTECH, EQ, 11-May-2021,903.85,902.5,917.0,902.0, 904.00,903.8,908.61,119193,1083.0,9821, 52191, 43.79
MTEDUCARE, EQ, 11-May-2021,7.05,7.1,8.3,6.8, 7.75,7.9,7.88,1160800,91.47,1814, 732665, 63.12
MTNL, EQ, 11-May-2021,16.85,16.75,18.5,16.5, 18.50,18.5,17.83,4646647,828.41,7311, 2500103, 53.80
MUKANDLTD, BE, 11-May-2021,117.95,115.65,118.9,114.0, 114.30,114.55,116.31,123610,143.77,419, -, -
MUKANDLTD, P1, 11-May-2021,5.35,5.8,5.8,5.8, 5.80,5.8,5.8,1031,0.06,5, 1031, 100.00
MUKTAARTS, EQ, 11-May-2021,29.3,30.0,30.0,29.0, 29.10,29.05,29.27,12813,3.75,106, 11347, 88.56
MUNJALAU, EQ, 11-May-2021,57.85,56.8,59.35,56.55, 58.00,58.0,58.27,160338,93.42,2418, 65360, 40.76
MUNJALSHOW, EQ, 11-May-2021,136.05,136.15,140.9,134.45, 139.00,138.95,138.57,32043,44.4,983, 19744, 61.62
MURUDCERA, EQ, 11-May-2021,20.2,20.4,21.4,19.8, 21.25,21.25,20.88,207126,43.25,1286, 94678, 45.71
MUTHOOTCAP, EQ, 11-May-2021,370.0,370.0,373.55,366.45, 371.15,370.35,371.01,17407,64.58,934, 11656, 66.96
MUTHOOTFIN, EQ, 11-May-2021,1222.95,1211.6,1218.55,1195.0, 1197.85,1197.95,1206.54,539855,6513.58,22746, 170809, 31.64
N100, EQ, 11-May-2021,993.31,974.9,992.9,963.27, 966.71,966.96,968.22,185762,1798.58,8236, 162881, 87.68
NABARD, N2, 11-May-2021,1248.0,1236.0,1248.0,1236.0, 1248.00,1248.0,1245.76,570,7.1,10, 405, 71.05
NACLIND, EQ, 11-May-2021,41.55,42.0,49.85,41.9, 49.85,48.15,46.08,1238733,570.82,4540, 805143, 65.00
NAGAFERT, EQ, 11-May-2021,7.35,7.7,7.7,7.55, 7.70,7.7,7.69,1072080,82.44,1003, 896452, 83.62
NAGREEKEXP, EQ, 11-May-2021,19.15,18.25,20.8,18.25, 18.90,19.25,19.26,11370,2.19,119, 9428, 82.92
NAHARCAP, EQ, 11-May-2021,116.8,116.8,132.05,113.1, 122.15,123.25,124.82,244668,305.39,4108, 90494, 36.99
NAHARINDUS, EQ, 11-May-2021,56.2,55.55,57.6,54.5, 55.30,55.8,56.2,35032,19.69,410, 23687, 67.62
NAHARPOLY, EQ, 11-May-2021,133.85,130.0,137.0,130.0, 132.50,133.4,134.43,107804,144.92,2523, 55872, 51.83
NAHARSPING, EQ, 11-May-2021,119.25,120.0,125.2,119.0, 123.00,124.3,123.31,175761,216.73,1516, 138989, 79.08
NAM-INDIA, EQ, 11-May-2021,350.4,345.55,351.75,343.0, 348.85,349.3,349.11,331495,1157.29,4468, 121261, 36.58
NANDANI, SM, 11-May-2021,31.65,30.1,30.1,30.1, 30.10,30.1,30.1,5000,1.51,1, 5000, 100.00
NATCOPHARM, EQ, 11-May-2021,941.45,939.9,945.0,918.0, 924.50,925.6,929.43,524215,4872.2,19296, 301133, 57.44
NATHBIOGEN, EQ, 11-May-2021,348.15,346.5,417.75,342.7, 417.75,417.4,393.69,557239,2193.78,8672, 170998, 30.69
NATIONALUM, EQ, 11-May-2021,81.5,78.5,81.8,77.6, 79.60,79.5,79.88,57567824,45983.42,116777, 14857903, 25.81
NATNLSTEEL, BE, 11-May-2021,5.05,5.3,5.3,5.3, 5.30,5.3,5.3,9612,0.51,8, -, -
NAUKRI, EQ, 11-May-2021,4619.0,4619.0,4619.0,4476.55, 4482.00,4484.05,4521.63,507012,22925.18,55221, 237184, 46.78
NAVINFLUOR, EQ, 11-May-2021,3213.35,3202.0,3269.55,3157.7, 3161.50,3162.9,3202.58,413071,13228.93,33990, 99239, 24.02
NAVKARCORP, EQ, 11-May-2021,36.25,35.85,36.85,35.55, 36.00,35.9,36.03,571250,205.85,2964, 321058, 56.20
NAVNETEDUL, EQ, 11-May-2021,73.9,74.55,74.8,73.35, 73.50,73.5,73.73,138162,101.87,1695, 109382, 79.17
NAZARA, EQ, 11-May-2021,1703.05,1700.0,1749.0,1683.55, 1722.00,1724.45,1720.99,219488,3777.36,14937, 65465, 29.83
NBCC, EQ, 11-May-2021,47.75,47.45,51.0,46.5, 49.90,50.15,49.32,37115202,18304.91,80330, 11362470, 30.61
NBIFIN, EQ, 11-May-2021,1978.65,1976.45,2008.0,1975.5, 2008.00,1994.45,2000.06,352,7.04,33, 344, 97.73
NBVENTURES, EQ, 11-May-2021,93.2,94.4,104.85,94.0, 99.95,99.65,99.82,5100935,5091.79,38552, 1667264, 32.69
NCC, EQ, 11-May-2021,80.95,79.9,83.6,78.85, 81.00,81.05,81.27,6163785,5009.28,33274, 2598045, 42.15
NCLIND, EQ, 11-May-2021,185.75,184.1,195.45,181.0, 193.50,193.85,192.38,1193580,2296.24,14138, 432391, 36.23
NCPSESDL24, EQ, 11-May-2021,104.3,104.49,104.49,104.39, 104.46,104.46,104.44,646,0.67,14, 522, 80.80
NDGL, EQ, 11-May-2021,816.85,834.95,898.5,776.25, 898.50,898.5,863.56,1183,10.22,160, 999, 84.45
NDL, EQ, 11-May-2021,42.65,42.95,51.15,42.5, 51.15,51.15,49.09,1176606,577.55,7625, 426087, 36.21
NDRAUTO, EQ, 11-May-2021,190.9,191.35,195.45,190.0, 194.00,194.1,192.88,1511,2.91,111, 814, 53.87
NDTV, EQ, 11-May-2021,62.85,64.95,64.95,62.35, 63.05,63.35,63.41,57082,36.19,542, 40058, 70.18
NECCLTD, EQ, 11-May-2021,8.95,9.2,9.25,8.9, 9.25,9.25,9.08,45242,4.11,168, 33632, 74.34
NECLIFE, EQ, 11-May-2021,26.15,25.95,31.35,25.75, 31.35,31.35,29.55,9702632,2867.33,24772, 4318255, 44.51
NELCAST, EQ, 11-May-2021,76.7,75.7,76.1,73.95, 74.80,74.85,75.15,226346,170.1,3844, 124541, 55.02
NELCO, EQ, 11-May-2021,205.85,204.05,214.3,202.65, 207.75,208.0,209.03,325801,681.02,7280, 115524, 35.46
NEOGEN, EQ, 11-May-2021,897.3,894.95,926.3,888.1, 917.50,916.55,913.52,47679,435.56,3928, 23201, 48.66
NESCO, EQ, 11-May-2021,498.85,499.0,505.5,498.0, 502.40,501.65,501.72,74592,374.24,3091, 47166, 63.23
NESTLEIND, EQ, 11-May-2021,16787.3,16749.0,16949.0,16710.35, 16860.95,16870.1,16828.32,60063,10107.59,14022, 31851, 53.03
NETF, EQ, 11-May-2021,181.27,182.48,182.48,182.48, 182.48,182.48,182.48,182,0.33,20, 182, 100.00
NETFCONSUM, EQ, 11-May-2021,63.67,63.94,64.5,63.21, 63.98,63.85,63.89,6212,3.97,140, 4440, 71.47
NETFDIVOPP, EQ, 11-May-2021,37.39,37.99,37.99,36.3, 37.40,37.32,37.09,783,0.29,61, 648, 82.76
NETFGILT5Y, EQ, 11-May-2021,48.18,48.23,48.23,48.23, 48.23,48.23,48.23,1,0.0,1, 1, 100.00
NETFIT, EQ, 11-May-2021,26.47,26.64,26.64,26.24, 26.40,26.32,26.37,215197,56.75,1258, 154876, 71.97
NETFLTGILT, EQ, 11-May-2021,22.43,22.49,22.62,22.42, 22.50,22.49,22.49,60431,13.59,140, 54333, 89.91
NETFMID150, EQ, 11-May-2021,93.97,94.07,95.07,93.12, 94.95,94.92,94.79,290768,275.63,765, 275915, 94.89
NETFNIF100, EQ, 11-May-2021,155.2,155.2,158.0,153.6, 155.21,155.2,155.02,817,1.27,35, 776, 94.98
NETFNV20, EQ, 11-May-2021,85.87,85.0,87.0,82.0, 84.00,83.74,83.88,9746,8.17,283, 5033, 51.64
NETFSDL26, EQ, 11-May-2021,102.78,102.81,102.82,102.78, 102.82,102.82,102.78,245145,251.96,6, 245140, 100.00
NETWORK18, EQ, 11-May-2021,41.0,40.65,41.95,40.25, 40.90,40.85,41.06,3447619,1415.47,6718, 1080753, 31.35
NEULANDLAB, EQ, 11-May-2021,2695.25,2675.0,2716.65,2425.75, 2425.75,2511.3,2543.0,250319,6365.62,24513, 104070, 41.57
NEWGEN, EQ, 11-May-2021,325.8,324.5,326.0,320.55, 324.35,324.55,324.03,37180,120.48,1876, 17935, 48.24
NEXTMEDIA, EQ, 11-May-2021,4.0,4.0,4.2,3.9, 4.20,4.2,4.13,21152,0.87,155, 14836, 70.14
NFL, EQ, 11-May-2021,62.0,61.5,64.25,60.6, 62.70,62.7,63.04,4664285,2940.41,18567, 1381312, 29.61
NH, EQ, 11-May-2021,405.45,404.0,412.3,404.0, 411.00,407.25,408.39,161512,659.6,9211, 92562, 57.31
NHAI, N1, 11-May-2021,1078.76,1078.76,1081.5,1078.0, 1081.50,1081.5,1080.63,2016,21.79,29, 2016, 100.00
NHAI, N2, 11-May-2021,1265.12,1269.99,1269.99,1264.0, 1265.90,1264.23,1267.6,911,11.55,28, 711, 78.05
NHAI, N6, 11-May-2021,1301.39,1301.39,1302.0,1301.39, 1302.00,1302.0,1301.98,31,0.4,3, 30, 96.77
NHAI, N8, 11-May-2021,1155.88,1155.16,1155.16,1155.16, 1155.16,1155.16,1155.16,1990,22.99,18, 1990, 100.00
NHAI, N9, 11-May-2021,1240.0,1239.99,1239.99,1221.0, 1230.00,1230.02,1222.37,2225,27.2,11, 2003, 90.02
NHAI, NA, 11-May-2021,1242.3,1241.0,1241.5,1239.0, 1241.50,1241.5,1240.77,24699,306.46,85, 19033, 77.06
NHAI, ND, 11-May-2021,1275.0,1277.0,1277.0,1277.0, 1277.00,1277.0,1277.0,1,0.01,1, 1, 100.00
NHAI, NE, 11-May-2021,1279.0,1275.01,1279.75,1273.5, 1274.99,1274.99,1275.28,3487,44.47,45, 3044, 87.30
NHBTF2014, N6, 11-May-2021,7242.0,7245.0,7245.0,7242.0, 7242.00,7242.0,7244.57,35,2.54,2, 35, 100.00
NHPC, EQ, 11-May-2021,24.75,24.7,27.1,24.55, 26.45,26.5,26.18,31064357,8133.58,38054, 9402972, 30.27
NHPC, N6, 11-May-2021,1423.93,1428.0,1430.0,1428.0, 1430.00,1429.3,1428.46,65,0.93,13, 65, 100.00
NIACL, EQ, 11-May-2021,152.35,151.05,158.0,150.3, 156.75,157.0,154.97,923613,1431.31,13228, 314591, 34.06
NIBL, BE, 11-May-2021,23.1,23.3,24.15,22.05, 24.15,23.95,22.9,8249,1.89,60, -, -
NIFTYBEES, EQ, 11-May-2021,159.69,159.2,159.31,157.74, 159.00,158.94,158.7,1280124,2031.59,14040, 621607, 48.56
NIITLTD, EQ, 11-May-2021,166.2,165.7,171.7,164.8, 169.90,169.75,169.4,516461,874.91,10780, 228496, 44.24
NILAINFRA, EQ, 11-May-2021,4.5,4.65,4.7,4.5, 4.70,4.7,4.67,124299,5.8,147, 92362, 74.31
NILASPACES, EQ, 11-May-2021,1.35,1.35,1.4,1.3, 1.40,1.4,1.37,246219,3.38,142, 199791, 81.14
NILKAMAL, EQ, 11-May-2021,2105.3,2101.0,2205.0,2081.0, 2125.00,2125.95,2156.68,82057,1769.7,9304, 18229, 22.22
NIPPOBATRY, EQ, 11-May-2021,806.2,799.5,815.0,793.15, 806.00,809.4,803.53,1479,11.88,254, 978, 66.13
NIRAJ, EQ, 11-May-2021,41.45,41.45,42.7,40.5, 40.50,40.6,41.13,6113,2.51,108, 4550, 74.43
NITCO, EQ, 11-May-2021,20.9,20.65,21.8,20.65, 21.75,21.55,21.37,117277,25.06,956, 68480, 58.39
NITINFIRE, BZ, 11-May-2021,0.6,0.6,0.65,0.6, 0.65,0.65,0.63,46362,0.29,28, -, -
NITINSPIN, EQ, 11-May-2021,104.25,102.9,108.15,102.6, 106.50,106.65,105.55,889026,938.38,11122, 397362, 44.70
NITIRAJ, EQ, 11-May-2021,39.5,39.55,41.2,39.55, 40.60,40.0,39.7,1236,0.49,12, 874, 70.71
NKIND, BE, 11-May-2021,24.55,23.35,25.65,23.35, 25.65,25.65,24.65,1150,0.28,4, -, -
NLCINDIA, EQ, 11-May-2021,53.5,53.25,64.2,52.5, 64.20,63.6,58.86,57566903,33882.11,114202, 18631676, 32.37
NMDC, EQ, 11-May-2021,200.0,195.0,198.9,188.2, 195.65,196.95,195.64,29623335,57955.91,145402, 6128095, 20.69
NOCIL, EQ, 11-May-2021,202.2,199.85,211.45,197.65, 205.50,203.65,206.35,1911140,3943.66,25233, 753160, 39.41
NOIDATOLL, EQ, 11-May-2021,5.85,5.95,5.95,5.7, 5.85,5.85,5.82,108193,6.29,182, 81785, 75.59
NOVARTIND, EQ, 11-May-2021,650.15,653.8,667.0,647.8, 650.90,649.6,655.06,20169,132.12,1566, 9664, 47.92
NPBET, EQ, 11-May-2021,172.76,174.97,174.97,172.27, 172.27,172.27,174.39,148,0.26,23, 111, 75.00
NRAIL, EQ, 11-May-2021,223.8,223.8,234.75,222.65, 231.95,231.65,230.07,42657,98.14,1613, 31277, 73.32
NRBBEARING, EQ, 11-May-2021,112.95,111.95,113.0,110.5, 111.20,111.25,111.82,205805,230.14,4703, 103071, 50.08
NSIL, EQ, 11-May-2021,1735.4,1735.4,1799.0,1726.0, 1790.00,1765.45,1758.35,1839,32.34,549, 925, 50.30
NTPC, EQ, 11-May-2021,107.7,108.0,113.4,106.7, 112.95,112.7,110.44,45613487,50377.81,159411, 11788331, 25.84
NTPC, N1, 11-May-2021,1169.99,1169.0,1169.0,1131.1, 1131.10,1131.1,1150.05,200,2.3,2, 0, 0.00
NTPC, N4, 11-May-2021,1180.0,1170.0,1170.0,1164.0, 1168.00,1168.0,1167.5,400,4.67,5, 400, 100.00
NTPC, N7, 11-May-2021,13.67,13.52,13.75,13.52, 13.65,13.63,13.66,27311,3.73,165, 26452, 96.85
NTPC, NB, 11-May-2021,1153.0,1154.0,1154.0,1154.0, 1154.00,1154.0,1154.0,1,0.01,1, 1, 100.00
NTPC, ND, 11-May-2021,1367.23,1369.9,1372.0,1369.9, 1370.00,1370.0,1370.01,302,4.14,5, 300, 99.34
NUCLEUS, EQ, 11-May-2021,545.25,545.0,606.3,537.8, 584.50,584.65,587.98,567665,3337.77,24255, 155781, 27.44
NURECA, EQ, 11-May-2021,1543.5,1619.0,1620.65,1466.35, 1620.65,1620.65,1573.77,116671,1836.13,6367, 43803, 37.54
NXTDIGITAL, EQ, 11-May-2021,460.3,465.0,549.0,465.0, 511.00,513.25,518.17,76693,397.4,3563, 18130, 23.64
OAL, EQ, 11-May-2021,868.65,802.2,829.9,800.1, 805.00,807.85,811.37,118652,962.7,5713, 71969, 60.66
OBEROIRLTY, EQ, 11-May-2021,543.6,544.9,545.0,535.45, 544.00,542.75,541.3,172427,933.36,7662, 96946, 56.22
OCCL, EQ, 11-May-2021,949.1,945.0,970.0,936.05, 952.65,951.45,954.9,11719,111.9,1625, 6665, 56.87
OFSS, EQ, 11-May-2021,3650.6,3630.0,3794.0,3605.25, 3770.00,3759.65,3734.75,267788,10001.22,28982, 119701, 44.70
OIL, EQ, 11-May-2021,126.7,126.5,131.2,125.6, 129.55,129.45,128.71,2137850,2751.72,25447, 836048, 39.11
OLECTRA, EQ, 11-May-2021,172.5,171.0,181.1,169.1, 181.10,181.1,176.39,244742,431.7,4309, 153603, 62.76
OMAXAUTO, EQ, 11-May-2021,40.65,40.35,42.6,40.15, 41.00,41.15,41.42,45780,18.96,913, 24284, 53.04
OMAXE, EQ, 11-May-2021,69.4,69.5,71.85,69.0, 71.75,71.25,70.44,34144,24.05,619, 22200, 65.02
OMINFRAL, EQ, 11-May-2021,22.2,21.65,23.0,21.3, 22.90,22.75,22.74,126275,28.71,724, 100082, 79.26
ONELIFECAP, EQ, 11-May-2021,7.2,7.5,7.5,7.0, 7.40,7.4,7.47,2236,0.17,16, 2212, 98.93
ONEPOINT, BE, 11-May-2021,15.65,15.0,15.95,15.0, 15.80,15.8,15.72,3847,0.6,25, -, -
ONGC, EQ, 11-May-2021,113.9,112.55,118.7,110.75, 118.00,118.1,115.21,48355326,55708.9,149001, 14553754, 30.10
ONMOBILE, EQ, 11-May-2021,102.15,100.85,104.35,99.2, 101.00,101.55,102.27,565762,578.61,7550, 270760, 47.86
ONWARDTEC, EQ, 11-May-2021,121.95,120.0,125.0,114.1, 120.00,119.7,120.85,51265,61.95,1015, 28880, 56.33
OPTIEMUS, EQ, 11-May-2021,154.65,153.0,153.0,146.95, 146.95,146.95,147.51,80715,119.06,741, 39022, 48.35
OPTOCIRCUI, BE, 11-May-2021,4.45,4.4,4.65,4.25, 4.65,4.65,4.54,664810,30.19,617, -, -
ORBTEXP, EQ, 11-May-2021,59.25,59.9,62.4,59.4, 62.40,62.0,61.27,22689,13.9,501, 16174, 71.29
ORCHPHARMA, EQ, 11-May-2021,1533.65,1605.0,1605.0,1500.05, 1514.05,1511.1,1514.85,4986,75.53,837, 3508, 70.36
ORICONENT, EQ, 11-May-2021,23.0,22.95,24.0,22.2, 23.90,23.8,23.53,161159,37.92,650, 127235, 78.95
ORIENTABRA, EQ, 11-May-2021,27.75,27.75,28.9,27.2, 28.80,28.65,28.21,472621,133.33,2104, 297660, 62.98
ORIENTALTL, EQ, 11-May-2021,7.15,7.3,7.35,7.05, 7.25,7.2,7.2,443196,31.91,165, 432229, 97.53
ORIENTBELL, EQ, 11-May-2021,243.65,249.35,259.85,243.4, 245.90,244.65,251.65,141622,356.39,3538, 53925, 38.08
ORIENTCEM, EQ, 11-May-2021,117.9,116.5,119.8,115.35, 116.50,116.7,117.62,1104961,1299.69,8734, 591274, 53.51
ORIENTELEC, EQ, 11-May-2021,283.65,280.8,289.7,280.2, 287.80,288.85,287.17,393576,1130.23,10491, 169958, 43.18
ORIENTHOT, EQ, 11-May-2021,24.75,25.1,25.7,24.75, 25.30,25.45,25.3,72095,18.24,708, 48811, 67.70
ORIENTLTD, EQ, 11-May-2021,79.1,79.5,79.5,76.0, 78.45,78.4,78.45,1339,1.05,59, 1037, 77.45
ORIENTPPR, EQ, 11-May-2021,26.9,26.7,28.0,26.0, 27.40,27.45,27.34,1971309,538.87,5574, 1035376, 52.52
ORIENTREF, EQ, 11-May-2021,324.6,319.0,326.35,316.0, 318.15,317.1,320.63,188242,603.57,7594, 61457, 32.65
ORISSAMINE, EQ, 11-May-2021,2543.45,2525.0,2749.0,2474.65, 2687.80,2683.15,2639.1,76483,2018.47,11353, 27252, 35.63
ORTEL, BZ, 11-May-2021,0.95,0.95,0.95,0.95, 0.95,0.95,0.95,2850,0.03,7, -, -
ORTINLAB, EQ, 11-May-2021,30.35,33.0,33.0,31.5, 31.70,31.75,32.24,190533,61.43,1797, 114633, 60.16
OSIAHYPER, SM, 11-May-2021,140.15,140.15,140.15,140.15, 140.15,140.15,140.15,400,0.56,1, 400, 100.00
OSWALAGRO, EQ, 11-May-2021,9.3,9.3,9.95,9.0, 9.50,9.45,9.47,336749,31.88,1219, 191388, 56.83
PAEL, BZ, 11-May-2021,7.25,7.6,7.6,7.1, 7.60,7.6,7.57,12152,0.92,29, -, -
PAGEIND, EQ, 11-May-2021,29127.95,29127.95,29376.7,28603.0, 28810.00,28889.75,28922.3,22994,6650.39,10527, 8776, 38.17
PAISALO, EQ, 11-May-2021,618.05,615.05,627.85,607.25, 612.00,611.9,614.63,16126,99.12,1565, 9749, 60.46
PALASHSECU, EQ, 11-May-2021,63.8,60.75,66.85,60.75, 62.00,62.0,62.6,17985,11.26,150, 16049, 89.24
PALREDTEC, EQ, 11-May-2021,130.65,130.65,133.0,124.15, 130.75,131.95,126.46,51661,65.33,808, 30561, 59.16
PANACEABIO, EQ, 11-May-2021,370.25,365.0,379.95,358.0, 359.55,360.0,368.84,862855,3182.53,20592, 443228, 51.37
PANACHE, EQ, 11-May-2021,57.55,57.55,58.95,57.05, 57.40,57.55,58.18,26874,15.63,166, 13288, 49.45
PANAMAPET, EQ, 11-May-2021,196.15,195.2,207.1,190.25, 198.35,197.4,200.65,243311,488.2,11977, 112841, 46.38
PARACABLES, EQ, 11-May-2021,10.55,10.4,11.2,10.25, 10.55,10.55,10.7,983399,105.2,1478, 632749, 64.34
PARAGMILK, EQ, 11-May-2021,137.75,135.0,150.6,132.6, 145.55,146.6,145.97,3087135,4506.32,27046, 1126720, 36.50
PARSVNATH, EQ, 11-May-2021,7.85,7.9,8.2,7.8, 8.20,8.2,8.15,134401,10.95,199, 106601, 79.32
PARTYCRUS, SM, 11-May-2021,21.0,20.5,21.0,20.5, 20.55,20.55,20.7,10000,2.07,5, 6000, 60.00
PATELENG, EQ, 11-May-2021,13.75,13.6,14.3,13.3, 13.80,13.85,13.76,987467,135.86,2014, 443095, 44.87
PATINTLOG, EQ, 11-May-2021,18.85,18.5,20.95,18.5, 20.00,20.3,19.75,265001,52.32,1067, 171971, 64.89
PATSPINLTD, EQ, 11-May-2021,4.95,5.05,5.4,4.7, 5.40,5.4,5.23,38972,2.04,123, 36377, 93.34
PAVNAIND, SM, 11-May-2021,165.1,165.2,165.2,165.1, 165.10,165.1,165.15,1600,2.64,2, 800, 50.00
PCJEWELLER, EQ, 11-May-2021,24.1,24.0,25.95,23.65, 25.35,25.3,25.15,2432125,611.58,7361, 1141999, 46.95
PDMJEPAPER, EQ, 11-May-2021,23.45,23.5,23.7,23.3, 23.55,23.6,23.57,124986,29.46,525, 83438, 66.76
PDSMFL, EQ, 11-May-2021,710.6,723.8,723.8,703.05, 714.85,714.1,711.91,939,6.68,97, 640, 68.16
PEARLPOLY, EQ, 11-May-2021,15.3,16.4,16.55,14.7, 15.20,15.1,15.72,30554,4.8,444, 15511, 50.77
PEL, EQ, 11-May-2021,1707.0,1700.0,1724.95,1685.0, 1692.00,1692.9,1700.92,738291,12557.74,25157, 200345, 27.14
PENIND, EQ, 11-May-2021,19.25,19.35,19.35,18.9, 19.10,19.1,19.13,484763,92.72,1159, 355935, 73.42
PENINLAND, BE, 11-May-2021,7.2,7.1,7.3,7.0, 7.25,7.2,7.18,115897,8.32,225, -, -
PERSISTENT, EQ, 11-May-2021,2306.35,2280.0,2340.95,2105.6, 2315.10,2308.75,2305.77,132435,3053.65,17320, 41150, 31.07
PETRONET, EQ, 11-May-2021,241.2,241.2,246.5,240.5, 245.95,245.85,244.57,2220540,5430.76,39970, 1070273, 48.20
PFC, EQ, 11-May-2021,114.35,112.9,117.45,112.3, 117.05,117.0,116.32,11176061,12999.52,48767, 3864805, 34.58
PFC, N3, 11-May-2021,1350.0,1352.0,1355.0,1352.0, 1355.00,1353.5,1353.5,2,0.03,2, 1, 50.00
PFC, N4, 11-May-2021,1077.0,1075.1,1079.0,1075.1, 1079.00,1079.0,1077.98,921,9.93,7, 911, 98.91
PFC, N5, 11-May-2021,1265.48,1242.9,1279.89,1242.9, 1279.89,1279.89,1260.88,403,5.08,9, 403, 100.00
PFC, N6, 11-May-2021,1150.0,1200.0,1200.0,1200.0, 1200.00,1200.0,1200.0,415,4.98,3, 415, 100.00
PFC, N8, 11-May-2021,1445.48,1445.0,1449.94,1445.0, 1449.94,1449.94,1448.85,560,8.11,12, 510, 91.07
PFIZER, EQ, 11-May-2021,5390.6,5390.6,5494.9,5390.6, 5395.00,5403.9,5434.05,106452,5784.66,11512, 21496, 20.19
PFOCUS, BE, 11-May-2021,64.45,62.1,67.65,61.35, 67.65,66.35,64.43,74403,47.94,287, -, -
PFS, EQ, 11-May-2021,18.1,17.95,19.3,17.9, 18.95,18.8,18.88,2937726,554.52,4983, 1633828, 55.62
PGEL, EQ, 11-May-2021,365.15,360.15,369.75,346.9, 346.90,346.9,349.33,55530,193.98,1527, 24711, 44.50
PGHH, EQ, 11-May-2021,13770.05,13700.0,13875.5,13627.85, 13669.00,13691.15,13722.36,4974,682.55,2366, 1862, 37.43
PGHL, EQ, 11-May-2021,5845.0,5810.0,5870.35,5790.0, 5811.00,5802.7,5827.15,12512,729.09,4286, 7414, 59.26
PGIL, EQ, 11-May-2021,183.7,184.15,190.0,178.4, 188.55,187.85,186.76,7068,13.2,397, 4373, 61.87
PHILIPCARB, EQ, 11-May-2021,206.9,204.7,208.15,203.1, 205.80,205.15,205.78,710607,1462.27,8338, 385286, 54.22
PHOENIXLTD, EQ, 11-May-2021,739.55,734.45,764.35,731.05, 744.50,750.65,748.13,109362,818.17,15539, 42192, 38.58
PIDILITIND, EQ, 11-May-2021,1846.85,1840.0,1882.8,1830.15, 1873.60,1877.2,1867.48,832760,15551.59,34001, 344273, 41.34
PIGL, SM, 11-May-2021,51.05,52.0,53.6,52.0, 53.60,53.6,52.8,8000,4.22,2, 8000, 100.00
PIIND, EQ, 11-May-2021,2676.05,2641.0,2734.0,2631.9, 2694.00,2698.65,2676.71,366833,9819.04,24807, 169177, 46.12
PILANIINVS, EQ, 11-May-2021,1685.2,1687.6,1690.0,1680.0, 1680.00,1685.6,1685.86,261467,4407.96,13569, 1634, 0.62
PILITA, EQ, 11-May-2021,13.05,13.05,14.5,13.05, 13.80,14.35,13.96,324313,45.28,908, 201786, 62.22
PIONDIST, EQ, 11-May-2021,109.2,109.05,110.9,108.05, 109.45,109.7,109.49,6398,7.01,234, 5438, 85.00
PIONEEREMB, EQ, 11-May-2021,51.9,50.45,54.0,50.1, 51.55,52.05,52.76,276284,145.76,3362, 96842, 35.05
PITTIENG, EQ, 11-May-2021,65.35,65.15,67.0,65.0, 65.60,66.45,66.18,206945,136.96,2753, 34167, 16.51
PKTEA, BE, 11-May-2021,225.0,225.0,235.6,214.5, 225.00,225.0,225.75,694,1.57,26, -, -
PLASTIBLEN, EQ, 11-May-2021,247.3,249.8,251.0,240.55, 245.00,244.85,245.77,13923,34.22,622, 9577, 68.79
PNB, EQ, 11-May-2021,35.6,34.85,35.35,33.75, 35.30,35.05,34.63,231689524,80232.01,277104, 82721927, 35.70
PNBGILTS, EQ, 11-May-2021,52.95,52.7,55.75,52.7, 54.80,54.8,54.54,978549,533.68,11836, 443436, 45.32
PNBHOUSING, EQ, 11-May-2021,366.45,366.45,386.4,362.25, 372.00,372.05,376.65,354262,1334.33,9736, 104316, 29.45
PNC, BE, 11-May-2021,43.65,41.65,44.3,41.65, 42.70,42.7,42.61,45098,19.22,428, -, -
PNCINFRA, EQ, 11-May-2021,224.2,224.0,225.05,221.05, 223.20,223.0,223.07,600449,1339.43,9418, 460915, 76.76
PODDARHOUS, EQ, 11-May-2021,172.2,171.05,173.8,166.95, 169.75,169.75,170.13,1179,2.01,125, 1054, 89.40
PODDARMENT, EQ, 11-May-2021,226.55,223.0,234.4,221.85, 222.05,222.95,228.98,18409,42.15,1118, 12496, 67.88
POKARNA, EQ, 11-May-2021,256.0,258.0,260.5,253.0, 255.50,256.15,256.74,57281,147.06,1766, 37488, 65.45
POLYCAB, EQ, 11-May-2021,1492.05,1477.1,1557.6,1468.1, 1556.50,1549.95,1530.19,334251,5114.66,21198, 133838, 40.04
POLYMED, EQ, 11-May-2021,1042.45,1042.45,1069.35,1008.0, 1015.00,1012.9,1033.95,171467,1772.89,18803, 77625, 45.27
POLYPLEX, EQ, 11-May-2021,1143.8,1132.4,1164.65,1111.15, 1140.00,1141.0,1139.91,161062,1835.96,11305, 61468, 38.16
PONNIERODE, EQ, 11-May-2021,206.25,207.0,216.35,202.0, 210.10,210.4,211.46,56948,120.42,1509, 27247, 47.85
POWERFUL, SZ, 11-May-2021,2.3,2.4,2.4,2.4, 2.40,2.4,2.4,24000,0.58,6, 24000, 100.00
POWERGRID, EQ, 11-May-2021,219.85,220.0,225.2,218.4, 223.25,223.4,221.27,12935130,28621.94,92663, 5764282, 44.56
POWERINDIA, EQ, 11-May-2021,1729.3,1754.4,1759.45,1713.1, 1717.90,1719.1,1727.46,23252,401.67,3280, 12951, 55.70
POWERMECH, EQ, 11-May-2021,606.85,610.0,624.0,593.1, 617.00,617.95,612.12,89039,545.02,4759, 39994, 44.92
PPAP, EQ, 11-May-2021,214.05,209.95,209.95,202.55, 205.90,205.65,205.23,88550,181.73,2799, 40778, 46.05
PPL, EQ, 11-May-2021,130.5,131.0,135.0,131.0, 131.30,131.8,132.63,171197,227.06,3702, 85897, 50.17
PRADIP, BE, 11-May-2021,0.8,0.8,0.85,0.75, 0.85,0.85,0.82,12482,0.1,17, -, -
PRAENG, EQ, 11-May-2021,8.85,8.8,8.9,8.45, 8.85,8.6,8.77,43507,3.81,113, 32972, 75.79
PRAJIND, EQ, 11-May-2021,305.55,305.55,351.15,302.0, 320.00,319.15,329.81,15888892,52403.67,198075, 3291968, 20.72
PRAKASH, EQ, 11-May-2021,99.7,98.0,104.75,95.0, 99.15,98.85,100.5,4536677,4559.43,27286, 1897826, 41.83
PRAKASHSTL, EQ, 11-May-2021,1.1,1.15,1.15,1.15, 1.15,1.15,1.15,99743,1.15,44, 99743, 100.00
PRAXIS, EQ, 11-May-2021,36.25,34.75,38.05,34.75, 38.05,38.05,37.82,22099,8.36,88, 19326, 87.45
PRECAM, EQ, 11-May-2021,47.25,46.85,49.0,46.1, 46.75,46.9,48.0,743095,356.72,4075, 463572, 62.38
PRECOT, EQ, 11-May-2021,129.25,134.9,135.7,130.05, 135.70,135.7,135.07,11150,15.06,118, 9940, 89.15
PRECWIRE, EQ, 11-May-2021,201.8,197.25,225.9,195.0, 224.80,223.2,217.41,280996,610.93,5797, 110257, 39.24
PREMEXPLN, EQ, 11-May-2021,156.65,158.0,162.4,155.8, 161.45,158.5,158.13,11636,18.4,281, 9030, 77.60
PREMIER, EQ, 11-May-2021,2.5,2.6,2.6,2.6, 2.60,2.6,2.6,2909,0.08,10, 2909, 100.00
PREMIERPOL, EQ, 11-May-2021,45.25,45.5,46.0,42.8, 44.50,44.05,44.44,58502,26.0,832, 33322, 56.96
PRESSMN, EQ, 11-May-2021,25.9,26.3,26.3,25.25, 26.00,25.9,25.73,72161,18.57,728, 58470, 81.03
PRESTIGE, EQ, 11-May-2021,268.2,268.6,277.9,268.55, 270.50,270.55,272.52,553907,1509.53,21974, 254500, 45.95
PRICOLLTD, EQ, 11-May-2021,81.5,80.5,85.3,80.15, 82.00,81.8,83.75,1191888,998.16,6865, 462596, 38.81
PRIMESECU, EQ, 11-May-2021,41.7,42.6,42.6,40.65, 41.20,41.1,41.49,16665,6.91,390, 15185, 91.12
PRINCEPIPE, EQ, 11-May-2021,573.05,570.0,589.7,567.65, 587.20,585.65,580.93,292473,1699.05,16365, 130327, 44.56
PRIVISCL, EQ, 11-May-2021,1059.35,1054.9,1098.35,1034.65, 1071.00,1080.3,1080.47,39529,427.1,3649, 24721, 62.54
PROLIFE, SM, 11-May-2021,42.2,44.3,44.3,44.3, 44.30,44.3,44.3,3000,1.33,1, 3000, 100.00
PROZONINTU, EQ, 11-May-2021,20.25,20.2,20.2,18.1, 19.05,19.15,19.25,1040794,200.34,3649, 533735, 51.28
PRSMJOHNSN, EQ, 11-May-2021,131.05,130.0,132.5,128.0, 129.85,129.9,129.88,151594,196.89,2514, 86561, 57.10
PSB, EQ, 11-May-2021,18.95,18.85,19.25,18.7, 19.20,19.1,18.99,870850,165.35,1905, 359016, 41.23
PSPPROJECT, EQ, 11-May-2021,410.6,411.05,412.7,403.0, 406.55,405.0,406.14,40349,163.87,2229, 31086, 77.04
PSUBNKBEES, EQ, 11-May-2021,23.47,24.2,24.88,23.01, 23.68,23.62,23.4,1824577,426.95,2403, 1264074, 69.28
PTC, EQ, 11-May-2021,83.4,83.0,91.4,82.85, 86.35,86.25,88.24,5832286,5146.14,23842, 1204653, 20.65
PTL, EQ, 11-May-2021,39.1,39.75,40.95,39.0, 40.90,40.8,40.38,218267,88.14,2569, 131617, 60.30
PUNJABCHEM, EQ, 11-May-2021,1070.9,1048.0,1145.0,1047.95, 1139.55,1136.9,1114.22,44420,494.93,3170, 33696, 75.86
PUNJLLOYD, BZ, 11-May-2021,1.4,1.45,1.45,1.4, 1.45,1.45,1.45,477892,6.92,186, -, -
PURVA, EQ, 11-May-2021,78.5,76.0,81.3,76.0, 81.30,78.65,78.1,204383,159.62,3142, 116161, 56.83
PVR, EQ, 11-May-2021,1153.2,1145.0,1166.95,1138.8, 1162.95,1163.55,1157.38,683508,7910.79,20431, 205293, 30.04
QGOLDHALF, EQ, 11-May-2021,2063.0,2058.95,2065.5,2057.0, 2060.00,2060.0,2060.74,1384,28.52,62, 1303, 94.15
QNIFTY, EQ, 11-May-2021,1549.66,1538.95,1540.0,1536.0, 1540.00,1538.9,1538.59,17,0.26,8, 14, 82.35
QUESS, EQ, 11-May-2021,650.8,639.9,653.0,635.15, 636.00,639.85,644.47,361385,2329.03,3725, 336536, 93.12
QUICKHEAL, EQ, 11-May-2021,184.05,183.0,188.4,182.5, 185.95,186.4,186.3,163556,304.7,4004, 66473, 40.64
RADAAN, EQ, 11-May-2021,0.9,0.95,0.95,0.85, 0.90,0.9,0.88,123235,1.09,82, 72408, 58.76
RADICO, EQ, 11-May-2021,555.45,555.1,573.1,550.3, 571.50,569.45,565.87,156294,884.42,5690, 68798, 44.02
RADIOCITY, EQ, 11-May-2021,23.9,23.7,23.9,23.5, 23.60,23.55,23.56,2003691,472.02,2647, 1736027, 86.64
RAILTEL, EQ, 11-May-2021,122.65,121.6,129.7,121.05, 129.00,128.3,125.89,4381779,5516.3,33406, 1695486, 38.69
RAIN, EQ, 11-May-2021,182.55,181.3,182.9,177.7, 178.75,179.0,180.26,4650903,8383.58,48538, 2061515, 44.33
RAJESHEXPO, EQ, 11-May-2021,518.55,514.0,517.5,510.05, 515.65,515.0,514.77,163569,842.0,2883, 106579, 65.16
RAJMET, EQ, 11-May-2021,94.95,93.1,96.7,93.1, 94.50,94.65,95.56,2948,2.82,56, 2427, 82.33
RAJRATAN, EQ, 11-May-2021,1053.55,1064.85,1067.85,1031.65, 1046.00,1046.55,1047.26,17886,187.31,1750, 13033, 72.87
RAJRAYON, BZ, 11-May-2021,0.2,0.2,0.25,0.2, 0.25,0.25,0.25,1380505,3.41,88, -, -
RAJSREESUG, EQ, 11-May-2021,22.3,22.1,23.4,22.1, 23.40,23.4,23.3,78339,18.25,479, 61227, 78.16
RAJTV, EQ, 11-May-2021,35.15,35.3,35.65,34.65, 34.65,35.0,35.21,8481,2.99,136, 7163, 84.46
RALLIS, EQ, 11-May-2021,301.8,300.0,322.4,296.25, 314.75,313.1,315.27,4074676,12846.06,53177, 1295116, 31.78
RAMANEWS, EQ, 11-May-2021,16.55,15.7,17.2,15.7, 16.50,16.55,16.84,145793,24.55,775, 60248, 41.32
RAMASTEEL, EQ, 11-May-2021,80.45,80.45,81.5,77.9, 80.90,80.0,79.66,27396,21.82,334, 17359, 63.36
RAMCOCEM, EQ, 11-May-2021,951.9,946.5,957.6,935.8, 937.80,937.9,946.32,977833,9253.41,19799, 538859, 55.11
RAMCOIND, EQ, 11-May-2021,269.55,268.0,278.8,268.0, 274.95,274.6,275.28,61820,170.18,3317, 38362, 62.05
RAMCOSYS, EQ, 11-May-2021,516.55,514.0,525.1,510.05, 518.95,519.1,518.23,122063,632.56,6878, 71514, 58.59
RAMKY, EQ, 11-May-2021,77.05,77.05,77.3,74.6, 74.60,74.95,75.5,43040,32.5,699, 32010, 74.37
RAMSARUP, BZ, 11-May-2021,0.65,0.7,0.7,0.65, 0.70,0.7,0.7,19447,0.14,34, -, -
RANASUG, EQ, 11-May-2021,16.2,17.0,17.8,14.65, 17.15,17.05,17.09,10370888,1772.39,16869, 4023544, 38.80
RANEENGINE, EQ, 11-May-2021,268.95,274.7,274.85,264.0, 268.10,269.9,271.53,3882,10.54,210, 1905, 49.07
RANEHOLDIN, EQ, 11-May-2021,569.0,567.9,584.95,562.05, 578.95,576.65,573.63,14770,84.72,1352, 8459, 57.27
RATNAMANI, EQ, 11-May-2021,1918.15,1910.0,1950.0,1895.0, 1914.95,1907.35,1927.97,27551,531.17,1849, 22694, 82.37
RAYMOND, EQ, 11-May-2021,343.25,340.0,356.9,337.55, 351.50,351.15,349.53,1319291,4611.33,21373, 360554, 27.33
RBL, EQ, 11-May-2021,802.2,791.05,805.15,791.05, 804.90,802.4,798.14,4026,32.13,377, 2360, 58.62
RBLBANK, EQ, 11-May-2021,187.55,184.95,187.8,183.5, 185.95,186.2,186.11,10201378,18986.19,46724, 2164577, 21.22
RCF, EQ, 11-May-2021,79.1,78.45,83.2,77.9, 81.90,81.75,81.54,13229594,10787.76,50982, 3880809, 29.33
RCOM, EQ, 11-May-2021,1.75,1.7,1.9,1.65, 1.80,1.85,1.77,66753379,1182.9,14142, 29596332, 44.34
RECLTD, EQ, 11-May-2021,135.5,134.95,142.5,134.2, 141.55,141.4,138.97,10039209,13951.4,53087, 2555051, 25.45
RECLTD, N1, 11-May-2021,1080.0,1080.0,1086.0,1077.0, 1086.00,1086.0,1080.01,300,3.24,3, 200, 66.67
RECLTD, N8, 11-May-2021,1144.99,1122.1,1150.0,1122.1, 1150.00,1150.0,1139.59,815,9.29,8, 500, 61.35
RECLTD, N9, 11-May-2021,1285.0,1297.8,1297.8,1297.8, 1297.80,1297.8,1297.8,33,0.43,1, 33, 100.00
RECLTD, NE, 11-May-2021,1160.0,1158.5,1158.5,1157.0, 1157.00,1157.0,1157.66,315,3.65,5, 315, 100.00
RECLTD, NF, 11-May-2021,1317.0,1300.17,1320.0,1300.06, 1320.00,1320.0,1303.94,650,8.48,5, 500, 76.92
RECLTD, NH, 11-May-2021,1307.0,1313.05,1313.05,1313.05, 1313.05,1313.05,1313.05,200,2.63,1, 200, 100.00
RECLTD, NI, 11-May-2021,1255.0,1250.1,1250.1,1250.1, 1250.10,1250.1,1250.1,100,1.25,3, 100, 100.00
REDINGTON, EQ, 11-May-2021,188.35,187.3,194.0,182.15, 187.50,188.85,189.03,794077,1501.04,22052, 296783, 37.37
REFEX, EQ, 11-May-2021,136.55,135.5,137.4,132.9, 133.65,134.0,134.94,147330,198.81,2900, 84245, 57.18
RELAXO, EQ, 11-May-2021,895.9,891.0,904.0,890.0, 892.50,892.55,896.98,99054,888.49,6759, 35751, 36.09
RELCAPITAL, EQ, 11-May-2021,11.8,11.6,12.35,11.5, 12.35,12.35,11.94,4304360,513.98,5490, 2359809, 54.82
RELIANCE, EQ, 11-May-2021,1926.2,1915.0,1938.55,1910.0, 1933.90,1933.15,1929.4,6220217,120012.89,175976, 3035544, 48.80
RELIGARE, EQ, 11-May-2021,96.45,95.7,101.7,94.5, 99.60,99.2,98.82,2178318,2152.7,18400, 1123624, 51.58
RELINFRA, EQ, 11-May-2021,48.25,47.5,53.05,46.95, 53.05,53.05,50.58,23308893,11790.43,24149, 12203468, 52.36
REMSONSIND, EQ, 11-May-2021,159.35,159.4,161.4,158.5, 161.00,159.3,159.49,5182,8.27,118, 1659, 32.01
RENUKA, EQ, 11-May-2021,12.8,13.4,13.4,13.4, 13.40,13.4,13.4,1887595,252.94,1276, 1887595, 100.00
REPCOHOME, EQ, 11-May-2021,343.35,340.0,351.0,338.1, 342.00,341.0,343.48,53765,184.67,2258, 34708, 64.56
REPL, EQ, 11-May-2021,190.8,197.95,197.95,191.15, 197.40,195.35,194.87,9422,18.36,218, 7318, 77.67
REPRO, EQ, 11-May-2021,350.8,352.65,352.7,345.0, 346.00,347.3,348.55,2810,9.79,171, 2070, 73.67
RESPONIND, EQ, 11-May-2021,157.55,157.05,162.95,156.65, 157.95,157.6,158.39,18460,29.24,371, 4330, 23.46
REVATHI, EQ, 11-May-2021,580.6,605.0,615.0,580.0, 585.00,586.0,598.25,13226,79.12,881, 5871, 44.39
RGL, EQ, 11-May-2021,398.55,399.8,478.25,399.2, 471.00,460.4,442.92,245591,1087.78,9161, 110586, 45.03
RHFL, EQ, 11-May-2021,2.9,2.85,2.9,2.8, 2.80,2.85,2.86,3988917,114.17,1391, 2564051, 64.28
RHFL, N4, 11-May-2021,165.0,197.9,197.9,165.01, 165.01,165.01,182.24,19,0.03,9, 17, 89.47
RHFL, N6, 11-May-2021,165.16,175.0,175.0,175.0, 175.00,175.0,175.0,79,0.14,1, 79, 100.00
RHFL, N8, 11-May-2021,152.9,140.0,145.0,140.0, 145.00,145.0,141.15,130,0.18,3, 100, 76.92
RICOAUTO, EQ, 11-May-2021,40.75,40.25,41.15,39.9, 40.40,40.4,40.66,401262,163.15,1973, 215333, 53.66
RIIL, EQ, 11-May-2021,377.15,374.0,386.65,372.35, 379.00,379.55,381.26,168555,642.64,4988, 39776, 23.60
RITES, EQ, 11-May-2021,238.15,239.0,243.0,238.2, 241.50,241.25,240.72,325564,783.68,8220, 173546, 53.31
RKDL, EQ, 11-May-2021,8.95,9.0,9.25,8.6, 9.20,9.1,9.1,57593,5.24,490, 36501, 63.38
RKEC, EQ, 11-May-2021,61.85,61.5,65.05,60.95, 61.45,61.15,62.03,15636,9.7,187, 11663, 74.59
RKFORGE, EQ, 11-May-2021,631.8,639.9,659.0,622.05, 632.80,635.55,643.38,472276,3038.53,28494, 199888, 42.32
RMCL, BE, 11-May-2021,2.15,2.1,2.25,2.05, 2.20,2.2,2.16,94102,2.03,124, -, -
RMDRIP, SM, 11-May-2021,18.05,18.05,18.05,17.15, 17.15,17.15,17.23,24000,4.13,12, 22000, 91.67
RML, EQ, 11-May-2021,349.2,344.0,353.9,342.25, 347.00,347.95,348.65,16331,56.94,889, 7309, 44.76
RNAVAL, BZ, 11-May-2021,3.0,3.0,3.1,2.85, 3.00,3.0,3.0,1640180,49.23,1059, -, -
ROHITFERRO, EQ, 11-May-2021,1.95,2.0,2.0,2.0, 2.00,2.0,2.0,359,0.01,8, 359, 100.00
ROHLTD, EQ, 11-May-2021,60.3,60.9,63.1,59.8, 62.40,61.95,61.63,95237,58.69,1098, 44742, 46.98
ROLLT, EQ, 11-May-2021,3.0,3.1,3.1,2.9, 3.10,3.1,3.06,27731,0.85,70, 20792, 74.98
ROLTA, EQ, 11-May-2021,5.05,4.9,5.45,4.75, 5.20,5.15,5.21,3618632,188.38,4621, 2037948, 56.32
ROML, EQ, 11-May-2021,97.85,96.95,98.85,95.05, 95.30,95.4,96.13,2308,2.22,106, 1437, 62.26
ROSSARI, EQ, 11-May-2021,1255.5,1254.5,1329.0,1241.05, 1313.00,1313.45,1292.64,426207,5509.33,21083, 84957, 19.93
ROSSELLIND, EQ, 11-May-2021,123.95,123.5,129.0,120.6, 125.00,123.15,125.37,402129,504.15,8414, 249494, 62.04
ROUTE, EQ, 11-May-2021,1606.35,1599.0,1618.0,1573.0, 1573.00,1580.4,1595.03,189149,3016.99,12919, 69263, 36.62
RPGLIFE, EQ, 11-May-2021,452.2,450.4,458.5,448.4, 454.00,453.55,454.79,26930,122.47,1491, 12306, 45.70
RPOWER, EQ, 11-May-2021,6.65,7.0,7.3,6.65, 7.30,7.3,7.14,172976218,12353.57,42734, 81689287, 47.23
RPPINFRA, EQ, 11-May-2021,65.6,64.9,66.0,64.05, 64.70,64.95,65.02,25422,16.53,829, 13468, 52.98
RPPL, SM, 11-May-2021,110.65,111.0,111.0,106.0, 107.00,106.6,106.87,15000,16.03,14, 12000, 80.00
RPSGVENT, EQ, 11-May-2021,385.25,391.8,417.7,385.9, 403.55,401.35,403.4,172456,695.69,5027, 92258, 53.50
RSSOFTWARE, EQ, 11-May-2021,29.25,29.0,29.5,26.95, 27.60,27.7,27.97,107489,30.06,1110, 73324, 68.22
RSWM, EQ, 11-May-2021,225.65,225.8,233.0,223.5, 233.00,232.15,229.93,77906,179.13,1050, 59637, 76.55
RSYSTEMS, EQ, 11-May-2021,134.9,132.0,139.55,131.85, 133.60,132.7,135.1,93971,126.96,1877, 60819, 64.72
RTNINDIA, EQ, 11-May-2021,12.3,12.9,12.9,12.35, 12.90,12.9,12.84,1876459,240.98,1150, 1523483, 81.19
RTNPOWER, EQ, 11-May-2021,3.0,3.1,3.15,3.0, 3.15,3.15,3.12,7054047,220.13,2304, 5505480, 78.05
RUBYMILLS, EQ, 11-May-2021,186.3,188.6,191.0,177.8, 182.00,180.5,183.76,15191,27.92,823, 8870, 58.39
RUCHI, EQ, 11-May-2021,735.75,722.5,780.0,710.0, 763.05,761.4,759.22,242220,1838.98,19758, 72588, 29.97
RUCHINFRA, BE, 11-May-2021,5.95,6.0,6.2,5.95, 6.20,6.15,6.07,189888,11.53,345, -, -
RUCHIRA, EQ, 11-May-2021,64.75,64.75,70.15,63.0, 67.50,67.5,68.02,142254,96.76,2489, 76299, 53.64
RUPA, EQ, 11-May-2021,305.65,302.0,323.7,301.0, 308.20,308.55,313.49,342093,1072.42,6743, 196605, 57.47
RUSHIL, EQ, 11-May-2021,227.4,227.5,238.75,224.9, 228.00,226.4,232.38,112816,262.16,2468, 71085, 63.01
RVHL, EQ, 11-May-2021,16.95,16.75,17.4,16.6, 16.90,16.8,16.87,27555,4.65,406, 19645, 71.29
RVNL, EQ, 11-May-2021,28.95,28.8,29.6,28.6, 29.35,29.35,29.21,4887029,1427.45,11367, 2155257, 44.10
S&SPOWER, EQ, 11-May-2021,20.1,20.95,20.95,19.55, 19.55,19.75,20.02,5963,1.19,67, 5945, 99.70
SABEVENTS, BE, 11-May-2021,1.55,1.5,1.6,1.5, 1.60,1.6,1.57,2420,0.04,15, -, -
SABTN, BE, 11-May-2021,1.9,1.9,1.9,1.85, 1.85,1.9,1.9,3270,0.06,9, -, -
SADBHAV, EQ, 11-May-2021,63.55,63.4,68.1,62.75, 66.00,65.8,66.23,1103464,730.86,8695, 505631, 45.82
SADBHIN, EQ, 11-May-2021,21.3,20.95,23.25,20.9, 22.10,21.85,22.26,1225164,272.73,4321, 648061, 52.90
SAFARI, EQ, 11-May-2021,596.0,593.0,603.05,591.95, 596.00,600.1,599.44,10025,60.09,689, 8480, 84.59
SAGARDEEP, EQ, 11-May-2021,41.0,39.55,43.05,39.5, 42.50,42.9,42.63,53091,22.63,295, 47203, 88.91
SAGCEM, EQ, 11-May-2021,815.05,806.9,867.7,793.35, 828.10,832.25,836.5,267475,2237.44,14116, 91349, 34.15
SAIL, EQ, 11-May-2021,146.3,141.5,143.95,138.3, 140.25,140.4,141.15,117184978,165402.87,312334, 17920993, 15.29
SAKAR, EQ, 11-May-2021,152.4,158.0,158.8,145.2, 149.25,149.7,152.82,117427,179.45,1905, 70757, 60.26
SAKHTISUG, EQ, 11-May-2021,14.5,15.0,15.95,14.8, 15.65,15.6,15.66,4856239,760.56,7114, 2371032, 48.82
SAKSOFT, EQ, 11-May-2021,502.15,501.8,512.0,493.0, 501.35,500.85,504.46,24863,125.42,1973, 14584, 58.66
SAKUMA, EQ, 11-May-2021,5.85,5.9,7.0,5.85, 7.00,7.0,6.73,5431563,365.71,4683, 2541442, 46.79
SALASAR, EQ, 11-May-2021,513.25,513.25,515.0,501.7, 509.00,512.6,510.37,26710,136.32,1083, 12076, 45.21
SALONA, EQ, 11-May-2021,96.65,102.05,102.05,92.15, 100.00,99.65,99.46,2723,2.71,114, 1950, 71.61
SALSTEEL, BE, 11-May-2021,4.8,4.8,4.8,4.65, 4.75,4.7,4.75,65844,3.13,182, -, -
SALZERELEC, EQ, 11-May-2021,120.85,120.0,127.0,120.0, 122.80,122.0,123.35,158249,195.2,3902, 90825, 57.39
SAMBHAAV, EQ, 11-May-2021,2.45,2.55,2.55,2.55, 2.55,2.55,2.55,77620,1.98,58, 77620, 100.00
SANCO, EQ, 11-May-2021,8.15,8.3,8.3,8.05, 8.15,8.1,8.16,32853,2.68,108, 29747, 90.55
SANDESH, EQ, 11-May-2021,689.55,699.25,720.0,684.7, 696.50,700.35,698.5,5673,39.63,409, 2885, 50.85
SANDHAR, EQ, 11-May-2021,205.05,204.9,208.55,201.25, 207.00,206.1,205.14,22023,45.18,1406, 11649, 52.89
SANGAMIND, BE, 11-May-2021,98.0,96.0,102.5,93.1, 100.00,100.2,97.07,89158,86.54,457, -, -
SANGHIIND, EQ, 11-May-2021,48.5,47.5,49.2,47.25, 48.25,48.15,48.31,1168580,564.49,4440, 592308, 50.69
SANGHVIMOV, EQ, 11-May-2021,160.85,159.8,167.4,154.1, 154.55,154.5,160.51,219184,351.82,7571, 124372, 56.74
SANGINITA, EQ, 11-May-2021,23.4,24.4,24.4,22.9, 23.60,23.45,23.56,40840,9.62,327, 26472, 64.82
SANOFI, EQ, 11-May-2021,7802.05,7799.0,7880.0,7750.0, 7862.00,7860.35,7828.29,13708,1073.1,3578, 7750, 56.54
SANWARIA, BZ, 11-May-2021,0.65,0.65,0.7,0.6, 0.70,0.7,0.67,3042942,20.44,737, -, -
SARDAEN, EQ, 11-May-2021,584.45,575.3,581.65,560.95, 562.25,562.95,571.57,153978,880.09,7352, 76362, 49.59
SAREGAMA, EQ, 11-May-2021,1981.9,1962.1,2044.0,1928.8, 1985.00,1988.85,2001.23,17423,348.67,1900, 11052, 63.43
SARLAPOLY, EQ, 11-May-2021,31.5,31.3,34.4,30.65, 33.90,33.95,33.49,1777837,595.42,7872, 866042, 48.71
SASKEN, EQ, 11-May-2021,965.85,960.0,976.7,949.95, 970.00,963.55,961.6,16381,157.52,1623, 6035, 36.84
SASTASUNDR, EQ, 11-May-2021,186.7,192.0,197.0,185.45, 187.55,188.65,192.52,199069,383.26,3955, 121555, 61.06
SATIA, EQ, 11-May-2021,86.7,86.5,88.0,85.7, 86.05,86.05,86.94,135196,117.54,1679, 68072, 50.35
SATIN, EQ, 11-May-2021,83.7,83.95,85.95,82.25, 85.35,84.9,84.04,131361,110.4,1372, 70377, 53.58
SATINPP1, E1, 11-May-2021,59.4,62.35,62.35,56.45, 59.00,59.0,59.04,1859,1.1,32, 1536, 82.63
SBICARD, EQ, 11-May-2021,977.2,975.0,983.85,965.0, 970.00,970.7,973.27,1155490,11246.03,58988, 546161, 47.27
SBIETFIT, EQ, 11-May-2021,264.85,265.95,267.9,260.6, 263.00,263.54,263.45,941,2.48,68, 908, 96.49
SBIETFPB, EQ, 11-May-2021,176.94,179.0,179.0,173.0, 175.50,175.5,175.14,558,0.98,56, 470, 84.23
SBIETFQLTY, EQ, 11-May-2021,127.06,126.75,127.75,124.1, 126.80,126.99,126.05,2884,3.64,106, 1687, 58.50
SBILIFE, EQ, 11-May-2021,1005.0,998.0,1015.0,990.5, 1001.00,1000.95,1004.83,1297672,13039.34,36794, 332486, 25.62
SBIN, EQ, 11-May-2021,361.7,356.85,366.4,354.75, 364.10,364.65,362.8,41892770,151985.7,229841, 9050630, 21.60
SCAPDVR, EQ, 11-May-2021,2.1,2.15,2.15,2.0, 2.05,2.1,2.1,60391,1.27,117, 55826, 92.44
SCHAEFFLER, EQ, 11-May-2021,4969.15,4989.85,4996.2,4928.05, 4945.00,4967.45,4966.5,6447,320.19,2196, 4896, 75.94
SCHAND, EQ, 11-May-2021,93.5,93.4,95.65,91.2, 93.45,93.95,93.79,88550,83.05,919, 59261, 66.92
SCHNEIDER, EQ, 11-May-2021,95.2,94.5,105.0,93.6, 103.60,104.0,101.55,2727962,2770.24,22382, 914703, 33.53
SCI, EQ, 11-May-2021,118.9,117.7,125.5,117.7, 121.70,122.55,122.88,12827943,15762.89,56158, 3449458, 26.89
SDBL, EQ, 11-May-2021,30.85,31.0,36.05,30.45, 35.25,35.2,34.32,1231091,422.46,5432, 568457, 46.18
SEAMECLTD, EQ, 11-May-2021,403.3,403.5,404.65,396.6, 397.00,397.3,399.49,14590,58.29,684, 11771, 80.68
SECL, SM, 11-May-2021,12.6,13.2,13.2,12.5, 13.20,13.2,13.02,18000,2.34,6, 9000, 50.00
SECURCRED, SM, 11-May-2021,13.9,14.55,14.55,14.55, 14.55,14.55,14.55,600,0.09,1, 600, 100.00
SECURKLOUD, EQ, 11-May-2021,87.2,88.9,88.9,84.35, 85.90,85.35,86.15,32857,28.31,636, 27358, 83.26
SELAN, EQ, 11-May-2021,138.2,135.3,144.7,134.6, 139.80,139.9,140.5,294180,413.33,4226, 111347, 37.85
SEPOWER, EQ, 11-May-2021,4.5,4.5,4.7,4.3, 4.70,4.7,4.62,11612,0.54,64, 10400, 89.56
SEQUENT, EQ, 11-May-2021,287.0,285.95,293.0,285.0, 286.00,286.7,289.36,425430,1231.04,11080, 246585, 57.96
SESHAPAPER, EQ, 11-May-2021,158.95,157.05,160.65,155.6, 156.20,156.0,158.27,67632,107.04,1643, 43194, 63.87
SETCO, EQ, 11-May-2021,21.05,21.5,22.1,20.65, 21.35,21.35,21.61,1007948,217.85,2542, 693971, 68.85
SETF10GILT, EQ, 11-May-2021,203.98,206.0,208.9,203.25, 204.56,204.56,205.89,157,0.32,20, 131, 83.44
SETFGOLD, EQ, 11-May-2021,4252.1,4263.0,4268.5,4242.0, 4246.00,4248.7,4249.89,15359,652.74,1353, 12586, 81.95
SETFNIF50, EQ, 11-May-2021,151.06,154.83,154.83,149.1, 150.48,150.29,150.21,216608,325.38,1405, 180025, 83.11
SETFNIFBK, EQ, 11-May-2021,329.58,327.0,329.2,324.21, 326.16,326.52,326.48,31912,104.19,800, 19759, 61.92
SETFNN50, EQ, 11-May-2021,372.13,373.99,376.75,370.0, 376.46,376.33,374.94,7559,28.34,336, 4028, 53.29
SETUINFRA, EQ, 11-May-2021,0.7,0.7,0.75,0.65, 0.75,0.7,0.71,188736,1.35,134, 149804, 79.37
SEYAIND, EQ, 11-May-2021,54.15,53.95,56.75,53.8, 55.90,55.65,55.24,27982,15.46,598, 18756, 67.03
SFHL-RE, BE, 11-May-2021,16.85,16.85,16.85,14.9, 15.00,15.1,15.77,430102,67.82,987, -, -
SFL, EQ, 11-May-2021,2022.9,2004.5,2065.0,2000.1, 2047.00,2023.7,2019.45,18596,375.54,3050, 11019, 59.25
SGBAPR28I, GB, 11-May-2021,4754.78,4795.0,4795.99,4750.0, 4769.90,4769.92,4759.08,938,44.64,124, 855, 91.15
SGBAUG24, GB, 11-May-2021,4825.28,4781.0,4845.0,4781.0, 4834.99,4830.83,4826.08,37,1.79,10, 26, 70.27
SGBAUG27, GB, 11-May-2021,4835.2,4731.0,4800.0,4731.0, 4760.00,4760.0,4767.8,35,1.67,10, 21, 60.00
SGBAUG28V, GB, 11-May-2021,4840.0,4845.0,4850.0,4826.0, 4844.50,4840.54,4843.75,1567,75.9,173, 1502, 95.85
SGBDC27VII, GB, 11-May-2021,4800.0,4800.0,4800.0,4800.0, 4800.00,4800.0,4800.0,20,0.96,4, 20, 100.00
SGBDEC25, GB, 11-May-2021,4999.98,4800.0,4950.0,4800.0, 4950.00,4950.0,4807.27,22,1.06,3, 21, 95.45
SGBDEC2513, GB, 11-May-2021,4780.0,4735.0,4735.0,4735.0, 4735.00,4735.0,4735.0,1,0.05,1, 1, 100.00
SGBDEC26, GB, 11-May-2021,4800.0,4742.0,4742.0,4742.0, 4742.00,4742.0,4742.0,5,0.24,1, 5, 100.00
SGBFEB24, GB, 11-May-2021,4764.25,4830.0,4830.2,4751.1, 4810.00,4810.0,4802.63,22,1.06,14, 18, 81.82
SGBFEB27, GB, 11-May-2021,4790.0,4789.0,4789.0,4789.0, 4789.00,4789.0,4789.0,2,0.1,1, 2, 100.00
SGBFEB29XI, GB, 11-May-2021,4780.0,4781.0,4850.0,4753.1, 4781.00,4781.0,4808.33,114,5.48,18, 110, 96.49
SGBJAN29IX, GB, 11-May-2021,4791.0,4791.0,4800.0,4761.0, 4800.00,4798.02,4792.03,383,18.35,71, 335, 87.47
SGBJAN29X, GB, 11-May-2021,4799.99,4799.99,4799.99,4762.0, 4799.00,4789.68,4780.71,65,3.11,25, 63, 96.92
SGBJUL25, GB, 11-May-2021,4804.0,4804.1,4804.1,4723.0, 4724.00,4726.6,4729.36,64,3.03,12, 52, 81.25
SGBJUL28IV, GB, 11-May-2021,4775.01,4723.0,4810.0,4723.0, 4775.50,4780.07,4770.6,599,28.58,79, 479, 79.97
SGBJUN27, GB, 11-May-2021,4760.09,4758.0,4758.0,4758.0, 4758.00,4758.0,4758.0,1,0.05,1, 1, 100.00
SGBJUN28, GB, 11-May-2021,4776.29,4788.0,4794.0,4765.98, 4788.50,4788.03,4781.61,73,3.49,18, 57, 78.08
SGBMAR24, GB, 11-May-2021,4813.8,4810.0,4810.0,4810.0, 4810.00,4810.0,4810.0,21,1.01,3, 21, 100.00
SGBMAR25, GB, 11-May-2021,4770.0,4769.9,4769.9,4769.9, 4769.90,4769.9,4769.9,90,4.29,3, 90, 100.00
SGBMAR28X, GB, 11-May-2021,4740.0,4798.0,4798.0,4740.02, 4790.00,4790.0,4773.75,31,1.48,6, 29, 93.55
SGBMAY25, GB, 11-May-2021,4809.43,4809.0,4809.0,4809.0, 4809.00,4809.0,4809.0,35,1.68,2, 35, 100.00
SGBMAY26, GB, 11-May-2021,4768.5,4751.0,4790.0,4750.0, 4765.00,4765.25,4770.99,197,9.4,15, 197, 100.00
SGBMAY28, GB, 11-May-2021,4795.53,4805.0,4805.0,4782.13, 4786.00,4787.43,4793.21,131,6.28,22, 122, 93.13
SGBMR29XII, GB, 11-May-2021,4757.44,4723.0,4779.0,4723.0, 4771.00,4768.77,4757.86,604,28.74,115, 428, 70.86
SGBN28VIII, GB, 11-May-2021,4804.45,4935.0,4935.0,4801.0, 4833.00,4827.25,4851.32,72,3.49,24, 63, 87.50
SGBNOV23, GB, 11-May-2021,4783.01,4785.05,4878.99,4785.05, 4878.99,4878.99,4834.76,20,0.97,5, 15, 75.00
SGBNOV24, GB, 11-May-2021,4785.66,4790.0,4804.9,4735.0, 4760.00,4767.5,4762.24,441,21.0,36, 407, 92.29
SGBNOV258, GB, 11-May-2021,4713.4,4818.0,4818.0,4818.0, 4818.00,4818.0,4818.0,10,0.48,1, 10, 100.00
SGBNOV25IX, GB, 11-May-2021,4749.95,4735.0,4735.0,4731.0, 4735.00,4735.0,4733.0,17,0.8,4, 16, 94.12
SGBNOV26, GB, 11-May-2021,4743.29,4741.0,4760.0,4741.0, 4750.00,4750.0,4747.6,48,2.28,13, 21, 43.75
SGBOC28VII, GB, 11-May-2021,4794.9,4741.05,4819.0,4741.05, 4765.00,4775.83,4777.22,167,7.98,35, 158, 94.61
SGBOCT25, GB, 11-May-2021,4750.01,4760.0,4792.99,4750.0, 4750.00,4750.0,4768.79,80,3.82,18, 37, 46.25
SGBOCT27VI, GB, 11-May-2021,4789.36,4789.9,4789.9,4778.9, 4778.90,4778.9,4788.26,7,0.34,3, 7, 100.00
SGBSEP24, GB, 11-May-2021,4774.76,4823.01,4835.0,4740.0, 4810.00,4780.6,4794.05,104,4.99,29, 78, 75.00
SGBSEP27, GB, 11-May-2021,4750.0,4750.0,4768.75,4721.11, 4768.75,4768.75,4731.31,1112,52.61,50, 1060, 95.32
SGBSEP28VI, GB, 11-May-2021,4860.0,4760.0,4850.0,4760.0, 4815.00,4815.0,4806.69,270,12.98,57, 226, 83.70
SGL, EQ, 11-May-2021,9.15,9.15,9.95,8.55, 9.35,9.35,9.56,202360,19.34,865, 139165, 68.77
SHAKTIPUMP, EQ, 11-May-2021,537.7,533.7,549.25,532.55, 539.90,539.2,542.3,77082,418.01,3051, 36167, 46.92
SHALBY, EQ, 11-May-2021,146.1,144.0,171.9,144.0, 164.95,166.0,160.85,5421954,8721.48,54888, 1087130, 20.05
SHALPAINTS, EQ, 11-May-2021,86.15,86.0,86.15,83.7, 85.20,84.9,85.01,118026,100.33,2158, 84263, 71.39
SHANKARA, EQ, 11-May-2021,373.3,369.0,377.0,367.2, 371.00,371.75,372.84,41728,155.58,2107, 15656, 37.52
SHANTIGEAR, EQ, 11-May-2021,147.55,147.55,154.0,145.3, 152.05,152.15,151.37,76173,115.31,1710, 47572, 62.45
SHARDACROP, EQ, 11-May-2021,322.7,333.0,333.0,324.4, 328.65,329.9,327.94,225759,740.34,10286, 117871, 52.21
SHARDAMOTR, EQ, 11-May-2021,397.35,397.0,414.55,390.05, 394.00,394.65,401.56,120443,483.66,7465, 42903, 35.62
SHAREINDIA, EQ, 11-May-2021,383.75,387.0,389.8,380.2, 381.25,381.35,382.14,43124,164.8,1094, 32115, 74.47
SHARIABEES, EQ, 11-May-2021,371.58,379.89,410.0,365.95, 367.93,368.13,369.08,1281,4.73,59, 606, 47.31
SHEMAROO, EQ, 11-May-2021,90.1,89.0,90.0,85.25, 87.10,87.65,87.53,109852,96.16,2309, 60227, 54.83
SHIL, EQ, 11-May-2021,277.3,278.8,286.0,267.15, 284.00,283.95,277.94,126004,350.22,2851, 77099, 61.19
SHILPAMED, EQ, 11-May-2021,448.85,445.0,464.9,441.55, 458.00,458.4,458.14,761457,3488.5,15441, 276930, 36.37
SHIVAMAUTO, EQ, 11-May-2021,19.85,19.6,19.9,19.3, 19.30,19.45,19.6,101308,19.86,465, 65931, 65.08
SHIVAMILLS, EQ, 11-May-2021,48.65,49.65,51.05,48.85, 51.05,50.8,50.8,66189,33.62,266, 61028, 92.20
SHIVATEX, EQ, 11-May-2021,159.05,164.85,164.85,156.65, 162.30,160.6,161.54,23251,37.56,679, 10798, 46.44
SHK, EQ, 11-May-2021,155.4,152.0,154.55,148.5, 151.45,151.05,151.07,586378,885.84,7237, 326443, 55.67
SHOPERSTOP, EQ, 11-May-2021,196.5,195.4,208.75,194.85, 204.60,204.85,201.97,203964,411.94,4524, 78441, 38.46
SHRADHA, EQ, 11-May-2021,43.6,45.65,45.65,43.0, 43.25,43.4,44.07,1834,0.81,33, 1621, 88.39
SHREDIGCEM, EQ, 11-May-2021,72.4,70.0,73.25,69.45, 71.70,71.5,72.1,571619,412.14,3836, 260756, 45.62
SHREECEM, EQ, 11-May-2021,27309.95,27200.0,27580.8,26744.2, 27496.55,27513.1,27352.52,60904,16658.78,17621, 19509, 32.03
SHREEPUSHK, EQ, 11-May-2021,177.4,178.2,187.85,174.8, 180.00,180.15,182.05,232691,423.61,10871, 72872, 31.32
SHREERAMA, EQ, 11-May-2021,13.1,13.3,13.35,12.8, 13.30,13.15,13.1,75825,9.93,569, 56253, 74.19
SHRENIK, BE, 11-May-2021,1.9,1.85,1.95,1.85, 1.95,1.95,1.9,1835205,34.82,948, -, -
SHREYANIND, EQ, 11-May-2021,90.3,88.0,103.75,88.0, 97.70,98.4,97.76,284122,277.77,2996, 110655, 38.95
SHREYAS, EQ, 11-May-2021,101.7,101.0,112.1,96.55, 102.60,103.85,104.67,352665,369.12,6141, 147247, 41.75
SHRIPISTON, BE, 11-May-2021,829.5,870.95,870.95,826.0, 828.00,829.15,852.36,2198,18.73,87, -, -
SHRIRAMCIT, EQ, 11-May-2021,1635.8,1635.8,1654.0,1504.9, 1607.00,1611.85,1605.95,30743,493.72,6486, 13503, 43.92
SHRIRAMEPC, EQ, 11-May-2021,4.4,4.45,5.25,4.3, 5.25,5.2,4.96,3105564,153.9,2031, 2703173, 87.04
SHUBHLAXMI, SM, 11-May-2021,14.15,14.15,14.15,14.15, 14.15,14.15,14.15,1000,0.14,1, 1000, 100.00
SHYAMCENT, EQ, 11-May-2021,7.05,7.4,8.45,7.2, 8.45,8.45,8.16,1628689,132.94,3263, 730704, 44.86
SHYAMTEL, BE, 11-May-2021,14.0,14.0,14.0,14.0, 14.00,14.0,14.0,100,0.01,1, -, -
SICAGEN, BE, 11-May-2021,20.05,20.0,20.0,19.3, 19.70,19.75,19.67,25906,5.1,123, -, -
SICAL, EQ, 11-May-2021,11.35,11.35,11.9,11.1, 11.55,11.6,11.6,444291,51.55,839, 246289, 55.43
SIDDHIKA, SM, 11-May-2021,56.95,53.0,53.0,52.55, 52.55,52.55,52.78,4000,2.11,2, 2000, 50.00
SIEMENS, EQ, 11-May-2021,1883.0,1864.2,1963.9,1864.2, 1948.95,1948.65,1931.27,860293,16614.62,37605, 157614, 18.32
SIGIND, EQ, 11-May-2021,38.2,38.1,39.2,36.5, 37.35,37.0,37.63,106515,40.09,1202, 73711, 69.20
SIGMA, SM, 11-May-2021,46.5,40.0,48.95,40.0, 45.00,45.0,45.4,15000,6.81,5, 6000, 40.00
SIL, BE, 11-May-2021,15.95,15.85,16.3,15.2, 16.25,16.25,15.77,48935,7.72,58, -, -
SILGO, EQ, 11-May-2021,45.75,45.8,46.95,44.1, 44.80,44.75,45.43,125322,56.94,1123, 84081, 67.09
SILINV, EQ, 11-May-2021,232.55,226.8,260.0,222.1, 252.00,252.15,245.68,18008,44.24,688, 12709, 70.57
SILLYMONKS, BE, 11-May-2021,20.0,20.95,20.95,19.5, 20.00,20.0,20.49,1265,0.26,28, -, -
SIMBHALS, EQ, 11-May-2021,11.15,11.7,11.7,11.7, 11.70,11.7,11.7,25100,2.94,48, 25100, 100.00
SIMPLEXINF, EQ, 11-May-2021,32.4,32.35,33.25,30.7, 32.20,31.9,32.23,160820,51.83,1124, 101601, 63.18
SINTERCOM, EQ, 11-May-2021,77.2,78.5,82.45,76.05, 77.40,77.55,77.64,8024,6.23,54, 6318, 78.74
SINTEX, EQ, 11-May-2021,3.5,3.65,3.65,3.6, 3.65,3.65,3.64,1506988,54.91,427, 939342, 62.33
SIRCA, EQ, 11-May-2021,328.65,316.05,335.7,316.05, 329.90,326.8,328.98,36869,121.29,740, 23177, 62.86
SIS, EQ, 11-May-2021,374.1,372.0,376.0,370.0, 375.50,375.1,373.24,132967,496.29,7237, 79323, 59.66
SITINET, EQ, 11-May-2021,0.85,0.9,0.9,0.85, 0.90,0.9,0.9,2795513,25.16,493, 2145667, 76.75
SIYSIL, EQ, 11-May-2021,209.2,207.9,218.85,206.1, 210.20,212.65,214.48,196048,420.48,5113, 80750, 41.19
SJVN, EQ, 11-May-2021,26.15,26.1,27.6,26.0, 27.00,27.1,26.96,9347312,2520.44,11981, 3388311, 36.25
SKFINDIA, EQ, 11-May-2021,2264.6,2267.0,2308.55,2250.0, 2274.00,2268.3,2285.37,28840,659.1,6749, 15414, 53.45
SKIL, EQ, 11-May-2021,2.6,2.7,2.7,2.55, 2.70,2.7,2.63,64959,1.71,92, 48409, 74.52
SKIPPER, EQ, 11-May-2021,56.0,56.0,58.05,55.5, 56.95,57.0,56.84,188166,106.96,4723, 132458, 70.39
SKMEGGPROD, EQ, 11-May-2021,53.95,53.3,55.8,52.8, 54.80,54.85,54.88,93225,51.16,1632, 51009, 54.72
SMARTLINK, EQ, 11-May-2021,86.45,84.85,100.7,84.0, 91.80,92.4,95.44,221781,211.67,3647, 68839, 31.04
SMCGLOBAL, EQ, 11-May-2021,76.45,75.1,78.35,74.0, 74.70,74.35,76.24,126295,96.29,998, 64729, 51.25
SMLISUZU, EQ, 11-May-2021,469.85,466.4,471.1,462.0, 463.70,463.65,466.32,10768,50.21,905, 5700, 52.93
SMPL, BZ, 11-May-2021,0.2,0.2,0.25,0.2, 0.25,0.25,0.22,9038,0.02,14, -, -
SMSLIFE, EQ, 11-May-2021,616.45,616.45,630.0,606.3, 613.50,614.15,614.99,6763,41.59,542, 3460, 51.16
SMSPHARMA, EQ, 11-May-2021,156.3,154.9,158.5,153.15, 154.10,154.2,156.07,163846,255.72,3761, 79727, 48.66
SMVD, SM, 11-May-2021,14.1,14.8,14.8,14.8, 14.80,14.8,14.8,4000,0.59,2, 4000, 100.00
SNOWMAN, EQ, 11-May-2021,49.8,49.15,50.35,49.05, 49.70,49.7,49.84,1951420,972.67,7788, 730038, 37.41
SOBHA, EQ, 11-May-2021,469.05,466.0,473.65,461.25, 463.50,463.25,466.02,312928,1458.32,12712, 178082, 56.91
SOLARA, EQ, 11-May-2021,1649.7,1670.0,1730.0,1658.0, 1694.00,1695.65,1697.44,459664,7802.54,24006, 152447, 33.16
SOLARINDS, EQ, 11-May-2021,1240.4,1231.15,1253.05,1219.4, 1220.00,1224.65,1234.17,11415,140.88,2093, 6746, 59.10
SOMANYCERA, EQ, 11-May-2021,420.3,419.0,423.0,414.0, 420.00,420.8,417.97,47144,197.05,2769, 32512, 68.96
SOMATEX, EQ, 11-May-2021,5.35,5.35,5.6,5.2, 5.60,5.6,5.46,29628,1.62,76, 24115, 81.39
SOMICONVEY, EQ, 11-May-2021,52.8,55.4,55.4,55.4, 55.40,55.4,55.4,13497,7.48,172, 13441, 99.59
SONAMCLOCK, SM, 11-May-2021,62.25,62.0,64.0,62.0, 63.10,63.1,63.03,9000,5.67,3, 0, 0.00
SONATSOFTW, EQ, 11-May-2021,592.15,583.5,601.9,581.0, 590.00,590.5,589.37,129717,764.51,9402, 68115, 52.51
SORILINFRA, EQ, 11-May-2021,131.35,130.8,135.95,127.0, 130.55,130.8,131.92,82308,108.58,2252, 36430, 44.26
SOTL, EQ, 11-May-2021,1065.1,1039.0,1060.05,1034.85, 1047.00,1049.65,1048.25,21702,227.49,2104, 15745, 72.55
SOUTHBANK, EQ, 11-May-2021,10.25,10.05,10.8,9.65, 10.60,10.6,10.44,141579498,14780.42,65884, 37467635, 26.46
SOUTHWEST, EQ, 11-May-2021,35.3,35.3,37.5,33.85, 36.50,36.9,35.8,105026,37.6,572, 61577, 58.63
SPAL, EQ, 11-May-2021,178.6,174.0,186.95,174.0, 185.00,185.25,182.52,88624,161.76,1863, 67361, 76.01
SPANDANA, EQ, 11-May-2021,605.05,600.0,606.4,593.6, 598.85,597.15,598.78,17728,106.15,1389, 9379, 52.91
SPARC, EQ, 11-May-2021,220.35,223.0,241.7,220.0, 225.80,225.75,231.39,11221227,25964.49,127364, 2968566, 26.45
SPECIALITY, EQ, 11-May-2021,39.35,39.0,40.7,38.95, 40.00,40.05,40.0,94598,37.84,1059, 50014, 52.87
SPENCERS, EQ, 11-May-2021,70.3,70.2,72.95,69.8, 71.30,71.6,71.42,383805,274.12,4284, 175157, 45.64
SPENTEX, BZ, 11-May-2021,0.75,0.75,0.8,0.75, 0.80,0.8,0.8,24202,0.19,12, -, -
SPIC, EQ, 11-May-2021,36.25,36.25,43.5,36.25, 43.50,43.5,41.33,9735876,4023.61,28266, 4344015, 44.62
SPICEJET, EQ, 11-May-2021,63.6,63.0,70.2,62.9, 69.95,69.65,68.18,10225152,6971.28,45900, 3335161, 32.62
SPLIL, EQ, 11-May-2021,42.15,41.7,42.8,40.4, 40.55,40.55,41.15,77995,32.1,1092, 51492, 66.02
SPMLINFRA, EQ, 11-May-2021,11.6,11.55,13.75,11.5, 13.50,13.45,13.02,725148,94.42,1947, 330440, 45.57
SPTL, EQ, 11-May-2021,3.55,3.85,3.9,3.25, 3.90,3.9,3.82,4306763,164.64,1197, 2678750, 62.20
SPYL, EQ, 11-May-2021,0.6,0.65,0.65,0.65, 0.65,0.65,0.65,2010043,13.07,110, 2010043, 100.00
SREEL, EQ, 11-May-2021,142.8,141.6,144.0,140.0, 144.00,142.55,142.11,11610,16.5,457, 6476, 55.78
SREIBNPNCD, NJ, 11-May-2021,473.99,425.0,425.0,425.0, 425.00,425.0,425.0,10,0.04,1, 10, 100.00
SREIBNPNCD, NO, 11-May-2021,315.0,285.0,350.0,285.0, 335.00,335.0,310.68,161,0.5,11, 117, 72.67
SREIBNPNCD, NP, 11-May-2021,295.0,350.0,350.0,350.0, 350.00,350.0,350.0,1,0.0,1, 1, 100.00
SREIBNPNCD, NU, 11-May-2021,322.0,301.0,315.0,295.0, 315.00,315.0,302.79,209,0.63,10, 150, 71.77
SREIBNPNCD, NV, 11-May-2021,310.0,310.0,310.0,309.5, 310.00,310.0,309.99,52,0.16,5, 51, 98.08
SREIBNPNCD, NX, 11-May-2021,409.0,409.0,409.0,409.0, 409.00,409.0,409.0,10,0.04,1, 10, 100.00
SREIBNPNCD, YA, 11-May-2021,400.0,390.0,424.99,360.0, 360.00,360.0,393.33,6,0.02,4, 6, 100.00
SREINFRA, EQ, 11-May-2021,6.9,6.95,7.0,6.8, 6.95,6.95,6.92,954380,66.06,1324, 677282, 70.97
SRF, EQ, 11-May-2021,6299.4,6299.4,6449.5,6268.1, 6288.40,6294.5,6364.88,405113,25784.95,51016, 113487, 28.01
SRHHYPOLTD, EQ, 11-May-2021,284.3,286.5,291.75,283.0, 286.00,285.85,287.5,22699,65.26,1316, 13766, 60.65
SRIPIPES, EQ, 11-May-2021,194.05,191.0,196.45,185.0, 193.00,192.35,192.79,72365,139.51,3105, 34914, 48.25
SRPL, BE, 11-May-2021,30.5,32.0,32.0,30.5, 30.55,30.55,31.3,1314,0.41,11, -, -
SRTRANSFIN, EQ, 11-May-2021,1332.75,1324.0,1348.5,1312.4, 1335.10,1342.5,1334.36,1458682,19464.07,38632, 266950, 18.30
SRTRANSFIN, Y9, 11-May-2021,1096.0,1096.0,1096.0,1096.0, 1096.00,1096.0,1096.0,144,1.58,5, 144, 100.00
SRTRANSFIN, YB, 11-May-2021,1010.3,1015.0,1015.2,1013.7, 1013.70,1014.09,1014.56,60,0.61,4, 60, 100.00
SRTRANSFIN, YH, 11-May-2021,1020.21,1019.9,1024.0,1019.9, 1024.00,1024.0,1023.02,133,1.36,4, 133, 100.00
SRTRANSFIN, YI, 11-May-2021,1048.0,1027.1,1049.0,1027.0, 1049.00,1027.35,1027.26,301,3.09,13, 301, 100.00
SRTRANSFIN, YJ, 11-May-2021,1075.0,1075.0,1075.95,1075.0, 1075.95,1075.95,1075.32,300,3.23,6, 300, 100.00
SRTRANSFIN, YK, 11-May-2021,1096.96,1096.9,1098.0,1096.9, 1098.00,1098.0,1097.79,382,4.19,10, 382, 100.00
SRTRANSFIN, YL, 11-May-2021,1093.0,1100.01,1108.0,1100.01, 1105.00,1105.0,1104.88,109,1.2,3, 109, 100.00
SRTRANSFIN, YM, 11-May-2021,1272.0,1277.0,1277.0,1277.0, 1277.00,1277.0,1277.0,411,5.25,2, 411, 100.00
SRTRANSFIN, YN, 11-May-2021,1314.0,1319.9,1320.0,1319.9, 1320.00,1320.0,1319.97,97,1.28,2, 97, 100.00
SRTRANSFIN, YQ, 11-May-2021,1050.5,1042.01,1050.5,1042.01, 1050.50,1050.5,1045.46,477,4.99,8, 477, 100.00
SRTRANSFIN, YR, 11-May-2021,1057.0,1055.6,1055.6,1055.6, 1055.60,1055.6,1055.6,65,0.69,1, 65, 100.00
SRTRANSFIN, YS, 11-May-2021,1095.0,1200.0,1200.0,1200.0, 1200.00,1200.0,1200.0,10,0.12,1, 10, 100.00
SRTRANSFIN, YT, 11-May-2021,1253.12,1253.0,1256.56,1253.0, ,1256.56,1254.78,20,0.25,2, 10, 50.00
SRTRANSFIN, YV, 11-May-2021,1015.1,1022.01,1022.01,1022.01, 1022.01,1022.01,1022.01,50,0.51,1, 50, 100.00
SRTRANSFIN, YW, 11-May-2021,1110.0,1060.0,1060.0,1045.0, 1050.00,1050.0,1047.95,1000,10.48,12, 1000, 100.00
SRTRANSFIN, YX, 11-May-2021,1031.0,1030.0,1040.0,1021.01, 1024.91,1024.91,1028.31,1086,11.17,24, 1086, 100.00
SRTRANSFIN, YY, 11-May-2021,1050.0,1033.0,1033.0,1033.0, 1033.00,1033.0,1033.0,30,0.31,1, 30, 100.00
SRTRANSFIN, Z6, 11-May-2021,1055.01,1062.0,1062.0,1062.0, 1062.00,1062.0,1062.0,10,0.11,1, 10, 100.00
SRTRANSFIN, Z8, 11-May-2021,1085.0,1070.1,1082.0,1070.05, 1080.00,1080.0,1075.01,670,7.2,25, 500, 74.63
SRTRANSFIN, ZA, 11-May-2021,1175.5,1177.1,1177.1,1177.0, 1177.00,1177.07,1177.08,100,1.18,2, 100, 100.00
SRTRANSFIN, ZG, 11-May-2021,1030.0,1015.01,1029.9,1015.01, 1028.00,1028.79,1027.35,190,1.95,5, 170, 89.47
SSWL, EQ, 11-May-2021,761.5,758.6,763.65,749.1, 750.00,750.35,755.12,39372,297.3,3297, 19363, 49.18
STAR, EQ, 11-May-2021,838.45,836.0,849.8,835.5, 839.00,837.75,842.9,303587,2558.95,9114, 91602, 30.17
STARCEMENT, EQ, 11-May-2021,102.6,102.3,103.75,100.4, 102.60,102.5,102.72,229903,236.17,3869, 99811, 43.41
STARPAPER, EQ, 11-May-2021,121.95,120.0,127.2,116.85, 123.35,122.9,124.48,153510,191.08,3862, 35886, 23.38
STCINDIA, EQ, 11-May-2021,86.2,84.0,94.75,83.9, 91.90,91.35,90.47,243732,220.51,3973, 77308, 31.72
STEELCITY, EQ, 11-May-2021,39.2,38.45,39.9,37.8, 39.45,39.7,39.21,26761,10.49,371, 18210, 68.05
STEELXIND, EQ, 11-May-2021,66.85,67.2,67.2,65.4, 66.85,66.05,66.43,89634,59.55,1058, 53746, 59.96
STEL, EQ, 11-May-2021,81.65,82.0,82.9,80.05, 81.60,81.9,81.66,14555,11.89,261, 9641, 66.24
STERTOOLS, EQ, 11-May-2021,189.65,189.4,190.1,186.95, 189.00,188.7,188.49,13515,25.47,1236, 10130, 74.95
STLTECH, EQ, 11-May-2021,227.2,228.0,233.9,224.15, 228.55,228.65,229.06,465814,1066.99,8558, 219370, 47.09
STOVEKRAFT, EQ, 11-May-2021,494.7,495.0,498.55,480.0, 483.50,483.0,486.39,92006,447.51,4393, 54357, 59.08
SUBCAPCITY, BE, 11-May-2021,17.5,17.5,17.5,17.4, 17.50,17.5,17.46,276,0.05,5, -, -
SUBEXLTD, EQ, 11-May-2021,60.8,59.5,66.8,59.1, 64.65,64.75,64.33,26288722,16910.23,70918, 7876070, 29.96
SUBROS, EQ, 11-May-2021,318.45,315.0,317.45,310.0, 311.00,310.85,313.11,15118,47.34,1111, 8135, 53.81
SUDARSCHEM, EQ, 11-May-2021,641.25,638.5,713.7,635.1, 684.00,696.95,683.16,1766976,12071.26,51634, 343990, 19.47
SUMEETINDS, BE, 11-May-2021,4.4,4.5,4.6,4.3, 4.60,4.6,4.55,47657,2.17,126, -, -
SUMICHEM, EQ, 11-May-2021,294.95,295.95,313.5,295.5, 312.60,309.6,305.19,845548,2580.56,17356, 469491, 55.53
SUMIT, EQ, 11-May-2021,10.25,10.6,10.7,10.15, 10.50,10.5,10.56,31896,3.37,84, 21992, 68.95
SUMMITSEC, EQ, 11-May-2021,509.3,509.9,519.0,503.8, 515.00,515.4,512.09,2571,13.17,161, 1750, 68.07
SUNCLAYLTD, EQ, 11-May-2021,3291.9,3270.0,3300.0,3135.2, 3180.00,3147.95,3193.81,7487,239.12,1329, 5413, 72.30
SUNDARAM, EQ, 11-May-2021,1.15,1.15,1.2,1.15, 1.20,1.15,1.17,248188,2.9,240, 189113, 76.20
SUNDARMFIN, EQ, 11-May-2021,2409.75,2414.0,2423.0,2365.5, 2405.00,2405.3,2396.15,15561,372.86,2699, 10336, 66.42
SUNDARMHLD, EQ, 11-May-2021,70.9,70.9,71.45,68.2, 69.95,69.85,70.51,249445,175.87,1948, 166700, 66.83
SUNDRMBRAK, EQ, 11-May-2021,329.45,325.05,335.25,321.95, 325.00,326.7,327.61,7061,23.13,351, 4715, 66.78
SUNDRMFAST, EQ, 11-May-2021,715.1,719.25,721.95,701.9, 703.00,704.55,709.86,83763,594.6,5891, 51560, 61.55
SUNFLAG, EQ, 11-May-2021,89.3,85.0,89.9,84.05, 86.65,86.35,86.84,2533935,2200.41,20524, 770492, 30.41
SUNPHARMA, EQ, 11-May-2021,698.2,698.5,721.85,696.2, 708.00,708.1,710.95,14760511,104939.69,235407, 2246424, 15.22
SUNTECK, EQ, 11-May-2021,268.35,265.5,269.9,261.55, 267.00,266.75,265.49,284180,754.47,8443, 111320, 39.17
SUNTV, EQ, 11-May-2021,505.25,501.5,527.9,501.05, 518.75,518.6,517.82,4504552,23325.51,52863, 1585902, 35.21
SUPERHOUSE, EQ, 11-May-2021,125.95,125.0,128.5,122.0, 124.50,125.2,125.7,13399,16.84,431, 6993, 52.19
SUPERSPIN, EQ, 11-May-2021,6.0,6.05,6.1,5.75, 6.00,6.05,5.95,109669,6.53,294, 77083, 70.29
SUPPETRO, EQ, 11-May-2021,702.0,708.8,725.0,700.0, 704.05,704.95,714.66,130599,933.34,7457, 74509, 57.05
SUPRAJIT, EQ, 11-May-2021,252.25,249.1,257.25,249.0, 253.95,255.45,255.38,195251,498.64,5796, 79384, 40.66
SUPREMEENG, EQ, 11-May-2021,24.55,25.3,26.85,23.2, 26.20,26.6,25.72,72082,18.54,335, 45711, 63.42
SUPREMEIND, EQ, 11-May-2021,2149.45,2149.0,2215.0,2149.0, 2209.00,2209.15,2195.36,219533,4819.54,26402, 127253, 57.97
SURANASOL, EQ, 11-May-2021,9.2,9.25,9.4,9.1, 9.35,9.3,9.29,53460,4.97,255, 40748, 76.22
SURANAT&P, EQ, 11-May-2021,4.75,4.55,4.85,4.45, 4.50,4.5,4.55,201445,9.16,305, 187971, 93.31
SURYALAXMI, EQ, 11-May-2021,35.9,37.65,37.65,37.65, 37.65,37.65,37.65,11864,4.47,28, 11864, 100.00
SURYAROSNI, EQ, 11-May-2021,444.35,437.5,444.4,430.0, 434.75,432.45,436.05,134254,585.42,6612, 55765, 41.54
SURYODAY, EQ, 11-May-2021,234.8,234.8,242.35,233.0, 240.70,240.6,238.94,218120,521.19,6856, 80464, 36.89
SUTLEJTEX, EQ, 11-May-2021,50.45,49.55,51.45,47.6, 49.75,49.7,50.01,391545,195.81,2871, 205081, 52.38
SUULD, EQ, 11-May-2021,312.75,309.0,315.0,297.65, 300.15,301.65,302.7,77482,234.54,636, 46340, 59.81
SUVEN, EQ, 11-May-2021,98.6,98.0,99.9,96.65, 97.80,97.75,98.47,592666,583.61,7162, 290501, 49.02
SUVENPHAR, EQ, 11-May-2021,541.9,538.0,547.0,527.4, 529.50,530.05,537.49,296918,1595.91,12793, 197424, 66.49
SUVIDHAA, EQ, 11-May-2021,25.1,23.85,24.8,23.85, 23.85,23.85,23.9,268420,64.15,1064, 178679, 66.57
SUZLON, EQ, 11-May-2021,5.6,5.65,6.15,5.5, 6.15,6.15,6.06,189569965,11492.49,39665, 73878947, 38.97
SWANENERGY, EQ, 11-May-2021,133.8,134.5,134.5,130.85, 131.90,131.6,132.05,135875,179.42,4357, 8999, 6.62
SWARAJENG, EQ, 11-May-2021,1549.25,1549.0,1549.05,1535.0, 1544.00,1542.15,1542.77,6637,102.39,769, 4144, 62.44
SWELECTES, EQ, 11-May-2021,229.3,230.0,232.65,226.0, 227.15,228.4,229.59,21241,48.77,916, 13823, 65.08
SWSOLAR, EQ, 11-May-2021,304.65,303.0,308.0,295.0, 296.80,297.25,301.09,798016,2402.78,14550, 426903, 53.50
SYMPHONY, EQ, 11-May-2021,1105.65,1103.5,1115.95,1096.35, 1098.80,1098.5,1103.62,62287,687.41,5646, 32513, 52.20
SYNCOM, BZ, 11-May-2021,3.05,3.1,3.1,2.95, 3.10,3.1,3.07,148631,4.56,283, -, -
SYNGENE, EQ, 11-May-2021,587.1,581.0,600.4,576.2, 590.40,592.7,587.55,425107,2497.72,17837, 155228, 36.52
TAINWALCHM, EQ, 11-May-2021,75.05,74.9,83.45,73.0, 76.90,77.3,80.7,291663,235.37,4585, 86069, 29.51
TAJGVK, EQ, 11-May-2021,109.55,110.0,115.2,108.5, 112.35,112.5,112.35,221455,248.81,4535, 80850, 36.51
TAKE, EQ, 11-May-2021,55.25,54.5,59.7,54.2, 57.90,57.7,57.93,6526610,3780.85,23513, 1992873, 30.53
TALBROAUTO, EQ, 11-May-2021,203.75,203.5,208.0,200.0, 202.05,203.2,203.78,20046,40.85,794, 11162, 55.68
TANLA, EQ, 11-May-2021,861.9,868.0,883.25,861.95, 874.75,872.45,873.26,64373,562.14,2999, 42769, 66.44
TANTIACONS, BZ, 11-May-2021,7.6,7.95,7.95,7.95, 7.95,7.95,7.95,14738,1.17,35, -, -
TARACHAND, SM, 11-May-2021,39.45,40.0,40.1,37.15, 37.15,37.65,39.06,14000,5.47,7, 12000, 85.71
TARAPUR, EQ, 11-May-2021,3.7,3.85,3.85,3.85, 3.85,3.85,3.85,23521,0.91,36, 23511, 99.96
TARC, EQ, 11-May-2021,26.85,26.9,27.85,26.8, 27.40,27.4,27.37,285864,78.23,931, 208349, 72.88
TARMAT, EQ, 11-May-2021,49.3,48.5,49.85,48.5, 49.45,48.95,49.14,6830,3.36,401, 3251, 47.60
TASTYBITE, EQ, 11-May-2021,15207.0,15207.0,15392.3,15001.0, 15090.00,15076.45,15200.1,945,143.64,612, 376, 39.79
TATACAPHSG, N1, 11-May-2021,1100.0,888.01,1100.0,888.01, 1100.00,1100.0,994.01,10,0.1,2, 0, 0.00
TATACAPHSG, N2, 11-May-2021,1030.0,1055.5,1055.5,1055.5, 1055.50,1055.5,1055.5,1,0.01,1, 1, 100.00
TATACAPHSG, N4, 11-May-2021,1026.05,1070.0,1070.0,1070.0, 1070.00,1070.0,1070.0,3,0.03,1, 3, 100.00
TATACAPHSG, N6, 11-May-2021,1070.0,1090.0,1090.0,1090.0, 1090.00,1090.0,1090.0,40,0.44,6, 40, 100.00
TATACAPHSG, NA, 11-May-2021,1107.01,1108.01,1108.01,1108.01, 1108.01,1108.01,1108.01,2,0.02,1, 2, 100.00
TATACHEM, EQ, 11-May-2021,683.8,682.0,709.4,677.1, 696.50,696.7,700.32,7844036,54933.66,131098, 1198293, 15.28
TATACOFFEE, EQ, 11-May-2021,168.4,165.75,180.9,161.15, 172.00,172.4,174.73,23203352,40544.19,144129, 3235297, 13.94
TATACOMM, EQ, 11-May-2021,1087.2,1080.0,1099.0,1070.2, 1079.00,1079.75,1088.2,212683,2314.41,12996, 107365, 50.48
TATACONSUM, EQ, 11-May-2021,633.15,628.0,649.9,625.0, 640.20,641.6,642.09,4619231,29659.8,80391, 1262084, 27.32
TATAELXSI, EQ, 11-May-2021,3613.15,3610.0,3690.0,3496.4, 3535.00,3516.2,3580.59,249698,8940.67,27233, 124415, 49.83
TATAINVEST, EQ, 11-May-2021,1067.25,1065.0,1085.25,1059.6, 1068.85,1066.9,1072.1,32957,353.33,3340, 15395, 46.71
TATAMETALI, EQ, 11-May-2021,1184.95,1135.0,1161.95,1125.0, 1142.80,1142.4,1145.59,212534,2434.78,10118, 91054, 42.84
TATAMOTORS, EQ, 11-May-2021,314.85,309.55,320.75,308.1, 314.45,315.55,316.17,58472304,184870.36,341891, 8734226, 14.94
TATAMTRDVR, EQ, 11-May-2021,142.05,138.25,151.2,138.25, 147.10,146.95,147.75,10851717,16033.79,58619, 5580088, 51.42
TATAPOWER, EQ, 11-May-2021,109.95,109.0,111.15,107.1, 109.10,109.35,109.51,64737614,70895.79,153214, 12207501, 18.86
TATASTEEL, EQ, 11-May-2021,1216.35,1190.0,1246.0,1176.9, 1230.00,1233.9,1217.71,41108381,500580.54,569871, 8893326, 21.63
TATASTLBSL, EQ, 11-May-2021,104.45,98.15,109.7,97.0, 105.65,105.85,104.41,32645644,34086.55,154723, 9796870, 30.01
TATASTLLP, EQ, 11-May-2021,1053.9,1016.0,1049.0,1010.0, 1028.00,1030.6,1035.31,149679,1549.65,7851, 81367, 54.36
TBZ, EQ, 11-May-2021,67.5,66.9,74.35,66.0, 74.25,73.25,71.12,864023,614.47,7468, 489596, 56.66
TCFSL, NB, 11-May-2021,1060.48,1060.35,1061.0,1059.11, 1060.99,1060.98,1060.14,4125,43.73,71, 2410, 58.42
TCFSL, ND, 11-May-2021,1105.84,1106.9,1106.9,1104.0, 1106.75,1105.51,1106.15,667,7.38,15, 618, 92.65
TCFSL, NH, 11-May-2021,1077.01,1077.11,1078.0,1076.1, 1076.10,1077.2,1077.16,120,1.29,7, 65, 54.17
TCFSL, NL, 11-May-2021,1147.99,1147.0,1150.0,1145.0, 1148.00,1148.0,1147.56,475,5.45,17, 360, 75.79
TCI, EQ, 11-May-2021,285.45,283.0,289.3,280.0, 289.00,284.4,283.11,36496,103.32,1480, 22448, 61.51
TCIDEVELOP, EQ, 11-May-2021,298.2,304.25,305.95,294.95, 304.05,302.35,300.16,82,0.25,29, 14, 17.07
TCIEXP, EQ, 11-May-2021,942.3,938.1,954.9,935.0, 941.10,946.1,946.27,11056,104.62,1459, 5277, 47.73
TCNSBRANDS, EQ, 11-May-2021,508.7,509.85,532.5,504.9, 525.00,524.95,523.39,53603,280.55,2365, 28250, 52.70
TCPLPACK, EQ, 11-May-2021,473.9,456.0,495.9,456.0, 469.95,470.15,474.48,3459,16.41,221, 2135, 61.72
TCS, EQ, 11-May-2021,3145.5,3125.0,3128.1,3091.15, 3120.00,3122.6,3111.04,2415625,75151.03,93623, 1484826, 61.47
TDPOWERSYS, EQ, 11-May-2021,198.6,201.6,234.0,198.65, 216.00,216.3,223.02,1411236,3147.39,23942, 250755, 17.77
TEAMLEASE, EQ, 11-May-2021,3231.4,3280.0,3291.85,3200.0, 3250.00,3234.6,3242.73,7730,250.66,1707, 4357, 56.36
TECHIN, EQ, 11-May-2021,3.8,3.95,3.95,3.95, 3.95,3.95,3.95,3139,0.12,11, 3139, 100.00
TECHM, EQ, 11-May-2021,990.5,984.0,986.95,970.5, 980.00,977.05,976.93,2029457,19826.47,50341, 929890, 45.82
TECHNOE, EQ, 11-May-2021,307.7,303.1,344.9,303.1, 325.80,325.9,331.23,735278,2435.47,20437, 253580, 34.49
TEJASNET, EQ, 11-May-2021,184.75,184.8,193.95,180.35, 180.80,180.9,186.53,964193,1798.54,16810, 450286, 46.70
TEMBO, EQ, 11-May-2021,138.75,140.5,140.5,137.0, 137.00,137.95,138.35,189933,262.78,770, 62682, 33.00
TERASOFT, EQ, 11-May-2021,39.9,40.0,41.4,39.2, 40.50,40.65,40.44,41237,16.68,582, 24921, 60.43
TEXINFRA, EQ, 11-May-2021,70.0,69.5,70.35,69.4, 70.10,70.05,70.02,84480,59.15,471, 76997, 91.14
TEXMOPIPES, EQ, 11-May-2021,30.85,30.3,31.5,30.2, 31.15,31.0,31.07,191427,59.48,1224, 124767, 65.18
TEXRAIL, EQ, 11-May-2021,27.1,26.8,28.5,26.55, 27.80,27.7,27.82,1471794,409.5,4430, 750338, 50.98
TFCILTD, EQ, 11-May-2021,56.5,56.5,57.9,56.0, 57.30,57.3,57.06,209440,119.5,2499, 90886, 43.39
TFL, EQ, 11-May-2021,2.45,2.45,2.55,2.4, 2.50,2.5,2.52,3354,0.08,16, 2152, 64.16
TGBHOTELS, EQ, 11-May-2021,4.8,4.85,5.25,4.65, 5.25,5.25,5.17,58499,3.02,257, 53996, 92.30
THANGAMAYL, EQ, 11-May-2021,604.2,609.95,632.8,609.9, 630.00,628.9,619.86,32337,200.45,2121, 20515, 63.44
THEINVEST, EQ, 11-May-2021,104.5,102.0,102.65,99.5, 99.50,100.3,101.04,21428,21.65,305, 15718, 73.35
THEMISMED, EQ, 11-May-2021,449.7,442.0,457.0,434.15, 438.95,439.75,444.08,36895,163.84,2152, 22799, 61.79
THERMAX, EQ, 11-May-2021,1492.25,1485.0,1513.0,1476.2, 1483.95,1490.35,1495.77,11267,168.53,2077, 7095, 62.97
THIRUSUGAR, BZ, 11-May-2021,7.8,7.7,8.15,7.45, 8.15,8.05,7.66,18241,1.4,53, -, -
THOMASCOOK, EQ, 11-May-2021,46.9,46.9,49.2,45.85, 48.40,48.3,48.44,630726,305.54,3286, 325129, 51.55
THOMASCOTT, BE, 11-May-2021,6.75,6.75,6.75,6.45, 6.45,6.45,6.65,605,0.04,8, -, -
THYROCARE, EQ, 11-May-2021,1063.6,1069.8,1088.0,1060.75, 1069.00,1064.4,1070.29,239089,2558.95,10867, 66600, 27.86
TI, EQ, 11-May-2021,42.55,43.0,43.5,42.45, 42.65,42.75,43.09,783946,337.76,3795, 494246, 63.05
TIDEWATER, EQ, 11-May-2021,4489.1,4470.0,4705.0,4450.0, 4650.00,4679.1,4623.79,8742,404.21,1923, 4404, 50.38
TIIL, EQ, 11-May-2021,403.6,408.0,408.0,397.35, 403.50,400.65,400.74,20614,82.61,911, 15295, 74.20
TIINDIA, EQ, 11-May-2021,1185.5,1184.7,1210.0,1179.9, 1204.00,1205.1,1198.77,34680,415.73,3185, 18617, 53.68
TIJARIA, EQ, 11-May-2021,7.05,7.25,7.4,6.95, 7.00,7.0,7.1,63176,4.48,73, 47032, 74.45
TIL, EQ, 11-May-2021,222.1,221.0,241.0,208.5, 232.00,235.4,232.06,91955,213.39,4142, 36754, 39.97
TIMESGTY, EQ, 11-May-2021,44.75,45.9,45.9,42.8, 43.50,44.55,44.25,10086,4.46,181, 5230, 51.85
TIMETECHNO, EQ, 11-May-2021,83.9,83.35,86.3,82.45, 84.00,83.95,84.35,1874486,1581.16,17267, 575019, 30.68
TIMKEN, EQ, 11-May-2021,1347.8,1347.8,1358.7,1330.0, 1332.55,1334.55,1348.4,18922,255.14,2133, 13224, 69.89
TINPLATE, EQ, 11-May-2021,230.85,220.0,228.3,219.15, 220.40,220.05,222.8,1329350,2961.83,23742, 501853, 37.75
TIPSINDLTD, EQ, 11-May-2021,705.85,737.9,741.1,720.05, 741.10,741.1,739.57,21326,157.72,370, 18938, 88.80
TIRUMALCHM, EQ, 11-May-2021,99.35,97.9,104.45,97.5, 101.45,101.4,102.02,2458928,2508.52,22360, 1020794, 41.51
TITAN, EQ, 11-May-2021,1455.15,1439.1,1457.95,1432.0, 1436.40,1435.25,1442.94,1582827,22839.26,106257, 780372, 49.30
TMRVL, EQ, 11-May-2021,11.9,12.15,12.35,11.65, 11.80,11.85,11.74,34294,4.03,269, 27703, 80.78
TNPETRO, EQ, 11-May-2021,82.35,81.7,89.3,81.05, 86.00,86.0,86.27,2889615,2492.75,16848, 1185902, 41.04
TNPL, EQ, 11-May-2021,143.25,142.0,144.95,137.35, 141.55,140.5,141.96,112965,160.37,2290, 72213, 63.93
TNTELE, BE, 11-May-2021,5.3,5.45,5.55,5.05, 5.55,5.45,5.46,13547,0.74,49, -, -
TOKYOPLAST, EQ, 11-May-2021,75.5,76.45,77.0,72.35, 74.35,73.65,74.45,26311,19.59,622, 16287, 61.90
TORNTPHARM, EQ, 11-May-2021,2766.8,2762.8,2773.0,2708.0, 2715.95,2714.45,2734.93,358588,9807.15,17259, 141044, 39.33
TORNTPOWER, EQ, 11-May-2021,451.2,451.2,457.0,436.75, 440.45,439.0,446.09,2493351,11122.65,41041, 375185, 15.05
TOTAL, EQ, 11-May-2021,41.4,41.95,41.95,40.5, 41.00,40.85,41.31,25797,10.66,271, 15684, 60.80
TOUCHWOOD, EQ, 11-May-2021,82.25,79.0,84.5,78.15, 78.25,78.7,79.38,19511,15.49,310, 12962, 66.43
TPLPLASTEH, EQ, 11-May-2021,228.95,227.95,233.95,225.0, 225.05,229.55,228.68,4714,10.78,243, 2638, 55.96
TREEHOUSE, BE, 11-May-2021,8.1,8.3,8.5,7.75, 8.25,8.15,8.06,41307,3.33,82, -, -
TREJHARA, EQ, 11-May-2021,36.65,37.45,40.3,36.05, 40.00,39.9,38.88,117899,45.84,1245, 90024, 76.36
TRENT, EQ, 11-May-2021,747.75,742.0,775.0,742.0, 758.70,763.2,761.74,823028,6269.3,26838, 254872, 30.97
TRF, EQ, 11-May-2021,98.3,95.0,103.4,95.0, 101.00,100.1,100.43,64322,64.6,980, 31825, 49.48
TRIDENT, EQ, 11-May-2021,16.75,17.5,18.4,17.05, 18.40,18.4,18.15,73353512,13314.6,72860, 27005454, 36.82
TRIGYN, EQ, 11-May-2021,88.4,86.5,93.75,86.2, 89.80,89.7,90.83,376739,342.21,5226, 205473, 54.54
TRIL, EQ, 11-May-2021,20.65,20.5,24.0,20.1, 23.30,23.35,22.76,2357046,536.44,6666, 1021380, 43.33
TRITURBINE, EQ, 11-May-2021,99.55,98.9,102.1,98.25, 100.35,100.4,100.48,266435,267.72,3733, 121870, 45.74
TRIVENI, EQ, 11-May-2021,152.85,151.5,160.0,148.65, 152.55,152.25,155.06,2195492,3404.28,25907, 866353, 39.46
TTKHLTCARE, EQ, 11-May-2021,592.45,597.0,620.4,582.05, 586.00,589.45,596.2,15921,94.92,1857, 5069, 31.84
TTKPRESTIG, EQ, 11-May-2021,7257.5,7289.35,7369.95,7210.55, 7297.00,7255.15,7259.85,3266,237.11,1323, 1603, 49.08
TTL, EQ, 11-May-2021,52.0,53.6,53.6,50.0, 50.75,50.65,51.21,32699,16.75,963, 15739, 48.13
TTML, EQ, 11-May-2021,13.3,13.2,13.45,12.8, 13.30,13.3,13.21,2542304,335.82,3885, 1561423, 61.42
TV18BRDCST, EQ, 11-May-2021,38.35,37.9,39.9,37.55, 39.30,39.35,38.95,18131755,7061.51,34535, 7161902, 39.50
TVSELECT, EQ, 11-May-2021,134.0,133.0,137.5,132.1, 134.85,134.45,134.92,38248,51.6,915, 22779, 59.56
TVSMOTOR, EQ, 11-May-2021,611.55,610.95,629.7,605.5, 626.80,624.3,622.59,2354770,14660.67,44358, 714874, 30.36
TVSSRICHAK, EQ, 11-May-2021,1809.45,1800.1,1827.5,1795.4, 1804.70,1800.85,1807.61,6149,111.15,1055, 3778, 61.44
TVTODAY, EQ, 11-May-2021,286.35,287.0,288.2,278.0, 279.45,281.0,283.97,87015,247.09,2083, 57795, 66.42
TVVISION, BE, 11-May-2021,2.8,2.9,2.9,2.9, 2.90,2.9,2.9,16499,0.48,28, -, -
TWL, EQ, 11-May-2021,49.65,49.0,51.15,48.6, 49.65,49.7,50.09,643896,322.54,5327, 242578, 37.67
UBL, EQ, 11-May-2021,1207.6,1204.55,1220.45,1194.85, 1211.35,1206.5,1202.62,508849,6119.5,16288, 276536, 54.35
UCALFUEL, EQ, 11-May-2021,148.7,148.7,156.05,147.0, 154.15,154.7,153.63,84013,129.07,1990, 43105, 51.31
UCOBANK, EQ, 11-May-2021,11.4,11.4,11.8,11.3, 11.75,11.7,11.59,8756095,1014.57,16361, 3110530, 35.52
UFLEX, EQ, 11-May-2021,443.15,438.9,446.95,435.8, 437.90,438.3,440.36,111689,491.83,4162, 37751, 33.80
UFO, EQ, 11-May-2021,70.95,70.5,72.1,70.3, 71.30,71.3,71.36,90907,64.87,1665, 46533, 51.19
UGARSUGAR, EQ, 11-May-2021,31.1,33.05,34.2,32.1, 34.20,34.2,33.89,3079362,1043.74,7310, 1574905, 51.14
UJAAS, EQ, 11-May-2021,2.45,2.45,2.55,2.4, 2.55,2.55,2.51,2898146,72.63,712, 1514011, 52.24
UJJIVAN, EQ, 11-May-2021,202.15,200.0,206.0,200.0, 204.40,204.4,204.06,352833,719.99,6232, 135749, 38.47
UJJIVANSFB, EQ, 11-May-2021,29.05,28.9,29.1,28.8, 29.10,29.0,28.95,1579935,457.35,4558, 905884, 57.34
ULTRACEMCO, EQ, 11-May-2021,6403.1,6390.0,6619.95,6310.4, 6465.50,6490.6,6527.13,1139377,74368.65,85974, 382465, 33.57
UMANGDAIRY, EQ, 11-May-2021,58.7,58.45,61.1,58.0, 60.00,59.6,59.67,40255,24.02,978, 16768, 41.65
UMESLTD, EQ, 11-May-2021,2.95,3.0,3.0,2.9, 3.00,3.0,2.99,5623,0.17,30, 5385, 95.77
UNICHEMLAB, EQ, 11-May-2021,342.4,344.95,349.0,332.0, 344.00,341.7,343.56,64977,223.24,2766, 41604, 64.03
UNIDT, EQ, 11-May-2021,284.65,302.0,302.0,280.05, 290.60,293.65,290.71,8672,25.21,209, 6059, 69.87
UNIENTER, EQ, 11-May-2021,96.65,101.2,105.95,97.5, 98.00,100.15,103.69,472529,489.96,6051, 355990, 75.34
UNIONBANK, EQ, 11-May-2021,34.5,34.2,35.6,34.0, 35.35,35.3,34.85,9016234,3142.4,14969, 2845188, 31.56
UNITECH, BZ, 11-May-2021,1.55,1.6,1.6,1.55, 1.60,1.6,1.6,1966455,31.44,350, -, -
UNITEDTEA, EQ, 11-May-2021,329.0,324.25,337.0,317.3, 327.10,328.75,332.88,6768,22.53,241, 4830, 71.37
UNIVASTU, EQ, 11-May-2021,38.65,39.0,39.45,37.6, 39.15,39.0,38.8,2919,1.13,71, 1970, 67.49
UNIVCABLES, EQ, 11-May-2021,156.25,156.0,158.2,148.8, 151.80,151.5,153.57,74828,114.91,2611, 42044, 56.19
UNIVPHOTO, EQ, 11-May-2021,191.7,187.0,197.0,187.0, 187.10,188.5,189.77,2122,4.03,110, 1707, 80.44
UPL, EQ, 11-May-2021,674.6,673.0,688.45,667.9, 683.25,684.35,679.57,14135052,96057.33,167627, 1150452, 8.14
URJA, EQ, 11-May-2021,6.2,6.3,6.5,6.2, 6.50,6.5,6.46,2405129,155.42,3745, 1449670, 60.27
URJAPP, X1, 11-May-2021,1.85,1.85,1.9,1.8, 1.85,1.9,1.88,88385,1.66,88, 83196, 94.13
USHAMART, EQ, 11-May-2021,53.85,52.5,54.6,51.5, 53.05,52.9,53.2,2240219,1191.84,8832, 966150, 43.13
UTIAMC, EQ, 11-May-2021,714.75,710.0,713.4,701.1, 710.90,709.25,708.37,125998,892.54,6310, 69498, 55.16
UTIBANKETF, EQ, 11-May-2021,33.06,32.99,33.24,32.33, 32.80,32.77,32.94,8335,2.75,147, 6726, 80.70
UTINEXT50, EQ, 11-May-2021,36.49,36.98,37.2,36.3, 37.00,37.01,36.91,13433,4.96,125, 11603, 86.38
UTINIFTETF, EQ, 11-May-2021,1549.98,1538.95,1556.1,1538.95, 1539.55,1539.78,1548.25,676,10.47,38, 360, 53.25
UTISENSETF, EQ, 11-May-2021,517.68,519.99,519.99,511.0, 517.44,513.9,515.48,482,2.48,62, 377, 78.22
UTISXN50, EQ, 11-May-2021,40.09,41.29,41.9,39.4, 41.00,41.0,40.72,6666,2.71,95, 5100, 76.51
UTTAMSTL, EQ, 11-May-2021,9.4,9.0,9.8,8.95, 9.05,9.2,9.44,2185880,206.4,4168, 1324086, 60.57
UTTAMSUGAR, EQ, 11-May-2021,157.45,157.0,163.65,151.4, 153.45,154.15,157.27,717063,1127.73,10860, 300744, 41.94
UWCSL, SM, 11-May-2021,27.65,26.35,26.35,26.35, 26.35,26.35,26.35,8000,2.11,2, 8000, 100.00
V2RETAIL, EQ, 11-May-2021,104.7,103.7,109.0,102.0, 107.50,107.85,105.91,86437,91.55,1789, 44778, 51.80
VADILALIND, EQ, 11-May-2021,988.95,988.0,1005.0,972.65, 997.00,991.35,989.98,10346,102.42,1195, 4572, 44.19
VAIBHAVGBL, EQ, 11-May-2021,974.1,956.25,960.0,922.65, 932.95,935.3,938.22,138237,1296.97,10909, 72891, 52.73
VAISHALI, EQ, 11-May-2021,41.7,42.25,42.4,40.95, 41.00,41.15,41.65,105413,43.9,807, 83948, 79.64
VAKRANGEE, EQ, 11-May-2021,50.05,50.0,50.25,49.25, 49.95,49.75,49.68,1963240,975.33,5135, 1423285, 72.50
VALIANTORG, EQ, 11-May-2021,1583.95,1610.0,1764.15,1601.0, 1730.00,1723.15,1706.48,530326,9049.91,32673, 160086, 30.19
VARDHACRLC, EQ, 11-May-2021,45.65,45.0,47.9,43.0, 46.00,46.3,45.95,277284,127.42,1927, 184193, 66.43
VARDMNPOLY, EQ, 11-May-2021,18.25,18.0,18.8,18.0, 18.60,18.4,18.31,58946,10.79,543, 41525, 70.45
VARROC, EQ, 11-May-2021,385.05,385.9,389.9,380.0, 384.00,381.3,383.54,63272,242.67,2992, 28804, 45.52
VASCONEQ, EQ, 11-May-2021,15.85,15.8,16.0,15.5, 15.55,15.65,15.74,219984,34.63,898, 157995, 71.82
VASWANI, EQ, 11-May-2021,14.5,15.0,15.2,14.75, 15.20,15.2,15.12,191996,29.02,501, 165842, 86.38
VBL, EQ, 11-May-2021,985.2,985.0,1002.0,983.2, 992.85,992.8,994.58,131403,1306.9,7836, 42224, 32.13
VCL, SM, 11-May-2021,42.0,42.2,42.2,42.2, 42.20,42.2,42.2,6000,2.53,1, 6000, 100.00
VEDL, EQ, 11-May-2021,293.85,288.2,295.75,282.2, 289.45,288.6,290.95,18065603,52561.04,119763, 5711100, 31.61
VENKEYS, EQ, 11-May-2021,1685.15,1679.0,1800.0,1665.0, 1795.00,1776.95,1742.11,495700,8635.65,35428, 153665, 31.00
VENUSREM, EQ, 11-May-2021,325.9,326.0,330.7,312.05, 318.50,317.5,319.16,89515,285.69,1725, 53314, 59.56
VERTOZ, EQ, 11-May-2021,241.85,241.0,245.0,239.0, 242.00,240.3,240.98,128410,309.44,3138, 45983, 35.81
VESUVIUS, EQ, 11-May-2021,1035.15,1034.95,1046.85,1002.3, 1008.00,1009.9,1021.69,10124,103.44,1412, 6861, 67.77
VETO, EQ, 11-May-2021,125.7,125.05,125.05,122.5, 124.55,123.85,123.34,14447,17.82,564, 11385, 78.81
VGUARD, EQ, 11-May-2021,224.8,222.7,227.8,221.95, 223.30,223.05,225.11,391972,882.39,14374, 175565, 44.79
VHL, EQ, 11-May-2021,1765.85,1759.95,1947.0,1750.2, 1880.00,1915.1,1829.39,5551,101.55,522, 4650, 83.77
VICEROY, BE, 11-May-2021,2.2,2.3,2.3,2.15, 2.30,2.3,2.25,58861,1.32,80, -, -
VIDEOIND, BZ, 11-May-2021,4.1,4.25,4.3,4.1, 4.30,4.3,4.29,185232,7.95,193, -, -
VIDHIING, EQ, 11-May-2021,199.1,201.0,207.75,198.1, 205.15,205.7,204.13,123903,252.92,4386, 71381, 57.61
VIJIFIN, BE, 11-May-2021,1.05,1.0,1.0,1.0, 1.00,1.0,1.0,100202,1.0,198, -, -
VIKASECO, EQ, 11-May-2021,1.95,1.95,2.1,1.9, 2.10,2.1,2.02,6039115,122.07,1728, 4101631, 67.92
VIKASLIFE, EQ, 11-May-2021,3.35,3.4,3.5,3.35, 3.50,3.5,3.47,2380118,82.68,1074, 1530508, 64.30
VIKASPROP, EQ, 11-May-2021,2.2,2.2,2.3,2.15, 2.25,2.25,2.23,2136194,47.68,927, 1519485, 71.13
VIKASWSP, EQ, 11-May-2021,6.1,6.15,6.4,5.95, 6.00,6.05,6.27,1910228,119.83,1254, 1412242, 73.93
VIMTALABS, EQ, 11-May-2021,254.45,256.0,267.5,248.7, 253.00,254.55,259.46,355299,921.87,7476, 145022, 40.82
VINATIORGA, EQ, 11-May-2021,1706.25,1690.1,1739.75,1690.1, 1729.00,1724.0,1727.21,60941,1052.58,6206, 20089, 32.96
VINDHYATEL, EQ, 11-May-2021,849.6,848.0,859.8,840.05, 855.00,856.75,849.57,8815,74.89,827, 4581, 51.97
VINYLINDIA, EQ, 11-May-2021,152.8,150.6,163.0,146.0, 151.15,152.3,155.64,1060008,1649.84,23847, 335591, 31.66
VIPCLOTHNG, EQ, 11-May-2021,14.2,14.2,14.8,14.0, 14.25,14.3,14.37,191960,27.59,683, 135272, 70.47
VIPIND, EQ, 11-May-2021,330.7,330.0,339.95,330.0, 333.10,333.8,336.31,218915,736.23,7944, 62155, 28.39
VIPULLTD, EQ, 11-May-2021,24.7,24.6,25.9,24.05, 24.05,24.45,25.17,13748,3.46,124, 11206, 81.51
VISAKAIND, EQ, 11-May-2021,622.5,619.0,628.95,611.0, 613.55,615.55,618.48,71545,442.49,4694, 24511, 34.26
VISASTEEL, EQ, 11-May-2021,10.2,10.7,10.7,10.7, 10.70,10.7,10.7,27082,2.9,35, 27082, 100.00
VISHAL, EQ, 11-May-2021,48.45,48.25,48.65,46.85, 47.85,47.7,47.65,40144,19.13,582, 24773, 61.71
VISHNU, EQ, 11-May-2021,317.55,317.35,329.0,313.25, 329.00,325.5,322.0,36829,118.59,1229, 19909, 54.06
VISHWARAJ, EQ, 11-May-2021,124.7,125.0,128.05,123.6, 124.50,125.8,125.63,64789,81.39,1257, 28783, 44.43
VIVIDHA, EQ, 11-May-2021,0.7,0.75,0.75,0.7, 0.75,0.7,0.72,1146024,8.2,275, 915625, 79.90
VIVIMEDLAB, BE, 11-May-2021,28.35,29.75,29.75,29.75, 29.75,29.75,29.75,144000,42.84,322, -, -
VLSFINANCE, EQ, 11-May-2021,101.25,99.95,103.75,98.0, 98.00,98.6,99.88,174193,173.99,4069, 115956, 66.57
VMARCIND, SM, 11-May-2021,39.9,38.0,39.75,38.0, 38.40,38.4,38.9,21000,8.17,7, 12000, 57.14
VMART, EQ, 11-May-2021,2708.0,2721.55,2749.9,2682.0, 2692.00,2707.7,2706.34,8747,236.72,2455, 2937, 33.58
VOLTAMP, EQ, 11-May-2021,1150.95,1149.95,1192.3,1143.25, 1179.90,1176.15,1173.69,27668,324.74,2574, 17490, 63.21
VOLTAS, EQ, 11-May-2021,967.9,961.0,1015.65,961.0, 1010.00,1010.25,996.36,4308932,42932.36,121724, 1240151, 28.78
VRLLOG, EQ, 11-May-2021,216.4,216.25,220.05,215.0, 220.00,217.7,217.83,84891,184.92,2527, 37861, 44.60
VSSL, EQ, 11-May-2021,199.6,196.9,204.0,192.95, 201.50,200.7,197.64,87200,172.35,2773, 54858, 62.91
VSTIND, EQ, 11-May-2021,3173.6,3189.5,3222.0,3170.0, 3208.00,3188.75,3198.58,6523,208.64,1344, 4422, 67.79
VSTTILLERS, EQ, 11-May-2021,1816.55,1825.0,1836.0,1775.0, 1800.00,1803.1,1810.1,5315,96.21,828, 3283, 61.77
VTL, EQ, 11-May-2021,1308.55,1302.0,1350.0,1302.0, 1320.00,1323.25,1336.82,189056,2527.33,7490, 142688, 75.47
WABAG, EQ, 11-May-2021,266.4,267.75,279.0,264.5, 272.00,272.65,272.22,1212082,3299.55,22056, 380770, 31.41
WABCOINDIA, EQ, 11-May-2021,6978.65,6960.0,7000.0,6851.0, 6940.00,6899.15,6940.51,3032,210.44,1580, 1373, 45.28
WALCHANNAG, EQ, 11-May-2021,64.5,63.1,65.9,63.1, 65.15,65.35,65.08,196725,128.03,2741, 99469, 50.56
WANBURY, BE, 11-May-2021,101.45,100.05,103.5,99.7, 100.00,100.15,100.89,35037,35.35,174, -, -
WATERBASE, EQ, 11-May-2021,118.65,117.0,118.5,115.55, 116.00,116.3,116.9,211258,246.95,3878, 75154, 35.57
WEALTH, BE, 11-May-2021,128.0,121.9,121.9,121.9, 121.90,121.9,121.9,4,0.0,1, -, -
WEBELSOLAR, EQ, 11-May-2021,42.4,43.0,43.0,41.1, 41.70,41.85,42.12,135030,56.87,625, 99019, 73.33
WEIZMANIND, EQ, 11-May-2021,45.85,45.85,50.4,45.85, 50.40,49.35,48.16,38393,18.49,631, 23923, 62.31
WELCORP, EQ, 11-May-2021,147.9,146.7,149.2,145.25, 146.85,146.65,147.18,786340,1157.32,11997, 394802, 50.21
WELENT, EQ, 11-May-2021,106.05,105.7,110.0,104.5, 107.60,107.15,107.15,305930,327.81,7383, 165550, 54.11
WELINV, EQ, 11-May-2021,401.0,403.05,405.0,388.85, 390.00,395.1,395.72,1743,6.9,622, 161, 9.24
WELSPUNIND, EQ, 11-May-2021,96.45,95.95,97.95,91.5, 93.75,93.6,95.25,2679553,2552.29,18448, 1100174, 41.06
WENDT, EQ, 11-May-2021,3314.7,3308.25,3440.0,3300.75, 3399.95,3371.85,3386.75,2478,83.92,507, 1855, 74.86
WESTLIFE, EQ, 11-May-2021,421.75,423.0,429.0,419.05, 425.00,426.25,424.88,44681,189.84,2158, 22423, 50.18
WHEELS, EQ, 11-May-2021,478.85,469.95,482.7,466.85, 473.00,471.75,475.06,12337,58.61,918, 6564, 53.21
WHIRLPOOL, EQ, 11-May-2021,2135.0,2135.0,2159.9,2103.05, 2159.00,2145.25,2144.35,42979,921.62,5717, 19114, 44.47
WILLAMAGOR, EQ, 11-May-2021,17.65,17.4,17.95,17.0, 17.05,17.3,17.43,36870,6.43,323, 26750, 72.55
WINDMACHIN, EQ, 11-May-2021,29.5,28.95,29.85,28.95, 29.05,29.05,29.19,62322,18.19,387, 39885, 64.00
WIPL, BE, 11-May-2021,58.0,57.5,57.5,57.5, 57.50,57.5,57.5,500,0.29,3, -, -
WIPRO, EQ, 11-May-2021,525.95,517.95,523.3,514.05, 521.75,518.4,517.71,7649499,39602.35,143466, 2637998, 34.49
WOCKPHARMA, EQ, 11-May-2021,597.05,591.4,631.0,585.0, 619.80,621.1,612.59,3844485,23551.02,73506, 628768, 16.36
WONDERLA, EQ, 11-May-2021,186.45,181.0,188.0,181.0, 186.00,186.3,185.28,43627,80.83,1934, 21258, 48.73
WORTH, EQ, 11-May-2021,55.6,55.3,57.5,54.15, 57.50,56.8,56.21,10904,6.13,114, 7972, 73.11
WSI, BE, 11-May-2021,4.5,4.7,4.7,4.45, 4.70,4.6,4.63,8001,0.37,19, -, -
WSTCSTPAPR, EQ, 11-May-2021,215.25,212.5,219.1,211.55, 212.00,212.6,215.39,159777,344.14,3678, 81065, 50.74
XCHANGING, EQ, 11-May-2021,69.75,69.75,73.0,69.25, 72.15,72.65,71.92,292367,210.26,3265, 182902, 62.56
XELPMOC, EQ, 11-May-2021,299.8,299.55,313.8,288.0, 307.40,306.2,303.16,60949,184.77,3530, 26109, 42.84
XPROINDIA, BE, 11-May-2021,125.6,120.5,124.95,120.0, 121.00,121.35,122.04,20310,24.79,314, -, -
YAARII, EQ, 11-May-2021,90.3,88.4,94.7,86.85, 92.85,92.9,92.25,571139,526.9,4366, 257273, 45.05
YESBANK, EQ, 11-May-2021,13.1,13.1,13.4,13.0, 13.15,13.15,13.18,141571542,18660.33,86726, 52881506, 37.35
ZEEL, EQ, 11-May-2021,189.0,188.0,189.8,185.05, 186.00,186.85,187.34,9111997,17070.1,57669, 1838242, 20.17
ZEEL, P2, 11-May-2021,1.95,1.9,1.95,1.9, 1.95,1.95,1.93,12048,0.23,27, 12048, 100.00
ZEELEARN, EQ, 11-May-2021,11.05,11.0,11.45,10.75, 11.40,11.2,11.05,976975,107.92,1460, 518050, 53.03
ZEEMEDIA, EQ, 11-May-2021,8.1,7.95,8.25,7.7, 8.10,8.2,8.0,3906737,312.65,3629, 2820308, 72.19
ZENITHEXPO, EQ, 11-May-2021,66.5,69.25,72.5,65.5, 68.70,68.3,68.02,4500,3.06,80, 2026, 45.02
ZENITHSTL, BE, 11-May-2021,1.15,1.1,1.2,1.1, 1.20,1.2,1.14,90237,1.03,80, -, -
ZENSARTECH, EQ, 11-May-2021,270.9,268.0,273.35,264.45, 268.90,267.9,268.93,124572,335.01,3918, 67224, 53.96
ZENTEC, EQ, 11-May-2021,73.7,73.0,73.65,72.55, 72.80,72.8,72.98,159247,116.22,2218, 107547, 67.53
ZODIAC, SM, 11-May-2021,18.8,19.15,19.15,19.15, 19.15,19.15,19.15,8000,1.53,2, 0, 0.00
ZODIACLOTH, EQ, 11-May-2021,95.25,96.0,96.75,91.1, 91.95,92.6,93.18,51806,48.27,938, 30950, 59.74
ZODJRDMKJ, EQ, 11-May-2021,26.4,26.45,27.4,26.4, 26.40,26.4,26.51,1636,0.43,50, 1554, 94.99
ZOTA, EQ, 11-May-2021,153.25,155.0,155.0,149.45, 152.95,152.25,152.61,8050,12.28,190, 4432, 55.06
ZUARI, EQ, 11-May-2021,88.55,88.65,98.7,88.6, 92.95,92.8,94.05,682651,642.04,8962, 277321, 40.62
ZUARIGLOB, EQ, 11-May-2021,82.05,82.5,86.15,81.95, 86.15,86.15,85.39,100672,85.96,696, 92699, 92.08
ZYDUSWELL, EQ, 11-May-2021,2108.85,2110.0,2155.0,2100.05, 2109.90,2110.65,2125.42,117713,2501.9,8004, 44376, 37.70
